shot,ageSeconds,x,y,z
1,0,0.17474365234375,0.946044921875,0.90679931640625
1,0.0083333333333333332,0.20196533203125,0.95013427734375,1.80487060546875
1,0.016666666666666666,0.22918701171875,0.9542236328125,2.7030029296875
1,0.025,0.25634765625,0.95831298828125,3.60107421875
1,0.033333333333333333,0.2835693359375,0.96246337890625,4.49920654296875
1,0.041666666666666664,0.310791015625,0.966552734375,5.39727783203125
1,0.049999999999999996,0.3380126953125,0.97064208984375,6.29534912109375
1,0.058333333333333327,0.365234375,0.9747314453125,7.1934814453125
2,0,0.17474365234375,0.946044921875,0.90679931640625
1,0.066666666666666666,0.39239501953125,0.97882080078125,8.091552734375
2,0.0083333333333333315,0.22808837890625,0.95782470703125,1.7972412109375
1,0.075,0.41961669921875,0.98291015625,8.9896240234375
2,0.016666666666666663,0.281494140625,0.9696044921875,2.6876220703125
1,0.083333333333333329,0.44683837890625,0.987060546875,9.88775634765625
2,0.024999999999999994,0.3348388671875,0.98138427734375,3.57806396484375
1,0.09166666666666666,0.47406005859375,0.99114990234375,10.78582763671875
2,0.033333333333333326,0.38818359375,0.9931640625,4.468505859375
1,0.099999999999999992,0.501220703125,0.9952392578125,11.6839599609375
2,0.041666666666666657,0.44158935546875,1.00494384765625,5.35894775390625
1,0.10833333333333332,0.5284423828125,0.99932861328125,12.58203125
2,0.049999999999999989,0.49493408203125,1.0167236328125,6.24932861328125
1,0.11666666666666665,0.5556640625,1.00341796875,13.4801025390625
2,0.05833333333333332,0.54833984375,1.02850341796875,7.1397705078125
1,0.12499999999999999,0.5828857421875,1.00750732421875,14.37823486328125
3,0,0.17474365234375,0.946044921875,0.90679931640625
2,0.066666666666666666,0.6016845703125,1.040283203125,8.03021240234375
1,0.13333333333333333,0.610107421875,1.01165771484375,15.27630615234375
3,0.0083333333333333315,0.17523193359375,0.96209716796875,1.83709716796875
2,0.075,0.655029296875,1.05206298828125,8.92059326171875
1,0.14166666666666666,0.63653564453125,1.01409912109375,16.149169921875
3,0.016666666666666663,0.1756591796875,0.97808837890625,2.7674560546875
2,0.083333333333333329,0.70843505859375,1.0638427734375,9.81103515625
1,0.15,0.66143798828125,1.01336669921875,16.971435546875
3,0.024999999999999994,0.1761474609375,0.994140625,3.69775390625
2,0.09166666666666666,0.76177978515625,1.07562255859375,10.70147705078125
1,0.15833333333333333,0.684814453125,1.0093994140625,17.7432861328125
3,0.033333333333333326,0.1766357421875,1.0101318359375,4.6280517578125
2,0.099999999999999992,0.81512451171875,1.08740234375,11.5919189453125
1,0.16666666666666666,0.7066650390625,1.002197265625,18.46453857421875
3,0.041666666666666657,0.17706298828125,1.02618408203125,5.55841064453125
2,0.10833333333333332,0.8685302734375,1.09918212890625,12.4822998046875
1,0.175,0.72698974609375,0.9918212890625,19.13531494140625
3,0.049999999999999989,0.17755126953125,1.04217529296875,6.48870849609375
2,0.11666666666666665,0.921875,1.1109619140625,13.37274169921875
1,0.18333333333333332,0.74578857421875,0.97821044921875,19.75555419921875
3,0.05833333333333332,0.177978515625,1.0582275390625,7.4190673828125
2,0.12499999999999999,0.9752197265625,1.12274169921875,14.26318359375
1,0.19166666666666665,0.7630615234375,0.9613037109375,20.32525634765625
4,0,0.17474365234375,0.946044921875,0.90679931640625
3,0.066666666666666652,0.178466796875,1.07421875,8.349365234375
2,0.1333333333333333,1.02862548828125,1.134521484375,15.153564453125
1,0.19999999999999998,0.77880859375,0.94122314453125,20.844482421875
4,0.0083333333333333315,0.19085693359375,0.9744873046875,1.79638671875
3,0.074999999999999983,0.178955078125,1.09027099609375,9.2796630859375
2,0.14166666666666666,1.08050537109375,1.1444091796875,16.01898193359375
1,0.20833333333333331,0.79296875,0.9178466796875,21.31317138671875
4,0.016666666666666663,0.2069091796875,1.00286865234375,2.6859130859375
3,0.083333333333333315,0.17938232421875,1.1063232421875,10.21002197265625
2,0.14999999999999997,1.12933349609375,1.1507568359375,16.83428955078125
1,0.21666666666666665,0.8056640625,0.89129638671875,21.73138427734375
4,0.024999999999999994,0.2230224609375,1.03131103515625,3.57550048828125
3,0.091666666666666646,0.17987060546875,1.122314453125,11.14031982421875
2,0.15833333333333333,1.17523193359375,1.15338134765625,17.5994873046875
1,0.22499999999999998,0.8167724609375,0.861572265625,22.0989990234375
4,0.033333333333333326,0.23907470703125,1.0596923828125,4.46502685546875
3,0.099999999999999978,0.18035888671875,1.13836669921875,12.07061767578125
2,0.16666666666666663,1.21807861328125,1.15234375,18.3145751953125
1,0.23333333333333331,0.826416015625,0.82861328125,22.4161376953125
4,0.041666666666666657,0.25518798828125,1.088134765625,5.3546142578125
3,0.10833333333333331,0.1807861328125,1.15435791015625,13.0009765625
2,0.175,1.2579345703125,1.147705078125,18.9796142578125
1,0.24166666666666664,0.83447265625,0.7923583984375,22.68280029296875
4,0.049999999999999989,0.271240234375,1.1165771484375,6.244140625
3,0.11666666666666664,0.1812744140625,1.17041015625,13.9312744140625
2,0.18333333333333329,1.2947998046875,1.13934326171875,19.5946044921875
1,0.24999999999999997,0.84100341796875,0.7529296875,22.89886474609375
4,0.058333333333333348,0.287353515625,1.14495849609375,7.13372802734375
3,0.12499999999999997,0.18170166015625,1.1864013671875,14.86163330078125
2,0.19166666666666665,1.32861328125,1.12738037109375,20.159423828125
1,0.2583333333333333,0.8460693359375,0.710205078125,23.064453125
5,0,0.17474365234375,0.946044921875,0.90679931640625
4,0.066666666666666707,0.30340576171875,1.17340087890625,8.02325439453125
3,0.13333333333333333,0.18218994140625,1.20245361328125,15.79193115234375
2,0.2,1.3594970703125,1.1116943359375,20.6741943359375
1,0.26666666666666666,0.84954833984375,0.664306640625,23.1795654296875
5,0.00833333333333336,0.14141845703125,0.92694091796875,1.837646484375
4,0.075000000000000067,0.31951904296875,1.20184326171875,8.912841796875
3,0.14166666666666669,0.1826171875,1.21649169921875,16.69610595703125
2,0.20833333333333337,1.3873291015625,1.09234619140625,21.138916015625
1,0.275,0.85223388671875,0.615234375,23.26934814453125
5,0.016666666666666718,0.10809326171875,0.90777587890625,2.76849365234375
4,0.083333333333333426,0.3355712890625,1.230224609375,9.8023681640625
3,0.15000000000000005,0.18304443359375,1.2266845703125,17.54791259765625
2,0.21666666666666673,1.41217041015625,1.06939697265625,21.55352783203125
1,0.28333333333333338,0.85498046875,0.56329345703125,23.359130859375
5,0.025000000000000078,0.07470703125,0.888671875,3.6993408203125
4,0.091666666666666785,0.3516845703125,1.2586669921875,10.69195556640625
3,0.15833333333333341,0.1834716796875,1.23297119140625,18.347412109375
2,0.22500000000000009,1.43402099609375,1.04278564453125,21.91802978515625
1,0.29166666666666674,0.857666015625,0.50830078125,23.448974609375
5,0.033333333333333437,0.0413818359375,0.86956787109375,4.63018798828125
4,0.10000000000000014,0.36773681640625,1.28704833984375,11.58148193359375
3,0.16666666666666677,0.183837890625,1.2353515625,19.09454345703125
2,0.23333333333333345,1.452880859375,1.01251220703125,22.23248291015625
1,0.3000000000000001,0.86041259765625,0.4503173828125,23.53875732421875
5,0.041666666666666796,0.008056640625,0.85040283203125,5.56109619140625
4,0.1083333333333335,0.38385009765625,1.31549072265625,12.4710693359375
3,0.17500000000000013,0.1842041015625,1.23388671875,19.78936767578125
2,0.24166666666666681,1.46875,0.978515625,22.496826171875
1,0.30833333333333346,0.8631591796875,0.3892822265625,23.62860107421875
5,0.050000000000000155,-0.0252685546875,0.831298828125,6.491943359375
4,0.11666666666666686,0.39990234375,1.34393310546875,13.360595703125
3,0.18333333333333349,0.18450927734375,1.22845458984375,20.431884765625
2,0.25000000000000017,1.4815673828125,0.94097900390625,22.7110595703125
1,0.31666666666666682,0.8658447265625,0.3253173828125,23.7183837890625
5,0.058333333333333515,-0.05865478515625,0.81219482421875,7.42279052734375
4,0.12500000000000022,0.416015625,1.372314453125,14.25018310546875
3,0.19166666666666685,0.184814453125,1.21917724609375,21.0220947265625
2,0.25833333333333353,1.49139404296875,0.899658203125,22.875244140625
1,0.32500000000000018,0.86859130859375,0.25830078125,23.8082275390625
6,0,0.17474365234375,0.946044921875,0.90679931640625
5,0.066666666666666874,-0.09197998046875,0.79302978515625,8.3536376953125
4,0.13333333333333358,0.43206787109375,1.4007568359375,15.13970947265625
3,0.20000000000000021,0.18505859375,1.20599365234375,21.5599365234375
2,0.26666666666666689,1.49822998046875,0.854736328125,22.98931884765625
1,0.33333333333333354,0.87127685546875,0.18829345703125,23.89801025390625
6,0.00833333333333336,0.18572998046875,0.9573974609375,1.808349609375
5,0.075000000000000233,-0.12530517578125,0.77392578125,9.28448486328125
4,0.14166666666666694,0.44769287109375,1.42681884765625,16.0042724609375
3,0.20833333333333356,0.185302734375,1.1888427734375,22.04541015625
2,0.27500000000000024,1.50360107421875,0.80645751953125,23.078369140625
1,0.33773349320100593,0.87274169921875,0,23.9454345703125
6,0.016666666666666718,0.19671630859375,0.96875,2.70989990234375
5,0.083333333333333592,-0.15863037109375,0.75482177734375,10.21533203125
4,0.1500000000000003,0.46240234375,1.44842529296875,16.81878662109375
3,0.21666666666666692,0.185546875,1.1678466796875,22.47857666015625
2,0.2833333333333336,1.5089111328125,0.75531005859375,23.16741943359375
6,0.025000000000000078,0.207763671875,0.98004150390625,3.61151123046875
5,0.091666666666666952,-0.19195556640625,0.7357177734375,11.14617919921875
4,0.15833333333333366,0.47625732421875,1.46533203125,17.583251953125
3,0.22500000000000028,0.18572998046875,1.1429443359375,22.85943603515625
2,0.29166666666666696,1.5142822265625,0.7010498046875,23.2564697265625
6,0.033333333333333437,0.21875,0.99139404296875,4.5130615234375
5,0.10000000000000031,-0.225341796875,0.716552734375,12.0770263671875
4,0.16666666666666702,0.48919677734375,1.4776611328125,18.29766845703125
3,0.23333333333333364,0.1859130859375,1.11419677734375,23.18798828125
2,0.30000000000000032,1.51959228515625,0.643798828125,23.34552001953125
6,0.041666666666666796,0.229736328125,1.00274658203125,5.41461181640625
5,0.10833333333333367,-0.2586669921875,0.69744873046875,13.0079345703125
4,0.17500000000000038,0.50115966796875,1.4854736328125,18.9620361328125
3,0.241666666666667,0.18603515625,1.08148193359375,23.46417236328125
2,0.30833333333333368,1.52490234375,0.58355712890625,23.4345703125
6,0.050000000000000155,0.24072265625,1.01409912109375,6.316162109375
5,0.11666666666666703,-0.2919921875,0.6783447265625,13.93878173828125
4,0.18333333333333374,0.51226806640625,1.48858642578125,19.576416015625
3,0.25000000000000033,0.1861572265625,1.044921875,23.68804931640625
2,0.31666666666666704,1.5302734375,0.5203857421875,23.5235595703125
6,0.058333333333333515,0.25177001953125,1.025390625,7.2177734375
5,0.12500000000000039,-0.3253173828125,0.6591796875,14.86962890625
4,0.1916666666666671,0.52252197265625,1.4871826171875,20.1407470703125
3,0.25833333333333375,0.18621826171875,1.00445556640625,23.85955810546875
2,0.3250000000000004,1.53558349609375,0.4541015625,23.61260986328125
7,0,0.17474365234375,0.946044921875,0.90679931640625
6,0.066666666666666874,0.26275634765625,1.0367431640625,8.11932373046875
5,0.13333333333333375,-0.35870361328125,0.64007568359375,15.80047607421875
4,0.20000000000000046,0.53179931640625,1.48114013671875,20.65496826171875
3,0.26666666666666705,0.186279296875,0.96002197265625,23.978759765625
2,0.33333333333333376,1.54095458984375,0.3848876953125,23.70166015625
7,0.00833333333333336,0.1898193359375,0.95831298828125,1.7939453125
6,0.075000000000000233,0.27374267578125,1.048095703125,9.0208740234375
5,0.14166666666666711,-0.39105224609375,0.61993408203125,16.70513916015625
4,0.20833333333333381,0.5401611328125,1.470458984375,21.1192626953125
3,0.27500000000000047,0.18634033203125,0.9122314453125,24.07177734375
2,0.34166666666666712,1.5462646484375,0.312744140625,23.79071044921875
7,0.016666666666666718,0.20489501953125,0.9705810546875,2.68109130859375
6,0.083333333333333592,0.28472900390625,1.0594482421875,9.92242431640625
5,0.15000000000000047,-0.421630859375,0.5980224609375,17.55743408203125
4,0.21666666666666717,0.54766845703125,1.45526123046875,21.533447265625
3,0.28333333333333377,0.1864013671875,0.8614501953125,24.164794921875
2,0.35000000000000048,1.5516357421875,0.23748779296875,23.8797607421875
7,0.025000000000000078,0.219970703125,0.98284912109375,3.5682373046875
6,0.091666666666666952,0.29571533203125,1.07073974609375,10.823974609375
5,0.15833333333333383,-0.45025634765625,0.57403564453125,18.357421875
4,0.22500000000000053,0.55426025390625,1.4354248046875,21.8975830078125
3,0.29166666666666718,0.1864013671875,0.8076171875,24.2578125
2,0.35833333333333384,1.55694580078125,0.1593017578125,23.96881103515625
7,0.033333333333333437,0.23504638671875,0.9951171875,4.4554443359375
6,0.10000000000000031,0.3067626953125,1.08209228515625,11.7255859375
5,0.16666666666666718,-0.47705078125,0.5482177734375,19.10498046875
4,0.23333333333333389,0.5599365234375,1.41107177734375,22.21173095703125
3,0.30000000000000049,0.18646240234375,0.75079345703125,24.350830078125
2,0.35931066987265109,1.55755615234375,0,23.979248046875
7,0.041666666666666796,0.2501220703125,1.0074462890625,5.34259033203125
6,0.10833333333333367,0.3177490234375,1.09344482421875,12.62713623046875
5,0.17500000000000054,-0.501953125,0.5205078125,19.80023193359375
4,0.24166666666666725,0.564697265625,1.38201904296875,22.475830078125
3,0.3083333333333339,0.1865234375,0.6910400390625,24.44384765625
7,0.050000000000000155,0.2652587890625,1.01971435546875,6.229736328125
6,0.11666666666666703,0.3287353515625,1.10479736328125,13.5286865234375
5,0.1833333333333339,-0.52496337890625,0.49078369140625,20.443115234375
4,0.25000000000000061,0.568603515625,1.34844970703125,22.68988037109375
3,0.31666666666666721,0.18658447265625,0.62823486328125,24.5369873046875
7,0.058333333333333515,0.28033447265625,1.031982421875,7.11688232421875
6,0.12500000000000039,0.3397216796875,1.1160888671875,14.43023681640625
5,0.19166666666666726,-0.54608154296875,0.459228515625,21.03363037109375
4,0.25833333333333397,0.571533203125,1.31024169921875,22.8538818359375
3,0.32500000000000062,0.18658447265625,0.5623779296875,24.6300048828125
8,0,0.17474365234375,0.946044921875,0.90679931640625
7,0.066666666666666874,0.29541015625,1.04425048828125,8.0040283203125
6,0.13333333333333375,0.3507080078125,1.12744140625,15.331787109375
5,0.20000000000000062,-0.56536865234375,0.4256591796875,21.57177734375
4,0.26666666666666733,0.5736083984375,1.26739501953125,22.96783447265625
3,0.33333333333333393,0.1866455078125,0.49359130859375,24.7230224609375
8,0.00833333333333336,0.2080078125,0.93182373046875,1.7740478515625
7,0.075000000000000233,0.31048583984375,1.0565185546875,8.8912353515625
6,0.14166666666666711,0.3614501953125,1.136962890625,16.2080078125
5,0.20833333333333398,-0.582763671875,0.39019775390625,22.05755615234375
4,0.27500000000000069,0.5751953125,1.2208251953125,23.05682373046875
3,0.34166666666666734,0.18670654296875,0.421875,24.8160400390625
8,0.016666666666666718,0.24127197265625,0.91766357421875,2.6412353515625
7,0.083333333333333592,0.3255615234375,1.06878662109375,9.77838134765625
6,0.15000000000000047,0.37152099609375,1.14288330078125,17.03350830078125
5,0.21666666666666734,-0.59832763671875,0.35284423828125,22.490966796875
4,0.28333333333333405,0.57684326171875,1.17132568359375,23.145751953125
3,0.35000000000000064,0.186767578125,0.3470458984375,24.9090576171875
8,0.025000000000000078,0.2745361328125,0.9034423828125,3.50848388671875
7,0.091666666666666952,0.34063720703125,1.0810546875,10.66552734375
6,0.15833333333333383,0.38092041015625,1.14508056640625,17.80828857421875
5,0.2250000000000007,-0.6119384765625,0.3135986328125,22.8720703125
4,0.29166666666666741,0.57843017578125,1.11871337890625,23.2347412109375
3,0.35833333333333406,0.186767578125,0.269287109375,25.0020751953125
8,0.033333333333333381,0.30780029296875,0.8892822265625,4.375732421875
7,0.10000000000000026,0.355712890625,1.09332275390625,11.55267333984375
6,0.16666666666666713,0.3897705078125,1.1436767578125,18.5323486328125
5,0.233333333333334,-0.62371826171875,0.27239990234375,23.20074462890625
4,0.30000000000000077,0.58001708984375,1.06317138671875,23.32366943359375
3,0.36666666666666736,0.18682861328125,0.1884765625,25.0950927734375
8,0.041666666666666685,0.341064453125,0.87506103515625,5.24298095703125
7,0.10833333333333356,0.37078857421875,1.10565185546875,12.4398193359375
6,0.17500000000000043,0.39801025390625,1.13873291015625,19.20574951171875
5,0.24166666666666731,-0.63360595703125,0.229248046875,23.47711181640625
4,0.30833333333333407,0.5816650390625,1.00457763671875,23.41259765625
3,0.37051738900626768,0.18682861328125,0,25.1380615234375
8,0.049999999999999989,0.3743896484375,0.86090087890625,6.11016845703125
7,0.11666666666666686,0.3858642578125,1.117919921875,13.32696533203125
6,0.18333333333333374,0.40557861328125,1.13006591796875,19.828369140625
5,0.25000000000000061,-0.64166259765625,0.18426513671875,23.70111083984375
4,0.31666666666666737,0.583251953125,0.94305419921875,23.5015869140625
8,0.058333333333333293,0.40765380859375,0.8466796875,6.9774169921875
7,0.12500000000000017,0.40093994140625,1.13018798828125,14.214111328125
6,0.19166666666666704,0.41259765625,1.1177978515625,20.4002685546875
5,0.25611453362460557,-0.6461181640625,0,23.8270263671875
4,0.32500000000000068,0.5848388671875,0.87841796875,23.59051513671875
9,0,0.17474365234375,0.946044921875,0.90679931640625
8,0.0666666666666666,0.44091796875,0.83245849609375,7.84466552734375
7,0.13333333333333347,0.416015625,1.1424560546875,15.101318359375
6,0.20000000000000034,0.4189453125,1.1019287109375,20.9215087890625
4,0.333333333333334,0.58648681640625,0.8109130859375,23.67950439453125
9,0.0083333333333333037,0.1962890625,0.95172119140625,1.79931640625
8,0.0749999999999999,0.47418212890625,0.81829833984375,8.7119140625
7,0.14166666666666677,0.4306640625,1.15283203125,15.9635009765625
6,0.20833333333333365,0.4246826171875,1.08233642578125,21.39202880859375
4,0.34166666666666728,0.58807373046875,0.7403564453125,23.7684326171875
9,0.016666666666666607,0.21783447265625,0.95733642578125,2.69183349609375
8,0.0833333333333332,0.5074462890625,0.8040771484375,9.5791015625
7,0.15000000000000008,0.44451904296875,1.15960693359375,16.77581787109375
6,0.21666666666666695,0.4298095703125,1.05914306640625,21.81182861328125
4,0.35000000000000059,0.58966064453125,0.66680908203125,23.857421875
9,0.024999999999999911,0.23944091796875,0.9630126953125,3.5843505859375
8,0.091666666666666508,0.54071044921875,0.7899169921875,10.44635009765625
7,0.15833333333333338,0.45745849609375,1.16265869140625,17.5382080078125
6,0.22500000000000026,0.434326171875,1.0323486328125,22.180908203125
4,0.35833333333333389,0.59130859375,0.59033203125,23.94635009765625
9,0.033333333333333215,0.260986328125,0.96868896484375,4.47686767578125
8,0.099999999999999811,0.573974609375,0.77569580078125,11.3135986328125
7,0.16666666666666669,0.46954345703125,1.16204833984375,18.250732421875
6,0.23333333333333356,0.43817138671875,1.001953125,22.499267578125
4,0.3666666666666672,0.5928955078125,0.5107421875,24.0352783203125
9,0.041666666666666519,0.28253173828125,0.97430419921875,5.369384765625
8,0.10833333333333311,0.60723876953125,0.76153564453125,12.18084716796875
7,0.175,0.4808349609375,1.15777587890625,18.91326904296875
6,0.24166666666666686,0.44146728515625,0.96783447265625,22.76690673828125
4,0.3750000000000005,0.59454345703125,0.42822265625,24.124267578125
9,0.049999999999999822,0.3040771484375,0.97998046875,6.2618408203125
8,0.11666666666666642,0.6405029296875,0.747314453125,13.04803466796875
7,0.18333333333333329,0.49127197265625,1.1497802734375,19.5260009765625
6,0.25000000000000017,0.444091796875,0.93017578125,22.98382568359375
4,0.3833333333333338,0.59613037109375,0.34271240234375,24.2132568359375
9,0.058333333333333126,0.32568359375,0.98565673828125,7.15435791015625
8,0.12499999999999972,0.67376708984375,0.73309326171875,13.915283203125
7,0.1916666666666666,0.50079345703125,1.13812255859375,20.08880615234375
6,0.25833333333333347,0.44610595703125,0.8887939453125,23.15008544921875
4,0.39166666666666711,0.59771728515625,0.25421142578125,24.3021240234375
10,0,0.17474365234375,0.946044921875,0.90679931640625
9,0.06666666666666643,0.34722900390625,0.99127197265625,8.046875
8,0.13333333333333303,0.70703125,0.71893310546875,14.78253173828125
7,0.1999999999999999,0.509521484375,1.12274169921875,20.6016845703125
6,0.26666666666666677,0.447509765625,0.84381103515625,23.26556396484375
4,0.40000000000000041,0.599365234375,0.16265869140625,24.39111328125
10,0.0083333333333333037,0.205078125,0.94366455078125,1.764892578125
9,0.074999999999999734,0.3687744140625,0.9969482421875,8.93939208984375
8,0.14166666666666633,0.7393798828125,0.70361328125,15.6253662109375
7,0.2083333333333332,0.51739501953125,1.1036376953125,21.06463623046875
6,0.27500000000000008,0.4486083984375,0.79547119140625,23.355712890625
4,0.40113578232381586,0.599609375,0,24.4031982421875
10,0.016666666666666607,0.2353515625,0.94134521484375,2.62298583984375
9,0.083333333333333037,0.39031982421875,1.00262451171875,9.8319091796875
8,0.14999999999999963,0.76983642578125,0.6861572265625,16.41943359375
7,0.21666666666666651,0.5244140625,1.08087158203125,21.47772216796875
6,0.28333333333333338,0.44970703125,0.7442626953125,23.44586181640625
10,0.024999999999999911,0.26568603515625,0.93896484375,3.4810791015625
9,0.091666666666666341,0.411865234375,1.00823974609375,10.72442626953125
8,0.15833333333333294,0.7984619140625,0.66644287109375,17.16473388671875
7,0.22499999999999981,0.53057861328125,1.05450439453125,21.84088134765625
6,0.29166666666666669,0.4508056640625,0.68994140625,23.5360107421875
10,0.033333333333333215,0.29595947265625,0.9366455078125,4.33917236328125
9,0.099999999999999645,0.4334716796875,1.013916015625,11.616943359375
8,0.16666666666666624,0.82513427734375,0.64453125,17.8612060546875
7,0.23333333333333311,0.53594970703125,1.0244140625,22.1541748046875
6,0.3,0.451904296875,0.6326904296875,23.626220703125
10,0.041666666666666519,0.3262939453125,0.93426513671875,5.197265625
9,0.10833333333333295,0.45501708984375,1.01959228515625,12.50946044921875
8,0.17499999999999954,0.85003662109375,0.62054443359375,18.5089111328125
7,0.24166666666666642,0.5404052734375,0.99053955078125,22.41754150390625
6,0.30833333333333329,0.4530029296875,0.57244873046875,23.71636962890625
10,0.049999999999999822,0.3565673828125,0.93194580078125,6.0552978515625
9,0.11666666666666625,0.4765625,1.02520751953125,13.4019775390625
8,0.18333333333333285,0.87298583984375,0.59423828125,19.10784912109375
7,0.24999999999999972,0.54400634765625,0.953125,22.63104248046875
6,0.3166666666666666,0.4541015625,0.5091552734375,23.8065185546875
10,0.058333333333333126,0.38690185546875,0.9295654296875,6.91339111328125
9,0.12499999999999956,0.49810791015625,1.0308837890625,14.29449462890625
8,0.19166666666666615,0.89410400390625,0.56573486328125,19.65802001953125
7,0.258333333333333,0.54681396484375,0.91192626953125,22.79461669921875
6,0.3249999999999999,0.45526123046875,0.44287109375,23.89666748046875
11,0,0.17474365234375,0.946044921875,0.90679931640625
10,0.06666666666666643,0.417236328125,0.92724609375,7.771484375
9,0.13333333333333286,0.51971435546875,1.03656005859375,15.18701171875
8,0.19999999999999946,0.913330078125,0.53509521484375,20.15936279296875
7,0.26666666666666633,0.54876708984375,0.8670654296875,22.90826416015625
6,0.3333333333333332,0.45635986328125,0.37359619140625,23.98681640625
11,0.0083333333333333037,0.17706298828125,0.95318603515625,1.81146240234375
10,0.074999999999999734,0.447509765625,0.92486572265625,8.62957763671875
9,0.14166666666666616,0.5406494140625,1.04052734375,16.05438232421875
8,0.20833333333333276,0.9306640625,0.502197265625,20.6119384765625
7,0.27499999999999963,0.55023193359375,0.81884765625,22.99700927734375
6,0.34166666666666651,0.45745849609375,0.3013916015625,24.0770263671875
11,0.016666666666666607,0.179443359375,0.96026611328125,2.716064453125
10,0.083333333333333037,0.47784423828125,0.92254638671875,9.4876708984375
9,0.14999999999999947,0.56036376953125,1.04119873046875,16.87158203125
8,0.21666666666666606,0.9461669921875,0.46710205078125,21.0157470703125
7,0.28333333333333294,0.5517578125,0.7677001953125,23.085693359375
6,0.34999999999999981,0.45855712890625,0.22607421875,24.1671142578125
11,0.024999999999999911,0.1817626953125,0.9674072265625,3.6207275390625
10,0.091666666666666341,0.50811767578125,0.920166015625,10.34576416015625
9,0.15833333333333277,0.57891845703125,1.03857421875,17.63861083984375
8,0.22499999999999937,0.95977783203125,0.42987060546875,21.37078857421875
7,0.29166666666666624,0.55328369140625,0.7135009765625,23.1744384765625
6,0.35813155666389257,0.45965576171875,0,24.255126953125
11,0.033333333333333215,0.18408203125,0.97454833984375,4.52532958984375
10,0.099999999999999645,0.5384521484375,0.9178466796875,11.203857421875
9,0.16666666666666607,0.59625244140625,1.03265380859375,18.35540771484375
8,0.23333333333333267,0.9715576171875,0.39044189453125,21.677001953125
7,0.29999999999999954,0.5548095703125,0.65631103515625,23.26312255859375
11,0.041666666666666519,0.1864013671875,0.981689453125,5.42999267578125
10,0.10833333333333295,0.5687255859375,0.91546630859375,12.06195068359375
9,0.17499999999999938,0.6123046875,1.0234375,19.02197265625
8,0.24166666666666597,0.9814453125,0.3487548828125,21.93450927734375
7,0.30833333333333285,0.5562744140625,0.59613037109375,23.35186767578125
11,0.049999999999999822,0.18878173828125,0.98876953125,6.3345947265625
10,0.11666666666666625,0.59906005859375,0.9130859375,12.9200439453125
9,0.18333333333333268,0.627197265625,1.0108642578125,19.63836669921875
8,0.24999999999999928,0.98944091796875,0.304931640625,22.1431884765625
7,0.31666666666666615,0.55780029296875,0.532958984375,23.4405517578125
11,0.058333333333333126,0.19110107421875,0.99591064453125,7.2392578125
10,0.12499999999999956,0.62939453125,0.9107666015625,13.77813720703125
9,0.19166666666666599,0.640869140625,0.9949951171875,20.20458984375
8,0.25833333333333258,0.99554443359375,0.25885009765625,22.30303955078125
7,0.32499999999999946,0.559326171875,0.46673583984375,23.529296875
12,0,0.17474365234375,0.946044921875,0.90679931640625
11,0.06666666666666643,0.19342041015625,1.0030517578125,8.1439208984375
10,0.13333333333333286,0.65966796875,0.90838623046875,14.63616943359375
9,0.19999999999999929,0.65338134765625,0.97576904296875,20.7205810546875
8,0.26666666666666589,0.99981689453125,0.2105712890625,22.4141845703125
7,0.33333333333333276,0.560791015625,0.39764404296875,23.61798095703125
12,0.0083333333333333037,0.16412353515625,0.9447021484375,1.80535888671875
11,0.074999999999999734,0.19580078125,1.01019287109375,9.04852294921875
10,0.14166666666666616,0.68914794921875,0.90460205078125,15.47015380859375
9,0.20833333333333259,0.66461181640625,0.95318603515625,21.18634033203125
8,0.27499999999999919,1.003173828125,0.15972900390625,22.50091552734375
7,0.34166666666666606,0.56231689453125,0.32550048828125,23.70672607421875
12,0.016666666666666607,0.15350341796875,0.94342041015625,2.70391845703125
11,0.083333333333333037,0.1981201171875,1.01727294921875,9.95318603515625
10,0.14999999999999947,0.7169189453125,0.89801025390625,16.255859375
9,0.2166666666666659,0.67462158203125,0.92742919921875,21.6019287109375
8,0.27654164708560808,1.0037841796875,0,22.5169677734375
7,0.34999999999999937,0.5638427734375,0.25030517578125,23.79541015625
12,0.024999999999999911,0.14288330078125,0.94207763671875,3.60247802734375
11,0.091666666666666341,0.200439453125,1.0244140625,10.8577880859375
10,0.15833333333333277,0.742919921875,0.88848876953125,16.9932861328125
9,0.2249999999999992,0.6834716796875,0.8983154296875,21.96728515625
7,0.35833333333333267,0.5653076171875,0.17218017578125,23.8841552734375
12,0.033333333333333215,0.13226318359375,0.9407958984375,4.5010986328125
11,0.099999999999999645,0.2027587890625,1.03155517578125,11.762451171875
10,0.16666666666666607,0.76727294921875,0.8760986328125,17.68243408203125
9,0.2333333333333325,0.69110107421875,0.8658447265625,22.282470703125
7,0.36063272502392596,0.56573486328125,0,23.90863037109375
12,0.041666666666666519,0.12164306640625,0.939453125,5.399658203125
11,0.10833333333333295,0.20513916015625,1.0386962890625,12.66705322265625
10,0.17499999999999938,0.7899169921875,0.86090087890625,18.32330322265625
9,0.24166666666666581,0.697509765625,0.830078125,22.54742431640625
12,0.049999999999999822,0.11102294921875,0.93817138671875,6.2982177734375
11,0.11666666666666625,0.20745849609375,1.0457763671875,13.57171630859375
10,0.18333333333333268,0.81085205078125,0.8427734375,18.9158935546875
9,0.24999999999999911,0.70269775390625,0.791015625,22.76220703125
12,0.058333333333333126,0.10040283203125,0.93682861328125,7.19677734375
11,0.12499999999999956,0.20977783203125,1.05291748046875,14.47637939453125
10,0.19166666666666599,0.830078125,0.82183837890625,19.46026611328125
9,0.25833333333333242,0.7066650390625,0.74859619140625,22.9267578125
13,0,0.17474365234375,0.946044921875,0.90679931640625
12,0.06666666666666643,0.08978271484375,0.935546875,8.0953369140625
11,0.13333333333333286,0.212158203125,1.06005859375,15.3809814453125
10,0.19999999999999929,0.84759521484375,0.7979736328125,19.95635986328125
9,0.26666666666666572,0.70941162109375,0.702880859375,23.04107666015625
13,0.0083333333333333037,0.17352294921875,0.95623779296875,1.80615234375
12,0.074999999999999734,0.0791015625,0.9342041015625,8.993896484375
11,0.14166666666666616,0.21441650390625,1.0654296875,16.26019287109375
10,0.20833333333333259,0.8634033203125,0.771240234375,20.4041748046875
9,0.274999999999999,0.7115478515625,0.65399169921875,23.13037109375
13,0.016666666666666607,0.1722412109375,0.96636962890625,2.7054443359375
12,0.083333333333333037,0.0684814453125,0.932861328125,9.8924560546875
11,0.14999999999999947,0.216552734375,1.0675048828125,17.0885009765625
10,0.2166666666666659,0.87750244140625,0.74169921875,20.8037109375
9,0.28333333333333233,0.7137451171875,0.60223388671875,23.2196044921875
13,0.024999999999999911,0.1710205078125,0.9765625,3.60479736328125
12,0.091666666666666341,0.057861328125,0.93157958984375,10.791015625
11,0.15833333333333277,0.21856689453125,1.06610107421875,17.86590576171875
10,0.2249999999999992,0.88995361328125,0.7093505859375,21.15496826171875
9,0.29166666666666563,0.71588134765625,0.54736328125,23.308837890625
13,0.033333333333333215,0.16973876953125,0.98675537109375,4.504150390625
12,0.099999999999999645,0.0472412109375,0.93023681640625,11.68963623046875
11,0.16666666666666607,0.220458984375,1.06134033203125,18.59246826171875
10,0.2333333333333325,0.900634765625,0.674072265625,21.4580078125
9,0.29999999999999893,0.718017578125,0.489501953125,23.3980712890625
13,0.041666666666666519,0.16851806640625,0.99688720703125,5.4034423828125
12,0.10833333333333295,0.03662109375,0.928955078125,12.58819580078125
11,0.17499999999999938,0.22216796875,1.05322265625,19.26806640625
10,0.24166666666666581,0.90960693359375,0.63592529296875,21.7127685546875
9,0.30833333333333224,0.72021484375,0.42864990234375,23.48736572265625
13,0.049999999999999822,0.167236328125,1.007080078125,6.30279541015625
12,0.11666666666666625,0.0260009765625,0.9276123046875,13.48675537109375
11,0.18333333333333268,0.22381591796875,1.04168701171875,19.89288330078125
10,0.24999999999999911,0.91693115234375,0.59490966796875,21.919189453125
9,0.31666666666666554,0.72235107421875,0.3648681640625,23.57659912109375
13,0.058333333333333126,0.166015625,1.01727294921875,7.2021484375
12,0.12499999999999956,0.015380859375,0.92633056640625,14.38531494140625
11,0.19166666666666599,0.22528076171875,1.0267333984375,20.46673583984375
10,0.25833333333333242,0.9224853515625,0.551025390625,22.07745361328125
9,0.32499999999999885,0.7244873046875,0.2979736328125,23.66583251953125
14,0,0.17474365234375,0.946044921875,0.90679931640625
13,0.06666666666666643,0.16473388671875,1.02740478515625,8.1014404296875
12,0.13333333333333286,0.0047607421875,0.92498779296875,15.28387451171875
11,0.19999999999999929,0.22662353515625,1.00836181640625,20.98974609375
10,0.26666666666666572,0.9263916015625,0.5042724609375,22.1873779296875
9,0.33333333333333215,0.7266845703125,0.2281494140625,23.755126953125
14,0.0083333333333333037,0.19195556640625,0.961181640625,1.80511474609375
13,0.074999999999999734,0.16351318359375,1.03759765625,9.00079345703125
12,0.14166666666666616,-0.00555419921875,0.92218017578125,16.15716552734375
11,0.20833333333333259,0.22784423828125,0.986572265625,21.46185302734375
10,0.274999999999999,0.929443359375,0.45458984375,22.273193359375
9,0.34166666666666545,0.72882080078125,0.15533447265625,23.8443603515625
14,0.016666666666666607,0.20916748046875,0.976318359375,2.70343017578125
13,0.083333333333333037,0.1622314453125,1.0477294921875,9.900146484375
12,0.14999999999999947,-0.01531982421875,0.91650390625,16.97991943359375
11,0.2166666666666659,0.22894287109375,0.96148681640625,21.883056640625
10,0.28333333333333233,0.93243408203125,0.40203857421875,22.3590087890625
9,0.34227712633061058,0.72900390625,0,23.85089111328125
14,0.024999999999999911,0.22637939453125,0.99139404296875,3.60174560546875
13,0.091666666666666341,0.1610107421875,1.05792236328125,10.79949951171875
12,0.15833333333333277,-0.0244140625,0.90789794921875,17.75213623046875
11,0.2249999999999992,0.22991943359375,0.9329833984375,22.25341796875
10,0.29166666666666563,0.93548583984375,0.34637451171875,22.44482421875
14,0.033333333333333215,0.24359130859375,1.00653076171875,4.50006103515625
13,0.099999999999999645,0.15972900390625,1.068115234375,11.69879150390625
12,0.16666666666666607,-0.032958984375,0.8963623046875,18.47381591796875
11,0.2333333333333325,0.230712890625,0.90106201171875,22.5728759765625
10,0.29999999999999893,0.93853759765625,0.2877197265625,22.53057861328125
14,0.041666666666666519,0.2608642578125,1.02166748046875,5.39837646484375
13,0.10833333333333295,0.15850830078125,1.0782470703125,12.59814453125
12,0.17499999999999938,-0.0408935546875,0.88189697265625,19.1448974609375
11,0.24166666666666581,0.23138427734375,0.86566162109375,22.8414306640625
10,0.30833333333333224,0.9415283203125,0.22607421875,22.61639404296875
14,0.049999999999999822,0.278076171875,1.03680419921875,6.29669189453125
13,0.11666666666666625,0.1572265625,1.08843994140625,13.49749755859375
12,0.18333333333333268,-0.0482177734375,0.86456298828125,19.7655029296875
11,0.24999999999999911,0.23199462890625,0.8270263671875,23.05908203125
10,0.31666666666666554,0.944580078125,0.16143798828125,22.70220947265625
14,0.058333333333333126,0.2952880859375,1.0518798828125,7.19500732421875
13,0.12499999999999956,0.156005859375,1.0986328125,14.39678955078125
12,0.19166666666666599,-0.05499267578125,0.84423828125,20.33551025390625
11,0.25833333333333242,0.232421875,0.78485107421875,23.22589111328125
10,0.31810176525874778,0.94512939453125,0,22.71697998046875
15,0,0.17474365234375,0.946044921875,0.90679931640625
14,0.06666666666666643,0.3125,1.0670166015625,8.0933837890625
13,0.13333333333333286,0.15472412109375,1.1087646484375,15.296142578125
12,0.19999999999999929,-0.06109619140625,0.82098388671875,20.85498046875
11,0.26666666666666572,0.23272705078125,0.73931884765625,23.341796875
15,0.0083333333333333037,0.159423828125,0.9354248046875,1.75531005859375
14,0.074999999999999734,0.3297119140625,1.0821533203125,8.99169921875
13,0.14166666666666616,0.153564453125,1.11712646484375,16.170166015625
12,0.20833333333333259,-0.066650390625,0.7947998046875,21.32391357421875
11,0.274999999999999,0.23291015625,0.69061279296875,23.4322509765625
15,0.016666666666666607,0.14410400390625,0.9248046875,2.60382080078125
14,0.083333333333333037,0.346923828125,1.0972900390625,9.8900146484375
13,0.14999999999999947,0.15240478515625,1.12200927734375,16.99365234375
12,0.2166666666666659,-0.07159423828125,0.7657470703125,21.7423095703125
11,0.28333333333333233,0.233154296875,0.638916015625,23.522705078125
15,0.024999999999999911,0.1287841796875,0.9141845703125,3.45233154296875
14,0.091666666666666341,0.3641357421875,1.11236572265625,10.788330078125
13,0.15833333333333277,0.15130615234375,1.12322998046875,17.7664794921875
12,0.2249999999999992,-0.075927734375,0.7337646484375,22.11016845703125
11,0.29166666666666563,0.2333984375,0.584228515625,23.6131591796875
15,0.033333333333333215,0.11346435546875,0.90350341796875,4.30084228515625
14,0.099999999999999645,0.38134765625,1.12750244140625,11.6866455078125
13,0.16666666666666607,0.15032958984375,1.12091064453125,18.48876953125
12,0.2333333333333325,-0.0797119140625,0.69891357421875,22.427490234375
11,0.29999999999999893,0.233642578125,0.52655029296875,23.70361328125
15,0.041666666666666519,0.09814453125,0.89288330078125,5.14935302734375
14,0.10833333333333295,0.39862060546875,1.14263916015625,12.5849609375
13,0.17499999999999938,0.14935302734375,1.11505126953125,19.16046142578125
12,0.24166666666666581,-0.08282470703125,0.6610107421875,22.69427490234375
11,0.30833333333333224,0.23388671875,0.4658203125,23.79412841796875
15,0.049999999999999822,0.08282470703125,0.88226318359375,5.99786376953125
14,0.11666666666666625,0.41583251953125,1.15777587890625,13.4832763671875
13,0.18333333333333268,0.14849853515625,1.1055908203125,19.78155517578125
12,0.24999999999999911,-0.08538818359375,0.62030029296875,22.91046142578125
11,0.31666666666666554,0.234130859375,0.40216064453125,23.88458251953125
15,0.058333333333333126,0.0675048828125,0.87164306640625,6.84637451171875
14,0.12499999999999956,0.43304443359375,1.1728515625,14.381591796875
13,0.19166666666666599,0.147705078125,1.09259033203125,20.35205078125
12,0.25833333333333242,-0.08734130859375,0.57659912109375,23.076171875
11,0.32499999999999885,0.23431396484375,0.33544921875,23.97503662109375
16,0,0.17474365234375,0.946044921875,0.90679931640625
15,0.06666666666666643,0.05218505859375,0.86102294921875,7.69488525390625
14,0.13333333333333286,0.45025634765625,1.18798828125,15.2799072265625
13,0.19999999999999929,0.14697265625,1.0760498046875,20.87200927734375
12,0.26666666666666572,-0.0887451171875,0.52996826171875,23.1912841796875
11,0.33333333333333215,0.23455810546875,0.2657470703125,24.0655517578125
16,0.0083333333333334147,0.1829833984375,0.94805908203125,1.81451416015625
15,0.074999999999999845,0.036865234375,0.85040283203125,8.54339599609375
14,0.14166666666666627,0.46697998046875,1.201171875,16.1529541015625
13,0.2083333333333327,0.1463623046875,1.0557861328125,21.34136962890625
12,0.27499999999999913,-0.08978271484375,0.48040771484375,23.2811279296875
11,0.34166666666666556,0.23480224609375,0.193115234375,24.156005859375
16,0.016666666666666718,0.19122314453125,0.9500732421875,2.72222900390625
15,0.083333333333333148,0.02154541015625,0.83978271484375,9.39190673828125
14,0.14999999999999958,0.48272705078125,1.2105712890625,16.9754638671875
13,0.216666666666666,0.145751953125,1.0321044921875,21.76007080078125
12,0.28333333333333244,-0.09088134765625,0.42791748046875,23.3709716796875
11,0.34643805711875192,0.23492431640625,0,24.207763671875
16,0.025000000000000022,0.199462890625,0.9520263671875,3.62994384765625
15,0.091666666666666452,0.0062255859375,0.8291015625,10.240478515625
14,0.15833333333333288,0.49755859375,1.216064453125,17.74749755859375
13,0.22499999999999931,0.145263671875,1.00482177734375,22.12823486328125
12,0.29166666666666574,-0.0919189453125,0.37237548828125,23.46087646484375
16,0.033333333333333326,0.20770263671875,0.95404052734375,4.53765869140625
15,0.099999999999999756,-0.00909423828125,0.8184814453125,11.0889892578125
14,0.16666666666666619,0.5113525390625,1.21771240234375,18.46893310546875
13,0.23333333333333262,0.14483642578125,0.9739990234375,22.44586181640625
12,0.29999999999999905,-0.09295654296875,0.3138427734375,23.55072021484375
16,0.04166666666666663,0.2159423828125,0.9560546875,5.4454345703125
15,0.10833333333333306,-0.0244140625,0.807861328125,11.9375
14,0.17499999999999949,0.52423095703125,1.215576171875,19.139892578125
13,0.24166666666666592,0.14447021484375,0.9395751953125,22.71282958984375
12,0.30833333333333235,-0.09405517578125,0.2523193359375,23.64056396484375
16,0.049999999999999933,0.22418212890625,0.95806884765625,6.3531494140625
15,0.11666666666666636,-0.0396728515625,0.7972412109375,12.7860107421875
14,0.18333333333333279,0.5361328125,1.20953369140625,19.76025390625
13,0.24999999999999922,0.1441650390625,0.901611328125,22.92926025390625
12,0.31666666666666565,-0.0950927734375,0.187744140625,23.73040771484375
16,0.058333333333333237,0.232421875,0.9600830078125,7.2608642578125
15,0.12499999999999967,-0.05499267578125,0.78662109375,13.634521484375
14,0.1916666666666661,0.54705810546875,1.19964599609375,20.33013916015625
13,0.25833333333333253,0.1439208984375,0.8599853515625,23.09503173828125
12,0.32134886308410021,-0.095703125,0,23.7808837890625
17,0,0.17474365234375,0.946044921875,0.90679931640625
16,0.066666666666666541,0.24066162109375,0.9620361328125,8.1685791015625
15,0.13333333333333297,-0.0703125,0.7760009765625,14.4830322265625
14,0.1999999999999994,0.5570068359375,1.1859130859375,20.8494873046875
13,0.26666666666666583,0.14373779296875,0.81488037109375,23.21026611328125
17,0.0083333333333333037,0.18646240234375,0.95953369140625,1.80322265625
16,0.074999999999999845,0.2489013671875,0.96405029296875,9.0762939453125
15,0.14166666666666627,-0.085205078125,0.76409912109375,15.30767822265625
14,0.2083333333333327,0.56597900390625,1.16827392578125,21.31829833984375
13,0.27499999999999913,0.14361572265625,0.76641845703125,23.30023193359375
17,0.016666666666666607,0.19818115234375,0.97296142578125,2.69970703125
16,0.083333333333333148,0.25714111328125,0.966064453125,9.9840087890625
15,0.14999999999999958,-0.0992431640625,0.74993896484375,16.0845947265625
14,0.216666666666666,0.57403564453125,1.14691162109375,21.736572265625
13,0.28333333333333244,0.14349365234375,0.715087890625,23.39013671875
17,0.024999999999999911,0.20989990234375,0.9864501953125,3.59613037109375
16,0.091666666666666452,0.265380859375,0.96807861328125,10.8917236328125
15,0.15833333333333288,-0.1124267578125,0.7332763671875,16.81378173828125
14,0.22499999999999931,0.5810546875,1.12164306640625,22.10430908203125
13,0.29166666666666574,0.14337158203125,0.66070556640625,23.4801025390625
17,0.033333333333333215,0.2216796875,0.9998779296875,4.4925537109375
16,0.099999999999999756,0.27362060546875,0.97003173828125,11.7994384765625
15,0.16666666666666619,-0.12469482421875,0.7142333984375,17.4952392578125
14,0.23333333333333262,0.587158203125,1.09259033203125,22.42156982421875
13,0.29999999999999905,0.14324951171875,0.603271484375,23.57000732421875
17,0.041666666666666519,0.2333984375,1.01336669921875,5.3890380859375
16,0.10833333333333306,0.2818603515625,0.9720458984375,12.70721435546875
15,0.17499999999999949,-0.13616943359375,0.69287109375,18.12896728515625
14,0.24166666666666592,0.59222412109375,1.0595703125,22.688232421875
13,0.30833333333333235,0.14312744140625,0.54290771484375,23.659912109375
17,0.049999999999999822,0.2451171875,1.02679443359375,6.28546142578125
16,0.11666666666666636,0.29010009765625,0.97406005859375,13.61492919921875
15,0.18333333333333279,-0.146728515625,0.6690673828125,18.7149658203125
14,0.24999999999999922,0.59637451171875,1.0228271484375,22.9044189453125
13,0.31666666666666565,0.14300537109375,0.47955322265625,23.7498779296875
17,0.058333333333333126,0.2568359375,1.040283203125,7.181884765625
16,0.12499999999999967,0.29833984375,0.97607421875,14.52264404296875
15,0.1916666666666661,-0.15643310546875,0.64288330078125,19.25323486328125
14,0.25833333333333253,0.59954833984375,0.982177734375,23.07000732421875
13,0.32499999999999896,0.14288330078125,0.4130859375,23.83978271484375
18,0,0.17474365234375,0.946044921875,0.90679931640625
17,0.06666666666666643,0.2685546875,1.0537109375,8.078369140625
16,0.13333333333333297,0.30657958984375,0.97808837890625,15.43035888671875
15,0.1999999999999994,-0.165283203125,0.6142578125,19.7437744140625
14,0.26666666666666583,0.60174560546875,0.9376220703125,23.18511962890625
13,0.33333333333333226,0.14276123046875,0.34375,23.92974853515625
18,0.0083333333333333037,0.2081298828125,0.9561767578125,1.8392333984375
17,0.074999999999999734,0.2802734375,1.06719970703125,8.97479248046875
16,0.14166666666666627,0.3145751953125,0.97845458984375,16.31256103515625
15,0.2083333333333327,-0.17327880859375,0.58319091796875,20.1866455078125
14,0.27499999999999913,0.603515625,0.88970947265625,23.27496337890625
13,0.34166666666666556,0.14263916015625,0.27142333984375,24.0196533203125
18,0.016666666666666607,0.24151611328125,0.96630859375,2.77166748046875
17,0.083333333333333037,0.2919921875,1.0806884765625,9.8712158203125
16,0.14999999999999958,0.3221435546875,0.975830078125,17.1436767578125
15,0.216666666666666,-0.180419921875,0.5498046875,20.58172607421875
14,0.28333333333333244,0.605224609375,0.8388671875,23.36480712890625
13,0.34999999999999887,0.14251708984375,0.19598388671875,24.109619140625
18,0.024999999999999911,0.27484130859375,0.9764404296875,3.7041015625
17,0.091666666666666341,0.30377197265625,1.0941162109375,10.7677001953125
16,0.15833333333333288,0.3292236328125,0.9700927734375,17.92376708984375
15,0.22499999999999931,-0.18670654296875,0.5140380859375,20.9290771484375
14,0.29166666666666574,0.60693359375,0.78497314453125,23.45465087890625
13,0.35491675056460903,0.1424560546875,0,24.1627197265625
18,0.033333333333333215,0.3082275390625,0.98663330078125,4.63653564453125
17,0.099999999999999645,0.31549072265625,1.10760498046875,11.66412353515625
16,0.16666666666666619,0.3358154296875,0.961181640625,18.65277099609375
15,0.23333333333333262,-0.192138671875,0.475830078125,21.22869873046875
14,0.29999999999999905,0.608642578125,0.72802734375,23.54443359375
18,0.041666666666666519,0.34161376953125,0.99676513671875,5.56903076171875
17,0.10833333333333295,0.32720947265625,1.12103271484375,12.560546875
16,0.17499999999999949,0.34197998046875,0.94921875,19.33074951171875
15,0.24166666666666592,-0.1966552734375,0.4351806640625,21.4805908203125
14,0.30833333333333235,0.61041259765625,0.66815185546875,23.63427734375
18,0.049999999999999822,0.375,1.00689697265625,6.50146484375
17,0.11666666666666625,0.33892822265625,1.134521484375,13.45697021484375
16,0.18333333333333279,0.34765625,0.93414306640625,19.9576416015625
15,0.24999999999999922,-0.2003173828125,0.39227294921875,21.68475341796875
14,0.31666666666666565,0.61212158203125,0.60528564453125,23.72412109375
18,0.058333333333333126,0.40838623046875,1.01702880859375,7.43389892578125
17,0.12499999999999956,0.35064697265625,1.14794921875,14.35345458984375
16,0.1916666666666661,0.3529052734375,0.91595458984375,20.533447265625
15,0.25833333333333253,-0.20318603515625,0.3468017578125,21.84124755859375
14,0.32499999999999896,0.61383056640625,0.53936767578125,23.81396484375
19,0,0.17474365234375,0.946044921875,0.90679931640625
18,0.06666666666666643,0.4417724609375,1.02716064453125,8.3663330078125
17,0.13333333333333286,0.36236572265625,1.16143798828125,15.2498779296875
16,0.1999999999999994,0.357666015625,0.8946533203125,21.0582275390625
15,0.26666666666666583,-0.20513916015625,0.29901123046875,21.949951171875
14,0.33333333333333226,0.61553955078125,0.470458984375,23.90380859375
19,0.0083333333333333037,0.21221923828125,0.9317626953125,1.82177734375
18,0.074999999999999734,0.47509765625,1.03729248046875,9.29876708984375
17,0.14166666666666616,0.373779296875,1.1729736328125,16.12109375
16,0.2083333333333327,0.3619384765625,0.87017822265625,21.531982421875
15,0.27499999999999913,-0.2066650390625,0.24853515625,22.0347900390625
14,0.34166666666666556,0.61724853515625,0.39862060546875,23.99359130859375
19,0.016666666666666607,0.2496337890625,0.91741943359375,2.73675537109375
18,0.083333333333333037,0.50848388671875,1.04742431640625,10.231201171875
17,0.14999999999999947,0.384521484375,1.18084716796875,16.94189453125
16,0.216666666666666,0.36578369140625,0.8426513671875,21.95458984375
15,0.28333333333333244,-0.20819091796875,0.195068359375,22.11962890625
14,0.34999999999999887,0.6190185546875,0.32373046875,24.08349609375
19,0.024999999999999911,0.287109375,0.90313720703125,3.6517333984375
18,0.091666666666666341,0.5418701171875,1.05755615234375,11.16363525390625
17,0.15833333333333277,0.39459228515625,1.1849365234375,17.7122802734375
16,0.22499999999999931,0.369140625,0.81207275390625,22.32623291015625
15,0.29001786410811209,-0.20941162109375,0,22.18768310546875
14,0.35833333333333217,0.6207275390625,0.24591064453125,24.1732177734375
19,0.033333333333333215,0.3245849609375,0.8887939453125,4.56671142578125
18,0.099999999999999645,0.57525634765625,1.0677490234375,12.0960693359375
17,0.16666666666666607,0.40399169921875,1.18524169921875,18.4322509765625
16,0.23333333333333262,0.3720703125,0.7783203125,22.646728515625
14,0.36666666666666548,0.6224365234375,0.1650390625,24.2630615234375
19,0.041666666666666519,0.36199951171875,0.87451171875,5.481689453125
18,0.10833333333333295,0.608642578125,1.077880859375,13.02850341796875
17,0.17499999999999938,0.41278076171875,1.181884765625,19.101806640625
16,0.24166666666666592,0.37451171875,0.741455078125,22.916259765625
14,0.36818171462928068,0.62274169921875,0,24.2794189453125
19,0.049999999999999822,0.39947509765625,0.86016845703125,6.39666748046875
18,0.11666666666666625,0.6419677734375,1.0880126953125,13.96099853515625
17,0.18333333333333268,0.4208984375,1.1746826171875,19.72088623046875
16,0.24999999999999922,0.37652587890625,0.7015380859375,23.1346435546875
19,0.058333333333333126,0.43695068359375,0.84588623046875,7.3116455078125
18,0.12499999999999956,0.67535400390625,1.09814453125,14.8934326171875
17,0.19166666666666599,0.42828369140625,1.16375732421875,20.28955078125
16,0.25833333333333253,0.3780517578125,0.658447265625,23.302001953125
20,0,0.17474365234375,0.946044921875,0.90679931640625
19,0.06666666666666643,0.474365234375,0.83154296875,8.2266845703125
18,0.13333333333333286,0.708740234375,1.1082763671875,15.82586669921875
17,0.19999999999999929,0.43511962890625,1.1490478515625,20.80780029296875
16,0.26666666666666583,0.37908935546875,0.61224365234375,23.4183349609375
20,0.0083333333333333037,0.21343994140625,0.9835205078125,1.8546142578125
19,0.074999999999999734,0.5118408203125,0.8172607421875,9.14166259765625
18,0.14166666666666616,0.7412109375,1.1165771484375,16.7320556640625
17,0.20833333333333259,0.44122314453125,1.130615234375,21.275634765625
16,0.27499999999999913,0.3798828125,0.56298828125,23.50909423828125
20,0.016666666666666607,0.25213623046875,1.02093505859375,2.80242919921875
19,0.083333333333333037,0.54925537109375,0.80291748046875,10.056640625
18,0.14999999999999947,0.771728515625,1.1214599609375,17.5858154296875
17,0.2166666666666659,0.4466552734375,1.1083984375,21.69305419921875
16,0.28333333333333244,0.3807373046875,0.5108642578125,23.599853515625
20,0.024999999999999911,0.29083251953125,1.05841064453125,3.75018310546875
19,0.091666666666666341,0.58673095703125,0.78863525390625,10.97161865234375
18,0.15833333333333277,0.8004150390625,1.12261962890625,18.38714599609375
17,0.2249999999999992,0.45147705078125,1.08251953125,22.06005859375
16,0.29166666666666574,0.38153076171875,0.45562744140625,23.69061279296875
20,0.033333333333333215,0.32952880859375,1.09588623046875,4.697998046875
19,0.099999999999999645,0.62420654296875,0.7742919921875,11.8865966796875
18,0.16666666666666607,0.82720947265625,1.12030029296875,19.135986328125
17,0.2333333333333325,0.45562744140625,1.05279541015625,22.3765869140625
16,0.29999999999999905,0.38238525390625,0.39739990234375,23.7813720703125
20,0.041666666666666519,0.3681640625,1.13330078125,5.64581298828125
19,0.10833333333333295,0.66162109375,0.760009765625,12.80157470703125
18,0.17499999999999938,0.8521728515625,1.11444091796875,19.83245849609375
17,0.24166666666666581,0.4591064453125,1.01934814453125,22.64276123046875
16,0.30833333333333235,0.3831787109375,0.33624267578125,23.8721923828125
20,0.049999999999999822,0.4068603515625,1.1707763671875,6.5936279296875
19,0.11666666666666625,0.6990966796875,0.74566650390625,13.716552734375
18,0.18333333333333268,0.87518310546875,1.10498046875,20.47637939453125
17,0.24999999999999911,0.4619140625,0.982177734375,22.85845947265625
16,0.31666666666666565,0.384033203125,0.27203369140625,23.96295166015625
20,0.058333333333333126,0.445556640625,1.208251953125,7.5413818359375
19,0.12499999999999956,0.736572265625,0.73138427734375,14.63153076171875
18,0.19166666666666599,0.8963623046875,1.0919189453125,21.06793212890625
17,0.25833333333333242,0.464111328125,0.94122314453125,23.02374267578125
16,0.32499999999999896,0.38482666015625,0.20477294921875,24.0537109375
21,0,0.17474365234375,0.946044921875,0.90679931640625
20,0.06666666666666643,0.4842529296875,1.24566650390625,8.48919677734375
19,0.13333333333333286,0.77398681640625,0.717041015625,15.5465087890625
18,0.19999999999999929,0.9156494140625,1.0753173828125,21.60699462890625
17,0.26666666666666572,0.465576171875,0.896484375,23.13861083984375
16,0.33152886188690323,0.385498046875,0,24.1248779296875
21,0.0083333333333333037,0.18994140625,0.95782470703125,1.80841064453125
20,0.074999999999999734,0.52294921875,1.28314208984375,9.43701171875
19,0.14166666666666616,0.8104248046875,0.70159912109375,16.435791015625
18,0.20833333333333259,0.93310546875,1.05511474609375,22.0936279296875
17,0.274999999999999,0.46673583984375,0.848388671875,23.22821044921875
21,0.016666666666666607,0.2052001953125,0.9696044921875,2.71002197265625
20,0.083333333333333037,0.5616455078125,1.32061767578125,10.38482666015625
19,0.14999999999999947,0.8447265625,0.68408203125,17.2735595703125
18,0.2166666666666659,0.9486083984375,1.0313720703125,22.52777099609375
17,0.28333333333333233,0.46795654296875,0.79736328125,23.31787109375
21,0.024999999999999911,0.22039794921875,0.98138427734375,3.6116943359375
20,0.091666666666666341,0.600341796875,1.3580322265625,11.33258056640625
19,0.15833333333333277,0.87689208984375,0.66424560546875,18.05987548828125
18,0.2249999999999992,0.9622802734375,1.00408935546875,22.90948486328125
17,0.29166666666666563,0.4691162109375,0.7432861328125,23.40753173828125
21,0.033333333333333215,0.235595703125,0.9931640625,4.5133056640625
20,0.099999999999999645,0.6390380859375,1.3955078125,12.2803955078125
19,0.16666666666666607,0.906982421875,0.64227294921875,18.794677734375
18,0.2333333333333325,0.97406005859375,0.9732666015625,23.23876953125
17,0.29999999999999893,0.47027587890625,0.68621826171875,23.49713134765625
21,0.041666666666666519,0.25079345703125,1.00494384765625,5.4149169921875
20,0.10833333333333295,0.677734375,1.4329833984375,13.22821044921875
19,0.17499999999999938,0.9349365234375,0.6181640625,19.47808837890625
18,0.24166666666666581,0.9840087890625,0.93878173828125,23.51556396484375
17,0.30833333333333224,0.471435546875,0.62615966796875,23.5867919921875
21,0.049999999999999822,0.26605224609375,1.0167236328125,6.3165283203125
20,0.11666666666666625,0.71636962890625,1.47039794921875,14.176025390625
19,0.18333333333333268,0.9608154296875,0.591796875,20.1099853515625
18,0.24999999999999911,0.99200439453125,0.90081787109375,23.73992919921875
17,0.31666666666666554,0.47259521484375,0.5631103515625,23.67645263671875
21,0.058333333333333126,0.28125,1.02850341796875,7.2181396484375
20,0.12499999999999956,0.75506591796875,1.50787353515625,15.123779296875
19,0.19166666666666599,0.98455810546875,0.563232421875,20.6904296875
18,0.25833333333333242,0.9981689453125,0.8592529296875,23.911865234375
17,0.32499999999999885,0.47381591796875,0.49700927734375,23.76611328125
22,0,0.17474365234375,0.946044921875,0.90679931640625
21,0.06666666666666643,0.29644775390625,1.040283203125,8.11981201171875
20,0.13333333333333286,0.79376220703125,1.54534912109375,16.07159423828125
19,0.19999999999999929,1.0062255859375,0.532470703125,21.21942138671875
18,0.26666666666666572,1.00244140625,0.8140869140625,24.0313720703125
17,0.33333333333333215,0.4749755859375,0.427978515625,23.855712890625
22,0.0083333333333333037,0.15570068359375,0.95660400390625,1.8050537109375
21,0.074999999999999734,0.31170654296875,1.05206298828125,9.02142333984375
20,0.14166666666666616,0.83135986328125,1.5802001953125,16.99273681640625
19,0.20833333333333259,1.0257568359375,0.49951171875,21.6968994140625
18,0.274999999999999,1.00579833984375,0.76568603515625,24.1246337890625
17,0.34166666666666545,0.47613525390625,0.35595703125,23.94537353515625
22,0.016666666666666607,0.1365966796875,0.96722412109375,2.703369140625
21,0.083333333333333037,0.326904296875,1.0638427734375,9.92303466796875
20,0.14999999999999947,0.8668212890625,1.61004638671875,17.860595703125
19,0.2166666666666659,1.043212890625,0.46441650390625,22.1229248046875
18,0.28333333333333233,1.00909423828125,0.71429443359375,24.2177734375
17,0.34999999999999876,0.477294921875,0.2808837890625,24.0350341796875
22,0.024999999999999911,0.1175537109375,0.977783203125,3.60162353515625
21,0.091666666666666341,0.34210205078125,1.07562255859375,10.82464599609375
20,0.15833333333333277,0.9000244140625,1.63470458984375,18.67510986328125
19,0.2249999999999992,1.05853271484375,0.4271240234375,22.49749755859375
18,0.29166666666666563,1.012451171875,0.659912109375,24.31103515625
17,0.35833333333333206,0.47845458984375,0.20294189453125,24.1246337890625
22,0.033333333333333215,0.0985107421875,0.98834228515625,4.49993896484375
21,0.099999999999999645,0.3572998046875,1.08740234375,11.726318359375
20,0.16666666666666607,0.93115234375,1.654296875,19.436279296875
19,0.2333333333333325,1.07177734375,0.38763427734375,22.82061767578125
18,0.29999999999999893,1.01580810546875,0.60247802734375,24.404296875
17,0.36379883850532418,0.479248046875,0,24.1834716796875
22,0.041666666666666519,0.07940673828125,0.99896240234375,5.398193359375
21,0.10833333333333295,0.37255859375,1.09912109375,12.6279296875
20,0.17499999999999938,0.96002197265625,1.6688232421875,20.1441650390625
19,0.24166666666666581,1.0828857421875,0.34588623046875,23.09228515625
18,0.30833333333333224,1.01910400390625,0.5421142578125,24.49755859375
22,0.049999999999999822,0.06036376953125,1.009521484375,6.2965087890625
21,0.11666666666666625,0.38775634765625,1.11090087890625,13.529541015625
20,0.18333333333333268,0.98675537109375,1.67822265625,20.79876708984375
19,0.24999999999999911,1.0919189453125,0.30206298828125,23.31243896484375
18,0.31666666666666554,1.0224609375,0.478759765625,24.5908203125
22,0.058333333333333126,0.04132080078125,1.02008056640625,7.19476318359375
21,0.12499999999999956,0.4029541015625,1.1226806640625,14.43115234375
20,0.19166666666666599,1.01129150390625,1.6824951171875,21.4000244140625
19,0.25833333333333242,1.09881591796875,0.2559814453125,23.48114013671875
18,0.32499999999999885,1.02581787109375,0.41229248046875,24.68408203125
23,0,0.17474365234375,0.946044921875,0.90679931640625
22,0.06666666666666643,0.022216796875,1.03070068359375,8.09307861328125
21,0.13333333333333286,0.41815185546875,1.13446044921875,15.332763671875
20,0.19999999999999929,1.03363037109375,1.68170166015625,21.947998046875
19,0.26666666666666572,1.1036376953125,0.20770263671875,23.598388671875
18,0.33333333333333215,1.0291748046875,0.34295654296875,24.77734375
23,0.0083333333333333037,0.1781005859375,0.9320068359375,1.8052978515625
22,0.074999999999999734,0.003173828125,1.041259765625,8.9913330078125
21,0.14166666666666616,0.4329833984375,1.1444091796875,16.20904541015625
20,0.20833333333333259,1.0538330078125,1.67572021484375,22.442626953125
19,0.274999999999999,1.10736083984375,0.15679931640625,23.68988037109375
18,0.34166666666666545,1.032470703125,0.27056884765625,24.8704833984375
23,0.016666666666666607,0.181396484375,0.91796875,2.703857421875
22,0.083333333333333037,-0.015869140625,1.05181884765625,9.8896484375
21,0.14999999999999947,0.4468994140625,1.1507568359375,17.03460693359375
20,0.2166666666666659,1.07183837890625,1.66473388671875,22.8839111328125
19,0.27608761735983123,1.10784912109375,0,23.70184326171875
18,0.34999999999999876,1.03582763671875,0.1951904296875,24.9637451171875
23,0.024999999999999911,0.18475341796875,0.9039306640625,3.60235595703125
22,0.091666666666666341,-0.03497314453125,1.06243896484375,10.78790283203125
21,0.15833333333333277,0.4599609375,1.1533203125,17.8094482421875
20,0.2249999999999992,1.08770751953125,1.64862060546875,23.27191162109375
18,0.35483231290582279,1.03778076171875,0,25.017822265625
23,0.033333333333333215,0.1881103515625,0.889892578125,4.50091552734375
22,0.099999999999999645,-0.05401611328125,1.072998046875,11.68621826171875
21,0.16666666666666607,0.47216796875,1.15228271484375,18.5335693359375
20,0.2333333333333325,1.10137939453125,1.62744140625,23.60662841796875
23,0.041666666666666519,0.19140625,0.8758544921875,5.3994140625
22,0.10833333333333295,-0.07305908203125,1.08355712890625,12.58447265625
21,0.17499999999999938,0.48358154296875,1.14764404296875,19.20697021484375
20,0.24166666666666581,1.11285400390625,1.60107421875,23.88800048828125
23,0.049999999999999822,0.19476318359375,0.86181640625,6.29791259765625
22,0.11666666666666625,-0.0921630859375,1.09417724609375,13.4827880859375
21,0.18333333333333268,0.49407958984375,1.13934326171875,19.82965087890625
20,0.24999999999999911,1.12213134765625,1.5697021484375,24.1160888671875
23,0.058333333333333126,0.1981201171875,0.8477783203125,7.19647216796875
22,0.12499999999999956,-0.1112060546875,1.104736328125,14.38104248046875
21,0.19166666666666599,0.50372314453125,1.1273193359375,20.401611328125
20,0.25833333333333242,1.1292724609375,1.53314208984375,24.290771484375
24,0,0.17474365234375,0.946044921875,0.90679931640625
23,0.06666666666666643,0.20147705078125,0.833740234375,8.094970703125
22,0.13333333333333286,-0.1302490234375,1.11529541015625,15.27935791015625
21,0.19999999999999929,0.51251220703125,1.1116943359375,20.9228515625
20,0.26666666666666572,1.13421630859375,1.49151611328125,24.4122314453125
24,0.0083333333333333037,0.20263671875,0.95977783203125,1.81072998046875
23,0.074999999999999734,0.20477294921875,0.8197021484375,8.9935302734375
22,0.14166666666666616,-0.1488037109375,1.12408447265625,16.15234375
21,0.20833333333333259,0.52044677734375,1.09228515625,21.39337158203125
20,0.274999999999999,1.13812255859375,1.44580078125,24.507080078125
24,0.016666666666666607,0.23052978515625,0.97344970703125,2.7147216796875
23,0.083333333333333037,0.2081298828125,0.8056640625,9.89202880859375
22,0.14999999999999947,-0.166259765625,1.1292724609375,16.974853515625
21,0.2166666666666659,0.52752685546875,1.0693359375,21.813232421875
20,0.28333333333333233,1.1419677734375,1.39715576171875,24.601806640625
24,0.024999999999999911,0.25836181640625,0.9871826171875,3.61865234375
23,0.091666666666666341,0.21148681640625,0.7916259765625,10.79052734375
22,0.15833333333333277,-0.1826171875,1.130859375,17.746826171875
21,0.2249999999999992,0.53375244140625,1.042724609375,22.18231201171875
20,0.29166666666666563,1.1458740234375,1.34552001953125,24.696533203125
24,0.033333333333333215,0.2862548828125,1.00091552734375,4.52264404296875
23,0.099999999999999645,0.21478271484375,0.777587890625,11.6890869140625
22,0.16666666666666607,-0.19793701171875,1.12890625,18.46826171875
21,0.2333333333333325,0.53912353515625,1.012451171875,22.500732421875
20,0.29999999999999893,1.14971923828125,1.29083251953125,24.7913818359375
24,0.041666666666666519,0.31414794921875,1.0146484375,5.42657470703125
23,0.10833333333333295,0.2181396484375,0.7635498046875,12.58758544921875
22,0.17499999999999938,-0.212158203125,1.12335205078125,19.13916015625
21,0.24166666666666581,0.54364013671875,0.978515625,22.76837158203125
20,0.30833333333333224,1.153564453125,1.23321533203125,24.8861083984375
24,0.049999999999999822,0.342041015625,1.0283203125,6.33056640625
23,0.11666666666666625,0.22149658203125,0.74951171875,13.486083984375
22,0.18333333333333268,-0.225341796875,1.11419677734375,19.759521484375
21,0.24999999999999911,0.54730224609375,0.94091796875,22.9853515625
20,0.31666666666666554,1.157470703125,1.17254638671875,24.98095703125
24,0.058333333333333126,0.369873046875,1.04205322265625,7.2344970703125
23,0.12499999999999956,0.22479248046875,0.73553466796875,14.3846435546875
22,0.19166666666666599,-0.2374267578125,1.1014404296875,20.32940673828125
21,0.25833333333333242,0.55010986328125,0.899658203125,23.15155029296875
20,0.32499999999999885,1.16131591796875,1.10882568359375,25.07568359375
25,0,0.17474365234375,0.946044921875,0.90679931640625
24,0.06666666666666643,0.39776611328125,1.0557861328125,8.138427734375
23,0.13333333333333286,0.2281494140625,0.72149658203125,15.28314208984375
22,0.19999999999999929,-0.24847412109375,1.0850830078125,20.84869384765625
21,0.26666666666666572,0.55206298828125,0.85467529296875,23.26708984375
20,0.33333333333333215,1.16522216796875,1.042236328125,25.1705322265625
25,0.0083333333333333037,0.1839599609375,0.95928955078125,1.815185546875
24,0.074999999999999734,0.4256591796875,1.06951904296875,9.04241943359375
23,0.14166666666666616,0.23138427734375,0.706298828125,16.15643310546875
22,0.20833333333333259,-0.2584228515625,1.0650634765625,21.3175048828125
21,0.274999999999999,0.5535888671875,0.80645751953125,23.35723876953125
20,0.34166666666666545,1.1690673828125,0.97259521484375,25.2652587890625
25,0.016666666666666607,0.19317626953125,0.9725341796875,2.7236328125
24,0.083333333333333037,0.45355224609375,1.08319091796875,9.94635009765625
23,0.14999999999999947,0.23443603515625,0.68896484375,16.9791259765625
22,0.2166666666666659,-0.26727294921875,1.04156494140625,21.73577880859375
21,0.28333333333333233,0.55511474609375,0.7552490234375,23.4473876953125
20,0.34999999999999876,1.17291259765625,0.89990234375,25.360107421875
25,0.024999999999999911,0.202392578125,0.98577880859375,3.63201904296875
24,0.091666666666666341,0.48138427734375,1.096923828125,10.850341796875
23,0.15833333333333277,0.2373046875,0.66943359375,17.75128173828125
22,0.2249999999999992,-0.27508544921875,1.01446533203125,22.103515625
21,0.29166666666666563,0.556640625,0.70098876953125,23.53759765625
20,0.35833333333333206,1.17681884765625,0.8243408203125,25.454833984375
25,0.033333333333333215,0.211669921875,0.99896240234375,4.5404052734375
24,0.099999999999999645,0.50927734375,1.11065673828125,11.7542724609375
23,0.16666666666666607,0.239990234375,0.64764404296875,18.472900390625
22,0.2333333333333325,-0.28179931640625,0.9837646484375,22.42071533203125
21,0.29999999999999893,0.55816650390625,0.643798828125,23.62774658203125
20,0.36666666666666536,1.1806640625,0.74566650390625,25.549560546875
25,0.041666666666666519,0.22088623046875,1.01220703125,5.44879150390625
24,0.10833333333333295,0.53717041015625,1.1243896484375,12.65826416015625
23,0.17499999999999938,0.24249267578125,0.62371826171875,19.14398193359375
22,0.24166666666666581,-0.2874755859375,0.949462890625,22.6873779296875
21,0.30833333333333224,0.5596923828125,0.58355712890625,23.7178955078125
20,0.37499999999999867,1.18450927734375,0.66400146484375,25.6444091796875
25,0.049999999999999822,0.2301025390625,1.02545166015625,6.35723876953125
24,0.11666666666666625,0.5650634765625,1.1380615234375,13.56219482421875
23,0.18333333333333268,0.24481201171875,0.59759521484375,19.7645263671875
22,0.24999999999999911,-0.29205322265625,0.91156005859375,22.903564453125
21,0.31666666666666554,0.56121826171875,0.52032470703125,23.80804443359375
20,0.38333333333333197,1.18841552734375,0.5794677734375,25.7391357421875
25,0.058333333333333126,0.23931884765625,1.0386962890625,7.265625
24,0.12499999999999956,0.5928955078125,1.15179443359375,14.4661865234375
23,0.19166666666666599,0.2469482421875,0.5692138671875,20.33453369140625
22,0.25833333333333242,-0.29559326171875,0.87005615234375,23.06915283203125
21,0.32499999999999885,0.562744140625,0.45404052734375,23.898193359375
20,0.39166666666666528,1.1922607421875,0.4918212890625,25.833984375
26,0,0.17474365234375,0.946044921875,0.90679931640625
25,0.06666666666666643,0.24853515625,1.05194091796875,8.17401123046875
24,0.13333333333333286,0.62078857421875,1.16552734375,15.3701171875
23,0.19999999999999929,0.24884033203125,0.53863525390625,20.85400390625
22,0.26666666666666572,-0.29803466796875,0.824951171875,23.18426513671875
21,0.33333333333333215,0.56427001953125,0.3848876953125,23.9884033203125
20,0.39999999999999858,1.1961669921875,0.4012451171875,25.9287109375
26,0.0083333333333333037,0.2073974609375,0.95819091796875,1.80682373046875
25,0.074999999999999734,0.25775146484375,1.065185546875,9.0823974609375
24,0.14166666666666616,0.64788818359375,1.17730712890625,16.2486572265625
23,0.20833333333333259,0.2506103515625,0.50579833984375,21.32293701171875
22,0.274999999999999,-0.2999267578125,0.776611328125,23.27410888671875
21,0.34166666666666545,0.56573486328125,0.31268310546875,24.0784912109375
20,0.40833333333333188,1.20001220703125,0.3076171875,26.0235595703125
26,0.016666666666666607,0.2401123046875,0.9703369140625,2.706787109375
25,0.083333333333333037,0.2669677734375,1.07843017578125,9.9908447265625
24,0.14999999999999947,0.67340087890625,1.1854248046875,17.07635498046875
23,0.2166666666666659,0.25213623046875,0.4708251953125,21.74127197265625
22,0.28333333333333233,-0.30181884765625,0.72528076171875,23.3638916015625
21,0.34999999999999876,0.5672607421875,0.2374267578125,24.168701171875
20,0.41666666666666519,1.203857421875,0.21099853515625,26.1182861328125
26,0.024999999999999911,0.27276611328125,0.98248291015625,3.6068115234375
25,0.091666666666666341,0.2762451171875,1.0916748046875,10.89923095703125
24,0.15833333333333277,0.6973876953125,1.189697265625,17.8531494140625
23,0.2249999999999992,0.2535400390625,0.43365478515625,22.109130859375
22,0.29166666666666563,-0.30377197265625,0.6708984375,23.4537353515625
21,0.35833333333333206,0.56878662109375,0.1593017578125,24.2589111328125
20,0.42179124712829857,1.20623779296875,0,26.176513671875
26,0.033333333333333215,0.30548095703125,0.99462890625,4.50677490234375
25,0.099999999999999645,0.28546142578125,1.1048583984375,11.8076171875
24,0.16666666666666607,0.71978759765625,1.19024658203125,18.57916259765625
23,0.2333333333333325,0.25469970703125,0.39422607421875,22.4263916015625
22,0.29999999999999893,-0.3056640625,0.61358642578125,23.5435791015625
21,0.35930993556071883,0.5689697265625,0,24.2694091796875
26,0.041666666666666519,0.338134765625,1.00677490234375,5.40679931640625
25,0.10833333333333295,0.294677734375,1.11810302734375,12.71600341796875
24,0.17499999999999938,0.7406005859375,1.18707275390625,19.25433349609375
23,0.24166666666666581,0.25567626953125,0.35260009765625,22.69317626953125
22,0.30833333333333224,-0.30755615234375,0.55322265625,23.6334228515625
26,0.049999999999999822,0.370849609375,1.0189208984375,6.3067626953125
25,0.11666666666666625,0.30389404296875,1.13134765625,13.62445068359375
24,0.18333333333333268,0.75982666015625,1.1800537109375,19.87860107421875
23,0.24999999999999911,0.2564697265625,0.308837890625,22.90936279296875
22,0.31666666666666554,-0.3094482421875,0.4898681640625,23.72320556640625
26,0.058333333333333126,0.40350341796875,1.03106689453125,7.206787109375
25,0.12499999999999956,0.3131103515625,1.14459228515625,14.5328369140625
24,0.19166666666666599,0.77752685546875,1.16925048828125,20.4520263671875
23,0.25833333333333242,0.25714111328125,0.26275634765625,23.07501220703125
22,0.32499999999999885,-0.31134033203125,0.42352294921875,23.81304931640625
27,0,0.17474365234375,0.946044921875,0.90679931640625
26,0.06666666666666643,0.43621826171875,1.04315185546875,8.10675048828125
25,0.13333333333333286,0.32232666015625,1.1578369140625,15.44122314453125
24,0.19999999999999929,0.79364013671875,1.15472412109375,20.97467041015625
23,0.26666666666666572,0.257568359375,0.21453857421875,23.19012451171875
22,0.33333333333333215,-0.31329345703125,0.35418701171875,23.90289306640625
27,0.0083333333333333037,0.19329833984375,0.9683837890625,1.801513671875
26,0.074999999999999734,0.4688720703125,1.0552978515625,9.00677490234375
25,0.14166666666666616,0.331298828125,1.169189453125,16.3240966796875
24,0.20833333333333259,0.80816650390625,1.13641357421875,21.4464111328125
23,0.274999999999999,0.25787353515625,0.1636962890625,23.280029296875
22,0.34166666666666545,-0.315185546875,0.2818603515625,23.99273681640625
27,0.016666666666666607,0.21185302734375,0.99078369140625,2.69622802734375
26,0.083333333333333037,0.5015869140625,1.06744384765625,9.90673828125
25,0.14999999999999947,0.33978271484375,1.17681884765625,17.15582275390625
24,0.2166666666666659,0.8211669921875,1.11431884765625,21.8673095703125
23,0.2771564786442301,0.2579345703125,0,23.30328369140625
22,0.34999999999999876,-0.31707763671875,0.20654296875,24.08251953125
27,0.024999999999999911,0.23040771484375,1.01312255859375,3.5909423828125
26,0.091666666666666341,0.53424072265625,1.07958984375,10.8067626953125
25,0.15833333333333277,0.34765625,1.18072509765625,17.9365234375
24,0.2249999999999992,0.83258056640625,1.0885009765625,22.23736572265625
22,0.35604041911660417,-0.31842041015625,0,24.1475830078125
27,0.033333333333333215,0.24896240234375,1.0355224609375,4.485595703125
26,0.099999999999999645,0.56695556640625,1.09173583984375,11.70672607421875
25,0.16666666666666607,0.3551025390625,1.18084716796875,18.66607666015625
24,0.2333333333333325,0.8424072265625,1.0589599609375,22.55657958984375
27,0.041666666666666519,0.26751708984375,1.057861328125,5.38031005859375
26,0.10833333333333295,0.599609375,1.1038818359375,12.60675048828125
25,0.17499999999999938,0.36199951171875,1.17730712890625,19.34454345703125
24,0.24166666666666581,0.8507080078125,1.0255126953125,22.824951171875
27,0.049999999999999822,0.28607177734375,1.08026123046875,6.2750244140625
26,0.11666666666666625,0.63232421875,1.11602783203125,13.5067138671875
25,0.18333333333333268,0.36834716796875,1.16998291015625,19.971923828125
24,0.24999999999999911,0.857421875,0.9884033203125,23.04248046875
27,0.058333333333333126,0.30462646484375,1.10260009765625,7.16973876953125
26,0.12499999999999956,0.66497802734375,1.128173828125,14.40673828125
25,0.19166666666666599,0.37420654296875,1.15887451171875,20.54815673828125
24,0.25833333333333242,0.862548828125,0.947509765625,23.2091064453125
28,0,0.17474365234375,0.946044921875,0.90679931640625
27,0.06666666666666643,0.32318115234375,1.12493896484375,8.064453125
26,0.13333333333333286,0.69769287109375,1.14031982421875,15.30670166015625
25,0.19999999999999929,0.3795166015625,1.14410400390625,21.0733642578125
24,0.26666666666666572,0.86614990234375,0.90283203125,23.324951171875
28,0.0083333333333333037,0.14056396484375,0.9820556640625,1.760986328125
27,0.074999999999999734,0.34173583984375,1.1473388671875,8.95916748046875
26,0.14166666666666616,0.72943115234375,1.15057373046875,16.181396484375
25,0.20833333333333259,0.38433837890625,1.12548828125,21.54742431640625
24,0.274999999999999,0.868896484375,0.854736328125,23.41534423828125
28,0.016666666666666607,0.1064453125,1.01800537109375,2.6151123046875
27,0.083333333333333037,0.36029052734375,1.169677734375,9.8538818359375
26,0.14999999999999947,0.75933837890625,1.1572265625,17.00543212890625
25,0.2166666666666659,0.388671875,1.10321044921875,21.97039794921875
24,0.28333333333333233,0.8717041015625,0.80377197265625,23.5057373046875
28,0.024999999999999911,0.072265625,1.05401611328125,3.46929931640625
27,0.091666666666666341,0.37884521484375,1.19207763671875,10.74853515625
26,0.15833333333333277,0.7874755859375,1.16015625,17.77886962890625
25,0.2249999999999992,0.39239501953125,1.0771484375,22.34228515625
24,0.29166666666666563,0.87451171875,0.74969482421875,23.59613037109375
28,0.033333333333333215,0.03814697265625,1.09002685546875,4.32342529296875
27,0.099999999999999645,0.39739990234375,1.21441650390625,11.64324951171875
26,0.16666666666666607,0.813720703125,1.159423828125,18.501708984375
25,0.2333333333333325,0.39569091796875,1.04742431640625,22.66302490234375
24,0.29999999999999893,0.87725830078125,0.692626953125,23.6865234375
28,0.041666666666666519,0.00396728515625,1.1259765625,5.1776123046875
27,0.10833333333333295,0.416015625,1.23681640625,12.5379638671875
26,0.17499999999999938,0.838134765625,1.15509033203125,19.17388916015625
25,0.24166666666666581,0.3984375,1.01385498046875,22.9327392578125
24,0.30833333333333224,0.88006591796875,0.63262939453125,23.77691650390625
28,0.049999999999999822,-0.0301513671875,1.1619873046875,6.03173828125
27,0.11666666666666625,0.4345703125,1.2591552734375,13.43267822265625
26,0.18333333333333268,0.86065673828125,1.14697265625,19.79541015625
25,0.24999999999999911,0.400634765625,0.9766845703125,23.15130615234375
24,0.31666666666666554,0.88287353515625,0.569580078125,23.8673095703125
28,0.058333333333333126,-0.0643310546875,1.19793701171875,6.88592529296875
27,0.12499999999999956,0.453125,1.281494140625,14.327392578125
26,0.19166666666666599,0.88140869140625,1.13519287109375,20.36639404296875
25,0.25833333333333242,0.40234375,0.9356689453125,23.31878662109375
24,0.32499999999999885,0.8856201171875,0.5035400390625,23.95770263671875
29,0,0.17474365234375,0.946044921875,0.90679931640625
28,0.06666666666666643,-0.09844970703125,1.23394775390625,7.74005126953125
27,0.13333333333333286,0.4716796875,1.30389404296875,15.22210693359375
26,0.19999999999999929,0.90032958984375,1.1197509765625,20.88665771484375
25,0.26666666666666572,0.40350341796875,0.890869140625,23.4351806640625
24,0.33333333333333215,0.888427734375,0.43450927734375,24.048095703125
29,0.0083333333333333037,0.160888671875,0.9552001953125,1.82080078125
28,0.074999999999999734,-0.13262939453125,1.26995849609375,8.59423828125
27,0.14166666666666616,0.48968505859375,1.3240966796875,16.09161376953125
26,0.20833333333333259,0.9173583984375,1.1005859375,21.35638427734375
25,0.274999999999999,0.4044189453125,0.8427734375,23.5260009765625
24,0.34166666666666545,0.8912353515625,0.362548828125,24.1385498046875
29,0.016666666666666607,0.14697265625,0.96435546875,2.73480224609375
28,0.083333333333333037,-0.166748046875,1.305908203125,9.4483642578125
27,0.14999999999999947,0.50665283203125,1.340087890625,16.91082763671875
26,0.2166666666666659,0.93255615234375,1.07781982421875,21.77545166015625
25,0.28333333333333233,0.4053955078125,0.791748046875,23.61688232421875
24,0.34999999999999876,0.89398193359375,0.2874755859375,24.2288818359375
29,0.024999999999999911,0.13311767578125,0.9735107421875,3.6488037109375
28,0.091666666666666341,-0.200927734375,1.3419189453125,10.30255126953125
27,0.15833333333333277,0.52264404296875,1.351806640625,17.67974853515625
26,0.2249999999999992,0.94598388671875,1.05133056640625,22.14385986328125
25,0.29166666666666563,0.40631103515625,0.73760986328125,23.70770263671875
24,0.35833333333333206,0.89678955078125,0.20953369140625,24.3193359375
29,0.033333333333333215,0.11920166015625,0.98260498046875,4.56280517578125
28,0.099999999999999645,-0.23504638671875,1.3779296875,11.15667724609375
27,0.16666666666666607,0.53753662109375,1.35931396484375,18.3983154296875
26,0.2333333333333325,0.95751953125,1.021240234375,22.461669921875
25,0.29999999999999893,0.4072265625,0.6805419921875,23.79852294921875
24,0.36447654978510674,0.89886474609375,0,24.385986328125
29,0.041666666666666519,0.1053466796875,0.99176025390625,5.476806640625
28,0.10833333333333295,-0.26922607421875,1.41387939453125,12.0108642578125
27,0.17499999999999938,0.5513916015625,1.362548828125,19.0665283203125
26,0.24166666666666581,0.96722412109375,0.98736572265625,22.7288818359375
25,0.30833333333333224,0.40814208984375,0.6204833984375,23.889404296875
29,0.049999999999999822,0.09149169921875,1.00091552734375,6.39080810546875
28,0.11666666666666625,-0.3033447265625,1.44989013671875,12.864990234375
27,0.18333333333333268,0.564208984375,1.36151123046875,19.6844482421875
26,0.24999999999999911,0.97509765625,0.9498291015625,22.9454345703125
25,0.31666666666666554,0.4090576171875,0.55743408203125,23.980224609375
29,0.058333333333333126,0.07757568359375,1.01007080078125,7.3048095703125
28,0.12499999999999956,-0.3375244140625,1.48583984375,13.71917724609375
27,0.19166666666666599,0.57598876953125,1.35626220703125,20.25201416015625
26,0.25833333333333242,0.9810791015625,0.90863037109375,23.111328125
25,0.32499999999999885,0.40997314453125,0.49127197265625,24.071044921875
30,0,0.17474365234375,0.946044921875,0.90679931640625
29,0.06666666666666643,0.063720703125,1.01922607421875,8.21881103515625
28,0.13333333333333286,-0.3717041015625,1.5218505859375,14.57330322265625
27,0.19999999999999929,0.58673095703125,1.34674072265625,20.769287109375
26,0.26666666666666572,0.98529052734375,0.86376953125,23.2266845703125
25,0.33333333333333215,0.410888671875,0.4222412109375,24.161865234375
30,0.0083333333333333037,0.18914794921875,0.97509765625,1.85272216796875
29,0.074999999999999734,0.0498046875,1.02838134765625,9.1328125
28,0.14166666666666616,-0.40484619140625,1.5552978515625,15.4034423828125
27,0.20833333333333259,0.59637451171875,1.3328857421875,21.2362060546875
26,0.274999999999999,0.988525390625,0.8155517578125,23.316650390625
25,0.34166666666666545,0.41180419921875,0.3502197265625,24.252685546875
30,0.016666666666666607,0.20355224609375,1.00408935546875,2.79864501953125
29,0.083333333333333037,0.03594970703125,1.03753662109375,10.04681396484375
28,0.14999999999999947,-0.4361572265625,1.58380126953125,16.185546875
27,0.2166666666666659,0.60504150390625,1.31488037109375,21.65277099609375
26,0.28333333333333233,0.9918212890625,0.76434326171875,23.40667724609375
25,0.34999999999999876,0.4127197265625,0.27508544921875,24.3436279296875
30,0.024999999999999911,0.21795654296875,1.03314208984375,3.7445068359375
29,0.091666666666666341,0.0220947265625,1.046630859375,10.9608154296875
28,0.15833333333333277,-0.4654541015625,1.60723876953125,16.9195556640625
27,0.2249999999999992,0.61260986328125,1.2926025390625,22.01904296875
26,0.29166666666666563,0.9951171875,0.71014404296875,23.49664306640625
25,0.35833333333333206,0.4136962890625,0.19708251953125,24.4344482421875
30,0.033333333333333215,0.23236083984375,1.0621337890625,4.6904296875
29,0.099999999999999645,0.0081787109375,1.0557861328125,11.87481689453125
28,0.16666666666666607,-0.492919921875,1.6256103515625,17.6055908203125
27,0.2333333333333325,0.61920166015625,1.26605224609375,22.33502197265625
26,0.29999999999999893,0.99835205078125,0.6529541015625,23.586669921875
25,0.36319642902863619,0.41424560546875,0,24.4874267578125
30,0.041666666666666519,0.24676513671875,1.0911865234375,5.6363525390625
29,0.10833333333333295,-0.00567626953125,1.06494140625,12.788818359375
28,0.17499999999999938,-0.5184326171875,1.63909912109375,18.2435302734375
27,0.24166666666666581,0.62469482421875,1.2352294921875,22.60064697265625
26,0.30833333333333224,1.00164794921875,0.5927734375,23.67669677734375
30,0.049999999999999822,0.26116943359375,1.12017822265625,6.582275390625
29,0.11666666666666625,-0.01959228515625,1.0740966796875,13.70281982421875
28,0.18333333333333268,-0.5419921875,1.6474609375,18.83343505859375
27,0.24999999999999911,0.629150390625,1.2001953125,22.81591796875
26,0.31666666666666554,1.0048828125,0.52960205078125,23.76666259765625
30,0.058333333333333126,0.27557373046875,1.14923095703125,7.5281982421875
29,0.12499999999999956,-0.033447265625,1.083251953125,14.6168212890625
28,0.19166666666666599,-0.56365966796875,1.65081787109375,19.37530517578125
27,0.25833333333333242,0.632568359375,1.16082763671875,22.98089599609375
26,0.32499999999999885,1.0081787109375,0.46337890625,23.856689453125
31,0,0.17474365234375,0.946044921875,0.90679931640625
30,0.06666666666666643,0.28997802734375,1.17822265625,8.47412109375
29,0.13333333333333286,-0.04730224609375,1.0924072265625,15.53082275390625
28,0.19999999999999929,-0.58343505859375,1.649169921875,19.86907958984375
27,0.26666666666666572,0.63494873046875,1.11724853515625,23.09552001953125
26,0.33333333333333215,1.01141357421875,0.39422607421875,23.9466552734375
31,0.0083333333333335258,0.15826416015625,0.95904541015625,1.802734375
30,0.074999999999999734,0.30438232421875,1.207275390625,9.41998291015625
29,0.14166666666666639,-0.060791015625,1.0997314453125,16.41912841796875
28,0.20833333333333259,-0.60125732421875,1.6424560546875,20.31488037109375
27,0.27499999999999925,0.6368408203125,1.070068359375,23.18499755859375
26,0.34166666666666545,1.01470947265625,0.32208251953125,24.03662109375
31,0.016666666666666829,0.14178466796875,0.9720458984375,2.69866943359375
30,0.083333333333333037,0.31878662109375,1.23626708984375,10.36590576171875
29,0.14999999999999969,-0.07354736328125,1.10369873046875,17.2559814453125
28,0.2166666666666659,-0.61712646484375,1.6307373046875,20.71258544921875
27,0.28333333333333255,0.638671875,1.01995849609375,23.2744140625
26,0.34999999999999876,1.0179443359375,0.24688720703125,24.126708984375
31,0.025000000000000133,0.12530517578125,0.9849853515625,3.59454345703125
30,0.091666666666666341,0.33319091796875,1.26531982421875,11.31182861328125
29,0.158333333333333,-0.08544921875,1.10400390625,18.04144287109375
28,0.2249999999999992,-0.631103515625,1.614013671875,21.062255859375
27,0.29166666666666585,0.6405029296875,0.96673583984375,23.3638916015625
26,0.35833333333333206,1.021240234375,0.168701171875,24.2166748046875
31,0.033333333333333437,0.10888671875,0.99798583984375,4.490478515625
30,0.099999999999999645,0.34759521484375,1.2943115234375,12.25775146484375
29,0.1666666666666663,-0.09661865234375,1.10089111328125,18.7755126953125
28,0.2333333333333325,-0.6431884765625,1.59234619140625,21.3638916015625
27,0.29999999999999916,0.64239501953125,0.91058349609375,23.453369140625
26,0.36027558208093258,1.02197265625,0,24.2376708984375
31,0.041666666666666741,0.0924072265625,1.010986328125,5.38641357421875
30,0.10833333333333295,0.36199951171875,1.3233642578125,13.20367431640625
29,0.1749999999999996,-0.10699462890625,1.09429931640625,19.45819091796875
28,0.24166666666666581,-0.6533203125,1.5655517578125,21.617431640625
27,0.30833333333333246,0.64422607421875,0.8514404296875,23.5428466796875
31,0.050000000000000044,0.075927734375,1.02398681640625,6.2823486328125
30,0.11666666666666625,0.37640380859375,1.35235595703125,14.1495361328125
29,0.1833333333333329,-0.1165771484375,1.0841064453125,20.08941650390625
28,0.24999999999999911,-0.66156005859375,1.5338134765625,21.822998046875
27,0.31666666666666576,0.6461181640625,0.78924560546875,23.63232421875
31,0.058333333333333348,0.0594482421875,1.0369873046875,7.17822265625
30,0.12499999999999956,0.39080810546875,1.38140869140625,15.095458984375
29,0.19166666666666621,-0.1253662109375,1.0704345703125,20.669189453125
28,0.25833333333333242,-0.6678466796875,1.4969482421875,21.98046875
27,0.32499999999999907,0.64794921875,0.72406005859375,23.7218017578125
32,0,0.17474365234375,0.946044921875,0.90679931640625
31,0.066666666666666652,0.04296875,1.0499267578125,8.07415771484375
30,0.13333333333333286,0.40521240234375,1.410400390625,16.0413818359375
29,0.19999999999999951,-0.13336181640625,1.05328369140625,21.1976318359375
28,0.26666666666666572,-0.67218017578125,1.45513916015625,22.08990478515625
27,0.33333333333333237,0.6497802734375,0.65594482421875,23.811279296875
32,0.0083333333333333037,0.15496826171875,0.96429443359375,1.8016357421875
31,0.074999999999999956,0.0264892578125,1.06292724609375,8.9700927734375
30,0.14166666666666616,0.419189453125,1.43707275390625,16.960693359375
29,0.20833333333333282,-0.140625,1.03253173828125,21.67462158203125
28,0.274999999999999,-0.67559814453125,1.4093017578125,22.17529296875
27,0.34166666666666567,0.65167236328125,0.58477783203125,23.9007568359375
32,0.016666666666666607,0.1351318359375,0.98260498046875,2.69647216796875
31,0.083333333333333259,0.01007080078125,1.075927734375,9.86602783203125
30,0.14999999999999947,0.432373046875,1.459228515625,17.8267822265625
29,0.21666666666666612,-0.1470947265625,1.00836181640625,22.1002197265625
28,0.28333333333333233,-0.67901611328125,1.36053466796875,22.2607421875
27,0.349999999999999,0.65350341796875,0.5106201171875,23.990234375
32,0.024999999999999911,0.1153564453125,1.0008544921875,3.59130859375
31,0.091666666666666563,-0.00640869140625,1.08892822265625,10.76190185546875
30,0.15833333333333277,0.44476318359375,1.47662353515625,18.63970947265625
29,0.22499999999999942,-0.15277099609375,0.98065185546875,22.474365234375
28,0.29166666666666563,-0.68243408203125,1.3087158203125,22.34613037109375
27,0.35833333333333228,0.6553955078125,0.4334716796875,24.0797119140625
32,0.033333333333333215,0.0955810546875,1.01910400390625,4.48614501953125
31,0.099999999999999867,-0.02288818359375,1.1019287109375,11.6578369140625
30,0.16666666666666607,0.45635986328125,1.48944091796875,19.39935302734375
29,0.23333333333333273,-0.15765380859375,0.949462890625,22.797119140625
28,0.29999999999999893,-0.68585205078125,1.25390625,22.43157958984375
27,0.36666666666666559,0.6572265625,0.35333251953125,24.169189453125
32,0.041666666666666519,0.07574462890625,1.037353515625,5.3809814453125
31,0.10833333333333317,-0.03936767578125,1.1148681640625,12.55377197265625
30,0.17499999999999938,0.46710205078125,1.4976806640625,20.1058349609375
29,0.24166666666666603,-0.16180419921875,0.91473388671875,23.0684814453125
28,0.30833333333333224,-0.68927001953125,1.19610595703125,22.5169677734375
27,0.37499999999999889,0.6590576171875,0.27020263671875,24.2586669921875
32,0.049999999999999822,0.05596923828125,1.0556640625,6.27581787109375
31,0.11666666666666647,-0.05584716796875,1.12786865234375,13.44970703125
30,0.18333333333333268,0.47705078125,1.50128173828125,20.75909423828125
29,0.24999999999999933,-0.16510009765625,0.87652587890625,23.28839111328125
28,0.31666666666666554,-0.69268798828125,1.13531494140625,22.6024169921875
27,0.38333333333333219,0.66094970703125,0.18408203125,24.34814453125
32,0.058333333333333126,0.03619384765625,1.07391357421875,7.170654296875
31,0.12499999999999978,-0.07232666015625,1.140869140625,14.34564208984375
30,0.19166666666666599,0.4862060546875,1.50018310546875,21.35919189453125
29,0.25833333333333264,-0.16766357421875,0.834716796875,23.4569091796875
28,0.32499999999999885,-0.69610595703125,1.07147216796875,22.68780517578125
27,0.38654099827487048,0.66168212890625,0,24.382568359375
33,0,0.17474365234375,0.946044921875,0.90679931640625
32,0.06666666666666643,0.01641845703125,1.0921630859375,8.06549072265625
31,0.13333333333333308,-0.0887451171875,1.15386962890625,15.24151611328125
30,0.19999999999999929,0.4945068359375,1.4945068359375,21.90606689453125
29,0.26666666666666594,-0.16949462890625,0.7894287109375,23.57403564453125
28,0.33333333333333215,-0.69952392578125,1.00469970703125,22.77325439453125
33,0.0083333333333333037,0.20648193359375,0.9473876953125,1.8050537109375
32,0.074999999999999734,-0.00341796875,1.1104736328125,8.9603271484375
31,0.14166666666666639,-0.10479736328125,1.16497802734375,16.11224365234375
30,0.20833333333333259,0.50201416015625,1.484130859375,22.399658203125
29,0.27499999999999925,-0.17083740234375,0.74090576171875,23.6654052734375
28,0.34166666666666545,-0.70294189453125,0.93487548828125,22.858642578125
33,0.016666666666666607,0.23822021484375,0.94873046875,2.703369140625
32,0.083333333333333037,-0.023193359375,1.12872314453125,9.85516357421875
31,0.14999999999999969,-0.119873046875,1.17242431640625,16.9326171875
30,0.2166666666666659,0.50872802734375,1.46923828125,22.84014892578125
29,0.28333333333333255,-0.1722412109375,0.689453125,23.7568359375
28,0.34999999999999876,-0.70635986328125,0.862060546875,22.94403076171875
33,0.024999999999999911,0.27001953125,0.9500732421875,3.60162353515625
32,0.091666666666666341,-0.04296875,1.14697265625,10.75
31,0.158333333333333,-0.134033203125,1.176025390625,17.7025146484375
30,0.2249999999999992,0.5146484375,1.44964599609375,23.22735595703125
29,0.29166666666666585,-0.17364501953125,0.63494873046875,23.84820556640625
28,0.35833333333333206,-0.70977783203125,0.78631591796875,23.02947998046875
33,0.033333333333333215,0.3017578125,0.95135498046875,4.4998779296875
32,0.099999999999999645,-0.06280517578125,1.165283203125,11.64483642578125
31,0.1666666666666663,-0.147216796875,1.17596435546875,18.42205810546875
30,0.2333333333333325,0.51971435546875,1.42547607421875,23.5614013671875
29,0.29999999999999916,-0.17498779296875,0.57745361328125,23.93963623046875
28,0.36666666666666536,-0.71319580078125,0.70751953125,23.1148681640625
33,0.041666666666666519,0.33349609375,0.95269775390625,5.398193359375
32,0.10833333333333295,-0.08258056640625,1.18353271484375,12.5396728515625
31,0.1749999999999996,-0.1595458984375,1.1722412109375,19.0911865234375
30,0.24166666666666581,0.52398681640625,1.39666748046875,23.84222412109375
29,0.30833333333333246,-0.1763916015625,0.5169677734375,24.031005859375
28,0.37499999999999867,-0.71661376953125,0.625732421875,23.2003173828125
33,0.049999999999999822,0.365234375,0.95404052734375,6.29644775390625
32,0.11666666666666625,-0.10235595703125,1.2017822265625,13.43450927734375
31,0.1833333333333329,-0.1708984375,1.16473388671875,19.7099609375
30,0.24999999999999911,0.5274658203125,1.36322021484375,24.06982421875
29,0.31666666666666576,-0.17779541015625,0.4534912109375,24.1224365234375
28,0.38333333333333197,-0.72003173828125,0.541015625,23.28570556640625
33,0.058333333333333126,0.39703369140625,0.95538330078125,7.1947021484375
32,0.12499999999999956,-0.1221923828125,1.22003173828125,14.329345703125
31,0.19166666666666621,-0.18133544921875,1.15350341796875,20.2783203125
30,0.25833333333333242,0.5301513671875,1.32513427734375,24.2442626953125
29,0.32499999999999907,-0.17919921875,0.386962890625,24.2138671875
28,0.39166666666666528,-0.72344970703125,0.4532470703125,23.37115478515625
34,0,0.17474365234375,0.946044921875,0.90679931640625
33,0.06666666666666643,0.42877197265625,0.95672607421875,8.09295654296875
32,0.13333333333333286,-0.1419677734375,1.23834228515625,15.22418212890625
31,0.19999999999999951,-0.19085693359375,1.1385498046875,20.7962646484375
30,0.26666666666666572,0.531982421875,1.28240966796875,24.3653564453125
29,0.33333333333333237,-0.1805419921875,0.3175048828125,24.30517578125
28,0.39999999999999858,-0.72686767578125,0.36248779296875,23.45654296875
34,0.0083333333333333037,0.17828369140625,0.9384765625,1.8388671875
33,0.074999999999999734,0.46051025390625,0.95806884765625,8.99127197265625
32,0.14166666666666616,-0.16119384765625,1.25457763671875,16.0938720703125
31,0.20833333333333282,-0.199462890625,1.11981201171875,21.2637939453125
30,0.274999999999999,0.53338623046875,1.23583984375,24.4599609375
29,0.34166666666666567,-0.18194580078125,0.24505615234375,24.3966064453125
28,0.40833333333333188,-0.73028564453125,0.26873779296875,23.5419921875
34,0.016666666666666607,0.18182373046875,0.930908203125,2.77093505859375
33,0.083333333333333037,0.49224853515625,0.9593505859375,9.8895263671875
32,0.14999999999999947,-0.1793212890625,1.266845703125,16.9132080078125
31,0.21666666666666612,-0.2071533203125,1.097412109375,21.68096923828125
30,0.28333333333333233,0.53485107421875,1.1864013671875,24.5545654296875
29,0.349999999999999,-0.183349609375,0.1695556640625,24.488037109375
28,0.41666666666666519,-0.73370361328125,0.1719970703125,23.62738037109375
34,0.024999999999999911,0.18536376953125,0.92333984375,3.7030029296875
33,0.091666666666666341,0.5240478515625,0.960693359375,10.78778076171875
32,0.15833333333333277,-0.19635009765625,1.2750244140625,17.68218994140625
31,0.22499999999999942,-0.2138671875,1.07135009765625,22.0477294921875
30,0.29166666666666563,0.53631591796875,1.13385009765625,24.649169921875
29,0.35210105656448493,-0.1837158203125,0,24.5111083984375
28,0.41852296469601563,-0.73443603515625,0,23.64642333984375
34,0.033333333333333215,0.18890380859375,0.915771484375,4.63507080078125
33,0.099999999999999645,0.5557861328125,0.9620361328125,11.68609619140625
32,0.16666666666666607,-0.21221923828125,1.2791748046875,18.40087890625
31,0.23333333333333273,-0.2197265625,1.04150390625,22.3641357421875
30,0.29999999999999893,0.5377197265625,1.078369140625,24.7437744140625
34,0.041666666666666519,0.1925048828125,0.908203125,5.567138671875
33,0.10833333333333295,0.5875244140625,0.96337890625,12.5843505859375
32,0.17499999999999938,-0.22698974609375,1.2794189453125,19.0692138671875
31,0.24166666666666603,-0.224609375,1.00787353515625,22.63006591796875
30,0.30833333333333224,0.5391845703125,1.01983642578125,24.83837890625
34,0.049999999999999822,0.196044921875,0.90069580078125,6.49920654296875
33,0.11666666666666625,0.6192626953125,0.9647216796875,13.48260498046875
32,0.18333333333333268,-0.24066162109375,1.2755126953125,19.68719482421875
31,0.24999999999999933,-0.22857666015625,0.9705810546875,22.84564208984375
30,0.31666666666666554,0.54058837890625,0.9583740234375,24.9329833984375
34,0.058333333333333126,0.1995849609375,0.89312744140625,7.43133544921875
33,0.12499999999999956,0.6510009765625,0.966064453125,14.380859375
32,0.19166666666666599,-0.25323486328125,1.26763916015625,20.2548828125
31,0.25833333333333264,-0.2315673828125,0.92950439453125,23.0108642578125
30,0.32499999999999885,0.54205322265625,0.893798828125,25.027587890625
35,0,0.17474365234375,0.946044921875,0.90679931640625
34,0.06666666666666643,0.203125,0.88555908203125,8.3634033203125
33,0.13333333333333286,0.68280029296875,0.96734619140625,15.2791748046875
32,0.19999999999999929,-0.26470947265625,1.2557373046875,20.772216796875
31,0.26666666666666594,-0.23370361328125,0.884765625,23.12567138671875
30,0.33333333333333215,0.54351806640625,0.82635498046875,25.1221923828125
35,0.0083333333333333037,0.16387939453125,0.95391845703125,1.78564453125
34,0.074999999999999734,0.2066650390625,0.87799072265625,9.29547119140625
33,0.14166666666666616,0.713623046875,0.9671630859375,16.15216064453125
32,0.20833333333333259,-0.2750244140625,1.23974609375,21.23919677734375
31,0.27499999999999925,-0.2353515625,0.83660888671875,23.2152099609375
30,0.34166666666666545,0.544921875,0.75592041015625,25.2166748046875
35,0.016666666666666607,0.1529541015625,0.9617919921875,2.66455078125
34,0.083333333333333037,0.210205078125,0.87042236328125,10.2275390625
33,0.14999999999999947,0.74273681640625,0.96392822265625,16.97467041015625
32,0.2166666666666659,-0.28424072265625,1.2198486328125,21.65582275390625
31,0.28333333333333255,-0.23699951171875,0.7855224609375,23.3048095703125
30,0.34999999999999876,0.54638671875,0.682373046875,25.311279296875
35,0.024999999999999911,0.14208984375,0.96966552734375,3.54339599609375
34,0.091666666666666341,0.2137451171875,0.86285400390625,11.15960693359375
33,0.15833333333333277,0.77001953125,0.95751953125,17.74658203125
32,0.2249999999999992,-0.2923583984375,1.19586181640625,22.02215576171875
31,0.29166666666666585,-0.2386474609375,0.73138427734375,23.3944091796875
30,0.35833333333333206,0.54779052734375,0.60595703125,25.4058837890625
35,0.033333333333333215,0.1312255859375,0.9775390625,4.42230224609375
34,0.099999999999999645,0.21728515625,0.85528564453125,12.0916748046875
33,0.16666666666666607,0.79547119140625,0.9481201171875,18.468017578125
32,0.2333333333333325,-0.29931640625,1.16790771484375,22.338134765625
31,0.29999999999999916,-0.24029541015625,0.67431640625,23.4840087890625
30,0.36666666666666536,0.54925537109375,0.52642822265625,25.50048828125
35,0.041666666666666519,0.120361328125,0.98541259765625,5.3011474609375
34,0.10833333333333295,0.2208251953125,0.84771728515625,13.02374267578125
33,0.17499999999999938,0.8192138671875,0.9356689453125,19.138916015625
32,0.24166666666666581,-0.30517578125,1.1358642578125,22.60382080078125
31,0.30833333333333246,-0.241943359375,0.61419677734375,23.5736083984375
30,0.37499999999999867,0.55072021484375,0.4439697265625,25.5950927734375
35,0.049999999999999822,0.10943603515625,0.99334716796875,6.1800537109375
34,0.11666666666666625,0.22442626953125,0.84014892578125,13.955810546875
33,0.18333333333333268,0.84112548828125,0.92010498046875,19.75927734375
32,0.24999999999999911,-0.3099365234375,1.099853515625,22.81915283203125
31,0.31666666666666576,-0.24359130859375,0.55108642578125,23.6632080078125
30,0.38333333333333197,0.5521240234375,0.3585205078125,25.689697265625
35,0.058333333333333126,0.09857177734375,1.001220703125,7.05889892578125
34,0.12499999999999956,0.22796630859375,0.83258056640625,14.88787841796875
33,0.19166666666666599,0.86126708984375,0.9014892578125,20.32916259765625
32,0.25833333333333242,-0.3135986328125,1.05975341796875,22.984130859375
31,0.32499999999999907,-0.2452392578125,0.48492431640625,23.7528076171875
30,0.39166666666666528,0.5535888671875,0.27008056640625,25.7843017578125
36,0,0.17474365234375,0.946044921875,0.90679931640625
35,0.06666666666666643,0.08770751953125,1.00909423828125,7.93780517578125
34,0.13333333333333286,0.23150634765625,0.8250732421875,15.8199462890625
33,0.19999999999999929,0.879638671875,0.87982177734375,20.84844970703125
32,0.26666666666666572,-0.316162109375,1.015625,23.0987548828125
31,0.33333333333333237,-0.24688720703125,0.4158935546875,23.8424072265625
30,0.39999999999999858,0.55499267578125,0.1785888671875,25.87890625
36,0.0083333333333333037,0.1656494140625,0.952392578125,1.79119873046875
35,0.074999999999999734,0.07684326171875,1.0169677734375,8.816650390625
34,0.14166666666666616,0.23492431640625,0.816162109375,16.725830078125
33,0.20833333333333259,0.896240234375,0.85498046875,21.3172607421875
32,0.274999999999999,-0.318115234375,0.968017578125,23.188232421875
31,0.34166666666666567,-0.24853515625,0.34381103515625,23.93194580078125
30,0.4025424635316851,0.555419921875,0,25.90771484375
36,0.016666666666666607,0.15655517578125,0.95867919921875,2.67559814453125
35,0.083333333333333037,0.06591796875,1.02484130859375,9.69549560546875
34,0.14999999999999947,0.2381591796875,0.8048095703125,17.5792236328125
33,0.2166666666666659,0.9110107421875,0.8271484375,21.7354736328125
32,0.28333333333333233,-0.32012939453125,0.91748046875,23.2777099609375
31,0.349999999999999,-0.25018310546875,0.2686767578125,24.0216064453125
36,0.024999999999999911,0.1474609375,0.96502685546875,3.55999755859375
35,0.091666666666666341,0.0550537109375,1.03271484375,10.57440185546875
34,0.15833333333333277,0.2412109375,0.790771484375,18.3802490234375
33,0.2249999999999992,0.92401123046875,0.7962646484375,22.10321044921875
32,0.29166666666666563,-0.32208251953125,0.8638916015625,23.36724853515625
31,0.35833333333333228,-0.2518310546875,0.190673828125,24.1112060546875
36,0.033333333333333215,0.138427734375,0.97137451171875,4.44439697265625
35,0.099999999999999645,0.044189453125,1.04058837890625,11.4532470703125
34,0.16666666666666607,0.24407958984375,0.77423095703125,19.12884521484375
33,0.2333333333333325,0.9351806640625,0.7623291015625,22.42041015625
32,0.29999999999999893,-0.32403564453125,0.80731201171875,23.45672607421875
31,0.36253438000297855,-0.252685546875,0,24.1563720703125
36,0.041666666666666519,0.12933349609375,0.9776611328125,5.32879638671875
35,0.10833333333333295,0.0333251953125,1.0484619140625,12.3321533203125
34,0.17499999999999938,0.2467041015625,0.755126953125,19.824951171875
33,0.24166666666666581,0.94464111328125,0.72528076171875,22.6871337890625
32,0.30833333333333224,-0.3260498046875,0.74774169921875,23.54620361328125
36,0.049999999999999822,0.1202392578125,0.9840087890625,6.21319580078125
35,0.11666666666666625,0.02239990234375,1.05633544921875,13.21099853515625
34,0.18333333333333268,0.24920654296875,0.73345947265625,20.46868896484375
33,0.24999999999999911,0.9522705078125,0.6851806640625,22.90325927734375
32,0.31666666666666554,-0.3280029296875,0.6851806640625,23.63568115234375
36,0.058333333333333126,0.11114501953125,0.99029541015625,7.09759521484375
35,0.12499999999999956,0.01153564453125,1.064208984375,14.08990478515625
34,0.19166666666666599,0.25140380859375,0.70916748046875,21.0599365234375
33,0.25833333333333242,0.9581298828125,0.6419677734375,23.06884765625
32,0.32499999999999885,-0.33001708984375,0.61956787109375,23.72515869140625
37,0,0.17474365234375,0.946044921875,0.90679931640625
36,0.06666666666666643,0.10205078125,0.99664306640625,7.98199462890625
35,0.13333333333333286,0.00067138671875,1.07208251953125,14.96875
34,0.19999999999999929,0.25347900390625,0.68231201171875,21.59881591796875
33,0.26666666666666572,0.96221923828125,0.595703125,23.1839599609375
32,0.33333333333333215,-0.33197021484375,0.551025390625,23.81463623046875
37,0.0083333333333333037,0.1695556640625,0.9705810546875,1.8197021484375
36,0.074999999999999734,0.09295654296875,1.00299072265625,8.86639404296875
35,0.14166666666666616,-0.0098876953125,1.0782470703125,15.82293701171875
34,0.20833333333333259,0.25531005859375,0.65289306640625,22.08526611328125
33,0.274999999999999,0.96539306640625,0.54638671875,23.2738037109375
32,0.34166666666666545,-0.333984375,0.4794921875,23.90411376953125
37,0.016666666666666607,0.164306640625,0.99505615234375,2.73260498046875
36,0.083333333333333037,0.0838623046875,1.00927734375,9.75079345703125
35,0.14999999999999947,-0.0198974609375,1.08099365234375,16.62762451171875
34,0.2166666666666659,0.2569580078125,0.62091064453125,22.51922607421875
33,0.28333333333333233,0.96856689453125,0.494140625,23.3636474609375
32,0.34999999999999876,-0.3359375,0.4049072265625,23.99359130859375
37,0.024999999999999911,0.15911865234375,1.01959228515625,3.6455078125
36,0.091666666666666341,0.07476806640625,1.015625,10.63519287109375
35,0.15833333333333277,-0.02923583984375,1.08026123046875,17.3829345703125
34,0.2249999999999992,0.2584228515625,0.58636474609375,22.90081787109375
33,0.29166666666666563,0.97174072265625,0.4388427734375,23.45343017578125
32,0.35833333333333206,-0.337890625,0.327392578125,24.0831298828125
37,0.033333333333333215,0.15386962890625,1.04412841796875,4.55841064453125
36,0.099999999999999645,0.06573486328125,1.02197265625,11.51959228515625
35,0.16666666666666607,-0.0379638671875,1.07611083984375,18.0887451171875
34,0.2333333333333325,0.25970458984375,0.54931640625,23.22991943359375
33,0.29999999999999893,0.97491455078125,0.38055419921875,23.54327392578125
32,0.36666666666666536,-0.33990478515625,0.246826171875,24.172607421875
37,0.041666666666666519,0.148681640625,1.068603515625,5.4713134765625
36,0.10833333333333295,0.056640625,1.02825927734375,12.40399169921875
35,0.17499999999999938,-0.04608154296875,1.06854248046875,18.74517822265625
34,0.24166666666666581,0.2607421875,0.50958251953125,23.50665283203125
33,0.30833333333333224,0.97808837890625,0.3193359375,23.63311767578125
32,0.37499999999999867,-0.34185791015625,0.16326904296875,24.2620849609375
37,0.049999999999999822,0.1434326171875,1.0931396484375,6.38421630859375
36,0.11666666666666625,0.04754638671875,1.03460693359375,13.28839111328125
35,0.18333333333333268,-0.0535888671875,1.0574951171875,19.35211181640625
34,0.24999999999999911,0.2615966796875,0.46734619140625,23.73095703125
33,0.31666666666666554,0.98126220703125,0.25506591796875,23.722900390625
32,0.3762986771332329,-0.3421630859375,0,24.2760009765625
37,0.058333333333333126,0.13824462890625,1.11767578125,7.297119140625
36,0.12499999999999956,0.0384521484375,1.04095458984375,14.17279052734375
35,0.19166666666666599,-0.06048583984375,1.04302978515625,19.90966796875
34,0.25833333333333242,0.26226806640625,0.4224853515625,23.90277099609375
33,0.32499999999999885,0.98443603515625,0.187744140625,23.812744140625
38,0,0.17474365234375,0.946044921875,0.90679931640625
37,0.06666666666666643,0.13299560546875,1.14215087890625,8.21002197265625
36,0.13333333333333286,0.02935791015625,1.0472412109375,15.05718994140625
35,0.19999999999999929,-0.0667724609375,1.025146484375,20.41778564453125
34,0.26666666666666572,0.2626953125,0.37506103515625,24.022216796875
33,0.32950320701193353,0.98614501953125,0,23.86126708984375
38,0.0083333333333333037,0.1839599609375,0.97381591796875,1.85638427734375
37,0.074999999999999734,0.1278076171875,1.16668701171875,9.1229248046875
36,0.14166666666666616,0.0205078125,1.0518798828125,15.91668701171875
35,0.20833333333333259,-0.07244873046875,1.00372314453125,20.87640380859375
34,0.274999999999999,0.2630615234375,0.32489013671875,24.1153564453125
38,0.016666666666666607,0.19317626953125,1.0015869140625,2.805908203125
37,0.083333333333333037,0.12255859375,1.19122314453125,10.03582763671875
36,0.14999999999999947,0.01220703125,1.05322265625,16.72650146484375
35,0.2166666666666659,-0.0775146484375,0.97894287109375,21.28564453125
34,0.28333333333333233,0.263427734375,0.271728515625,24.2086181640625
38,0.024999999999999911,0.20233154296875,1.02935791015625,3.7554931640625
37,0.091666666666666341,0.11737060546875,1.2156982421875,10.94873046875
36,0.15833333333333277,0.00439453125,1.0511474609375,17.48651123046875
35,0.2249999999999992,-0.08197021484375,0.95074462890625,21.64544677734375
34,0.29166666666666563,0.2637939453125,0.215576171875,24.3018798828125
38,0.033333333333333215,0.2115478515625,1.05712890625,4.705078125
37,0.099999999999999645,0.11212158203125,1.240234375,11.86163330078125
36,0.16666666666666607,-0.00286865234375,1.04571533203125,18.19677734375
35,0.2333333333333325,-0.0858154296875,0.91912841796875,21.955810546875
34,0.29999999999999893,0.26409912109375,0.15643310546875,24.39501953125
38,0.041666666666666519,0.22076416015625,1.08489990234375,5.6546630859375
37,0.10833333333333295,0.10693359375,1.26470947265625,12.7745361328125
36,0.17499999999999938,-0.00970458984375,1.03704833984375,18.8572998046875
35,0.24166666666666581,-0.08905029296875,0.88397216796875,22.2166748046875
34,0.30089125698844432,0.26416015625,0,24.405029296875
38,0.049999999999999822,0.22998046875,1.11273193359375,6.60418701171875
37,0.11666666666666625,0.1016845703125,1.28924560546875,13.68743896484375
36,0.18333333333333268,-0.01593017578125,1.02490234375,19.4681396484375
35,0.24999999999999911,-0.0916748046875,0.845458984375,22.42816162109375
38,0.058333333333333126,0.2391357421875,1.1405029296875,7.55377197265625
37,0.12499999999999956,0.09649658203125,1.31378173828125,14.600341796875
36,0.19166666666666599,-0.021728515625,1.00946044921875,20.0291748046875
35,0.25833333333333242,-0.09368896484375,0.803466796875,22.5902099609375
39,0,0.17474365234375,0.946044921875,0.90679931640625
38,0.06666666666666643,0.24835205078125,1.16827392578125,8.50335693359375
37,0.13333333333333286,0.09124755859375,1.3382568359375,15.5133056640625
36,0.19999999999999929,-0.0269775390625,0.99066162109375,20.54046630859375
35,0.26666666666666572,-0.0950927734375,0.75799560546875,22.70281982421875
39,0.0083333333333333037,0.18023681640625,0.95965576171875,1.832275390625
38,0.074999999999999734,0.257568359375,1.196044921875,9.452880859375
37,0.14166666666666616,0.086181640625,1.360595703125,16.4005126953125
36,0.20833333333333259,-0.03173828125,0.96844482421875,21.00201416015625
35,0.274999999999999,-0.09619140625,0.7093505859375,22.79071044921875
39,0.016666666666666607,0.18572998046875,0.97332763671875,2.75775146484375
38,0.083333333333333037,0.26678466796875,1.22381591796875,10.4024658203125
37,0.14999999999999947,0.0814208984375,1.37860107421875,17.23638916015625
36,0.2166666666666659,-0.03594970703125,0.94293212890625,21.413818359375
35,0.28333333333333233,-0.0972900390625,0.65777587890625,22.87860107421875
39,0.024999999999999911,0.19122314453125,0.9869384765625,3.6832275390625
38,0.091666666666666341,0.2760009765625,1.2515869140625,11.35205078125
37,0.15833333333333277,0.076904296875,1.39215087890625,18.02093505859375
36,0.2249999999999992,-0.0396728515625,0.91412353515625,21.77581787109375
35,0.29166666666666563,-0.09832763671875,0.6031494140625,22.96649169921875
39,0.033333333333333215,0.19671630859375,1.00054931640625,4.608642578125
38,0.099999999999999645,0.28515625,1.27935791015625,12.30157470703125
37,0.16666666666666607,0.07275390625,1.40130615234375,18.75408935546875
36,0.2333333333333325,-0.0428466796875,0.88189697265625,22.088134765625
35,0.29999999999999893,-0.09942626953125,0.5455322265625,23.05438232421875
39,0.041666666666666519,0.20220947265625,1.01422119140625,5.53411865234375
38,0.10833333333333295,0.29437255859375,1.30712890625,13.25115966796875
37,0.17499999999999938,0.06884765625,1.40618896484375,19.4359130859375
36,0.24166666666666581,-0.04559326171875,0.8463134765625,22.3507080078125
35,0.30833333333333224,-0.10052490234375,0.48492431640625,23.14227294921875
39,0.049999999999999822,0.20770263671875,1.02783203125,6.4595947265625
38,0.11666666666666625,0.3035888671875,1.33489990234375,14.20074462890625
37,0.18333333333333268,0.06524658203125,1.40667724609375,20.06640625
36,0.24999999999999911,-0.0477294921875,0.80743408203125,22.56353759765625
35,0.31666666666666554,-0.10162353515625,0.42132568359375,23.23016357421875
39,0.058333333333333126,0.21319580078125,1.04150390625,7.38507080078125
38,0.12499999999999956,0.31280517578125,1.3626708984375,15.15032958984375
37,0.19166666666666599,0.06195068359375,1.4027099609375,20.6455078125
36,0.25833333333333242,-0.0494384765625,0.76513671875,22.7265625
35,0.32499999999999885,-0.10272216796875,0.35467529296875,23.31805419921875
40,0,0.17474365234375,0.946044921875,0.90679931640625
39,0.06666666666666643,0.21868896484375,1.05511474609375,8.310546875
38,0.13333333333333286,0.322021484375,1.3905029296875,16.099853515625
37,0.19999999999999929,0.05889892578125,1.39447021484375,21.17327880859375
36,0.26666666666666572,-0.05059814453125,0.719482421875,22.83990478515625
35,0.33333333333333215,-0.103759765625,0.28509521484375,23.40594482421875
40,0.0083333333333333037,0.19268798828125,0.95587158203125,1.8067626953125
39,0.074999999999999734,0.22418212890625,1.0687255859375,9.23602294921875
38,0.14166666666666616,0.3309326171875,1.41595458984375,17.022705078125
37,0.20833333333333259,0.05621337890625,1.3817138671875,21.64971923828125
36,0.274999999999999,-0.051513671875,0.67071533203125,22.9283447265625
35,0.34166666666666545,-0.1048583984375,0.2125244140625,23.49383544921875
40,0.016666666666666607,0.2105712890625,0.96575927734375,2.70672607421875
39,0.083333333333333037,0.22967529296875,1.0823974609375,10.1614990234375
38,0.14999999999999947,0.33935546875,1.43695068359375,17.89215087890625
37,0.2166666666666659,0.05377197265625,1.36468505859375,22.07476806640625
36,0.28333333333333233,-0.05242919921875,0.61895751953125,23.01678466796875
35,0.34858072987699579,-0.10577392578125,0,23.5667724609375
40,0.024999999999999911,0.228515625,0.9755859375,3.606689453125
39,0.091666666666666341,0.23516845703125,1.09600830078125,11.08697509765625
38,0.15833333333333277,0.3472900390625,1.45330810546875,18.70819091796875
37,0.2249999999999992,0.0516357421875,1.34332275390625,22.448486328125
36,0.29166666666666563,-0.0533447265625,0.56414794921875,23.105224609375
40,0.033333333333333215,0.2464599609375,0.9854736328125,4.50665283203125
39,0.099999999999999645,0.24066162109375,1.109619140625,12.01239013671875
38,0.16666666666666607,0.35467529296875,1.465087890625,19.4708251953125
37,0.2333333333333325,0.0498046875,1.31756591796875,22.7708740234375
36,0.29999999999999893,-0.05419921875,0.50640869140625,23.19366455078125
40,0.041666666666666519,0.264404296875,0.99530029296875,5.40667724609375
39,0.10833333333333295,0.24615478515625,1.123291015625,12.9378662109375
38,0.17499999999999938,0.36151123046875,1.472412109375,20.1800537109375
37,0.24166666666666581,0.0482177734375,1.287353515625,23.0418701171875
36,0.30833333333333224,-0.05511474609375,0.44561767578125,23.2821044921875
40,0.049999999999999822,0.28228759765625,1.005126953125,6.306640625
39,0.11666666666666625,0.25164794921875,1.13690185546875,13.86334228515625
38,0.18333333333333268,0.367919921875,1.47509765625,20.8358154296875
37,0.24999999999999911,0.0469970703125,1.2528076171875,23.26153564453125
36,0.31666666666666554,-0.0560302734375,0.3818359375,23.37054443359375
40,0.058333333333333126,0.30023193359375,1.0150146484375,7.20660400390625
39,0.12499999999999956,0.257080078125,1.15057373046875,14.788818359375
38,0.19166666666666599,0.37371826171875,1.4732666015625,21.438232421875
37,0.25833333333333242,0.0460205078125,1.2138671875,23.42987060546875
36,0.32499999999999885,-0.05694580078125,0.3150634765625,23.458984375
41,0,0.17474365234375,0.946044921875,0.90679931640625
40,0.06666666666666643,0.31817626953125,1.02484130859375,8.1065673828125
39,0.13333333333333286,0.2625732421875,1.1641845703125,15.71429443359375
38,0.19999999999999929,0.3790283203125,1.46685791015625,21.9871826171875
37,0.26666666666666572,0.04534912109375,1.17059326171875,23.54681396484375
36,0.33333333333333215,-0.057861328125,0.24530029296875,23.54742431640625
41,0.0083333333333333037,0.18328857421875,0.97723388671875,1.8172607421875
40,0.074999999999999734,0.3360595703125,1.03466796875,9.00653076171875
39,0.14166666666666616,0.2679443359375,1.1759033203125,16.61370849609375
38,0.20833333333333259,0.38385009765625,1.45587158203125,22.48272705078125
37,0.274999999999999,0.0447998046875,1.12359619140625,23.63812255859375
36,0.34166666666666545,-0.05877685546875,0.17254638671875,23.6358642578125
41,0.016666666666666607,0.19189453125,1.0084228515625,2.72772216796875
40,0.083333333333333037,0.35400390625,1.0445556640625,9.906494140625
39,0.14999999999999947,0.27294921875,1.1839599609375,17.46112060546875
38,0.2166666666666659,0.38812255859375,1.44036865234375,22.92486572265625
37,0.28333333333333233,0.0443115234375,1.07366943359375,23.72943115234375
36,0.34417125238496687,-0.05908203125,0,23.66241455078125
41,0.024999999999999911,0.200439453125,1.03955078125,3.63818359375
40,0.091666666666666341,0.3719482421875,1.05438232421875,10.80645751953125
39,0.15833333333333277,0.2777099609375,1.1881103515625,18.25640869140625
38,0.2249999999999992,0.39190673828125,1.4202880859375,23.3135986328125
37,0.29166666666666563,0.04376220703125,1.02069091796875,23.82073974609375
41,0.033333333333333215,0.20904541015625,1.07073974609375,4.548583984375
40,0.099999999999999645,0.389892578125,1.06427001953125,11.7064208984375
39,0.16666666666666607,0.2821044921875,1.1885986328125,18.99969482421875
38,0.2333333333333325,0.3951416015625,1.39569091796875,23.64892578125
37,0.29999999999999893,0.04327392578125,0.96478271484375,23.9119873046875
41,0.041666666666666519,0.21759033203125,1.1019287109375,5.45904541015625
40,0.10833333333333295,0.40777587890625,1.0740966796875,12.60638427734375
39,0.17499999999999938,0.28619384765625,1.18536376953125,19.69091796875
38,0.24166666666666581,0.39788818359375,1.366455078125,23.93084716796875
37,0.30833333333333224,0.042724609375,0.90582275390625,24.0032958984375
41,0.049999999999999822,0.22613525390625,1.13311767578125,6.3695068359375
40,0.11666666666666625,0.42572021484375,1.08392333984375,13.50634765625
39,0.18333333333333268,0.28997802734375,1.17828369140625,20.330078125
38,0.24999999999999911,0.40008544921875,1.33270263671875,24.1593017578125
37,0.31666666666666554,0.042236328125,0.8438720703125,24.0946044921875
41,0.058333333333333126,0.2347412109375,1.16424560546875,7.27996826171875
40,0.12499999999999956,0.44366455078125,1.09381103515625,14.4063720703125
39,0.19166666666666599,0.29345703125,1.16748046875,20.91717529296875
38,0.25833333333333242,0.40179443359375,1.29437255859375,24.3343505859375
37,0.32499999999999885,0.04168701171875,0.77886962890625,24.1859130859375
42,0,0.17474365234375,0.946044921875,0.90679931640625
41,0.06666666666666643,0.2432861328125,1.1954345703125,8.1904296875
40,0.13333333333333286,0.4615478515625,1.1036376953125,15.30633544921875
39,0.19999999999999929,0.296630859375,1.15289306640625,21.45220947265625
38,0.26666666666666572,0.4029541015625,1.25146484375,24.4560546875
37,0.33333333333333215,0.0411376953125,0.7109375,24.2772216796875
42,0.0083333333333333037,0.14862060546875,0.9866943359375,1.82061767578125
41,0.074999999999999734,0.2518310546875,1.22662353515625,9.10089111328125
40,0.14166666666666616,0.47900390625,1.1116943359375,16.18096923828125
39,0.20833333333333259,0.29949951171875,1.13446044921875,21.9351806640625
38,0.274999999999999,0.40386962890625,1.204833984375,24.551025390625
37,0.34166666666666545,0.0406494140625,0.6400146484375,24.368408203125
42,0.016666666666666607,0.1224365234375,1.02734375,2.73443603515625
41,0.083333333333333037,0.26043701171875,1.2578125,10.0113525390625
40,0.14999999999999947,0.49542236328125,1.11627197265625,17.0050048828125
39,0.2166666666666659,0.30206298828125,1.11236572265625,22.3660888671875
38,0.28333333333333233,0.40484619140625,1.15521240234375,24.64599609375
37,0.34999999999999876,0.04010009765625,0.56610107421875,24.459716796875
42,0.024999999999999911,0.0963134765625,1.0679931640625,3.64825439453125
41,0.091666666666666341,0.26898193359375,1.2889404296875,10.92181396484375
40,0.15833333333333277,0.51080322265625,1.1171875,17.7784423828125
39,0.2249999999999992,0.3043212890625,1.0865478515625,22.74493408203125
38,0.29166666666666563,0.40576171875,1.10260009765625,24.740966796875
37,0.35833333333333206,0.03961181640625,0.48919677734375,24.551025390625
42,0.033333333333333215,0.0701904296875,1.10870361328125,4.56207275390625
41,0.099999999999999645,0.277587890625,1.32012939453125,11.83221435546875
40,0.16666666666666607,0.52520751953125,1.1146240234375,18.501220703125
39,0.2333333333333325,0.3062744140625,1.05694580078125,23.07177734375
38,0.29999999999999893,0.40667724609375,1.04693603515625,24.8359375
37,0.36666666666666536,0.0390625,0.40924072265625,24.642333984375
42,0.041666666666666519,0.04400634765625,1.14935302734375,5.47589111328125
41,0.10833333333333295,0.2861328125,1.351318359375,12.74267578125
40,0.17499999999999938,0.53857421875,1.1085205078125,19.17340087890625
39,0.24166666666666581,0.307861328125,1.02349853515625,23.34649658203125
38,0.30833333333333224,0.4075927734375,0.98834228515625,24.9307861328125
37,0.37499999999999867,0.03857421875,0.3262939453125,24.733642578125
42,0.049999999999999822,0.01788330078125,1.19000244140625,6.38970947265625
41,0.11666666666666625,0.294677734375,1.38250732421875,13.65313720703125
40,0.18333333333333268,0.55096435546875,1.098876953125,19.794921875
39,0.24999999999999911,0.3092041015625,0.98638916015625,23.5692138671875
38,0.31666666666666554,0.40850830078125,0.9267578125,25.0257568359375
37,0.38333333333333197,0.03802490234375,0.24041748046875,24.824951171875
42,0.058333333333333126,-0.00823974609375,1.23065185546875,7.30352783203125
41,0.12499999999999956,0.30328369140625,1.41363525390625,14.5635986328125
40,0.19166666666666599,0.5623779296875,1.08563232421875,20.3658447265625
39,0.25833333333333242,0.31024169921875,0.9454345703125,23.73980712890625
38,0.32499999999999885,0.409423828125,0.862060546875,25.1207275390625
37,0.39166666666666528,0.03753662109375,0.1514892578125,24.916259765625
43,0,0.17474365234375,0.946044921875,0.90679931640625
42,0.06666666666666643,-0.034423828125,1.27130126953125,8.21734619140625
41,0.13333333333333286,0.31182861328125,1.44482421875,15.47406005859375
40,0.19999999999999929,0.57269287109375,1.06890869140625,20.8861083984375
39,0.26666666666666572,0.3109130859375,0.9007568359375,23.8583984375
38,0.33333333333333215,0.41033935546875,0.79449462890625,25.2156982421875
37,0.39182161080697359,0.03753662109375,0,24.91796875
43,0.0083333333333333037,0.18792724609375,0.95306396484375,1.80645751953125
42,0.074999999999999734,-0.060546875,1.31195068359375,9.13116455078125
41,0.14166666666666616,0.3201904296875,1.47357177734375,16.35888671875
40,0.20833333333333259,0.58209228515625,1.04852294921875,21.35577392578125
39,0.274999999999999,0.31146240234375,0.8526611328125,23.950927734375
38,0.34166666666666545,0.4112548828125,0.723876953125,25.3106689453125
43,0.016666666666666607,0.20111083984375,0.9600830078125,2.7061767578125
42,0.083333333333333037,-0.08673095703125,1.35260009765625,10.04498291015625
41,0.14999999999999947,0.3280029296875,1.4976806640625,17.1925048828125
40,0.2166666666666659,0.59039306640625,1.024658203125,21.77484130859375
39,0.28333333333333233,0.31201171875,0.8016357421875,24.04345703125
38,0.34999999999999876,0.41217041015625,0.6502685546875,25.4056396484375
43,0.024999999999999911,0.21429443359375,0.96710205078125,3.6058349609375
42,0.091666666666666341,-0.11285400390625,1.39324951171875,10.95880126953125
41,0.15833333333333277,0.33538818359375,1.5169677734375,17.9749755859375
40,0.2249999999999992,0.5977783203125,0.99725341796875,22.14324951171875
39,0.29166666666666563,0.31256103515625,0.74761962890625,24.135986328125
38,0.35833333333333206,0.4130859375,0.57366943359375,25.5006103515625
43,0.033333333333333215,0.22747802734375,0.97412109375,4.50555419921875
42,0.099999999999999645,-0.13897705078125,1.4339599609375,11.87261962890625
41,0.16666666666666607,0.34222412109375,1.531494140625,18.7061767578125
40,0.2333333333333325,0.60406494140625,0.96630859375,22.4610595703125
39,0.29999999999999893,0.3131103515625,0.6905517578125,24.2286376953125
38,0.36666666666666536,0.41400146484375,0.49407958984375,25.5955810546875
43,0.041666666666666519,0.24066162109375,0.98114013671875,5.40521240234375
42,0.10833333333333295,-0.1651611328125,1.474609375,12.78643798828125
41,0.17499999999999938,0.3486328125,1.5413818359375,19.38616943359375
40,0.24166666666666581,0.60943603515625,0.9317626953125,22.728271484375
39,0.30833333333333224,0.31365966796875,0.6304931640625,24.3211669921875
38,0.37499999999999867,0.4149169921875,0.41143798828125,25.6905517578125
43,0.049999999999999822,0.25384521484375,0.9881591796875,6.30487060546875
42,0.11666666666666625,-0.1912841796875,1.5152587890625,13.70025634765625
41,0.18333333333333268,0.35455322265625,1.54638671875,20.01495361328125
40,0.24999999999999911,0.61370849609375,0.89373779296875,22.94482421875
39,0.31666666666666554,0.314208984375,0.5675048828125,24.4136962890625
38,0.38333333333333197,0.41583251953125,0.325927734375,25.785400390625
43,0.058333333333333126,0.26702880859375,0.99517822265625,7.20458984375
42,0.12499999999999956,-0.2174072265625,1.555908203125,14.61407470703125
41,0.19166666666666599,0.3599853515625,1.5467529296875,20.592529296875
40,0.25833333333333242,0.61700439453125,0.85205078125,23.1107177734375
39,0.32499999999999885,0.31475830078125,0.50140380859375,24.5062255859375
38,0.39166666666666528,0.41680908203125,0.2373046875,25.88037109375
44,0,0.17474365234375,0.946044921875,0.90679931640625
43,0.06666666666666643,0.28021240234375,1.002197265625,8.104248046875
42,0.13333333333333286,-0.24359130859375,1.5965576171875,15.52789306640625
41,0.19999999999999929,0.36492919921875,1.54229736328125,21.11883544921875
40,0.26666666666666572,0.61932373046875,0.806884765625,23.22607421875
39,0.33333333333333215,0.3153076171875,0.432373046875,24.5987548828125
38,0.39963323837678266,0.41766357421875,0,25.97119140625
44,0.0083333333333333037,0.20880126953125,0.96942138671875,1.797119140625
43,0.074999999999999734,0.29339599609375,1.00921630859375,9.00390625
42,0.14166666666666616,-0.26898193359375,1.634521484375,16.416015625
41,0.20833333333333259,0.36944580078125,1.53302001953125,21.593994140625
40,0.274999999999999,0.62109375,0.7584228515625,23.3160400390625
39,0.34166666666666545,0.31585693359375,0.36041259765625,24.6912841796875
44,0.016666666666666607,0.24285888671875,0.9927978515625,2.6873779296875
43,0.083333333333333037,0.30657958984375,1.0162353515625,9.90362548828125
42,0.14999999999999947,-0.29290771484375,1.66729736328125,17.252685546875
41,0.2166666666666659,0.3734130859375,1.51910400390625,22.0179443359375
40,0.28333333333333233,0.6229248046875,0.70703125,23.40606689453125
39,0.34999999999999876,0.31640625,0.28533935546875,24.7838134765625
44,0.024999999999999911,0.27691650390625,1.0162353515625,3.57769775390625
43,0.091666666666666341,0.31976318359375,1.02325439453125,10.80328369140625
42,0.15833333333333277,-0.31536865234375,1.69476318359375,18.03802490234375
41,0.2249999999999992,0.376953125,1.50042724609375,22.390625
40,0.29166666666666563,0.62469482421875,0.65264892578125,23.49603271484375
39,0.35833333333333206,0.31695556640625,0.20733642578125,24.87646484375
44,0.033333333333333215,0.31097412109375,1.03961181640625,4.46795654296875
43,0.099999999999999645,0.33294677734375,1.0302734375,11.7030029296875
42,0.16666666666666607,-0.33636474609375,1.7169189453125,18.77191162109375
41,0.2333333333333325,0.37994384765625,1.47705078125,22.712158203125
40,0.29999999999999893,0.62652587890625,0.59521484375,23.5860595703125
39,0.3642551048888612,0.31732177734375,0,24.9422607421875
44,0.041666666666666519,0.34503173828125,1.06298828125,5.3582763671875
43,0.10833333333333295,0.34613037109375,1.0372314453125,12.6026611328125
42,0.17499999999999938,-0.35589599609375,1.73382568359375,19.4544677734375
41,0.24166666666666581,0.38250732421875,1.44879150390625,22.982421875
40,0.30833333333333224,0.6282958984375,0.5347900390625,23.676025390625
44,0.049999999999999822,0.37908935546875,1.08636474609375,6.24853515625
43,0.11666666666666625,0.35931396484375,1.04425048828125,13.5023193359375
42,0.18333333333333268,-0.37396240234375,1.74542236328125,20.0855712890625
41,0.24999999999999911,0.38458251953125,1.4158935546875,23.2015380859375
40,0.31666666666666554,0.63006591796875,0.47137451171875,23.76605224609375
44,0.058333333333333126,0.41314697265625,1.10980224609375,7.13885498046875
43,0.12499999999999956,0.37249755859375,1.05126953125,14.40203857421875
42,0.19166666666666599,-0.39056396484375,1.75177001953125,20.66522216796875
41,0.25833333333333242,0.3861083984375,1.378173828125,23.369384765625
40,0.32499999999999885,0.63189697265625,0.4049072265625,23.85601806640625
45,0,0.17474365234375,0.946044921875,0.90679931640625
44,0.06666666666666643,0.44720458984375,1.1331787109375,8.02911376953125
43,0.13333333333333286,0.38568115234375,1.05828857421875,15.30169677734375
42,0.19999999999999929,-0.4056396484375,1.7528076171875,21.19354248046875
41,0.26666666666666572,0.38720703125,1.33575439453125,23.48602294921875
40,0.33333333333333215,0.6336669921875,0.33551025390625,23.946044921875
45,0.0083333333333333037,0.184326171875,0.98004150390625,1.8048095703125
44,0.074999999999999734,0.4813232421875,1.15655517578125,8.91943359375
43,0.14166666666666616,0.39849853515625,1.0635986328125,16.17608642578125
42,0.20833333333333259,-0.4193115234375,1.74853515625,21.67047119140625
41,0.274999999999999,0.3880615234375,1.2894287109375,23.57708740234375
40,0.34166666666666545,0.63543701171875,0.26312255859375,24.0360107421875
45,0.016666666666666607,0.1939697265625,1.01397705078125,2.702880859375
44,0.083333333333333037,0.515380859375,1.179931640625,9.8096923828125
43,0.14999999999999947,0.41058349609375,1.0655517578125,16.9998779296875
42,0.2166666666666659,-0.43145751953125,1.739013671875,22.095947265625
41,0.28333333333333233,0.388916015625,1.24017333984375,23.66815185546875
40,0.34999999999999876,0.63726806640625,0.187744140625,24.1259765625
45,0.024999999999999911,0.20355224609375,1.0479736328125,3.60089111328125
44,0.091666666666666341,0.5494384765625,1.20330810546875,10.70001220703125
43,0.15833333333333277,0.421875,1.0640869140625,17.77301025390625
42,0.2249999999999992,-0.44219970703125,1.7242431640625,22.47003173828125
41,0.29166666666666563,0.38983154296875,1.1878662109375,23.7591552734375
40,0.35403675308071708,0.63812255859375,0,24.1695556640625
45,0.033333333333333215,0.213134765625,1.08197021484375,4.49896240234375
44,0.099999999999999645,0.58349609375,1.22674560546875,11.59027099609375
43,0.16666666666666607,0.4324951171875,1.0592041015625,18.49560546875
42,0.2333333333333325,-0.451416015625,1.70416259765625,22.792724609375
41,0.29999999999999893,0.39068603515625,1.132568359375,23.8502197265625
45,0.041666666666666519,0.22271728515625,1.115966796875,5.39697265625
44,0.10833333333333295,0.6175537109375,1.2501220703125,12.4805908203125
43,0.17499999999999938,0.44232177734375,1.051025390625,19.16754150390625
42,0.24166666666666581,-0.45916748046875,1.67877197265625,23.06402587890625
41,0.30833333333333224,0.39154052734375,1.07427978515625,23.9412841796875
45,0.049999999999999822,0.23236083984375,1.14990234375,6.2950439453125
44,0.11666666666666625,0.651611328125,1.27349853515625,13.37091064453125
43,0.18333333333333268,0.451416015625,1.0394287109375,19.78887939453125
42,0.24999999999999911,-0.4654541015625,1.64813232421875,23.28387451171875
41,0.31666666666666554,0.39239501953125,1.01300048828125,24.0323486328125
45,0.058333333333333126,0.241943359375,1.18389892578125,7.19305419921875
44,0.12499999999999956,0.6856689453125,1.296875,14.26116943359375
43,0.19166666666666599,0.45977783203125,1.0244140625,20.359619140625
42,0.25833333333333242,-0.47027587890625,1.6121826171875,23.452392578125
41,0.32499999999999885,0.39324951171875,0.94866943359375,24.1234130859375
46,0,0.17474365234375,0.946044921875,0.90679931640625
45,0.06666666666666643,0.25152587890625,1.2178955078125,8.09112548828125
44,0.13333333333333286,0.7197265625,1.32025146484375,15.1514892578125
43,0.19999999999999929,0.4674072265625,1.0059814453125,20.8797607421875
42,0.26666666666666572,-0.4736328125,1.5709228515625,23.5694580078125
41,0.33333333333333215,0.39410400390625,0.88140869140625,24.21435546875
46,0.0083333333333333037,0.18280029296875,0.945556640625,1.76837158203125
45,0.074999999999999734,0.2611083984375,1.25189208984375,8.9891357421875
44,0.14166666666666616,0.7528076171875,1.34149169921875,16.0167236328125
43,0.20833333333333259,0.47430419921875,0.984130859375,21.3492431640625
42,0.274999999999999,-0.47625732421875,1.52557373046875,23.66082763671875
41,0.34166666666666545,0.39495849609375,0.8111572265625,24.305419921875
46,0.016666666666666607,0.19091796875,0.945068359375,2.62994384765625
45,0.083333333333333037,0.270751953125,1.28582763671875,9.88720703125
44,0.14999999999999947,0.78399658203125,1.35845947265625,16.8319091796875
43,0.2166666666666659,0.48040771484375,0.958984375,21.7681884765625
42,0.28333333333333233,-0.4788818359375,1.47723388671875,23.75225830078125
41,0.34999999999999876,0.39581298828125,0.7379150390625,24.396484375
46,0.024999999999999911,0.198974609375,0.944580078125,3.49151611328125
45,0.091666666666666341,0.28033447265625,1.31982421875,10.78521728515625
44,0.15833333333333277,0.81329345703125,1.37103271484375,17.59698486328125
43,0.2249999999999992,0.48583984375,0.930419921875,22.136474609375
42,0.29166666666666563,-0.48150634765625,1.4259033203125,23.8436279296875
41,0.35833333333333206,0.39666748046875,0.66168212890625,24.487548828125
46,0.033333333333333215,0.20703125,0.944091796875,4.35308837890625
45,0.099999999999999645,0.2899169921875,1.35382080078125,11.68328857421875
44,0.16666666666666607,0.84063720703125,1.37933349609375,18.31201171875
43,0.2333333333333325,0.490478515625,0.8984375,22.45416259765625
42,0.29999999999999893,-0.48406982421875,1.37158203125,23.93499755859375
41,0.36666666666666536,0.39752197265625,0.5823974609375,24.57861328125
46,0.041666666666666519,0.21514892578125,0.943603515625,5.21466064453125
45,0.10833333333333295,0.299560546875,1.3878173828125,12.581298828125
44,0.17499999999999938,0.8660888671875,1.38336181640625,18.9769287109375
43,0.24166666666666581,0.494384765625,0.863037109375,22.72125244140625
42,0.30833333333333224,-0.4866943359375,1.314208984375,24.0263671875
41,0.37499999999999867,0.39837646484375,0.5001220703125,24.669677734375
46,0.049999999999999822,0.22320556640625,0.943115234375,6.07623291015625
45,0.11666666666666625,0.30914306640625,1.4217529296875,13.4793701171875
44,0.18333333333333268,0.88958740234375,1.383056640625,19.591796875
43,0.24999999999999911,0.49755859375,0.8243408203125,22.937744140625
42,0.31666666666666554,-0.48931884765625,1.25390625,24.1177978515625
41,0.38333333333333197,0.39923095703125,0.4149169921875,24.7606201171875
46,0.058333333333333126,0.23126220703125,0.942626953125,6.93780517578125
45,0.12499999999999956,0.3187255859375,1.45574951171875,14.37738037109375
44,0.19166666666666599,0.91119384765625,1.37841796875,20.15655517578125
43,0.25833333333333242,0.5,0.78216552734375,23.1036376953125
42,0.32499999999999885,-0.491943359375,1.19049072265625,24.2091064453125
41,0.39166666666666528,0.40008544921875,0.32666015625,24.8516845703125
47,0,0.17474365234375,0.946044921875,0.90679931640625
46,0.06666666666666643,0.23931884765625,0.942138671875,7.79937744140625
45,0.13333333333333286,0.32830810546875,1.48974609375,15.27545166015625
44,0.19999999999999929,0.930908203125,1.36944580078125,20.6712646484375
43,0.26666666666666572,0.501708984375,0.73663330078125,23.21893310546875
42,0.33333333333333215,-0.49456787109375,1.12420654296875,24.300537109375
41,0.39999999999999858,0.40093994140625,0.23541259765625,24.9427490234375
47,0.0083333333333333037,0.18414306640625,0.95880126953125,1.80487060546875
46,0.074999999999999734,0.2474365234375,0.941650390625,8.66094970703125
45,0.14166666666666616,0.337646484375,1.521240234375,16.148193359375
44,0.20833333333333259,0.94866943359375,1.35614013671875,21.1358642578125
43,0.274999999999999,0.50299072265625,0.68792724609375,23.30889892578125
42,0.34166666666666545,-0.4971923828125,1.054931640625,24.391845703125
41,0.40757223047469204,0.4017333984375,0,25.0255126953125
47,0.016666666666666607,0.19354248046875,0.97149658203125,2.70294189453125
46,0.083333333333333037,0.2554931640625,0.941162109375,9.52252197265625
45,0.14999999999999947,0.346435546875,1.54791259765625,16.970458984375
44,0.2166666666666659,0.96453857421875,1.338623046875,21.5504150390625
43,0.28333333333333233,0.50433349609375,0.63623046875,23.39886474609375
42,0.34999999999999876,-0.49981689453125,0.9825439453125,24.4832763671875
47,0.024999999999999911,0.20294189453125,0.9842529296875,3.60101318359375
46,0.091666666666666341,0.2635498046875,0.940673828125,10.38409423828125
45,0.15833333333333277,0.35467529296875,1.569580078125,17.74224853515625
44,0.2249999999999992,0.97845458984375,1.3167724609375,21.9149169921875
43,0.29166666666666563,0.505615234375,0.58154296875,23.48883056640625
42,0.35833333333333206,-0.50238037109375,0.90728759765625,24.57470703125
47,0.033333333333333215,0.21240234375,0.99700927734375,4.4990234375
46,0.099999999999999645,0.27166748046875,0.940185546875,11.24566650390625
45,0.16666666666666607,0.3624267578125,1.58636474609375,18.46343994140625
44,0.2333333333333325,0.99053955078125,1.29058837890625,22.22930908203125
43,0.29999999999999893,0.5069580078125,0.5238037109375,23.57879638671875
42,0.36666666666666536,-0.5050048828125,0.82891845703125,24.666015625
47,0.041666666666666519,0.2218017578125,1.00970458984375,5.3970947265625
46,0.10833333333333295,0.27972412109375,0.939697265625,12.10723876953125
45,0.17499999999999938,0.36956787109375,1.59832763671875,19.13421630859375
44,0.24166666666666581,1.0006103515625,1.26007080078125,22.49359130859375
43,0.30833333333333224,0.50830078125,0.463134765625,23.66876220703125
42,0.37499999999999867,-0.50762939453125,0.74761962890625,24.7574462890625
47,0.049999999999999822,0.231201171875,1.0224609375,6.295166015625
46,0.11666666666666625,0.28778076171875,0.939208984375,12.96881103515625
45,0.18333333333333268,0.376220703125,1.60528564453125,19.75439453125
44,0.24999999999999911,1.0087890625,1.22528076171875,22.70782470703125
43,0.31666666666666554,0.50958251953125,0.3994140625,23.75872802734375
42,0.38333333333333197,-0.51025390625,0.66339111328125,24.848876953125
47,0.058333333333333126,0.2406005859375,1.03515625,7.1932373046875
46,0.12499999999999956,0.2958984375,0.938720703125,13.83038330078125
45,0.19166666666666599,0.38226318359375,1.607421875,20.3240966796875
44,0.25833333333333242,1.01507568359375,1.1861572265625,22.8719482421875
43,0.32499999999999885,0.51092529296875,0.33270263671875,23.84869384765625
42,0.39166666666666528,-0.51287841796875,0.5760498046875,24.940185546875
48,0,0.17474365234375,0.946044921875,0.90679931640625
47,0.06666666666666643,0.25,1.04791259765625,8.09130859375
46,0.13333333333333286,0.303955078125,0.938232421875,14.69195556640625
45,0.19999999999999929,0.3878173828125,1.60455322265625,20.84326171875
44,0.26666666666666572,1.01947021484375,1.1427001953125,22.98602294921875
43,0.33333333333333215,0.51220703125,0.26300048828125,23.93865966796875
42,0.39999999999999858,-0.5155029296875,0.48577880859375,25.0316162109375
48,0.0083333333333333037,0.18768310546875,0.96392822265625,1.77459716796875
47,0.074999999999999734,0.2593994140625,1.0606689453125,8.9893798828125
46,0.14166666666666616,0.31182861328125,0.936279296875,15.529296875
45,0.20833333333333259,0.392822265625,1.5968017578125,21.31195068359375
44,0.274999999999999,1.02288818359375,1.0955810546875,23.0750732421875
43,0.34166666666666545,0.5135498046875,0.19036865234375,24.028564453125
42,0.40833333333333188,-0.51806640625,0.3924560546875,25.1229248046875
48,0.016666666666666607,0.2005615234375,0.9818115234375,2.64239501953125
47,0.083333333333333037,0.268798828125,1.0733642578125,9.887451171875
46,0.14999999999999947,0.3192138671875,0.93133544921875,16.31817626953125
45,0.2166666666666659,0.3973388671875,1.58416748046875,21.7301025390625
44,0.28333333333333233,1.0262451171875,1.0455322265625,23.1640625
43,0.34613203670784864,0.5142822265625,0,24.0767822265625
42,0.41666666666666519,-0.52069091796875,0.29620361328125,25.21435546875
48,0.024999999999999911,0.2135009765625,0.99969482421875,3.51019287109375
47,0.091666666666666341,0.27825927734375,1.08612060546875,10.7855224609375
46,0.15833333333333277,0.32611083984375,0.92340087890625,17.05859375
45,0.2249999999999992,0.4012451171875,1.566650390625,22.09771728515625
44,0.29166666666666563,1.0296630859375,0.99249267578125,23.25311279296875
42,0.42499999999999849,-0.5233154296875,0.19696044921875,25.3057861328125
48,0.033333333333333215,0.22637939453125,1.01763916015625,4.37799072265625
47,0.099999999999999645,0.28765869140625,1.098876953125,11.68353271484375
46,0.16666666666666607,0.3326416015625,0.91253662109375,17.75054931640625
45,0.2333333333333325,0.4046630859375,1.54425048828125,22.41485595703125
44,0.29999999999999893,1.0330810546875,0.9364013671875,23.3421630859375
42,0.42884339136269489,-0.5245361328125,0,25.347900390625
48,0.041666666666666519,0.23931884765625,1.0355224609375,5.24578857421875
47,0.10833333333333295,0.29705810546875,1.111572265625,12.58160400390625
46,0.17499999999999938,0.338623046875,0.89874267578125,18.39404296875
45,0.24166666666666581,0.407470703125,1.516845703125,22.68145751953125
44,0.30833333333333224,1.0364990234375,0.8773193359375,23.43115234375
48,0.049999999999999822,0.25225830078125,1.05340576171875,6.11358642578125
47,0.11666666666666625,0.30645751953125,1.12432861328125,13.47967529296875
46,0.18333333333333268,0.34423828125,0.88189697265625,18.98907470703125
45,0.24999999999999911,0.4097900390625,1.484619140625,22.89752197265625
44,0.31666666666666554,1.0399169921875,0.8153076171875,23.52020263671875
48,0.058333333333333126,0.26513671875,1.0712890625,6.9814453125
47,0.12499999999999956,0.31585693359375,1.1370849609375,14.37774658203125
46,0.19166666666666599,0.349365234375,0.86212158203125,19.53564453125
45,0.25833333333333242,0.41156005859375,1.44744873046875,23.0631103515625
44,0.32499999999999885,1.0433349609375,0.75018310546875,23.6092529296875
49,0,0.17474365234375,0.946044921875,0.90679931640625
48,0.06666666666666643,0.278076171875,1.08917236328125,7.8492431640625
47,0.13333333333333286,0.32525634765625,1.1497802734375,15.27581787109375
46,0.19999999999999929,0.35400390625,0.83941650390625,20.03375244140625
45,0.26666666666666572,0.41278076171875,1.40533447265625,23.17816162109375
44,0.33333333333333215,1.04669189453125,0.68212890625,23.6982421875
49,0.0083333333333333037,0.19525146484375,0.94976806640625,1.80645751953125
48,0.074999999999999734,0.291015625,1.1070556640625,8.717041015625
47,0.14166666666666616,0.33441162109375,1.16064453125,16.14862060546875
46,0.20833333333333259,0.35821533203125,0.81365966796875,20.4833984375
45,0.274999999999999,0.41375732421875,1.35931396484375,23.26800537109375
44,0.34166666666666545,1.05010986328125,0.61114501953125,23.78729248046875
49,0.016666666666666607,0.21575927734375,0.95343017578125,2.70611572265625
48,0.083333333333333037,0.30389404296875,1.12493896484375,9.5848388671875
47,0.14999999999999947,0.343017578125,1.1678466796875,16.97088623046875
46,0.2166666666666659,0.36199951171875,0.78497314453125,20.884521484375
45,0.28333333333333233,0.41473388671875,1.310302734375,23.3577880859375
44,0.34999999999999876,1.05352783203125,0.53704833984375,23.8763427734375
49,0.024999999999999911,0.23626708984375,0.9571533203125,3.605712890625
48,0.091666666666666341,0.31683349609375,1.14288330078125,10.45263671875
47,0.15833333333333277,0.35113525390625,1.1712646484375,17.74267578125
46,0.2249999999999992,0.36529541015625,0.75335693359375,21.23724365234375
45,0.29166666666666563,0.41571044921875,1.25830078125,23.44757080078125
44,0.35833333333333206,1.05694580078125,0.46002197265625,23.96533203125
49,0.033333333333333215,0.25677490234375,0.9608154296875,4.50537109375
48,0.099999999999999645,0.3297119140625,1.1607666015625,11.3204345703125
47,0.16666666666666607,0.35870361328125,1.1710205078125,18.46392822265625
46,0.2333333333333325,0.3681640625,0.71875,21.54150390625
45,0.29999999999999893,0.4166259765625,1.20330810546875,23.53741455078125
44,0.36666666666666536,1.06036376953125,0.3800048828125,24.054443359375
49,0.041666666666666519,0.27728271484375,0.96453857421875,5.405029296875
48,0.10833333333333295,0.3426513671875,1.17864990234375,12.188232421875
47,0.17499999999999938,0.36572265625,1.1671142578125,19.13470458984375
46,0.24166666666666581,0.37054443359375,0.68109130859375,21.7972412109375
45,0.30833333333333224,0.4176025390625,1.145263671875,23.627197265625
44,0.37499999999999867,1.063720703125,0.29693603515625,24.1434326171875
49,0.049999999999999822,0.29779052734375,0.96820068359375,6.3046875
48,0.11666666666666625,0.3555908203125,1.196533203125,13.0560302734375
47,0.18333333333333268,0.3721923828125,1.159423828125,19.7548828125
46,0.24999999999999911,0.37249755859375,0.640625,22.00457763671875
45,0.31666666666666554,0.4185791015625,1.08428955078125,23.71697998046875
44,0.38333333333333197,1.067138671875,0.2109375,24.232421875
49,0.058333333333333126,0.318359375,0.971923828125,7.20428466796875
48,0.12499999999999956,0.36846923828125,1.21441650390625,13.923828125
47,0.19166666666666599,0.378173828125,1.14801025390625,20.3245849609375
46,0.25833333333333242,0.37396240234375,0.5970458984375,22.1634521484375
45,0.32499999999999885,0.41949462890625,1.020263671875,23.80682373046875
44,0.38906025903786207,1.0694580078125,0,24.2935791015625
50,0,0.17474365234375,0.946044921875,0.90679931640625
49,0.06666666666666643,0.3388671875,0.9755859375,8.10394287109375
48,0.13333333333333286,0.38140869140625,1.2322998046875,14.7916259765625
47,0.19999999999999929,0.38360595703125,1.1329345703125,20.84381103515625
46,0.26666666666666572,0.375,0.550537109375,22.2738037109375
45,0.33333333333333215,0.42047119140625,0.9532470703125,23.8966064453125
50,0.0083333333333333037,0.18438720703125,0.9788818359375,1.82244873046875
49,0.074999999999999734,0.359375,0.97930908203125,9.00360107421875
48,0.14166666666666616,0.39398193359375,1.2481689453125,15.635009765625
47,0.20833333333333259,0.3885498046875,1.11407470703125,21.3125
46,0.274999999999999,0.37579345703125,0.50103759765625,22.3599853515625
45,0.34166666666666545,0.42144775390625,0.88330078125,23.98638916015625
50,0.016666666666666607,0.194091796875,1.01171875,2.73809814453125
49,0.083333333333333037,0.3798828125,0.9830322265625,9.90325927734375
48,0.14999999999999947,0.40576171875,1.2601318359375,16.42962646484375
47,0.2166666666666659,0.39288330078125,1.091552734375,21.73065185546875
46,0.28333333333333233,0.37664794921875,0.4486083984375,22.4461669921875
45,0.34999999999999876,0.42242431640625,0.810302734375,24.076171875
50,0.024999999999999911,0.2037353515625,1.04461669921875,3.6536865234375
49,0.091666666666666341,0.400390625,0.9866943359375,10.8028564453125
48,0.15833333333333277,0.4168701171875,1.2679443359375,17.1754150390625
47,0.2249999999999992,0.396728515625,1.0653076171875,22.0982666015625
46,0.29166666666666563,0.37744140625,0.3931884765625,22.53228759765625
45,0.35833333333333206,0.42333984375,0.73431396484375,24.166015625
50,0.033333333333333215,0.21337890625,1.07745361328125,4.5693359375
49,0.099999999999999645,0.4208984375,0.99041748046875,11.7025146484375
48,0.16666666666666607,0.42724609375,1.2718505859375,17.872314453125
47,0.2333333333333325,0.40008544921875,1.035400390625,22.4154052734375
46,0.29999999999999893,0.37823486328125,0.334716796875,22.61846923828125
45,0.36666666666666536,0.42431640625,0.65533447265625,24.255859375
50,0.041666666666666519,0.2230224609375,1.11029052734375,5.4849853515625
49,0.10833333333333295,0.44140625,0.99407958984375,12.6021728515625
48,0.17499999999999938,0.4368896484375,1.27178955078125,18.5205078125
47,0.24166666666666581,0.40289306640625,1.001708984375,22.6820068359375
46,0.30833333333333224,0.3790283203125,0.27325439453125,22.70458984375
45,0.37499999999999867,0.42529296875,0.5733642578125,24.3455810546875
50,0.049999999999999822,0.23272705078125,1.14312744140625,6.400634765625
49,0.11666666666666625,0.4619140625,0.997802734375,13.5018310546875
48,0.18333333333333268,0.44580078125,1.26763916015625,19.11981201171875
47,0.24999999999999911,0.4051513671875,0.96435546875,22.89813232421875
46,0.31666666666666554,0.3798828125,0.20880126953125,22.790771484375
45,0.38333333333333197,0.42620849609375,0.4884033203125,24.4354248046875
50,0.058333333333333126,0.24237060546875,1.17596435546875,7.31622314453125
49,0.12499999999999956,0.482421875,1.00146484375,14.4014892578125
48,0.19166666666666599,0.45404052734375,1.259521484375,19.6702880859375
47,0.25833333333333242,0.4068603515625,0.92327880859375,23.063720703125
46,0.32395255392477385,0.38055419921875,0,22.86614990234375
45,0.39166666666666528,0.42718505859375,0.40045166015625,24.5252685546875
51,0,0.17474365234375,0.946044921875,0.90679931640625
50,0.06666666666666643,0.25201416015625,1.20880126953125,8.23187255859375
49,0.13333333333333286,0.5029296875,1.00518798828125,15.30108642578125
48,0.19999999999999929,0.46148681640625,1.2474365234375,20.1719970703125
47,0.26666666666666572,0.4080810546875,0.87841796875,23.17877197265625
45,0.39999999999999858,0.42816162109375,0.30950927734375,24.614990234375
51,0.0083333333333333037,0.1973876953125,0.933349609375,1.824951171875
50,0.074999999999999734,0.26165771484375,1.24169921875,9.14752197265625
49,0.14166666666666616,0.52288818359375,1.00726318359375,16.1754150390625
48,0.20833333333333259,0.46820068359375,1.23126220703125,20.6248779296875
47,0.274999999999999,0.40899658203125,0.83026123046875,23.2685546875
45,0.40833333333333188,0.42913818359375,0.21551513671875,24.704833984375
51,0.016666666666666607,0.2200927734375,0.920654296875,2.74310302734375
50,0.083333333333333037,0.2713623046875,1.2745361328125,10.06317138671875
49,0.14999999999999947,0.54168701171875,1.00616455078125,16.99920654296875
48,0.2166666666666659,0.4742431640625,1.21112060546875,21.02899169921875
47,0.28333333333333233,0.40997314453125,0.7791748046875,23.3583984375
45,0.41398500696504703,0.42974853515625,0,24.7657470703125
51,0.024999999999999911,0.24273681640625,0.907958984375,3.6612548828125
50,0.091666666666666341,0.281005859375,1.307373046875,10.978759765625
49,0.15833333333333277,0.55926513671875,1.0018310546875,17.7723388671875
48,0.2249999999999992,0.47955322265625,1.18701171875,21.38421630859375
47,0.29166666666666563,0.410888671875,0.72503662109375,23.44818115234375
51,0.033333333333333215,0.26544189453125,0.89520263671875,4.57940673828125
50,0.099999999999999645,0.2906494140625,1.3402099609375,11.8944091796875
49,0.16666666666666607,0.57574462890625,0.99432373046875,18.49481201171875
48,0.2333333333333325,0.48406982421875,1.158935546875,21.690673828125
47,0.29999999999999893,0.411865234375,0.66790771484375,23.5379638671875
51,0.041666666666666519,0.2880859375,0.88250732421875,5.49755859375
50,0.10833333333333295,0.30029296875,1.373046875,12.81005859375
49,0.17499999999999938,0.591064453125,0.983642578125,19.166748046875
48,0.24166666666666581,0.4879150390625,1.12677001953125,21.94830322265625
47,0.30833333333333224,0.41278076171875,0.6077880859375,23.6278076171875
51,0.049999999999999822,0.310791015625,0.86981201171875,6.41571044921875
50,0.11666666666666625,0.30999755859375,1.4058837890625,13.7257080078125
49,0.18333333333333268,0.60528564453125,0.9697265625,19.7880859375
48,0.24999999999999911,0.49102783203125,1.09063720703125,22.1571044921875
47,0.31666666666666554,0.4136962890625,0.54461669921875,23.71759033203125
51,0.058333333333333126,0.33343505859375,0.85711669921875,7.33380126953125
50,0.12499999999999956,0.31964111328125,1.43878173828125,14.64129638671875
49,0.19166666666666599,0.6182861328125,0.95257568359375,20.3587646484375
48,0.25833333333333242,0.493408203125,1.05047607421875,22.317138671875
47,0.32499999999999885,0.4146728515625,0.47845458984375,23.80743408203125
52,0,0.17474365234375,0.946044921875,0.90679931640625
51,0.06666666666666643,0.35614013671875,0.84442138671875,8.251953125
50,0.13333333333333286,0.32928466796875,1.47161865234375,15.55694580078125
49,0.19999999999999929,0.630126953125,0.9322509765625,20.87890625
48,0.26666666666666572,0.49505615234375,1.00634765625,22.42828369140625
47,0.33333333333333215,0.41558837890625,0.40936279296875,23.897216796875
52,0.0083333333333333037,0.14971923828125,0.98223876953125,1.8150634765625
51,0.074999999999999734,0.3787841796875,0.83172607421875,9.17010498046875
50,0.14166666666666616,0.33868408203125,1.50201416015625,16.44683837890625
49,0.20833333333333259,0.64080810546875,0.90869140625,21.348388671875
48,0.274999999999999,0.496337890625,0.95867919921875,22.51507568359375
47,0.34166666666666545,0.41656494140625,0.3372802734375,23.98699951171875
52,0.016666666666666607,0.12469482421875,1.0184326171875,2.72332763671875
51,0.083333333333333037,0.4014892578125,0.81903076171875,10.0882568359375
50,0.14999999999999947,0.3475341796875,1.52764892578125,17.28521728515625
49,0.2166666666666659,0.650390625,0.8819580078125,21.76727294921875
48,0.28333333333333233,0.4976806640625,0.90814208984375,22.60186767578125
47,0.34999999999999876,0.41748046875,0.26214599609375,24.0767822265625
52,0.024999999999999911,0.09967041015625,1.0546875,3.631591796875
51,0.091666666666666341,0.42413330078125,0.8062744140625,11.00640869140625
50,0.15833333333333277,0.3558349609375,1.54833984375,18.07208251953125
49,0.2249999999999992,0.65875244140625,0.85205078125,22.13555908203125
48,0.29166666666666563,0.49896240234375,0.8544921875,22.68865966796875
47,0.35833333333333206,0.41839599609375,0.18408203125,24.1666259765625
52,0.033333333333333215,0.07464599609375,1.09088134765625,4.5399169921875
51,0.099999999999999645,0.44683837890625,0.7935791015625,11.924560546875
50,0.16666666666666607,0.36358642578125,1.564208984375,18.8074951171875
49,0.2333333333333325,0.666015625,0.81890869140625,22.4532470703125
48,0.29999999999999893,0.500244140625,0.7978515625,22.77545166015625
47,0.3618571789741773,0.4188232421875,0,24.20458984375
52,0.041666666666666519,0.04962158203125,1.1270751953125,5.44818115234375
51,0.10833333333333295,0.469482421875,0.7808837890625,12.84271240234375
50,0.17499999999999938,0.37078857421875,1.5753173828125,19.4913330078125
49,0.24166666666666581,0.672119140625,0.78253173828125,22.7203369140625
48,0.30833333333333224,0.50152587890625,0.73822021484375,22.8621826171875
52,0.049999999999999822,0.02459716796875,1.16326904296875,6.3564453125
51,0.11666666666666625,0.49212646484375,0.7681884765625,13.7608642578125
50,0.18333333333333268,0.37750244140625,1.58154296875,20.12371826171875
49,0.24999999999999911,0.67706298828125,0.7430419921875,22.93682861328125
48,0.31666666666666554,0.5028076171875,0.6756591796875,22.948974609375
52,0.058333333333333126,-0.00048828125,1.19952392578125,7.26470947265625
51,0.12499999999999956,0.51483154296875,0.7554931640625,14.67901611328125
50,0.19166666666666599,0.38360595703125,1.5828857421875,20.70452880859375
49,0.25833333333333242,0.68084716796875,0.70025634765625,23.10272216796875
48,0.32499999999999885,0.50408935546875,0.6099853515625,23.0357666015625
53,0,0.17474365234375,0.946044921875,0.90679931640625
52,0.06666666666666643,-0.0255126953125,1.2357177734375,8.1729736328125
51,0.13333333333333286,0.5374755859375,0.7427978515625,15.59716796875
50,0.19999999999999929,0.38916015625,1.57940673828125,21.23388671875
49,0.26666666666666572,0.6834716796875,0.654296875,23.21795654296875
48,0.33333333333333215,0.50543212890625,0.5413818359375,23.12255859375
53,0.0083333333333333037,0.1934814453125,0.95562744140625,1.849365234375
52,0.074999999999999734,-0.050537109375,1.27191162109375,9.08123779296875
51,0.14166666666666616,0.55950927734375,0.7288818359375,16.489501953125
50,0.20833333333333259,0.39422607421875,1.571044921875,21.71173095703125
49,0.274999999999999,0.68548583984375,0.605224609375,23.30792236328125
48,0.34166666666666545,0.5067138671875,0.4698486328125,23.2093505859375
53,0.016666666666666607,0.21221923828125,0.9652099609375,2.7918701171875
52,0.083333333333333037,-0.0755615234375,1.30810546875,9.98956298828125
51,0.14999999999999947,0.58026123046875,0.71282958984375,17.33013916015625
50,0.2166666666666659,0.39874267578125,1.55792236328125,22.1380615234375
49,0.28333333333333233,0.68756103515625,0.55322265625,23.39788818359375
48,0.34999999999999876,0.50799560546875,0.39520263671875,23.29608154296875
53,0.024999999999999911,0.23095703125,0.9747314453125,3.73443603515625
52,0.091666666666666341,-0.1005859375,1.3443603515625,10.8978271484375
51,0.15833333333333277,0.59979248046875,0.69439697265625,18.11920166015625
50,0.2249999999999992,0.4027099609375,1.5399169921875,22.512939453125
49,0.29166666666666563,0.68963623046875,0.4981689453125,23.48785400390625
48,0.35833333333333206,0.50927734375,0.317626953125,23.38287353515625
53,0.033333333333333215,0.249755859375,0.98431396484375,4.677001953125
52,0.099999999999999645,-0.1256103515625,1.38055419921875,11.80609130859375
51,0.16666666666666607,0.61798095703125,0.6737060546875,18.8565673828125
50,0.2333333333333325,0.40606689453125,1.51708984375,22.83624267578125
49,0.29999999999999893,0.691650390625,0.44012451171875,23.57781982421875
48,0.36666666666666536,0.51055908203125,0.237060546875,23.46966552734375
53,0.041666666666666519,0.26849365234375,0.993896484375,5.6195068359375
52,0.10833333333333295,-0.150634765625,1.416748046875,12.71435546875
51,0.17499999999999938,0.6348876953125,0.6507568359375,19.54229736328125
50,0.24166666666666581,0.408935546875,1.4893798828125,23.10809326171875
49,0.30833333333333224,0.6937255859375,0.37908935546875,23.66778564453125
48,0.37499999999999867,0.5118408203125,0.1534423828125,23.55645751953125
53,0.049999999999999822,0.2872314453125,1.00347900390625,6.56207275390625
52,0.11666666666666625,-0.1756591796875,1.45294189453125,13.62261962890625
51,0.18333333333333268,0.65057373046875,0.62554931640625,20.1763916015625
50,0.24999999999999911,0.4112548828125,1.45684814453125,23.32843017578125
49,0.31666666666666554,0.69573974609375,0.3150634765625,23.75775146484375
48,0.37535250887083,0.51190185546875,0,23.56011962890625
53,0.058333333333333126,0.30596923828125,1.0130615234375,7.50457763671875
52,0.12499999999999956,-0.20068359375,1.48919677734375,14.5308837890625
51,0.19166666666666599,0.66497802734375,0.59796142578125,20.75885009765625
50,0.25833333333333242,0.4130859375,1.41949462890625,23.49725341796875
49,0.32499999999999885,0.69781494140625,0.24798583984375,23.84771728515625
54,0,0.17474365234375,0.946044921875,0.90679931640625
53,0.06666666666666643,0.32470703125,1.02264404296875,8.4471435546875
52,0.13333333333333286,-0.2257080078125,1.525390625,15.439208984375
51,0.19999999999999929,0.67803955078125,0.56817626953125,21.2896728515625
50,0.26666666666666572,0.414306640625,1.37725830078125,23.61456298828125
49,0.33333333333333215,0.69989013671875,0.177978515625,23.93768310546875
54,0.0083333333333333037,0.18310546875,0.943115234375,1.76947021484375
53,0.074999999999999734,0.34344482421875,1.03216552734375,9.38970947265625
52,0.14166666666666616,-0.25006103515625,1.55908203125,16.3218994140625
51,0.20833333333333259,0.68988037109375,0.53607177734375,21.768798828125
50,0.274999999999999,0.415283203125,1.3310546875,23.70611572265625
49,0.33655227770476337,0.70068359375,0,23.972412109375
54,0.016666666666666607,0.19140625,0.94024658203125,2.6322021484375
53,0.083333333333333037,0.36224365234375,1.041748046875,10.33221435546875
52,0.14999999999999947,-0.27294921875,1.5877685546875,17.153564453125
51,0.2166666666666659,0.700439453125,0.501708984375,22.19635009765625
50,0.28333333333333233,0.416259765625,1.281982421875,23.79766845703125
54,0.024999999999999911,0.19976806640625,0.93731689453125,3.494873046875
53,0.091666666666666341,0.3809814453125,1.05133056640625,11.2747802734375
52,0.15833333333333277,-0.29449462890625,1.61138916015625,17.93408203125
51,0.2249999999999992,0.709716796875,0.46502685546875,22.57220458984375
50,0.29166666666666563,0.41717529296875,1.2298583984375,23.88922119140625
54,0.033333333333333215,0.20806884765625,0.93438720703125,4.35760498046875
53,0.099999999999999645,0.39971923828125,1.0609130859375,12.21734619140625
52,0.16666666666666607,-0.3145751953125,1.62994384765625,18.66357421875
51,0.2333333333333325,0.71771240234375,0.4261474609375,22.89642333984375
50,0.29999999999999893,0.41815185546875,1.17474365234375,23.98077392578125
54,0.041666666666666519,0.2164306640625,0.93145751953125,5.22027587890625
53,0.10833333333333295,0.41845703125,1.07049560546875,13.15985107421875
52,0.17499999999999938,-0.333251953125,1.6435546875,19.3419189453125
51,0.24166666666666581,0.7244873046875,0.3848876953125,23.16900634765625
50,0.30833333333333224,0.41912841796875,1.11663818359375,24.0723876953125
54,0.049999999999999822,0.2247314453125,0.9285888671875,6.08294677734375
53,0.11666666666666625,0.43719482421875,1.08001708984375,14.1024169921875
52,0.18333333333333268,-0.35052490234375,1.652099609375,19.96917724609375
51,0.24999999999999911,0.72991943359375,0.3414306640625,23.38995361328125
50,0.31666666666666554,0.42010498046875,1.0555419921875,24.1639404296875
54,0.058333333333333126,0.23309326171875,0.9256591796875,6.9456787109375
53,0.12499999999999956,0.4559326171875,1.089599609375,15.04498291015625
52,0.19166666666666599,-0.366455078125,1.65557861328125,20.54541015625
51,0.25833333333333242,0.734130859375,0.295654296875,23.5592041015625
50,0.32499999999999885,0.42108154296875,0.9913330078125,24.2554931640625
55,0,0.17474365234375,0.946044921875,0.90679931640625
54,0.06666666666666643,0.24139404296875,0.9227294921875,7.808349609375
53,0.13333333333333286,0.47467041015625,1.09918212890625,15.98748779296875
52,0.19999999999999929,-0.38092041015625,1.654052734375,21.07049560546875
51,0.26666666666666572,0.73699951171875,0.24755859375,23.6768798828125
50,0.33333333333333215,0.42205810546875,0.92425537109375,24.3470458984375
55,0.0083333333333333037,0.181640625,0.96246337890625,1.79827880859375
54,0.074999999999999734,0.249755859375,0.9197998046875,8.67108154296875
53,0.14166666666666616,0.492919921875,1.10693359375,16.90350341796875
52,0.20833333333333259,-0.39398193359375,1.6474609375,21.54449462890625
51,0.274999999999999,0.7392578125,0.19683837890625,23.7686767578125
50,0.34166666666666545,0.4229736328125,0.85418701171875,24.4385986328125
55,0.016666666666666607,0.18853759765625,0.97894287109375,2.68975830078125
54,0.083333333333333037,0.258056640625,0.91693115234375,9.53375244140625
53,0.14999999999999947,0.51007080078125,1.11126708984375,17.76654052734375
52,0.2166666666666659,-0.4056396484375,1.6358642578125,21.9674072265625
51,0.28230928003429145,0.74127197265625,0,23.84918212890625
50,0.34999999999999876,0.4239501953125,0.78106689453125,24.5301513671875
55,0.024999999999999911,0.1954345703125,0.995361328125,3.5811767578125
54,0.091666666666666341,0.26641845703125,0.91400146484375,10.39642333984375
53,0.15833333333333277,0.52618408203125,1.11199951171875,18.5765380859375
52,0.2249999999999992,-0.41583251953125,1.6192626953125,22.3392333984375
50,0.35833333333333206,0.4249267578125,0.70501708984375,24.6217041015625
55,0.033333333333333215,0.20233154296875,1.0118408203125,4.47265625
54,0.099999999999999645,0.2747802734375,0.91107177734375,11.2591552734375
53,0.16666666666666607,0.541259765625,1.10919189453125,19.33355712890625
52,0.2333333333333325,-0.4246826171875,1.59759521484375,22.65997314453125
50,0.36666666666666536,0.4259033203125,0.6258544921875,24.7132568359375
55,0.041666666666666519,0.209228515625,1.02825927734375,5.3641357421875
54,0.10833333333333295,0.2830810546875,0.908203125,12.121826171875
53,0.17499999999999938,0.55523681640625,1.1029052734375,20.0374755859375
52,0.24166666666666581,-0.43212890625,1.57086181640625,22.92962646484375
50,0.37499999999999867,0.4268798828125,0.54376220703125,24.804931640625
55,0.049999999999999822,0.21612548828125,1.04473876953125,6.255615234375
54,0.11666666666666625,0.29144287109375,0.9052734375,12.98455810546875
53,0.18333333333333268,0.56817626953125,1.093017578125,20.68841552734375
52,0.24999999999999911,-0.43817138671875,1.5391845703125,23.14813232421875
50,0.38333333333333197,0.4278564453125,0.458740234375,24.896484375
55,0.058333333333333126,0.2230224609375,1.0611572265625,7.14703369140625
54,0.12499999999999956,0.29974365234375,0.90234375,13.84722900390625
53,0.19166666666666599,0.580078125,1.07965087890625,21.286376953125
52,0.25833333333333242,-0.4427490234375,1.50244140625,23.31561279296875
50,0.39166666666666528,0.42877197265625,0.37066650390625,24.988037109375
56,0,0.17474365234375,0.946044921875,0.90679931640625
55,0.06666666666666643,0.22991943359375,1.07763671875,8.03851318359375
54,0.13333333333333286,0.30810546875,0.8994140625,14.70989990234375
53,0.19999999999999929,0.5909423828125,1.06268310546875,21.831298828125
52,0.26666666666666572,-0.44598388671875,1.46063232421875,23.4320068359375
50,0.39999999999999858,0.42974853515625,0.27960205078125,25.07958984375
56,0.0083333333333333037,0.20941162109375,0.98394775390625,1.797119140625
55,0.074999999999999734,0.23681640625,1.09405517578125,8.92999267578125
54,0.14166666666666616,0.316162109375,0.89508056640625,15.54833984375
53,0.20833333333333259,0.6007080078125,1.04217529296875,22.32318115234375
52,0.274999999999999,-0.448486328125,1.414794921875,23.5228271484375
50,0.40833333333333188,0.43072509765625,0.185546875,25.171142578125
56,0.016666666666666607,0.24407958984375,1.0218505859375,2.6873779296875
55,0.083333333333333037,0.24371337890625,1.11053466796875,9.82147216796875
54,0.14999999999999947,0.32379150390625,0.887939453125,16.3382568359375
53,0.2166666666666659,0.60943603515625,1.0181884765625,22.76202392578125
52,0.28333333333333233,-0.45098876953125,1.36602783203125,23.6136474609375
50,0.41140259226769144,0.43109130859375,0,25.204833984375
56,0.024999999999999911,0.27874755859375,1.05975341796875,3.57769775390625
55,0.091666666666666341,0.2506103515625,1.126953125,10.712890625
54,0.15833333333333277,0.33099365234375,0.8779296875,17.07965087890625
53,0.2249999999999992,0.61712646484375,0.99066162109375,23.14788818359375
52,0.29166666666666563,-0.4534912109375,1.31427001953125,23.7044677734375
56,0.033333333333333215,0.31341552734375,1.09765625,4.468017578125
55,0.099999999999999645,0.25750732421875,1.14337158203125,11.6043701171875
54,0.16666666666666607,0.337646484375,0.8651123046875,17.7724609375
53,0.2333333333333325,0.62371826171875,0.95965576171875,23.480712890625
52,0.29999999999999893,-0.45599365234375,1.25946044921875,23.7952880859375
56,0.041666666666666519,0.34808349609375,1.13555908203125,5.3582763671875
55,0.10833333333333295,0.264404296875,1.15985107421875,12.495849609375
54,0.17499999999999938,0.3438720703125,0.8494873046875,18.41680908203125
53,0.24166666666666581,0.6292724609375,0.92498779296875,23.76055908203125
52,0.30833333333333224,-0.45849609375,1.20166015625,23.8861083984375
56,0.049999999999999822,0.38275146484375,1.1734619140625,6.24859619140625
55,0.11666666666666625,0.271240234375,1.17626953125,13.3873291015625
54,0.18333333333333268,0.34967041015625,0.83099365234375,19.01263427734375
53,0.24999999999999911,0.6337890625,0.88690185546875,23.98736572265625
52,0.31666666666666554,-0.46099853515625,1.140869140625,23.9769287109375
56,0.058333333333333126,0.4173583984375,1.21136474609375,7.138916015625
55,0.12499999999999956,0.27813720703125,1.1927490234375,14.27880859375
54,0.19166666666666599,0.35491943359375,0.8096923828125,19.55987548828125
53,0.25833333333333242,0.63726806640625,0.84521484375,24.1611328125
52,0.32499999999999885,-0.4635009765625,1.07708740234375,24.0677490234375
57,0,0.17474365234375,0.946044921875,0.90679931640625
56,0.06666666666666643,0.4520263671875,1.249267578125,8.0291748046875
55,0.13333333333333286,0.2850341796875,1.20916748046875,15.17022705078125
54,0.19999999999999929,0.3597412109375,0.78558349609375,20.05865478515625
53,0.26666666666666572,0.6396484375,0.79998779296875,24.2818603515625
52,0.33333333333333215,-0.46600341796875,1.01031494140625,24.1585693359375
57,0.0083333333333333037,0.197021484375,0.95574951171875,1.80523681640625
56,0.074999999999999734,0.4866943359375,1.2872314453125,8.91949462890625
55,0.14166666666666616,0.291748046875,1.2236328125,16.03662109375
54,0.20833333333333259,0.36407470703125,0.758544921875,20.50885009765625
53,0.274999999999999,0.64154052734375,0.75152587890625,24.3760986328125
52,0.34166666666666545,-0.468505859375,0.9405517578125,24.2493896484375
57,0.016666666666666607,0.2193603515625,0.96551513671875,2.70367431640625
56,0.083333333333333037,0.5213623046875,1.32513427734375,9.809814453125
55,0.14999999999999947,0.298095703125,1.2342529296875,16.8529052734375
54,0.2166666666666659,0.36798095703125,0.72869873046875,20.9105224609375
53,0.28333333333333233,0.6434326171875,0.7000732421875,24.4703369140625
52,0.34999999999999876,-0.47100830078125,0.8677978515625,24.3402099609375
57,0.024999999999999911,0.24163818359375,0.9752197265625,3.60211181640625
56,0.091666666666666341,0.5560302734375,1.363037109375,10.70013427734375
55,0.15833333333333277,0.30401611328125,1.2408447265625,17.6190185546875
54,0.2249999999999992,0.37139892578125,0.69610595703125,21.26373291015625
53,0.29166666666666563,0.645263671875,0.6456298828125,24.564697265625
52,0.35833333333333206,-0.4735107421875,0.79205322265625,24.43115234375
57,0.033333333333333215,0.263916015625,0.98492431640625,4.50054931640625
56,0.099999999999999645,0.5906982421875,1.40093994140625,11.59039306640625
55,0.16666666666666607,0.30950927734375,1.24359130859375,18.3349609375
54,0.2333333333333325,0.37432861328125,0.66064453125,21.568359375
53,0.29999999999999893,0.64715576171875,0.58819580078125,24.658935546875
52,0.36666666666666536,-0.47601318359375,0.7132568359375,24.52197265625
57,0.041666666666666519,0.2862548828125,0.99462890625,5.39898681640625
56,0.10833333333333295,0.6253662109375,1.4388427734375,12.480712890625
55,0.17499999999999938,0.314697265625,1.242431640625,19.000732421875
54,0.24166666666666581,0.3768310546875,0.622314453125,21.824462890625
53,0.30833333333333224,0.6490478515625,0.5277099609375,24.753173828125
52,0.37499999999999867,-0.478515625,0.63153076171875,24.61279296875
57,0.049999999999999822,0.30853271484375,1.00439453125,6.29742431640625
56,0.11666666666666625,0.6600341796875,1.47674560546875,13.37103271484375
55,0.18333333333333268,0.3194580078125,1.2373046875,19.616455078125
54,0.24999999999999911,0.37884521484375,0.5811767578125,22.03204345703125
53,0.31666666666666554,0.65093994140625,0.46429443359375,24.847412109375
52,0.38333333333333197,-0.48101806640625,0.54681396484375,24.70361328125
57,0.058333333333333126,0.330810546875,1.01409912109375,7.19586181640625
56,0.12499999999999956,0.6947021484375,1.5146484375,14.26129150390625
55,0.19166666666666599,0.32379150390625,1.228271484375,20.18194580078125
54,0.25833333333333242,0.38037109375,0.5372314453125,22.19110107421875
53,0.32499999999999885,0.65277099609375,0.3978271484375,24.941650390625
52,0.39166666666666528,-0.4835205078125,0.45904541015625,24.79443359375
58,0,0.17474365234375,0.946044921875,0.90679931640625
57,0.06666666666666643,0.35308837890625,1.0238037109375,8.09429931640625
56,0.13333333333333286,0.7293701171875,1.55255126953125,15.151611328125
55,0.19999999999999929,0.32781982421875,1.21533203125,20.69732666015625
54,0.26666666666666572,0.38140869140625,0.4903564453125,22.3016357421875
53,0.33333333333333215,0.6546630859375,0.328369140625,25.035888671875
52,0.39999999999999858,-0.48602294921875,0.36834716796875,24.88525390625
58,0.0083333333333333037,0.20599365234375,0.94476318359375,1.85723876953125
57,0.074999999999999734,0.37542724609375,1.03350830078125,8.99273681640625
56,0.14166666666666616,0.7630615234375,1.58782958984375,16.016845703125
55,0.20833333333333259,0.3314208984375,1.1983642578125,21.16253662109375
54,0.274999999999999,0.38226318359375,0.440673828125,22.387939453125
53,0.34166666666666545,0.65655517578125,0.2559814453125,25.130126953125
52,0.40833333333333188,-0.488525390625,0.27459716796875,24.97607421875
58,0.016666666666666607,0.23724365234375,0.9434814453125,2.8076171875
57,0.083333333333333037,0.397705078125,1.04327392578125,9.89117431640625
56,0.14999999999999947,0.7947998046875,1.61810302734375,16.83203125
55,0.2166666666666659,0.3345947265625,1.1776123046875,21.57763671875
54,0.28333333333333233,0.38311767578125,0.38800048828125,22.47418212890625
53,0.34999999999999876,0.658447265625,0.1805419921875,25.224365234375
52,0.41666666666666519,-0.49102783203125,0.1778564453125,25.06689453125
58,0.024999999999999911,0.26849365234375,0.94219970703125,3.758056640625
57,0.091666666666666341,0.41998291015625,1.052978515625,10.78961181640625
56,0.15833333333333277,0.8245849609375,1.6431884765625,17.59716796875
55,0.2249999999999992,0.33746337890625,1.15289306640625,21.942626953125
54,0.29166666666666563,0.3839111328125,0.332275390625,22.5604248046875
53,0.35327091717760634,0.6591796875,0,25.2613525390625
52,0.4190139973674184,-0.49176025390625,0,25.092529296875
58,0.033333333333333215,0.2996826171875,0.94091796875,4.70843505859375
57,0.099999999999999645,0.44232177734375,1.06268310546875,11.68798828125
56,0.16666666666666607,0.8524169921875,1.66314697265625,18.31219482421875
55,0.2333333333333325,0.33984375,1.124267578125,22.25738525390625
54,0.29999999999999893,0.384765625,0.2735595703125,22.646728515625
58,0.041666666666666519,0.3309326171875,0.93963623046875,5.65887451171875
57,0.10833333333333295,0.464599609375,1.0723876953125,12.58642578125
56,0.17499999999999938,0.8782958984375,1.677978515625,18.97711181640625
55,0.24166666666666581,0.3419189453125,1.0916748046875,22.52203369140625
54,0.30833333333333224,0.3856201171875,0.2119140625,22.73297119140625
58,0.049999999999999822,0.3621826171875,0.9383544921875,6.60931396484375
57,0.11666666666666625,0.48687744140625,1.0821533203125,13.48486328125
56,0.18333333333333268,0.9022216796875,1.68768310546875,19.59197998046875
55,0.24999999999999911,0.34356689453125,1.05523681640625,22.736572265625
54,0.31633634365648605,0.3863525390625,0,22.81585693359375
58,0.058333333333333126,0.3934326171875,0.93707275390625,7.5596923828125
57,0.12499999999999956,0.50921630859375,1.09185791015625,14.38330078125
56,0.19166666666666599,0.92425537109375,1.6922607421875,20.15673828125
55,0.25833333333333242,0.3448486328125,1.01483154296875,22.90093994140625
59,0,0.17474365234375,0.946044921875,0.90679931640625
58,0.06666666666666643,0.4246826171875,0.935791015625,8.5101318359375
57,0.13333333333333286,0.531494140625,1.1015625,15.28173828125
56,0.19999999999999929,0.94427490234375,1.69171142578125,20.67144775390625
55,0.26666666666666572,0.345703125,0.970458984375,23.01513671875
59,0.0083333333333333037,0.18011474609375,0.95343017578125,1.7891845703125
58,0.074999999999999734,0.4559326171875,0.93450927734375,9.46051025390625
57,0.14166666666666616,0.55316162109375,1.1094970703125,16.1549072265625
56,0.20833333333333259,0.96234130859375,1.68603515625,21.1361083984375
55,0.274999999999999,0.346435546875,0.92266845703125,23.10430908203125
59,0.016666666666666607,0.18548583984375,0.9608154296875,2.67156982421875
58,0.083333333333333037,0.48712158203125,0.9332275390625,10.41094970703125
57,0.14999999999999947,0.57354736328125,1.11395263671875,16.9775390625
56,0.2166666666666659,0.978515625,1.67523193359375,21.5506591796875
55,0.28333333333333233,0.34710693359375,0.8719482421875,23.19342041015625
59,0.024999999999999911,0.19091796875,0.96820068359375,3.55389404296875
58,0.091666666666666341,0.51837158203125,0.93194580078125,11.36138916015625
57,0.15833333333333277,0.59271240234375,1.11480712890625,17.7496337890625
56,0.2249999999999992,0.99267578125,1.6593017578125,21.91510009765625
55,0.29166666666666563,0.3477783203125,0.81817626953125,23.2825927734375
59,0.033333333333333215,0.1962890625,0.9755859375,4.436279296875
58,0.099999999999999645,0.54962158203125,0.93072509765625,12.311767578125
57,0.16666666666666607,0.61065673828125,1.11212158203125,18.47119140625
56,0.2333333333333325,1.00494384765625,1.63824462890625,22.2294921875
55,0.29999999999999893,0.3485107421875,0.76141357421875,23.3717041015625
59,0.041666666666666519,0.20166015625,0.98297119140625,5.31866455078125
58,0.10833333333333295,0.58087158203125,0.929443359375,13.26220703125
57,0.17499999999999938,0.6273193359375,1.10589599609375,19.1422119140625
56,0.24166666666666581,1.01519775390625,1.612060546875,22.4937744140625
55,0.30833333333333224,0.34918212890625,0.70166015625,23.46087646484375
59,0.049999999999999822,0.20703125,0.9903564453125,6.2010498046875
58,0.11666666666666625,0.61212158203125,0.92816162109375,14.21258544921875
57,0.18333333333333268,0.6427001953125,1.09613037109375,19.7626953125
56,0.24999999999999911,1.0235595703125,1.58074951171875,22.7080078125
55,0.31666666666666554,0.349853515625,0.638916015625,23.550048828125
59,0.058333333333333126,0.21240234375,0.99774169921875,7.0833740234375
58,0.12499999999999956,0.64337158203125,0.9268798828125,15.16302490234375
57,0.19166666666666599,0.6568603515625,1.08282470703125,20.3326416015625
56,0.25833333333333242,1.02996826171875,1.5443115234375,22.8721923828125
55,0.32499999999999885,0.3505859375,0.5731201171875,23.63916015625
60,0,0.17474365234375,0.946044921875,0.90679931640625
59,0.06666666666666643,0.21783447265625,1.00506591796875,7.96575927734375
58,0.13333333333333286,0.674560546875,0.92559814453125,16.11346435546875
57,0.19999999999999929,0.66973876953125,1.0660400390625,20.85205078125
56,0.26666666666666572,1.034423828125,1.502685546875,22.98626708984375
55,0.33333333333333215,0.35125732421875,0.50439453125,23.72833251953125
60,0.0083333333333333037,0.19256591796875,0.96051025390625,1.8065185546875
59,0.074999999999999734,0.22320556640625,1.012451171875,8.84814453125
58,0.14166666666666616,0.7049560546875,0.92279052734375,17.037109375
57,0.20833333333333259,0.68133544921875,1.04559326171875,21.3209228515625
56,0.274999999999999,1.037841796875,1.45703125,23.07525634765625
55,0.34166666666666545,0.3519287109375,0.43267822265625,23.81744384765625
60,0.016666666666666607,0.21038818359375,0.97491455078125,2.70623779296875
59,0.083333333333333037,0.22857666015625,1.01983642578125,9.73052978515625
58,0.14999999999999947,0.73358154296875,0.91717529296875,17.9073486328125
57,0.2166666666666659,0.69171142578125,1.02166748046875,21.7392578125
56,0.28333333333333233,1.04132080078125,1.408447265625,23.164306640625
55,0.34999999999999876,0.35260009765625,0.35791015625,23.9066162109375
60,0.024999999999999911,0.22821044921875,0.9893798828125,3.60595703125
59,0.091666666666666341,0.23394775390625,1.0272216796875,10.61285400390625
58,0.15833333333333277,0.7603759765625,0.9085693359375,18.72412109375
57,0.2249999999999992,0.70086669921875,0.99420166015625,22.1070556640625
56,0.29166666666666563,1.0447998046875,1.35687255859375,23.25335693359375
55,0.35833333333333206,0.35333251953125,0.28021240234375,23.9957275390625
60,0.033333333333333215,0.2459716796875,1.00384521484375,4.50567626953125
59,0.099999999999999645,0.2393798828125,1.03460693359375,11.4952392578125
58,0.16666666666666607,0.78546142578125,0.89703369140625,19.4874267578125
57,0.2333333333333325,0.708740234375,0.96319580078125,22.42431640625
56,0.29999999999999893,1.04827880859375,1.30224609375,23.34234619140625
55,0.36666666666666536,0.35400390625,0.199462890625,24.0849609375
60,0.041666666666666519,0.2637939453125,1.01824951171875,5.4053955078125
59,0.10833333333333295,0.2447509765625,1.0419921875,12.37762451171875
58,0.17499999999999938,0.808837890625,0.8826904296875,20.197265625
57,0.24166666666666581,0.71533203125,0.92864990234375,22.6910400390625
56,0.30833333333333224,1.0517578125,1.24462890625,23.431396484375
55,0.37161068303220435,0.35443115234375,0,24.1378173828125
60,0.049999999999999822,0.2816162109375,1.03271484375,6.30517578125
59,0.11666666666666625,0.2501220703125,1.04937744140625,13.260009765625
58,0.18333333333333268,0.83038330078125,0.86529541015625,20.8536376953125
57,0.24999999999999911,0.720703125,0.89056396484375,22.9072265625
56,0.31666666666666554,1.05517578125,1.18402099609375,23.52044677734375
60,0.058333333333333126,0.2994384765625,1.04718017578125,7.20489501953125
59,0.12499999999999956,0.2554931640625,1.0567626953125,14.142333984375
58,0.19166666666666599,0.8502197265625,0.84503173828125,21.45654296875
57,0.25833333333333242,0.724853515625,0.848876953125,23.0728759765625
56,0.32499999999999885,1.05865478515625,1.120361328125,23.60943603515625
61,0,0.17474365234375,0.946044921875,0.90679931640625
60,0.06666666666666643,0.3172607421875,1.06158447265625,8.1046142578125
59,0.1333333333333333,0.2608642578125,1.06414794921875,15.02471923828125
58,0.19999999999999929,0.8682861328125,0.82183837890625,22.0059814453125
57,0.26666666666666616,0.72772216796875,0.8037109375,23.18798828125
56,0.33333333333333215,1.0621337890625,1.05377197265625,23.698486328125
61,0.0083333333333337478,0.16717529296875,0.97332763671875,1.7869873046875
60,0.075000000000000178,0.3350830078125,1.0760498046875,9.00433349609375
59,0.14166666666666705,0.26611328125,1.06976318359375,15.88226318359375
58,0.20833333333333304,0.88458251953125,0.795654296875,22.50201416015625
57,0.27499999999999991,0.72991943359375,0.7552490234375,23.27783203125
56,0.3416666666666659,1.06561279296875,0.98419189453125,23.78753662109375
61,0.016666666666667496,0.15960693359375,1.00054931640625,2.6671142578125
60,0.083333333333333925,0.35284423828125,1.09051513671875,9.904052734375
59,0.1500000000000008,0.27105712890625,1.07208251953125,16.690185546875
58,0.21666666666666679,0.89910888671875,0.7666015625,22.94451904296875
57,0.28333333333333366,0.732177734375,0.70379638671875,23.36767578125
56,0.34999999999999964,1.069091796875,0.91156005859375,23.87652587890625
61,0.025000000000001243,0.15203857421875,1.02783203125,3.54730224609375
60,0.091666666666667673,0.37066650390625,1.10498046875,10.80377197265625
59,0.15833333333333455,0.27569580078125,1.0709228515625,17.448486328125
58,0.22500000000000053,0.91192626953125,0.73468017578125,23.3336181640625
57,0.29166666666666741,0.734375,0.64935302734375,23.45751953125
56,0.35833333333333339,1.072509765625,0.83599853515625,23.965576171875
61,0.033333333333334991,0.14447021484375,1.0550537109375,4.42742919921875
60,0.10000000000000142,0.38848876953125,1.119384765625,11.7034912109375
59,0.16666666666666829,0.280029296875,1.06634521484375,18.15716552734375
58,0.23333333333333428,0.9229736328125,0.69976806640625,23.66925048828125
57,0.30000000000000115,0.73663330078125,0.5919189453125,23.54736328125
56,0.36666666666666714,1.07598876953125,0.75738525390625,24.0545654296875
61,0.041666666666668739,0.13690185546875,1.08233642578125,5.3076171875
60,0.10833333333333517,0.40631103515625,1.13385009765625,12.60321044921875
59,0.17500000000000204,0.28399658203125,1.0584716796875,18.816162109375
58,0.24166666666666803,0.93218994140625,0.66192626953125,23.951416015625
57,0.3083333333333349,0.73883056640625,0.531494140625,23.63720703125
56,0.37500000000000089,1.0794677734375,0.67584228515625,24.1436767578125
61,0.050000000000002487,0.12933349609375,1.10955810546875,6.187744140625
60,0.11666666666666892,0.42413330078125,1.1483154296875,13.5029296875
59,0.18333333333333579,0.2877197265625,1.04705810546875,19.425537109375
58,0.25000000000000178,0.93975830078125,0.6212158203125,24.1800537109375
57,0.31666666666666865,0.7410888671875,0.46807861328125,23.72705078125
56,0.38333333333333464,1.08294677734375,0.59130859375,24.232666015625
61,0.058333333333336235,0.12176513671875,1.1368408203125,7.06793212890625
60,0.12500000000000266,0.44195556640625,1.1627197265625,14.4027099609375
59,0.19166666666666954,0.2911376953125,1.03228759765625,19.98529052734375
58,0.25833333333333552,0.94549560546875,0.5775146484375,24.3553466796875
57,0.3250000000000024,0.7432861328125,0.401611328125,23.81689453125
56,0.39166666666666838,1.08636474609375,0.50372314453125,24.3216552734375
62,0,0.17474365234375,0.946044921875,0.90679931640625
61,0.066666666666669983,0.11419677734375,1.16412353515625,7.94805908203125
60,0.13333333333333641,0.45977783203125,1.17718505859375,15.30242919921875
59,0.20000000000000329,0.29425048828125,1.01409912109375,20.49542236328125
58,0.26666666666666927,0.94952392578125,0.5308837890625,24.47705078125
57,0.33333333333333615,0.74554443359375,0.33221435546875,23.90673828125
56,0.40000000000000213,1.08984375,0.41314697265625,24.4107666015625
62,0.0083333333333337478,0.18646240234375,0.9755859375,1.81982421875
61,0.07500000000000373,0.10662841796875,1.19134521484375,8.8282470703125
60,0.14166666666667016,0.47705078125,1.189697265625,16.17681884765625
59,0.20833333333333703,0.29705810546875,0.992431640625,20.9559326171875
58,0.275000000000003,0.95263671875,0.4813232421875,24.5721435546875
57,0.34166666666666989,0.74774169921875,0.25982666015625,23.99658203125
56,0.40833333333333588,1.09332275390625,0.319580078125,24.499755859375
62,0.016666666666667496,0.1981201171875,1.005126953125,2.73291015625
61,0.083333333333337478,0.09906005859375,1.2186279296875,9.7083740234375
60,0.15000000000000391,0.49334716796875,1.198486328125,17.0006103515625
59,0.21666666666667078,0.299560546875,0.9674072265625,21.36676025390625
58,0.28333333333333677,0.95574951171875,0.4288330078125,24.6671142578125
57,0.35000000000000364,0.75,0.18438720703125,24.08642578125
56,0.41666666666666963,1.0968017578125,0.2230224609375,24.5887451171875
62,0.025000000000001243,0.2098388671875,1.03466796875,3.64593505859375
61,0.091666666666671226,0.09149169921875,1.245849609375,10.58856201171875
60,0.15833333333333766,0.5086669921875,1.203369140625,17.77386474609375
59,0.22500000000000453,0.30181884765625,0.93902587890625,21.72796630859375
58,0.29166666666667052,0.9588623046875,0.373291015625,24.76220703125
57,0.35367979545049022,0.7509765625,0,24.1260986328125
56,0.42279778719542044,1.099365234375,0,24.654296875
62,0.033333333333334991,0.2215576171875,1.064208984375,4.5589599609375
61,0.10000000000000497,0.08392333984375,1.27313232421875,11.46868896484375
60,0.1666666666666714,0.52301025390625,1.2044677734375,18.4964599609375
59,0.23333333333333828,0.3037109375,0.90716552734375,22.03955078125
58,0.30000000000000426,0.96197509765625,0.31475830078125,24.8572998046875
62,0.041666666666668739,0.2332763671875,1.09375,5.47198486328125
61,0.10833333333333872,0.07635498046875,1.30035400390625,12.348876953125
60,0.17500000000000515,0.53631591796875,1.20184326171875,19.16839599609375
59,0.24166666666667203,0.3052978515625,0.87188720703125,22.301513671875
58,0.308333333333338,0.96514892578125,0.25323486328125,24.9522705078125
62,0.050000000000002487,0.24493408203125,1.123291015625,6.385009765625
61,0.11666666666667247,0.0687255859375,1.32763671875,13.22900390625
60,0.1833333333333389,0.548583984375,1.1953125,19.789794921875
59,0.25000000000000577,0.30657958984375,0.833251953125,22.51385498046875
58,0.31666666666667176,0.96826171875,0.188720703125,25.04736328125
62,0.058333333333336235,0.25665283203125,1.15283203125,7.298095703125
61,0.12500000000000622,0.0611572265625,1.35491943359375,14.10919189453125
60,0.19166666666667265,0.55987548828125,1.18505859375,20.36053466796875
59,0.25833333333333952,0.30755615234375,0.79119873046875,22.676513671875
58,0.32146930834796522,0.97003173828125,0,25.10205078125
63,0,0.17474365234375,0.946044921875,0.90679931640625
62,0.066666666666669983,0.26837158203125,1.182373046875,8.21112060546875
61,0.13333333333333997,0.0535888671875,1.38214111328125,14.98931884765625
60,0.20000000000000639,0.5701904296875,1.1708984375,20.88067626953125
59,0.26666666666667327,0.30828857421875,0.74566650390625,22.78961181640625
63,0.0083333333333337478,0.18603515625,0.94415283203125,1.8016357421875
62,0.07500000000000373,0.280029296875,1.2119140625,9.1241455078125
61,0.14166666666667371,0.0462646484375,1.4071044921875,15.8447265625
60,0.20833333333334014,0.5794677734375,1.1529541015625,21.3502197265625
59,0.275000000000007,0.30877685546875,0.69696044921875,22.8778076171875
63,0.016666666666667496,0.197265625,0.9422607421875,2.6964111328125
62,0.083333333333337478,0.291748046875,1.241455078125,10.0372314453125
61,0.15000000000000746,0.039306640625,1.4276123046875,16.650634765625
60,0.21666666666667389,0.5877685546875,1.1312255859375,21.7691650390625
59,0.28333333333334076,0.309326171875,0.64532470703125,22.966064453125
63,0.025000000000001243,0.20855712890625,0.94036865234375,3.59124755859375
62,0.091666666666671226,0.303466796875,1.27099609375,10.95025634765625
61,0.15833333333334121,0.0328369140625,1.44354248046875,17.40704345703125
60,0.22500000000000764,0.5950927734375,1.105712890625,22.13751220703125
59,0.29166666666667451,0.30987548828125,0.59063720703125,23.0543212890625
63,0.033333333333334991,0.2198486328125,0.9384765625,4.486083984375
62,0.10000000000000497,0.315185546875,1.300537109375,11.86328125
61,0.16666666666667496,0.0267333984375,1.4549560546875,18.1138916015625
60,0.23333333333334139,0.60137939453125,1.076416015625,22.4552001953125
59,0.30000000000000826,0.3104248046875,0.532958984375,23.14251708984375
63,0.041666666666668739,0.2310791015625,0.93658447265625,5.380859375
62,0.10833333333333872,0.32684326171875,1.330078125,12.77630615234375
61,0.1750000000000087,0.02105712890625,1.46185302734375,18.771240234375
60,0.24166666666667513,0.60662841796875,1.043212890625,22.72235107421875
59,0.308333333333342,0.31097412109375,0.47235107421875,23.23077392578125
63,0.050000000000002487,0.24237060546875,0.93475341796875,6.27569580078125
62,0.11666666666667247,0.33856201171875,1.359619140625,13.6893310546875
61,0.18333333333334245,0.015869140625,1.4642333984375,19.379150390625
60,0.25000000000000888,0.6109619140625,1.00628662109375,22.9388427734375
59,0.31666666666667576,0.3115234375,0.40869140625,23.31903076171875
63,0.058333333333336235,0.253662109375,0.932861328125,7.17047119140625
62,0.12500000000000622,0.35028076171875,1.38916015625,14.6024169921875
61,0.1916666666666762,0.01104736328125,1.4620361328125,19.9375
60,0.25833333333334263,0.61419677734375,0.9654541015625,23.104736328125
59,0.3250000000000095,0.31201171875,0.34197998046875,23.4072265625
64,0,0.17474365234375,0.946044921875,0.90679931640625
63,0.066666666666669983,0.264892578125,0.93096923828125,8.0653076171875
62,0.13333333333333997,0.3619384765625,1.418701171875,15.51544189453125
61,0.20000000000000995,0.00665283203125,1.455322265625,20.4462890625
60,0.26666666666667638,0.61651611328125,0.9208984375,23.219970703125
59,0.33333333333334325,0.31256103515625,0.2723388671875,23.4954833984375
64,0.0083333333333337478,0.18768310546875,0.96856689453125,1.85723876953125
63,0.07500000000000373,0.27618408203125,0.9290771484375,8.96014404296875
62,0.14166666666667371,0.37335205078125,1.4459228515625,16.40283203125
61,0.2083333333333437,0.00274658203125,1.44403076171875,20.9056396484375
60,0.27500000000001013,0.6182861328125,0.87286376953125,23.3099365234375
59,0.341666666666677,0.3131103515625,0.19970703125,23.583740234375
64,0.016666666666667496,0.20062255859375,0.99102783203125,2.8077392578125
63,0.083333333333337478,0.28741455078125,0.92718505859375,9.85491943359375
62,0.15000000000000746,0.384033203125,1.468505859375,17.23883056640625
61,0.21666666666667744,-0.00079345703125,1.42828369140625,21.31549072265625
60,0.28333333333334387,0.62005615234375,0.82196044921875,23.39990234375
59,0.34716386325664955,0.3134765625,0,23.64190673828125
64,0.025000000000001243,0.2135009765625,1.0135498046875,3.7581787109375
63,0.091666666666671226,0.2987060546875,0.92529296875,10.749755859375
62,0.15833333333334121,0.39410400390625,1.48638916015625,18.0234375
61,0.22500000000001119,-0.00390625,1.40802001953125,21.67578125
60,0.29166666666667762,0.621826171875,0.76800537109375,23.48992919921875
64,0.033333333333334991,0.2264404296875,1.03607177734375,4.70867919921875
63,0.10000000000000497,0.30999755859375,0.92340087890625,11.64459228515625
62,0.16666666666667496,0.40350341796875,1.4996337890625,18.7567138671875
61,0.23333333333334494,-0.006591796875,1.3831787109375,21.986572265625
60,0.30000000000001137,0.62359619140625,0.71099853515625,23.57989501953125
64,0.041666666666668739,0.2393798828125,1.05853271484375,5.65911865234375
63,0.10833333333333872,0.32122802734375,0.9215087890625,12.53936767578125
62,0.1750000000000087,0.4122314453125,1.50823974609375,19.43865966796875
61,0.24166666666667869,-0.0087890625,1.35382080078125,22.24786376953125
60,0.30833333333334512,0.62542724609375,0.65106201171875,23.66986083984375
64,0.050000000000002487,0.2523193359375,1.0810546875,6.609619140625
63,0.11666666666667247,0.33251953125,0.91961669921875,13.4342041015625
62,0.18333333333334245,0.42034912109375,1.51214599609375,20.0692138671875
61,0.25000000000001243,-0.0106201171875,1.32000732421875,22.45965576171875
60,0.31666666666667886,0.627197265625,0.588134765625,23.75982666015625
64,0.058333333333336235,0.26519775390625,1.103515625,7.56005859375
63,0.12500000000000622,0.34381103515625,0.917724609375,14.32904052734375
62,0.1916666666666762,0.427734375,1.511474609375,20.6484375
61,0.25833333333334618,-0.01202392578125,1.28155517578125,22.6219482421875
60,0.32500000000001261,0.62896728515625,0.5220947265625,23.84979248046875
65,0,0.17474365234375,0.946044921875,0.90679931640625
64,0.066666666666669983,0.27813720703125,1.12603759765625,8.51055908203125
63,0.13333333333333997,0.35504150390625,0.91583251953125,15.22381591796875
62,0.20000000000000995,0.43450927734375,1.50604248046875,21.17626953125
61,0.26666666666667993,-0.01300048828125,1.23858642578125,22.7347412109375
60,0.33333333333334636,0.6307373046875,0.45318603515625,23.93975830078125
65,0.0083333333333337478,0.18798828125,0.96197509765625,1.80517578125
64,0.07500000000000373,0.29107666015625,1.1485595703125,9.46099853515625
63,0.14166666666667371,0.36602783203125,0.9124755859375,16.093505859375
62,0.2083333333333437,0.44061279296875,1.4959716796875,21.65277099609375
61,0.27500000000001368,-0.0137939453125,1.19189453125,22.82275390625
60,0.34166666666668011,0.63250732421875,0.38128662109375,24.02978515625
65,0.016666666666667496,0.20123291015625,0.97784423828125,2.70355224609375
64,0.083333333333337478,0.30401611328125,1.1710205078125,10.4114990234375
63,0.15000000000000746,0.3763427734375,0.90631103515625,16.91278076171875
62,0.21666666666667744,0.446044921875,1.48126220703125,22.07794189453125
61,0.28333333333334743,-0.0145263671875,1.1422119140625,22.9107666015625
60,0.35000000000001386,0.63433837890625,0.3062744140625,24.1197509765625
65,0.025000000000001243,0.2144775390625,0.9937744140625,3.6019287109375
64,0.091666666666671226,0.31689453125,1.19354248046875,11.3619384765625
63,0.15833333333334121,0.385986328125,0.89715576171875,17.6817626953125
62,0.22500000000001119,0.45086669921875,1.4619140625,22.45172119140625
61,0.29166666666668117,-0.0152587890625,1.08953857421875,22.998779296875
60,0.3583333333333476,0.6361083984375,0.2283935546875,24.209716796875
65,0.033333333333334991,0.22772216796875,1.0096435546875,4.50030517578125
64,0.10000000000000497,0.329833984375,1.216064453125,12.31243896484375
63,0.16666666666667496,0.39508056640625,0.88519287109375,18.40045166015625
62,0.23333333333334494,0.45501708984375,1.43792724609375,22.77410888671875
61,0.30000000000001492,-0.01605224609375,1.03387451171875,23.0867919921875
60,0.3664277459955777,0.6378173828125,0,24.297119140625
65,0.041666666666668739,0.240966796875,1.02557373046875,5.398681640625
64,0.10833333333333872,0.3427734375,1.238525390625,13.26287841796875
63,0.1750000000000087,0.40350341796875,0.87030029296875,19.0687255859375
62,0.24166666666667869,0.45843505859375,1.40924072265625,23.045166015625
61,0.30833333333334867,-0.01678466796875,0.97515869140625,23.1748046875
65,0.050000000000002487,0.25421142578125,1.04144287109375,6.29705810546875
64,0.11666666666667247,0.355712890625,1.26104736328125,14.21337890625
63,0.18333333333334245,0.4112548828125,0.8525390625,19.68670654296875
62,0.25000000000001243,0.4613037109375,1.3759765625,23.264892578125
61,0.31666666666668242,-0.017578125,0.91351318359375,23.2628173828125
65,0.058333333333336235,0.2674560546875,1.057373046875,7.1954345703125
64,0.12500000000000622,0.36859130859375,1.2835693359375,15.163818359375
63,0.1916666666666762,0.41839599609375,0.8319091796875,20.25439453125
62,0.25833333333334618,0.46343994140625,1.33795166015625,23.4332275390625
61,0.32500000000001616,-0.018310546875,0.84881591796875,23.350830078125
66,0,0.17474365234375,0.946044921875,0.90679931640625
65,0.066666666666669983,0.28070068359375,1.0732421875,8.09381103515625
64,0.13333333333333997,0.38153076171875,1.3060302734375,16.11431884765625
63,0.20000000000000995,0.4249267578125,0.808349609375,20.77166748046875
62,0.26666666666667993,0.46490478515625,1.2952880859375,23.5501708984375
61,0.33333333333334991,-0.01904296875,0.7811279296875,23.4388427734375
66,0.0083333333333337478,0.15899658203125,0.957275390625,1.8270263671875
65,0.07500000000000373,0.2939453125,1.08917236328125,8.9921875
64,0.14166666666667371,0.39410400390625,1.32635498046875,17.03802490234375
63,0.2083333333333437,0.4307861328125,0.7818603515625,21.2386474609375
62,0.27500000000001368,0.46612548828125,1.248779296875,23.6414794921875
61,0.34166666666668366,-0.01983642578125,0.71051025390625,23.52685546875
66,0.016666666666667496,0.14324951171875,0.96856689453125,2.7471923828125
65,0.083333333333337478,0.30718994140625,1.10504150390625,9.890625
64,0.15000000000000746,0.40594482421875,1.342529296875,17.9083251953125
63,0.21666666666667744,0.43603515625,0.75250244140625,21.65533447265625
62,0.28333333333334743,0.46728515625,1.19940185546875,23.7327880859375
61,0.35000000000001741,-0.02056884765625,0.6368408203125,23.6148681640625
66,0.025000000000001243,0.12744140625,0.97979736328125,3.66741943359375
65,0.091666666666671226,0.3204345703125,1.1209716796875,10.78900146484375
64,0.15833333333334121,0.41705322265625,1.3543701171875,18.72509765625
63,0.22500000000001119,0.440673828125,0.72027587890625,22.0216064453125
62,0.29166666666668117,0.46844482421875,1.14691162109375,23.8240966796875
61,0.35833333333335116,-0.0213623046875,0.5601806640625,23.702880859375
66,0.033333333333334991,0.1116943359375,0.99102783203125,4.58758544921875
65,0.10000000000000497,0.33367919921875,1.1368408203125,11.6873779296875
64,0.16666666666667496,0.42742919921875,1.3619384765625,19.48846435546875
63,0.23333333333334494,0.44464111328125,0.68524169921875,22.33758544921875
62,0.30000000000001492,0.4696044921875,1.0914306640625,23.9154052734375
61,0.3666666666666849,-0.0220947265625,0.48052978515625,23.7908935546875
66,0.041666666666668739,0.095947265625,1.0023193359375,5.5078125
65,0.10833333333333872,0.346923828125,1.15277099609375,12.58575439453125
64,0.1750000000000087,0.43707275390625,1.36529541015625,20.19830322265625
63,0.24166666666667869,0.447998046875,0.64715576171875,22.603271484375
62,0.30833333333334867,0.47076416015625,1.03302001953125,24.0067138671875
61,0.37500000000001865,-0.0228271484375,0.39788818359375,23.87890625
66,0.050000000000002487,0.0802001953125,1.0135498046875,6.427978515625
65,0.11666666666667247,0.36016845703125,1.16864013671875,13.484130859375
64,0.18333333333334245,0.44598388671875,1.3643798828125,20.854736328125
63,0.25000000000001243,0.45068359375,0.6063232421875,22.81854248046875
62,0.31666666666668242,0.47198486328125,0.9715576171875,24.0980224609375
61,0.3833333333333524,-0.02362060546875,0.312255859375,23.96697998046875
66,0.058333333333336235,0.064453125,1.0247802734375,7.34820556640625
65,0.12500000000000622,0.3734130859375,1.1845703125,14.38250732421875
64,0.1916666666666762,0.4542236328125,1.35919189453125,21.45770263671875
63,0.25833333333334618,0.45281982421875,0.5625,22.9835205078125
62,0.32500000000001616,0.47314453125,0.9071044921875,24.1893310546875
61,0.39166666666668615,-0.02435302734375,0.2236328125,24.054931640625
66,0.066666666666669983,0.04864501953125,1.03607177734375,8.2684326171875
65,0.13333333333333997,0.38665771484375,1.200439453125,15.2808837890625
64,0.20000000000000995,0.461669921875,1.3497314453125,22.0072021484375
63,0.26666666666667993,0.4542236328125,0.51580810546875,23.09820556640625
62,0.33333333333334991,0.47430419921875,0.83966064453125,24.2806396484375
61,0.39838431526249762,-0.02496337890625,0,24.1258544921875
66,0.07500000000000373,0.03289794921875,1.04730224609375,9.1885986328125
65,0.14166666666667371,0.3995361328125,1.21435546875,16.15399169921875
64,0.2083333333333437,0.46844482421875,1.3359375,22.50323486328125
63,0.27500000000001368,0.45538330078125,0.4661865234375,23.18768310546875
62,0.34166666666668366,0.4754638671875,0.76922607421875,24.3719482421875
66,0.083333333333337478,0.01715087890625,1.05853271484375,10.10882568359375
65,0.15000000000000746,0.41168212890625,1.2244873046875,16.9765625
64,0.21666666666667744,0.47442626953125,1.3179931640625,22.94580078125
63,0.28333333333334743,0.45648193359375,0.41363525390625,23.27716064453125
62,0.35000000000001741,0.47662353515625,0.69580078125,24.4632568359375
66,0.091666666666671226,0.00140380859375,1.06982421875,11.02899169921875
65,0.15833333333334121,0.42303466796875,1.23065185546875,17.74859619140625
64,0.22500000000001119,0.479736328125,1.2957763671875,23.33489990234375
63,0.29166666666668117,0.4576416015625,0.3580322265625,23.36663818359375
62,0.35833333333335116,0.477783203125,0.619384765625,24.5545654296875
66,0.10000000000000497,-0.01434326171875,1.0810546875,11.94921875
65,0.16666666666667496,0.43365478515625,1.23291015625,18.47015380859375
64,0.23333333333334494,0.48431396484375,1.269287109375,23.6705322265625
63,0.30000000000001492,0.458740234375,0.2994384765625,23.45611572265625
62,0.3666666666666849,0.47900390625,0.53997802734375,24.6458740234375
66,0.10833333333333872,-0.0301513671875,1.09228515625,12.869384765625
65,0.1750000000000087,0.44354248046875,1.23138427734375,19.14111328125
64,0.24166666666667869,0.48809814453125,1.23846435546875,23.95269775390625
63,0.30833333333334867,0.4598388671875,0.23785400390625,23.54559326171875
62,0.37500000000001865,0.48016357421875,0.45751953125,24.7371826171875
66,0.11666666666667247,-0.0458984375,1.10357666015625,13.78961181640625
65,0.18333333333334245,0.45269775390625,1.225830078125,19.76153564453125
64,0.25000000000001243,0.4912109375,1.2034912109375,24.181396484375
63,0.31666666666668242,0.46099853515625,0.17327880859375,23.63507080078125
62,0.3833333333333524,0.4813232421875,0.37213134765625,24.8284912109375
66,0.12500000000000622,-0.0616455078125,1.11480712890625,14.7098388671875
65,0.1916666666666762,0.46112060546875,1.21649169921875,20.33148193359375
64,0.25833333333334618,0.49359130859375,1.1641845703125,24.356689453125
63,0.3195621458465624,0.46136474609375,0,23.6661376953125
62,0.39166666666668615,0.48248291015625,0.28375244140625,24.9197998046875
66,0.13333333333333997,-0.077392578125,1.12603759765625,15.6300048828125
65,0.20000000000000995,0.46875,1.20318603515625,20.850830078125
64,0.26666666666667993,0.49530029296875,1.12060546875,24.4783935546875
62,0.4000000000000199,0.483642578125,0.19232177734375,25.0111083984375
66,0.14166666666667371,-0.09271240234375,1.13543701171875,16.52435302734375
65,0.2083333333333437,0.4757080078125,1.18597412109375,21.3197021484375
64,0.27500000000001368,0.49658203125,1.07342529296875,24.573486328125
62,0.40375691529659258,0.48419189453125,0,25.05224609375
66,0.15000000000000746,-0.107177734375,1.14129638671875,17.36688232421875
65,0.21666666666667744,0.48187255859375,1.16497802734375,21.73797607421875
64,0.28333333333334743,0.49786376953125,1.0233154296875,24.66845703125
66,0.15833333333334121,-0.12066650390625,1.14349365234375,18.15771484375
65,0.22500000000001119,0.48724365234375,1.1400146484375,22.10577392578125
64,0.29166666666668117,0.4991455078125,0.97015380859375,24.7635498046875
66,0.16666666666667496,-0.13336181640625,1.14202880859375,18.896728515625
65,0.23333333333334494,0.491943359375,1.1112060546875,22.4229736328125
64,0.30000000000001492,0.50042724609375,0.91400146484375,24.858642578125
66,0.1750000000000087,-0.1451416015625,1.136962890625,19.583984375
65,0.24166666666667869,0.495849609375,1.0784912109375,22.689697265625
64,0.30833333333334867,0.501708984375,0.85479736328125,24.95361328125
66,0.18333333333334245,-0.156005859375,1.1282958984375,20.219482421875
65,0.25000000000001243,0.49908447265625,1.0418701171875,22.9058837890625
64,0.31666666666668242,0.5030517578125,0.79266357421875,25.0487060546875
66,0.1916666666666762,-0.166015625,1.115966796875,20.80328369140625
65,0.25833333333334618,0.50152587890625,1.0013427734375,23.071533203125
64,0.32500000000001616,0.50433349609375,0.72747802734375,25.1436767578125
66,0.20000000000000995,-0.17510986328125,1.0999755859375,21.33526611328125
65,0.26666666666667993,0.50323486328125,0.95697021484375,23.1866455078125
64,0.33333333333334991,0.505615234375,0.65936279296875,25.23876953125
66,0.2083333333333437,-0.183349609375,1.080322265625,21.81549072265625
65,0.27500000000001368,0.5045166015625,0.90911865234375,23.27642822265625
64,0.34166666666668366,0.50689697265625,0.5882568359375,25.3338623046875
66,0.21666666666667744,-0.190673828125,1.05712890625,22.24395751953125
65,0.28333333333334743,0.505859375,0.85833740234375,23.36627197265625
64,0.35000000000001741,0.5081787109375,0.51409912109375,25.4288330078125
66,0.22500000000001119,-0.1971435546875,1.03033447265625,22.62066650390625
65,0.29166666666668117,0.5072021484375,0.80450439453125,23.45611572265625
64,0.35833333333335116,0.509521484375,0.43701171875,25.52392578125
66,0.23333333333334494,-0.20269775390625,0.9998779296875,22.94561767578125
65,0.30000000000001492,0.50848388671875,0.7476806640625,23.54595947265625
64,0.3666666666666849,0.51080322265625,0.3568115234375,25.6190185546875
66,0.24166666666667869,-0.2073974609375,0.9656982421875,23.21881103515625
65,0.30833333333334867,0.50982666015625,0.6878662109375,23.63580322265625
64,0.37500000000001865,0.5120849609375,0.273681640625,25.7139892578125
66,0.25000000000001243,-0.211181640625,0.92803955078125,23.440185546875
65,0.31666666666668242,0.51116943359375,0.62506103515625,23.72564697265625
64,0.3833333333333524,0.51336669921875,0.1876220703125,25.80908203125
66,0.25833333333334618,-0.21405029296875,0.88665771484375,23.60986328125
65,0.32500000000001616,0.512451171875,0.5592041015625,23.81549072265625
64,0.38687204876153836,0.513916015625,0,25.849365234375
66,0.26666666666667993,-0.216064453125,0.84161376953125,23.727783203125
65,0.33333333333334991,0.5137939453125,0.49041748046875,23.90533447265625
66,0.27500000000001368,-0.2176513671875,0.7933349609375,23.81982421875
65,0.34166666666668366,0.51513671875,0.41864013671875,23.99517822265625
66,0.28333333333334743,-0.21923828125,0.7420654296875,23.91180419921875
65,0.35000000000001741,0.5164794921875,0.34381103515625,24.0849609375
66,0.29166666666668117,-0.2208251953125,0.68780517578125,24.0037841796875
65,0.35833333333335116,0.51776123046875,0.26605224609375,24.1748046875
66,0.30000000000001492,-0.222412109375,0.6304931640625,24.0958251953125
65,0.3666666666666849,0.51910400390625,0.18524169921875,24.2646484375
66,0.30833333333334867,-0.22393798828125,0.5701904296875,24.1878662109375
65,0.37019290417297135,0.5196533203125,0,24.3026123046875
66,0.31666666666668242,-0.22552490234375,0.5069580078125,24.2799072265625
66,0.32500000000001616,-0.22711181640625,0.44061279296875,24.3719482421875
66,0.33333333333334991,-0.22869873046875,0.37139892578125,24.4639892578125
66,0.34166666666668366,-0.23028564453125,0.29913330078125,24.555908203125
66,0.35000000000001741,-0.23187255859375,0.223876953125,24.64794921875
66,0.35789120448671641,-0.23333740234375,0,24.735107421875
