shot,ageSeconds,x,y,z
1,0,0.08367919921875,1.339111328125,0.76849365234375
1,0.0069444444444444441,0.09356689453125,1.33447265625,0.9835205078125
1,0.013888888888888888,0.10345458984375,1.329833984375,1.198486328125
1,0.020833333333333332,0.11334228515625,1.3251953125,1.41351318359375
1,0.027777777777777776,0.1231689453125,1.32061767578125,1.62847900390625
1,0.034722222222222224,0.133056640625,1.31597900390625,1.843505859375
1,0.041666666666666664,0.1429443359375,1.31134033203125,2.0584716796875
1,0.048611111111111112,0.15283203125,1.30670166015625,2.27349853515625
1,0.055555555555555552,0.1627197265625,1.30206298828125,2.488525390625
1,0.0625,0.172607421875,1.29742431640625,2.7034912109375
1,0.069444444444444448,0.18243408203125,1.29278564453125,2.918212890625
1,0.0763888888888889,0.192138671875,1.28778076171875,3.1297607421875
1,0.083333333333333329,0.20172119140625,1.282470703125,3.3375244140625
1,0.090277777777777776,0.2110595703125,1.27667236328125,3.54150390625
1,0.097222222222222224,0.22027587890625,1.2705078125,3.74163818359375
2,0,0.08367919921875,1.339111328125,0.76849365234375
2,0.0041666666666666657,0.07586669921875,1.3394775390625,0.89739990234375
1,0.10416666666666667,0.22930908203125,1.26397705078125,3.93798828125
2,0.0111111111111111,0.06280517578125,1.34014892578125,1.1123046875
1,0.1111111111111111,0.2381591796875,1.25701904296875,4.13055419921875
2,0.018055555555555547,0.0498046875,1.3408203125,1.32720947265625
1,0.11805555555555555,0.246826171875,1.24969482421875,4.31927490234375
2,0.024999999999999994,0.0367431640625,1.34149169921875,1.54205322265625
1,0.125,0.25531005859375,1.24200439453125,4.50421142578125
2,0.031944444444444442,0.02374267578125,1.34210205078125,1.7569580078125
1,0.13194444444444445,0.26361083984375,1.23388671875,4.685302734375
2,0.03888888888888889,0.01068115234375,1.3427734375,1.97186279296875
1,0.1388888888888889,0.27178955078125,1.225341796875,4.86260986328125
2,0.045833333333333337,-0.0023193359375,1.34344482421875,2.18670654296875
1,0.14583333333333334,0.27972412109375,1.21649169921875,5.0361328125
2,0.052777777777777785,-0.015380859375,1.3441162109375,2.401611328125
1,0.15277777777777779,0.28753662109375,1.20721435546875,5.205810546875
2,0.059722222222222204,-0.02838134765625,1.3447265625,2.616455078125
1,0.15972222222222221,0.295166015625,1.19757080078125,5.3717041015625
2,0.066666666666666652,-0.04144287109375,1.34539794921875,2.83135986328125
1,0.16666666666666666,0.3026123046875,1.1875,5.53375244140625
2,0.0736111111111111,-0.0543212890625,1.3458251953125,3.0443115234375
1,0.1736111111111111,0.30987548828125,1.17706298828125,5.69207763671875
2,0.080555555555555547,-0.0670166015625,1.34576416015625,3.2535400390625
1,0.18055555555555555,0.31695556640625,1.16619873046875,5.84649658203125
2,0.0875,-0.0794677734375,1.34521484375,3.4588623046875
1,0.1875,0.32391357421875,1.15496826171875,5.9971923828125
2,0.094444444444444442,-0.0916748046875,1.34417724609375,3.66046142578125
1,0.19444444444444445,0.33062744140625,1.143310546875,6.14404296875
3,0,0.08367919921875,1.339111328125,0.76849365234375
3,0.001388888888888884,0.08172607421875,1.33831787109375,0.8115234375
2,0.10138888888888889,-0.10369873046875,1.3426513671875,3.85821533203125
1,0.2013888888888889,0.33721923828125,1.13134765625,6.28717041015625
3,0.0083333333333333315,0.0721435546875,1.33441162109375,1.02655029296875
2,0.10833333333333334,-0.11541748046875,1.34063720703125,4.05218505859375
1,0.20833333333333334,0.34375,1.118896484375,6.42901611328125
3,0.015277777777777779,0.0625,1.33056640625,1.2415771484375
2,0.11527777777777778,-0.126953125,1.338134765625,4.2423095703125
1,0.21527777777777779,0.35028076171875,1.10595703125,6.5709228515625
3,0.0222222222222222,0.0528564453125,1.32666015625,1.45660400390625
2,0.1222222222222222,-0.13824462890625,1.33514404296875,4.42864990234375
1,0.22222222222222221,0.35675048828125,1.092529296875,6.71282958984375
3,0.029166666666666646,0.043212890625,1.32275390625,1.671630859375
2,0.12916666666666665,-0.14935302734375,1.3316650390625,4.6112060546875
1,0.22916666666666666,0.36328125,1.07867431640625,6.854736328125
3,0.036111111111111094,0.0335693359375,1.31884765625,1.88665771484375
2,0.1361111111111111,-0.16015625,1.3277587890625,4.7899169921875
1,0.2361111111111111,0.36981201171875,1.0643310546875,6.99664306640625
3,0.043055555555555541,0.02398681640625,1.31494140625,2.1016845703125
2,0.14305555555555555,-0.1707763671875,1.3233642578125,4.96484375
1,0.24305555555555555,0.3763427734375,1.0494384765625,7.1385498046875
3,0.049999999999999989,0.01434326171875,1.31109619140625,2.31671142578125
2,0.15,-0.18115234375,1.318359375,5.135986328125
1,0.25,0.38287353515625,1.0341796875,7.28045654296875
3,0.056944444444444409,0.00469970703125,1.30718994140625,2.53173828125
2,0.15694444444444441,-0.1912841796875,1.31304931640625,5.30328369140625
1,0.25694444444444442,0.38934326171875,1.01837158203125,7.42236328125
3,0.063888888888888884,-0.00494384765625,1.30328369140625,2.74676513671875
2,0.16388888888888889,-0.20123291015625,1.30712890625,5.466796875
1,0.2638888888888889,0.3958740234375,1.00213623046875,7.56427001953125
3,0.0708333333333333,-0.0145263671875,1.29931640625,2.9610595703125
2,0.17083333333333331,-0.2109375,1.30078125,5.62652587890625
1,0.27083333333333331,0.40240478515625,0.9854736328125,7.7061767578125
3,0.077777777777777779,-0.02398681640625,1.29498291015625,3.17193603515625
2,0.17777777777777778,-0.2203369140625,1.2939453125,5.78240966796875
1,0.27777777777777779,0.408935546875,0.96826171875,7.84808349609375
3,0.0847222222222222,-0.03326416015625,1.290283203125,3.37896728515625
2,0.1847222222222222,-0.2296142578125,1.28656005859375,5.93450927734375
1,0.28472222222222221,0.41546630859375,0.95062255859375,7.98992919921875
3,0.091666666666666674,-0.0423583984375,1.28509521484375,3.5821533203125
2,0.19166666666666668,-0.23858642578125,1.27880859375,6.08282470703125
1,0.29166666666666669,0.4219970703125,0.9324951171875,8.1318359375
3,0.0986111111111111,-0.05126953125,1.279541015625,3.7816162109375
2,0.1986111111111111,-0.247314453125,1.27044677734375,6.227294921875
1,0.2986111111111111,0.428466796875,0.91387939453125,8.27374267578125
4,0,0.08367919921875,1.339111328125,0.76849365234375
4,0.0055555555555555358,0.07073974609375,1.33489990234375,0.940185546875
3,0.10555555555555557,-0.06005859375,1.27362060546875,3.9771728515625
2,0.20555555555555557,-0.25592041015625,1.26165771484375,6.36920166015625
1,0.30555555555555558,0.43499755859375,0.894775390625,8.4156494140625
4,0.012499999999999956,0.05462646484375,1.32958984375,1.15478515625
3,0.11249999999999999,-0.06866455078125,1.2672119140625,4.16900634765625
2,0.2125,-0.2645263671875,1.25244140625,6.510986328125
1,0.3125,0.4415283203125,0.875244140625,8.55755615234375
4,0.019444444444444375,0.03851318359375,1.32427978515625,1.369384765625
3,0.11944444444444441,-0.07708740234375,1.26043701171875,4.35699462890625
2,0.21944444444444441,-0.27313232421875,1.24267578125,6.65283203125
1,0.31944444444444442,0.44805908203125,0.855224609375,8.699462890625
4,0.026388888888888851,0.0223388671875,1.3189697265625,1.583984375
3,0.12638888888888888,-0.0853271484375,1.25335693359375,4.54119873046875
2,0.22638888888888889,-0.28173828125,1.23248291015625,6.79461669921875
1,0.3263888888888889,0.45458984375,0.83477783203125,8.84136962890625
4,0.03333333333333327,0.0062255859375,1.313720703125,1.798583984375
3,0.1333333333333333,-0.0933837890625,1.2457275390625,4.7215576171875
2,0.23333333333333331,-0.29034423828125,1.22186279296875,6.93646240234375
1,0.33333333333333331,0.4610595703125,0.81378173828125,8.9832763671875
4,0.040277777777777746,-0.00994873046875,1.30841064453125,2.01318359375
3,0.14027777777777778,-0.101318359375,1.23779296875,4.89813232421875
2,0.24027777777777778,-0.2989501953125,1.210693359375,7.07830810546875
1,0.34027777777777779,0.46759033203125,0.7923583984375,9.12518310546875
4,0.047222222222222165,-0.02606201171875,1.3031005859375,2.22784423828125
3,0.1472222222222222,-0.10906982421875,1.22943115234375,5.07086181640625
2,0.2472222222222222,-0.30755615234375,1.1990966796875,7.2200927734375
1,0.34722222222222221,0.47412109375,0.7703857421875,9.26708984375
4,0.054166666666666641,-0.042236328125,1.29779052734375,2.44244384765625
3,0.15416666666666667,-0.11663818359375,1.2205810546875,5.23980712890625
2,0.25416666666666665,-0.316162109375,1.18701171875,7.3619384765625
1,0.35416666666666669,0.48065185546875,0.74798583984375,9.408935546875
4,0.061111111111111061,-0.058349609375,1.29248046875,2.65704345703125
3,0.16111111111111109,-0.1240234375,1.21142578125,5.40496826171875
2,0.26111111111111107,-0.32476806640625,1.1744384765625,7.5037841796875
1,0.3611111111111111,0.4871826171875,0.72515869140625,9.55084228515625
4,0.068055555555555536,-0.074462890625,1.2872314453125,2.87158203125
3,0.16805555555555557,-0.1312255859375,1.201904296875,5.5662841796875
2,0.2680555555555556,-0.3333740234375,1.161376953125,7.64556884765625
1,0.36805555555555558,0.49365234375,0.70184326171875,9.6927490234375
4,0.074999999999999956,-0.0904541015625,1.2816162109375,3.08349609375
3,0.175,-0.1383056640625,1.19189453125,5.72381591796875
2,0.275,-0.3419189453125,1.14788818359375,7.78741455078125
1,0.375,0.50018310546875,0.67803955078125,9.83465576171875
4,0.081944444444444375,-0.1060791015625,1.27569580078125,3.2916259765625
3,0.18194444444444441,-0.14520263671875,1.18145751953125,5.8775634765625
2,0.28194444444444444,-0.35052490234375,1.13385009765625,7.92919921875
1,0.38194444444444442,0.5067138671875,0.65374755859375,9.9765625
4,0.088888888888888851,-0.1214599609375,1.26934814453125,3.4959716796875
3,0.18888888888888888,-0.15191650390625,1.17071533203125,6.0274658203125
2,0.28888888888888886,-0.359130859375,1.119384765625,8.071044921875
1,0.3888888888888889,0.51324462890625,0.6290283203125,10.11846923828125
4,0.09583333333333327,-0.13653564453125,1.2626953125,3.696533203125
3,0.1958333333333333,-0.158447265625,1.15948486328125,6.173583984375
2,0.29583333333333328,-0.36773681640625,1.1044921875,8.212890625
1,0.39583333333333331,0.519775390625,0.603759765625,10.2603759765625
5,0,0.08367919921875,1.339111328125,0.76849365234375
5,0.0027777777777777679,0.07958984375,1.340576171875,0.8544921875
4,0.10277777777777775,-0.15130615234375,1.255615234375,3.893310546875
3,0.20277777777777778,-0.16485595703125,1.14788818359375,6.316162109375
2,0.30277777777777781,-0.3763427734375,1.08905029296875,8.35467529296875
1,0.40277777777777779,0.5262451171875,0.578125,10.40228271484375
5,0.0097222222222221877,0.06939697265625,1.34423828125,1.06951904296875
4,0.10972222222222217,-0.16583251953125,1.2481689453125,4.08624267578125
3,0.2097222222222222,-0.17120361328125,1.13580322265625,6.4581298828125
2,0.30972222222222223,-0.38494873046875,1.0732421875,8.49652099609375
1,0.40972222222222221,0.53277587890625,0.55194091796875,10.544189453125
5,0.016666666666666663,0.05926513671875,1.34796142578125,1.28448486328125
4,0.11666666666666664,-0.1800537109375,1.24029541015625,4.275390625
3,0.21666666666666667,-0.17755126953125,1.123291015625,6.60003662109375
2,0.31666666666666665,-0.3935546875,1.056884765625,8.6383056640625
1,0.41666666666666669,0.539306640625,0.52532958984375,10.68609619140625
5,0.023611111111111083,0.049072265625,1.35162353515625,1.49951171875
4,0.12361111111111106,-0.19403076171875,1.23211669921875,4.460693359375
3,0.22361111111111109,-0.18389892578125,1.11029052734375,6.741943359375
2,0.32361111111111107,-0.40216064453125,1.04010009765625,8.7801513671875
1,0.4236111111111111,0.54583740234375,0.4981689453125,10.82794189453125
5,0.030555555555555558,0.03887939453125,1.35528564453125,1.71453857421875
4,0.13055555555555554,-0.2076416015625,1.2235107421875,4.64227294921875
3,0.23055555555555557,-0.19024658203125,1.0968017578125,6.88385009765625
2,0.3305555555555556,-0.4107666015625,1.02276611328125,8.9219970703125
1,0.43055555555555558,0.5523681640625,0.47064208984375,10.9698486328125
5,0.037499999999999978,0.0286865234375,1.3590087890625,1.92950439453125
4,0.13749999999999996,-0.22100830078125,1.21453857421875,4.82000732421875
3,0.2375,-0.1966552734375,1.08282470703125,7.0257568359375
2,0.3375,-0.41937255859375,1.0050048828125,9.06378173828125
1,0.4375,0.55889892578125,0.44256591796875,11.11175537109375
5,0.0444444444444444,0.01849365234375,1.3626708984375,2.14453125
4,0.14444444444444438,-0.234130859375,1.2052001953125,4.99395751953125
3,0.24444444444444441,-0.2030029296875,1.068359375,7.167724609375
2,0.34444444444444444,-0.427978515625,0.98675537109375,9.20562744140625
1,0.44444444444444442,0.56536865234375,0.4140625,11.253662109375
5,0.051388888888888873,0.00836181640625,1.3663330078125,2.35955810546875
4,0.15138888888888885,-0.24688720703125,1.19549560546875,5.16412353515625
3,0.25138888888888888,-0.2093505859375,1.053466796875,7.30963134765625
2,0.35138888888888886,-0.4365234375,0.96807861328125,9.34747314453125
1,0.4513888888888889,0.5718994140625,0.38494873046875,11.39556884765625
5,0.058333333333333293,-0.0018310546875,1.3699951171875,2.57452392578125
4,0.15833333333333327,-0.2593994140625,1.18536376953125,5.3304443359375
3,0.2583333333333333,-0.2156982421875,1.0380859375,7.4515380859375
2,0.35833333333333328,-0.44512939453125,0.9488525390625,9.4892578125
1,0.45833333333333331,0.57843017578125,0.35552978515625,11.5374755859375
5,0.065277777777777768,-0.01202392578125,1.37371826171875,2.78955078125
4,0.16527777777777775,-0.2716064453125,1.17486572265625,5.49298095703125
3,0.26527777777777778,-0.2220458984375,1.022216796875,7.59344482421875
2,0.36527777777777781,-0.4537353515625,0.92919921875,9.631103515625
1,0.46527777777777779,0.5849609375,0.3255615234375,11.67938232421875
5,0.072222222222222188,-0.02215576171875,1.37725830078125,3.00335693359375
4,0.17222222222222217,-0.2835693359375,1.1640625,5.6517333984375
3,0.2722222222222222,-0.2283935546875,1.00592041015625,7.7353515625
2,0.37222222222222223,-0.46234130859375,0.90911865234375,9.77288818359375
1,0.47222222222222221,0.59149169921875,0.295166015625,11.8212890625
5,0.079166666666666663,-0.0321044921875,1.380126953125,3.21337890625
4,0.17916666666666664,-0.29522705078125,1.15277099609375,5.806640625
3,0.27916666666666667,-0.23480224609375,0.9891357421875,7.87725830078125
2,0.37916666666666665,-0.470947265625,0.88848876953125,9.91473388671875
1,0.47916666666666669,0.59796142578125,0.2642822265625,11.96319580078125
5,0.086111111111111083,-0.0418701171875,1.38262939453125,3.41961669921875
4,0.18611111111111106,-0.30657958984375,1.14117431640625,5.95782470703125
3,0.28611111111111109,-0.24114990234375,0.97186279296875,8.01922607421875
2,0.38611111111111107,-0.47955322265625,0.86749267578125,10.05657958984375
1,0.4861111111111111,0.6044921875,0.23291015625,12.1051025390625
5,0.093055555555555558,-0.05145263671875,1.384521484375,3.6220703125
4,0.19305555555555554,-0.31768798828125,1.129150390625,6.10516357421875
3,0.29305555555555557,-0.24749755859375,0.9541015625,8.1611328125
2,0.3930555555555556,-0.4881591796875,0.845947265625,10.1983642578125
1,0.49305555555555558,0.61102294921875,0.2010498046875,12.2469482421875
6,0,0.08367919921875,1.339111328125,0.76849365234375
5,0.099999999999999978,-0.06085205078125,1.38592529296875,3.82073974609375
4,0.19999999999999996,-0.3284912109375,1.11676025390625,6.2486572265625
3,0.3,-0.25384521484375,0.9359130859375,8.30303955078125
2,0.4,-0.49676513671875,0.82391357421875,10.3402099609375
1,0.5,0.6175537109375,0.16876220703125,12.38885498046875
6,0.00694444444444442,0.0850830078125,1.32794189453125,0.98345947265625
5,0.1069444444444444,-0.070068359375,1.38671875,4.01556396484375
4,0.20694444444444438,-0.339111328125,1.10394287109375,6.39031982421875
3,0.30694444444444441,-0.26019287109375,0.917236328125,8.4449462890625
2,0.40694444444444444,-0.50537109375,0.8013916015625,10.48199462890625
1,0.50694444444444442,0.62408447265625,0.135986328125,12.53076171875
6,0.01388888888888884,0.08642578125,1.31683349609375,1.198486328125
5,0.11388888888888882,-0.07916259765625,1.38702392578125,4.20654296875
4,0.2138888888888888,-0.34979248046875,1.0906982421875,6.531982421875
3,0.31388888888888883,-0.26654052734375,0.89801025390625,8.58685302734375
2,0.41388888888888886,-0.51397705078125,0.7784423828125,10.62384033203125
1,0.51388888888888884,0.63055419921875,0.10272216796875,12.67266845703125
6,0.02083333333333337,0.08782958984375,1.3056640625,1.4134521484375
5,0.12083333333333335,-0.0880126953125,1.38671875,4.39373779296875
4,0.22083333333333333,-0.36041259765625,1.07696533203125,6.673583984375
3,0.32083333333333336,-0.27288818359375,0.87841796875,8.728759765625
2,0.42083333333333339,-0.52252197265625,0.7550048828125,10.76568603515625
1,0.52083333333333337,0.6370849609375,0.06903076171875,12.8145751953125
6,0.02777777777777779,0.0892333984375,1.2945556640625,1.62841796875
5,0.12777777777777777,-0.0966796875,1.385986328125,4.5771484375
4,0.22777777777777775,-0.37109375,1.06268310546875,6.81524658203125
3,0.32777777777777778,-0.279296875,0.8582763671875,8.8707275390625
2,0.42777777777777781,-0.5311279296875,0.7310791015625,10.907470703125
1,0.52777777777777779,0.64361572265625,0.0347900390625,12.95648193359375
6,0.03472222222222221,0.090576171875,1.28338623046875,1.84344482421875
5,0.13472222222222219,-0.10516357421875,1.3846435546875,4.75677490234375
4,0.23472222222222217,-0.3817138671875,1.04803466796875,6.9569091796875
3,0.3347222222222222,-0.28564453125,0.83770751953125,9.01263427734375
2,0.43472222222222223,-0.53973388671875,0.70672607421875,11.04931640625
1,0.52973640449847226,0.64544677734375,0,12.99652099609375
6,0.04166666666666663,0.09197998046875,1.27227783203125,2.05841064453125
5,0.14166666666666661,-0.113525390625,1.38275146484375,4.93255615234375
4,0.24166666666666659,-0.39239501953125,1.0328369140625,7.0985107421875
3,0.34166666666666662,-0.2919921875,0.81671142578125,9.154541015625
2,0.44166666666666665,-0.54833984375,0.68182373046875,11.191162109375
6,0.04861111111111116,0.09332275390625,1.2611083984375,2.27337646484375
5,0.14861111111111114,-0.12164306640625,1.38043212890625,5.10455322265625
4,0.24861111111111112,-0.40301513671875,1.0172119140625,7.24017333984375
3,0.34861111111111115,-0.29833984375,0.795166015625,9.29644775390625
2,0.44861111111111118,-0.55694580078125,0.656494140625,11.33294677734375
6,0.05555555555555558,0.0947265625,1.25,2.4884033203125
5,0.15555555555555556,-0.129638671875,1.37750244140625,5.272705078125
4,0.25555555555555554,-0.4136962890625,1.0010986328125,7.3818359375
3,0.35555555555555557,-0.3046875,0.773193359375,9.4383544921875
2,0.4555555555555556,-0.5655517578125,0.63079833984375,11.47479248046875
6,0.0625,0.09613037109375,1.23883056640625,2.703369140625
5,0.16249999999999998,-0.13739013671875,1.3740234375,5.43707275390625
4,0.26249999999999996,-0.42431640625,0.9844970703125,7.5234375
3,0.3625,-0.31103515625,0.750732421875,9.580322265625
2,0.4625,-0.57415771484375,0.6044921875,11.6165771484375
6,0.06944444444444442,0.09747314453125,1.2276611328125,2.91802978515625
5,0.1694444444444444,-0.14501953125,1.3699951171875,5.59765625
4,0.26944444444444438,-0.43499755859375,0.96746826171875,7.66510009765625
3,0.36944444444444441,-0.31744384765625,0.727783203125,9.72222900390625
2,0.46944444444444444,-0.582763671875,0.5777587890625,11.7584228515625
6,0.07638888888888884,0.098876953125,1.21624755859375,3.12957763671875
5,0.17638888888888882,-0.15240478515625,1.36541748046875,5.75439453125
4,0.2763888888888888,-0.44561767578125,0.949951171875,7.80670166015625
3,0.37638888888888883,-0.32379150390625,0.704345703125,9.8641357421875
2,0.47638888888888886,-0.59136962890625,0.550537109375,11.9002685546875
6,0.08333333333333337,0.10015869140625,1.20465087890625,3.33734130859375
5,0.18333333333333335,-0.15966796875,1.3603515625,5.9073486328125
4,0.28333333333333333,-0.456298828125,0.931884765625,7.9483642578125
3,0.38333333333333336,-0.33013916015625,0.68048095703125,10.00604248046875
2,0.48333333333333339,-0.5999755859375,0.5228271484375,12.04205322265625
6,0.09027777777777779,0.10150146484375,1.19268798828125,3.54132080078125
5,0.19027777777777777,-0.166748046875,1.354736328125,6.05645751953125
4,0.29027777777777775,-0.4669189453125,0.9134521484375,8.09002685546875
3,0.39027777777777778,-0.33648681640625,0.6561279296875,10.14794921875
2,0.49027777777777781,-0.6085205078125,0.49468994140625,12.18389892578125
6,0.09722222222222221,0.102783203125,1.18048095703125,3.741455078125
5,0.19722222222222219,-0.17364501953125,1.34857177734375,6.2017822265625
4,0.29722222222222217,-0.47760009765625,0.89453125,8.23162841796875
3,0.3972222222222222,-0.34283447265625,0.63128662109375,10.28985595703125
2,0.49722222222222223,-0.61712646484375,0.466064453125,12.32568359375
7,0,0.08367919921875,1.339111328125,0.76849365234375
7,0.0041666666666666519,0.079833984375,1.34442138671875,0.89752197265625
6,0.10416666666666663,0.10406494140625,1.16796875,3.937744140625
5,0.20416666666666661,-0.18035888671875,1.34185791015625,6.343994140625
4,0.30416666666666659,-0.48828125,0.87506103515625,8.373291015625
3,0.40416666666666662,-0.34918212890625,0.60595703125,10.43182373046875
2,0.50416666666666665,-0.625732421875,0.43695068359375,12.467529296875
7,0.011111111111111183,0.0733642578125,1.35333251953125,1.11248779296875
6,0.11111111111111116,0.10528564453125,1.15521240234375,4.13031005859375
5,0.21111111111111114,-0.18707275390625,1.334716796875,6.48590087890625
4,0.31111111111111112,-0.4989013671875,0.85516357421875,8.51495361328125
3,0.41111111111111115,-0.3555908203125,0.5802001953125,10.57373046875
2,0.51111111111111118,-0.63433837890625,0.4073486328125,12.609375
7,0.018055555555555602,0.06689453125,1.36224365234375,1.3275146484375
6,0.11805555555555558,0.10650634765625,1.1422119140625,4.31903076171875
5,0.21805555555555556,-0.19378662109375,1.32708740234375,6.6278076171875
4,0.31805555555555554,-0.50958251953125,0.83477783203125,8.65655517578125
3,0.41805555555555557,-0.3619384765625,0.553955078125,10.71563720703125
2,0.5180555555555556,-0.6429443359375,0.37725830078125,12.75115966796875
7,0.025000000000000022,0.0604248046875,1.37109375,1.54248046875
6,0.125,0.107666015625,1.12890625,4.50390625
5,0.22499999999999998,-0.20050048828125,1.3189697265625,6.76971435546875
4,0.32499999999999996,-0.52020263671875,0.81396484375,8.7982177734375
3,0.425,-0.3682861328125,0.52728271484375,10.8575439453125
2,0.525,-0.65155029296875,0.34674072265625,12.89300537109375
7,0.031944444444444442,0.053955078125,1.3800048828125,1.75750732421875
6,0.13194444444444442,0.10882568359375,1.11529541015625,4.68499755859375
5,0.2319444444444444,-0.20721435546875,1.31036376953125,6.91162109375
4,0.33194444444444438,-0.5308837890625,0.7926025390625,8.93988037109375
3,0.43194444444444441,-0.3746337890625,0.50006103515625,10.99945068359375
2,0.53194444444444444,-0.66015625,0.3157958984375,13.03485107421875
7,0.038888888888888862,0.04754638671875,1.388916015625,1.97247314453125
6,0.13888888888888884,0.1099853515625,1.10137939453125,4.8623046875
5,0.23888888888888882,-0.21392822265625,1.30133056640625,7.05352783203125
4,0.3388888888888888,-0.54150390625,0.7708740234375,9.08148193359375
3,0.43888888888888883,-0.3809814453125,0.472412109375,11.14141845703125
2,0.53888888888888886,-0.66876220703125,0.28436279296875,13.1766357421875
7,0.045833333333333393,0.04107666015625,1.39776611328125,2.1875
6,0.14583333333333337,0.111083984375,1.0872802734375,5.0357666015625
5,0.24583333333333335,-0.220703125,1.29180908203125,7.1954345703125
4,0.34583333333333333,-0.55218505859375,0.74859619140625,9.22314453125
3,0.44583333333333336,-0.3873291015625,0.4442138671875,11.2833251953125
2,0.54583333333333339,-0.6773681640625,0.25238037109375,13.3184814453125
7,0.052777777777777812,0.03460693359375,1.40667724609375,2.4024658203125
6,0.15277777777777779,0.1121826171875,1.0728759765625,5.20550537109375
5,0.25277777777777777,-0.2274169921875,1.28179931640625,7.33734130859375
4,0.35277777777777775,-0.56280517578125,0.72589111328125,9.36474609375
3,0.45277777777777778,-0.39373779296875,0.41558837890625,11.42523193359375
2,0.55277777777777781,-0.68597412109375,0.219970703125,13.46026611328125
7,0.059722222222222232,0.02813720703125,1.41558837890625,2.61749267578125
6,0.15972222222222221,0.11328125,1.05816650390625,5.371337890625
5,0.25972222222222219,-0.234130859375,1.27130126953125,7.479248046875
4,0.35972222222222217,-0.573486328125,0.70263671875,9.50640869140625
3,0.4597222222222222,-0.40008544921875,0.38653564453125,11.567138671875
2,0.55972222222222223,-0.694580078125,0.18707275390625,13.60211181640625
7,0.066666666666666652,0.02166748046875,1.4244384765625,2.83245849609375
6,0.16666666666666663,0.11431884765625,1.043212890625,5.533447265625
5,0.26666666666666661,-0.2408447265625,1.2603759765625,7.62115478515625
4,0.36666666666666659,-0.5841064453125,0.67901611328125,9.6480712890625
3,0.46666666666666662,-0.40643310546875,0.35699462890625,11.70904541015625
2,0.56666666666666665,-0.703125,0.15374755859375,13.74395751953125
7,0.073611111111111183,0.01531982421875,1.43304443359375,3.0455322265625
6,0.17361111111111116,0.11529541015625,1.0279541015625,5.691650390625
5,0.27361111111111114,-0.24755859375,1.24896240234375,7.7630615234375
4,0.37361111111111112,-0.59478759765625,0.65484619140625,9.7896728515625
3,0.47361111111111115,-0.41278076171875,0.32696533203125,11.8509521484375
2,0.57361111111111118,-0.71173095703125,0.119873046875,13.8857421875
7,0.0805555555555556,0.009033203125,1.44097900390625,3.25482177734375
6,0.18055555555555558,0.1163330078125,1.012451171875,5.84613037109375
5,0.28055555555555556,-0.2542724609375,1.237060546875,7.90496826171875
4,0.38055555555555554,-0.60540771484375,0.6302490234375,9.93133544921875
3,0.48055555555555557,-0.41912841796875,0.29644775390625,11.992919921875
2,0.5805555555555556,-0.7203369140625,0.0855712890625,14.027587890625
7,0.087500000000000022,0.00286865234375,1.44830322265625,3.4603271484375
6,0.1875,0.11724853515625,0.99664306640625,5.99676513671875
5,0.2875,-0.260986328125,1.2247314453125,8.046875
4,0.38749999999999996,-0.6160888671875,0.6051025390625,10.072998046875
3,0.4875,-0.42547607421875,0.2655029296875,12.13482666015625
2,0.5875,-0.72894287109375,0.05078125,14.16937255859375
7,0.094444444444444442,-0.00323486328125,1.4549560546875,3.6619873046875
6,0.19444444444444442,0.11822509765625,0.9805908203125,6.14361572265625
5,0.2944444444444444,-0.2677001953125,1.21185302734375,8.18878173828125
4,0.39444444444444438,-0.626708984375,0.57958984375,10.214599609375
3,0.49444444444444441,-0.431884765625,0.23406982421875,12.2767333984375
2,0.59258135938315515,-0.7352294921875,0,14.273193359375
8,0,0.08367919921875,1.339111328125,0.76849365234375
8,0.001388888888888884,0.08441162109375,1.33905029296875,0.8115234375
7,0.10138888888888886,-0.0091552734375,1.46099853515625,3.85986328125
6,0.20138888888888884,0.119140625,0.9642333984375,6.2867431640625
5,0.30138888888888882,-0.2744140625,1.19854736328125,8.3306884765625
4,0.4013888888888888,-0.63739013671875,0.55352783203125,10.35626220703125
3,0.50138888888888888,-0.438232421875,0.2021484375,12.41864013671875
8,0.0083333333333334147,0.087890625,1.3388671875,1.02679443359375
7,0.10833333333333339,-0.01495361328125,1.46649169921875,4.05389404296875
6,0.20833333333333337,0.12005615234375,0.947509765625,6.4285888671875
5,0.30833333333333335,-0.2811279296875,1.18475341796875,8.47259521484375
4,0.40833333333333333,-0.64801025390625,0.52703857421875,10.4979248046875
3,0.5083333333333333,-0.444580078125,0.16973876953125,12.560546875
8,0.015277777777777835,0.0914306640625,1.33868408203125,1.2420654296875
7,0.11527777777777781,-0.02069091796875,1.47125244140625,4.244140625
6,0.21527777777777779,0.1209716796875,0.93023681640625,6.57049560546875
5,0.31527777777777777,-0.28790283203125,1.1705322265625,8.61444091796875
4,0.41527777777777775,-0.65869140625,0.5,10.6395263671875
3,0.51527777777777772,-0.450927734375,0.1368408203125,12.7025146484375
8,0.022222222222222254,0.094970703125,1.33843994140625,1.457275390625
7,0.12222222222222223,-0.02630615234375,1.47540283203125,4.43060302734375
6,0.22222222222222221,0.12188720703125,0.91253662109375,6.71240234375
5,0.32222222222222219,-0.29461669921875,1.15582275390625,8.75634765625
4,0.42222222222222217,-0.6693115234375,0.47259521484375,10.78118896484375
3,0.52222222222222214,-0.457275390625,0.103515625,12.84442138671875
8,0.029166666666666674,0.0985107421875,1.3382568359375,1.67254638671875
7,0.12916666666666665,-0.03179931640625,1.47894287109375,4.61322021484375
6,0.22916666666666663,0.122802734375,0.89434814453125,6.85430908203125
5,0.32916666666666661,-0.30133056640625,1.14056396484375,8.89825439453125
4,0.42916666666666659,-0.67999267578125,0.44464111328125,10.92279052734375
3,0.52916666666666656,-0.463623046875,0.0697021484375,12.986328125
8,0.036111111111111205,0.10205078125,1.3380126953125,1.8878173828125
7,0.13611111111111118,-0.03717041015625,1.48187255859375,4.79205322265625
6,0.23611111111111116,0.12371826171875,0.875732421875,6.99615478515625
5,0.33611111111111114,-0.30804443359375,1.12493896484375,9.0401611328125
4,0.43611111111111112,-0.690673828125,0.41619873046875,11.064453125
3,0.5361111111111112,-0.469970703125,0.03546142578125,13.12823486328125
8,0.043055555555555625,0.1055908203125,1.33782958984375,2.10302734375
7,0.1430555555555556,-0.04241943359375,1.484130859375,4.96710205078125
6,0.24305555555555558,0.1246337890625,0.8565673828125,7.1380615234375
5,0.34305555555555556,-0.31475830078125,1.1087646484375,9.18206787109375
4,0.44305555555555554,-0.7012939453125,0.38739013671875,11.20611572265625
3,0.538196880819642,-0.471923828125,0,13.17083740234375
8,0.050000000000000044,0.109130859375,1.337646484375,2.31829833984375
7,0.15000000000000002,-0.04754638671875,1.4857177734375,5.1383056640625
6,0.25,0.12554931640625,0.8370361328125,7.27996826171875
5,0.35,-0.32147216796875,1.0921630859375,9.323974609375
4,0.44999999999999996,-0.71197509765625,0.3580322265625,11.34771728515625
8,0.056944444444444464,0.1126708984375,1.33740234375,2.53350830078125
7,0.15694444444444444,-0.05255126953125,1.48681640625,5.30572509765625
6,0.25694444444444442,0.12646484375,0.81689453125,7.421875
5,0.3569444444444444,-0.32818603515625,1.07501220703125,9.46588134765625
4,0.45694444444444438,-0.72259521484375,0.3282470703125,11.4893798828125
8,0.063888888888888884,0.1162109375,1.33721923828125,2.748779296875
7,0.16388888888888886,-0.0574951171875,1.4871826171875,5.46929931640625
6,0.26388888888888884,0.1273193359375,0.79638671875,7.563720703125
5,0.36388888888888882,-0.33489990234375,1.0574951171875,9.6077880859375
4,0.4638888888888888,-0.7332763671875,0.29791259765625,11.63104248046875
8,0.070833333333333415,0.11968994140625,1.3369140625,2.96331787109375
7,0.17083333333333339,-0.062255859375,1.4869384765625,5.62908935546875
6,0.27083333333333337,0.12823486328125,0.775390625,7.70562744140625
5,0.37083333333333335,-0.34161376953125,1.03948974609375,9.74969482421875
4,0.47083333333333333,-0.743896484375,0.26715087890625,11.77264404296875
8,0.077777777777777835,0.1231689453125,1.336181640625,3.17437744140625
7,0.17777777777777781,-0.06695556640625,1.48602294921875,5.78509521484375
6,0.27777777777777779,0.129150390625,0.75390625,7.8475341796875
5,0.37777777777777777,-0.34832763671875,1.02099609375,9.8916015625
4,0.47777777777777775,-0.75457763671875,0.23590087890625,11.914306640625
8,0.084722222222222254,0.1265869140625,1.33502197265625,3.38165283203125
7,0.18472222222222223,-0.071533203125,1.48455810546875,5.937255859375
6,0.28472222222222221,0.13006591796875,0.73199462890625,7.9893798828125
5,0.38472222222222219,-0.3551025390625,1.00201416015625,10.03350830078125
4,0.48472222222222217,-0.76519775390625,0.2042236328125,12.05596923828125
8,0.091666666666666674,0.1298828125,1.3333740234375,3.5850830078125
7,0.19166666666666665,-0.07598876953125,1.482421875,6.08563232421875
6,0.29166666666666663,0.1309814453125,0.70953369140625,8.13128662109375
5,0.39166666666666661,-0.36181640625,0.98248291015625,10.1754150390625
4,0.49166666666666659,-0.77587890625,0.1719970703125,12.19757080078125
8,0.0986111111111112,0.1331787109375,1.33123779296875,3.78466796875
7,0.19861111111111118,-0.080322265625,1.4796142578125,6.230224609375
6,0.29861111111111116,0.13189697265625,0.6866455078125,8.273193359375
5,0.39861111111111114,-0.3685302734375,0.96258544921875,10.31732177734375
4,0.49861111111111112,-0.7864990234375,0.13934326171875,12.3392333984375
9,0,0.08367919921875,1.339111328125,0.76849365234375
9,0.0055555555555556468,0.09417724609375,1.3385009765625,0.94036865234375
8,0.10555555555555562,0.13641357421875,1.32861328125,3.98052978515625
7,0.2055555555555556,-0.0845947265625,1.47625732421875,6.3721923828125
6,0.30555555555555558,0.1328125,0.6632080078125,8.41510009765625
5,0.40555555555555556,-0.375244140625,0.94219970703125,10.459228515625
4,0.50555555555555554,-0.79718017578125,0.10626220703125,12.4808349609375
9,0.012500000000000067,0.1072998046875,1.3377685546875,1.1552734375
8,0.11250000000000004,0.1395263671875,1.32550048828125,4.1724853515625
7,0.21250000000000002,-0.0888671875,1.47247314453125,6.51409912109375
6,0.3125,0.13372802734375,0.639404296875,8.55694580078125
5,0.4125,-0.3819580078125,0.92132568359375,10.60113525390625
4,0.5125,-0.80780029296875,0.07269287109375,12.62249755859375
9,0.019444444444444486,0.12042236328125,1.3370361328125,1.3701171875
8,0.11944444444444446,0.14263916015625,1.32196044921875,4.3607177734375
7,0.21944444444444444,-0.0931396484375,1.4681396484375,6.656005859375
6,0.31944444444444442,0.1346435546875,0.61505126953125,8.6988525390625
5,0.4194444444444444,-0.388671875,0.9000244140625,10.7430419921875
4,0.51944444444444438,-0.8184814453125,0.03857421875,12.76416015625
9,0.026388888888888906,0.133544921875,1.3363037109375,1.58502197265625
8,0.12638888888888888,0.14569091796875,1.31805419921875,4.5450439453125
7,0.22638888888888886,-0.097412109375,1.46343994140625,6.7978515625
6,0.32638888888888884,0.13555908203125,0.59033203125,8.84075927734375
5,0.42638888888888882,-0.3953857421875,0.878173828125,10.88494873046875
4,0.52217069080573719,-0.8226318359375,0,12.81976318359375
9,0.033333333333333437,0.14666748046875,1.3355712890625,1.7999267578125
8,0.13333333333333341,0.14862060546875,1.31353759765625,4.72564697265625
7,0.23333333333333339,-0.10162353515625,1.45819091796875,6.93975830078125
6,0.33333333333333337,0.136474609375,0.56500244140625,8.982666015625
5,0.43333333333333335,-0.402099609375,0.85589599609375,11.02685546875
9,0.040277777777777857,0.1597900390625,1.3348388671875,2.0147705078125
8,0.14027777777777783,0.15155029296875,1.30859375,4.90240478515625
7,0.24027777777777781,-0.10589599609375,1.45245361328125,7.0816650390625
6,0.34027777777777779,0.13739013671875,0.539306640625,9.12451171875
5,0.44027777777777777,-0.4088134765625,0.8331298828125,11.16876220703125
9,0.047222222222222276,0.17291259765625,1.3341064453125,2.22967529296875
8,0.14722222222222225,0.15435791015625,1.30316162109375,5.0753173828125
7,0.24722222222222223,-0.11016845703125,1.4462890625,7.22357177734375
6,0.34722222222222221,0.1383056640625,0.5130615234375,9.26641845703125
5,0.44722222222222219,-0.41552734375,0.80987548828125,11.3106689453125
9,0.054166666666666696,0.18603515625,1.3333740234375,2.44451904296875
8,0.15416666666666667,0.15716552734375,1.29730224609375,5.24444580078125
7,0.25416666666666665,-0.11444091796875,1.43963623046875,7.365478515625
6,0.35416666666666663,0.13922119140625,0.48638916015625,9.4083251953125
5,0.45416666666666661,-0.42230224609375,0.7861328125,11.4525146484375
9,0.061111111111111227,0.1990966796875,1.3326416015625,2.659423828125
8,0.1611111111111112,0.15985107421875,1.29095458984375,5.40972900390625
7,0.26111111111111118,-0.11871337890625,1.4324951171875,7.50738525390625
6,0.36111111111111116,0.14013671875,0.459228515625,9.5501708984375
5,0.46111111111111114,-0.42901611328125,0.761962890625,11.59442138671875
9,0.068055555555555647,0.21221923828125,1.3319091796875,2.87420654296875
8,0.16805555555555562,0.16253662109375,1.28411865234375,5.5712890625
7,0.2680555555555556,-0.1229248046875,1.42486572265625,7.6492919921875
6,0.36805555555555558,0.14105224609375,0.431640625,9.69207763671875
5,0.46805555555555556,-0.43572998046875,0.73736572265625,11.736328125
9,0.075000000000000067,0.2252197265625,1.330810546875,3.08642578125
8,0.17500000000000004,0.16510009765625,1.27685546875,5.72894287109375
7,0.275,-0.127197265625,1.41680908203125,7.7911376953125
6,0.375,0.1419677734375,0.403564453125,9.833984375
5,0.475,-0.44244384765625,0.71221923828125,11.87823486328125
9,0.081944444444444486,0.2379150390625,1.32928466796875,3.2947998046875
8,0.18194444444444446,0.1676025390625,1.26910400390625,5.8828125
7,0.28194444444444444,-0.1314697265625,1.40826416015625,7.93304443359375
6,0.38194444444444442,0.142822265625,0.37493896484375,9.97589111328125
5,0.4819444444444444,-0.44915771484375,0.6866455078125,12.0201416015625
9,0.0888888888888889,0.25042724609375,1.32733154296875,3.49945068359375
8,0.18888888888888888,0.17010498046875,1.2608642578125,6.03289794921875
7,0.28888888888888886,-0.1357421875,1.39923095703125,8.074951171875
6,0.38888888888888884,0.14373779296875,0.345947265625,10.11773681640625
5,0.48888888888888882,-0.45587158203125,0.6605224609375,12.16204833984375
9,0.095833333333333437,0.2626953125,1.32489013671875,3.70025634765625
8,0.19583333333333341,0.1724853515625,1.252197265625,6.17913818359375
7,0.29583333333333339,-0.1400146484375,1.3897705078125,8.21685791015625
6,0.39583333333333337,0.1446533203125,0.31634521484375,10.2596435546875
5,0.49583333333333335,-0.46258544921875,0.63397216796875,12.303955078125
10,0,0.08367919921875,1.339111328125,0.76849365234375
10,0.0027777777777778789,0.08758544921875,1.33380126953125,0.8543701171875
9,0.10277777777777786,0.27471923828125,1.32196044921875,3.897216796875
8,0.20277777777777783,0.1748046875,1.2430419921875,6.3218994140625
7,0.30277777777777781,-0.144287109375,1.3797607421875,8.3587646484375
6,0.40277777777777779,0.14556884765625,0.28643798828125,10.40155029296875
5,0.50277777777777777,-0.46929931640625,0.60699462890625,12.44586181640625
10,0.0097222222222222987,0.0972900390625,1.32061767578125,1.06903076171875
9,0.10972222222222228,0.2864990234375,1.318603515625,4.09039306640625
8,0.20972222222222225,0.17718505859375,1.23333740234375,6.4639892578125
7,0.30972222222222223,-0.14849853515625,1.36932373046875,8.50067138671875
6,0.40972222222222221,0.146484375,0.25592041015625,10.54345703125
5,0.50972222222222219,-0.47601318359375,0.57952880859375,12.5877685546875
10,0.016666666666666718,0.10699462890625,1.307373046875,1.28363037109375
9,0.1166666666666667,0.29803466796875,1.3148193359375,4.27978515625
8,0.21666666666666667,0.17950439453125,1.2232666015625,6.60601806640625
7,0.31666666666666665,-0.15277099609375,1.3583984375,8.642578125
6,0.41666666666666663,0.14739990234375,0.22503662109375,10.685302734375
5,0.51666666666666661,-0.48272705078125,0.55157470703125,12.72967529296875
10,0.023611111111111249,0.11676025390625,1.29412841796875,1.498291015625
9,0.12361111111111123,0.30938720703125,1.310546875,4.46539306640625
8,0.2236111111111112,0.18182373046875,1.21270751953125,6.74810791015625
7,0.32361111111111118,-0.15704345703125,1.3470458984375,8.784423828125
6,0.42361111111111116,0.1483154296875,0.19354248046875,10.82720947265625
5,0.52361111111111114,-0.489501953125,0.5230712890625,12.87158203125
10,0.030555555555555669,0.12646484375,1.28094482421875,1.71295166015625
9,0.13055555555555565,0.32049560546875,1.3057861328125,4.64715576171875
8,0.23055555555555562,0.18414306640625,1.20166015625,6.89013671875
7,0.3305555555555556,-0.16131591796875,1.335205078125,8.92633056640625
6,0.43055555555555558,0.14923095703125,0.1617431640625,10.9691162109375
5,0.53055555555555556,-0.4962158203125,0.49420166015625,13.01348876953125
10,0.037500000000000089,0.13616943359375,1.2677001953125,1.9276123046875
9,0.13750000000000007,0.33135986328125,1.30059814453125,4.82513427734375
8,0.23750000000000004,0.18646240234375,1.1900634765625,7.0322265625
7,0.3375,-0.16558837890625,1.3228759765625,9.0682373046875
6,0.4375,0.150146484375,0.12933349609375,11.1109619140625
5,0.5375,-0.5029296875,0.46484375,13.1553955078125
10,0.044444444444444509,0.1458740234375,1.25445556640625,2.14227294921875
9,0.14444444444444449,0.34197998046875,1.294921875,4.999267578125
8,0.24444444444444446,0.1888427734375,1.1781005859375,7.17431640625
7,0.34444444444444444,-0.1697998046875,1.31005859375,9.21014404296875
6,0.44444444444444442,0.15106201171875,0.0965576171875,11.25286865234375
5,0.5444444444444444,-0.5096435546875,0.43499755859375,13.29730224609375
10,0.051388888888888928,0.1556396484375,1.24127197265625,2.35693359375
9,0.15138888888888891,0.35235595703125,1.28887939453125,5.16961669921875
8,0.25138888888888888,0.191162109375,1.1656494140625,7.31634521484375
7,0.35138888888888886,-0.174072265625,1.29681396484375,9.35205078125
6,0.45138888888888884,0.1519775390625,0.06317138671875,11.394775390625
5,0.55138888888888882,-0.516357421875,0.40460205078125,13.439208984375
10,0.058333333333333459,0.16534423828125,1.22802734375,2.57159423828125
9,0.15833333333333344,0.362548828125,1.2822265625,5.336181640625
8,0.25833333333333341,0.1934814453125,1.1527099609375,7.45843505859375
7,0.35833333333333339,-0.1783447265625,1.28302001953125,9.49395751953125
6,0.45833333333333337,0.15289306640625,0.02947998046875,11.53668212890625
5,0.55833333333333335,-0.5230712890625,0.37384033203125,13.58111572265625
10,0.065277777777777879,0.175048828125,1.21484375,2.78619384765625
9,0.16527777777777786,0.37249755859375,1.27520751953125,5.4989013671875
8,0.26527777777777783,0.19580078125,1.1392822265625,7.6004638671875
7,0.36527777777777781,-0.1826171875,1.268798828125,9.6358642578125
6,0.45923945316464559,0.15301513671875,0,11.55517578125
5,0.56527777777777777,-0.52978515625,0.34259033203125,13.7230224609375
10,0.0722222222222223,0.18475341796875,1.2015380859375,2.9996337890625
9,0.17222222222222228,0.3822021484375,1.26776123046875,5.6578369140625
8,0.27222222222222225,0.1981201171875,1.1253662109375,7.7425537109375
7,0.37222222222222223,-0.1868896484375,1.254150390625,9.7777099609375
5,0.57222222222222219,-0.5364990234375,0.31085205078125,13.86492919921875
10,0.079166666666666718,0.1942138671875,1.18792724609375,3.2093505859375
9,0.1791666666666667,0.39166259765625,1.25982666015625,5.81298828125
8,0.27916666666666667,0.20050048828125,1.11102294921875,7.8846435546875
7,0.37916666666666665,-0.19110107421875,1.23895263671875,9.91961669921875
5,0.57916666666666661,-0.543212890625,0.2786865234375,14.0068359375
10,0.086111111111111249,0.20355224609375,1.17425537109375,3.415283203125
9,0.18611111111111123,0.40087890625,1.25140380859375,5.96435546875
8,0.2861111111111112,0.20281982421875,1.09619140625,8.02667236328125
7,0.38611111111111118,-0.19537353515625,1.223388671875,10.0615234375
5,0.58611111111111114,-0.5499267578125,0.24591064453125,14.148681640625
10,0.093055555555555669,0.21270751953125,1.16021728515625,3.61737060546875
9,0.19305555555555565,0.409912109375,1.2425537109375,6.11187744140625
8,0.29305555555555562,0.20513916015625,1.08087158203125,8.16876220703125
7,0.3930555555555556,-0.19964599609375,1.207275390625,10.20343017578125
5,0.59305555555555556,-0.55670166015625,0.2127685546875,14.29058837890625
11,0,0.08367919921875,1.339111328125,0.76849365234375
10,0.10000000000000009,0.2216796875,1.14599609375,3.815673828125
9,0.20000000000000007,0.418701171875,1.23321533203125,6.25555419921875
8,0.30000000000000004,0.20745849609375,1.0650634765625,8.310791015625
7,0.4,-0.20391845703125,1.190673828125,10.3453369140625
5,0.6,-0.56341552734375,0.17913818359375,14.4324951171875
11,0.0069444444444445308,0.09014892578125,1.33074951171875,0.9835205078125
10,0.10694444444444451,0.23052978515625,1.1314697265625,4.01019287109375
9,0.20694444444444449,0.4273681640625,1.223388671875,6.39739990234375
8,0.30694444444444446,0.20977783203125,1.048828125,8.452880859375
7,0.40694444444444444,-0.20819091796875,1.173583984375,10.48724365234375
5,0.6069444444444444,-0.57012939453125,0.14508056640625,14.57440185546875
11,0.013888888888888951,0.09661865234375,1.32232666015625,1.19854736328125
10,0.11388888888888893,0.2391357421875,1.11676025390625,4.20086669921875
9,0.21388888888888891,0.43597412109375,1.213134765625,6.5391845703125
8,0.31388888888888888,0.212158203125,1.0321044921875,8.59490966796875
7,0.41388888888888886,-0.21246337890625,1.15606689453125,10.629150390625
5,0.61388888888888882,-0.57684326171875,0.11053466796875,14.71630859375
11,0.02083333333333337,0.10308837890625,1.31396484375,1.41357421875
10,0.12083333333333335,0.24761962890625,1.10174560546875,4.3878173828125
9,0.22083333333333333,0.44464111328125,1.202392578125,6.6810302734375
8,0.3208333333333333,0.2144775390625,1.01495361328125,8.73699951171875
7,0.42083333333333328,-0.2166748046875,1.1380615234375,10.77099609375
5,0.62083333333333324,-0.58355712890625,0.07537841796875,14.85821533203125
11,0.02777777777777779,0.10955810546875,1.30560302734375,1.6285400390625
10,0.12777777777777777,0.25592041015625,1.0865478515625,4.5709228515625
9,0.22777777777777775,0.45330810546875,1.191162109375,6.8228759765625
8,0.32777777777777772,0.216796875,0.9971923828125,8.87908935546875
7,0.4277777777777777,-0.220947265625,1.11956787109375,10.91290283203125
5,0.62777777777777766,-0.59027099609375,0.0399169921875,15.0001220703125
11,0.034722222222222432,0.115966796875,1.2972412109375,1.84356689453125
10,0.13472222222222241,0.2640380859375,1.07110595703125,4.75018310546875
9,0.23472222222222239,0.46197509765625,1.17950439453125,6.96466064453125
8,0.33472222222222237,0.2191162109375,0.97906494140625,9.0211181640625
7,0.43472222222222234,-0.2252197265625,1.10064697265625,11.0548095703125
5,0.63065207116840816,-0.59307861328125,0,15.058837890625
11,0.041666666666666852,0.1224365234375,1.288818359375,2.05859375
10,0.14166666666666683,0.27197265625,1.055419921875,4.92572021484375
9,0.24166666666666681,0.47064208984375,1.16729736328125,7.10650634765625
8,0.34166666666666679,0.22149658203125,0.96051025390625,9.1632080078125
7,0.44166666666666676,-0.2294921875,1.08123779296875,11.19671630859375
11,0.048611111111111271,0.12890625,1.28045654296875,2.27362060546875
10,0.14861111111111125,0.27972412109375,1.03955078125,5.097412109375
9,0.24861111111111123,0.47930908203125,1.1546630859375,7.248291015625
8,0.3486111111111112,0.22381591796875,0.94140625,9.30523681640625
7,0.44861111111111118,-0.2337646484375,1.06134033203125,11.338623046875
11,0.055555555555555691,0.1353759765625,1.2720947265625,2.4886474609375
10,0.15555555555555567,0.287353515625,1.02337646484375,5.26531982421875
9,0.25555555555555565,0.48797607421875,1.1416015625,7.39013671875
8,0.35555555555555562,0.22613525390625,0.92181396484375,9.44732666015625
7,0.4555555555555556,-0.23797607421875,1.041015625,11.48052978515625
11,0.062500000000000111,0.141845703125,1.26373291015625,2.70367431640625
10,0.16250000000000009,0.2947998046875,1.00701904296875,5.42938232421875
9,0.26250000000000007,0.49658203125,1.12799072265625,7.53192138671875
8,0.36250000000000004,0.22845458984375,0.90179443359375,9.58935546875
7,0.4625,-0.24224853515625,1.0201416015625,11.6224365234375
11,0.069444444444444531,0.1483154296875,1.2552490234375,2.9183349609375
10,0.16944444444444451,0.30206298828125,0.9903564453125,5.58966064453125
9,0.26944444444444449,0.5052490234375,1.11395263671875,7.67376708984375
8,0.36944444444444446,0.23077392578125,0.88128662109375,9.7314453125
7,0.46944444444444444,-0.24652099609375,0.99884033203125,11.7642822265625
11,0.076388888888888951,0.1546630859375,1.24658203125,3.12994384765625
10,0.17638888888888893,0.30914306640625,0.97344970703125,5.74615478515625
9,0.27638888888888891,0.513916015625,1.09942626953125,7.8155517578125
8,0.37638888888888888,0.233154296875,0.8603515625,9.87353515625
7,0.47638888888888886,-0.25079345703125,0.97705078125,11.90618896484375
11,0.08333333333333337,0.160888671875,1.2376708984375,3.3377685546875
10,0.18333333333333335,0.3160400390625,0.95635986328125,5.89886474609375
9,0.28333333333333333,0.5225830078125,1.08441162109375,7.9573974609375
8,0.3833333333333333,0.2354736328125,0.83892822265625,10.01556396484375
7,0.48333333333333328,-0.25506591796875,0.95477294921875,12.048095703125
11,0.09027777777777779,0.16705322265625,1.228271484375,3.54168701171875
10,0.19027777777777777,0.32281494140625,0.93902587890625,6.04779052734375
9,0.29027777777777775,0.53125,1.0689697265625,8.0992431640625
8,0.39027777777777772,0.23779296875,0.81695556640625,10.15765380859375
7,0.4902777777777777,-0.25933837890625,0.93206787109375,12.19000244140625
11,0.097222222222222432,0.17303466796875,1.21868896484375,3.74188232421875
10,0.19722222222222241,0.329345703125,0.92144775390625,6.19287109375
9,0.29722222222222239,0.5399169921875,1.05303955078125,8.24102783203125
8,0.39722222222222237,0.2401123046875,0.7945556640625,10.2996826171875
7,0.49722222222222234,-0.2635498046875,0.908935546875,12.3319091796875
12,0,0.08367919921875,1.339111328125,0.76849365234375
12,0.0041666666666668739,0.07830810546875,1.33184814453125,0.8973388671875
11,0.10416666666666685,0.178955078125,1.20867919921875,3.938232421875
10,0.20416666666666683,0.3358154296875,0.903564453125,6.3348388671875
9,0.30416666666666681,0.548583984375,1.03662109375,8.38287353515625
8,0.40416666666666679,0.242431640625,0.77166748046875,10.4417724609375
7,0.50416666666666676,-0.267822265625,0.88525390625,12.47381591796875
12,0.011111111111111294,0.06927490234375,1.31976318359375,1.11212158203125
11,0.11111111111111127,0.18475341796875,1.1983642578125,4.13079833984375
10,0.21111111111111125,0.34222412109375,0.88525390625,6.47650146484375
9,0.31111111111111123,0.55718994140625,1.01971435546875,8.524658203125
8,0.4111111111111112,0.24481201171875,0.74835205078125,10.5838623046875
7,0.51111111111111118,-0.2720947265625,0.861083984375,12.61572265625
12,0.018055555555555713,0.060302734375,1.30767822265625,1.32684326171875
11,0.11805555555555569,0.1904296875,1.18780517578125,4.31951904296875
10,0.21805555555555567,0.3486328125,0.866455078125,6.6181640625
9,0.31805555555555565,0.56585693359375,1.0023193359375,8.66650390625
8,0.41805555555555562,0.24713134765625,0.7244873046875,10.72589111328125
7,0.5180555555555556,-0.2763671875,0.83642578125,12.75762939453125
12,0.025000000000000133,0.05133056640625,1.295654296875,1.5416259765625
11,0.12500000000000011,0.19598388671875,1.1768798828125,4.50445556640625
10,0.22500000000000009,0.35504150390625,0.84716796875,6.75982666015625
9,0.32500000000000007,0.57452392578125,0.9844970703125,8.80828857421875
8,0.42500000000000004,0.24945068359375,0.70025634765625,10.86798095703125
7,0.525,-0.2806396484375,0.81134033203125,12.89947509765625
12,0.031944444444444553,0.0423583984375,1.2835693359375,1.75634765625
11,0.13194444444444453,0.201416015625,1.16558837890625,4.68560791015625
10,0.23194444444444451,0.3614501953125,0.82745361328125,6.9014892578125
9,0.33194444444444449,0.58319091796875,0.9661865234375,8.95013427734375
8,0.43194444444444446,0.25177001953125,0.67547607421875,11.010009765625
7,0.53194444444444444,-0.28485107421875,0.7857666015625,13.0413818359375
12,0.038888888888888973,0.0333251953125,1.271484375,1.9710693359375
11,0.13888888888888895,0.20672607421875,1.15399169921875,4.8629150390625
10,0.23888888888888893,0.36785888671875,0.8072509765625,7.04315185546875
9,0.33888888888888891,0.59185791015625,0.947509765625,9.0919189453125
8,0.43888888888888888,0.25408935546875,0.6502685546875,11.152099609375
7,0.53888888888888886,-0.28912353515625,0.759765625,13.18328857421875
12,0.045833333333333393,0.02435302734375,1.2593994140625,2.18585205078125
11,0.14583333333333337,0.21197509765625,1.14208984375,5.03643798828125
10,0.24583333333333335,0.374267578125,0.78656005859375,7.18487548828125
9,0.34583333333333333,0.60052490234375,0.92822265625,9.2337646484375
8,0.4458333333333333,0.2564697265625,0.62451171875,11.29412841796875
7,0.54583333333333328,-0.29339599609375,0.73321533203125,13.3251953125
12,0.052777777777777812,0.015380859375,1.247314453125,2.40057373046875
11,0.15277777777777779,0.217041015625,1.1298828125,5.2061767578125
10,0.25277777777777777,0.3807373046875,0.765380859375,7.3265380859375
9,0.35277777777777775,0.60919189453125,0.90850830078125,9.3756103515625
8,0.45277777777777772,0.2587890625,0.59832763671875,11.43621826171875
7,0.5527777777777777,-0.29766845703125,0.706298828125,13.46710205078125
12,0.059722222222222454,0.00640869140625,1.2352294921875,2.6153564453125
11,0.15972222222222243,0.2220458984375,1.1173095703125,5.3720703125
10,0.25972222222222241,0.38714599609375,0.7437744140625,7.46820068359375
9,0.35972222222222239,0.6177978515625,0.8883056640625,9.51739501953125
8,0.45972222222222237,0.2611083984375,0.57171630859375,11.57830810546875
7,0.55972222222222234,-0.30194091796875,0.6788330078125,13.6090087890625
12,0.066666666666666874,-0.00262451171875,1.22314453125,2.830078125
11,0.16666666666666685,0.2269287109375,1.1043701171875,5.53411865234375
10,0.26666666666666683,0.3935546875,0.7216796875,7.60986328125
9,0.36666666666666681,0.62646484375,0.86767578125,9.65924072265625
8,0.46666666666666679,0.263427734375,0.54461669921875,11.7203369140625
7,0.56666666666666676,-0.30621337890625,0.65093994140625,13.75091552734375
12,0.0736111111111113,-0.011474609375,1.2109375,3.04296875
11,0.17361111111111127,0.231689453125,1.0911865234375,5.69244384765625
10,0.27361111111111125,0.39996337890625,0.6990966796875,7.75152587890625
9,0.37361111111111123,0.6351318359375,0.84649658203125,9.801025390625
8,0.4736111111111112,0.2657470703125,0.5169677734375,11.8624267578125
7,0.57361111111111118,-0.3104248046875,0.62249755859375,13.89276123046875
12,0.080555555555555713,-0.020263671875,1.198486328125,3.25201416015625
11,0.18055555555555569,0.236328125,1.07769775390625,5.846923828125
10,0.28055555555555567,0.4063720703125,0.676025390625,7.8931884765625
9,0.38055555555555565,0.643798828125,0.82489013671875,9.94287109375
8,0.48055555555555562,0.26812744140625,0.4888916015625,12.00445556640625
7,0.5805555555555556,-0.314697265625,0.5936279296875,14.03466796875
12,0.087500000000000133,-0.02880859375,1.18572998046875,3.45721435546875
11,0.18750000000000011,0.2408447265625,1.0638427734375,5.99755859375
10,0.28750000000000009,0.41278076171875,0.65252685546875,8.03485107421875
9,0.38750000000000007,0.6524658203125,0.80279541015625,10.08465576171875
8,0.48750000000000004,0.27044677734375,0.46038818359375,12.14654541015625
7,0.5875,-0.3189697265625,0.56427001953125,14.17657470703125
12,0.094444444444444553,-0.03729248046875,1.17279052734375,3.65869140625
11,0.19444444444444453,0.2452392578125,1.04962158203125,6.1444091796875
10,0.29444444444444451,0.419189453125,0.6285400390625,8.176513671875
9,0.39444444444444449,0.6611328125,0.7802734375,10.22650146484375
8,0.49444444444444446,0.27276611328125,0.431396484375,12.28857421875
7,0.59444444444444444,-0.3232421875,0.53448486328125,14.3184814453125
13,0,0.08367919921875,1.339111328125,0.76849365234375
13,0.001388888888888884,0.08331298828125,1.33758544921875,0.8115234375
12,0.10138888888888897,-0.0455322265625,1.15948486328125,3.8563232421875
11,0.20138888888888895,0.24957275390625,1.03509521484375,6.28753662109375
10,0.30138888888888893,0.42559814453125,0.60406494140625,8.3182373046875
9,0.40138888888888891,0.6697998046875,0.7572021484375,10.3682861328125
8,0.50138888888888888,0.27508544921875,0.40191650390625,12.4306640625
7,0.60138888888888886,-0.3275146484375,0.50421142578125,14.46038818359375
13,0.0083333333333333037,0.08148193359375,1.33001708984375,1.02667236328125
12,0.10833333333333339,-0.05364990234375,1.14605712890625,4.0501708984375
11,0.20833333333333337,0.25384521484375,1.02020263671875,6.42950439453125
10,0.30833333333333335,0.43206787109375,0.5791015625,8.45989990234375
9,0.40833333333333333,0.67840576171875,0.73370361328125,10.5101318359375
8,0.5083333333333333,0.27740478515625,0.3719482421875,12.57275390625
7,0.60833333333333328,-0.33172607421875,0.47344970703125,14.602294921875
13,0.015277777777777724,0.07958984375,1.3223876953125,1.2418212890625
12,0.11527777777777781,-0.06158447265625,1.13226318359375,4.24017333984375
11,0.21527777777777779,0.25811767578125,1.0047607421875,6.5714111328125
10,0.31527777777777777,0.4384765625,0.5537109375,8.6015625
9,0.41527777777777775,0.68707275390625,0.709716796875,10.6519775390625
8,0.51527777777777772,0.27978515625,0.34149169921875,12.71478271484375
7,0.6152777777777777,-0.33599853515625,0.44219970703125,14.74420166015625
13,0.022222222222222365,0.0777587890625,1.3148193359375,1.4569091796875
12,0.12222222222222245,-0.06939697265625,1.11822509765625,4.4263916015625
11,0.22222222222222243,0.2623291015625,0.9888916015625,6.71331787109375
10,0.32222222222222241,0.44488525390625,0.52783203125,8.74322509765625
9,0.42222222222222239,0.69573974609375,0.685302734375,10.79376220703125
8,0.52222222222222237,0.2821044921875,0.31060791015625,12.85687255859375
7,0.62222222222222234,-0.34027099609375,0.4105224609375,14.88604736328125
13,0.029166666666666785,0.07586669921875,1.30718994140625,1.67205810546875
12,0.12916666666666687,-0.0770263671875,1.10394287109375,4.60882568359375
11,0.22916666666666685,0.2666015625,0.9725341796875,6.855224609375
10,0.32916666666666683,0.4512939453125,0.50146484375,8.8848876953125
9,0.42916666666666681,0.70440673828125,0.66033935546875,10.93560791015625
8,0.52916666666666679,0.284423828125,0.27923583984375,12.9989013671875
7,0.62916666666666676,-0.34454345703125,0.3782958984375,15.0279541015625
13,0.036111111111111205,0.07403564453125,1.29962158203125,1.88720703125
12,0.13611111111111129,-0.08453369140625,1.08941650390625,4.7874755859375
11,0.23611111111111127,0.2708740234375,0.9556884765625,6.99713134765625
10,0.33611111111111125,0.45770263671875,0.47467041015625,9.02655029296875
9,0.43611111111111123,0.71307373046875,0.63494873046875,11.077392578125
8,0.5361111111111112,0.2867431640625,0.24737548828125,13.1409912109375
7,0.63611111111111118,-0.34881591796875,0.34564208984375,15.16986083984375
13,0.043055555555555625,0.07220458984375,1.2919921875,2.10235595703125
12,0.14305555555555571,-0.091796875,1.07464599609375,4.9622802734375
11,0.24305555555555569,0.275146484375,0.93841552734375,7.1390380859375
10,0.34305555555555567,0.464111328125,0.44732666015625,9.168212890625
9,0.44305555555555565,0.72174072265625,0.609130859375,11.21923828125
8,0.54305555555555562,0.2890625,0.21502685546875,13.2830810546875
7,0.6430555555555556,-0.35302734375,0.31256103515625,15.311767578125
13,0.050000000000000044,0.0703125,1.284423828125,2.31744384765625
12,0.15000000000000013,-0.0989990234375,1.0595703125,5.13330078125
11,0.25000000000000011,0.2794189453125,0.920654296875,7.28094482421875
10,0.35000000000000009,0.47052001953125,0.4195556640625,9.30987548828125
9,0.45000000000000007,0.73040771484375,0.582763671875,11.36102294921875
8,0.55,0.29144287109375,0.1822509765625,13.42510986328125
7,0.65,-0.3572998046875,0.2789306640625,15.45367431640625
13,0.056944444444444464,0.0684814453125,1.27679443359375,2.5325927734375
12,0.15694444444444455,-0.10595703125,1.0443115234375,5.300537109375
11,0.25694444444444453,0.28369140625,0.90240478515625,7.4228515625
10,0.35694444444444451,0.4769287109375,0.39129638671875,9.4515380859375
9,0.45694444444444449,0.739013671875,0.55596923828125,11.50286865234375
8,0.55694444444444446,0.29376220703125,0.1490478515625,13.56719970703125
7,0.65694444444444444,-0.361572265625,0.24493408203125,15.5955810546875
13,0.063888888888888884,0.066650390625,1.26922607421875,2.74774169921875
12,0.16388888888888897,-0.11279296875,1.0286865234375,5.46392822265625
11,0.26388888888888895,0.2879638671875,0.8836669921875,7.56475830078125
10,0.36388888888888893,0.4833984375,0.36260986328125,9.59326171875
9,0.46388888888888891,0.7476806640625,0.5286865234375,11.6446533203125
8,0.56388888888888888,0.29608154296875,0.115234375,13.709228515625
7,0.66388888888888886,-0.3658447265625,0.21038818359375,15.73748779296875
13,0.0708333333333333,0.06475830078125,1.26153564453125,2.96221923828125
12,0.17083333333333339,-0.1195068359375,1.01287841796875,5.62353515625
11,0.27083333333333337,0.292236328125,0.864501953125,7.7066650390625
10,0.37083333333333335,0.48980712890625,0.33343505859375,9.73492431640625
9,0.47083333333333333,0.75634765625,0.50091552734375,11.7864990234375
8,0.5708333333333333,0.29840087890625,0.0810546875,13.851318359375
7,0.67083333333333328,-0.3701171875,0.17535400390625,15.87933349609375
13,0.077777777777777724,0.06292724609375,1.2535400390625,3.17315673828125
12,0.17777777777777781,-0.12603759765625,0.99676513671875,5.77935791015625
11,0.27777777777777779,0.2965087890625,0.8448486328125,7.84857177734375
10,0.37777777777777777,0.4962158203125,0.30377197265625,9.8765869140625
9,0.47777777777777775,0.7650146484375,0.47265625,11.9283447265625
8,0.57777777777777772,0.30072021484375,0.04638671875,13.99334716796875
7,0.6777777777777777,-0.3743896484375,0.13983154296875,16.021240234375
13,0.084722222222222365,0.0611572265625,1.24530029296875,3.3802490234375
12,0.18472222222222245,-0.13238525390625,0.98040771484375,5.93133544921875
11,0.28472222222222243,0.30072021484375,0.82470703125,7.990478515625
10,0.38472222222222241,0.50262451171875,0.27362060546875,10.01824951171875
9,0.48472222222222239,0.773681640625,0.4439697265625,12.07012939453125
8,0.58199990359527976,0.30218505859375,0,14.0797119140625
7,0.68472222222222234,-0.37860107421875,0.1038818359375,16.16314697265625
13,0.091666666666666785,0.05938720703125,1.23663330078125,3.5836181640625
12,0.19166666666666687,-0.1385498046875,0.9638671875,6.07952880859375
11,0.29166666666666685,0.30499267578125,0.80413818359375,8.13238525390625
10,0.39166666666666683,0.509033203125,0.24298095703125,10.159912109375
9,0.49166666666666681,0.7823486328125,0.414794921875,12.21197509765625
7,0.69166666666666676,-0.38287353515625,0.06744384765625,16.3050537109375
13,0.0986111111111112,0.05767822265625,1.22760009765625,3.78314208984375
12,0.19861111111111129,-0.14459228515625,0.94696044921875,6.22393798828125
11,0.29861111111111127,0.30926513671875,0.78302001953125,8.27435302734375
10,0.39861111111111125,0.51544189453125,0.2119140625,10.30157470703125
9,0.49861111111111123,0.791015625,0.3851318359375,12.353759765625
7,0.69861111111111118,-0.38714599609375,0.030517578125,16.44696044921875
14,0,0.08367919921875,1.339111328125,0.76849365234375
14,0.0055555555555555358,0.07958984375,1.34344482421875,0.94061279296875
13,0.10555555555555562,0.0560302734375,1.21832275390625,3.97882080078125
12,0.20555555555555571,-0.15057373046875,0.92974853515625,6.36578369140625
11,0.30555555555555569,0.31353759765625,0.76141357421875,8.416259765625
10,0.40555555555555567,0.5218505859375,0.180419921875,10.4432373046875
9,0.50555555555555565,0.79962158203125,0.35504150390625,12.49560546875
7,0.69963462221508421,-0.38775634765625,0,16.4678955078125
14,0.012499999999999956,0.07452392578125,1.34893798828125,1.15576171875
13,0.11250000000000004,0.05438232421875,1.2086181640625,4.17071533203125
12,0.21250000000000013,-0.156494140625,0.912109375,6.50750732421875
11,0.31250000000000011,0.31781005859375,0.73944091796875,8.55816650390625
10,0.41250000000000009,0.5283203125,0.14837646484375,10.58489990234375
9,0.51250000000000007,0.80828857421875,0.324462890625,12.63739013671875
14,0.019444444444444375,0.06939697265625,1.3543701171875,1.37091064453125
13,0.11944444444444446,0.052734375,1.1986083984375,4.35882568359375
12,0.21944444444444455,-0.16241455078125,0.89398193359375,6.64923095703125
11,0.31944444444444453,0.32208251953125,0.7169189453125,8.7000732421875
10,0.41944444444444451,0.53472900390625,0.11590576171875,10.72662353515625
9,0.51944444444444449,0.81695556640625,0.29339599609375,12.77923583984375
14,0.026388888888888795,0.0643310546875,1.35980224609375,1.5860595703125
13,0.12638888888888888,0.0511474609375,1.1883544921875,4.5430908203125
12,0.22638888888888897,-0.1683349609375,0.8753662109375,6.79095458984375
11,0.32638888888888895,0.32635498046875,0.69403076171875,8.84197998046875
10,0.42638888888888893,0.5411376953125,0.08294677734375,10.8682861328125
9,0.52638888888888891,0.82562255859375,0.2618408203125,12.9210205078125
14,0.033333333333333215,0.05926513671875,1.365234375,1.80120849609375
13,0.1333333333333333,0.04962158203125,1.1776123046875,4.72357177734375
12,0.23333333333333339,-0.17425537109375,0.85626220703125,6.93267822265625
11,0.33333333333333337,0.33062744140625,0.6705322265625,8.98388671875
10,0.43333333333333335,0.54754638671875,0.04949951171875,11.00994873046875
9,0.53333333333333333,0.83428955078125,0.22979736328125,13.0628662109375
14,0.040277777777777635,0.05413818359375,1.37066650390625,2.016357421875
13,0.14027777777777772,0.048095703125,1.1666259765625,4.90020751953125
12,0.24027777777777781,-0.18023681640625,0.83673095703125,7.074462890625
11,0.34027777777777779,0.33489990234375,0.6466064453125,9.12579345703125
10,0.43834432441732152,0.55218505859375,0,11.1121826171875
9,0.54027777777777775,0.84295654296875,0.1973876953125,13.2047119140625
14,0.047222222222222276,0.049072265625,1.37615966796875,2.23150634765625
13,0.14722222222222237,0.04656982421875,1.1552734375,5.07305908203125
12,0.24722222222222245,-0.1861572265625,0.81671142578125,7.2161865234375
11,0.34722222222222243,0.339111328125,0.62225341796875,9.2677001953125
9,0.54722222222222239,0.85162353515625,0.1644287109375,13.34649658203125
14,0.054166666666666696,0.0439453125,1.381591796875,2.4466552734375
13,0.15416666666666679,0.04510498046875,1.1435546875,5.2420654296875
12,0.25416666666666687,-0.19207763671875,0.7962646484375,7.35791015625
11,0.35416666666666685,0.3433837890625,0.59735107421875,9.40960693359375
9,0.55416666666666681,0.86029052734375,0.13104248046875,13.48834228515625
14,0.061111111111111116,0.03887939453125,1.38702392578125,2.66180419921875
13,0.1611111111111112,0.043701171875,1.13153076171875,5.4073486328125
12,0.26111111111111129,-0.197998046875,0.7752685546875,7.4996337890625
11,0.36111111111111127,0.34765625,0.57208251953125,9.551513671875
9,0.56111111111111123,0.868896484375,0.09710693359375,13.630126953125
14,0.068055555555555536,0.0338134765625,1.3924560546875,2.87689208984375
13,0.16805555555555562,0.04229736328125,1.11920166015625,5.5687255859375
12,0.26805555555555571,-0.20391845703125,0.7537841796875,7.641357421875
11,0.36805555555555569,0.3519287109375,0.5462646484375,9.69342041015625
9,0.56805555555555565,0.8775634765625,0.062744140625,13.77197265625
14,0.074999999999999956,0.02874755859375,1.3974609375,3.08935546875
13,0.17500000000000004,0.04095458984375,1.10650634765625,5.726318359375
12,0.27500000000000013,-0.2098388671875,0.73193359375,7.7830810546875
11,0.37500000000000011,0.356201171875,0.51995849609375,9.8353271484375
9,0.57500000000000007,0.88623046875,0.02789306640625,13.91375732421875
14,0.081944444444444375,0.0238037109375,1.4019775390625,3.29803466796875
13,0.18194444444444446,0.03961181640625,1.09344482421875,5.880126953125
12,0.28194444444444455,-0.2158203125,0.70947265625,7.92486572265625
11,0.38194444444444453,0.3604736328125,0.49322509765625,9.977294921875
9,0.57556610990612178,0.886962890625,0,13.92529296875
14,0.0888888888888888,0.01898193359375,1.4058837890625,3.50286865234375
13,0.18888888888888888,0.038330078125,1.080078125,6.0301513671875
12,0.288888888888889,-0.22174072265625,0.68658447265625,8.06658935546875
11,0.38888888888888895,0.36474609375,0.46600341796875,10.11920166015625
14,0.095833333333333215,0.01422119140625,1.40924072265625,3.70391845703125
13,0.1958333333333333,0.03704833984375,1.06634521484375,6.17633056640625
12,0.29583333333333339,-0.2276611328125,0.663330078125,8.20831298828125
11,0.39583333333333337,0.3690185546875,0.43829345703125,10.2611083984375
15,0,0.08367919921875,1.339111328125,0.76849365234375
15,0.0027777777777775459,0.0909423828125,1.3394775390625,0.85430908203125
14,0.10277777777777763,0.00958251953125,1.4119873046875,3.90118408203125
13,0.20277777777777772,0.03582763671875,1.05230712890625,6.3189697265625
12,0.30277777777777781,-0.23358154296875,0.63946533203125,8.35003662109375
11,0.40277777777777779,0.37322998046875,0.41015625,10.40301513671875
15,0.0097222222222221877,0.10919189453125,1.34039306640625,1.06878662109375
14,0.10972222222222228,0.0050048828125,1.4141845703125,4.0946044921875
13,0.20972222222222237,0.03460693359375,1.03778076171875,6.46099853515625
12,0.30972222222222245,-0.239501953125,0.615234375,8.49176025390625
11,0.40972222222222243,0.37750244140625,0.3814697265625,10.544921875
15,0.016666666666666607,0.12738037109375,1.34130859375,1.2833251953125
14,0.1166666666666667,0.00048828125,1.41583251953125,4.28424072265625
13,0.21666666666666679,0.03338623046875,1.02276611328125,6.60296630859375
12,0.31666666666666687,-0.2454833984375,0.5904541015625,8.633544921875
11,0.41666666666666685,0.38177490234375,0.3524169921875,10.68682861328125
15,0.023611111111111027,0.1456298828125,1.34222412109375,1.497802734375
14,0.12361111111111112,-0.00390625,1.41693115234375,4.47003173828125
13,0.2236111111111112,0.03216552734375,1.00732421875,6.74493408203125
12,0.32361111111111129,-0.25140380859375,0.56524658203125,8.7752685546875
11,0.42361111111111127,0.38604736328125,0.32275390625,10.8287353515625
15,0.030555555555555447,0.163818359375,1.3431396484375,1.7122802734375
14,0.13055555555555554,-0.00823974609375,1.4173583984375,4.65203857421875
13,0.23055555555555562,0.03094482421875,0.99139404296875,6.886962890625
12,0.33055555555555571,-0.25732421875,0.53955078125,8.9169921875
11,0.43055555555555569,0.39031982421875,0.29278564453125,10.97064208984375
15,0.037499999999999867,0.18206787109375,1.34405517578125,1.92681884765625
14,0.13749999999999996,-0.012451171875,1.41729736328125,4.83026123046875
13,0.23750000000000004,0.02972412109375,0.9749755859375,7.0289306640625
12,0.33750000000000013,-0.26324462890625,0.51336669921875,9.0587158203125
11,0.43750000000000011,0.39459228515625,0.26220703125,11.112548828125
15,0.044444444444444287,0.20025634765625,1.344970703125,2.14129638671875
14,0.14444444444444438,-0.01654052734375,1.4166259765625,5.004638671875
13,0.24444444444444446,0.02850341796875,0.9581298828125,7.17095947265625
12,0.34444444444444455,-0.2691650390625,0.48675537109375,9.200439453125
11,0.44444444444444453,0.39886474609375,0.231201171875,11.25445556640625
15,0.051388888888888706,0.218505859375,1.345947265625,2.3558349609375
14,0.1513888888888888,-0.02056884765625,1.41546630859375,5.1751708984375
13,0.25138888888888888,0.02728271484375,0.9407958984375,7.31292724609375
12,0.351388888888889,-0.27508544921875,0.45965576171875,9.34222412109375
11,0.45138888888888895,0.40313720703125,0.19970703125,11.3963623046875
15,0.058333333333333126,0.2366943359375,1.34686279296875,2.5703125
14,0.15833333333333321,-0.0245361328125,1.41363525390625,5.34197998046875
13,0.2583333333333333,0.02606201171875,0.92291259765625,7.45489501953125
12,0.35833333333333339,-0.28106689453125,0.4320068359375,9.48394775390625
11,0.45833333333333337,0.40740966796875,0.16778564453125,11.53826904296875
15,0.065277777777777546,0.25494384765625,1.3477783203125,2.78485107421875
14,0.16527777777777763,-0.02838134765625,1.41131591796875,5.50494384765625
13,0.26527777777777772,0.02484130859375,0.90460205078125,7.596923828125
12,0.36527777777777781,-0.2869873046875,0.40399169921875,9.62567138671875
11,0.46527777777777779,0.41162109375,0.1353759765625,11.68017578125
15,0.072222222222222188,0.2730712890625,1.34857177734375,2.99810791015625
14,0.17222222222222228,-0.03216552734375,1.408447265625,5.6640625
13,0.27222222222222237,0.02362060546875,0.8858642578125,7.7388916015625
12,0.37222222222222245,-0.29290771484375,0.37548828125,9.76739501953125
11,0.47222222222222243,0.4158935546875,0.10247802734375,11.8221435546875
15,0.079166666666666607,0.29083251953125,1.3487548828125,3.20770263671875
14,0.1791666666666667,-0.03582763671875,1.4049072265625,5.81939697265625
13,0.27916666666666679,0.02239990234375,0.86663818359375,7.880859375
12,0.37916666666666687,-0.298828125,0.346435546875,9.90911865234375
11,0.47916666666666685,0.420166015625,0.069091796875,11.96405029296875
15,0.086111111111111027,0.308349609375,1.3486328125,3.4134521484375
14,0.18611111111111112,-0.0394287109375,1.40087890625,5.97088623046875
13,0.2861111111111112,0.02117919921875,0.846923828125,8.02288818359375
12,0.38611111111111129,-0.30474853515625,0.3170166015625,10.0509033203125
11,0.48611111111111127,0.4244384765625,0.0352783203125,12.10595703125
15,0.093055555555555447,0.32550048828125,1.347900390625,3.61541748046875
14,0.19305555555555554,-0.04290771484375,1.396240234375,6.11865234375
13,0.29305555555555562,0.01995849609375,0.82672119140625,8.16485595703125
12,0.39305555555555571,-0.3106689453125,0.28704833984375,10.192626953125
11,0.48818580988529864,0.42572021484375,0,12.14837646484375
16,0,0.08367919921875,1.339111328125,0.76849365234375
15,0.099999999999999867,0.34228515625,1.34674072265625,3.8135986328125
14,0.19999999999999996,-0.04632568359375,1.39105224609375,6.26251220703125
13,0.30000000000000004,0.01873779296875,0.8060302734375,8.30682373046875
12,0.40000000000000013,-0.316650390625,0.25665283203125,10.3343505859375
16,0.0069444444444441977,0.07818603515625,1.33050537109375,0.9835205078125
15,0.10694444444444429,0.35882568359375,1.3450927734375,4.0079345703125
14,0.20694444444444438,-0.0496826171875,1.38531494140625,6.404541015625
13,0.30694444444444446,0.01751708984375,0.784912109375,8.4488525390625
12,0.40694444444444455,-0.32257080078125,0.2257080078125,10.47607421875
16,0.013888888888888618,0.07269287109375,1.3218994140625,1.19854736328125
15,0.11388888888888871,0.375,1.3428955078125,4.19854736328125
14,0.2138888888888888,-0.05303955078125,1.37908935546875,6.5465087890625
13,0.31388888888888888,0.0162353515625,0.7633056640625,8.5908203125
12,0.413888888888889,-0.3284912109375,0.1943359375,10.6177978515625
16,0.020833333333333037,0.06719970703125,1.31329345703125,1.41357421875
15,0.12083333333333313,0.390869140625,1.3402099609375,4.38531494140625
14,0.22083333333333321,-0.056396484375,1.3724365234375,6.68853759765625
13,0.3208333333333333,0.0150146484375,0.74127197265625,8.7327880859375
12,0.42083333333333339,-0.33441162109375,0.16253662109375,10.75958251953125
16,0.027777777777777457,0.06170654296875,1.3046875,1.628662109375
15,0.12777777777777755,0.40643310546875,1.33709716796875,4.56829833984375
14,0.22777777777777763,-0.05975341796875,1.36529541015625,6.83050537109375
13,0.32777777777777772,0.0137939453125,0.71868896484375,8.87481689453125
12,0.42777777777777781,-0.34033203125,0.13018798828125,10.90130615234375
16,0.0347222222222221,0.05621337890625,1.296142578125,1.84368896484375
15,0.13472222222222219,0.421630859375,1.33349609375,4.7474365234375
14,0.23472222222222228,-0.0631103515625,1.35772705078125,6.9725341796875
13,0.33472222222222237,0.0125732421875,0.6956787109375,9.01678466796875
12,0.43472222222222245,-0.3463134765625,0.09747314453125,11.04302978515625
16,0.041666666666666519,0.05072021484375,1.28753662109375,2.0587158203125
15,0.14166666666666661,0.4365234375,1.329345703125,4.9228515625
14,0.2416666666666667,-0.06646728515625,1.349609375,7.114501953125
13,0.34166666666666679,0.0113525390625,0.67218017578125,9.1588134765625
12,0.44166666666666687,-0.35223388671875,0.06414794921875,11.18475341796875
16,0.048611111111110938,0.04522705078125,1.2789306640625,2.27374267578125
15,0.14861111111111103,0.45111083984375,1.32476806640625,5.09442138671875
14,0.24861111111111112,-0.06982421875,1.341064453125,7.25653076171875
13,0.3486111111111112,0.0101318359375,0.648193359375,9.30078125
12,0.44861111111111129,-0.358154296875,0.0303955078125,11.32647705078125
16,0.055555555555555358,0.03973388671875,1.27032470703125,2.48876953125
15,0.15555555555555545,0.46533203125,1.3197021484375,5.26220703125
14,0.25555555555555554,-0.07318115234375,1.33209228515625,7.39849853515625
13,0.35555555555555562,0.0089111328125,0.623779296875,9.4427490234375
12,0.44970681748382568,-0.35906982421875,0,11.348876953125
16,0.062499999999999778,0.03424072265625,1.26171875,2.70379638671875
15,0.16249999999999987,0.479248046875,1.3140869140625,5.42620849609375
14,0.26249999999999996,-0.0765380859375,1.322509765625,7.54052734375
13,0.36250000000000004,0.0076904296875,0.598876953125,9.58477783203125
16,0.0694444444444442,0.02874755859375,1.2530517578125,2.91851806640625
15,0.16944444444444429,0.49285888671875,1.3079833984375,5.58636474609375
14,0.26944444444444438,-0.07989501953125,1.31256103515625,7.6824951171875
13,0.36944444444444446,0.0064697265625,0.573486328125,9.72674560546875
16,0.076388888888888618,0.0233154296875,1.24420166015625,3.130126953125
15,0.17638888888888871,0.50616455078125,1.3013916015625,5.74273681640625
14,0.2763888888888888,-0.083251953125,1.3021240234375,7.82452392578125
13,0.37638888888888888,0.0052490234375,0.54766845703125,9.86871337890625
16,0.083333333333333037,0.01800537109375,1.23504638671875,3.33795166015625
15,0.18333333333333313,0.51910400390625,1.29437255859375,5.89532470703125
14,0.28333333333333321,-0.086669921875,1.29119873046875,7.96649169921875
13,0.3833333333333333,0.0040283203125,0.52130126953125,10.0107421875
16,0.090277777777777457,0.0128173828125,1.2254638671875,3.54193115234375
15,0.19027777777777755,0.53173828125,1.286865234375,6.04412841796875
14,0.29027777777777763,-0.09002685546875,1.27984619140625,8.1085205078125
13,0.39027777777777772,0.0028076171875,0.4945068359375,10.1527099609375
16,0.0972222222222221,0.0076904296875,1.21563720703125,3.74212646484375
15,0.19722222222222219,0.5440673828125,1.27886962890625,6.18914794921875
14,0.29722222222222228,-0.0933837890625,1.26800537109375,8.25048828125
13,0.39722222222222237,0.0015869140625,0.46722412109375,10.294677734375
17,0,0.08367919921875,1.339111328125,0.76849365234375
17,0.00416666666666643,0.0953369140625,1.3388671875,0.89715576171875
16,0.10416666666666652,0.002685546875,1.2054443359375,3.93853759765625
15,0.20416666666666661,0.55609130859375,1.27032470703125,6.33099365234375
14,0.3041666666666667,-0.09674072265625,1.25567626953125,8.39251708984375
13,0.40416666666666679,0.0003662109375,0.439453125,10.43670654296875
17,0.01111111111111085,0.11480712890625,1.33843994140625,1.11151123046875
16,0.11111111111111094,-0.00225830078125,1.1949462890625,4.131103515625
15,0.21111111111111103,0.568115234375,1.2613525390625,6.47259521484375
14,0.31111111111111112,-0.10009765625,1.24285888671875,8.53448486328125
13,0.4111111111111112,-0.0008544921875,0.4112548828125,10.57867431640625
17,0.018055555555555269,0.13421630859375,1.3380126953125,1.325927734375
16,0.11805555555555536,-0.007080078125,1.18414306640625,4.31982421875
15,0.21805555555555545,0.58013916015625,1.25189208984375,6.6141357421875
14,0.31805555555555554,-0.10345458984375,1.2294921875,8.676513671875
13,0.41805555555555562,-0.0020751953125,0.38250732421875,10.72064208984375
17,0.024999999999999689,0.1536865234375,1.33758544921875,1.54034423828125
16,0.12499999999999978,-0.01177978515625,1.17303466796875,4.50482177734375
15,0.22499999999999987,0.5921630859375,1.241943359375,6.7557373046875
14,0.32499999999999996,-0.1068115234375,1.21575927734375,8.8184814453125
13,0.42500000000000004,-0.0032958984375,0.3533935546875,10.8626708984375
17,0.031944444444444109,0.17315673828125,1.337158203125,1.75469970703125
16,0.1319444444444442,-0.01641845703125,1.16156005859375,4.6859130859375
15,0.23194444444444429,0.60418701171875,1.2315673828125,6.89727783203125
14,0.33194444444444438,-0.11016845703125,1.2015380859375,8.96051025390625
13,0.43194444444444446,-0.0045166015625,0.32373046875,11.004638671875
17,0.038888888888888529,0.19256591796875,1.33673095703125,1.9691162109375
16,0.13888888888888862,-0.02093505859375,1.1497802734375,4.86328125
15,0.23888888888888871,0.6162109375,1.220703125,7.03887939453125
14,0.3388888888888888,-0.113525390625,1.1868896484375,9.10247802734375
13,0.43888888888888888,-0.0057373046875,0.29364013671875,11.1466064453125
17,0.045833333333332948,0.2120361328125,1.3363037109375,2.18353271484375
16,0.14583333333333304,-0.025390625,1.1376953125,5.03680419921875
15,0.24583333333333313,0.62823486328125,1.20928955078125,7.180419921875
14,0.34583333333333321,-0.11688232421875,1.17169189453125,9.2445068359375
13,0.4458333333333333,-0.0069580078125,0.2630615234375,11.28863525390625
17,0.052777777777777368,0.23150634765625,1.33587646484375,2.39788818359375
16,0.15277777777777746,-0.02972412109375,1.12530517578125,5.20654296875
15,0.25277777777777755,0.6402587890625,1.19744873046875,7.322021484375
14,0.35277777777777763,-0.1202392578125,1.15606689453125,9.386474609375
13,0.45277777777777772,-0.00823974609375,0.23199462890625,11.43060302734375
17,0.05972222222222201,0.25091552734375,1.33551025390625,2.6123046875
16,0.1597222222222221,-0.033935546875,1.11260986328125,5.3724365234375
15,0.25972222222222219,0.65228271484375,1.1851806640625,7.46356201171875
14,0.35972222222222228,-0.12359619140625,1.13995361328125,9.52850341796875
13,0.45972222222222237,-0.00946044921875,0.200439453125,11.5726318359375
17,0.06666666666666643,0.2703857421875,1.3350830078125,2.82672119140625
16,0.16666666666666652,-0.0380859375,1.0994873046875,5.5345458984375
15,0.26666666666666661,0.664306640625,1.17242431640625,7.60516357421875
14,0.3666666666666667,-0.126953125,1.1234130859375,9.67047119140625
13,0.46666666666666679,-0.01068115234375,0.16845703125,11.714599609375
17,0.07361111111111085,0.2896728515625,1.33441162109375,3.0391845703125
16,0.17361111111111094,-0.04217529296875,1.086181640625,5.69287109375
15,0.273611111111111,0.67633056640625,1.1591796875,7.7467041015625
14,0.37361111111111112,-0.13031005859375,1.10626220703125,9.8125
13,0.4736111111111112,-0.01190185546875,0.135986328125,11.8565673828125
17,0.080555555555555269,0.30859375,1.33331298828125,3.2479248046875
16,0.18055555555555536,-0.04608154296875,1.07244873046875,5.84735107421875
15,0.28055555555555545,0.6883544921875,1.14544677734375,7.8883056640625
14,0.38055555555555554,-0.1336669921875,1.0887451171875,9.9544677734375
13,0.48055555555555562,-0.01312255859375,0.10302734375,11.99859619140625
17,0.087499999999999689,0.3271484375,1.33172607421875,3.45281982421875
16,0.18749999999999978,-0.0499267578125,1.0584716796875,5.99798583984375
15,0.28749999999999987,0.70037841796875,1.13128662109375,8.02984619140625
14,0.38749999999999996,-0.13702392578125,1.07073974609375,10.09649658203125
13,0.48750000000000004,-0.01434326171875,0.06964111328125,12.14056396484375
17,0.094444444444444109,0.34539794921875,1.32965087890625,3.6539306640625
16,0.1944444444444442,-0.0537109375,1.0440673828125,6.1448974609375
15,0.29444444444444429,0.71240234375,1.11663818359375,8.17144775390625
14,0.39444444444444438,-0.140380859375,1.05230712890625,10.23846435546875
13,0.49444444444444446,-0.01556396484375,0.0357666015625,12.28253173828125
18,0,0.08367919921875,1.339111328125,0.76849365234375
18,0.0013888888888884399,0.0836181640625,1.34112548828125,0.8115234375
17,0.10138888888888853,0.36328125,1.3271484375,3.85125732421875
16,0.20138888888888862,-0.057373046875,1.02947998046875,6.28802490234375
15,0.30138888888888871,0.72442626953125,1.10150146484375,8.31298828125
14,0.4013888888888888,-0.14373779296875,1.0333251953125,10.3804931640625
13,0.49661396749750852,-0.01593017578125,0,12.326904296875
18,0.00833333333333286,0.0833740234375,1.3511962890625,1.02655029296875
17,0.10833333333333295,0.380859375,1.32415771484375,4.04473876953125
16,0.20833333333333304,-0.06097412109375,1.014404296875,6.429931640625
15,0.30833333333333313,0.7364501953125,1.08587646484375,8.45458984375
14,0.40833333333333321,-0.1470947265625,1.013916015625,10.5224609375
18,0.015277777777777279,0.08319091796875,1.36126708984375,1.2415771484375
17,0.11527777777777737,0.3980712890625,1.3206787109375,4.2344970703125
16,0.21527777777777746,-0.06463623046875,0.99884033203125,6.5718994140625
15,0.31527777777777755,0.74847412109375,1.06982421875,8.59613037109375
14,0.41527777777777763,-0.15045166015625,0.9940185546875,10.66448974609375
18,0.022222222222221921,0.08294677734375,1.371337890625,1.45660400390625
17,0.12222222222222201,0.4149169921875,1.3167724609375,4.42041015625
16,0.2222222222222221,-0.0682373046875,0.9827880859375,6.71380615234375
15,0.32222222222222219,0.760498046875,1.05328369140625,8.73773193359375
14,0.42222222222222228,-0.15380859375,0.9736328125,10.80645751953125
18,0.029166666666666341,0.08270263671875,1.3814697265625,1.67169189453125
17,0.12916666666666643,0.43145751953125,1.3123779296875,4.6025390625
16,0.22916666666666652,-0.07183837890625,0.96630859375,6.855712890625
15,0.32916666666666661,0.77252197265625,1.0362548828125,8.8792724609375
14,0.4291666666666667,-0.1572265625,0.9527587890625,10.948486328125
18,0.036111111111110761,0.08245849609375,1.39154052734375,1.88671875
17,0.13611111111111085,0.4476318359375,1.3076171875,4.78082275390625
16,0.23611111111111094,-0.07550048828125,0.9493408203125,6.99761962890625
15,0.336111111111111,0.7845458984375,1.018798828125,9.0208740234375
14,0.43611111111111112,-0.16058349609375,0.93145751953125,11.0904541015625
18,0.043055555555555181,0.08221435546875,1.401611328125,2.10174560546875
17,0.14305555555555527,0.46343994140625,1.30230712890625,4.95538330078125
16,0.24305555555555536,-0.0791015625,0.931884765625,7.13958740234375
15,0.34305555555555545,0.79656982421875,1.00079345703125,9.1624755859375
14,0.44305555555555554,-0.1639404296875,0.90972900390625,11.23248291015625
18,0.0499999999999996,0.08203125,1.41168212890625,2.3167724609375
17,0.14999999999999969,0.47894287109375,1.2965087890625,5.1260986328125
16,0.24999999999999978,-0.082763671875,0.91400146484375,7.281494140625
15,0.34999999999999987,0.80859375,0.98236083984375,9.30401611328125
14,0.44999999999999996,-0.16729736328125,0.887451171875,11.37445068359375
18,0.05694444444444402,0.081787109375,1.4217529296875,2.5318603515625
17,0.15694444444444411,0.49407958984375,1.290283203125,5.29302978515625
16,0.2569444444444442,-0.08636474609375,0.89556884765625,7.42340087890625
15,0.35694444444444429,0.82061767578125,0.96343994140625,9.44561767578125
14,0.45694444444444438,-0.170654296875,0.86474609375,11.5164794921875
18,0.06388888888888844,0.08154296875,1.43182373046875,2.74688720703125
17,0.16388888888888853,0.5089111328125,1.2835693359375,5.4561767578125
16,0.26388888888888862,-0.09002685546875,0.876708984375,7.56536865234375
15,0.36388888888888871,0.8326416015625,0.944091796875,9.587158203125
14,0.4638888888888888,-0.17401123046875,0.841552734375,11.658447265625
18,0.07083333333333286,0.081298828125,1.44183349609375,2.96124267578125
17,0.17083333333333295,0.52337646484375,1.27642822265625,5.61553955078125
16,0.27083333333333304,-0.0936279296875,0.857421875,7.707275390625
15,0.37083333333333313,0.8447265625,0.9241943359375,9.728759765625
14,0.47083333333333321,-0.1773681640625,0.81787109375,11.80047607421875
18,0.077777777777777279,0.0810546875,1.451171875,3.17205810546875
17,0.17777777777777737,0.5374755859375,1.268798828125,5.7711181640625
16,0.27777777777777746,-0.09722900390625,0.83758544921875,7.84918212890625
15,0.37777777777777755,0.85675048828125,0.90386962890625,9.87030029296875
14,0.47777777777777763,-0.18072509765625,0.79364013671875,11.94244384765625
18,0.084722222222221921,0.08087158203125,1.45989990234375,3.379150390625
17,0.184722222222222,0.55120849609375,1.26068115234375,5.9228515625
16,0.2847222222222221,-0.10089111328125,0.81732177734375,7.9910888671875
15,0.38472222222222219,0.8687744140625,0.883056640625,10.01190185546875
14,0.48472222222222228,-0.18408203125,0.76904296875,12.08447265625
18,0.091666666666666341,0.08062744140625,1.46795654296875,3.58233642578125
17,0.19166666666666643,0.56463623046875,1.25213623046875,6.07080078125
16,0.29166666666666652,-0.1044921875,0.79656982421875,8.133056640625
15,0.39166666666666661,0.88079833984375,0.86175537109375,10.1534423828125
14,0.4916666666666667,-0.18743896484375,0.74395751953125,12.2264404296875
18,0.098611111111110761,0.0804443359375,1.475341796875,3.78179931640625
17,0.19861111111111085,0.57769775390625,1.2430419921875,6.2149658203125
16,0.29861111111111094,-0.108154296875,0.77532958984375,8.27496337890625
15,0.398611111111111,0.892822265625,0.84002685546875,10.2950439453125
14,0.49861111111111112,-0.1907958984375,0.7183837890625,12.36846923828125
19,0,0.08367919921875,1.339111328125,0.76849365234375
19,0.0055555555555550917,0.0780029296875,1.352294921875,0.94012451171875
18,0.10555555555555518,0.0802001953125,1.48211669921875,3.9774169921875
17,0.20555555555555527,0.590576171875,1.23358154296875,6.3565673828125
16,0.30555555555555536,-0.11175537109375,0.75360107421875,8.4168701171875
15,0.40555555555555545,0.90484619140625,0.81781005859375,10.43658447265625
14,0.50555555555555554,-0.19415283203125,0.6923828125,12.51043701171875
19,0.012499999999999512,0.07098388671875,1.36883544921875,1.1546630859375
18,0.1124999999999996,0.08001708984375,1.4881591796875,4.16925048828125
17,0.21249999999999969,0.6033935546875,1.2236328125,6.498046875
16,0.31249999999999978,-0.1153564453125,0.7314453125,8.558837890625
15,0.41249999999999987,0.9168701171875,0.79510498046875,10.57818603515625
14,0.5125,-0.197509765625,0.6658935546875,12.6524658203125
19,0.019444444444443931,0.06390380859375,1.3853759765625,1.369140625
18,0.11944444444444402,0.07977294921875,1.49365234375,4.35723876953125
17,0.21944444444444411,0.6162109375,1.21319580078125,6.6395263671875
16,0.3194444444444442,-0.1190185546875,0.70880126953125,8.70074462890625
15,0.41944444444444429,0.92889404296875,0.77197265625,10.7197265625
14,0.51944444444444438,-0.20086669921875,0.638916015625,12.79443359375
19,0.026388888888888351,0.05682373046875,1.40185546875,1.58367919921875
18,0.12638888888888844,0.07958984375,1.49847412109375,4.54144287109375
17,0.22638888888888853,0.62908935546875,1.2022705078125,6.78106689453125
16,0.32638888888888862,-0.12261962890625,0.68572998046875,8.8426513671875
15,0.42638888888888871,0.94091796875,0.74835205078125,10.861328125
14,0.5263888888888888,-0.2042236328125,0.61138916015625,12.93646240234375
19,0.033333333333332771,0.04974365234375,1.41839599609375,1.7982177734375
18,0.13333333333333286,0.07940673828125,1.50262451171875,4.7218017578125
17,0.23333333333333295,0.64190673828125,1.19091796875,6.92254638671875
16,0.33333333333333304,-0.12628173828125,0.662109375,8.98455810546875
15,0.43333333333333313,0.95294189453125,0.7242431640625,11.00286865234375
14,0.53333333333333321,-0.20758056640625,0.58343505859375,13.07843017578125
19,0.040277777777777191,0.042724609375,1.43487548828125,2.01275634765625
18,0.14027777777777728,0.0792236328125,1.506103515625,4.89837646484375
17,0.24027777777777737,0.65472412109375,1.17901611328125,7.06402587890625
16,0.34027777777777746,-0.1298828125,0.6380615234375,9.12652587890625
15,0.44027777777777755,0.9649658203125,0.69964599609375,11.14447021484375
14,0.54027777777777763,-0.2109375,0.5550537109375,13.220458984375
19,0.047222222222221832,0.03564453125,1.451416015625,2.227294921875
18,0.14722222222222192,0.07904052734375,1.50897216796875,5.0711669921875
17,0.247222222222222,0.6676025390625,1.166748046875,7.20556640625
16,0.3472222222222221,-0.133544921875,0.613525390625,9.2684326171875
15,0.44722222222222219,0.97698974609375,0.674560546875,11.2860107421875
14,0.54722222222222228,-0.21429443359375,0.52618408203125,13.3624267578125
19,0.054166666666666252,0.028564453125,1.4678955078125,2.44183349609375
18,0.15416666666666634,0.078857421875,1.51116943359375,5.2401123046875
17,0.25416666666666643,0.680419921875,1.1539306640625,7.3470458984375
16,0.35416666666666652,-0.13714599609375,0.5885009765625,9.41033935546875
15,0.45416666666666661,0.989013671875,0.6490478515625,11.4276123046875
14,0.5541666666666667,-0.2176513671875,0.49688720703125,13.50445556640625
19,0.061111111111110672,0.021484375,1.48443603515625,2.65631103515625
18,0.16111111111111076,0.07867431640625,1.51275634765625,5.4052734375
17,0.26111111111111085,0.6932373046875,1.140625,7.48858642578125
16,0.36111111111111094,-0.1407470703125,0.56304931640625,9.55224609375
15,0.461111111111111,1.00103759765625,0.623046875,11.56915283203125
14,0.56111111111111112,-0.22100830078125,0.467041015625,13.64642333984375
19,0.068055555555555092,0.014404296875,1.50091552734375,2.87078857421875
18,0.16805555555555518,0.0784912109375,1.51361083984375,5.566650390625
17,0.26805555555555527,0.7060546875,1.12689208984375,7.63006591796875
16,0.36805555555555536,-0.1444091796875,0.537109375,9.6942138671875
15,0.46805555555555545,1.0130615234375,0.59661865234375,11.71075439453125
14,0.56805555555555554,-0.22442626953125,0.436767578125,13.7884521484375
19,0.074999999999999512,0.0074462890625,1.51690673828125,3.0826416015625
18,0.1749999999999996,0.07830810546875,1.51385498046875,5.72418212890625
17,0.27499999999999969,0.71893310546875,1.1126708984375,7.77154541015625
16,0.37499999999999978,-0.14801025390625,0.51068115234375,9.83612060546875
15,0.47499999999999987,1.02508544921875,0.56964111328125,11.852294921875
14,0.575,-0.227783203125,0.406005859375,13.930419921875
19,0.081944444444443931,0.0006103515625,1.5321044921875,3.29071044921875
18,0.18194444444444402,0.078125,1.513427734375,5.8779296875
17,0.28194444444444411,0.73175048828125,1.09796142578125,7.9130859375
16,0.3819444444444442,-0.15167236328125,0.4837646484375,9.97802734375
15,0.48194444444444429,1.037109375,0.542236328125,11.993896484375
14,0.58194444444444438,-0.23114013671875,0.37469482421875,14.07244873046875
19,0.088888888888888351,-0.006103515625,1.54656982421875,3.4949951171875
18,0.18888888888888844,0.0780029296875,1.512451171875,6.02783203125
17,0.28888888888888853,0.74456787109375,1.082763671875,8.0545654296875
16,0.38888888888888862,-0.1552734375,0.4564208984375,10.1199951171875
15,0.48888888888888871,1.04913330078125,0.51434326171875,12.13543701171875
14,0.5888888888888888,-0.2344970703125,0.343017578125,14.21441650390625
19,0.095833333333332771,-0.01275634765625,1.56024169921875,3.6954345703125
18,0.19583333333333286,0.07781982421875,1.5107421875,6.1739501953125
17,0.29583333333333295,0.7574462890625,1.06719970703125,8.196044921875
16,0.39583333333333304,-0.15887451171875,0.42852783203125,10.26190185546875
15,0.49583333333333313,1.0611572265625,0.4859619140625,12.27703857421875
14,0.59583333333333321,-0.23785400390625,0.31085205078125,14.3564453125
20,0,0.08367919921875,1.339111328125,0.76849365234375
20,0.0027777777777771018,0.08306884765625,1.3424072265625,0.85455322265625
19,0.10277777777777719,-0.01922607421875,1.5731201171875,3.89215087890625
18,0.20277777777777728,0.07769775390625,1.50836181640625,6.31658935546875
17,0.30277777777777737,0.770263671875,1.051025390625,8.33758544921875
16,0.40277777777777746,-0.16253662109375,0.4002685546875,10.40380859375
15,0.50277777777777755,1.07318115234375,0.45709228515625,12.4185791015625
14,0.60277777777777763,-0.2412109375,0.2781982421875,14.4984130859375
20,0.0097222222222217436,0.08148193359375,1.3507080078125,1.06964111328125
19,0.10972222222222183,-0.02557373046875,1.5853271484375,4.08502197265625
18,0.20972222222222192,0.0775146484375,1.5054931640625,6.45849609375
17,0.309722222222222,0.7830810546875,1.03448486328125,8.47906494140625
16,0.4097222222222221,-0.1661376953125,0.3714599609375,10.54571533203125
15,0.50972222222222219,1.085205078125,0.42779541015625,12.5601806640625
14,0.60972222222222228,-0.24456787109375,0.24505615234375,14.64044189453125
20,0.016666666666666163,0.07989501953125,1.3590087890625,1.2847900390625
19,0.11666666666666625,-0.03179931640625,1.5966796875,4.27410888671875
18,0.21666666666666634,0.077392578125,1.502197265625,6.60040283203125
17,0.31666666666666643,0.79595947265625,1.01739501953125,8.62054443359375
16,0.41666666666666652,-0.1697998046875,0.34222412109375,10.68768310546875
15,0.51666666666666661,1.09722900390625,0.39801025390625,12.7017822265625
14,0.6166666666666667,-0.2479248046875,0.21148681640625,14.78240966796875
20,0.023611111111110583,0.07830810546875,1.36724853515625,1.4998779296875
19,0.12361111111111067,-0.03790283203125,1.60736083984375,4.4593505859375
18,0.22361111111111076,0.07720947265625,1.4984130859375,6.74237060546875
17,0.32361111111111085,0.80877685546875,0.9998779296875,8.7620849609375
16,0.42361111111111094,-0.17340087890625,0.31243896484375,10.82958984375
15,0.523611111111111,1.1092529296875,0.36773681640625,12.84332275390625
14,0.62361111111111112,-0.25128173828125,0.17742919921875,14.9244384765625
20,0.030555555555555003,0.07672119140625,1.37554931640625,1.7149658203125
19,0.13055555555555509,-0.04388427734375,1.6171875,4.64080810546875
18,0.23055555555555518,0.07708740234375,1.494140625,6.88427734375
17,0.33055555555555527,0.82159423828125,0.98187255859375,8.903564453125
16,0.43055555555555536,-0.17706298828125,0.28228759765625,10.97149658203125
15,0.53055555555555545,1.12127685546875,0.3370361328125,12.98492431640625
14,0.63055555555555554,-0.254638671875,0.142822265625,15.06640625
20,0.037499999999999423,0.07513427734375,1.38385009765625,1.93011474609375
19,0.13749999999999951,-0.04974365234375,1.62628173828125,4.8184814453125
18,0.2374999999999996,0.076904296875,1.4893798828125,7.02618408203125
17,0.33749999999999969,0.83441162109375,0.96337890625,9.04510498046875
16,0.43749999999999978,-0.1806640625,0.2515869140625,11.1134033203125
15,0.53749999999999987,1.13330078125,0.30584716796875,13.12646484375
14,0.6375,-0.25799560546875,0.1077880859375,15.20843505859375
20,0.044444444444443842,0.07354736328125,1.39215087890625,2.14520263671875
19,0.14444444444444393,-0.055419921875,1.63458251953125,4.99237060546875
18,0.24444444444444402,0.0767822265625,1.48419189453125,7.16815185546875
17,0.34444444444444411,0.8472900390625,0.9444580078125,9.18658447265625
16,0.4444444444444442,-0.18426513671875,0.220458984375,11.25537109375
15,0.54444444444444429,1.14532470703125,0.274169921875,13.26806640625
14,0.64444444444444438,-0.2613525390625,0.07232666015625,15.35040283203125
20,0.051388888888888262,0.07196044921875,1.400390625,2.3603515625
19,0.15138888888888835,-0.06103515625,1.6422119140625,5.1624755859375
18,0.25138888888888844,0.07659912109375,1.478515625,7.31005859375
17,0.35138888888888853,0.860107421875,0.925048828125,9.32806396484375
16,0.45138888888888862,-0.18792724609375,0.18878173828125,11.39727783203125
15,0.55138888888888871,1.1573486328125,0.24200439453125,13.40960693359375
14,0.6513888888888888,-0.26470947265625,0.036376953125,15.492431640625
20,0.058333333333332682,0.07037353515625,1.40869140625,2.575439453125
19,0.15833333333333277,-0.0665283203125,1.64892578125,5.3287353515625
18,0.25833333333333286,0.076416015625,1.47235107421875,7.45196533203125
17,0.35833333333333295,0.8729248046875,0.9051513671875,9.4696044921875
16,0.45833333333333304,-0.1915283203125,0.15673828125,11.5391845703125
15,0.55833333333333313,1.16937255859375,0.20941162109375,13.55120849609375
14,0.65355481088009992,-0.2657470703125,0,15.53668212890625
20,0.0652777777777771,0.06878662109375,1.4169921875,2.79052734375
19,0.16527777777777719,-0.0718994140625,1.65496826171875,5.4912109375
18,0.26527777777777728,0.0762939453125,1.4656982421875,7.59393310546875
17,0.36527777777777737,0.88580322265625,0.884765625,9.611083984375
16,0.46527777777777746,-0.1951904296875,0.1241455078125,11.68115234375
15,0.56527777777777755,1.181396484375,0.17633056640625,13.6927490234375
20,0.072222222222221744,0.06719970703125,1.42510986328125,3.00445556640625
19,0.17222222222222183,-0.07708740234375,1.6602783203125,5.64990234375
18,0.27222222222222192,0.07611083984375,1.4586181640625,7.73583984375
17,0.372222222222222,0.89862060546875,0.864013671875,9.7525634765625
16,0.4722222222222221,-0.19879150390625,0.09112548828125,11.82305908203125
15,0.57222222222222219,1.19342041015625,0.14276123046875,13.8343505859375
20,0.079166666666666163,0.065673828125,1.4324951171875,3.214599609375
19,0.17916666666666625,-0.08221435546875,1.664794921875,5.8048095703125
18,0.27916666666666634,0.07598876953125,1.4510498046875,7.87774658203125
17,0.37916666666666643,0.91143798828125,0.8426513671875,9.89410400390625
16,0.47916666666666652,-0.202392578125,0.0576171875,11.9649658203125
15,0.57916666666666661,1.2054443359375,0.1087646484375,13.97589111328125
20,0.086111111111110583,0.06414794921875,1.439453125,3.42095947265625
19,0.18611111111111067,-0.087158203125,1.66851806640625,5.95587158203125
18,0.28611111111111076,0.0758056640625,1.4429931640625,8.01971435546875
17,0.38611111111111085,0.92431640625,0.82086181640625,10.03558349609375
16,0.48582685042445739,-0.2059326171875,0,12.10107421875
15,0.586111111111111,1.21746826171875,0.07421875,14.11749267578125
20,0.093055555555555,0.06268310546875,1.44561767578125,3.62347412109375
19,0.19305555555555509,-0.092041015625,1.6715087890625,6.1031494140625
18,0.29305555555555518,0.07568359375,1.4344482421875,8.16162109375
17,0.39305555555555527,0.9371337890625,0.79864501953125,10.1771240234375
15,0.59305555555555545,1.2294921875,0.03924560546875,14.259033203125
20,0.099999999999999423,0.06121826171875,1.4512939453125,3.82220458984375
19,0.19999999999999951,-0.09674072265625,1.6737060546875,6.24664306640625
18,0.2999999999999996,0.07550048828125,1.42547607421875,8.30352783203125
17,0.39999999999999969,0.949951171875,0.77587890625,10.318603515625
15,0.5958428951162702,1.23431396484375,0,14.31585693359375
20,0.10694444444444406,0.05975341796875,1.456298828125,4.01715087890625
19,0.20694444444444415,-0.1014404296875,1.67529296875,6.38824462890625
18,0.30694444444444424,0.07537841796875,1.416015625,8.44549560546875
17,0.40694444444444433,0.9627685546875,0.752685546875,10.4600830078125
20,0.11388888888888826,0.058349609375,1.46063232421875,4.208251953125
19,0.21388888888888835,-0.1060791015625,1.6763916015625,6.52984619140625
18,0.31388888888888844,0.0751953125,1.40606689453125,8.58740234375
17,0.41388888888888853,0.97564697265625,0.72900390625,10.60162353515625
20,0.1208333333333329,0.0570068359375,1.46435546875,4.39556884765625
19,0.220833333333333,-0.11077880859375,1.67706298828125,6.67144775390625
18,0.32083333333333308,0.0750732421875,1.39569091796875,8.72930908203125
17,0.42083333333333317,0.98846435546875,0.70489501953125,10.74310302734375
20,0.1277777777777771,0.0556640625,1.467529296875,4.57904052734375
19,0.22777777777777719,-0.11541748046875,1.67718505859375,6.81298828125
18,0.32777777777777728,0.07489013671875,1.384765625,8.87127685546875
17,0.42777777777777737,1.00128173828125,0.68023681640625,10.88458251953125
20,0.13472222222222174,0.0543212890625,1.4700927734375,4.75872802734375
19,0.23472222222222183,-0.12005615234375,1.67694091796875,6.95458984375
18,0.33472222222222192,0.07476806640625,1.3734130859375,9.01318359375
17,0.434722222222222,1.01416015625,0.6551513671875,11.026123046875
20,0.14166666666666594,0.05303955078125,1.47198486328125,4.93463134765625
19,0.24166666666666603,-0.124755859375,1.67608642578125,7.09619140625
18,0.34166666666666612,0.0745849609375,1.36163330078125,9.15509033203125
17,0.44166666666666621,1.0269775390625,0.62957763671875,11.1676025390625
20,0.14861111111111058,0.0517578125,1.4732666015625,5.106689453125
19,0.24861111111111067,-0.12939453125,1.67486572265625,7.23779296875
18,0.34861111111111076,0.074462890625,1.34930419921875,9.29705810546875
17,0.44861111111111085,1.039794921875,0.603515625,11.30914306640625
20,0.15555555555555478,0.050537109375,1.47393798828125,5.27496337890625
19,0.25555555555555487,-0.13409423828125,1.6732177734375,7.37933349609375
18,0.35555555555555496,0.07427978515625,1.3365478515625,9.43896484375
17,0.45555555555555505,1.0526123046875,0.57708740234375,11.45062255859375
20,0.16249999999999942,0.04931640625,1.4739990234375,5.43939208984375
19,0.26249999999999951,-0.13873291015625,1.67095947265625,7.52093505859375
18,0.3624999999999996,0.07415771484375,1.32330322265625,9.58087158203125
17,0.46249999999999969,1.06549072265625,0.550048828125,11.59210205078125
20,0.16944444444444406,0.04815673828125,1.473388671875,5.60003662109375
19,0.26944444444444415,-0.14337158203125,1.6683349609375,7.66253662109375
18,0.36944444444444424,0.073974609375,1.3095703125,9.72283935546875
17,0.46944444444444433,1.07830810546875,0.52264404296875,11.733642578125
20,0.17638888888888826,0.0469970703125,1.47216796875,5.75689697265625
19,0.27638888888888835,-0.1480712890625,1.6651611328125,7.80413818359375
18,0.37638888888888844,0.0738525390625,1.29541015625,9.86474609375
17,0.47638888888888853,1.09112548828125,0.49468994140625,11.8751220703125
20,0.1833333333333329,0.04583740234375,1.47039794921875,5.909912109375
19,0.283333333333333,-0.1527099609375,1.66156005859375,7.94573974609375
18,0.38333333333333308,0.07366943359375,1.28076171875,10.00665283203125
17,0.48333333333333317,1.10400390625,0.46630859375,12.0166015625
20,0.1902777777777771,0.04473876953125,1.46795654296875,6.05908203125
19,0.29027777777777719,-0.15740966796875,1.657470703125,8.0872802734375
18,0.39027777777777728,0.07354736328125,1.265625,10.14862060546875
17,0.49027777777777737,1.1168212890625,0.43743896484375,12.15814208984375
20,0.19722222222222174,0.043701171875,1.4649658203125,6.20452880859375
19,0.29722222222222183,-0.16204833984375,1.6529541015625,8.2288818359375
18,0.39722222222222192,0.0733642578125,1.25,10.29052734375
17,0.497222222222222,1.129638671875,0.4080810546875,12.29962158203125
20,0.20416666666666594,0.04266357421875,1.4613037109375,6.3468017578125
19,0.30416666666666603,-0.16668701171875,1.64794921875,8.3704833984375
18,0.40416666666666612,0.0732421875,1.23388671875,10.43243408203125
17,0.50416666666666621,1.14251708984375,0.3782958984375,12.44110107421875
20,0.21111111111111058,0.04156494140625,1.4571533203125,6.48876953125
19,0.31111111111111067,-0.17138671875,1.64239501953125,8.5120849609375
18,0.41111111111111076,0.07305908203125,1.21734619140625,10.57440185546875
17,0.51111111111111085,1.15533447265625,0.34796142578125,12.5826416015625
20,0.21805555555555478,0.04052734375,1.45257568359375,6.6307373046875
19,0.31805555555555487,-0.176025390625,1.63641357421875,8.65362548828125
18,0.41805555555555496,0.07293701171875,1.2003173828125,10.71630859375
17,0.518055555555555,1.16815185546875,0.31719970703125,12.72412109375
20,0.22499999999999942,0.03948974609375,1.44744873046875,6.772705078125
19,0.32499999999999951,-0.18072509765625,1.62994384765625,8.79522705078125
18,0.4249999999999996,0.07275390625,1.182861328125,10.85821533203125
17,0.52499999999999969,1.18096923828125,0.28594970703125,12.86566162109375
20,0.23194444444444406,0.0384521484375,1.44195556640625,6.9146728515625
19,0.33194444444444415,-0.18536376953125,1.623046875,8.93682861328125
18,0.43194444444444424,0.0726318359375,1.16485595703125,11.00018310546875
17,0.53194444444444433,1.19384765625,0.2542724609375,13.00714111328125
20,0.23888888888888826,0.03741455078125,1.4359130859375,7.056640625
19,0.33888888888888835,-0.19000244140625,1.61566162109375,9.07843017578125
18,0.43888888888888844,0.07244873046875,1.14642333984375,11.14208984375
17,0.53888888888888853,1.2066650390625,0.22210693359375,13.14862060546875
20,0.2458333333333329,0.036376953125,1.429443359375,7.1986083984375
19,0.345833333333333,-0.1947021484375,1.6077880859375,9.22003173828125
18,0.44583333333333308,0.07232666015625,1.12750244140625,11.2840576171875
17,0.54583333333333317,1.219482421875,0.189453125,13.2901611328125
20,0.2527777777777771,0.03533935546875,1.4224853515625,7.34063720703125
19,0.35277777777777719,-0.1993408203125,1.5994873046875,9.361572265625
18,0.45277777777777728,0.0721435546875,1.10809326171875,11.42596435546875
17,0.55277777777777737,1.23236083984375,0.15631103515625,13.431640625
20,0.25972222222222174,0.0343017578125,1.4150390625,7.48260498046875
19,0.35972222222222183,-0.20404052734375,1.59063720703125,9.503173828125
18,0.45972222222222192,0.07196044921875,1.0882568359375,11.56787109375
17,0.559722222222222,1.24517822265625,0.1226806640625,13.5731201171875
20,0.26666666666666594,0.033203125,1.40716552734375,7.62457275390625
19,0.36666666666666603,-0.20867919921875,1.5814208984375,9.644775390625
18,0.46666666666666612,0.07183837890625,1.06793212890625,11.7098388671875
17,0.56666666666666621,1.25799560546875,0.08868408203125,13.71466064453125
20,0.27361111111111058,0.03216552734375,1.39874267578125,7.76654052734375
19,0.37361111111111067,-0.21337890625,1.57159423828125,9.786376953125
18,0.47361111111111076,0.0716552734375,1.047119140625,11.85174560546875
17,0.57361111111111085,1.2708740234375,0.0540771484375,13.85614013671875
20,0.28055555555555478,0.0311279296875,1.389892578125,7.90850830078125
19,0.38055555555555487,-0.218017578125,1.5614013671875,9.92791748046875
18,0.48055555555555496,0.071533203125,1.02581787109375,11.99365234375
17,0.57938239250561829,1.28155517578125,0,13.9737548828125
20,0.28749999999999942,0.03009033203125,1.38055419921875,8.05047607421875
19,0.38749999999999951,-0.22265625,1.5506591796875,10.06951904296875
18,0.4874999999999996,0.07135009765625,1.00408935546875,12.1356201171875
20,0.29444444444444406,0.029052734375,1.37078857421875,8.19244384765625
19,0.39444444444444415,-0.22735595703125,1.53955078125,10.21112060546875
18,0.49444444444444424,0.07122802734375,0.98187255859375,12.27752685546875
20,0.30138888888888826,0.02801513671875,1.36053466796875,8.33441162109375
19,0.40138888888888835,-0.23199462890625,1.52783203125,10.35272216796875
18,0.50138888888888844,0.071044921875,0.95916748046875,12.41943359375
20,0.3083333333333329,0.0269775390625,1.3497314453125,8.47637939453125
19,0.408333333333333,-0.2366943359375,1.5157470703125,10.49432373046875
18,0.50833333333333308,0.0709228515625,0.93603515625,12.5614013671875
20,0.3152777777777771,0.02593994140625,1.33856201171875,8.618408203125
19,0.41527777777777719,-0.2413330078125,1.503173828125,10.6358642578125
18,0.51527777777777728,0.07073974609375,0.912353515625,12.70330810546875
20,0.32222222222222174,0.02490234375,1.32684326171875,8.7603759765625
19,0.42222222222222183,-0.2459716796875,1.4901123046875,10.7774658203125
18,0.52222222222222192,0.07061767578125,0.88824462890625,12.84521484375
20,0.32916666666666594,0.0238037109375,1.314697265625,8.90234375
19,0.42916666666666603,-0.25067138671875,1.4765625,10.9190673828125
18,0.52916666666666612,0.0704345703125,0.8636474609375,12.9871826171875
20,0.33611111111111058,0.02276611328125,1.30206298828125,9.0443115234375
19,0.43611111111111067,-0.25531005859375,1.4625244140625,11.0606689453125
18,0.53611111111111076,0.0703125,0.838623046875,13.12908935546875
20,0.34305555555555478,0.021728515625,1.2889404296875,9.186279296875
19,0.44305555555555487,-0.260009765625,1.4481201171875,11.20220947265625
18,0.543055555555555,0.07012939453125,0.81304931640625,13.27099609375
20,0.34999999999999942,0.02069091796875,1.275390625,9.3282470703125
19,0.44999999999999951,-0.2646484375,1.43310546875,11.34381103515625
18,0.5499999999999996,0.07000732421875,0.78704833984375,13.4129638671875
20,0.35694444444444406,0.0196533203125,1.26129150390625,9.47021484375
19,0.45694444444444415,-0.269287109375,1.417724609375,11.48541259765625
18,0.55694444444444424,0.06982421875,0.7606201171875,13.55487060546875
20,0.36388888888888826,0.01861572265625,1.246826171875,9.6121826171875
19,0.46388888888888835,-0.27398681640625,1.40185546875,11.62701416015625
18,0.56388888888888844,0.0697021484375,0.733642578125,13.69677734375
20,0.3708333333333329,0.017578125,1.2318115234375,9.754150390625
19,0.470833333333333,-0.27862548828125,1.38543701171875,11.76861572265625
18,0.57083333333333308,0.06951904296875,0.7061767578125,13.8387451171875
20,0.3777777777777771,0.01654052734375,1.21636962890625,9.8961181640625
19,0.47777777777777719,-0.2833251953125,1.36859130859375,11.91015625
18,0.57777777777777728,0.06939697265625,0.67828369140625,13.98065185546875
20,0.38472222222222174,0.0155029296875,1.20037841796875,10.03814697265625
19,0.48472222222222183,-0.2879638671875,1.35125732421875,12.0517578125
18,0.58472222222222192,0.0692138671875,0.64990234375,14.12255859375
20,0.39166666666666594,0.014404296875,1.1839599609375,10.18011474609375
19,0.49166666666666603,-0.2926025390625,1.33349609375,12.193359375
18,0.59166666666666612,0.069091796875,0.62103271484375,14.2645263671875
20,0.39861111111111058,0.01336669921875,1.1671142578125,10.32208251953125
19,0.49861111111111067,-0.29730224609375,1.315185546875,12.3349609375
18,0.59861111111111076,0.06890869140625,0.59173583984375,14.40643310546875
20,0.40555555555555478,0.0123291015625,1.14971923828125,10.46405029296875
19,0.50555555555555487,-0.30194091796875,1.2965087890625,12.47650146484375
18,0.605555555555555,0.06878662109375,0.56195068359375,14.54833984375
20,0.41249999999999942,0.01129150390625,1.13189697265625,10.60601806640625
19,0.51249999999999951,-0.306640625,1.27734375,12.61810302734375
18,0.6124999999999996,0.068603515625,0.53167724609375,14.6903076171875
20,0.41944444444444406,0.01025390625,1.11358642578125,10.74798583984375
19,0.51944444444444415,-0.311279296875,1.25762939453125,12.75970458984375
18,0.61944444444444424,0.0684814453125,0.5009765625,14.83221435546875
20,0.42638888888888826,0.00921630859375,1.0948486328125,10.88995361328125
19,0.52638888888888835,-0.31597900390625,1.23748779296875,12.90130615234375
18,0.62638888888888844,0.06829833984375,0.46978759765625,14.97412109375
20,0.4333333333333329,0.0081787109375,1.07562255859375,11.03192138671875
19,0.533333333333333,-0.32061767578125,1.216796875,13.04290771484375
18,0.63333333333333308,0.06817626953125,0.4381103515625,15.1160888671875
20,0.4402777777777771,0.00714111328125,1.05584716796875,11.17388916015625
19,0.54027777777777719,-0.32525634765625,1.19573974609375,13.1844482421875
18,0.64027777777777728,0.0679931640625,0.40594482421875,15.25799560546875
20,0.44722222222222174,0.00604248046875,1.03564453125,11.31591796875
19,0.54722222222222183,-0.3299560546875,1.17413330078125,13.3260498046875
18,0.64722222222222192,0.06787109375,0.37335205078125,15.39990234375
20,0.45416666666666594,0.0050048828125,1.01495361328125,11.4578857421875
19,0.554166666666666,-0.3345947265625,1.15216064453125,13.4676513671875
18,0.65416666666666612,0.06768798828125,0.3402099609375,15.5418701171875
20,0.46111111111111058,0.00396728515625,0.99383544921875,11.599853515625
19,0.56111111111111067,-0.33929443359375,1.129638671875,13.6092529296875
18,0.66111111111111076,0.0675048828125,0.306640625,15.68377685546875
20,0.46805555555555478,0.0029296875,0.97222900390625,11.7418212890625
19,0.56805555555555487,-0.34393310546875,1.10662841796875,13.75079345703125
18,0.668055555555555,0.0673828125,0.27264404296875,15.82568359375
20,0.47499999999999942,0.00189208984375,0.95013427734375,11.8837890625
19,0.57499999999999951,-0.34857177734375,1.08319091796875,13.89239501953125
18,0.6749999999999996,0.06719970703125,0.23809814453125,15.9676513671875
20,0.48194444444444406,0.0008544921875,0.9276123046875,12.0257568359375
19,0.58194444444444415,-0.353271484375,1.0592041015625,14.03399658203125
18,0.68194444444444424,0.06707763671875,0.203125,16.10955810546875
20,0.48888888888888826,-0.00018310546875,0.904541015625,12.167724609375
19,0.58888888888888835,-0.35791015625,1.03485107421875,14.17559814453125
18,0.68888888888888844,0.06689453125,0.16766357421875,16.25146484375
20,0.4958333333333329,-0.001220703125,0.88104248046875,12.3096923828125
19,0.595833333333333,-0.36260986328125,1.00994873046875,14.31719970703125
18,0.69583333333333308,0.0667724609375,0.1317138671875,16.3934326171875
20,0.5027777777777771,-0.00225830078125,0.8570556640625,12.45166015625
19,0.60277777777777719,-0.36724853515625,0.984619140625,14.458740234375
18,0.70277777777777728,0.06658935546875,0.0953369140625,16.53533935546875
20,0.50972222222222174,-0.00335693359375,0.8326416015625,12.59368896484375
19,0.60972222222222183,-0.37188720703125,0.95880126953125,14.600341796875
18,0.70972222222222192,0.06646728515625,0.0584716796875,16.67724609375
20,0.51666666666666594,-0.00439453125,0.80767822265625,12.73565673828125
19,0.616666666666666,-0.3765869140625,0.9324951171875,14.741943359375
18,0.71594272007092785,0.0662841796875,0,16.804443359375
20,0.52361111111111058,-0.00543212890625,0.78228759765625,12.87762451171875
19,0.62361111111111067,-0.3812255859375,0.90576171875,14.883544921875
20,0.53055555555555478,-0.0064697265625,0.7564697265625,13.01959228515625
19,0.63055555555555487,-0.38592529296875,0.87847900390625,15.02508544921875
20,0.53749999999999942,-0.00750732421875,0.7301025390625,13.16156005859375
19,0.63749999999999951,-0.39056396484375,0.85076904296875,15.16668701171875
20,0.54444444444444406,-0.008544921875,0.70330810546875,13.30352783203125
19,0.64444444444444415,-0.39520263671875,0.82257080078125,15.30828857421875
20,0.55138888888888826,-0.00958251953125,0.67596435546875,13.44549560546875
19,0.65138888888888835,-0.39990234375,0.7939453125,15.44989013671875
20,0.5583333333333329,-0.0106201171875,0.64825439453125,13.58746337890625
19,0.658333333333333,-0.404541015625,0.76483154296875,15.5914306640625
20,0.5652777777777771,-0.01165771484375,0.6199951171875,13.72943115234375
19,0.66527777777777719,-0.40924072265625,0.73516845703125,15.7330322265625
20,0.57222222222222174,-0.01275634765625,0.59130859375,13.87139892578125
19,0.67222222222222183,-0.41387939453125,0.70513916015625,15.8746337890625
20,0.57916666666666594,-0.0137939453125,0.56219482421875,14.013427734375
19,0.679166666666666,-0.4185791015625,0.674560546875,16.0162353515625
20,0.58611111111111058,-0.01483154296875,0.532470703125,14.1553955078125
19,0.68611111111111067,-0.4232177734375,0.6435546875,16.1578369140625
20,0.59305555555555478,-0.015869140625,0.50238037109375,14.29736328125
19,0.69305555555555487,-0.4278564453125,0.61199951171875,16.29937744140625
20,0.59999999999999942,-0.01690673828125,0.47174072265625,14.4393310546875
19,0.69999999999999951,-0.43255615234375,0.580078125,16.44097900390625
20,0.60694444444444406,-0.0179443359375,0.44073486328125,14.581298828125
19,0.70694444444444415,-0.43719482421875,0.54766845703125,16.58258056640625
20,0.61388888888888826,-0.01898193359375,0.4091796875,14.7232666015625
19,0.71388888888888835,-0.44189453125,0.51470947265625,16.72418212890625
20,0.6208333333333329,-0.02001953125,0.37713623046875,14.865234375
19,0.720833333333333,-0.446533203125,0.48138427734375,16.86572265625
20,0.6277777777777771,-0.0211181640625,0.3447265625,15.0072021484375
19,0.72777777777777719,-0.451171875,0.44744873046875,17.00732421875
20,0.63472222222222174,-0.02215576171875,0.31170654296875,15.149169921875
19,0.73472222222222183,-0.45587158203125,0.41314697265625,17.14892578125
20,0.64166666666666594,-0.023193359375,0.2783203125,15.29119873046875
19,0.741666666666666,-0.46051025390625,0.37835693359375,17.29052734375
20,0.64861111111111058,-0.02423095703125,0.244384765625,15.43316650390625
19,0.74861111111111067,-0.4652099609375,0.34307861328125,17.43212890625
20,0.65555555555555478,-0.0252685546875,0.21002197265625,15.57513427734375
19,0.75555555555555487,-0.4698486328125,0.30731201171875,17.57366943359375
20,0.66249999999999942,-0.02630615234375,0.17523193359375,15.71710205078125
19,0.76249999999999951,-0.4744873046875,0.2711181640625,17.71527099609375
20,0.66944444444444406,-0.02734375,0.13983154296875,15.85906982421875
19,0.76944444444444415,-0.47918701171875,0.23443603515625,17.85687255859375
20,0.67638888888888826,-0.02838134765625,0.10406494140625,16.00103759765625
19,0.77638888888888835,-0.48382568359375,0.197265625,17.99847412109375
20,0.6833333333333329,-0.0294189453125,0.06781005859375,16.14300537109375
19,0.783333333333333,-0.488525390625,0.15960693359375,18.1400146484375
20,0.6902777777777771,-0.030517578125,0.03106689453125,16.28497314453125
19,0.79027777777777719,-0.4931640625,0.12152099609375,18.2816162109375
20,0.69140710383825432,-0.03070068359375,0,16.30804443359375
19,0.79722222222222183,-0.497802734375,0.08294677734375,18.4232177734375
19,0.804166666666666,-0.50250244140625,0.0438232421875,18.5648193359375
19,0.80747466911708443,-0.50469970703125,0,18.63226318359375
