shot,ageSeconds,x,y,z
1,0,0.08746337890625,1.25909423828125,0.88604736328125
2,0,0.08746337890625,1.25909423828125,0.88604736328125
3,0,0.08746337890625,1.25909423828125,0.88604736328125
4,0,0.08746337890625,1.25909423828125,0.88604736328125
5,0,0.08746337890625,1.25909423828125,0.88604736328125
6,0,0.08746337890625,1.25909423828125,0.88604736328125
7,0,0.08746337890625,1.25909423828125,0.88604736328125
8,0,0.08746337890625,1.25909423828125,0.88604736328125
8,0.0069444444444444441,0.08770751953125,1.24163818359375,1.037841796875
7,0.0069444444444444441,0.07745361328125,1.2724609375,1.03790283203125
6,0.0069444444444444441,0.10369873046875,1.25775146484375,1.0379638671875
5,0.0069444444444444441,0.076904296875,1.2515869140625,1.03826904296875
4,0.0069444444444444441,0.0909423828125,1.27178955078125,1.03826904296875
3,0.0069444444444444441,0.0936279296875,1.25067138671875,1.0384521484375
2,0.0069444444444444441,0.08062744140625,1.2620849609375,1.03863525390625
1,0.0069444444444444441,0.09259033203125,1.26165771484375,1.0386962890625
8,0.013888888888888888,0.087890625,1.2242431640625,1.1895751953125
7,0.013888888888888888,0.0675048828125,1.285888671875,1.18975830078125
6,0.013888888888888888,0.11993408203125,1.25640869140625,1.18988037109375
5,0.013888888888888888,0.06640625,1.24407958984375,1.19049072265625
4,0.013888888888888888,0.094482421875,1.284423828125,1.19049072265625
3,0.013888888888888888,0.09979248046875,1.2421875,1.19085693359375
2,0.013888888888888888,0.07379150390625,1.26507568359375,1.19122314453125
1,0.013888888888888888,0.09771728515625,1.2642822265625,1.19140625
8,0.020833333333333332,0.088134765625,1.206787109375,1.34136962890625
7,0.020833333333333332,0.0574951171875,1.29925537109375,1.34161376953125
6,0.020833333333333332,0.13623046875,1.25506591796875,1.34173583984375
5,0.020833333333333332,0.05584716796875,1.236572265625,1.34271240234375
4,0.020833333333333332,0.09796142578125,1.297119140625,1.3426513671875
3,0.020833333333333332,0.10601806640625,1.2337646484375,1.34332275390625
2,0.020833333333333332,0.06689453125,1.26806640625,1.34381103515625
1,0.020833333333333332,0.1029052734375,1.266845703125,1.34405517578125
8,0.027777777777777776,0.08831787109375,1.1893310546875,1.4931640625
7,0.027777777777777776,0.04754638671875,1.31268310546875,1.49346923828125
6,0.027777777777777776,0.1524658203125,1.25372314453125,1.49365234375
5,0.027777777777777776,0.04534912109375,1.22900390625,1.49493408203125
4,0.027777777777777776,0.10150146484375,1.309814453125,1.494873046875
3,0.027777777777777776,0.1121826171875,1.22528076171875,1.4957275390625
2,0.027777777777777776,0.06005859375,1.27105712890625,1.49639892578125
1,0.027777777777777776,0.1080322265625,1.26947021484375,1.4967041015625
8,0.034722222222222224,0.08856201171875,1.171875,1.64495849609375
7,0.034722222222222224,0.03753662109375,1.3260498046875,1.6453857421875
6,0.034722222222222224,0.168701171875,1.25238037109375,1.64556884765625
5,0.034722222222222224,0.0347900390625,1.22149658203125,1.647216796875
4,0.034722222222222224,0.10498046875,1.32244873046875,1.6470947265625
3,0.034722222222222224,0.11834716796875,1.21685791015625,1.64813232421875
2,0.034722222222222224,0.05322265625,1.2740478515625,1.6490478515625
1,0.034722222222222224,0.1131591796875,1.27203369140625,1.6494140625
8,0.041666666666666664,0.0887451171875,1.15447998046875,1.79669189453125
7,0.041666666666666664,0.027587890625,1.3394775390625,1.7972412109375
6,0.041666666666666664,0.1849365234375,1.25103759765625,1.7974853515625
5,0.041666666666666664,0.0242919921875,1.2139892578125,1.7994384765625
4,0.041666666666666664,0.1085205078125,1.33514404296875,1.79931640625
3,0.041666666666666664,0.12451171875,1.20843505859375,1.800537109375
2,0.041666666666666664,0.04638671875,1.2769775390625,1.8016357421875
1,0.041666666666666664,0.1182861328125,1.274658203125,1.80206298828125
8,0.048611111111111112,0.0889892578125,1.13702392578125,1.948486328125
7,0.048611111111111112,0.017578125,1.35284423828125,1.9490966796875
6,0.048611111111111112,0.20123291015625,1.2496337890625,1.94940185546875
5,0.048611111111111112,0.01373291015625,1.20648193359375,1.95166015625
4,0.048611111111111112,0.11199951171875,1.3477783203125,1.9515380859375
3,0.048611111111111112,0.1307373046875,1.199951171875,1.9530029296875
2,0.048611111111111112,0.03955078125,1.27996826171875,1.9542236328125
1,0.048611111111111112,0.1234130859375,1.2772216796875,1.9547119140625
8,0.055555555555555552,0.0892333984375,1.11956787109375,2.10028076171875
7,0.055555555555555552,0.00762939453125,1.36627197265625,2.1009521484375
6,0.055555555555555552,0.21746826171875,1.248291015625,2.101318359375
5,0.055555555555555552,0.003173828125,1.198974609375,2.1038818359375
4,0.055555555555555552,0.11553955078125,1.3604736328125,2.103759765625
3,0.055555555555555552,0.13690185546875,1.1915283203125,2.10540771484375
2,0.055555555555555552,0.03265380859375,1.282958984375,2.1068115234375
1,0.055555555555555552,0.12860107421875,1.27978515625,2.107421875
8,0.0625,0.08941650390625,1.10211181640625,2.2520751953125
7,0.0625,-0.00238037109375,1.379638671875,2.2528076171875
6,0.0625,0.23370361328125,1.2469482421875,2.253173828125
5,0.0625,-0.00732421875,1.19146728515625,2.256103515625
4,0.0625,0.1190185546875,1.3731689453125,2.25592041015625
3,0.0625,0.14306640625,1.18310546875,2.2578125
2,0.0625,0.02581787109375,1.28594970703125,2.2593994140625
1,0.0625,0.13372802734375,1.28240966796875,2.26007080078125
8,0.069444444444444448,0.08966064453125,1.08465576171875,2.40362548828125
7,0.069444444444444448,-0.0123291015625,1.3929443359375,2.40447998046875
6,0.069444444444444448,0.24993896484375,1.24554443359375,2.4049072265625
5,0.069444444444444448,-0.017822265625,1.18389892578125,2.40814208984375
4,0.069444444444444448,0.12255859375,1.3857421875,2.407958984375
3,0.069444444444444448,0.14923095703125,1.174560546875,2.4100341796875
2,0.069444444444444448,0.01898193359375,1.28887939453125,2.41180419921875
1,0.069444444444444448,0.13885498046875,1.284912109375,2.41253662109375
8,0.0763888888888889,0.08984375,1.06707763671875,2.552978515625
7,0.0763888888888889,-0.02215576171875,1.40570068359375,2.55389404296875
6,0.0763888888888889,0.26593017578125,1.24383544921875,2.55438232421875
5,0.0763888888888889,-0.0281982421875,1.17608642578125,2.55792236328125
4,0.0763888888888889,0.1259765625,1.39776611328125,2.5577392578125
3,0.0763888888888889,0.15533447265625,1.16583251953125,2.55999755859375
2,0.0763888888888889,0.01226806640625,1.2913818359375,2.56195068359375
1,0.0763888888888889,0.1439208984375,1.28704833984375,2.562744140625
8,0.083333333333333329,0.090087890625,1.04937744140625,2.69964599609375
7,0.083333333333333329,-0.03179931640625,1.41778564453125,2.70062255859375
6,0.083333333333333329,0.2816162109375,1.24163818359375,2.701171875
5,0.083333333333333329,-0.03839111328125,1.16796875,2.70501708984375
4,0.083333333333333329,0.12939453125,1.4091796875,2.704833984375
3,0.083333333333333329,0.16131591796875,1.15679931640625,2.707275390625
2,0.083333333333333329,0.005615234375,1.29339599609375,2.70941162109375
1,0.083333333333333329,0.14886474609375,1.2886962890625,2.71026611328125
8,0.090277777777777776,0.09027099609375,1.03143310546875,2.8436279296875
7,0.090277777777777776,-0.041259765625,1.4290771484375,2.8447265625
6,0.090277777777777776,0.29705810546875,1.23895263671875,2.84527587890625
5,0.090277777777777776,-0.04840087890625,1.159423828125,2.84942626953125
4,0.090277777777777776,0.1326904296875,1.4197998046875,2.84918212890625
3,0.090277777777777776,0.16717529296875,1.14739990234375,2.85186767578125
2,0.090277777777777776,-0.0008544921875,1.29486083984375,2.85418701171875
1,0.090277777777777776,0.15374755859375,1.28973388671875,2.8551025390625
8,0.097222222222222224,0.0904541015625,1.01336669921875,2.98492431640625
7,0.097222222222222224,-0.05059814453125,1.43975830078125,2.986083984375
6,0.097222222222222224,0.31219482421875,1.23590087890625,2.9866943359375
5,0.097222222222222224,-0.05816650390625,1.15057373046875,2.99114990234375
4,0.097222222222222224,0.135986328125,1.42974853515625,2.99090576171875
3,0.097222222222222224,0.17291259765625,1.1376953125,2.9937744140625
2,0.097222222222222224,-0.00726318359375,1.2957763671875,2.9962158203125
1,0.097222222222222224,0.15850830078125,1.29034423828125,2.99725341796875
8,0.10416666666666667,0.0906982421875,0.9951171875,3.12353515625
7,0.10416666666666667,-0.0596923828125,1.44964599609375,3.124755859375
6,0.10416666666666667,0.3270263671875,1.23236083984375,3.12542724609375
5,0.10416666666666667,-0.06781005859375,1.14141845703125,3.13018798828125
4,0.10416666666666667,0.13916015625,1.43902587890625,3.1298828125
3,0.10416666666666667,0.17852783203125,1.127685546875,3.13299560546875
2,0.10416666666666667,-0.01348876953125,1.29620361328125,3.13555908203125
1,0.10416666666666667,0.1632080078125,1.29034423828125,3.13665771484375
8,0.1111111111111111,0.09088134765625,0.9766845703125,3.25946044921875
7,0.1111111111111111,-0.06866455078125,1.4588623046875,3.2607421875
6,0.1111111111111111,0.341552734375,1.22833251953125,3.26141357421875
5,0.1111111111111111,-0.07720947265625,1.13189697265625,3.2664794921875
4,0.1111111111111111,0.142333984375,1.44757080078125,3.2662353515625
3,0.1111111111111111,0.18408203125,1.1173095703125,3.26947021484375
2,0.1111111111111111,-0.01959228515625,1.29608154296875,3.272216796875
1,0.1111111111111111,0.1678466796875,1.28985595703125,3.27337646484375
8,0.11805555555555555,0.091064453125,0.9581298828125,3.3927001953125
7,0.11805555555555555,-0.077392578125,1.46734619140625,3.39404296875
6,0.11805555555555555,0.3558349609375,1.223876953125,3.394775390625
5,0.11805555555555555,-0.08648681640625,1.12200927734375,3.400146484375
4,0.11805555555555555,0.1453857421875,1.4554443359375,3.39984130859375
3,0.11805555555555555,0.18951416015625,1.106689453125,3.40325927734375
2,0.11805555555555555,-0.025634765625,1.29547119140625,3.40618896484375
1,0.11805555555555555,0.17236328125,1.2889404296875,3.40740966796875
8,0.125,0.09124755859375,0.93939208984375,3.52325439453125
7,0.125,-0.08599853515625,1.47515869140625,3.524658203125
6,0.125,0.36981201171875,1.218994140625,3.52545166015625
5,0.125,-0.09552001953125,1.11187744140625,3.53106689453125
4,0.125,0.1484375,1.462646484375,3.53076171875
3,0.125,0.19482421875,1.095703125,3.53436279296875
2,0.125,-0.031494140625,1.2943115234375,3.53741455078125
1,0.125,0.1767578125,1.28741455078125,3.5386962890625
8,0.13194444444444445,0.0914306640625,0.92047119140625,3.651123046875
7,0.13194444444444445,-0.09442138671875,1.48223876953125,3.652587890625
6,0.13194444444444445,0.38348388671875,1.21368408203125,3.65338134765625
5,0.13194444444444445,-0.10443115234375,1.101318359375,3.6593017578125
4,0.13194444444444445,0.1513671875,1.4691162109375,3.65899658203125
3,0.13194444444444445,0.20001220703125,1.0843505859375,3.66278076171875
2,0.13194444444444445,-0.03729248046875,1.2926025390625,3.66595458984375
1,0.13194444444444445,0.18109130859375,1.285400390625,3.66729736328125
8,0.1388888888888889,0.09161376953125,0.90142822265625,3.7762451171875
7,0.1388888888888889,-0.10260009765625,1.48858642578125,3.77783203125
6,0.1388888888888889,0.39691162109375,1.2078857421875,3.7786865234375
5,0.1388888888888889,-0.11309814453125,1.09039306640625,3.78485107421875
4,0.1388888888888889,0.154296875,1.474853515625,3.78448486328125
3,0.1388888888888889,0.20513916015625,1.07269287109375,3.7884521484375
2,0.1388888888888889,-0.04296875,1.29034423828125,3.79180908203125
1,0.1388888888888889,0.185302734375,1.2828369140625,3.793212890625
8,0.14583333333333334,0.091796875,0.8822021484375,3.89874267578125
7,0.14583333333333334,-0.11065673828125,1.4942626953125,3.900390625
6,0.14583333333333334,0.4100341796875,1.20166015625,3.9012451171875
5,0.14583333333333334,-0.12158203125,1.0792236328125,3.90771484375
4,0.14583333333333334,0.1571044921875,1.47998046875,3.9073486328125
3,0.14583333333333334,0.2100830078125,1.06072998046875,3.91143798828125
2,0.14583333333333334,-0.0484619140625,1.28765869140625,3.91497802734375
1,0.14583333333333334,0.189453125,1.27978515625,3.91644287109375
8,0.15277777777777779,0.09197998046875,0.86285400390625,4.0185546875
7,0.15277777777777779,-0.1185302734375,1.49920654296875,4.020263671875
6,0.15277777777777779,0.4228515625,1.1949462890625,4.02117919921875
5,0.15277777777777779,-0.1298828125,1.06768798828125,4.02783203125
4,0.15277777777777779,0.15985107421875,1.48431396484375,4.0274658203125
3,0.15277777777777779,0.2149658203125,1.0484619140625,4.03173828125
2,0.15277777777777779,-0.05389404296875,1.28436279296875,4.035400390625
1,0.15277777777777779,0.19354248046875,1.2762451171875,4.03692626953125
8,0.15972222222222221,0.09210205078125,0.84326171875,4.13568115234375
7,0.15972222222222221,-0.12628173828125,1.50341796875,4.137451171875
6,0.15972222222222221,0.43536376953125,1.18780517578125,4.13836669921875
5,0.15972222222222221,-0.1380615234375,1.0557861328125,4.145263671875
4,0.15972222222222221,0.16259765625,1.488037109375,4.1448974609375
3,0.15972222222222221,0.21978759765625,1.03582763671875,4.14935302734375
2,0.15972222222222221,-0.05914306640625,1.28057861328125,4.15313720703125
1,0.15972222222222221,0.197509765625,1.2720947265625,4.15472412109375
8,0.16666666666666666,0.09228515625,0.82354736328125,4.25006103515625
7,0.16666666666666666,-0.1337890625,1.5069580078125,4.25189208984375
6,0.16666666666666666,0.4476318359375,1.18023681640625,4.25286865234375
5,0.16666666666666666,-0.14599609375,1.04351806640625,4.26007080078125
4,0.16666666666666666,0.16522216796875,1.490966796875,4.2596435546875
3,0.16666666666666666,0.22442626953125,1.02288818359375,4.2642822265625
2,0.16666666666666666,-0.0643310546875,1.2762451171875,4.2681884765625
1,0.16666666666666666,0.20135498046875,1.2674560546875,4.26983642578125
8,0.1736111111111111,0.09246826171875,0.8037109375,4.36181640625
7,0.1736111111111111,-0.14111328125,1.509765625,4.36370849609375
6,0.1736111111111111,0.4595947265625,1.17218017578125,4.36468505859375
5,0.1736111111111111,-0.15374755859375,1.03094482421875,4.37213134765625
4,0.1736111111111111,0.1678466796875,1.4932861328125,4.3717041015625
3,0.1736111111111111,0.22894287109375,1.0096435546875,4.37646484375
2,0.1736111111111111,-0.0693359375,1.27142333984375,4.3804931640625
1,0.1736111111111111,0.20513916015625,1.26239013671875,4.3822021484375
8,0.18055555555555555,0.09259033203125,0.78363037109375,4.4708251953125
7,0.18055555555555555,-0.1483154296875,1.51190185546875,4.4727783203125
6,0.18055555555555555,0.47125244140625,1.16375732421875,4.47381591796875
5,0.18055555555555555,-0.16131591796875,1.01806640625,4.48150634765625
4,0.18055555555555555,0.17034912109375,1.494873046875,4.4810791015625
3,0.18055555555555555,0.2333984375,0.99609375,4.4859619140625
2,0.18055555555555555,-0.07427978515625,1.26605224609375,4.4901123046875
1,0.18055555555555555,0.2088623046875,1.2567138671875,4.49188232421875
8,0.1875,0.0927734375,0.763427734375,4.57720947265625
7,0.1875,-0.1552734375,1.5133056640625,4.5792236328125
6,0.1875,0.482666015625,1.15478515625,4.58026123046875
5,0.1875,-0.168701171875,1.00482177734375,4.588134765625
4,0.1875,0.17279052734375,1.49578857421875,4.58770751953125
3,0.1875,0.23773193359375,0.982177734375,4.5927734375
2,0.1875,-0.0791015625,1.2601318359375,4.5970458984375
1,0.1875,0.21246337890625,1.25054931640625,4.598876953125
8,0.19444444444444445,0.0928955078125,0.7430419921875,4.68084716796875
7,0.19444444444444445,-0.162109375,1.51397705078125,4.68292236328125
6,0.19444444444444445,0.4937744140625,1.1453857421875,4.68402099609375
5,0.19444444444444445,-0.1759033203125,0.99114990234375,4.692138671875
4,0.19444444444444445,0.1751708984375,1.4959716796875,4.691650390625
3,0.19444444444444445,0.241943359375,0.9678955078125,4.6968994140625
2,0.19444444444444445,-0.083740234375,1.25372314453125,4.7012939453125
1,0.19444444444444445,0.2159423828125,1.24383544921875,4.703125
8,0.2013888888888889,0.09307861328125,0.7225341796875,4.78192138671875
7,0.2013888888888889,-0.16876220703125,1.51397705078125,4.7840576171875
6,0.2013888888888889,0.50457763671875,1.13555908203125,4.78515625
5,0.2013888888888889,-0.182861328125,0.97723388671875,4.79345703125
4,0.2013888888888889,0.17755126953125,1.4954833984375,4.79296875
3,0.2013888888888889,0.24609375,0.953369140625,4.79833984375
2,0.2013888888888889,-0.08831787109375,1.24676513671875,4.8028564453125
1,0.2013888888888889,0.2193603515625,1.23663330078125,4.80474853515625
8,0.20833333333333334,0.09320068359375,0.70159912109375,4.882080078125
7,0.20833333333333334,-0.17535400390625,1.513427734375,4.88427734375
6,0.20833333333333334,0.5152587890625,1.12530517578125,4.8853759765625
5,0.20833333333333334,-0.1898193359375,0.962890625,4.8939208984375
4,0.20833333333333334,0.17987060546875,1.49444580078125,4.8934326171875
3,0.20833333333333334,0.2501220703125,0.93841552734375,4.89892578125
2,0.20833333333333334,-0.09283447265625,1.2393798828125,4.903564453125
1,0.20833333333333334,0.2227783203125,1.22894287109375,4.905517578125
8,0.21527777777777779,0.09332275390625,0.68017578125,4.98223876953125
7,0.21527777777777779,-0.18194580078125,1.5123291015625,4.9844970703125
6,0.21527777777777779,0.5260009765625,1.114501953125,4.98565673828125
5,0.21527777777777779,-0.19677734375,0.94805908203125,4.994384765625
4,0.21527777777777779,0.18218994140625,1.492919921875,4.993896484375
3,0.21527777777777779,0.25421142578125,0.92291259765625,4.99951171875
2,0.21527777777777779,-0.09735107421875,1.2314453125,5.0042724609375
1,0.21527777777777779,0.22613525390625,1.22076416015625,5.00628662109375
8,0.22222222222222221,0.093505859375,0.6583251953125,5.08245849609375
7,0.22222222222222221,-0.18853759765625,1.51080322265625,5.084716796875
6,0.22222222222222221,0.5367431640625,1.103271484375,5.0859375
5,0.22222222222222221,-0.2037353515625,0.9327392578125,5.0948486328125
4,0.22222222222222221,0.1844482421875,1.49090576171875,5.0943603515625
3,0.22222222222222221,0.25830078125,0.906982421875,5.10009765625
2,0.22222222222222221,-0.10186767578125,1.2230224609375,5.10498046875
1,0.22222222222222221,0.22955322265625,1.21209716796875,5.1070556640625
8,0.22916666666666666,0.0936279296875,0.635986328125,5.1826171875
7,0.22916666666666666,-0.19512939453125,1.50885009765625,5.1849365234375
6,0.22916666666666666,0.5474853515625,1.091552734375,5.1861572265625
5,0.22916666666666666,-0.210693359375,0.91693115234375,5.1953125
4,0.22916666666666666,0.186767578125,1.48846435546875,5.19482421875
3,0.22916666666666666,0.26239013671875,0.890625,5.20074462890625
2,0.22916666666666666,-0.10638427734375,1.21417236328125,5.2056884765625
1,0.22916666666666666,0.23297119140625,1.2030029296875,5.20782470703125
8,0.2361111111111111,0.09375,0.61322021484375,5.28277587890625
7,0.2361111111111111,-0.20172119140625,1.50640869140625,5.28515625
6,0.2361111111111111,0.55816650390625,1.07940673828125,5.28643798828125
5,0.2361111111111111,-0.2176513671875,0.90069580078125,5.29583740234375
4,0.2361111111111111,0.1890869140625,1.48553466796875,5.2952880859375
3,0.2361111111111111,0.2664794921875,0.87371826171875,5.30133056640625
2,0.2361111111111111,-0.11090087890625,1.20489501953125,5.306396484375
1,0.2361111111111111,0.236328125,1.19342041015625,5.30859375
8,0.24305555555555555,0.09393310546875,0.58990478515625,5.3829345703125
7,0.24305555555555555,-0.20831298828125,1.50347900390625,5.38543701171875
6,0.24305555555555555,0.56890869140625,1.06671142578125,5.38671875
5,0.24305555555555555,-0.224609375,0.88397216796875,5.39630126953125
4,0.24305555555555555,0.19140625,1.48211669921875,5.395751953125
3,0.24305555555555555,0.2705078125,0.85638427734375,5.40191650390625
2,0.24305555555555555,-0.11541748046875,1.195068359375,5.4071044921875
1,0.24305555555555555,0.23974609375,1.183349609375,5.40936279296875
8,0.25,0.09405517578125,0.566162109375,5.483154296875
7,0.25,-0.21490478515625,1.5001220703125,5.48565673828125
6,0.25,0.57965087890625,1.0535888671875,5.4869384765625
5,0.25,-0.2315673828125,0.8668212890625,5.49676513671875
4,0.25,0.1937255859375,1.478271484375,5.4962158203125
3,0.25,0.27459716796875,0.838623046875,5.50250244140625
2,0.25,-0.11993408203125,1.184814453125,5.50787353515625
1,0.25,0.24310302734375,1.1728515625,5.51007080078125
8,0.25694444444444442,0.09417724609375,0.54193115234375,5.58331298828125
7,0.25694444444444442,-0.22149658203125,1.49615478515625,5.58587646484375
6,0.25694444444444442,0.59033203125,1.03997802734375,5.58721923828125
5,0.25694444444444442,-0.238525390625,0.84906005859375,5.59722900390625
4,0.25694444444444442,0.196044921875,1.473876953125,5.5966796875
3,0.25694444444444442,0.2786865234375,0.82025146484375,5.60308837890625
2,0.25694444444444442,-0.12445068359375,1.174072265625,5.60858154296875
1,0.25694444444444442,0.24652099609375,1.16180419921875,5.61083984375
8,0.2638888888888889,0.0943603515625,0.5172119140625,5.6834716796875
7,0.2638888888888889,-0.22808837890625,1.4918212890625,5.68609619140625
6,0.2638888888888889,0.60107421875,1.02587890625,5.68743896484375
5,0.2638888888888889,-0.24542236328125,0.8309326171875,5.69769287109375
4,0.2638888888888889,0.1983642578125,1.46905517578125,5.6971435546875
3,0.2638888888888889,0.28277587890625,0.801513671875,5.7037353515625
2,0.2638888888888889,-0.12896728515625,1.162841796875,5.70928955078125
1,0.2638888888888889,0.2498779296875,1.15032958984375,5.71160888671875
8,0.27083333333333331,0.094482421875,0.49212646484375,5.78363037109375
7,0.27083333333333331,-0.234619140625,1.487060546875,5.78631591796875
6,0.27083333333333331,0.61181640625,1.01141357421875,5.7877197265625
5,0.27083333333333331,-0.25238037109375,0.8123779296875,5.79815673828125
4,0.27083333333333331,0.20068359375,1.46380615234375,5.797607421875
3,0.27083333333333331,0.286865234375,0.7823486328125,5.8043212890625
2,0.27083333333333331,-0.13348388671875,1.15118408203125,5.80999755859375
1,0.27083333333333331,0.2532958984375,1.138427734375,5.8123779296875
8,0.27777777777777779,0.0946044921875,0.4664306640625,5.88385009765625
7,0.27777777777777779,-0.2412109375,1.48175048828125,5.88653564453125
6,0.27777777777777779,0.62255859375,0.996337890625,5.88800048828125
5,0.27777777777777779,-0.25933837890625,0.793212890625,5.89862060546875
4,0.27777777777777779,0.2030029296875,1.4580078125,5.8980712890625
3,0.27777777777777779,0.29095458984375,0.7625732421875,5.9049072265625
2,0.27777777777777779,-0.13800048828125,1.13897705078125,5.91070556640625
1,0.27777777777777779,0.2567138671875,1.1259765625,5.91314697265625
8,0.28472222222222221,0.09478759765625,0.44036865234375,5.9840087890625
7,0.28472222222222221,-0.247802734375,1.47601318359375,5.98675537109375
6,0.28472222222222221,0.63323974609375,0.98089599609375,5.98822021484375
5,0.28472222222222221,-0.26629638671875,0.773681640625,5.99908447265625
4,0.28472222222222221,0.205322265625,1.4517822265625,5.99847412109375
3,0.28472222222222221,0.29498291015625,0.742431640625,6.0054931640625
2,0.28472222222222221,-0.14251708984375,1.12640380859375,6.01141357421875
1,0.28472222222222221,0.26007080078125,1.11309814453125,6.013916015625
8,0.29166666666666669,0.09490966796875,0.41375732421875,6.08416748046875
7,0.29166666666666669,-0.25439453125,1.46978759765625,6.0870361328125
6,0.29166666666666669,0.64398193359375,0.96490478515625,6.0885009765625
5,0.29166666666666669,-0.27325439453125,0.753662109375,6.099609375
4,0.29166666666666669,0.2076416015625,1.445068359375,6.09893798828125
3,0.29166666666666669,0.299072265625,0.7218017578125,6.1060791015625
2,0.29166666666666669,-0.1470947265625,1.11328125,6.11212158203125
1,0.29166666666666669,0.26348876953125,1.0997314453125,6.11468505859375
8,0.2986111111111111,0.0950927734375,0.38665771484375,6.184326171875
7,0.2986111111111111,-0.260986328125,1.4630126953125,6.187255859375
6,0.2986111111111111,0.65472412109375,0.94842529296875,6.18878173828125
5,0.2986111111111111,-0.28021240234375,0.733154296875,6.2000732421875
4,0.2986111111111111,0.2099609375,1.4378662109375,6.19940185546875
3,0.2986111111111111,0.30316162109375,0.70062255859375,6.2066650390625
2,0.2986111111111111,-0.151611328125,1.09967041015625,6.21282958984375
1,0.2986111111111111,0.266845703125,1.08587646484375,6.2154541015625
8,0.30555555555555558,0.09521484375,0.359130859375,6.2845458984375
7,0.30555555555555558,-0.267578125,1.455810546875,6.2874755859375
6,0.30555555555555558,0.6654052734375,0.9315185546875,6.28900146484375
5,0.30555555555555558,-0.28717041015625,0.71209716796875,6.300537109375
4,0.30555555555555558,0.2122802734375,1.43017578125,6.29986572265625
3,0.30555555555555558,0.3072509765625,0.67901611328125,6.30731201171875
2,0.30555555555555558,-0.1561279296875,1.0855712890625,6.31353759765625
1,0.30555555555555558,0.270263671875,1.071533203125,6.316162109375
8,0.3125,0.0953369140625,0.33111572265625,6.38470458984375
7,0.3125,-0.274169921875,1.44818115234375,6.3876953125
6,0.3125,0.6761474609375,0.91412353515625,6.3892822265625
5,0.3125,-0.29412841796875,0.690673828125,6.4010009765625
4,0.3125,0.214599609375,1.42205810546875,6.40032958984375
3,0.3125,0.31134033203125,0.656982421875,6.40789794921875
2,0.3125,-0.16064453125,1.07110595703125,6.41424560546875
1,0.3125,0.273681640625,1.0567626953125,6.41693115234375
8,0.31944444444444442,0.09552001953125,0.30267333984375,6.48486328125
7,0.31944444444444442,-0.28076171875,1.4400634765625,6.4879150390625
6,0.31944444444444442,0.6868896484375,0.89630126953125,6.489501953125
5,0.31944444444444442,-0.30108642578125,0.66876220703125,6.50146484375
4,0.31944444444444442,0.2169189453125,1.4134521484375,6.50079345703125
3,0.31944444444444442,0.31536865234375,0.6343994140625,6.50848388671875
2,0.31944444444444442,-0.1651611328125,1.05609130859375,6.51495361328125
1,0.31944444444444442,0.27703857421875,1.04150390625,6.5177001953125
8,0.3263888888888889,0.09564208984375,0.27374267578125,6.58502197265625
7,0.3263888888888889,-0.287353515625,1.4315185546875,6.588134765625
6,0.3263888888888889,0.6976318359375,0.87799072265625,6.58978271484375
5,0.3263888888888889,-0.3079833984375,0.64642333984375,6.6019287109375
4,0.3263888888888889,0.21923828125,1.40447998046875,6.60125732421875
3,0.3263888888888889,0.3194580078125,0.6114501953125,6.60906982421875
2,0.3263888888888889,-0.169677734375,1.0406494140625,6.61566162109375
1,0.3263888888888889,0.28045654296875,1.02581787109375,6.61846923828125
8,0.33333333333333331,0.09576416015625,0.2442626953125,6.68524169921875
7,0.33333333333333331,-0.2939453125,1.42242431640625,6.6883544921875
6,0.33333333333333331,0.70831298828125,0.85919189453125,6.6900634765625
5,0.33333333333333331,-0.31494140625,0.62347412109375,6.702392578125
4,0.33333333333333331,0.2215576171875,1.3948974609375,6.70172119140625
3,0.33333333333333331,0.32354736328125,0.58795166015625,6.70965576171875
2,0.33333333333333331,-0.1741943359375,1.02471923828125,6.71636962890625
1,0.33333333333333331,0.2838134765625,1.00958251953125,6.71923828125
8,0.34027777777777779,0.095947265625,0.21441650390625,6.785400390625
7,0.34027777777777779,-0.300537109375,1.412841796875,6.78863525390625
6,0.34027777777777779,0.71905517578125,0.83990478515625,6.790283203125
5,0.34027777777777779,-0.3218994140625,0.60015869140625,6.8028564453125
4,0.34027777777777779,0.22381591796875,1.3848876953125,6.80218505859375
3,0.34027777777777779,0.32763671875,0.56396484375,6.81024169921875
2,0.34027777777777779,-0.1787109375,1.00830078125,6.817138671875
1,0.34027777777777779,0.2872314453125,0.992919921875,6.82000732421875
8,0.34722222222222221,0.0960693359375,0.18402099609375,6.88555908203125
7,0.34722222222222221,-0.30712890625,1.40283203125,6.88885498046875
6,0.34722222222222221,0.72979736328125,0.82012939453125,6.89056396484375
5,0.34722222222222221,-0.328857421875,0.57635498046875,6.9033203125
4,0.34722222222222221,0.22613525390625,1.3743896484375,6.90264892578125
3,0.34722222222222221,0.33172607421875,0.53955078125,6.910888671875
2,0.34722222222222221,-0.1832275390625,0.99139404296875,6.9178466796875
1,0.34722222222222221,0.29058837890625,0.97576904296875,6.9207763671875
8,0.35416666666666669,0.09619140625,0.1531982421875,6.9857177734375
7,0.35416666666666669,-0.313720703125,1.392333984375,6.98907470703125
6,0.35416666666666669,0.74053955078125,0.7999267578125,6.99078369140625
5,0.35416666666666669,-0.3358154296875,0.55206298828125,7.00384521484375
4,0.35416666666666669,0.22845458984375,1.3634033203125,7.00311279296875
3,0.35416666666666669,0.3358154296875,0.5146484375,7.011474609375
2,0.35416666666666669,-0.187744140625,0.9739990234375,7.0185546875
1,0.35416666666666669,0.29400634765625,0.9581298828125,7.02154541015625
8,0.3611111111111111,0.09637451171875,0.12188720703125,7.0859375
7,0.3611111111111111,-0.3203125,1.38140869140625,7.08929443359375
6,0.3611111111111111,0.751220703125,0.77923583984375,7.091064453125
5,0.3611111111111111,-0.3427734375,0.52728271484375,7.10430908203125
4,0.3611111111111111,0.23077392578125,1.35198974609375,7.10357666015625
3,0.3611111111111111,0.33984375,0.4892578125,7.112060546875
2,0.3611111111111111,-0.1922607421875,0.95623779296875,7.1192626953125
1,0.3611111111111111,0.29742431640625,0.9400634765625,7.122314453125
8,0.36805555555555558,0.09649658203125,0.090087890625,7.18609619140625
7,0.36805555555555558,-0.326904296875,1.3699951171875,7.18951416015625
6,0.36805555555555558,0.761962890625,0.75811767578125,7.19134521484375
5,0.36805555555555558,-0.3497314453125,0.5020751953125,7.20477294921875
4,0.36805555555555558,0.23309326171875,1.340087890625,7.20404052734375
3,0.36805555555555558,0.34393310546875,0.46343994140625,7.212646484375
2,0.36805555555555558,-0.19677734375,0.93792724609375,7.219970703125
1,0.36805555555555558,0.30078125,0.9215087890625,7.2230224609375
8,0.375,0.09661865234375,0.057861328125,7.2862548828125
7,0.375,-0.33349609375,1.35809326171875,7.28973388671875
6,0.375,0.772705078125,0.7364501953125,7.29156494140625
5,0.375,-0.356689453125,0.47637939453125,7.30523681640625
4,0.375,0.23541259765625,1.32769775390625,7.304443359375
3,0.375,0.3480224609375,0.4371337890625,7.313232421875
2,0.375,-0.2012939453125,0.91912841796875,7.3206787109375
1,0.375,0.30419921875,0.9024658203125,7.32379150390625
8,0.38194444444444442,0.0968017578125,0.02508544921875,7.38641357421875
7,0.38194444444444442,-0.340087890625,1.34564208984375,7.3900146484375
6,0.38194444444444442,0.78338623046875,0.71435546875,7.391845703125
5,0.38194444444444442,-0.3636474609375,0.45013427734375,7.40570068359375
4,0.38194444444444442,0.23773193359375,1.3148193359375,7.4049072265625
3,0.38194444444444442,0.35211181640625,0.4102783203125,7.413818359375
2,0.38194444444444442,-0.205810546875,0.89990234375,7.42138671875
1,0.38194444444444442,0.30755615234375,0.8829345703125,7.424560546875
8,0.38195979104914557,0.0968017578125,0,7.38665771484375
7,0.3888888888888889,-0.3466796875,1.33282470703125,7.490234375
6,0.3888888888888889,0.79412841796875,0.6917724609375,7.49212646484375
5,0.3888888888888889,-0.37054443359375,0.42352294921875,7.50616455078125
4,0.3888888888888889,0.24005126953125,1.301513671875,7.50537109375
3,0.3888888888888889,0.356201171875,0.383056640625,7.51446533203125
2,0.3888888888888889,-0.2103271484375,0.88018798828125,7.5220947265625
1,0.3888888888888889,0.31097412109375,0.86297607421875,7.52532958984375
7,0.39583333333333331,-0.35321044921875,1.3194580078125,7.5904541015625
6,0.39583333333333331,0.80487060546875,0.66864013671875,7.59234619140625
5,0.39583333333333331,-0.37750244140625,0.3963623046875,7.60662841796875
4,0.39583333333333331,0.24237060546875,1.28765869140625,7.6058349609375
3,0.39583333333333331,0.3602294921875,0.35528564453125,7.61505126953125
2,0.39583333333333331,-0.21484375,0.85992431640625,7.622802734375
1,0.39583333333333331,0.3143310546875,0.84246826171875,7.6260986328125
9,0,0.08746337890625,1.25909423828125,0.88604736328125
10,0,0.08746337890625,1.25909423828125,0.88604736328125
11,0,0.08746337890625,1.25909423828125,0.88604736328125
12,0,0.08746337890625,1.25909423828125,0.88604736328125
13,0,0.08746337890625,1.25909423828125,0.88604736328125
14,0,0.08746337890625,1.25909423828125,0.88604736328125
15,0,0.08746337890625,1.25909423828125,0.88604736328125
16,0,0.08746337890625,1.25909423828125,0.88604736328125
16,0.0027777777777777679,0.08892822265625,1.252197265625,0.94677734375
15,0.0027777777777777679,0.08258056640625,1.2635498046875,0.94677734375
14,0.0027777777777777679,0.093994140625,1.25970458984375,0.94677734375
13,0.0027777777777777679,0.08392333984375,1.25531005859375,0.94696044921875
12,0.0027777777777777679,0.08795166015625,1.2642822265625,0.94696044921875
11,0.0027777777777777679,0.090576171875,1.25616455078125,0.947021484375
10,0.0027777777777777679,0.0845947265625,1.25970458984375,0.94708251953125
9,0.0027777777777777679,0.08935546875,1.26043701171875,0.9471435546875
7,0.40277777777777779,-0.35980224609375,1.30572509765625,7.690673828125
6,0.40277777777777779,0.81561279296875,0.64520263671875,7.692626953125
5,0.40277777777777779,-0.38446044921875,0.36883544921875,7.70709228515625
4,0.40277777777777779,0.24468994140625,1.2734375,7.706298828125
3,0.40277777777777779,0.36431884765625,0.32708740234375,7.71563720703125
2,0.40277777777777779,-0.2193603515625,0.83929443359375,7.7235107421875
1,0.40277777777777779,0.3177490234375,0.82159423828125,7.72686767578125
16,0.0097222222222221877,0.092529296875,1.23492431640625,1.0985107421875
15,0.0097222222222221877,0.07037353515625,1.274658203125,1.09869384765625
14,0.0097222222222221877,0.1103515625,1.26129150390625,1.09869384765625
13,0.0097222222222221877,0.07513427734375,1.24578857421875,1.09918212890625
12,0.0097222222222221877,0.08917236328125,1.2772216796875,1.09918212890625
11,0.0097222222222221877,0.09832763671875,1.2489013671875,1.09942626953125
10,0.0097222222222221877,0.07745361328125,1.26116943359375,1.09967041015625
9,0.0097222222222221877,0.09405517578125,1.2637939453125,1.09979248046875
7,0.40972222222222221,-0.36639404296875,1.29144287109375,7.7908935546875
6,0.40972222222222221,0.8262939453125,0.62115478515625,7.7928466796875
5,0.40972222222222221,-0.39141845703125,0.3406982421875,7.8076171875
4,0.40972222222222221,0.24700927734375,1.2586669921875,7.8067626953125
3,0.40972222222222221,0.368408203125,0.29840087890625,7.81622314453125
2,0.40972222222222221,-0.223876953125,0.81817626953125,7.82421875
1,0.40972222222222221,0.3211669921875,0.8001708984375,7.82763671875
16,0.016666666666666663,0.09613037109375,1.21771240234375,1.250244140625
15,0.016666666666666663,0.0582275390625,1.28582763671875,1.25054931640625
14,0.016666666666666663,0.126708984375,1.2628173828125,1.2506103515625
13,0.016666666666666663,0.0662841796875,1.23626708984375,1.25140380859375
12,0.016666666666666663,0.09033203125,1.2901611328125,1.25140380859375
11,0.016666666666666663,0.10614013671875,1.2415771484375,1.2518310546875
10,0.016666666666666663,0.07025146484375,1.2626953125,1.2523193359375
9,0.016666666666666663,0.09869384765625,1.26715087890625,1.25244140625
7,0.41666666666666669,-0.37298583984375,1.2767333984375,7.89111328125
6,0.41666666666666669,0.8370361328125,0.59674072265625,7.89312744140625
5,0.41666666666666669,-0.39837646484375,0.31219482421875,7.9080810546875
4,0.41666666666666669,0.24932861328125,1.24346923828125,7.9072265625
3,0.41666666666666669,0.37249755859375,0.269287109375,7.91680908203125
2,0.41666666666666669,-0.2283935546875,0.79656982421875,7.9249267578125
1,0.41666666666666669,0.32452392578125,0.7783203125,7.92840576171875
16,0.023611111111111083,0.0997314453125,1.200439453125,1.40203857421875
15,0.023611111111111083,0.0460205078125,1.29693603515625,1.4024658203125
14,0.023611111111111083,0.14300537109375,1.264404296875,1.4024658203125
13,0.023611111111111083,0.0574951171875,1.22674560546875,1.40362548828125
12,0.023611111111111083,0.091552734375,1.3031005859375,1.40362548828125
11,0.023611111111111083,0.1138916015625,1.2342529296875,1.40423583984375
10,0.023611111111111083,0.0631103515625,1.26416015625,1.4049072265625
9,0.023611111111111083,0.1033935546875,1.27044677734375,1.4051513671875
7,0.4236111111111111,-0.37957763671875,1.26141357421875,7.9913330078125
6,0.4236111111111111,0.8477783203125,0.57171630859375,7.993408203125
5,0.4236111111111111,-0.40533447265625,0.28314208984375,8.008544921875
4,0.4236111111111111,0.25164794921875,1.22772216796875,8.0076904296875
3,0.4236111111111111,0.3765869140625,0.23956298828125,8.01739501953125
2,0.4236111111111111,-0.23297119140625,0.7744140625,8.025634765625
1,0.4236111111111111,0.32794189453125,0.75592041015625,8.02911376953125
16,0.030555555555555558,0.10333251953125,1.1832275390625,1.55377197265625
15,0.030555555555555558,0.0338134765625,1.30810546875,1.5543212890625
14,0.030555555555555558,0.15936279296875,1.26593017578125,1.55438232421875
13,0.030555555555555558,0.04864501953125,1.21722412109375,1.55584716796875
12,0.030555555555555558,0.0927734375,1.3160400390625,1.55584716796875
11,0.030555555555555558,0.1217041015625,1.22698974609375,1.556640625
10,0.030555555555555558,0.05596923828125,1.26568603515625,1.5574951171875
9,0.030555555555555558,0.10809326171875,1.2738037109375,1.55780029296875
7,0.43055555555555558,-0.38616943359375,1.24578857421875,8.09161376953125
6,0.43055555555555558,0.85845947265625,0.54638671875,8.0936279296875
5,0.43055555555555558,-0.41229248046875,0.25372314453125,8.1090087890625
4,0.43055555555555558,0.25396728515625,1.21160888671875,8.108154296875
3,0.43055555555555558,0.380615234375,0.20953369140625,8.1180419921875
2,0.43055555555555558,-0.23748779296875,0.75189208984375,8.12640380859375
1,0.43055555555555558,0.331298828125,0.733154296875,8.1298828125
16,0.037499999999999978,0.10693359375,1.16595458984375,1.70556640625
15,0.037499999999999978,0.02166748046875,1.3192138671875,1.70623779296875
14,0.037499999999999978,0.17572021484375,1.26751708984375,1.706298828125
13,0.037499999999999978,0.03985595703125,1.207763671875,1.70806884765625
12,0.037499999999999978,0.09393310546875,1.32904052734375,1.70806884765625
11,0.037499999999999978,0.12945556640625,1.21966552734375,1.70904541015625
10,0.037499999999999978,0.048828125,1.26715087890625,1.7100830078125
9,0.037499999999999978,0.11279296875,1.27716064453125,1.71044921875
7,0.4375,-0.39276123046875,1.2296142578125,8.19183349609375
6,0.4375,0.86920166015625,0.52044677734375,8.19390869140625
5,0.4375,-0.41925048828125,0.22369384765625,8.20947265625
4,0.4375,0.25628662109375,1.1949462890625,8.2086181640625
3,0.4375,0.38470458984375,0.178955078125,8.2186279296875
2,0.4375,-0.24200439453125,0.7288818359375,8.22711181640625
1,0.4375,0.334716796875,0.7098388671875,8.23065185546875
16,0.0444444444444444,0.11053466796875,1.148681640625,1.8572998046875
15,0.0444444444444444,0.00946044921875,1.330322265625,1.85809326171875
14,0.0444444444444444,0.1920166015625,1.26904296875,1.858154296875
13,0.0444444444444444,0.03106689453125,1.1982421875,1.86029052734375
12,0.0444444444444444,0.09515380859375,1.34197998046875,1.86029052734375
11,0.0444444444444444,0.13720703125,1.21240234375,1.8614501953125
10,0.0444444444444444,0.0416259765625,1.2686767578125,1.86273193359375
9,0.0444444444444444,0.11749267578125,1.280517578125,1.8631591796875
7,0.44444444444444442,-0.39935302734375,1.2130126953125,8.29205322265625
6,0.44444444444444442,0.87994384765625,0.49407958984375,8.294189453125
5,0.44444444444444442,-0.42620849609375,0.19329833984375,8.3099365234375
4,0.44444444444444442,0.25860595703125,1.1778564453125,8.30908203125
3,0.44444444444444442,0.3887939453125,0.14788818359375,8.3192138671875
2,0.44444444444444442,-0.24652099609375,0.70538330078125,8.32781982421875
1,0.44444444444444442,0.33807373046875,0.68609619140625,8.3314208984375
16,0.051388888888888873,0.1141357421875,1.1314697265625,2.009033203125
15,0.051388888888888873,-0.00274658203125,1.34149169921875,2.010009765625
14,0.051388888888888873,0.2083740234375,1.2706298828125,2.01007080078125
13,0.051388888888888873,0.022216796875,1.188720703125,2.01251220703125
12,0.051388888888888873,0.09637451171875,1.35491943359375,2.01251220703125
11,0.051388888888888873,0.14501953125,1.205078125,2.01385498046875
10,0.051388888888888873,0.03448486328125,1.2701416015625,2.01531982421875
9,0.051388888888888873,0.1221923828125,1.28387451171875,2.01580810546875
7,0.4513888888888889,-0.40594482421875,1.19586181640625,8.39227294921875
6,0.4513888888888889,0.89068603515625,0.46722412109375,8.3944091796875
5,0.4513888888888889,-0.43316650390625,0.162353515625,8.410400390625
4,0.4513888888888889,0.26092529296875,1.16021728515625,8.4095458984375
3,0.4513888888888889,0.39288330078125,0.1163330078125,8.4197998046875
2,0.4513888888888889,-0.25103759765625,0.68133544921875,8.42852783203125
1,0.4513888888888889,0.34149169921875,0.66180419921875,8.43218994140625
16,0.058333333333333293,0.11773681640625,1.11419677734375,2.16082763671875
15,0.058333333333333293,-0.014892578125,1.35260009765625,2.161865234375
14,0.058333333333333293,0.2247314453125,1.27215576171875,2.16192626953125
13,0.058333333333333293,0.013427734375,1.17919921875,2.16473388671875
12,0.058333333333333293,0.0975341796875,1.36785888671875,2.16473388671875
11,0.058333333333333293,0.15277099609375,1.19775390625,2.166259765625
10,0.058333333333333293,0.02734375,1.27166748046875,2.16790771484375
9,0.058333333333333293,0.1268310546875,1.2872314453125,2.16845703125
7,0.45833333333333331,-0.41253662109375,1.1783447265625,8.49249267578125
6,0.45833333333333331,0.9013671875,0.43994140625,8.49468994140625
5,0.45833333333333331,-0.4400634765625,0.13104248046875,8.5108642578125
4,0.45833333333333331,0.26324462890625,1.1422119140625,8.510009765625
3,0.45833333333333331,0.39697265625,0.08441162109375,8.5203857421875
2,0.45833333333333331,-0.25555419921875,0.656982421875,8.52923583984375
1,0.45833333333333331,0.34490966796875,0.63714599609375,8.532958984375
16,0.065277777777777768,0.121337890625,1.096923828125,2.31256103515625
15,0.065277777777777768,-0.027099609375,1.36376953125,2.31378173828125
14,0.065277777777777768,0.2410888671875,1.27374267578125,2.3138427734375
13,0.065277777777777768,0.00457763671875,1.169677734375,2.31695556640625
12,0.065277777777777768,0.0987548828125,1.38079833984375,2.31695556640625
11,0.065277777777777768,0.1605224609375,1.19049072265625,2.31866455078125
10,0.065277777777777768,0.0201416015625,1.27313232421875,2.32049560546875
9,0.065277777777777768,0.13153076171875,1.29052734375,2.3211669921875
7,0.46527777777777779,-0.41912841796875,1.16021728515625,8.59271240234375
6,0.46527777777777779,0.912109375,0.41217041015625,8.59490966796875
5,0.46527777777777779,-0.447021484375,0.09912109375,8.61138916015625
4,0.46527777777777779,0.2655029296875,1.1236572265625,8.61041259765625
3,0.46527777777777779,0.40106201171875,0.0518798828125,8.62103271484375
2,0.46527777777777779,-0.26007080078125,0.63201904296875,8.62994384765625
1,0.46527777777777779,0.3482666015625,0.6119384765625,8.63372802734375
16,0.072222222222222188,0.1248779296875,1.07965087890625,2.4635009765625
15,0.072222222222222188,-0.0391845703125,1.37469482421875,2.46478271484375
14,0.072222222222222188,0.25732421875,1.275146484375,2.46490478515625
13,0.072222222222222188,-0.004150390625,1.16009521484375,2.46832275390625
12,0.072222222222222188,0.0999755859375,1.3935546875,2.46832275390625
11,0.072222222222222188,0.16827392578125,1.18310546875,2.47021484375
10,0.072222222222222188,0.0130615234375,1.27447509765625,2.47222900390625
9,0.072222222222222188,0.13623046875,1.29376220703125,2.47296142578125
7,0.47222222222222221,-0.42572021484375,1.1417236328125,8.69293212890625
6,0.47222222222222221,0.9228515625,0.3839111328125,8.6951904296875
5,0.47222222222222221,-0.4539794921875,0.06683349609375,8.71185302734375
4,0.47222222222222221,0.267822265625,1.10467529296875,8.71087646484375
3,0.47094928824573351,0.40435791015625,0,8.70318603515625
2,0.47222222222222221,-0.26458740234375,0.60662841796875,8.73065185546875
1,0.47222222222222221,0.3516845703125,0.5863037109375,8.7344970703125
16,0.079166666666666663,0.12841796875,1.0621337890625,2.61175537109375
15,0.079166666666666663,-0.05108642578125,1.3848876953125,2.6131591796875
14,0.079166666666666663,0.27325439453125,1.2760009765625,2.61328125
13,0.079166666666666663,-0.01275634765625,1.150146484375,2.6170654296875
12,0.079166666666666663,0.10113525390625,1.405517578125,2.61700439453125
11,0.079166666666666663,0.1759033203125,1.17529296875,2.61907958984375
10,0.079166666666666663,0.00604248046875,1.2752685546875,2.621337890625
9,0.079166666666666663,0.14080810546875,1.29638671875,2.6220703125
7,0.47916666666666669,-0.43231201171875,1.12274169921875,8.793212890625
6,0.47916666666666669,0.93353271484375,0.355224609375,8.79547119140625
5,0.47916666666666669,-0.4609375,0.0340576171875,8.81231689453125
4,0.47916666666666669,0.2701416015625,1.085205078125,8.81134033203125
2,0.47916666666666669,-0.26910400390625,0.58074951171875,8.83135986328125
1,0.47916666666666669,0.35504150390625,0.5601806640625,8.835205078125
16,0.086111111111111083,0.1318359375,1.0445556640625,2.75732421875
15,0.086111111111111083,-0.06280517578125,1.39453125,2.75885009765625
14,0.086111111111111083,0.2889404296875,1.2764892578125,2.75897216796875
13,0.086111111111111083,-0.021240234375,1.1400146484375,2.7630615234375
12,0.086111111111111083,0.102294921875,1.41693115234375,2.7630615234375
11,0.086111111111111083,0.183349609375,1.167236328125,2.76531982421875
10,0.086111111111111083,-0.00079345703125,1.27569580078125,2.7677001953125
9,0.086111111111111083,0.145263671875,1.29852294921875,2.7685546875
7,0.4861111111111111,-0.43890380859375,1.103271484375,8.8934326171875
6,0.4861111111111111,0.94427490234375,0.32598876953125,8.89569091796875
5,0.48105158701937867,-0.46282958984375,0,8.839599609375
4,0.4861111111111111,0.2724609375,1.0653076171875,8.91180419921875
2,0.4861111111111111,-0.27362060546875,0.554443359375,8.93206787109375
1,0.4861111111111111,0.35845947265625,0.5335693359375,8.93597412109375
16,0.093055555555555558,0.13525390625,1.0267333984375,2.90020751953125
15,0.093055555555555558,-0.07427978515625,1.4034423828125,2.90185546875
14,0.093055555555555558,0.3043212890625,1.2763671875,2.9019775390625
13,0.093055555555555558,-0.029541015625,1.12945556640625,2.90643310546875
12,0.093055555555555558,0.1033935546875,1.42755126953125,2.9063720703125
11,0.093055555555555558,0.190673828125,1.1588134765625,2.9088134765625
10,0.093055555555555558,-0.007568359375,1.2755126953125,2.91143798828125
9,0.093055555555555558,0.14971923828125,1.30010986328125,2.91229248046875
7,0.49305555555555558,-0.44549560546875,1.08331298828125,8.99365234375
6,0.49305555555555558,0.95501708984375,0.2962646484375,8.9959716796875
4,0.49305555555555558,0.2747802734375,1.04486083984375,9.01226806640625
2,0.49305555555555558,-0.27813720703125,0.527587890625,9.03277587890625
1,0.49305555555555558,0.36181640625,0.5064697265625,9.0367431640625
16,0.099999999999999978,0.13861083984375,1.0087890625,3.0404052734375
15,0.099999999999999978,-0.08551025390625,1.41168212890625,3.04217529296875
14,0.099999999999999978,0.31939697265625,1.27581787109375,3.04229736328125
13,0.099999999999999978,-0.03765869140625,1.11865234375,3.04705810546875
12,0.099999999999999978,0.1044921875,1.4375,3.0469970703125
11,0.099999999999999978,0.19781494140625,1.1500244140625,3.049560546875
10,0.099999999999999978,-0.01416015625,1.27484130859375,3.0523681640625
9,0.099999999999999978,0.154052734375,1.3011474609375,3.0533447265625
7,0.5,-0.45208740234375,1.06292724609375,9.0938720703125
6,0.5,0.96575927734375,0.26617431640625,9.09619140625
4,0.5,0.277099609375,1.02398681640625,9.11273193359375
2,0.5,-0.28265380859375,0.50030517578125,9.13348388671875
1,0.5,0.365234375,0.47894287109375,9.13751220703125
16,0.1069444444444444,0.141845703125,0.99066162109375,3.17791748046875
15,0.1069444444444444,-0.0965576171875,1.4193115234375,3.1798095703125
14,0.1069444444444444,0.334228515625,1.27471923828125,3.17999267578125
13,0.1069444444444444,-0.045654296875,1.1075439453125,3.18499755859375
12,0.1069444444444444,0.1055908203125,1.44671630859375,3.1849365234375
11,0.1069444444444444,0.20489501953125,1.14093017578125,3.18768310546875
10,0.1069444444444444,-0.02069091796875,1.273681640625,3.190673828125
9,0.1069444444444444,0.15826416015625,1.30169677734375,3.191650390625
7,0.50694444444444442,-0.45867919921875,1.0419921875,9.194091796875
6,0.50694444444444442,0.9764404296875,0.23553466796875,9.19647216796875
4,0.50694444444444442,0.2794189453125,1.00262451171875,9.21319580078125
2,0.50694444444444442,-0.28717041015625,0.47259521484375,9.23419189453125
1,0.50694444444444442,0.36865234375,0.450927734375,9.23828125
16,0.11388888888888882,0.14501953125,0.97235107421875,3.312744140625
15,0.11388888888888882,-0.107421875,1.42620849609375,3.31475830078125
14,0.11388888888888882,0.3487548828125,1.2730712890625,3.31494140625
13,0.11388888888888882,-0.05352783203125,1.0960693359375,3.32025146484375
12,0.11388888888888882,0.106689453125,1.4552001953125,3.3201904296875
11,0.11388888888888882,0.2117919921875,1.1314697265625,3.3231201171875
10,0.11388888888888882,-0.02703857421875,1.27203369140625,3.32623291015625
9,0.11388888888888882,0.1624755859375,1.30169677734375,3.32733154296875
7,0.51388888888888884,-0.46527099609375,1.0206298828125,9.2943115234375
6,0.51388888888888884,0.9871826171875,0.2044677734375,9.2967529296875
4,0.51388888888888884,0.28173828125,0.98077392578125,9.31365966796875
2,0.51388888888888884,-0.29168701171875,0.4443359375,9.33489990234375
1,0.51388888888888884,0.37200927734375,0.42242431640625,9.33905029296875
16,0.12083333333333335,0.148193359375,0.953857421875,3.44488525390625
15,0.12083333333333335,-0.1180419921875,1.43243408203125,3.447021484375
14,0.12083333333333335,0.36297607421875,1.27099609375,3.4471435546875
13,0.12083333333333335,-0.0611572265625,1.0843505859375,3.4527587890625
12,0.12083333333333335,0.10772705078125,1.4630126953125,3.4527587890625
11,0.12083333333333335,0.21856689453125,1.12158203125,3.455810546875
10,0.12083333333333335,-0.03326416015625,1.2698974609375,3.4591064453125
9,0.12083333333333335,0.16656494140625,1.3011474609375,3.46026611328125
7,0.52083333333333337,-0.4718017578125,0.99884033203125,9.39453125
6,0.52083333333333337,0.9979248046875,0.17291259765625,9.39697265625
4,0.52083333333333337,0.2840576171875,0.95849609375,9.41412353515625
2,0.52083333333333337,-0.29620361328125,0.4156494140625,9.4356689453125
1,0.52083333333333337,0.37542724609375,0.39349365234375,9.4398193359375
16,0.12777777777777777,0.1512451171875,0.93524169921875,3.5743408203125
15,0.12777777777777777,-0.12841796875,1.43798828125,3.5765380859375
14,0.12777777777777777,0.37689208984375,1.26837158203125,3.57672119140625
13,0.12777777777777777,-0.0687255859375,1.07232666015625,3.5826416015625
12,0.12777777777777777,0.1087646484375,1.47015380859375,3.58258056640625
11,0.12777777777777777,0.2252197265625,1.1114501953125,3.5858154296875
10,0.12777777777777777,-0.03936767578125,1.2672119140625,3.58929443359375
9,0.12777777777777777,0.1705322265625,1.300048828125,3.5904541015625
7,0.52777777777777779,-0.4783935546875,0.97650146484375,9.49481201171875
6,0.52777777777777779,1.00860595703125,0.140869140625,9.49725341796875
4,0.52777777777777779,0.286376953125,0.9356689453125,9.51458740234375
2,0.52777777777777779,-0.30072021484375,0.38641357421875,9.536376953125
1,0.52777777777777779,0.3787841796875,0.364013671875,9.54058837890625
16,0.13472222222222219,0.15423583984375,0.91644287109375,3.70111083984375
15,0.13472222222222219,-0.13861083984375,1.44287109375,3.70343017578125
14,0.13472222222222219,0.39056396484375,1.26531982421875,3.70361328125
13,0.13472222222222219,-0.0760498046875,1.05999755859375,3.70977783203125
12,0.13472222222222219,0.1097412109375,1.4765625,3.709716796875
11,0.13472222222222219,0.231689453125,1.10101318359375,3.713134765625
10,0.13472222222222219,-0.04534912109375,1.26409912109375,3.716796875
9,0.13472222222222219,0.1744384765625,1.2984619140625,3.718017578125
7,0.53472222222222221,-0.4849853515625,0.9537353515625,9.59503173828125
6,0.53472222222222221,1.01934814453125,0.10833740234375,9.5975341796875
4,0.53472222222222221,0.2886962890625,0.91241455078125,9.61505126953125
2,0.53472222222222221,-0.30523681640625,0.3568115234375,9.6370849609375
1,0.53472222222222221,0.3822021484375,0.3341064453125,9.641357421875
16,0.14166666666666661,0.1572265625,0.8974609375,3.8251953125
15,0.14166666666666661,-0.1485595703125,1.4471435546875,3.82763671875
14,0.14166666666666661,0.4039306640625,1.26171875,3.82781982421875
13,0.14166666666666661,-0.083251953125,1.04730224609375,3.834228515625
12,0.14166666666666661,0.1107177734375,1.4822998046875,3.83416748046875
11,0.14166666666666661,0.238037109375,1.09014892578125,3.83770751953125
10,0.14166666666666661,-0.05120849609375,1.26043701171875,3.841552734375
9,0.14166666666666661,0.17828369140625,1.29632568359375,3.84283447265625
7,0.54166666666666663,-0.4915771484375,0.93048095703125,9.69525146484375
6,0.54166666666666663,1.03009033203125,0.0753173828125,9.69775390625
4,0.54166666666666663,0.291015625,0.888671875,9.71551513671875
2,0.54166666666666663,-0.30975341796875,0.32666015625,9.73779296875
1,0.54166666666666663,0.38555908203125,0.3037109375,9.7420654296875
16,0.14861111111111114,0.16009521484375,0.87835693359375,3.94659423828125
15,0.14861111111111114,-0.1583251953125,1.45074462890625,3.9490966796875
14,0.14861111111111114,0.4169921875,1.25762939453125,3.94927978515625
13,0.14861111111111114,-0.09033203125,1.034423828125,3.95599365234375
12,0.14861111111111114,0.1116943359375,1.4873046875,3.9559326171875
11,0.14861111111111114,0.2442626953125,1.0789794921875,3.9595947265625
10,0.14861111111111114,-0.05694580078125,1.25628662109375,3.963623046875
9,0.14861111111111114,0.18206787109375,1.293701171875,3.9649658203125
7,0.54861111111111116,-0.4981689453125,0.90673828125,9.79547119140625
6,0.54861111111111116,1.04083251953125,0.04193115234375,9.79803466796875
4,0.54861111111111116,0.2933349609375,0.864501953125,9.81597900390625
2,0.54861111111111116,-0.31427001953125,0.29608154296875,9.8385009765625
1,0.54861111111111116,0.38897705078125,0.27288818359375,9.84283447265625
16,0.15555555555555556,0.16290283203125,0.85906982421875,4.0653076171875
15,0.15555555555555556,-0.1678466796875,1.45361328125,4.06793212890625
14,0.15555555555555556,0.42974853515625,1.2530517578125,4.068115234375
13,0.15555555555555556,-0.09722900390625,1.02117919921875,4.0750732421875
12,0.15555555555555556,0.11260986328125,1.49163818359375,4.07501220703125
11,0.15555555555555556,0.2503662109375,1.0675048828125,4.078857421875
10,0.15555555555555556,-0.06256103515625,1.251708984375,4.08294677734375
9,0.15555555555555556,0.18572998046875,1.29052734375,4.0843505859375
7,0.55555555555555558,-0.5047607421875,0.882568359375,9.89569091796875
6,0.55207334115473083,1.046142578125,0,9.8480224609375
4,0.55555555555555558,0.295654296875,0.83984375,9.9163818359375
2,0.55555555555555558,-0.31878662109375,0.2650146484375,9.939208984375
1,0.55555555555555558,0.39239501953125,0.2415771484375,9.943603515625
16,0.16249999999999998,0.1656494140625,0.839599609375,4.1812744140625
15,0.16249999999999998,-0.1771240234375,1.45587158203125,4.18402099609375
14,0.16249999999999998,0.4422607421875,1.2479248046875,4.1842041015625
13,0.16249999999999998,-0.10394287109375,1.00762939453125,4.19146728515625
12,0.16249999999999998,0.113525390625,1.49530029296875,4.19140625
11,0.16249999999999998,0.25628662109375,1.05560302734375,4.19537353515625
10,0.16249999999999998,-0.0679931640625,1.24652099609375,4.19964599609375
9,0.16249999999999998,0.18927001953125,1.28680419921875,4.2010498046875
7,0.5625,-0.5113525390625,0.85791015625,9.99591064453125
4,0.5625,0.2979736328125,0.814697265625,10.016845703125
2,0.5625,-0.3233642578125,0.2335205078125,10.0399169921875
1,0.5625,0.395751953125,0.20977783203125,10.04437255859375
16,0.1694444444444444,0.1683349609375,0.81988525390625,4.29461669921875
15,0.1694444444444444,-0.186279296875,1.4573974609375,4.29742431640625
14,0.1694444444444444,0.4544677734375,1.24237060546875,4.29766845703125
13,0.1694444444444444,-0.11053466796875,0.99371337890625,4.30511474609375
12,0.1694444444444444,0.11444091796875,1.4981689453125,4.3050537109375
11,0.1694444444444444,0.2620849609375,1.04339599609375,4.30914306640625
10,0.1694444444444444,-0.0733642578125,1.24090576171875,4.3135986328125
9,0.1694444444444444,0.19281005859375,1.28253173828125,4.3150634765625
7,0.56944444444444442,-0.5179443359375,0.832763671875,10.09619140625
4,0.56944444444444442,0.30029296875,0.7890625,10.1173095703125
2,0.56944444444444442,-0.327880859375,0.20147705078125,10.140625
1,0.56944444444444442,0.399169921875,0.177490234375,10.1451416015625
16,0.17638888888888882,0.17095947265625,0.800048828125,4.4052734375
15,0.17638888888888882,-0.19512939453125,1.458251953125,4.40814208984375
14,0.17638888888888882,0.46636962890625,1.2362060546875,4.40838623046875
13,0.17638888888888882,-0.116943359375,0.97955322265625,4.4161376953125
12,0.17638888888888882,0.1153564453125,1.5003662109375,4.41607666015625
11,0.17638888888888882,0.26776123046875,1.03082275390625,4.4202880859375
10,0.17638888888888882,-0.07855224609375,1.23468017578125,4.42486572265625
9,0.17638888888888882,0.19622802734375,1.2777099609375,4.4263916015625
7,0.57638888888888884,-0.5245361328125,0.80712890625,10.1964111328125
4,0.57638888888888884,0.3026123046875,0.762939453125,10.2177734375
2,0.57638888888888884,-0.3323974609375,0.1689453125,10.2413330078125
1,0.57638888888888884,0.40252685546875,0.14471435546875,10.24591064453125
16,0.18333333333333335,0.17352294921875,0.78009033203125,4.51324462890625
15,0.18333333333333335,-0.20379638671875,1.45849609375,4.5162353515625
14,0.18333333333333335,0.47802734375,1.2296142578125,4.5164794921875
13,0.18333333333333335,-0.12322998046875,0.965087890625,4.5244140625
12,0.18333333333333335,0.1162109375,1.50189208984375,4.52435302734375
11,0.18333333333333335,0.2733154296875,1.0179443359375,4.5286865234375
10,0.18333333333333335,-0.08367919921875,1.22808837890625,4.53338623046875
9,0.18333333333333335,0.1995849609375,1.27239990234375,4.53497314453125
7,0.58333333333333337,-0.5311279296875,0.78106689453125,10.296630859375
4,0.58333333333333337,0.30487060546875,0.73638916015625,10.3182373046875
2,0.58333333333333337,-0.3369140625,0.13604736328125,10.342041015625
1,0.58333333333333337,0.40594482421875,0.11151123046875,10.3466796875
16,0.19027777777777777,0.176025390625,0.75994873046875,4.61846923828125
15,0.19027777777777777,-0.2122802734375,1.4580078125,4.62158203125
14,0.19027777777777777,0.48931884765625,1.2225341796875,4.621826171875
13,0.19027777777777777,-0.12933349609375,0.9503173828125,4.6300048828125
12,0.19027777777777777,0.11700439453125,1.502685546875,4.62994384765625
11,0.19027777777777777,0.2786865234375,1.00469970703125,4.6343994140625
10,0.19027777777777777,-0.088623046875,1.220947265625,4.6392822265625
9,0.19027777777777777,0.20281982421875,1.26654052734375,4.640869140625
7,0.59027777777777779,-0.5377197265625,0.75445556640625,10.3968505859375
4,0.59027777777777779,0.30718994140625,0.7093505859375,10.418701171875
2,0.59027777777777779,-0.3414306640625,0.10260009765625,10.4427490234375
1,0.59027777777777779,0.4093017578125,0.07781982421875,10.44744873046875
16,0.19722222222222219,0.178466796875,0.73968505859375,4.7210693359375
15,0.19722222222222219,-0.22052001953125,1.4569091796875,4.7242431640625
14,0.19722222222222219,0.5003662109375,1.2149658203125,4.7244873046875
13,0.19722222222222219,-0.13531494140625,0.93524169921875,4.73291015625
12,0.19722222222222219,0.11785888671875,1.5028076171875,4.73284912109375
11,0.19722222222222219,0.283935546875,0.99114990234375,4.7374267578125
10,0.19722222222222219,-0.09344482421875,1.21331787109375,4.742431640625
9,0.19722222222222219,0.20599365234375,1.26019287109375,4.74407958984375
7,0.59722222222222221,-0.5443115234375,0.72747802734375,10.4970703125
4,0.59722222222222221,0.30950927734375,0.681884765625,10.5191650390625
2,0.59722222222222221,-0.345947265625,0.0687255859375,10.54345703125
1,0.59722222222222221,0.4127197265625,0.043701171875,10.54815673828125
16,0.20416666666666661,0.18084716796875,0.7191162109375,4.8214111328125
15,0.20416666666666661,-0.22857666015625,1.45513916015625,4.82470703125
14,0.20416666666666661,0.51116943359375,1.20684814453125,4.824951171875
13,0.20416666666666661,-0.14111328125,0.9197998046875,4.83355712890625
12,0.20416666666666661,0.11865234375,1.502197265625,4.83349609375
11,0.20416666666666661,0.2890625,0.9771728515625,4.83819580078125
10,0.20416666666666661,-0.09820556640625,1.20513916015625,4.84332275390625
9,0.20416666666666661,0.2091064453125,1.25323486328125,4.8450927734375
7,0.60416666666666663,-0.5509033203125,0.699951171875,10.5972900390625
4,0.60416666666666663,0.31182861328125,0.65386962890625,10.61962890625
2,0.60416666666666663,-0.3504638671875,0.0343017578125,10.6441650390625
1,0.60096586443163535,0.41455078125,0,10.60247802734375
16,0.21111111111111114,0.1832275390625,0.69818115234375,4.921630859375
15,0.21111111111111114,-0.236572265625,1.452880859375,4.9249267578125
14,0.21111111111111114,0.52197265625,1.19830322265625,4.9251708984375
13,0.21111111111111114,-0.14697265625,0.9039306640625,4.93408203125
12,0.21111111111111114,0.11944580078125,1.50115966796875,4.9339599609375
11,0.21111111111111114,0.29425048828125,0.9627685546875,4.93878173828125
10,0.21111111111111114,-0.1029052734375,1.19659423828125,4.94403076171875
9,0.21111111111111114,0.212158203125,1.245849609375,4.94580078125
7,0.61111111111111116,-0.5574951171875,0.6719970703125,10.697509765625
4,0.61111111111111116,0.31414794921875,0.62542724609375,10.7200927734375
2,0.60602095490869134,-0.3516845703125,0,10.67108154296875
16,0.21805555555555556,0.18560791015625,0.67669677734375,5.02178955078125
15,0.21805555555555556,-0.24462890625,1.4501953125,5.025146484375
14,0.21805555555555556,0.53277587890625,1.18927001953125,5.02545166015625
13,0.21805555555555556,-0.15277099609375,0.88763427734375,5.0345458984375
12,0.21805555555555556,0.1202392578125,1.4996337890625,5.034423828125
11,0.21805555555555556,0.29937744140625,0.9478759765625,5.03936767578125
10,0.21805555555555556,-0.107666015625,1.1875,5.0447998046875
9,0.21805555555555556,0.21527099609375,1.23797607421875,5.04656982421875
7,0.61805555555555558,-0.5640869140625,0.6435546875,10.79779052734375
4,0.61805555555555558,0.31646728515625,0.59649658203125,10.820556640625
16,0.22499999999999998,0.18798828125,0.65478515625,5.1219482421875
15,0.22499999999999998,-0.252685546875,1.44696044921875,5.12542724609375
14,0.22499999999999998,0.54351806640625,1.17974853515625,5.12567138671875
13,0.22499999999999998,-0.1585693359375,0.87078857421875,5.135009765625
12,0.22499999999999998,0.12103271484375,1.49761962890625,5.1348876953125
11,0.22499999999999998,0.30450439453125,0.9324951171875,5.13995361328125
10,0.22499999999999998,-0.11236572265625,1.17791748046875,5.1455078125
9,0.22499999999999998,0.2183837890625,1.22967529296875,5.1473388671875
7,0.625,-0.5706787109375,0.6146240234375,10.89801025390625
4,0.625,0.31878662109375,0.56707763671875,10.9210205078125
16,0.2319444444444444,0.19036865234375,0.63238525390625,5.22210693359375
15,0.2319444444444444,-0.2607421875,1.443359375,5.22564697265625
14,0.2319444444444444,0.5543212890625,1.1697998046875,5.2259521484375
13,0.2319444444444444,-0.1644287109375,0.853515625,5.2354736328125
12,0.2319444444444444,0.121826171875,1.49517822265625,5.2353515625
11,0.2319444444444444,0.30963134765625,0.91668701171875,5.24053955078125
10,0.2319444444444444,-0.11712646484375,1.16790771484375,5.2462158203125
9,0.2319444444444444,0.221435546875,1.22088623046875,5.24810791015625
7,0.63194444444444442,-0.5772705078125,0.585205078125,10.99822998046875
4,0.63194444444444442,0.32110595703125,0.5372314453125,11.021484375
16,0.23888888888888882,0.1927490234375,0.60955810546875,5.322265625
15,0.23888888888888882,-0.268798828125,1.439208984375,5.325927734375
14,0.23888888888888882,0.56512451171875,1.1593017578125,5.326171875
13,0.23888888888888882,-0.17022705078125,0.83575439453125,5.3359375
12,0.23888888888888882,0.12261962890625,1.49224853515625,5.3358154296875
11,0.23888888888888882,0.31475830078125,0.900390625,5.34112548828125
10,0.23888888888888882,-0.121826171875,1.15740966796875,5.346923828125
9,0.23888888888888882,0.22454833984375,1.21160888671875,5.348876953125
7,0.63888888888888884,-0.5838623046875,0.55535888671875,11.09844970703125
4,0.63888888888888884,0.32342529296875,0.50689697265625,11.1219482421875
16,0.24583333333333335,0.19512939453125,0.586181640625,5.42242431640625
15,0.24583333333333335,-0.27679443359375,1.4345703125,5.4261474609375
14,0.24583333333333335,0.575927734375,1.14837646484375,5.42645263671875
13,0.24583333333333335,-0.176025390625,0.8175048828125,5.4364013671875
12,0.24583333333333335,0.1234130859375,1.48883056640625,5.436279296875
11,0.24583333333333335,0.31988525390625,0.88360595703125,5.44171142578125
10,0.24583333333333335,-0.1265869140625,1.14642333984375,5.4476318359375
9,0.24583333333333335,0.2276611328125,1.20184326171875,5.44964599609375
7,0.64583333333333337,-0.59039306640625,0.5250244140625,11.19866943359375
4,0.64583333333333337,0.32574462890625,0.47613525390625,11.22235107421875
16,0.25277777777777777,0.197509765625,0.5623779296875,5.5225830078125
15,0.25277777777777777,-0.28485107421875,1.42950439453125,5.5263671875
14,0.25277777777777777,0.586669921875,1.136962890625,5.52667236328125
13,0.25277777777777777,-0.181884765625,0.79876708984375,5.536865234375
12,0.25277777777777777,0.12420654296875,1.48492431640625,5.53680419921875
11,0.25277777777777777,0.32501220703125,0.8663330078125,5.5423583984375
10,0.25277777777777777,-0.13128662109375,1.13494873046875,5.54833984375
9,0.25277777777777777,0.23077392578125,1.19158935546875,5.5504150390625
7,0.65277777777777779,-0.59698486328125,0.49420166015625,11.29888916015625
4,0.65277777777777779,0.32806396484375,0.44482421875,11.32281494140625
16,0.25972222222222219,0.1998291015625,0.5380859375,5.62274169921875
15,0.25972222222222219,-0.29290771484375,1.4239501953125,5.62664794921875
14,0.25972222222222219,0.59747314453125,1.1251220703125,5.626953125
13,0.25972222222222219,-0.18768310546875,0.77960205078125,5.6373291015625
12,0.25972222222222219,0.12493896484375,1.48065185546875,5.63726806640625
11,0.25972222222222219,0.33013916015625,0.8486328125,5.6429443359375
10,0.25972222222222219,-0.135986328125,1.12310791015625,5.64910888671875
9,0.25972222222222219,0.23382568359375,1.180908203125,5.65118408203125
7,0.65972222222222221,-0.60357666015625,0.46295166015625,11.39910888671875
4,0.65972222222222221,0.33038330078125,0.4130859375,11.42327880859375
16,0.26666666666666661,0.20220947265625,0.51336669921875,5.722900390625
15,0.26666666666666661,-0.30096435546875,1.41796875,5.72686767578125
14,0.26666666666666661,0.6082763671875,1.11279296875,5.7271728515625
13,0.26666666666666661,-0.1934814453125,0.760009765625,5.73779296875
12,0.26666666666666661,0.125732421875,1.475830078125,5.73773193359375
11,0.26666666666666661,0.33526611328125,0.8304443359375,5.7435302734375
10,0.26666666666666661,-0.1407470703125,1.1107177734375,5.74981689453125
9,0.26666666666666661,0.2369384765625,1.1697998046875,5.75189208984375
7,0.66666666666666663,-0.61016845703125,0.43121337890625,11.4993896484375
4,0.66666666666666663,0.33270263671875,0.380859375,11.52374267578125
16,0.27361111111111114,0.20458984375,0.48809814453125,5.82305908203125
15,0.27361111111111114,-0.3089599609375,1.41143798828125,5.8271484375
14,0.27361111111111114,0.6190185546875,1.0999755859375,5.82745361328125
13,0.27361111111111114,-0.1993408203125,0.7398681640625,5.8382568359375
12,0.27361111111111114,0.12652587890625,1.47052001953125,5.83819580078125
11,0.27361111111111114,0.34039306640625,0.811767578125,5.8441162109375
10,0.27361111111111114,-0.14544677734375,1.09783935546875,5.85052490234375
9,0.27361111111111114,0.24005126953125,1.15814208984375,5.8526611328125
7,0.67361111111111116,-0.61676025390625,0.39892578125,11.599609375
4,0.67361111111111116,0.33502197265625,0.34814453125,11.62420654296875
16,0.28055555555555556,0.20697021484375,0.46240234375,5.9232177734375
15,0.28055555555555556,-0.3170166015625,1.4044189453125,5.9273681640625
14,0.28055555555555556,0.62982177734375,1.086669921875,5.92767333984375
13,0.28055555555555556,-0.20513916015625,0.71923828125,5.938720703125
12,0.28055555555555556,0.1273193359375,1.4647216796875,5.93865966796875
11,0.28055555555555556,0.34552001953125,0.7926025390625,5.9447021484375
10,0.28055555555555556,-0.15020751953125,1.08447265625,5.95123291015625
9,0.28055555555555556,0.24310302734375,1.14599609375,5.95343017578125
7,0.68055555555555558,-0.62335205078125,0.3662109375,11.6998291015625
4,0.68055555555555558,0.33734130859375,0.31494140625,11.72467041015625
16,0.2875,0.2093505859375,0.43621826171875,6.02337646484375
15,0.2875,-0.3250732421875,1.39703369140625,6.027587890625
14,0.2875,0.640625,1.0728759765625,6.0279541015625
13,0.2875,-0.2109375,0.69818115234375,6.03924560546875
12,0.2875,0.12811279296875,1.45849609375,6.03912353515625
11,0.2875,0.35064697265625,0.7730712890625,6.0452880859375
10,0.2875,-0.1549072265625,1.0706787109375,6.05194091796875
9,0.2875,0.2462158203125,1.1334228515625,6.05419921875
7,0.6875,-0.62994384765625,0.33306884765625,11.800048828125
4,0.6875,0.33966064453125,0.28131103515625,11.82513427734375
16,0.2944444444444444,0.21173095703125,0.40960693359375,6.12353515625
15,0.2944444444444444,-0.3331298828125,1.38909912109375,6.12786865234375
14,0.2944444444444444,0.6513671875,1.05865478515625,6.128173828125
13,0.2944444444444444,-0.216796875,0.6766357421875,6.13970947265625
12,0.2944444444444444,0.12890625,1.4517822265625,6.13958740234375
11,0.2944444444444444,0.35577392578125,0.75299072265625,6.1458740234375
10,0.2944444444444444,-0.15966796875,1.056396484375,6.15264892578125
9,0.2944444444444444,0.24932861328125,1.120361328125,6.15496826171875
7,0.69444444444444442,-0.63653564453125,0.2994384765625,11.9002685546875
4,0.69444444444444442,0.34197998046875,0.2471923828125,11.92559814453125
16,0.30138888888888882,0.214111328125,0.3824462890625,6.22369384765625
15,0.30138888888888882,-0.3411865234375,1.38067626953125,6.22808837890625
14,0.30138888888888882,0.66217041015625,1.0439453125,6.22845458984375
13,0.30138888888888882,-0.22259521484375,0.65460205078125,6.24017333984375
12,0.30138888888888882,0.12969970703125,1.444580078125,6.24005126953125
11,0.30138888888888882,0.3609619140625,0.732421875,6.2464599609375
10,0.30138888888888882,-0.16436767578125,1.04168701171875,6.25335693359375
9,0.30138888888888882,0.25244140625,1.10687255859375,6.2557373046875
7,0.70138888888888884,-0.64312744140625,0.26531982421875,12.00048828125
4,0.70138888888888884,0.34429931640625,0.21258544921875,12.02606201171875
16,0.30833333333333335,0.21649169921875,0.3548583984375,6.3238525390625
15,0.30833333333333335,-0.34918212890625,1.371826171875,6.32830810546875
14,0.30833333333333335,0.6729736328125,1.02874755859375,6.32867431640625
13,0.30833333333333335,-0.2283935546875,0.63214111328125,6.34063720703125
12,0.30833333333333335,0.1304931640625,1.4368896484375,6.34051513671875
11,0.30833333333333335,0.3660888671875,0.71136474609375,6.3470458984375
10,0.30833333333333335,-0.1690673828125,1.02642822265625,6.3541259765625
9,0.30833333333333335,0.2554931640625,1.09283447265625,6.35650634765625
7,0.70833333333333337,-0.64971923828125,0.230712890625,12.1007080078125
4,0.70833333333333337,0.3465576171875,0.177490234375,12.12652587890625
16,0.31527777777777777,0.2188720703125,0.3267822265625,6.42401123046875
15,0.31527777777777777,-0.35723876953125,1.36248779296875,6.4285888671875
14,0.31527777777777777,0.6837158203125,1.01312255859375,6.428955078125
13,0.31527777777777777,-0.2342529296875,0.60919189453125,6.44110107421875
12,0.31527777777777777,0.13128662109375,1.42877197265625,6.44097900390625
11,0.31527777777777777,0.3712158203125,0.68988037109375,6.4476318359375
10,0.31527777777777777,-0.173828125,1.0107421875,6.454833984375
9,0.31527777777777777,0.25860595703125,1.078369140625,6.457275390625
7,0.71527777777777779,-0.65631103515625,0.19561767578125,12.20098876953125
4,0.71527777777777779,0.348876953125,0.1419677734375,12.22698974609375
16,0.32222222222222219,0.22125244140625,0.29827880859375,6.524169921875
15,0.32222222222222219,-0.36529541015625,1.35272216796875,6.52880859375
14,0.32222222222222219,0.69451904296875,0.99700927734375,6.5291748046875
13,0.32222222222222219,-0.24005126953125,0.58575439453125,6.54156494140625
12,0.32222222222222219,0.132080078125,1.420166015625,6.54144287109375
11,0.32222222222222219,0.3763427734375,0.66790771484375,6.5482177734375
10,0.32222222222222219,-0.17852783203125,0.99456787109375,6.5555419921875
9,0.32222222222222219,0.26171875,1.06341552734375,6.5579833984375
7,0.72222222222222221,-0.66290283203125,0.16009521484375,12.30120849609375
4,0.72222222222222221,0.3511962890625,0.10595703125,12.32745361328125
16,0.32916666666666661,0.2236328125,0.26922607421875,6.62432861328125
15,0.32916666666666661,-0.37335205078125,1.3424072265625,6.62908935546875
14,0.32916666666666661,0.705322265625,0.98040771484375,6.62945556640625
13,0.32916666666666661,-0.245849609375,0.56182861328125,6.64202880859375
12,0.32916666666666661,0.13287353515625,1.41107177734375,6.64190673828125
11,0.32916666666666661,0.3814697265625,0.64544677734375,6.6488037109375
10,0.32916666666666661,-0.18328857421875,0.9779052734375,6.65625
9,0.32916666666666661,0.2647705078125,1.0479736328125,6.65875244140625
7,0.72916666666666663,-0.66949462890625,0.12408447265625,12.40142822265625
4,0.72916666666666663,0.353515625,0.0694580078125,12.4278564453125
16,0.33611111111111114,0.22601318359375,0.23980712890625,6.7244873046875
15,0.33611111111111114,-0.38134765625,1.3316650390625,6.72930908203125
14,0.33611111111111114,0.71612548828125,0.96331787109375,6.72967529296875
13,0.33611111111111114,-0.251708984375,0.5374755859375,6.74249267578125
12,0.33611111111111114,0.1336669921875,1.40155029296875,6.74237060546875
11,0.33611111111111114,0.3865966796875,0.62255859375,6.7493896484375
10,0.33611111111111114,-0.18798828125,0.9608154296875,6.7569580078125
9,0.33611111111111114,0.26788330078125,1.03216552734375,6.759521484375
7,0.73611111111111116,-0.67608642578125,0.08758544921875,12.50164794921875
4,0.73611111111111116,0.3558349609375,0.032470703125,12.5283203125
16,0.34305555555555556,0.2283935546875,0.20977783203125,6.82464599609375
15,0.34305555555555556,-0.389404296875,1.3204345703125,6.82952880859375
14,0.34305555555555556,0.72686767578125,0.94573974609375,6.8299560546875
13,0.34305555555555556,-0.25750732421875,0.5125732421875,6.84295654296875
12,0.34305555555555556,0.13446044921875,1.3914794921875,6.84283447265625
11,0.34305555555555556,0.3917236328125,0.59912109375,6.8499755859375
10,0.34305555555555556,-0.19268798828125,0.94317626953125,6.857666015625
9,0.34305555555555556,0.27099609375,1.0157470703125,6.86029052734375
7,0.74305555555555558,-0.68267822265625,0.0506591796875,12.60186767578125
4,0.73749546825114043,0.3563232421875,0,12.54833984375
16,0.35,0.23077392578125,0.17938232421875,6.9248046875
15,0.35,-0.3974609375,1.3087158203125,6.9298095703125
14,0.35,0.7376708984375,0.927734375,6.93017578125
13,0.35,-0.2633056640625,0.4873046875,6.94342041015625
12,0.35,0.13525390625,1.3809814453125,6.94329833984375
11,0.35,0.3968505859375,0.57525634765625,6.9505615234375
10,0.35,-0.19744873046875,0.9251708984375,6.95843505859375
9,0.35,0.27410888671875,0.9989013671875,6.9610595703125
7,0.74781584138017,-0.68719482421875,0,12.67059326171875
16,0.3569444444444444,0.233154296875,0.1484375,7.02496337890625
15,0.3569444444444444,-0.405517578125,1.29656982421875,7.030029296875
14,0.3569444444444444,0.74847412109375,0.90924072265625,7.03045654296875
13,0.3569444444444444,-0.2691650390625,0.46148681640625,7.04388427734375
12,0.3569444444444444,0.13604736328125,1.3699951171875,7.04376220703125
11,0.3569444444444444,0.4019775390625,0.5509033203125,7.0511474609375
10,0.3569444444444444,-0.2021484375,0.9066162109375,7.05914306640625
9,0.3569444444444444,0.27716064453125,0.9815673828125,7.06182861328125
16,0.36388888888888882,0.23553466796875,0.1170654296875,7.1251220703125
15,0.36388888888888882,-0.41357421875,1.283935546875,7.13031005859375
14,0.36388888888888882,0.75921630859375,0.89031982421875,7.13067626953125
13,0.36388888888888882,-0.27496337890625,0.43524169921875,7.1444091796875
12,0.36388888888888882,0.1368408203125,1.35858154296875,7.14422607421875
11,0.36388888888888882,0.4071044921875,0.526123046875,7.1517333984375
10,0.36388888888888882,-0.2069091796875,0.88763427734375,7.15985107421875
9,0.36388888888888882,0.2802734375,0.96380615234375,7.16259765625
16,0.37083333333333335,0.23785400390625,0.08526611328125,7.22528076171875
15,0.37083333333333335,-0.42156982421875,1.27081298828125,7.23052978515625
14,0.37083333333333335,0.77001953125,0.87091064453125,7.23095703125
13,0.37083333333333335,-0.28076171875,0.40850830078125,7.244873046875
12,0.37083333333333335,0.13763427734375,1.3466796875,7.2447509765625
11,0.37083333333333335,0.4122314453125,0.5008544921875,7.2523193359375
10,0.37083333333333335,-0.21160888671875,0.8681640625,7.26055908203125
9,0.37083333333333335,0.28338623046875,0.94561767578125,7.26336669921875
16,0.37777777777777777,0.240234375,0.05291748046875,7.325439453125
15,0.37777777777777777,-0.42962646484375,1.25726318359375,7.33074951171875
14,0.37777777777777777,0.78082275390625,0.85101318359375,7.3311767578125
13,0.37777777777777777,-0.28662109375,0.38128662109375,7.3453369140625
12,0.37777777777777777,0.138427734375,1.33428955078125,7.34521484375
11,0.37777777777777777,0.4173583984375,0.47509765625,7.3529052734375
10,0.37777777777777777,-0.21636962890625,0.84820556640625,7.36126708984375
9,0.37777777777777777,0.28643798828125,0.9268798828125,7.36407470703125
16,0.38369025435443016,0.24224853515625,0,7.41070556640625
15,0.38472222222222219,-0.43768310546875,1.2431640625,7.4310302734375
14,0.38472222222222219,0.79156494140625,0.83056640625,7.43145751953125
13,0.38472222222222219,-0.29241943359375,0.35357666015625,7.44580078125
12,0.38472222222222219,0.13922119140625,1.3214111328125,7.4456787109375
11,0.38472222222222219,0.4224853515625,0.4488525390625,7.4534912109375
10,0.38472222222222219,-0.2210693359375,0.8277587890625,7.46197509765625
9,0.38472222222222219,0.28955078125,0.90765380859375,7.46484375
15,0.39166666666666661,-0.44573974609375,1.22857666015625,7.53125
14,0.39166666666666661,0.8023681640625,0.8096923828125,7.53167724609375
13,0.39166666666666661,-0.2982177734375,0.32537841796875,7.5462646484375
12,0.39166666666666661,0.1400146484375,1.30804443359375,7.546142578125
11,0.39166666666666661,0.42767333984375,0.42218017578125,7.5540771484375
10,0.39166666666666661,-0.22576904296875,0.80682373046875,7.562744140625
9,0.39166666666666661,0.29266357421875,0.887939453125,7.56561279296875
15,0.39861111111111114,-0.45379638671875,1.213623046875,7.6314697265625
14,0.39861111111111114,0.81317138671875,0.78839111328125,7.6319580078125
13,0.39861111111111114,-0.3040771484375,0.29681396484375,7.646728515625
12,0.39861111111111114,0.14080810546875,1.29425048828125,7.6466064453125
11,0.39861111111111114,0.43280029296875,0.39501953125,7.6546630859375
10,0.39861111111111114,-0.23052978515625,0.7855224609375,7.6634521484375
9,0.39861111111111114,0.2957763671875,0.8677978515625,7.6663818359375
17,0,0.08746337890625,1.25909423828125,0.88604736328125
18,0,0.08746337890625,1.25909423828125,0.88604736328125
19,0,0.08746337890625,1.25909423828125,0.88604736328125
20,0,0.08746337890625,1.25909423828125,0.88604736328125
21,0,0.08746337890625,1.25909423828125,0.88604736328125
22,0,0.08746337890625,1.25909423828125,0.88604736328125
23,0,0.08746337890625,1.25909423828125,0.88604736328125
24,0,0.08746337890625,1.25909423828125,0.88604736328125
24,0.0055555555555555358,0.0960693359375,1.24749755859375,1.00738525390625
23,0.0055555555555555358,0.07513427734375,1.26287841796875,1.007568359375
22,0.0055555555555555358,0.09912109375,1.265380859375,1.007568359375
21,0.0055555555555555358,0.08447265625,1.24896240234375,1.0078125
20,0.0055555555555555358,0.08428955078125,1.2686767578125,1.00787353515625
19,0.0055555555555555358,0.0958251953125,1.256103515625,1.0079345703125
18,0.0055555555555555358,0.08203125,1.257568359375,1.00811767578125
17,0.0055555555555555358,0.09002685546875,1.2628173828125,1.0081787109375
15,0.40555555555555556,-0.4617919921875,1.1981201171875,7.73175048828125
14,0.40555555555555556,0.82391357421875,0.7666015625,7.732177734375
13,0.40555555555555556,-0.30987548828125,0.2677001953125,7.7471923828125
12,0.40555555555555556,0.1416015625,1.27996826171875,7.7470703125
11,0.40555555555555556,0.43792724609375,0.36737060546875,7.7552490234375
10,0.40555555555555556,-0.2352294921875,0.763671875,7.76416015625
9,0.40555555555555556,0.298828125,0.84716796875,7.76715087890625
24,0.012499999999999956,0.1068115234375,1.23297119140625,1.15911865234375
23,0.012499999999999956,0.05975341796875,1.26763916015625,1.1595458984375
22,0.012499999999999956,0.1136474609375,1.27325439453125,1.159423828125
21,0.012499999999999956,0.0806884765625,1.23638916015625,1.1600341796875
20,0.012499999999999956,0.08038330078125,1.2806396484375,1.16009521484375
19,0.012499999999999956,0.106201171875,1.25238037109375,1.16033935546875
18,0.012499999999999956,0.0751953125,1.255615234375,1.1607666015625
17,0.012499999999999956,0.09326171875,1.26751708984375,1.160888671875
15,0.4125,-0.4698486328125,1.18218994140625,7.83197021484375
14,0.4125,0.834716796875,0.74432373046875,7.83245849609375
13,0.4125,-0.315673828125,0.23809814453125,7.84765625
12,0.4125,0.14239501953125,1.26519775390625,7.8475341796875
11,0.4125,0.44305419921875,0.3392333984375,7.8558349609375
10,0.4125,-0.239990234375,0.7413330078125,7.8648681640625
9,0.4125,0.30194091796875,0.82611083984375,7.867919921875
24,0.019444444444444375,0.1175537109375,1.21844482421875,1.31085205078125
23,0.019444444444444375,0.04437255859375,1.2724609375,1.31146240234375
22,0.019444444444444375,0.128173828125,1.2811279296875,1.31134033203125
21,0.019444444444444375,0.07696533203125,1.2237548828125,1.312255859375
20,0.019444444444444375,0.076416015625,1.2926025390625,1.3123779296875
19,0.019444444444444375,0.11663818359375,1.24859619140625,1.31268310546875
18,0.019444444444444375,0.06842041015625,1.25372314453125,1.3133544921875
17,0.019444444444444375,0.096435546875,1.27215576171875,1.31353759765625
15,0.4194444444444444,-0.4779052734375,1.165771484375,7.9322509765625
14,0.4194444444444444,0.84552001953125,0.72161865234375,7.93267822265625
13,0.4194444444444444,-0.321533203125,0.20806884765625,7.9481201171875
12,0.4194444444444444,0.1431884765625,1.25,7.947998046875
11,0.4194444444444444,0.44818115234375,0.3106689453125,7.9564208984375
10,0.4194444444444444,-0.24468994140625,0.71856689453125,7.965576171875
9,0.4194444444444444,0.3050537109375,0.8045654296875,7.96868896484375
24,0.026388888888888795,0.1282958984375,1.20391845703125,1.4625244140625
23,0.026388888888888795,0.02899169921875,1.2772216796875,1.46337890625
22,0.026388888888888795,0.14276123046875,1.28900146484375,1.46319580078125
21,0.026388888888888795,0.07318115234375,1.21112060546875,1.46441650390625
20,0.026388888888888795,0.07244873046875,1.3045654296875,1.464599609375
19,0.026388888888888795,0.1270751953125,1.244873046875,1.465087890625
18,0.026388888888888795,0.06158447265625,1.25177001953125,1.46600341796875
17,0.026388888888888795,0.09967041015625,1.27685546875,1.4661865234375
15,0.42638888888888882,-0.4859619140625,1.14886474609375,8.032470703125
14,0.42638888888888882,0.8563232421875,0.6983642578125,8.032958984375
13,0.42638888888888882,-0.32733154296875,0.17755126953125,8.048583984375
12,0.42638888888888882,0.14398193359375,1.23431396484375,8.0484619140625
11,0.42638888888888882,0.45330810546875,0.2816162109375,8.0570068359375
10,0.42638888888888882,-0.24945068359375,0.6953125,8.0662841796875
9,0.42638888888888882,0.30810546875,0.78253173828125,8.0694580078125
24,0.033333333333333326,0.1390380859375,1.18939208984375,1.6142578125
23,0.033333333333333326,0.01361083984375,1.281982421875,1.61529541015625
22,0.033333333333333326,0.15728759765625,1.296875,1.61505126953125
21,0.033333333333333326,0.06939697265625,1.198486328125,1.61663818359375
20,0.033333333333333326,0.0684814453125,1.3165283203125,1.61688232421875
19,0.033333333333333326,0.13751220703125,1.24114990234375,1.617431640625
18,0.033333333333333326,0.05474853515625,1.24981689453125,1.61859130859375
17,0.033333333333333326,0.10284423828125,1.281494140625,1.618896484375
15,0.43333333333333335,-0.49395751953125,1.13153076171875,8.1326904296875
14,0.43333333333333335,0.8670654296875,0.6746826171875,8.1331787109375
13,0.43333333333333335,-0.3331298828125,0.14654541015625,8.1490478515625
12,0.43333333333333335,0.144775390625,1.2181396484375,8.14892578125
11,0.43333333333333335,0.45843505859375,0.2520751953125,8.1575927734375
10,0.43333333333333335,-0.254150390625,0.67156982421875,8.16705322265625
9,0.43333333333333335,0.31121826171875,0.760009765625,8.170166015625
24,0.040277777777777746,0.1497802734375,1.17486572265625,1.76593017578125
23,0.040277777777777746,-0.00177001953125,1.2867431640625,1.7672119140625
22,0.040277777777777746,0.17181396484375,1.30474853515625,1.7669677734375
21,0.040277777777777746,0.065673828125,1.18585205078125,1.76885986328125
20,0.040277777777777746,0.0645751953125,1.3284912109375,1.7691650390625
19,0.040277777777777746,0.14794921875,1.23736572265625,1.76983642578125
18,0.040277777777777746,0.0479736328125,1.2479248046875,1.77117919921875
17,0.040277777777777746,0.1060791015625,1.28619384765625,1.77154541015625
15,0.44027777777777777,-0.50201416015625,1.1136474609375,8.23297119140625
14,0.44027777777777777,0.87786865234375,0.6505126953125,8.23345947265625
13,0.44027777777777777,-0.3389892578125,0.1151123046875,8.24957275390625
12,0.44027777777777777,0.14556884765625,1.20147705078125,8.2493896484375
11,0.44027777777777777,0.46356201171875,0.2220458984375,8.2581787109375
10,0.44027777777777777,-0.25885009765625,0.6473388671875,8.26776123046875
9,0.44027777777777777,0.3143310546875,0.73699951171875,8.27093505859375
24,0.047222222222222165,0.1605224609375,1.16033935546875,1.91766357421875
23,0.047222222222222165,-0.01715087890625,1.29150390625,1.91912841796875
22,0.047222222222222165,0.1864013671875,1.3126220703125,1.9188232421875
21,0.047222222222222165,0.0618896484375,1.1732177734375,1.92108154296875
20,0.047222222222222165,0.06060791015625,1.3404541015625,1.92138671875
19,0.047222222222222165,0.1583251953125,1.233642578125,1.92218017578125
18,0.047222222222222165,0.0411376953125,1.2459716796875,1.923828125
17,0.047222222222222165,0.1092529296875,1.29083251953125,1.9241943359375
15,0.44722222222222219,-0.51007080078125,1.0953369140625,8.33319091796875
14,0.44722222222222219,0.888671875,0.6258544921875,8.33367919921875
13,0.44722222222222219,-0.34478759765625,0.0831298828125,8.35003662109375
12,0.44722222222222219,0.1463623046875,1.184326171875,8.349853515625
11,0.44722222222222219,0.46868896484375,0.1915283203125,8.3587646484375
10,0.44722222222222219,-0.26361083984375,0.6226806640625,8.36846923828125
9,0.44722222222222219,0.31744384765625,0.71356201171875,8.3717041015625
24,0.054166666666666585,0.1712646484375,1.14581298828125,2.0693359375
23,0.054166666666666585,-0.03253173828125,1.2962646484375,2.07110595703125
22,0.054166666666666585,0.200927734375,1.32049560546875,2.07073974609375
21,0.054166666666666585,0.05816650390625,1.16058349609375,2.07330322265625
20,0.054166666666666585,0.056640625,1.3524169921875,2.07366943359375
19,0.054166666666666585,0.16876220703125,1.22991943359375,2.0745849609375
18,0.054166666666666585,0.03436279296875,1.24407958984375,2.076416015625
17,0.054166666666666585,0.11248779296875,1.2955322265625,2.076904296875
15,0.45416666666666661,-0.51812744140625,1.0765380859375,8.4334716796875
14,0.45416666666666661,0.8994140625,0.60076904296875,8.4339599609375
13,0.45416666666666661,-0.3505859375,0.05072021484375,8.45050048828125
12,0.45416666666666661,0.14715576171875,1.166748046875,8.4503173828125
11,0.45416666666666661,0.47381591796875,0.16058349609375,8.4593505859375
10,0.45416666666666661,-0.268310546875,0.5975341796875,8.46917724609375
9,0.45416666666666661,0.32049560546875,0.68963623046875,8.47247314453125
24,0.061111111111111116,0.18206787109375,1.13128662109375,2.2210693359375
23,0.061111111111111116,-0.04791259765625,1.301025390625,2.2230224609375
22,0.061111111111111116,0.2154541015625,1.328369140625,2.22259521484375
21,0.061111111111111116,0.05438232421875,1.14794921875,2.2254638671875
20,0.061111111111111116,0.052734375,1.3643798828125,2.22589111328125
19,0.061111111111111116,0.17919921875,1.2261962890625,2.2269287109375
18,0.061111111111111116,0.02752685546875,1.24212646484375,2.22906494140625
17,0.061111111111111116,0.11566162109375,1.3001708984375,2.22955322265625
15,0.46111111111111114,-0.52618408203125,1.0572509765625,8.53369140625
14,0.46111111111111114,0.91021728515625,0.5751953125,8.5341796875
13,0.45959338256957993,-0.35516357421875,0,8.52899169921875
12,0.46111111111111114,0.14794921875,1.148681640625,8.55078125
11,0.46111111111111114,0.47894287109375,0.129150390625,8.5599365234375
10,0.46111111111111114,-0.2730712890625,0.5718994140625,8.56988525390625
9,0.46111111111111114,0.3236083984375,0.66522216796875,8.5732421875
24,0.068055555555555536,0.19281005859375,1.11676025390625,2.3726806640625
23,0.068055555555555536,-0.06329345703125,1.3057861328125,2.3748779296875
22,0.068055555555555536,0.23004150390625,1.33624267578125,2.3743896484375
21,0.068055555555555536,0.05059814453125,1.13531494140625,2.37762451171875
20,0.068055555555555536,0.04876708984375,1.3763427734375,2.37811279296875
19,0.068055555555555536,0.18963623046875,1.222412109375,2.3792724609375
18,0.068055555555555536,0.02069091796875,1.24017333984375,2.381591796875
17,0.068055555555555536,0.118896484375,1.30487060546875,2.3822021484375
15,0.46805555555555556,-0.5341796875,1.03759765625,8.6339111328125
14,0.46805555555555556,0.9210205078125,0.5491943359375,8.63446044921875
12,0.46805555555555556,0.14874267578125,1.13018798828125,8.6512451171875
11,0.46805555555555556,0.48406982421875,0.0972900390625,8.6605224609375
10,0.46805555555555556,-0.27777099609375,0.54583740234375,8.67059326171875
9,0.46805555555555556,0.32672119140625,0.640380859375,8.67401123046875
24,0.074999999999999956,0.203369140625,1.10205078125,2.52252197265625
23,0.074999999999999956,-0.0784912109375,1.31011962890625,2.52490234375
22,0.074999999999999956,0.244384765625,1.3436279296875,2.5244140625
21,0.074999999999999956,0.04693603515625,1.12249755859375,2.5279541015625
20,0.074999999999999956,0.04486083984375,1.38775634765625,2.52850341796875
19,0.074999999999999956,0.19989013671875,1.2183837890625,2.52978515625
18,0.074999999999999956,0.01397705078125,1.2379150390625,2.5323486328125
17,0.074999999999999956,0.1220703125,1.30908203125,2.532958984375
15,0.475,-0.542236328125,1.017333984375,8.73419189453125
14,0.475,0.9317626953125,0.5225830078125,8.73468017578125
12,0.475,0.1495361328125,1.11114501953125,8.751708984375
11,0.475,0.4892578125,0.06488037109375,8.7611083984375
10,0.475,-0.28253173828125,0.51922607421875,8.77130126953125
9,0.475,0.32977294921875,0.614990234375,8.7747802734375
24,0.081944444444444375,0.21380615234375,1.087158203125,2.669677734375
23,0.081944444444444375,-0.0933837890625,1.31396484375,2.67230224609375
22,0.081944444444444375,0.25848388671875,1.3504638671875,2.67169189453125
21,0.081944444444444375,0.04327392578125,1.10943603515625,2.67559814453125
20,0.081944444444444375,0.041015625,1.3985595703125,2.6761474609375
19,0.081944444444444375,0.21002197265625,1.21392822265625,2.67755126953125
18,0.081944444444444375,0.00738525390625,1.23529052734375,2.68035888671875
17,0.081944444444444375,0.1251220703125,1.31280517578125,2.6810302734375
15,0.4819444444444444,-0.55029296875,0.99664306640625,8.83441162109375
14,0.4819444444444444,0.94256591796875,0.49560546875,8.8349609375
12,0.4819444444444444,0.15032958984375,1.0916748046875,8.8521728515625
11,0.4819444444444444,0.494384765625,0.03204345703125,8.8616943359375
10,0.4819444444444444,-0.2872314453125,0.4921875,8.8720703125
9,0.4819444444444444,0.3328857421875,0.5892333984375,8.87554931640625
24,0.0888888888888888,0.22406005859375,1.07208251953125,2.81414794921875
23,0.0888888888888888,-0.1080322265625,1.31719970703125,2.81695556640625
22,0.0888888888888888,0.2723388671875,1.356689453125,2.81634521484375
21,0.0888888888888888,0.0396728515625,1.09613037109375,2.82049560546875
20,0.0888888888888888,0.03729248046875,1.40869140625,2.8211669921875
19,0.0888888888888888,0.219970703125,1.2091064453125,2.8226318359375
18,0.0888888888888888,0.00091552734375,1.23211669921875,2.82568359375
17,0.0888888888888888,0.128173828125,1.31597900390625,2.826416015625
15,0.48888888888888882,-0.558349609375,0.97552490234375,8.93463134765625
14,0.48888888888888882,0.953369140625,0.4681396484375,8.9351806640625
12,0.48888888888888882,0.151123046875,1.07171630859375,8.95263671875
11,0.48340964569767708,0.4954833984375,0,8.8829345703125
10,0.48888888888888882,-0.29193115234375,0.46466064453125,8.9727783203125
9,0.48888888888888882,0.33599853515625,0.56292724609375,8.976318359375
24,0.095833333333333326,0.23406982421875,1.0567626953125,2.95587158203125
23,0.095833333333333326,-0.12237548828125,1.3199462890625,2.95892333984375
22,0.095833333333333326,0.28594970703125,1.3623046875,2.958251953125
21,0.095833333333333326,0.03619384765625,1.0826416015625,2.9627685546875
20,0.095833333333333326,0.0335693359375,1.41815185546875,2.96343994140625
19,0.095833333333333326,0.22967529296875,1.20391845703125,2.96502685546875
18,0.095833333333333326,-0.0054931640625,1.2286376953125,2.96826171875
17,0.095833333333333326,0.1312255859375,1.31866455078125,2.9691162109375
15,0.49583333333333335,-0.56634521484375,0.953857421875,9.034912109375
14,0.49583333333333335,0.964111328125,0.440185546875,9.03546142578125
12,0.49583333333333335,0.15191650390625,1.05126953125,9.05316162109375
10,0.49583333333333335,-0.29669189453125,0.43670654296875,9.073486328125
9,0.49583333333333335,0.339111328125,0.5361328125,9.0770263671875
24,0.10277777777777775,0.24395751953125,1.04119873046875,3.094970703125
23,0.10277777777777775,-0.13653564453125,1.322021484375,3.09820556640625
22,0.10277777777777775,0.29925537109375,1.3673095703125,3.0975341796875
21,0.10277777777777775,0.03271484375,1.06878662109375,3.102294921875
20,0.10277777777777775,0.02996826171875,1.4268798828125,3.10302734375
19,0.10277777777777775,0.2392578125,1.19818115234375,3.104736328125
18,0.10277777777777775,-0.01171875,1.224609375,3.10821533203125
17,0.10277777777777775,0.1341552734375,1.3206787109375,3.10906982421875
15,0.50277777777777777,-0.57440185546875,0.93182373046875,9.1351318359375
14,0.50277777777777777,0.97491455078125,0.41180419921875,9.13568115234375
12,0.50277777777777777,0.1527099609375,1.0303955078125,9.15362548828125
10,0.50277777777777777,-0.3013916015625,0.40826416015625,9.1741943359375
9,0.50277777777777777,0.3421630859375,0.5089111328125,9.17779541015625
24,0.10972222222222217,0.25360107421875,1.02545166015625,3.23138427734375
23,0.10972222222222217,-0.15032958984375,1.3236083984375,3.23480224609375
22,0.10972222222222217,0.3123779296875,1.3717041015625,3.23406982421875
21,0.10972222222222217,0.02935791015625,1.05474853515625,3.2391357421875
20,0.10972222222222217,0.02642822265625,1.4349365234375,3.2398681640625
19,0.10972222222222217,0.24859619140625,1.192138671875,3.24169921875
18,0.10972222222222217,-0.017822265625,1.22021484375,3.24542236328125
17,0.10972222222222217,0.13702392578125,1.32220458984375,3.246337890625
15,0.50972222222222219,-0.58245849609375,0.90924072265625,9.23541259765625
14,0.50972222222222219,0.9857177734375,0.3829345703125,9.2359619140625
12,0.50972222222222219,0.15350341796875,1.009033203125,9.25408935546875
10,0.50972222222222219,-0.30615234375,0.37933349609375,9.27490234375
9,0.50972222222222219,0.34527587890625,0.481201171875,9.278564453125
24,0.11666666666666659,0.2630615234375,1.00946044921875,3.36505126953125
23,0.11666666666666659,-0.16387939453125,1.32464599609375,3.36871337890625
22,0.11666666666666659,0.3251953125,1.37542724609375,3.367919921875
21,0.11666666666666659,0.02606201171875,1.04046630859375,3.373291015625
20,0.11666666666666659,0.02294921875,1.44232177734375,3.37408447265625
19,0.11666666666666659,0.2578125,1.1856689453125,3.37603759765625
18,0.11666666666666659,-0.02386474609375,1.21533203125,3.3798828125
17,0.11666666666666659,0.13983154296875,1.3231201171875,3.380859375
15,0.51666666666666661,-0.59051513671875,0.88616943359375,9.33563232421875
14,0.51666666666666661,0.99652099609375,0.35357666015625,9.336181640625
12,0.51666666666666661,0.154296875,0.9871826171875,9.35455322265625
10,0.51666666666666661,-0.31085205078125,0.34991455078125,9.3756103515625
9,0.51666666666666661,0.348388671875,0.4530029296875,9.37933349609375
24,0.12361111111111112,0.2723388671875,0.99334716796875,3.49609375
23,0.12361111111111112,-0.17718505859375,1.3251953125,3.4998779296875
22,0.12361111111111112,0.3377685546875,1.378662109375,3.49908447265625
21,0.12361111111111112,0.02276611328125,1.02593994140625,3.5047607421875
20,0.12361111111111112,0.01953125,1.44903564453125,3.50555419921875
19,0.12361111111111112,0.26678466796875,1.1788330078125,3.50762939453125
18,0.12361111111111112,-0.02972412109375,1.21002197265625,3.51171875
17,0.12361111111111112,0.14263916015625,1.32354736328125,3.51275634765625
15,0.52361111111111114,-0.59857177734375,0.8626708984375,9.43585205078125
14,0.52361111111111114,1.00726318359375,0.32366943359375,9.43646240234375
12,0.52361111111111114,0.15509033203125,0.96484375,9.45501708984375
10,0.52361111111111114,-0.3155517578125,0.32000732421875,9.47637939453125
9,0.52361111111111114,0.3514404296875,0.42437744140625,9.4801025390625
24,0.13055555555555554,0.28143310546875,0.97686767578125,3.62445068359375
23,0.13055555555555554,-0.190185546875,1.3250732421875,3.62841796875
22,0.13055555555555554,0.35003662109375,1.38116455078125,3.6275634765625
21,0.13055555555555554,0.01959228515625,1.0111083984375,3.63348388671875
20,0.13055555555555554,0.01617431640625,1.45501708984375,3.6343994140625
19,0.13055555555555554,0.275634765625,1.17156982421875,3.63653564453125
18,0.13055555555555554,-0.03546142578125,1.20428466796875,3.64080810546875
17,0.13055555555555554,0.14532470703125,1.3233642578125,3.64190673828125
15,0.53055555555555556,-0.6065673828125,0.83868408203125,9.5361328125
14,0.53055555555555556,1.01806640625,0.29339599609375,9.53668212890625
12,0.53055555555555556,0.1558837890625,0.94207763671875,9.55548095703125
10,0.53055555555555556,-0.3203125,0.2896728515625,9.57708740234375
9,0.53055555555555556,0.35455322265625,0.395263671875,9.58087158203125
24,0.13749999999999996,0.29034423828125,0.96026611328125,3.75006103515625
23,0.13749999999999996,-0.20294189453125,1.32440185546875,3.7542724609375
22,0.13749999999999996,0.36212158203125,1.383056640625,3.75335693359375
21,0.13749999999999996,0.0164794921875,0.99609375,3.75958251953125
20,0.13749999999999996,0.012939453125,1.4603271484375,3.760498046875
19,0.13749999999999996,0.28424072265625,1.16387939453125,3.7626953125
18,0.13749999999999996,-0.0411376953125,1.19805908203125,3.7672119140625
17,0.13749999999999996,0.14801025390625,1.3226318359375,3.768310546875
15,0.5375,-0.6146240234375,0.81427001953125,9.6363525390625
14,0.5375,1.02886962890625,0.26263427734375,9.636962890625
12,0.5375,0.15667724609375,0.9188232421875,9.65594482421875
10,0.5375,-0.32501220703125,0.2589111328125,9.67779541015625
9,0.5375,0.357666015625,0.36566162109375,9.681640625
24,0.14444444444444438,0.299072265625,0.94342041015625,3.873046875
23,0.14444444444444438,-0.21539306640625,1.3232421875,3.87738037109375
22,0.14444444444444438,0.3739013671875,1.3843994140625,3.87646484375
21,0.14444444444444438,0.013427734375,0.98077392578125,3.8829345703125
20,0.14444444444444438,0.00970458984375,1.4649658203125,3.8839111328125
19,0.14444444444444438,0.292724609375,1.15576171875,3.88623046875
18,0.14444444444444438,-0.046630859375,1.19146728515625,3.89093017578125
17,0.14444444444444438,0.15057373046875,1.32135009765625,3.89208984375
15,0.5444444444444444,-0.6226806640625,0.789306640625,9.736572265625
14,0.5444444444444444,1.03961181640625,0.23138427734375,9.7371826171875
12,0.5444444444444444,0.157470703125,0.89508056640625,9.75640869140625
10,0.5444444444444444,-0.32977294921875,0.22760009765625,9.77850341796875
9,0.5444444444444444,0.36077880859375,0.3355712890625,9.78240966796875
24,0.1513888888888888,0.3076171875,0.92645263671875,3.9932861328125
23,0.1513888888888888,-0.22760009765625,1.32147216796875,3.99786376953125
22,0.1513888888888888,0.38543701171875,1.3851318359375,3.99688720703125
21,0.1513888888888888,0.010498046875,0.96527099609375,4.00360107421875
20,0.1513888888888888,0.006591796875,1.46893310546875,4.004638671875
19,0.1513888888888888,0.30096435546875,1.1473388671875,4.00701904296875
18,0.1513888888888888,-0.05206298828125,1.1844482421875,4.01190185546875
17,0.1513888888888888,0.15313720703125,1.319580078125,4.01312255859375
15,0.55138888888888882,-0.6307373046875,0.76385498046875,9.83685302734375
14,0.55138888888888882,1.0504150390625,0.19964599609375,9.83740234375
12,0.55138888888888882,0.15826416015625,0.870849609375,9.85687255859375
10,0.55138888888888882,-0.33447265625,0.19580078125,9.87921142578125
9,0.55138888888888882,0.36383056640625,0.30499267578125,9.88311767578125
24,0.15833333333333333,0.31591796875,0.90911865234375,4.11090087890625
23,0.15833333333333333,-0.239501953125,1.31915283203125,4.1156005859375
22,0.15833333333333333,0.396728515625,1.38519287109375,4.1146240234375
21,0.15833333333333333,0.007568359375,0.949462890625,4.12158203125
20,0.15833333333333333,0.0035400390625,1.47216796875,4.12261962890625
19,0.15833333333333333,0.30908203125,1.13836669921875,4.1251220703125
18,0.15833333333333333,-0.05731201171875,1.1768798828125,4.13018798828125
17,0.15833333333333333,0.15557861328125,1.317138671875,4.1314697265625
15,0.55833333333333335,-0.63873291015625,0.738037109375,9.93707275390625
14,0.55833333333333335,1.06121826171875,0.16748046875,9.93768310546875
12,0.55833333333333335,0.1590576171875,0.84619140625,9.95733642578125
10,0.55833333333333335,-0.3392333984375,0.16357421875,9.97991943359375
9,0.55833333333333335,0.366943359375,0.2740478515625,9.98388671875
24,0.16527777777777775,0.32403564453125,0.89166259765625,4.22576904296875
23,0.16527777777777775,-0.25115966796875,1.3162841796875,4.23065185546875
22,0.16527777777777775,0.40771484375,1.38470458984375,4.2296142578125
21,0.16527777777777775,0.00469970703125,0.93341064453125,4.23687744140625
20,0.16527777777777775,0.00054931640625,1.47479248046875,4.2379150390625
19,0.16527777777777775,0.31695556640625,1.12908935546875,4.24053955078125
18,0.16527777777777775,-0.0625,1.1689453125,4.24578857421875
17,0.16527777777777775,0.15802001953125,1.314208984375,4.2470703125
15,0.56527777777777777,-0.64678955078125,0.711669921875,10.037353515625
14,0.56527777777777777,1.07196044921875,0.13482666015625,10.03790283203125
12,0.56527777777777777,0.15985107421875,0.821044921875,10.05780029296875
10,0.56527777777777777,-0.34393310546875,0.130859375,10.0806884765625
9,0.56527777777777777,0.37005615234375,0.2425537109375,10.08465576171875
24,0.17222222222222217,0.33203125,0.8740234375,4.3380126953125
23,0.17222222222222217,-0.26251220703125,1.31292724609375,4.343017578125
22,0.17222222222222217,0.41845703125,1.38360595703125,4.34197998046875
21,0.17222222222222217,0.001953125,0.91717529296875,4.34942626953125
20,0.17222222222222217,-0.00238037109375,1.47674560546875,4.3505859375
19,0.17222222222222217,0.32464599609375,1.119384765625,4.353271484375
18,0.17222222222222217,-0.0675048828125,1.16064453125,4.358642578125
17,0.17222222222222217,0.160400390625,1.310791015625,4.3599853515625
15,0.57222222222222219,-0.65484619140625,0.684814453125,10.1375732421875
14,0.57222222222222219,1.082763671875,0.10162353515625,10.13818359375
12,0.57222222222222219,0.16064453125,0.79541015625,10.15826416015625
10,0.57222222222222219,-0.3486328125,0.09765625,10.181396484375
9,0.57222222222222219,0.37310791015625,0.2105712890625,10.1854248046875
24,0.17916666666666659,0.33978271484375,0.8560791015625,4.447509765625
23,0.17916666666666659,-0.27362060546875,1.30889892578125,4.4527587890625
22,0.17916666666666659,0.42901611328125,1.3818359375,4.45159912109375
21,0.17916666666666659,-0.00079345703125,0.900634765625,4.4593505859375
20,0.17916666666666659,-0.0052490234375,1.4779052734375,4.46051025390625
19,0.17916666666666659,0.33221435546875,1.1092529296875,4.4632568359375
18,0.17916666666666659,-0.07244873046875,1.15179443359375,4.4688720703125
17,0.17916666666666659,0.1627197265625,1.30670166015625,4.47021484375
15,0.57916666666666661,-0.66290283203125,0.6575927734375,10.23779296875
14,0.57916666666666661,1.09356689453125,0.06805419921875,10.2384033203125
12,0.57916666666666661,0.16143798828125,0.76934814453125,10.25872802734375
10,0.57916666666666661,-0.3533935546875,0.06402587890625,10.2821044921875
9,0.57916666666666661,0.376220703125,0.17816162109375,10.28619384765625
24,0.18611111111111112,0.34735107421875,0.8380126953125,4.55438232421875
23,0.18611111111111112,-0.28448486328125,1.30438232421875,4.55975341796875
22,0.18611111111111112,0.439208984375,1.3795166015625,4.55859375
21,0.18611111111111112,-0.00341796875,0.88385009765625,4.5665283203125
20,0.18611111111111112,-0.00799560546875,1.47845458984375,4.5677490234375
19,0.18611111111111112,0.33953857421875,1.0987548828125,4.570556640625
18,0.18611111111111112,-0.07720947265625,1.142578125,4.57635498046875
17,0.18611111111111112,0.16497802734375,1.3021240234375,4.5777587890625
15,0.58611111111111114,-0.67095947265625,0.6297607421875,10.33807373046875
14,0.58611111111111114,1.10430908203125,0.033935546875,10.33868408203125
12,0.58611111111111114,0.1622314453125,0.74273681640625,10.35919189453125
10,0.58611111111111114,-0.35809326171875,0.0299072265625,10.3828125
9,0.58611111111111114,0.37933349609375,0.14520263671875,10.386962890625
24,0.19305555555555554,0.354736328125,0.81964111328125,4.65850830078125
23,0.19305555555555554,-0.2950439453125,1.29931640625,4.6640625
22,0.19305555555555554,0.44921875,1.3765869140625,4.662841796875
21,0.19305555555555554,-0.0059814453125,0.8668212890625,4.6710205078125
20,0.19305555555555554,-0.0107421875,1.47833251953125,4.6722412109375
19,0.19305555555555554,0.3466796875,1.08782958984375,4.6751708984375
18,0.19305555555555554,-0.0819091796875,1.13287353515625,4.68109130859375
17,0.19305555555555554,0.16717529296875,1.29693603515625,4.68255615234375
15,0.59305555555555556,-0.678955078125,0.6015625,10.43829345703125
14,0.58790488789698436,1.10711669921875,0,10.36456298828125
12,0.59305555555555556,0.16302490234375,0.7156982421875,10.45965576171875
10,0.587093376206556,-0.3587646484375,0,10.39703369140625
9,0.59305555555555556,0.3824462890625,0.11187744140625,10.48773193359375
24,0.19999999999999996,0.36187744140625,0.80108642578125,4.760009765625
23,0.19999999999999996,-0.3052978515625,1.29364013671875,4.765625
22,0.19999999999999996,0.45892333984375,1.37298583984375,4.76446533203125
21,0.19999999999999996,-0.008544921875,0.84954833984375,4.7728271484375
20,0.19999999999999996,-0.01336669921875,1.47747802734375,4.77410888671875
19,0.19999999999999996,0.3536376953125,1.07647705078125,4.777099609375
18,0.19999999999999996,-0.08648681640625,1.12274169921875,4.783203125
17,0.19999999999999996,0.1693115234375,1.29119873046875,4.78472900390625
15,0.6,-0.68701171875,0.57281494140625,10.53857421875
12,0.6,0.163818359375,0.68817138671875,10.56011962890625
9,0.6,0.385498046875,0.0780029296875,10.5885009765625
24,0.20694444444444438,0.3690185546875,0.78216552734375,4.860107421875
23,0.20694444444444438,-0.31549072265625,1.28741455078125,4.86590576171875
22,0.20694444444444438,0.46856689453125,1.36883544921875,4.86468505859375
21,0.20694444444444438,-0.010986328125,0.83184814453125,4.873291015625
20,0.20694444444444438,-0.0159912109375,1.47601318359375,4.87457275390625
19,0.20694444444444438,0.36053466796875,1.06463623046875,4.877685546875
18,0.20694444444444438,-0.0909423828125,1.11212158203125,4.8839111328125
17,0.20694444444444438,0.17144775390625,1.28497314453125,4.88543701171875
15,0.6069444444444444,-0.695068359375,0.54364013671875,10.6387939453125
12,0.6069444444444444,0.16461181640625,0.66021728515625,10.66058349609375
9,0.6069444444444444,0.38861083984375,0.043701171875,10.689208984375
24,0.2138888888888888,0.3760986328125,0.7628173828125,4.96026611328125
23,0.2138888888888888,-0.32562255859375,1.28082275390625,4.9661865234375
22,0.2138888888888888,0.4781494140625,1.3642578125,4.96490478515625
21,0.2138888888888888,-0.01348876953125,0.813720703125,4.9737548828125
20,0.2138888888888888,-0.01861572265625,1.47418212890625,4.97509765625
19,0.2138888888888888,0.367431640625,1.05242919921875,4.978271484375
18,0.2138888888888888,-0.095458984375,1.10107421875,4.984619140625
17,0.2138888888888888,0.17352294921875,1.27825927734375,4.9862060546875
15,0.61388888888888882,-0.703125,0.5140380859375,10.739013671875
12,0.61388888888888882,0.1654052734375,0.63177490234375,10.7611083984375
9,0.61067495089171508,0.3902587890625,0,10.74334716796875
24,0.22083333333333321,0.3831787109375,0.74298095703125,5.06036376953125
23,0.22083333333333321,-0.33575439453125,1.273681640625,5.06646728515625
22,0.22083333333333321,0.48773193359375,1.35919189453125,5.065185546875
21,0.22083333333333321,-0.0159912109375,0.795166015625,5.07421875
20,0.22083333333333321,-0.02117919921875,1.4718017578125,5.0755615234375
19,0.22083333333333321,0.37432861328125,1.0396728515625,5.07879638671875
18,0.22083333333333321,-0.0999755859375,1.089599609375,5.08538818359375
17,0.22083333333333321,0.1756591796875,1.2711181640625,5.08697509765625
15,0.62083333333333324,-0.71112060546875,0.48382568359375,10.83929443359375
12,0.62083333333333324,0.16619873046875,0.602783203125,10.861572265625
24,0.22777777777777763,0.3902587890625,0.72265625,5.1605224609375
23,0.22777777777777763,-0.345947265625,1.26611328125,5.166748046875
22,0.22777777777777763,0.49737548828125,1.3536376953125,5.1654052734375
21,0.22777777777777763,-0.0184326171875,0.77606201171875,5.1746826171875
20,0.22777777777777763,-0.0238037109375,1.46893310546875,5.176025390625
19,0.22777777777777763,0.38116455078125,1.0264892578125,5.17938232421875
18,0.22777777777777763,-0.10443115234375,1.07757568359375,5.18609619140625
17,0.22777777777777763,0.17779541015625,1.263427734375,5.187744140625
15,0.62777777777777766,-0.71917724609375,0.45330810546875,10.93951416015625
12,0.62777777777777766,0.1669921875,0.57342529296875,10.9620361328125
24,0.23472222222222228,0.3973388671875,0.701904296875,5.2606201171875
23,0.23472222222222228,-0.3560791015625,1.258056640625,5.26702880859375
22,0.23472222222222228,0.5069580078125,1.34765625,5.265625
21,0.23472222222222228,-0.02093505859375,0.756591796875,5.275146484375
20,0.23472222222222228,-0.02642822265625,1.4656982421875,5.27655029296875
19,0.23472222222222228,0.3880615234375,1.0128173828125,5.27996826171875
18,0.23472222222222228,-0.10894775390625,1.06512451171875,5.28680419921875
17,0.23472222222222228,0.17987060546875,1.25537109375,5.28851318359375
15,0.6347222222222223,-0.72723388671875,0.42218017578125,11.03973388671875
12,0.6347222222222223,0.16778564453125,0.54351806640625,11.0625
24,0.2416666666666667,0.40447998046875,0.68060302734375,5.36077880859375
23,0.2416666666666667,-0.3662109375,1.24951171875,5.3673095703125
22,0.2416666666666667,0.51654052734375,1.3411865234375,5.36590576171875
21,0.2416666666666667,-0.02337646484375,0.73651123046875,5.3756103515625
20,0.2416666666666667,-0.02899169921875,1.46185302734375,5.37701416015625
19,0.2416666666666667,0.39495849609375,0.9986572265625,5.3804931640625
18,0.2416666666666667,-0.11346435546875,1.0521240234375,5.38751220703125
17,0.2416666666666667,0.1820068359375,1.2467041015625,5.3892822265625
15,0.64166666666666672,-0.73529052734375,0.390625,11.1400146484375
12,0.64166666666666672,0.1685791015625,0.51318359375,11.1629638671875
24,0.24861111111111112,0.41156005859375,0.65887451171875,5.46087646484375
23,0.24861111111111112,-0.37640380859375,1.240478515625,5.467529296875
22,0.24861111111111112,0.52618408203125,1.334228515625,5.46612548828125
21,0.24861111111111112,-0.02587890625,0.716064453125,5.47607421875
20,0.24861111111111112,-0.0316162109375,1.45758056640625,5.4775390625
19,0.24861111111111112,0.40185546875,0.98406982421875,5.4810791015625
18,0.24861111111111112,-0.117919921875,1.0386962890625,5.48828125
17,0.24861111111111112,0.18414306640625,1.2376708984375,5.49005126953125
15,0.64861111111111114,-0.74334716796875,0.358642578125,11.240234375
12,0.64861111111111114,0.16937255859375,0.48236083984375,11.263427734375
24,0.25555555555555554,0.41864013671875,0.63671875,5.56103515625
23,0.25555555555555554,-0.38653564453125,1.2310791015625,5.56781005859375
22,0.25555555555555554,0.5357666015625,1.32684326171875,5.56634521484375
21,0.25555555555555554,-0.02838134765625,0.69512939453125,5.57647705078125
20,0.25555555555555554,-0.03424072265625,1.45294189453125,5.5780029296875
19,0.25555555555555554,0.40869140625,0.968994140625,5.5816650390625
18,0.25555555555555554,-0.1224365234375,1.02484130859375,5.5889892578125
17,0.25555555555555554,0.18621826171875,1.2281494140625,5.5908203125
15,0.65555555555555556,-0.7513427734375,0.32611083984375,11.34051513671875
12,0.65555555555555556,0.170166015625,0.4510498046875,11.3638916015625
24,0.26249999999999996,0.42572021484375,0.614013671875,5.6611328125
23,0.26249999999999996,-0.39666748046875,1.2210693359375,5.6680908203125
22,0.26249999999999996,0.54534912109375,1.31890869140625,5.6666259765625
21,0.26249999999999996,-0.03082275390625,0.6737060546875,5.67694091796875
20,0.26249999999999996,-0.03680419921875,1.44769287109375,5.67852783203125
19,0.26249999999999996,0.41558837890625,0.95343017578125,5.6822509765625
18,0.26249999999999996,-0.12689208984375,1.01043701171875,5.689697265625
17,0.26249999999999996,0.1883544921875,1.2181396484375,5.69158935546875
15,0.6625,-0.7593994140625,0.293212890625,11.44073486328125
12,0.6625,0.17095947265625,0.4193115234375,11.46435546875
24,0.26944444444444438,0.432861328125,0.5908203125,5.76123046875
23,0.26944444444444438,-0.4068603515625,1.210693359375,5.76837158203125
22,0.26944444444444438,0.55499267578125,1.310546875,5.766845703125
21,0.26944444444444438,-0.0333251953125,0.65179443359375,5.77740478515625
20,0.26944444444444438,-0.0394287109375,1.4420166015625,5.77899169921875
19,0.26944444444444438,0.4224853515625,0.9373779296875,5.78277587890625
18,0.26944444444444438,-0.13140869140625,0.99566650390625,5.79046630859375
17,0.26944444444444438,0.19049072265625,1.2076416015625,5.7923583984375
15,0.6694444444444444,-0.7674560546875,0.25970458984375,11.54095458984375
12,0.6694444444444444,0.1717529296875,0.38702392578125,11.5648193359375
24,0.2763888888888888,0.43994140625,0.56719970703125,5.86138916015625
23,0.2763888888888888,-0.4169921875,1.19976806640625,5.86865234375
22,0.2763888888888888,0.5645751953125,1.30169677734375,5.86712646484375
21,0.2763888888888888,-0.03582763671875,0.62939453125,5.87786865234375
20,0.2763888888888888,-0.04205322265625,1.4359130859375,5.87945556640625
19,0.2763888888888888,0.4293212890625,0.9208984375,5.88336181640625
18,0.2763888888888888,-0.13592529296875,0.9803466796875,5.89117431640625
17,0.2763888888888888,0.19256591796875,1.19671630859375,5.89312744140625
15,0.67638888888888882,-0.7755126953125,0.22576904296875,11.6412353515625
12,0.67638888888888882,0.17254638671875,0.35430908203125,11.665283203125
24,0.28333333333333321,0.447021484375,0.5430908203125,5.96148681640625
23,0.28333333333333321,-0.4271240234375,1.18841552734375,5.96893310546875
22,0.28333333333333321,0.57415771484375,1.2923583984375,5.96734619140625
21,0.28333333333333321,-0.03826904296875,0.6065673828125,5.97833251953125
20,0.28333333333333321,-0.044677734375,1.42926025390625,5.97998046875
19,0.28333333333333321,0.43621826171875,0.90386962890625,5.98394775390625
18,0.28333333333333321,-0.140380859375,0.96453857421875,5.99188232421875
17,0.28333333333333321,0.1947021484375,1.18524169921875,5.993896484375
15,0.68333333333333324,-0.78350830078125,0.19146728515625,11.741455078125
12,0.68333333333333324,0.17333984375,0.32122802734375,11.7657470703125
24,0.29027777777777763,0.4541015625,0.5185546875,6.0616455078125
23,0.29027777777777763,-0.43731689453125,1.17657470703125,6.06915283203125
22,0.29027777777777763,0.58380126953125,1.2825927734375,6.06756591796875
21,0.29027777777777763,-0.040771484375,0.583251953125,6.07879638671875
20,0.29027777777777763,-0.0472412109375,1.4222412109375,6.0804443359375
19,0.29027777777777763,0.443115234375,0.886474609375,6.08447265625
18,0.29027777777777763,-0.1448974609375,0.94830322265625,6.09259033203125
17,0.29027777777777763,0.19683837890625,1.17340087890625,6.0946044921875
15,0.69027777777777766,-0.79156494140625,0.15655517578125,11.84173583984375
12,0.69027777777777766,0.17413330078125,0.28753662109375,11.8662109375
24,0.29722222222222228,0.461181640625,0.4935302734375,6.1617431640625
23,0.29722222222222228,-0.44744873046875,1.164306640625,6.16943359375
22,0.29722222222222228,0.5933837890625,1.2723388671875,6.1678466796875
21,0.29722222222222228,-0.04327392578125,0.55950927734375,6.17926025390625
20,0.29722222222222228,-0.04986572265625,1.4146728515625,6.18096923828125
19,0.29722222222222228,0.45001220703125,0.8685302734375,6.18505859375
18,0.29722222222222228,-0.1494140625,0.93157958984375,6.193359375
17,0.29722222222222228,0.19891357421875,1.1610107421875,6.19537353515625
15,0.6972222222222223,-0.79962158203125,0.1212158203125,11.94195556640625
12,0.6972222222222223,0.1749267578125,0.25341796875,11.9666748046875
24,0.3041666666666667,0.46832275390625,0.468017578125,6.26190185546875
23,0.3041666666666667,-0.45758056640625,1.1514892578125,6.26971435546875
22,0.3041666666666667,0.60296630859375,1.26165771484375,6.26806640625
21,0.3041666666666667,-0.04571533203125,0.53521728515625,6.27972412109375
20,0.3041666666666667,-0.052490234375,1.4066162109375,6.28143310546875
19,0.3041666666666667,0.45684814453125,0.85015869140625,6.28564453125
18,0.3041666666666667,-0.15386962890625,0.91436767578125,6.2940673828125
17,0.3041666666666667,0.2010498046875,1.148193359375,6.296142578125
15,0.70416666666666672,-0.80767822265625,0.08544921875,12.04217529296875
12,0.70416666666666672,0.17572021484375,0.21881103515625,12.067138671875
24,0.31111111111111112,0.47540283203125,0.4420166015625,6.36199951171875
23,0.31111111111111112,-0.4677734375,1.13824462890625,6.3699951171875
22,0.31111111111111112,0.612548828125,1.25042724609375,6.3682861328125
21,0.31111111111111112,-0.0482177734375,0.510498046875,6.38018798828125
20,0.31111111111111112,-0.0550537109375,1.39813232421875,6.3819580078125
19,0.31111111111111112,0.4637451171875,0.83123779296875,6.38623046875
18,0.31111111111111112,-0.15838623046875,0.89666748046875,6.394775390625
17,0.31111111111111112,0.20318603515625,1.13482666015625,6.39691162109375
15,0.71111111111111114,-0.81573486328125,0.04913330078125,12.1424560546875
12,0.71111111111111114,0.176513671875,0.1837158203125,12.1676025390625
24,0.31805555555555554,0.48248291015625,0.41552734375,6.462158203125
23,0.31805555555555554,-0.4779052734375,1.12445068359375,6.47027587890625
22,0.31805555555555554,0.6221923828125,1.23870849609375,6.46856689453125
21,0.31805555555555554,-0.05072021484375,0.4852294921875,6.48065185546875
20,0.31805555555555554,-0.05767822265625,1.38909912109375,6.482421875
19,0.31805555555555554,0.47064208984375,0.8118896484375,6.48675537109375
18,0.31805555555555554,-0.16290283203125,0.8785400390625,6.49554443359375
17,0.31805555555555554,0.20526123046875,1.12103271484375,6.4976806640625
15,0.71567757409124655,-0.82098388671875,0,12.2083740234375
12,0.71805555555555556,0.17730712890625,0.148193359375,12.26806640625
24,0.32499999999999996,0.48956298828125,0.38861083984375,6.562255859375
23,0.32499999999999996,-0.488037109375,1.11029052734375,6.570556640625
22,0.32499999999999996,0.63177490234375,1.2265625,6.56878662109375
21,0.32499999999999996,-0.05316162109375,0.4595947265625,6.5810546875
20,0.32499999999999996,-0.060302734375,1.379638671875,6.5828857421875
19,0.32499999999999996,0.4775390625,0.7921142578125,6.58734130859375
18,0.32499999999999996,-0.1673583984375,0.85992431640625,6.59625244140625
17,0.32499999999999996,0.2073974609375,1.10675048828125,6.59844970703125
12,0.725,0.1781005859375,0.1121826171875,12.3685302734375
24,0.33194444444444438,0.49664306640625,0.3612060546875,6.66241455078125
23,0.33194444444444438,-0.49822998046875,1.0955810546875,6.67083740234375
22,0.33194444444444438,0.641357421875,1.21392822265625,6.66900634765625
21,0.33194444444444438,-0.0556640625,0.43341064453125,6.6815185546875
20,0.33194444444444438,-0.0628662109375,1.3697509765625,6.68341064453125
19,0.33194444444444438,0.484375,0.77178955078125,6.68792724609375
18,0.33194444444444438,-0.171875,0.8408203125,6.69696044921875
17,0.33194444444444438,0.20953369140625,1.092041015625,6.69921875
12,0.7319444444444444,0.17889404296875,0.07568359375,12.46905517578125
24,0.3388888888888888,0.5037841796875,0.3333740234375,6.76251220703125
23,0.3388888888888888,-0.50836181640625,1.08050537109375,6.77105712890625
22,0.3388888888888888,0.6510009765625,1.20086669921875,6.769287109375
21,0.3388888888888888,-0.05816650390625,0.40679931640625,6.781982421875
20,0.3388888888888888,-0.06549072265625,1.359375,6.78387451171875
19,0.3388888888888888,0.49127197265625,0.7510986328125,6.7884521484375
18,0.3388888888888888,-0.1763916015625,0.8212890625,6.79766845703125
17,0.3388888888888888,0.21160888671875,1.07684326171875,6.79998779296875
12,0.73888888888888882,0.1796875,0.0386962890625,12.56951904296875
24,0.34583333333333321,0.5108642578125,0.30499267578125,6.8626708984375
23,0.34583333333333321,-0.51849365234375,1.0648193359375,6.871337890625
22,0.34583333333333321,0.66058349609375,1.187255859375,6.8695068359375
21,0.34583333333333321,-0.06060791015625,0.37969970703125,6.8824462890625
20,0.34583333333333321,-0.068115234375,1.34844970703125,6.8843994140625
19,0.34583333333333321,0.4981689453125,0.72979736328125,6.8890380859375
18,0.34583333333333321,-0.18084716796875,0.80120849609375,6.8984375
17,0.34583333333333321,0.2137451171875,1.06109619140625,6.9007568359375
12,0.74142876543761549,0.17999267578125,0,12.60626220703125
24,0.35277777777777763,0.5179443359375,0.27618408203125,6.9627685546875
23,0.35277777777777763,-0.5286865234375,1.04876708984375,6.97161865234375
22,0.35277777777777763,0.670166015625,1.1732177734375,6.9697265625
21,0.35277777777777763,-0.0631103515625,0.35211181640625,6.98291015625
20,0.35277777777777763,-0.07073974609375,1.337158203125,6.98486328125
19,0.35277777777777763,0.5050048828125,0.7081298828125,6.9896240234375
18,0.35277777777777763,-0.18536376953125,0.78070068359375,6.9991455078125
17,0.35277777777777763,0.21588134765625,1.04498291015625,7.00152587890625
24,0.35972222222222228,0.5250244140625,0.24688720703125,7.0628662109375
23,0.35972222222222228,-0.538818359375,1.03216552734375,7.0718994140625
22,0.35972222222222228,0.6798095703125,1.15869140625,7.07000732421875
21,0.35972222222222228,-0.0655517578125,0.3240966796875,7.0833740234375
20,0.35972222222222228,-0.07330322265625,1.3253173828125,7.08538818359375
19,0.35972222222222228,0.51190185546875,0.6859130859375,7.0902099609375
18,0.35972222222222228,-0.18988037109375,0.759765625,7.099853515625
17,0.35972222222222228,0.21795654296875,1.0283203125,7.102294921875
24,0.3666666666666667,0.53216552734375,0.2171630859375,7.16302490234375
23,0.3666666666666667,-0.5489501953125,1.01519775390625,7.17218017578125
22,0.3666666666666667,0.68939208984375,1.14373779296875,7.17022705078125
21,0.3666666666666667,-0.06805419921875,0.29559326171875,7.183837890625
20,0.3666666666666667,-0.075927734375,1.31304931640625,7.18585205078125
19,0.3666666666666667,0.518798828125,0.663330078125,7.19073486328125
18,0.3666666666666667,-0.1943359375,0.73834228515625,7.2005615234375
17,0.3666666666666667,0.2200927734375,1.01129150390625,7.20306396484375
24,0.37361111111111112,0.53924560546875,0.1868896484375,7.26312255859375
23,0.37361111111111112,-0.55914306640625,0.99761962890625,7.2724609375
22,0.37361111111111112,0.698974609375,1.1282958984375,7.27044677734375
21,0.37361111111111112,-0.070556640625,0.2666015625,7.2843017578125
20,0.37361111111111112,-0.07855224609375,1.30029296875,7.28631591796875
19,0.37361111111111112,0.52569580078125,0.64013671875,7.29132080078125
18,0.37361111111111112,-0.1988525390625,0.71636962890625,7.30133056640625
17,0.37361111111111112,0.22222900390625,0.99365234375,7.30377197265625
24,0.38055555555555554,0.54632568359375,0.1561279296875,7.36328125
23,0.38055555555555554,-0.56927490234375,0.97967529296875,7.37274169921875
22,0.38055555555555554,0.7086181640625,1.11236572265625,7.3707275390625
21,0.38055555555555554,-0.072998046875,0.23712158203125,7.384765625
20,0.38055555555555554,-0.08111572265625,1.28704833984375,7.3868408203125
19,0.38055555555555554,0.53253173828125,0.6165771484375,7.39190673828125
18,0.38055555555555554,-0.203369140625,0.6939697265625,7.40203857421875
17,0.38055555555555554,0.22430419921875,0.97564697265625,7.404541015625
24,0.38749999999999996,0.55340576171875,0.12493896484375,7.46337890625
23,0.38749999999999996,-0.57940673828125,0.961181640625,7.47296142578125
22,0.38749999999999996,0.71820068359375,1.095947265625,7.470947265625
21,0.38749999999999996,-0.07550048828125,0.2071533203125,7.4852294921875
20,0.38749999999999996,-0.083740234375,1.2733154296875,7.4873046875
19,0.38749999999999996,0.5394287109375,0.59246826171875,7.492431640625
18,0.38749999999999996,-0.20782470703125,0.67108154296875,7.50274658203125
17,0.38749999999999996,0.2264404296875,0.95709228515625,7.50531005859375
24,0.39444444444444438,0.56048583984375,0.09332275390625,7.56353759765625
23,0.39444444444444438,-0.589599609375,0.94232177734375,7.5732421875
22,0.39444444444444438,0.727783203125,1.0791015625,7.5711669921875
21,0.39444444444444438,-0.0780029296875,0.17681884765625,7.58563232421875
20,0.39444444444444438,-0.08636474609375,1.25921630859375,7.58782958984375
19,0.39444444444444438,0.54632568359375,0.5679931640625,7.593017578125
18,0.39444444444444438,-0.21234130859375,0.64776611328125,7.603515625
17,0.39444444444444438,0.22857666015625,0.93817138671875,7.6060791015625
25,0,0.08746337890625,1.25909423828125,0.88604736328125
26,0,0.08746337890625,1.25909423828125,0.88604736328125
27,0,0.08746337890625,1.25909423828125,0.88604736328125
28,0,0.08746337890625,1.25909423828125,0.88604736328125
29,0,0.08746337890625,1.25909423828125,0.88604736328125
30,0,0.08746337890625,1.25909423828125,0.88604736328125
31,0,0.08746337890625,1.25909423828125,0.88604736328125
32,0,0.08746337890625,1.25909423828125,0.88604736328125
32,0.0013888888888886619,0.08819580078125,1.255615234375,0.9163818359375
31,0.0013888888888886619,0.08502197265625,1.2613525390625,0.91644287109375
30,0.0013888888888886619,0.09075927734375,1.2593994140625,0.91644287109375
29,0.0013888888888886619,0.085693359375,1.2572021484375,0.91650390625
28,0.0013888888888886619,0.08770751953125,1.26165771484375,0.91650390625
27,0.0013888888888886619,0.0889892578125,1.25762939453125,0.91650390625
26,0.0013888888888886619,0.0860595703125,1.2593994140625,0.91656494140625
25,0.0013888888888886619,0.08837890625,1.259765625,0.91656494140625
24,0.4013888888888888,0.567626953125,0.0611572265625,7.66363525390625
23,0.4013888888888888,-0.5997314453125,0.9228515625,7.67352294921875
22,0.4013888888888888,0.73736572265625,1.06170654296875,7.67144775390625
21,0.4013888888888888,-0.0804443359375,0.1458740234375,7.68609619140625
20,0.4013888888888888,-0.08892822265625,1.2445068359375,7.68829345703125
19,0.4013888888888888,0.55322265625,0.54290771484375,7.693603515625
18,0.4013888888888888,-0.216796875,0.6239013671875,7.7042236328125
17,0.4013888888888888,0.23065185546875,0.91864013671875,7.70684814453125
32,0.0083333333333330817,0.09173583984375,1.2384033203125,1.06817626953125
31,0.0083333333333330817,0.0728759765625,1.2724609375,1.06829833984375
30,0.0083333333333330817,0.1070556640625,1.26092529296875,1.06829833984375
29,0.0083333333333330817,0.07684326171875,1.2476806640625,1.0687255859375
28,0.0083333333333330817,0.08892822265625,1.274658203125,1.0687255859375
27,0.0083333333333330817,0.0968017578125,1.25030517578125,1.06890869140625
26,0.0083333333333330817,0.078857421875,1.26092529296875,1.06915283203125
25,0.0083333333333330817,0.09307861328125,1.26312255859375,1.06927490234375
24,0.40833333333333321,0.57470703125,0.028564453125,7.7637939453125
23,0.40833333333333321,-0.60986328125,0.90301513671875,7.7738037109375
22,0.40833333333333321,0.74700927734375,1.04388427734375,7.77166748046875
21,0.40833333333333321,-0.08294677734375,0.11456298828125,7.78656005859375
20,0.40833333333333321,-0.091552734375,1.22943115234375,7.788818359375
19,0.40833333333333321,0.56005859375,0.5174560546875,7.79412841796875
18,0.40833333333333321,-0.2213134765625,0.59967041015625,7.804931640625
17,0.40833333333333321,0.2327880859375,0.89874267578125,7.8076171875
32,0.015277777777777501,0.0953369140625,1.22113037109375,1.21990966796875
31,0.015277777777777501,0.0606689453125,1.28363037109375,1.22021484375
30,0.015277777777777501,0.1234130859375,1.262451171875,1.22021484375
29,0.015277777777777501,0.06805419921875,1.23822021484375,1.220947265625
28,0.015277777777777501,0.09014892578125,1.28759765625,1.220947265625
27,0.015277777777777501,0.10455322265625,1.24298095703125,1.2213134765625
26,0.015277777777777501,0.07171630859375,1.26239013671875,1.2218017578125
25,0.015277777777777501,0.0977783203125,1.26641845703125,1.221923828125
24,0.40907902805325513,0.575439453125,0,7.7745361328125
23,0.41527777777777763,-0.62005615234375,0.88262939453125,7.87408447265625
22,0.41527777777777763,0.756591796875,1.02557373046875,7.87188720703125
21,0.41527777777777763,-0.08544921875,0.08270263671875,7.88702392578125
20,0.41527777777777763,-0.09417724609375,1.21380615234375,7.8892822265625
19,0.41527777777777763,0.56695556640625,0.49151611328125,7.89471435546875
18,0.41527777777777763,-0.225830078125,0.57489013671875,7.9056396484375
17,0.41527777777777763,0.23492431640625,0.8782958984375,7.90838623046875
32,0.022222222222222143,0.098876953125,1.203857421875,1.3717041015625
31,0.022222222222222143,0.04852294921875,1.2947998046875,1.3720703125
30,0.022222222222222143,0.1397705078125,1.26397705078125,1.37213134765625
29,0.022222222222222143,0.0592041015625,1.22869873046875,1.3731689453125
28,0.022222222222222143,0.09136962890625,1.300537109375,1.3731689453125
27,0.022222222222222143,0.1123046875,1.2357177734375,1.37371826171875
26,0.022222222222222143,0.0645751953125,1.263916015625,1.3743896484375
25,0.022222222222222143,0.10247802734375,1.269775390625,1.37457275390625
23,0.42222222222222228,-0.63018798828125,0.86187744140625,7.974365234375
22,0.42222222222222228,0.76617431640625,1.0068359375,7.97216796875
21,0.42222222222222228,-0.087890625,0.05047607421875,7.98748779296875
20,0.42222222222222228,-0.0968017578125,1.19775390625,7.98974609375
19,0.42222222222222228,0.5738525390625,0.465087890625,7.99530029296875
18,0.42222222222222228,-0.23028564453125,0.5496826171875,8.00640869140625
17,0.42222222222222228,0.23699951171875,0.85748291015625,8.0091552734375
32,0.029166666666666563,0.10247802734375,1.1866455078125,1.5234375
31,0.029166666666666563,0.036376953125,1.30596923828125,1.52398681640625
30,0.029166666666666563,0.1561279296875,1.2655029296875,1.52398681640625
29,0.029166666666666563,0.05035400390625,1.21923828125,1.525390625
28,0.029166666666666563,0.09259033203125,1.3134765625,1.525390625
27,0.029166666666666563,0.12005615234375,1.2283935546875,1.526123046875
26,0.029166666666666563,0.057373046875,1.26544189453125,1.5269775390625
25,0.029166666666666563,0.107177734375,1.27313232421875,1.52728271484375
23,0.4291666666666667,-0.64031982421875,0.84051513671875,8.07464599609375
22,0.4291666666666667,0.77581787109375,0.987548828125,8.0723876953125
21,0.4276073935447528,-0.08984375,0,8.06536865234375
20,0.4291666666666667,-0.099365234375,1.18121337890625,8.09027099609375
19,0.4291666666666667,0.5806884765625,0.43817138671875,8.09588623046875
18,0.4291666666666667,-0.23480224609375,0.52392578125,8.10711669921875
17,0.4291666666666667,0.2391357421875,0.8360595703125,8.10992431640625
32,0.036111111111110983,0.10601806640625,1.16937255859375,1.6751708984375
31,0.036111111111110983,0.024169921875,1.317138671875,1.67584228515625
30,0.036111111111110983,0.17242431640625,1.26702880859375,1.6759033203125
29,0.036111111111110983,0.04150390625,1.209716796875,1.6776123046875
28,0.036111111111110983,0.09381103515625,1.326416015625,1.6776123046875
27,0.036111111111110983,0.1278076171875,1.2210693359375,1.67852783203125
26,0.036111111111110983,0.05023193359375,1.26690673828125,1.6795654296875
25,0.036111111111110983,0.11187744140625,1.2764892578125,1.679931640625
23,0.43611111111111112,-0.6505126953125,0.81878662109375,8.17486572265625
22,0.43611111111111112,0.785400390625,0.9678955078125,8.172607421875
20,0.43611111111111112,-0.10198974609375,1.1641845703125,8.19073486328125
19,0.43611111111111112,0.58758544921875,0.4107666015625,8.1964111328125
18,0.43611111111111112,-0.23931884765625,0.49774169921875,8.20782470703125
17,0.43611111111111112,0.24127197265625,0.81427001953125,8.210693359375
32,0.0430555555555554,0.10955810546875,1.152099609375,1.82696533203125
31,0.0430555555555554,0.01202392578125,1.3282470703125,1.82769775390625
30,0.0430555555555554,0.18878173828125,1.2685546875,1.8277587890625
29,0.0430555555555554,0.03271484375,1.20025634765625,1.829833984375
28,0.0430555555555554,0.09503173828125,1.33935546875,1.829833984375
27,0.0430555555555554,0.13555908203125,1.2137451171875,1.8309326171875
26,0.0430555555555554,0.0430908203125,1.2684326171875,1.8321533203125
25,0.0430555555555554,0.1165771484375,1.27978515625,1.83258056640625
23,0.44305555555555554,-0.66064453125,0.79656982421875,8.275146484375
22,0.44305555555555554,0.79498291015625,0.94775390625,8.27288818359375
20,0.44305555555555554,-0.1046142578125,1.146728515625,8.291259765625
19,0.44305555555555554,0.594482421875,0.38299560546875,8.2969970703125
18,0.44305555555555554,-0.2437744140625,0.47113037109375,8.30859375
17,0.44305555555555554,0.24334716796875,0.7919921875,8.31146240234375
32,0.049999999999999822,0.1131591796875,1.1348876953125,1.97869873046875
31,0.049999999999999822,-0.0001220703125,1.33941650390625,1.9796142578125
30,0.049999999999999822,0.20513916015625,1.2701416015625,1.97967529296875
29,0.049999999999999822,0.02386474609375,1.19073486328125,1.9820556640625
28,0.049999999999999822,0.09625244140625,1.352294921875,1.9820556640625
27,0.049999999999999822,0.14337158203125,1.2064208984375,1.98333740234375
26,0.049999999999999822,0.03594970703125,1.26995849609375,1.98480224609375
25,0.049999999999999822,0.12127685546875,1.28314208984375,1.98529052734375
23,0.44999999999999996,-0.6707763671875,0.77386474609375,8.37542724609375
22,0.44999999999999996,0.80462646484375,0.92706298828125,8.37310791015625
20,0.44999999999999996,-0.107177734375,1.1287841796875,8.3917236328125
19,0.44999999999999996,0.60137939453125,0.3546142578125,8.3975830078125
18,0.44999999999999996,-0.248291015625,0.4439697265625,8.4093017578125
17,0.44999999999999996,0.2454833984375,0.76922607421875,8.4122314453125
32,0.056944444444444242,0.11669921875,1.11761474609375,2.1304931640625
31,0.056944444444444242,-0.0123291015625,1.3505859375,2.1314697265625
30,0.056944444444444242,0.221435546875,1.27166748046875,2.131591796875
29,0.056944444444444242,0.0150146484375,1.1812744140625,2.13427734375
28,0.056944444444444242,0.09747314453125,1.36529541015625,2.13427734375
27,0.056944444444444242,0.151123046875,1.19915771484375,2.1357421875
26,0.056944444444444242,0.02874755859375,1.271484375,2.13739013671875
25,0.056944444444444242,0.1259765625,1.2864990234375,2.137939453125
23,0.45694444444444438,-0.68096923828125,0.75067138671875,8.4757080078125
22,0.45694444444444438,0.814208984375,0.90594482421875,8.47332763671875
20,0.45694444444444438,-0.10980224609375,1.1103515625,8.49224853515625
19,0.45694444444444438,0.60821533203125,0.32586669921875,8.49810791015625
18,0.45694444444444438,-0.2528076171875,0.41644287109375,8.510009765625
17,0.45694444444444438,0.24761962890625,0.7459716796875,8.512939453125
32,0.063888888888888662,0.12030029296875,1.100341796875,2.2822265625
31,0.063888888888888662,-0.02447509765625,1.36175537109375,2.28338623046875
30,0.063888888888888662,0.23779296875,1.273193359375,2.283447265625
29,0.063888888888888662,0.00616455078125,1.1717529296875,2.28656005859375
28,0.063888888888888662,0.0987548828125,1.37823486328125,2.2864990234375
27,0.063888888888888662,0.15887451171875,1.19183349609375,2.28814697265625
26,0.063888888888888662,0.0216064453125,1.27294921875,2.28997802734375
25,0.063888888888888662,0.13067626953125,1.289794921875,2.29058837890625
23,0.4638888888888888,-0.69110107421875,0.72705078125,8.57598876953125
22,0.4638888888888888,0.82379150390625,0.88433837890625,8.5736083984375
20,0.4638888888888888,-0.1124267578125,1.0914306640625,8.59271240234375
19,0.4638888888888888,0.6151123046875,0.29656982421875,8.59869384765625
18,0.4638888888888888,-0.25726318359375,0.38836669921875,8.6107177734375
17,0.4638888888888888,0.24969482421875,0.7222900390625,8.61370849609375
32,0.070833333333333082,0.12384033203125,1.08306884765625,2.4334716796875
31,0.070833333333333082,-0.03662109375,1.372802734375,2.43475341796875
30,0.070833333333333082,0.25408935546875,1.274658203125,2.43487548828125
29,0.070833333333333082,-0.00262451171875,1.1622314453125,2.43829345703125
28,0.070833333333333082,0.0999755859375,1.39105224609375,2.438232421875
27,0.070833333333333082,0.1666259765625,1.1844482421875,2.44012451171875
26,0.070833333333333082,0.01446533203125,1.2744140625,2.44207763671875
25,0.070833333333333082,0.13531494140625,1.2930908203125,2.44281005859375
23,0.47083333333333321,-0.70123291015625,0.702880859375,8.67626953125
22,0.47083333333333321,0.83343505859375,0.86224365234375,8.673828125
20,0.47083333333333321,-0.114990234375,1.07208251953125,8.69317626953125
19,0.47083333333333321,0.62200927734375,0.266845703125,8.69927978515625
18,0.47083333333333321,-0.26177978515625,0.35980224609375,8.71148681640625
17,0.47083333333333321,0.2518310546875,0.69805908203125,8.7144775390625
32,0.0777777777777775,0.12738037109375,1.06561279296875,2.582275390625
31,0.0777777777777775,-0.04852294921875,1.3831787109375,2.58367919921875
30,0.0777777777777775,0.2701416015625,1.27557373046875,2.58380126953125
29,0.0777777777777775,-0.01129150390625,1.15240478515625,2.5875244140625
28,0.0777777777777775,0.10113525390625,1.4031982421875,2.5875244140625
27,0.0777777777777775,0.1741943359375,1.1767578125,2.58953857421875
26,0.0777777777777775,0.0074462890625,1.27532958984375,2.59173583984375
25,0.0777777777777775,0.13995361328125,1.29583740234375,2.59246826171875
23,0.47777777777777763,-0.71142578125,0.67828369140625,8.7764892578125
22,0.47777777777777763,0.843017578125,0.83966064453125,8.7740478515625
20,0.47777777777777763,-0.11761474609375,1.05218505859375,8.793701171875
19,0.47777777777777763,0.62884521484375,0.236572265625,8.79986572265625
18,0.47777777777777763,-0.26629638671875,0.33074951171875,8.81219482421875
17,0.47777777777777763,0.25396728515625,0.67340087890625,8.81524658203125
32,0.084722222222222143,0.13079833984375,1.04803466796875,2.7283935546875
31,0.084722222222222143,-0.06024169921875,1.3929443359375,2.72991943359375
30,0.084722222222222143,0.28582763671875,1.27606201171875,2.73004150390625
29,0.084722222222222143,-0.019775390625,1.14227294921875,2.73406982421875
28,0.084722222222222143,0.102294921875,1.4146728515625,2.73406982421875
27,0.084722222222222143,0.18170166015625,1.16876220703125,2.73626708984375
26,0.084722222222222143,0.00054931640625,1.27581787109375,2.7386474609375
25,0.084722222222222143,0.14447021484375,1.29803466796875,2.739501953125
23,0.48472222222222228,-0.7215576171875,0.6531982421875,8.87677001953125
22,0.48472222222222228,0.85260009765625,0.816650390625,8.87432861328125
20,0.48472222222222228,-0.1202392578125,1.0318603515625,8.8941650390625
19,0.48472222222222228,0.6357421875,0.2059326171875,8.900390625
18,0.48472222222222228,-0.270751953125,0.30126953125,8.91290283203125
17,0.48472222222222228,0.25604248046875,0.64825439453125,8.916015625
32,0.091666666666666563,0.1341552734375,1.0302734375,2.871826171875
31,0.091666666666666563,-0.07177734375,1.40203857421875,2.87347412109375
30,0.091666666666666563,0.30126953125,1.27606201171875,2.87359619140625
29,0.091666666666666563,-0.02813720703125,1.1318359375,2.87799072265625
28,0.091666666666666563,0.10345458984375,1.42547607421875,2.8779296875
27,0.091666666666666563,0.18902587890625,1.16033935546875,2.88031005859375
26,0.091666666666666563,-0.0062255859375,1.2757568359375,2.88287353515625
25,0.091666666666666563,0.14892578125,1.29974365234375,2.8837890625
23,0.4916666666666667,-0.731689453125,0.627685546875,8.97705078125
22,0.4916666666666667,0.8621826171875,0.79315185546875,8.97454833984375
20,0.4916666666666667,-0.12286376953125,1.0111083984375,8.99468994140625
19,0.4916666666666667,0.64263916015625,0.1748046875,9.0009765625
18,0.4916666666666667,-0.2752685546875,0.27130126953125,9.013671875
17,0.4916666666666667,0.2581787109375,0.6226806640625,9.01678466796875
32,0.098611111111110983,0.137451171875,1.0123291015625,3.0125732421875
31,0.098611111111110983,-0.0830078125,1.410400390625,3.01434326171875
30,0.098611111111110983,0.31646728515625,1.2755126953125,3.01446533203125
29,0.098611111111110983,-0.03631591796875,1.12109375,3.0191650390625
28,0.098611111111110983,0.1046142578125,1.435546875,3.01910400390625
27,0.098611111111110983,0.19622802734375,1.151611328125,3.02166748046875
26,0.098611111111110983,-0.0128173828125,1.27520751953125,3.0244140625
25,0.098611111111110983,0.15325927734375,1.3009033203125,3.02532958984375
23,0.49861111111111112,-0.74188232421875,0.60162353515625,9.07733154296875
22,0.49861111111111112,0.871826171875,0.76922607421875,9.0748291015625
20,0.49861111111111112,-0.12542724609375,0.98980712890625,9.09515380859375
19,0.49861111111111112,0.6495361328125,0.14312744140625,9.1015625
18,0.49861111111111112,-0.27978515625,0.2408447265625,9.1143798828125
17,0.49861111111111112,0.26031494140625,0.5965576171875,9.1175537109375
32,0.1055555555555554,0.14068603515625,0.9942626953125,3.150634765625
31,0.1055555555555554,-0.0941162109375,1.418212890625,3.15252685546875
30,0.1055555555555554,0.331298828125,1.2745361328125,3.15264892578125
29,0.1055555555555554,-0.04437255859375,1.11004638671875,3.1575927734375
28,0.1055555555555554,0.105712890625,1.4449462890625,3.1575927734375
27,0.1055555555555554,0.2032470703125,1.142578125,3.1602783203125
26,0.1055555555555554,-0.01934814453125,1.27423095703125,3.1632080078125
25,0.1055555555555554,0.15753173828125,1.30157470703125,3.16424560546875
23,0.50555555555555554,-0.75201416015625,0.5751953125,9.1776123046875
22,0.50555555555555554,0.88140869140625,0.74481201171875,9.175048828125
20,0.50555555555555554,-0.1280517578125,0.9681396484375,9.1956787109375
19,0.50555555555555554,0.6563720703125,0.111083984375,9.20208740234375
18,0.50555555555555554,-0.28424072265625,0.21002197265625,9.215087890625
17,0.50555555555555554,0.26239013671875,0.570068359375,9.21832275390625
32,0.11249999999999982,0.1439208984375,0.9759521484375,3.2860107421875
31,0.11249999999999982,-0.10498046875,1.42523193359375,3.2879638671875
30,0.11249999999999982,0.34588623046875,1.27301025390625,3.28814697265625
29,0.11249999999999982,-0.05224609375,1.0986328125,3.29339599609375
28,0.11249999999999982,0.1068115234375,1.45355224609375,3.2933349609375
27,0.11249999999999982,0.210205078125,1.13311767578125,3.29620361328125
26,0.11249999999999982,-0.0257568359375,1.27264404296875,3.29937744140625
25,0.11249999999999982,0.16168212890625,1.30157470703125,3.3004150390625
23,0.5125,-0.76214599609375,0.5482177734375,9.27789306640625
22,0.5125,0.8909912109375,0.71990966796875,9.2752685546875
20,0.5125,-0.13067626953125,0.9459228515625,9.296142578125
19,0.5125,0.66326904296875,0.0784912109375,9.30267333984375
18,0.5125,-0.28875732421875,0.17864990234375,9.3157958984375
17,0.5125,0.2645263671875,0.54302978515625,9.319091796875
32,0.11944444444444424,0.14703369140625,0.95745849609375,3.418701171875
31,0.11944444444444424,-0.1156005859375,1.431640625,3.4207763671875
30,0.11944444444444424,0.36016845703125,1.27093505859375,3.42095947265625
29,0.11944444444444424,-0.0599365234375,1.08697509765625,3.426513671875
28,0.11944444444444424,0.10791015625,1.46148681640625,3.42645263671875
27,0.11944444444444424,0.21697998046875,1.1234130859375,3.42950439453125
26,0.11944444444444424,-0.031982421875,1.27056884765625,3.4327392578125
25,0.11944444444444424,0.16583251953125,1.3011474609375,3.43389892578125
23,0.51944444444444438,-0.7723388671875,0.52081298828125,9.378173828125
22,0.51944444444444438,0.900634765625,0.69451904296875,9.37554931640625
20,0.51944444444444438,-0.13323974609375,0.9232177734375,9.3966064453125
19,0.51944444444444438,0.670166015625,0.04547119140625,9.40325927734375
18,0.51944444444444438,-0.29327392578125,0.14678955078125,9.41656494140625
17,0.51944444444444438,0.26666259765625,0.51556396484375,9.41986083984375
32,0.12638888888888866,0.15008544921875,0.93890380859375,3.54864501953125
31,0.12638888888888866,-0.12603759765625,1.4373779296875,3.55084228515625
30,0.12638888888888866,0.37420654296875,1.26849365234375,3.551025390625
29,0.12638888888888866,-0.0675048828125,1.0750732421875,3.556884765625
28,0.12638888888888866,0.10894775390625,1.46881103515625,3.55682373046875
27,0.12638888888888866,0.2236328125,1.11334228515625,3.55999755859375
26,0.12638888888888866,-0.03814697265625,1.26806640625,3.5634765625
25,0.12638888888888866,0.16986083984375,1.30023193359375,3.56463623046875
23,0.5263888888888888,-0.782470703125,0.492919921875,9.4783935546875
22,0.5263888888888888,0.91021728515625,0.66864013671875,9.47576904296875
20,0.5263888888888888,-0.1358642578125,0.90008544921875,9.49713134765625
19,0.52367676746701985,0.67437744140625,0,9.46453857421875
18,0.5263888888888888,-0.2977294921875,0.11444091796875,9.51727294921875
17,0.5263888888888888,0.26873779296875,0.487548828125,9.5206298828125
32,0.13333333333333308,0.153076171875,0.92010498046875,3.67596435546875
31,0.13333333333333308,-0.13623046875,1.4423828125,3.67828369140625
30,0.13333333333333308,0.38787841796875,1.26544189453125,3.678466796875
29,0.13333333333333308,-0.074951171875,1.06280517578125,3.6845703125
28,0.13333333333333308,0.1099853515625,1.475341796875,3.68450927734375
27,0.13333333333333308,0.23016357421875,1.1029052734375,3.6878662109375
26,0.13333333333333308,-0.04412841796875,1.2650146484375,3.69146728515625
25,0.13333333333333308,0.17376708984375,1.2987060546875,3.69268798828125
23,0.53333333333333321,-0.7926025390625,0.4644775390625,9.57867431640625
22,0.53333333333333321,0.9197998046875,0.64227294921875,9.57598876953125
20,0.53333333333333321,-0.13848876953125,0.87640380859375,9.59759521484375
18,0.53333333333333321,-0.30224609375,0.08160400390625,9.61798095703125
17,0.53333333333333321,0.2708740234375,0.4591064453125,9.62139892578125
32,0.1402777777777775,0.156005859375,0.90118408203125,3.80059814453125
31,0.1402777777777775,-0.146240234375,1.44683837890625,3.802978515625
30,0.1402777777777775,0.40130615234375,1.261962890625,3.80316162109375
29,0.1402777777777775,-0.08221435546875,1.05023193359375,3.8095703125
28,0.1402777777777775,0.1109619140625,1.481201171875,3.80950927734375
27,0.1402777777777775,0.23651123046875,1.09210205078125,3.81298828125
26,0.1402777777777775,-0.04998779296875,1.261474609375,3.8167724609375
25,0.1402777777777775,0.1776123046875,1.29669189453125,3.81805419921875
23,0.54027777777777763,-0.80279541015625,0.4356689453125,9.678955078125
22,0.54027777777777763,0.929443359375,0.615478515625,9.67626953125
20,0.54027777777777763,-0.14105224609375,0.852294921875,9.6981201171875
18,0.54027777777777763,-0.30670166015625,0.04833984375,9.71868896484375
17,0.54027777777777763,0.27301025390625,0.43017578125,9.72216796875
32,0.14722222222222214,0.15887451171875,0.882080078125,3.92254638671875
31,0.14722222222222214,-0.156005859375,1.45050048828125,3.92498779296875
30,0.14722222222222214,0.4144287109375,1.2579345703125,3.92523193359375
29,0.14722222222222214,-0.08929443359375,1.037353515625,3.931884765625
28,0.14722222222222214,0.1119384765625,1.48638916015625,3.93182373046875
27,0.14722222222222214,0.24273681640625,1.08099365234375,3.93548583984375
26,0.14722222222222214,-0.0557861328125,1.2574462890625,3.93939208984375
25,0.14722222222222214,0.181396484375,1.29412841796875,3.94073486328125
23,0.54722222222222228,-0.81292724609375,0.40631103515625,9.77923583984375
22,0.54722222222222228,0.93902587890625,0.58819580078125,9.7764892578125
20,0.54722222222222228,-0.1436767578125,0.8277587890625,9.798583984375
18,0.54507735563488935,-0.309814453125,0,9.788330078125
17,0.54722222222222228,0.27508544921875,0.40081787109375,9.8228759765625
32,0.15416666666666656,0.16168212890625,0.86279296875,4.041748046875
31,0.15416666666666656,-0.16552734375,1.45355224609375,4.04437255859375
30,0.15416666666666656,0.42730712890625,1.25335693359375,4.0445556640625
29,0.15416666666666656,-0.09625244140625,1.024169921875,4.051513671875
28,0.15416666666666656,0.1129150390625,1.49078369140625,4.05145263671875
27,0.15416666666666656,0.24884033203125,1.06951904296875,4.05523681640625
26,0.15416666666666656,-0.0614013671875,1.2529296875,4.059326171875
25,0.15416666666666656,0.18511962890625,1.291015625,4.0606689453125
23,0.5541666666666667,-0.82305908203125,0.3765869140625,9.8795166015625
22,0.5541666666666667,0.9486083984375,0.56048583984375,9.876708984375
20,0.5541666666666667,-0.14630126953125,0.802734375,9.89910888671875
17,0.5541666666666667,0.2772216796875,0.3709716796875,9.92364501953125
32,0.16111111111111098,0.1644287109375,0.8433837890625,4.1583251953125
31,0.16111111111111098,-0.17486572265625,1.4559326171875,4.1610107421875
30,0.16111111111111098,0.4398193359375,1.2484130859375,4.1612548828125
29,0.16111111111111098,-0.10302734375,1.01068115234375,4.16839599609375
28,0.16111111111111098,0.11383056640625,1.49456787109375,4.1683349609375
27,0.16111111111111098,0.25482177734375,1.0577392578125,4.1722412109375
26,0.16111111111111098,-0.06689453125,1.2479248046875,4.176513671875
25,0.16111111111111098,0.188720703125,1.28741455078125,4.177978515625
23,0.56111111111111112,-0.833251953125,0.34625244140625,9.97979736328125
22,0.56111111111111112,0.958251953125,0.53228759765625,9.97698974609375
20,0.56111111111111112,-0.14892578125,0.77716064453125,9.99957275390625
17,0.56111111111111112,0.27935791015625,0.34063720703125,10.0244140625
32,0.1680555555555554,0.1671142578125,0.82379150390625,4.27215576171875
31,0.1680555555555554,-0.18402099609375,1.45770263671875,4.27496337890625
30,0.1680555555555554,0.45208740234375,1.242919921875,4.27520751953125
29,0.1680555555555554,-0.109619140625,0.9969482421875,4.2825927734375
28,0.1680555555555554,0.11474609375,1.49761962890625,4.28253173828125
27,0.1680555555555554,0.2606201171875,1.04559326171875,4.28662109375
26,0.1680555555555554,-0.072265625,1.24237060546875,4.291015625
25,0.1680555555555554,0.19219970703125,1.28326416015625,4.29248046875
23,0.56805555555555554,-0.8433837890625,0.3155517578125,10.080078125
22,0.56805555555555554,0.96783447265625,0.50360107421875,10.07720947265625
20,0.56805555555555554,-0.1514892578125,0.751220703125,10.10003662109375
17,0.56805555555555554,0.28143310546875,0.309814453125,10.12518310546875
32,0.17499999999999982,0.169677734375,0.803955078125,4.38336181640625
31,0.17499999999999982,-0.19293212890625,1.45867919921875,4.38623046875
30,0.17499999999999982,0.46405029296875,1.23687744140625,4.386474609375
29,0.17499999999999982,-0.1160888671875,0.98284912109375,4.3941650390625
28,0.17499999999999982,0.11566162109375,1.5,4.39404296875
27,0.17499999999999982,0.26629638671875,1.0330810546875,4.39825439453125
26,0.17499999999999982,-0.0775146484375,1.236328125,4.40283203125
25,0.17499999999999982,0.1956787109375,1.278564453125,4.40435791015625
23,0.575,-0.853515625,0.2843017578125,10.1802978515625
22,0.575,0.9774169921875,0.47442626953125,10.17742919921875
20,0.575,-0.15411376953125,0.7247314453125,10.2005615234375
17,0.575,0.2835693359375,0.27850341796875,10.2259521484375
32,0.18194444444444424,0.1722412109375,0.78399658203125,4.4918212890625
31,0.18194444444444424,-0.20166015625,1.45904541015625,4.49481201171875
30,0.18194444444444424,0.47576904296875,1.2303466796875,4.49505615234375
29,0.18194444444444424,-0.1224365234375,0.96844482421875,4.50299072265625
28,0.18194444444444424,0.1165771484375,1.5015869140625,4.50286865234375
27,0.18194444444444424,0.2718505859375,1.020263671875,4.5072021484375
26,0.18194444444444424,-0.0826416015625,1.22979736328125,4.51190185546875
25,0.18194444444444424,0.19903564453125,1.2733154296875,4.51348876953125
23,0.58194444444444438,-0.86370849609375,0.25262451171875,10.28057861328125
22,0.58194444444444438,0.987060546875,0.44476318359375,10.2777099609375
20,0.58194444444444438,-0.15673828125,0.69775390625,10.301025390625
17,0.58194444444444438,0.28570556640625,0.24676513671875,10.32672119140625
32,0.18888888888888866,0.17474365234375,0.763916015625,4.59765625
31,0.18888888888888866,-0.21014404296875,1.45880126953125,4.6007080078125
30,0.18888888888888866,0.48712158203125,1.22332763671875,4.6009521484375
29,0.18888888888888866,-0.12860107421875,0.9537353515625,4.609130859375
28,0.18888888888888866,0.117431640625,1.5025634765625,4.6090087890625
27,0.18888888888888866,0.27728271484375,1.007080078125,4.61346435546875
26,0.18888888888888866,-0.08758544921875,1.2227783203125,4.6182861328125
25,0.18888888888888866,0.2022705078125,1.267578125,4.61993408203125
23,0.5888888888888888,-0.87384033203125,0.220458984375,10.380859375
22,0.5888888888888888,0.99664306640625,0.4146728515625,10.3779296875
20,0.5888888888888888,-0.1593017578125,0.67041015625,10.40155029296875
17,0.5888888888888888,0.28778076171875,0.21453857421875,10.427490234375
32,0.19583333333333308,0.17718505859375,0.74365234375,4.70074462890625
31,0.19583333333333308,-0.2183837890625,1.45782470703125,4.70391845703125
30,0.19583333333333308,0.49822998046875,1.2158203125,4.70416259765625
29,0.19583333333333308,-0.13458251953125,0.938720703125,4.7125244140625
28,0.19583333333333308,0.11822509765625,1.5028076171875,4.71246337890625
27,0.19583333333333308,0.28253173828125,0.99359130859375,4.717041015625
26,0.19583333333333308,-0.09246826171875,1.21527099609375,4.72198486328125
25,0.19583333333333308,0.20550537109375,1.2613525390625,4.7236328125
23,0.59583333333333321,-0.88397216796875,0.1878662109375,10.48114013671875
22,0.59583333333333321,1.0062255859375,0.38409423828125,10.4781494140625
20,0.59583333333333321,-0.16192626953125,0.64251708984375,10.50201416015625
17,0.59583333333333321,0.2899169921875,0.181884765625,10.52825927734375
32,0.2027777777777775,0.17950439453125,0.72320556640625,4.8013916015625
31,0.2027777777777775,-0.2264404296875,1.4561767578125,4.80462646484375
30,0.2027777777777775,0.50909423828125,1.20782470703125,4.804931640625
29,0.2027777777777775,-0.14044189453125,0.92340087890625,4.8134765625
28,0.2027777777777775,0.1190185546875,1.50238037109375,4.81341552734375
27,0.2027777777777775,0.2877197265625,0.97967529296875,4.818115234375
26,0.2027777777777775,-0.09722900390625,1.20721435546875,4.82318115234375
25,0.2027777777777775,0.2086181640625,1.2545166015625,4.82489013671875
23,0.60277777777777763,-0.8941650390625,0.15472412109375,10.5814208984375
22,0.60277777777777763,1.01580810546875,0.35302734375,10.57843017578125
20,0.60277777777777763,-0.16455078125,0.61419677734375,10.6025390625
17,0.60277777777777763,0.29205322265625,0.148681640625,10.6290283203125
32,0.20972222222222214,0.181884765625,0.7022705078125,4.90155029296875
31,0.20972222222222214,-0.2344970703125,1.45404052734375,4.9049072265625
30,0.20972222222222214,0.51983642578125,1.1993408203125,4.9051513671875
29,0.20972222222222214,-0.14630126953125,0.90765380859375,4.9139404296875
28,0.20972222222222214,0.119873046875,1.50140380859375,4.91387939453125
27,0.20972222222222214,0.2928466796875,0.96533203125,4.918701171875
26,0.20972222222222214,-0.1019287109375,1.19873046875,4.92388916015625
25,0.20972222222222214,0.211669921875,1.2471923828125,4.9256591796875
23,0.60972222222222228,-0.904296875,0.12115478515625,10.68170166015625
22,0.60972222222222228,1.02545166015625,0.32147216796875,10.67864990234375
20,0.60972222222222228,-0.1671142578125,0.5853271484375,10.7030029296875
17,0.60972222222222228,0.29412841796875,0.11505126953125,10.72979736328125
32,0.21666666666666656,0.18426513671875,0.68096923828125,5.001708984375
31,0.21666666666666656,-0.24249267578125,1.451416015625,5.005126953125
30,0.21666666666666656,0.5306396484375,1.19036865234375,5.00537109375
29,0.21666666666666656,-0.152099609375,0.89141845703125,5.014404296875
28,0.21666666666666656,0.12066650390625,1.5,5.01434326171875
27,0.21666666666666656,0.29791259765625,0.9505615234375,5.019287109375
26,0.21666666666666656,-0.106689453125,1.18975830078125,5.024658203125
25,0.21666666666666656,0.21478271484375,1.23944091796875,5.02642822265625
23,0.6166666666666667,-0.9144287109375,0.08709716796875,10.781982421875
22,0.6166666666666667,1.0350341796875,0.28948974609375,10.77886962890625
20,0.6166666666666667,-0.16973876953125,0.5560302734375,10.803466796875
17,0.6166666666666667,0.2962646484375,0.0809326171875,10.83056640625
32,0.22361111111111098,0.18658447265625,0.65911865234375,5.10186767578125
31,0.22361111111111098,-0.25054931640625,1.4483642578125,5.1053466796875
30,0.22361111111111098,0.54144287109375,1.18096923828125,5.10565185546875
29,0.22361111111111098,-0.157958984375,0.87469482421875,5.1148681640625
28,0.22361111111111098,0.1214599609375,1.49810791015625,5.11480712890625
27,0.22361111111111098,0.30303955078125,0.935302734375,5.119873046875
26,0.22361111111111098,-0.11138916015625,1.1802978515625,5.1253662109375
25,0.22361111111111098,0.2178955078125,1.231201171875,5.127197265625
23,0.62361111111111112,-0.92462158203125,0.0526123046875,10.8822021484375
22,0.62361111111111112,1.04461669921875,0.25701904296875,10.879150390625
20,0.62361111111111112,-0.17236328125,0.52630615234375,10.90399169921875
17,0.62361111111111112,0.29840087890625,0.04638671875,10.93133544921875
32,0.2305555555555554,0.18896484375,0.63677978515625,5.20208740234375
31,0.2305555555555554,-0.25860595703125,1.44482421875,5.20562744140625
30,0.2305555555555554,0.55224609375,1.1710205078125,5.20587158203125
29,0.2305555555555554,-0.16375732421875,0.8575439453125,5.21539306640625
28,0.2305555555555554,0.12225341796875,1.4957275390625,5.21527099609375
27,0.2305555555555554,0.30816650390625,0.9195556640625,5.220458984375
26,0.2305555555555554,-0.1160888671875,1.17041015625,5.22607421875
25,0.2305555555555554,0.22100830078125,1.22247314453125,5.22796630859375
23,0.62908197801820975,-0.9326171875,0,10.961181640625
22,0.63055555555555554,1.05426025390625,0.22412109375,10.9793701171875
20,0.63055555555555554,-0.17498779296875,0.49603271484375,11.00445556640625
17,0.62784058057481229,0.2996826171875,0,10.99267578125
32,0.23749999999999982,0.1912841796875,0.614013671875,5.30224609375
31,0.23749999999999982,-0.2666015625,1.44073486328125,5.30584716796875
30,0.23749999999999982,0.56298828125,1.16064453125,5.30615234375
29,0.23749999999999982,-0.16961669921875,0.83984375,5.31585693359375
28,0.23749999999999982,0.12310791015625,1.49285888671875,5.31573486328125
27,0.23749999999999982,0.31329345703125,0.9033203125,5.321044921875
26,0.23749999999999982,-0.120849609375,1.15997314453125,5.3267822265625
25,0.23749999999999982,0.22406005859375,1.2132568359375,5.3287353515625
22,0.6375,1.0638427734375,0.190673828125,11.07958984375
20,0.6375,-0.17755126953125,0.46527099609375,11.10498046875
32,0.24444444444444424,0.19366455078125,0.59075927734375,5.40240478515625
31,0.24444444444444424,-0.274658203125,1.436279296875,5.40606689453125
30,0.24444444444444424,0.57379150390625,1.1497802734375,5.4063720703125
29,0.24444444444444424,-0.1754150390625,0.82171630859375,5.41632080078125
28,0.24444444444444424,0.1239013671875,1.48956298828125,5.41619873046875
27,0.24444444444444424,0.31842041015625,0.88665771484375,5.421630859375
26,0.24444444444444424,-0.12554931640625,1.14910888671875,5.427490234375
25,0.24444444444444424,0.2271728515625,1.20361328125,5.42950439453125
22,0.64444444444444438,1.07342529296875,0.15679931640625,11.17987060546875
20,0.64444444444444438,-0.18017578125,0.43414306640625,11.2054443359375
32,0.25138888888888866,0.196044921875,0.56707763671875,5.5025634765625
31,0.25138888888888866,-0.28265380859375,1.43133544921875,5.50634765625
30,0.25138888888888866,0.5845947265625,1.13848876953125,5.50665283203125
29,0.25138888888888866,-0.1812744140625,0.80316162109375,5.51678466796875
28,0.25138888888888866,0.12469482421875,1.48577880859375,5.51666259765625
27,0.25138888888888866,0.32354736328125,0.8695068359375,5.522216796875
26,0.25138888888888866,-0.13031005859375,1.1378173828125,5.5281982421875
25,0.25138888888888866,0.23028564453125,1.19354248046875,5.53021240234375
22,0.6513888888888888,1.08306884765625,0.1224365234375,11.28009033203125
20,0.6513888888888888,-0.18280029296875,0.4024658203125,11.30596923828125
32,0.25833333333333308,0.1983642578125,0.5428466796875,5.60272216796875
31,0.25833333333333308,-0.29071044921875,1.42584228515625,5.6065673828125
30,0.25833333333333308,0.5953369140625,1.12664794921875,5.60687255859375
29,0.25833333333333308,-0.18707275390625,0.7840576171875,5.61724853515625
28,0.25833333333333308,0.12548828125,1.48150634765625,5.61712646484375
27,0.25833333333333308,0.32867431640625,0.85186767578125,5.622802734375
26,0.25833333333333308,-0.135009765625,1.1259765625,5.62890625
25,0.25833333333333308,0.2333984375,1.18292236328125,5.6309814453125
22,0.65833333333333321,1.0926513671875,0.08758544921875,11.38031005859375
20,0.65833333333333321,-0.18536376953125,0.37030029296875,11.40643310546875
32,0.2652777777777775,0.20074462890625,0.5181884765625,5.702880859375
31,0.2652777777777775,-0.2987060546875,1.419921875,5.70684814453125
30,0.2652777777777775,0.60614013671875,1.1143798828125,5.7071533203125
29,0.2652777777777775,-0.19293212890625,0.76446533203125,5.71771240234375
28,0.2652777777777775,0.1263427734375,1.47674560546875,5.71759033203125
27,0.2652777777777775,0.33380126953125,0.833740234375,5.723388671875
26,0.2652777777777775,-0.13970947265625,1.1136474609375,5.72967529296875
25,0.2652777777777775,0.23651123046875,1.17181396484375,5.73175048828125
22,0.66527777777777763,1.10223388671875,0.05224609375,11.4805908203125
20,0.66527777777777763,-0.18798828125,0.33770751953125,11.50689697265625
32,0.27222222222222214,0.20306396484375,0.4930419921875,5.80303955078125
31,0.27222222222222214,-0.3067626953125,1.41351318359375,5.80706787109375
30,0.27222222222222214,0.616943359375,1.10162353515625,5.807373046875
29,0.27222222222222214,-0.19873046875,0.7445068359375,5.81817626953125
28,0.27222222222222214,0.12713623046875,1.4715576171875,5.81805419921875
27,0.27222222222222214,0.33892822265625,0.815185546875,5.823974609375
26,0.27222222222222214,-0.14447021484375,1.10089111328125,5.83038330078125
25,0.27222222222222214,0.23956298828125,1.1602783203125,5.83251953125
22,0.67056550965810036,1.10955810546875,0,11.556884765625
20,0.67222222222222228,-0.19061279296875,0.30462646484375,11.607421875
32,0.27916666666666656,0.2054443359375,0.4674072265625,5.9031982421875
31,0.27916666666666656,-0.3148193359375,1.40667724609375,5.90728759765625
30,0.27916666666666656,0.62774658203125,1.08843994140625,5.90765380859375
29,0.27916666666666656,-0.20458984375,0.7239990234375,5.91864013671875
28,0.27916666666666656,0.1279296875,1.46588134765625,5.91851806640625
27,0.27916666666666656,0.34405517578125,0.79608154296875,5.924560546875
26,0.27916666666666656,-0.149169921875,1.08770751953125,5.93109130859375
25,0.27916666666666656,0.24267578125,1.14825439453125,5.93328857421875
20,0.6791666666666667,-0.19317626953125,0.27105712890625,11.7078857421875
32,0.286111111111111,0.20782470703125,0.44134521484375,6.00335693359375
31,0.286111111111111,-0.32281494140625,1.39935302734375,6.007568359375
30,0.286111111111111,0.63848876953125,1.07476806640625,6.00787353515625
29,0.286111111111111,-0.21038818359375,0.7030029296875,6.01910400390625
28,0.286111111111111,0.12872314453125,1.459716796875,6.01904296875
27,0.286111111111111,0.34918212890625,0.77655029296875,6.025146484375
26,0.286111111111111,-0.1539306640625,1.073974609375,6.03179931640625
25,0.286111111111111,0.24578857421875,1.1357421875,6.0340576171875
20,0.68611111111111112,-0.19580078125,0.237060546875,11.80841064453125
32,0.2930555555555554,0.21014404296875,0.41473388671875,6.103515625
31,0.2930555555555554,-0.33087158203125,1.3914794921875,6.1077880859375
30,0.2930555555555554,0.6492919921875,1.060546875,6.108154296875
29,0.2930555555555554,-0.21624755859375,0.68157958984375,6.11956787109375
28,0.2930555555555554,0.12957763671875,1.45306396484375,6.1195068359375
27,0.2930555555555554,0.35430908203125,0.75653076171875,6.125732421875
26,0.2930555555555554,-0.15863037109375,1.05975341796875,6.13250732421875
25,0.2930555555555554,0.2489013671875,1.12274169921875,6.13482666015625
20,0.69305555555555554,-0.19842529296875,0.2025146484375,11.90887451171875
32,0.29999999999999982,0.2125244140625,0.38775634765625,6.20367431640625
31,0.29999999999999982,-0.3388671875,1.38323974609375,6.2080078125
30,0.29999999999999982,0.66009521484375,1.04595947265625,6.2083740234375
29,0.29999999999999982,-0.22210693359375,0.65966796875,6.2200927734375
28,0.29999999999999982,0.13037109375,1.44598388671875,6.219970703125
27,0.29999999999999982,0.35943603515625,0.736083984375,6.226318359375
26,0.29999999999999982,-0.16339111328125,1.045166015625,6.23321533203125
25,0.29999999999999982,0.251953125,1.10931396484375,6.235595703125
20,0.7,-0.2010498046875,0.1676025390625,12.0093994140625
32,0.30694444444444424,0.21484375,0.3602294921875,6.3038330078125
31,0.30694444444444424,-0.346923828125,1.37451171875,6.30828857421875
30,0.30694444444444424,0.67083740234375,1.03082275390625,6.30865478515625
29,0.30694444444444424,-0.2279052734375,0.63726806640625,6.320556640625
28,0.30694444444444424,0.13116455078125,1.43841552734375,6.3204345703125
27,0.30694444444444424,0.364501953125,0.71514892578125,6.326904296875
26,0.30694444444444424,-0.1680908203125,1.030029296875,6.333984375
25,0.30694444444444424,0.25506591796875,1.095458984375,6.3363037109375
20,0.70694444444444438,-0.20361328125,0.13214111328125,12.10986328125
32,0.31388888888888866,0.21722412109375,0.332275390625,6.40399169921875
31,0.31388888888888866,-0.35491943359375,1.365234375,6.40850830078125
30,0.31388888888888866,0.681640625,1.0152587890625,6.40887451171875
29,0.31388888888888866,-0.2337646484375,0.61444091796875,6.4210205078125
28,0.31388888888888866,0.1319580078125,1.43035888671875,6.4208984375
27,0.31388888888888866,0.36962890625,0.6937255859375,6.427490234375
26,0.31388888888888866,-0.17279052734375,1.014404296875,6.4346923828125
25,0.31388888888888866,0.2581787109375,1.0810546875,6.43707275390625
20,0.7138888888888888,-0.20623779296875,0.09619140625,12.2103271484375
32,0.32083333333333308,0.21954345703125,0.3038330078125,6.504150390625
31,0.32083333333333308,-0.36297607421875,1.3555908203125,6.5087890625
30,0.32083333333333308,0.69244384765625,0.99920654296875,6.5091552734375
29,0.32083333333333308,-0.23956298828125,0.59112548828125,6.521484375
28,0.32083333333333308,0.13275146484375,1.421875,6.5213623046875
27,0.32083333333333308,0.374755859375,0.671875,6.528076171875
26,0.32083333333333308,-0.17755126953125,0.9984130859375,6.535400390625
25,0.32083333333333308,0.26129150390625,1.06622314453125,6.537841796875
20,0.72083333333333321,-0.2088623046875,0.05987548828125,12.31085205078125
32,0.3277777777777775,0.221923828125,0.27484130859375,6.60430908203125
31,0.3277777777777775,-0.37103271484375,1.34539794921875,6.6090087890625
30,0.3277777777777775,0.7032470703125,0.982666015625,6.609375
29,0.3277777777777775,-0.24542236328125,0.56732177734375,6.6219482421875
28,0.3277777777777775,0.13360595703125,1.412841796875,6.621826171875
27,0.3277777777777775,0.3798828125,0.64947509765625,6.628662109375
26,0.3277777777777775,-0.1822509765625,0.9818115234375,6.6361083984375
25,0.3277777777777775,0.26434326171875,1.05084228515625,6.63861083984375
20,0.72738980804389564,-0.2113037109375,0,12.40570068359375
32,0.33472222222222214,0.22430419921875,0.2454833984375,6.7044677734375
31,0.33472222222222214,-0.3790283203125,1.334716796875,6.709228515625
30,0.33472222222222214,0.7139892578125,0.96563720703125,6.70965576171875
29,0.33472222222222214,-0.251220703125,0.54302978515625,6.722412109375
28,0.33472222222222214,0.1343994140625,1.40338134765625,6.7222900390625
27,0.33472222222222214,0.385009765625,0.62664794921875,6.729248046875
26,0.33472222222222214,-0.18701171875,0.96478271484375,6.73681640625
25,0.33472222222222214,0.2674560546875,1.0350341796875,6.7393798828125
32,0.34166666666666656,0.22662353515625,0.21563720703125,6.80462646484375
31,0.34166666666666656,-0.3870849609375,1.32366943359375,6.80950927734375
30,0.34166666666666656,0.72479248046875,0.9482421875,6.80987548828125
29,0.34166666666666656,-0.257080078125,0.518310546875,6.8228759765625
28,0.34166666666666656,0.13519287109375,1.39349365234375,6.82275390625
27,0.34166666666666656,0.39013671875,0.6033935546875,6.829833984375
26,0.34166666666666656,-0.19171142578125,0.9473876953125,6.8375244140625
25,0.34166666666666656,0.27056884765625,1.018798828125,6.84014892578125
32,0.348611111111111,0.22900390625,0.185302734375,6.90478515625
31,0.348611111111111,-0.39508056640625,1.31201171875,6.90972900390625
30,0.348611111111111,0.735595703125,0.9302978515625,6.91015625
29,0.348611111111111,-0.26287841796875,0.49310302734375,6.92333984375
28,0.348611111111111,0.135986328125,1.383056640625,6.9232177734375
27,0.348611111111111,0.395263671875,0.57958984375,6.930419921875
26,0.348611111111111,-0.1964111328125,0.92938232421875,6.93829345703125
25,0.348611111111111,0.273681640625,1.00201416015625,6.94091796875
32,0.3555555555555554,0.2313232421875,0.15447998046875,7.00494384765625
31,0.3555555555555554,-0.40313720703125,1.29998779296875,7.010009765625
30,0.3555555555555554,0.746337890625,0.911865234375,7.0103759765625
29,0.3555555555555554,-0.26873779296875,0.4674072265625,7.0238037109375
28,0.3555555555555554,0.1368408203125,1.3721923828125,7.023681640625
27,0.3555555555555554,0.400390625,0.55535888671875,7.031005859375
26,0.3555555555555554,-0.201171875,0.91094970703125,7.03900146484375
25,0.3555555555555554,0.2767333984375,0.98480224609375,7.04168701171875
32,0.36249999999999982,0.23370361328125,0.12322998046875,7.1051025390625
31,0.36249999999999982,-0.4111328125,1.2874755859375,7.1102294921875
30,0.36249999999999982,0.75714111328125,0.89300537109375,7.11065673828125
29,0.36249999999999982,-0.2745361328125,0.44122314453125,7.124267578125
28,0.36249999999999982,0.13763427734375,1.36083984375,7.1241455078125
27,0.36249999999999982,0.405517578125,0.5306396484375,7.131591796875
26,0.36249999999999982,-0.20587158203125,0.89202880859375,7.13970947265625
25,0.36249999999999982,0.27984619140625,0.96710205078125,7.1424560546875
32,0.36944444444444424,0.236083984375,0.0914306640625,7.20526123046875
31,0.36944444444444424,-0.419189453125,1.2744140625,7.21044921875
30,0.36944444444444424,0.7679443359375,0.87359619140625,7.21087646484375
29,0.36944444444444424,-0.2803955078125,0.41461181640625,7.2247314453125
28,0.36944444444444424,0.138427734375,1.3489990234375,7.224609375
27,0.36944444444444424,0.41064453125,0.50543212890625,7.232177734375
26,0.36944444444444424,-0.21063232421875,0.8726806640625,7.24041748046875
25,0.36944444444444424,0.282958984375,0.948974609375,7.2431640625
32,0.37638888888888866,0.2384033203125,0.0592041015625,7.305419921875
31,0.37638888888888866,-0.42724609375,1.260986328125,7.31072998046875
30,0.37638888888888866,0.77874755859375,0.85382080078125,7.3111572265625
29,0.37638888888888866,-0.28619384765625,0.38751220703125,7.32525634765625
28,0.37638888888888866,0.13922119140625,1.33673095703125,7.3250732421875
27,0.37638888888888866,0.415771484375,0.47979736328125,7.332763671875
26,0.37638888888888866,-0.21533203125,0.85284423828125,7.34112548828125
25,0.37638888888888866,0.28607177734375,0.93035888671875,7.34393310546875
32,0.38333333333333308,0.24078369140625,0.02655029296875,7.40557861328125
31,0.38333333333333308,-0.43524169921875,1.2470703125,7.41094970703125
30,0.38333333333333308,0.78948974609375,0.83349609375,7.411376953125
29,0.38333333333333308,-0.29205322265625,0.35992431640625,7.42572021484375
28,0.38333333333333308,0.14007568359375,1.323974609375,7.425537109375
27,0.38333333333333308,0.4208984375,0.45361328125,7.433349609375
26,0.38333333333333308,-0.22003173828125,0.83251953125,7.44183349609375
25,0.38333333333333308,0.2891845703125,0.9112548828125,7.4447021484375
32,0.38365502428992454,0.24090576171875,0,7.41021728515625
31,0.3902777777777775,-0.44329833984375,1.23260498046875,7.51116943359375
30,0.3902777777777775,0.80029296875,0.812744140625,7.51165771484375
29,0.3902777777777775,-0.2978515625,0.3319091796875,7.52618408203125
28,0.3902777777777775,0.140869140625,1.31072998046875,7.5260009765625
27,0.3902777777777775,0.426025390625,0.427001953125,7.533935546875
26,0.3902777777777775,-0.22479248046875,0.811767578125,7.54254150390625
25,0.3902777777777775,0.292236328125,0.89166259765625,7.54547119140625
31,0.39722222222222214,-0.4512939453125,1.21771240234375,7.6114501953125
30,0.39722222222222214,0.81109619140625,0.79144287109375,7.61187744140625
29,0.39722222222222214,-0.3037109375,0.3033447265625,7.62664794921875
28,0.39722222222222214,0.14166259765625,1.2969970703125,7.62646484375
27,0.39722222222222214,0.43109130859375,0.39990234375,7.634521484375
26,0.39722222222222214,-0.2294921875,0.79046630859375,7.643310546875
25,0.39722222222222214,0.29534912109375,0.87158203125,7.646240234375
33,0,0.08746337890625,1.25909423828125,0.88604736328125
34,0,0.08746337890625,1.25909423828125,0.88604736328125
35,0,0.08746337890625,1.25909423828125,0.88604736328125
36,0,0.08746337890625,1.25909423828125,0.88604736328125
37,0,0.08746337890625,1.25909423828125,0.88604736328125
38,0,0.08746337890625,1.25909423828125,0.88604736328125
39,0,0.08746337890625,1.25909423828125,0.88604736328125
40,0,0.08746337890625,1.25909423828125,0.88604736328125
40,0.0041666666666666519,0.0987548828125,1.25823974609375,0.97698974609375
39,0.0041666666666666519,0.079833984375,1.25347900390625,0.97723388671875
38,0.0041666666666666519,0.08984375,1.2685546875,0.9771728515625
37,0.0041666666666666519,0.09234619140625,1.25225830078125,0.97735595703125
36,0.0041666666666666519,0.08087158203125,1.26153564453125,0.9774169921875
35,0.0041666666666666519,0.0936279296875,1.26220703125,0.97747802734375
34,0.0041666666666666519,0.08624267578125,1.25494384765625,0.97760009765625
33,0.0041666666666666519,0.08697509765625,1.2620849609375,0.9776611328125
31,0.40416666666666656,-0.4593505859375,1.20233154296875,7.711669921875
30,0.40416666666666656,0.82183837890625,0.76971435546875,7.712158203125
29,0.40416666666666656,-0.30950927734375,0.2742919921875,7.72711181640625
28,0.40416666666666656,0.1424560546875,1.28277587890625,7.7269287109375
27,0.40416666666666656,0.43621826171875,0.372314453125,7.73516845703125
26,0.40416666666666656,-0.2342529296875,0.7686767578125,7.7440185546875
25,0.40416666666666656,0.2984619140625,0.85101318359375,7.74700927734375
40,0.011111111111111072,0.1175537109375,1.2568359375,1.12860107421875
39,0.011111111111111072,0.06719970703125,1.244140625,1.12921142578125
38,0.011111111111111072,0.09375,1.2843017578125,1.12908935546875
37,0.011111111111111072,0.10052490234375,1.2408447265625,1.12945556640625
36,0.011111111111111072,0.06988525390625,1.265625,1.1297607421875
35,0.011111111111111072,0.10394287109375,1.26739501953125,1.12982177734375
34,0.011111111111111072,0.08416748046875,1.2479248046875,1.13018798828125
33,0.011111111111111072,0.086181640625,1.26702880859375,1.13037109375
31,0.411111111111111,-0.46734619140625,1.18646240234375,7.81195068359375
30,0.411111111111111,0.8326416015625,0.74749755859375,7.8123779296875
29,0.411111111111111,-0.31536865234375,0.244873046875,7.82757568359375
28,0.411111111111111,0.143310546875,1.26812744140625,7.82745361328125
27,0.411111111111111,0.44134521484375,0.34429931640625,7.83575439453125
26,0.411111111111111,-0.23895263671875,0.74652099609375,7.8447265625
25,0.411111111111111,0.30157470703125,0.83001708984375,7.8477783203125
40,0.018055555555555491,0.13641357421875,1.25543212890625,1.28021240234375
39,0.018055555555555491,0.05450439453125,1.23480224609375,1.2811279296875
38,0.018055555555555491,0.09771728515625,1.300048828125,1.281005859375
37,0.018055555555555491,0.108642578125,1.22943115234375,1.2816162109375
36,0.018055555555555491,0.0589599609375,1.2696533203125,1.2821044921875
35,0.018055555555555491,0.11419677734375,1.2725830078125,1.28216552734375
34,0.018055555555555491,0.0821533203125,1.240966796875,1.2828369140625
33,0.018055555555555491,0.08538818359375,1.27197265625,1.2830810546875
31,0.4180555555555554,-0.47540283203125,1.170166015625,7.91217041015625
30,0.4180555555555554,0.84344482421875,0.724853515625,7.91265869140625
29,0.4180555555555554,-0.3211669921875,0.21490478515625,7.92803955078125
28,0.4180555555555554,0.14410400390625,1.25299072265625,7.92791748046875
27,0.4180555555555554,0.44647216796875,0.3157958984375,7.93634033203125
26,0.4180555555555554,-0.24365234375,0.72381591796875,7.9454345703125
25,0.4180555555555554,0.30462646484375,0.80853271484375,7.94854736328125
40,0.024999999999999911,0.15521240234375,1.2540283203125,1.43182373046875
39,0.024999999999999911,0.0418701171875,1.2254638671875,1.43310546875
38,0.024999999999999911,0.10162353515625,1.3157958984375,1.43292236328125
37,0.024999999999999911,0.1168212890625,1.218017578125,1.4337158203125
36,0.024999999999999911,0.0479736328125,1.27374267578125,1.4344482421875
35,0.024999999999999911,0.12451171875,1.27777099609375,1.43450927734375
34,0.024999999999999911,0.080078125,1.2340087890625,1.4354248046875
33,0.024999999999999911,0.0845947265625,1.27691650390625,1.43572998046875
31,0.42499999999999982,-0.48345947265625,1.1534423828125,8.01239013671875
30,0.42499999999999982,0.854248046875,0.7017822265625,8.01287841796875
29,0.42499999999999982,-0.3270263671875,0.18450927734375,8.02850341796875
28,0.42499999999999982,0.1448974609375,1.2374267578125,8.02838134765625
27,0.42499999999999982,0.45159912109375,0.286865234375,8.03692626953125
26,0.42499999999999982,-0.2484130859375,0.70068359375,8.046142578125
25,0.42499999999999982,0.3077392578125,0.78662109375,8.04925537109375
40,0.031944444444444331,0.174072265625,1.25262451171875,1.58343505859375
39,0.031944444444444331,0.0291748046875,1.21612548828125,1.5850830078125
38,0.031944444444444331,0.1055908203125,1.33160400390625,1.5848388671875
37,0.031944444444444331,0.12493896484375,1.2066650390625,1.58587646484375
36,0.031944444444444331,0.0369873046875,1.27777099609375,1.5867919921875
35,0.031944444444444331,0.13482666015625,1.28302001953125,1.5867919921875
34,0.031944444444444331,0.0780029296875,1.22705078125,1.5880126953125
33,0.031944444444444331,0.0838623046875,1.28192138671875,1.58843994140625
31,0.43194444444444424,-0.491455078125,1.1361083984375,8.1126708984375
30,0.43194444444444424,0.864990234375,0.6781005859375,8.1131591796875
29,0.43194444444444424,-0.33282470703125,0.15362548828125,8.12896728515625
28,0.43194444444444424,0.14569091796875,1.2213134765625,8.12884521484375
27,0.43194444444444424,0.45672607421875,0.25738525390625,8.13751220703125
26,0.43194444444444424,-0.25311279296875,0.677001953125,8.1468505859375
25,0.43194444444444424,0.31085205078125,0.76422119140625,8.1500244140625
40,0.038888888888888751,0.19287109375,1.25128173828125,1.73504638671875
39,0.038888888888888751,0.01654052734375,1.206787109375,1.737060546875
38,0.038888888888888751,0.1094970703125,1.34735107421875,1.73675537109375
37,0.038888888888888751,0.13311767578125,1.19525146484375,1.73797607421875
36,0.038888888888888751,0.02606201171875,1.2818603515625,1.73907470703125
35,0.038888888888888751,0.14508056640625,1.2882080078125,1.7391357421875
34,0.038888888888888751,0.07598876953125,1.2200927734375,1.74066162109375
33,0.038888888888888751,0.08306884765625,1.286865234375,1.74114990234375
31,0.43888888888888866,-0.49951171875,1.118408203125,8.212890625
30,0.43888888888888866,0.87579345703125,0.654052734375,8.21337890625
29,0.43888888888888866,-0.33868408203125,0.12225341796875,8.22943115234375
28,0.43888888888888866,0.146484375,1.20477294921875,8.22930908203125
27,0.43888888888888866,0.46185302734375,0.22747802734375,8.23809814453125
26,0.43888888888888866,-0.25787353515625,0.6529541015625,8.24761962890625
25,0.43888888888888866,0.31396484375,0.7413330078125,8.25079345703125
40,0.045833333333333171,0.211669921875,1.2498779296875,1.88665771484375
39,0.045833333333333171,0.00384521484375,1.19744873046875,1.8890380859375
38,0.045833333333333171,0.11346435546875,1.36309814453125,1.888671875
37,0.045833333333333171,0.1412353515625,1.183837890625,1.89013671875
36,0.045833333333333171,0.01507568359375,1.28594970703125,1.89141845703125
35,0.045833333333333171,0.1553955078125,1.29339599609375,1.8914794921875
34,0.045833333333333171,0.07391357421875,1.213134765625,1.89324951171875
33,0.045833333333333171,0.082275390625,1.29180908203125,1.89385986328125
31,0.44583333333333308,-0.50750732421875,1.10015869140625,8.3131103515625
30,0.44583333333333308,0.8865966796875,0.62945556640625,8.31365966796875
29,0.44583333333333308,-0.34454345703125,0.09039306640625,8.32989501953125
28,0.44583333333333308,0.1473388671875,1.187744140625,8.32977294921875
27,0.44583333333333308,0.46697998046875,0.19708251953125,8.33868408203125
26,0.44583333333333308,-0.2625732421875,0.62835693359375,8.34832763671875
25,0.44583333333333308,0.3170166015625,0.71795654296875,8.3515625
40,0.05277777777777759,0.23052978515625,1.24847412109375,2.03826904296875
39,0.05277777777777759,-0.00885009765625,1.1881103515625,2.04095458984375
38,0.05277777777777759,0.11737060546875,1.37884521484375,2.04058837890625
37,0.05277777777777759,0.1494140625,1.17242431640625,2.042236328125
36,0.05277777777777759,0.00408935546875,1.28997802734375,2.04376220703125
35,0.05277777777777759,0.1656494140625,1.298583984375,2.0438232421875
34,0.05277777777777759,0.07183837890625,1.20611572265625,2.04583740234375
33,0.05277777777777759,0.08148193359375,1.2967529296875,2.0465087890625
31,0.4527777777777775,-0.51556396484375,1.08148193359375,8.41339111328125
30,0.4527777777777775,0.8973388671875,0.60443115234375,8.41387939453125
29,0.4527777777777775,-0.350341796875,0.05810546875,8.430419921875
28,0.4527777777777775,0.14813232421875,1.1702880859375,8.43023681640625
27,0.4527777777777775,0.47210693359375,0.16619873046875,8.43927001953125
26,0.4527777777777775,-0.26727294921875,0.603271484375,8.44903564453125
25,0.4527777777777775,0.32012939453125,0.694091796875,8.45233154296875
40,0.059722222222222232,0.24932861328125,1.2470703125,2.18988037109375
39,0.059722222222222232,-0.021484375,1.17877197265625,2.19293212890625
38,0.059722222222222232,0.121337890625,1.39459228515625,2.1925048828125
37,0.059722222222222232,0.15753173828125,1.1610107421875,2.19439697265625
36,0.059722222222222232,-0.0068359375,1.2940673828125,2.19610595703125
35,0.059722222222222232,0.17596435546875,1.30377197265625,2.1961669921875
34,0.059722222222222232,0.06982421875,1.19915771484375,2.19842529296875
33,0.059722222222222232,0.0806884765625,1.3017578125,2.19921875
31,0.45972222222222214,-0.5235595703125,1.0623779296875,8.51361083984375
30,0.45972222222222214,0.90814208984375,0.57891845703125,8.51416015625
29,0.45972222222222214,-0.356201171875,0.02532958984375,8.5308837890625
28,0.45972222222222214,0.14892578125,1.15234375,8.53070068359375
27,0.45972222222222214,0.47723388671875,0.1348876953125,8.53985595703125
26,0.45972222222222214,-0.27203369140625,0.57781982421875,8.54974365234375
25,0.45972222222222214,0.3232421875,0.6697998046875,8.5531005859375
40,0.066666666666666652,0.26812744140625,1.24566650390625,2.34149169921875
39,0.066666666666666652,-0.0341796875,1.16943359375,2.34490966796875
38,0.066666666666666652,0.125244140625,1.41033935546875,2.34442138671875
37,0.066666666666666652,0.16571044921875,1.14959716796875,2.3465576171875
36,0.066666666666666652,-0.017822265625,1.298095703125,2.348388671875
35,0.066666666666666652,0.186279296875,1.3089599609375,2.3485107421875
34,0.066666666666666652,0.0677490234375,1.19219970703125,2.35107421875
33,0.066666666666666652,0.07989501953125,1.30670166015625,2.3519287109375
31,0.46666666666666656,-0.5316162109375,1.042724609375,8.6138916015625
30,0.46666666666666656,0.9189453125,0.552978515625,8.6143798828125
29,0.45978860270099287,-0.35626220703125,0,8.5318603515625
28,0.46666666666666656,0.14971923828125,1.1339111328125,8.63116455078125
27,0.46666666666666656,0.48236083984375,0.10308837890625,8.64044189453125
26,0.46666666666666656,-0.2767333984375,0.55181884765625,8.65045166015625
25,0.46666666666666656,0.32635498046875,0.64501953125,8.65386962890625
40,0.073611111111111072,0.28680419921875,1.2440185546875,2.49176025390625
39,0.073611111111111072,-0.04669189453125,1.15997314453125,2.49554443359375
38,0.073611111111111072,0.129150390625,1.42572021484375,2.4949951171875
37,0.073611111111111072,0.17376708984375,1.1380615234375,2.497314453125
36,0.073611111111111072,-0.0286865234375,1.3018798828125,2.4993896484375
35,0.073611111111111072,0.19647216796875,1.31390380859375,2.49951171875
34,0.073611111111111072,0.06573486328125,1.18505859375,2.5023193359375
33,0.073611111111111072,0.0791015625,1.3114013671875,2.50323486328125
31,0.473611111111111,-0.5396728515625,1.02264404296875,8.714111328125
30,0.473611111111111,0.9296875,0.5264892578125,8.71466064453125
28,0.473611111111111,0.15057373046875,1.114990234375,8.73162841796875
27,0.473611111111111,0.48748779296875,0.07080078125,8.74102783203125
26,0.473611111111111,-0.281494140625,0.52532958984375,8.75115966796875
25,0.473611111111111,0.3294677734375,0.6197509765625,8.754638671875
40,0.080555555555555491,0.30511474609375,1.24200439453125,2.63934326171875
39,0.080555555555555491,-0.05902099609375,1.15020751953125,2.6434326171875
38,0.080555555555555491,0.13299560546875,1.44036865234375,2.642822265625
37,0.080555555555555491,0.18170166015625,1.12628173828125,2.6453857421875
36,0.080555555555555491,-0.03936767578125,1.30517578125,2.64764404296875
35,0.080555555555555491,0.20648193359375,1.31829833984375,2.6478271484375
34,0.080555555555555491,0.063720703125,1.1776123046875,2.65087890625
33,0.080555555555555491,0.078369140625,1.3155517578125,2.65191650390625
31,0.4805555555555554,-0.54766845703125,1.0020751953125,8.8143310546875
30,0.4805555555555554,0.94049072265625,0.49957275390625,8.81488037109375
28,0.4805555555555554,0.1513671875,1.0955810546875,8.83209228515625
27,0.4805555555555554,0.49261474609375,0.03802490234375,8.84161376953125
26,0.4805555555555554,-0.28619384765625,0.4984130859375,8.8519287109375
25,0.4805555555555554,0.33251953125,0.593994140625,8.8553466796875
40,0.087499999999999911,0.3231201171875,1.23944091796875,2.78424072265625
39,0.087499999999999911,-0.0711669921875,1.14007568359375,2.7886962890625
38,0.087499999999999911,0.13671875,1.4542236328125,2.78802490234375
37,0.087499999999999911,0.189453125,1.11419677734375,2.79083251953125
36,0.087499999999999911,-0.04986572265625,1.307861328125,2.79327392578125
35,0.087499999999999911,0.21630859375,1.322021484375,2.79339599609375
34,0.087499999999999911,0.061767578125,1.16973876953125,2.79669189453125
33,0.087499999999999911,0.07757568359375,1.31903076171875,2.7978515625
31,0.48749999999999982,-0.55572509765625,0.98101806640625,8.91461181640625
30,0.48749999999999982,0.9512939453125,0.47222900390625,8.9151611328125
28,0.48749999999999982,0.15216064453125,1.07574462890625,8.93255615234375
27,0.48327217099711423,0.49456787109375,0,8.8809814453125
26,0.48749999999999982,-0.2908935546875,0.47100830078125,8.95263671875
25,0.48749999999999982,0.33563232421875,0.56787109375,8.95611572265625
40,0.094444444444444331,0.34075927734375,1.2364501953125,2.92645263671875
39,0.094444444444444331,-0.08306884765625,1.129638671875,2.93121337890625
38,0.094444444444444331,0.14044189453125,1.46734619140625,2.9305419921875
37,0.094444444444444331,0.1971435546875,1.10186767578125,2.93353271484375
36,0.094444444444444331,-0.0601806640625,1.30999755859375,2.9361572265625
35,0.094444444444444331,0.2259521484375,1.32525634765625,2.93634033203125
34,0.094444444444444331,0.059814453125,1.16156005859375,2.93988037109375
33,0.094444444444444331,0.07684326171875,1.322021484375,2.94110107421875
31,0.49444444444444424,-0.563720703125,0.95953369140625,9.01483154296875
30,0.49444444444444424,0.96209716796875,0.4443359375,9.015380859375
28,0.49444444444444424,0.1529541015625,1.055419921875,9.03302001953125
26,0.49444444444444424,-0.295654296875,0.443115234375,9.0533447265625
25,0.49444444444444424,0.3387451171875,0.54119873046875,9.056884765625
40,0.10138888888888875,0.35809326171875,1.2330322265625,3.06597900390625
39,0.10138888888888875,-0.0947265625,1.118896484375,3.07110595703125
38,0.10138888888888875,0.14404296875,1.479736328125,3.0703125
37,0.10138888888888875,0.20458984375,1.0892333984375,3.07354736328125
36,0.10138888888888875,-0.07025146484375,1.3116455078125,3.07635498046875
35,0.10138888888888875,0.23541259765625,1.327880859375,3.0765380859375
34,0.10138888888888875,0.05792236328125,1.15301513671875,3.080322265625
33,0.10138888888888875,0.07611083984375,1.324462890625,3.08160400390625
31,0.50138888888888866,-0.57177734375,0.93756103515625,9.1151123046875
30,0.50138888888888866,0.97283935546875,0.416015625,9.11566162109375
28,0.50138888888888866,0.15380859375,1.03460693359375,9.13348388671875
26,0.50138888888888866,-0.30035400390625,0.414794921875,9.154052734375
25,0.50138888888888866,0.34185791015625,0.5140380859375,9.15765380859375
40,0.10833333333333317,0.37506103515625,1.22918701171875,3.20281982421875
39,0.10833333333333317,-0.10614013671875,1.10791015625,3.208251953125
38,0.10833333333333317,0.14764404296875,1.49139404296875,3.20745849609375
37,0.10833333333333317,0.21197509765625,1.07635498046875,3.2108154296875
36,0.10833333333333317,-0.08013916015625,1.312744140625,3.21380615234375
35,0.10833333333333317,0.24468994140625,1.33001708984375,3.21405029296875
34,0.10833333333333317,0.05609130859375,1.14410400390625,3.218017578125
33,0.10833333333333317,0.075439453125,1.326416015625,3.21942138671875
31,0.50833333333333308,-0.57977294921875,0.91510009765625,9.21533203125
30,0.50833333333333308,0.983642578125,0.38720703125,9.21588134765625
28,0.50833333333333308,0.15460205078125,1.01336669921875,9.23394775390625
26,0.50833333333333308,-0.30511474609375,0.385986328125,9.2547607421875
25,0.50833333333333308,0.34490966796875,0.4864501953125,9.2584228515625
40,0.11527777777777759,0.3917236328125,1.224853515625,3.33697509765625
39,0.11527777777777759,-0.11737060546875,1.0965576171875,3.34271240234375
38,0.11527777777777759,0.151123046875,1.502197265625,3.34185791015625
37,0.11527777777777759,0.21917724609375,1.06317138671875,3.345458984375
36,0.11527777777777759,-0.08984375,1.313232421875,3.3486328125
35,0.11527777777777759,0.25384521484375,1.33148193359375,3.34881591796875
34,0.11527777777777759,0.05426025390625,1.13482666015625,3.35308837890625
33,0.11527777777777759,0.07470703125,1.32763671875,3.35455322265625
31,0.5152777777777775,-0.58782958984375,0.89215087890625,9.3155517578125
30,0.5152777777777775,0.99444580078125,0.35791015625,9.316162109375
28,0.5152777777777775,0.1553955078125,0.9915771484375,9.33441162109375
26,0.5152777777777775,-0.309814453125,0.35662841796875,9.35546875
25,0.5152777777777775,0.3480224609375,0.45831298828125,9.35919189453125
40,0.12222222222222223,0.4080810546875,1.2200927734375,3.46844482421875
39,0.12222222222222223,-0.12835693359375,1.08489990234375,3.4744873046875
38,0.12222222222222223,0.154541015625,1.5123291015625,3.4736328125
37,0.12222222222222223,0.22625732421875,1.04974365234375,3.4774169921875
36,0.12222222222222223,-0.099365234375,1.313232421875,3.480712890625
35,0.12222222222222223,0.26275634765625,1.33245849609375,3.48095703125
34,0.12222222222222223,0.052490234375,1.125244140625,3.48541259765625
33,0.12222222222222223,0.07403564453125,1.32843017578125,3.4869384765625
31,0.52222222222222214,-0.59588623046875,0.8687744140625,9.41583251953125
30,0.52222222222222214,1.00518798828125,0.328125,9.4163818359375
28,0.52222222222222214,0.15618896484375,0.9693603515625,9.43487548828125
26,0.52222222222222214,-0.31451416015625,0.32684326171875,9.4561767578125
25,0.52222222222222214,0.35113525390625,0.42974853515625,9.4599609375
40,0.12916666666666665,0.424072265625,1.21490478515625,3.59722900390625
39,0.12916666666666665,-0.13909912109375,1.07293701171875,3.6036376953125
38,0.12916666666666665,0.1578369140625,1.521728515625,3.6026611328125
37,0.12916666666666665,0.233154296875,1.0360107421875,3.60662841796875
36,0.12916666666666665,-0.10870361328125,1.3126220703125,3.610107421875
35,0.12916666666666665,0.271484375,1.33282470703125,3.6103515625
34,0.12916666666666665,0.05072021484375,1.11529541015625,3.61505126953125
33,0.12916666666666665,0.0733642578125,1.32861328125,3.61663818359375
31,0.52916666666666656,-0.6038818359375,0.8448486328125,9.51605224609375
30,0.52916666666666656,1.0159912109375,0.29791259765625,9.51666259765625
28,0.52916666666666656,0.15704345703125,0.9466552734375,9.53533935546875
26,0.52916666666666656,-0.31927490234375,0.296630859375,9.55694580078125
25,0.52916666666666656,0.354248046875,0.40069580078125,9.56072998046875
40,0.13611111111111107,0.439697265625,1.20928955078125,3.72332763671875
39,0.13611111111111107,-0.149658203125,1.06072998046875,3.72998046875
38,0.13611111111111107,0.1611328125,1.53033447265625,3.72900390625
37,0.13611111111111107,0.23992919921875,1.02203369140625,3.733154296875
36,0.13611111111111107,-0.1177978515625,1.3115234375,3.73681640625
35,0.13611111111111107,0.280029296875,1.33270263671875,3.737060546875
34,0.13611111111111107,0.04901123046875,1.1051025390625,3.74200439453125
33,0.13611111111111107,0.07269287109375,1.32830810546875,3.74365234375
31,0.536111111111111,-0.6119384765625,0.820556640625,9.61627197265625
30,0.536111111111111,1.02679443359375,0.2672119140625,9.61688232421875
28,0.536111111111111,0.1578369140625,0.92352294921875,9.6358642578125
26,0.536111111111111,-0.323974609375,0.26593017578125,9.65765380859375
25,0.536111111111111,0.3572998046875,0.3712158203125,9.66143798828125
40,0.14305555555555549,0.45501708984375,1.20318603515625,3.84674072265625
39,0.14305555555555549,-0.15997314453125,1.04815673828125,3.85369873046875
38,0.14305555555555549,0.164306640625,1.5382080078125,3.8526611328125
37,0.14305555555555549,0.24658203125,1.0078125,3.85699462890625
36,0.14305555555555549,-0.126708984375,1.3099365234375,3.86083984375
35,0.14305555555555549,0.2884521484375,1.33203125,3.861083984375
34,0.14305555555555549,0.04736328125,1.094482421875,3.8662109375
33,0.14305555555555549,0.07208251953125,1.327392578125,3.86798095703125
31,0.5430555555555554,-0.61993408203125,0.795654296875,9.716552734375
30,0.5430555555555554,1.03759765625,0.23602294921875,9.7171630859375
28,0.5430555555555554,0.15863037109375,0.89984130859375,9.736328125
26,0.5430555555555554,-0.3287353515625,0.23468017578125,9.75836181640625
25,0.5430555555555554,0.36041259765625,0.3411865234375,9.76220703125
40,0.14999999999999991,0.47003173828125,1.19659423828125,3.96746826171875
39,0.14999999999999991,-0.1700439453125,1.0352783203125,3.9747314453125
38,0.14999999999999991,0.16748046875,1.5452880859375,3.9736328125
37,0.14999999999999991,0.2530517578125,0.9932861328125,3.9781494140625
36,0.14999999999999991,-0.135498046875,1.30767822265625,3.98211669921875
35,0.14999999999999991,0.296630859375,1.33062744140625,3.982421875
34,0.14999999999999991,0.04571533203125,1.08343505859375,3.98773193359375
33,0.14999999999999991,0.0714111328125,1.3258056640625,3.98956298828125
31,0.54999999999999982,-0.62799072265625,0.7703857421875,9.8167724609375
30,0.54999999999999982,1.04833984375,0.204345703125,9.8173828125
28,0.54999999999999982,0.159423828125,0.875732421875,9.8367919921875
26,0.54999999999999982,-0.33343505859375,0.20306396484375,9.85906982421875
25,0.54999999999999982,0.363525390625,0.310791015625,9.86297607421875
40,0.15694444444444433,0.48468017578125,1.18963623046875,4.08551025390625
39,0.15694444444444433,-0.17987060546875,1.02215576171875,4.09307861328125
38,0.15694444444444433,0.1705322265625,1.55169677734375,4.0919189453125
37,0.15694444444444433,0.2593994140625,0.978515625,4.09661865234375
36,0.15694444444444433,-0.14398193359375,1.30499267578125,4.10076904296875
35,0.15694444444444433,0.30462646484375,1.328857421875,4.10101318359375
34,0.15694444444444433,0.04412841796875,1.0721435546875,4.1065673828125
33,0.15694444444444433,0.07080078125,1.3238525390625,4.10845947265625
31,0.55694444444444424,-0.635986328125,0.74468994140625,9.91705322265625
30,0.55694444444444424,1.05914306640625,0.17230224609375,9.91766357421875
28,0.55694444444444424,0.1602783203125,0.8511962890625,9.937255859375
26,0.55694444444444424,-0.33819580078125,0.17095947265625,9.95977783203125
25,0.55694444444444424,0.36663818359375,0.2799072265625,9.9637451171875
40,0.16388888888888875,0.4990234375,1.18212890625,4.20086669921875
39,0.16388888888888875,-0.18951416015625,1.00860595703125,4.20867919921875
38,0.16388888888888875,0.17352294921875,1.5572509765625,4.20751953125
37,0.16388888888888875,0.265625,0.96343994140625,4.21240234375
36,0.16388888888888875,-0.15234375,1.3016357421875,4.2166748046875
35,0.16388888888888875,0.31243896484375,1.32635498046875,4.2169189453125
34,0.16388888888888875,0.04254150390625,1.0604248046875,4.22271728515625
33,0.16388888888888875,0.0701904296875,1.3211669921875,4.22467041015625
31,0.56388888888888866,-0.64404296875,0.7183837890625,10.01727294921875
30,0.56388888888888866,1.0699462890625,0.13970947265625,10.01788330078125
28,0.56388888888888866,0.16107177734375,0.82611083984375,10.0377197265625
26,0.56388888888888866,-0.3428955078125,0.1383056640625,10.06048583984375
25,0.56388888888888866,0.3697509765625,0.24847412109375,10.06451416015625
40,0.17083333333333317,0.51300048828125,1.17425537109375,4.31353759765625
39,0.17083333333333317,-0.198974609375,0.99481201171875,4.3216552734375
38,0.17083333333333317,0.17645263671875,1.5621337890625,4.3204345703125
37,0.17083333333333317,0.27166748046875,0.9481201171875,4.325439453125
36,0.17083333333333317,-0.1605224609375,1.2978515625,4.32989501953125
35,0.17083333333333317,0.32012939453125,1.32342529296875,4.3302001953125
34,0.17083333333333317,0.041015625,1.04840087890625,4.33612060546875
33,0.17083333333333317,0.06964111328125,1.31805419921875,4.338134765625
31,0.57083333333333308,-0.652099609375,0.69171142578125,10.11749267578125
30,0.57083333333333308,1.0806884765625,0.10662841796875,10.1181640625
28,0.57083333333333308,0.161865234375,0.80059814453125,10.13818359375
26,0.57083333333333308,-0.34759521484375,0.10528564453125,10.1612548828125
25,0.57083333333333308,0.372802734375,0.21661376953125,10.165283203125
40,0.17777777777777759,0.526611328125,1.16595458984375,4.423583984375
39,0.17777777777777759,-0.2081298828125,0.980712890625,4.431884765625
38,0.17777777777777759,0.1793212890625,1.5662841796875,4.4306640625
37,0.17777777777777759,0.277587890625,0.93255615234375,4.43585205078125
36,0.17777777777777759,-0.16845703125,1.29345703125,4.44036865234375
35,0.17777777777777759,0.32757568359375,1.31982421875,4.440673828125
34,0.17777777777777759,0.03955078125,1.0360107421875,4.44683837890625
33,0.17777777777777759,0.06903076171875,1.3143310546875,4.44891357421875
31,0.5777777777777775,-0.66009521484375,0.66455078125,10.2177734375
30,0.5777777777777775,1.09149169921875,0.0731201171875,10.2183837890625
28,0.5777777777777775,0.16265869140625,0.77459716796875,10.2386474609375
26,0.5777777777777775,-0.35235595703125,0.07171630859375,10.261962890625
25,0.5777777777777775,0.37591552734375,0.18426513671875,10.26605224609375
40,0.18472222222222223,0.53997802734375,1.1571044921875,4.5308837890625
39,0.18472222222222223,-0.21710205078125,0.96630859375,4.53948974609375
38,0.18472222222222223,0.18206787109375,1.569580078125,4.5382080078125
37,0.18472222222222223,0.2833251953125,0.9166259765625,4.54351806640625
36,0.18472222222222223,-0.17620849609375,1.28851318359375,4.5482177734375
35,0.18472222222222223,0.3348388671875,1.31573486328125,4.54852294921875
34,0.18472222222222223,0.0380859375,1.02325439453125,4.55487060546875
33,0.18472222222222223,0.0684814453125,1.30999755859375,4.5570068359375
31,0.58472222222222214,-0.66815185546875,0.6368408203125,10.3179931640625
30,0.58472222222222214,1.102294921875,0.0390625,10.31866455078125
28,0.58472222222222214,0.1634521484375,0.74810791015625,10.339111328125
26,0.58472222222222214,-0.3570556640625,0.03765869140625,10.3626708984375
25,0.58472222222222214,0.3790283203125,0.15142822265625,10.3668212890625
40,0.19166666666666665,0.552978515625,1.14794921875,4.635498046875
39,0.19166666666666665,-0.225830078125,0.95166015625,4.64434814453125
38,0.19166666666666665,0.184814453125,1.57220458984375,4.64300537109375
37,0.19166666666666665,0.2889404296875,0.9005126953125,4.64849853515625
36,0.19166666666666665,-0.18377685546875,1.2830810546875,4.6533203125
35,0.19166666666666665,0.34197998046875,1.31103515625,4.6536865234375
34,0.19166666666666665,0.03668212890625,1.01025390625,4.66015625
33,0.19166666666666665,0.06793212890625,1.30517578125,4.66241455078125
31,0.59166666666666656,-0.6761474609375,0.60870361328125,10.418212890625
30,0.5875516222984527,1.106689453125,0,10.3594970703125
28,0.59166666666666656,0.164306640625,0.72113037109375,10.4395751953125
26,0.58726892805000452,-0.35882568359375,0,10.39959716796875
25,0.59166666666666656,0.38214111328125,0.11810302734375,10.467529296875
40,0.19861111111111107,0.56561279296875,1.13818359375,4.7374267578125
39,0.19861111111111107,-0.234375,0.93658447265625,4.74652099609375
38,0.19861111111111107,0.18743896484375,1.57403564453125,4.74517822265625
37,0.19861111111111107,0.29443359375,0.88409423828125,4.75079345703125
36,0.19861111111111107,-0.191162109375,1.27703857421875,4.7557373046875
35,0.19861111111111107,0.348876953125,1.3057861328125,4.756103515625
34,0.19861111111111107,0.0352783203125,0.99676513671875,4.76275634765625
33,0.19861111111111107,0.06744384765625,1.29974365234375,4.76507568359375
31,0.598611111111111,-0.6842041015625,0.58013916015625,10.51849365234375
28,0.598611111111111,0.16510009765625,0.6937255859375,10.5400390625
25,0.598611111111111,0.38519287109375,0.0843505859375,10.56829833984375
40,0.20555555555555549,0.57806396484375,1.1280517578125,4.8375244140625
39,0.20555555555555549,-0.24273681640625,0.92120361328125,4.84686279296875
38,0.20555555555555549,0.1900634765625,1.57525634765625,4.845458984375
37,0.20555555555555549,0.2998046875,0.8673095703125,4.85125732421875
36,0.20555555555555549,-0.19842529296875,1.2705078125,4.85638427734375
35,0.20555555555555549,0.35565185546875,1.29998779296875,4.856689453125
34,0.20555555555555549,0.033935546875,0.98291015625,4.863525390625
33,0.20555555555555549,0.06689453125,1.2938232421875,4.86590576171875
31,0.6055555555555554,-0.69219970703125,0.551025390625,10.61871337890625
28,0.6055555555555554,0.1658935546875,0.66583251953125,10.6405029296875
25,0.6055555555555554,0.3883056640625,0.0501708984375,10.6690673828125
40,0.21249999999999991,0.5904541015625,1.11749267578125,4.9376220703125
39,0.21249999999999991,-0.2510986328125,0.9053955078125,4.9471435546875
38,0.21249999999999991,0.19268798828125,1.57598876953125,4.94573974609375
37,0.21249999999999991,0.30523681640625,0.85015869140625,4.95166015625
36,0.21249999999999991,-0.20562744140625,1.2635498046875,4.9569091796875
35,0.21249999999999991,0.36248779296875,1.29376220703125,4.95721435546875
34,0.21249999999999991,0.0325927734375,0.96868896484375,4.9642333984375
33,0.21249999999999991,0.06640625,1.28741455078125,4.9666748046875
31,0.61249999999999982,-0.70025634765625,0.521484375,10.718994140625
28,0.61249999999999982,0.16668701171875,0.637451171875,10.740966796875
25,0.61058631099785543,0.39056396484375,0,10.7420654296875
40,0.21944444444444433,0.6029052734375,1.10638427734375,5.03765869140625
39,0.21944444444444433,-0.25946044921875,0.8890380859375,5.0474853515625
38,0.21944444444444433,0.19525146484375,1.576171875,5.0460205078125
37,0.21944444444444433,0.31060791015625,0.83245849609375,5.05206298828125
36,0.21944444444444433,-0.212890625,1.25604248046875,5.05743408203125
35,0.21944444444444433,0.3692626953125,1.2869873046875,5.05780029296875
34,0.21944444444444433,0.03125,0.95391845703125,5.06500244140625
33,0.21944444444444433,0.06585693359375,1.280517578125,5.06744384765625
31,0.61944444444444424,-0.70831298828125,0.49151611328125,10.8192138671875
28,0.61944444444444424,0.16754150390625,0.608642578125,10.8414306640625
40,0.22638888888888875,0.61529541015625,1.0948486328125,5.13775634765625
39,0.22638888888888875,-0.267822265625,0.87225341796875,5.14776611328125
38,0.22638888888888875,0.1978759765625,1.57598876953125,5.146240234375
37,0.22638888888888875,0.31597900390625,0.81427001953125,5.1524658203125
36,0.22638888888888875,-0.22015380859375,1.24810791015625,5.157958984375
35,0.22638888888888875,0.37603759765625,1.27978515625,5.1583251953125
34,0.22638888888888875,0.02984619140625,0.93865966796875,5.16571044921875
33,0.22638888888888875,0.06536865234375,1.273193359375,5.168212890625
31,0.62638888888888866,-0.71630859375,0.46099853515625,10.91943359375
28,0.62638888888888866,0.1683349609375,0.579345703125,10.94189453125
40,0.23333333333333317,0.62774658203125,1.082763671875,5.23779296875
39,0.23333333333333317,-0.27618408203125,0.85498046875,5.248046875
38,0.23333333333333317,0.200439453125,1.57525634765625,5.24652099609375
37,0.23333333333333317,0.32135009765625,0.795654296875,5.25286865234375
36,0.23333333333333317,-0.22735595703125,1.23968505859375,5.25848388671875
35,0.23333333333333317,0.3828125,1.27215576171875,5.25885009765625
34,0.23333333333333317,0.02850341796875,0.9229736328125,5.26641845703125
33,0.23333333333333317,0.0648193359375,1.26531982421875,5.26898193359375
31,0.63333333333333308,-0.724365234375,0.4300537109375,11.01971435546875
28,0.63333333333333308,0.16912841796875,0.549560546875,11.0423583984375
40,0.24027777777777759,0.64013671875,1.07025146484375,5.33782958984375
39,0.24027777777777759,-0.2845458984375,0.83721923828125,5.34832763671875
38,0.24027777777777759,0.20306396484375,1.57403564453125,5.3468017578125
37,0.24027777777777759,0.32672119140625,0.77655029296875,5.353271484375
36,0.24027777777777759,-0.234619140625,1.23077392578125,5.35906982421875
35,0.24027777777777759,0.3896484375,1.26397705078125,5.35943603515625
34,0.24027777777777759,0.02716064453125,0.90679931640625,5.36712646484375
33,0.24027777777777759,0.0643310546875,1.25701904296875,5.36981201171875
31,0.6402777777777775,-0.73236083984375,0.3985595703125,11.11993408203125
28,0.6402777777777775,0.169921875,0.519287109375,11.142822265625
40,0.24722222222222223,0.652587890625,1.05731201171875,5.43792724609375
39,0.24722222222222223,-0.29290771484375,0.81903076171875,5.44866943359375
38,0.24722222222222223,0.20562744140625,1.57244873046875,5.44708251953125
37,0.24722222222222223,0.33209228515625,0.75701904296875,5.4537353515625
36,0.24722222222222223,-0.2418212890625,1.221435546875,5.4595947265625
35,0.24722222222222223,0.39642333984375,1.25537109375,5.4599609375
34,0.24722222222222223,0.02581787109375,0.89013671875,5.46783447265625
33,0.24722222222222223,0.06378173828125,1.24822998046875,5.4705810546875
31,0.64722222222222214,-0.74041748046875,0.36669921875,11.22021484375
28,0.64722222222222214,0.1707763671875,0.48858642578125,11.2432861328125
40,0.25416666666666665,0.66497802734375,1.04388427734375,5.5379638671875
39,0.25416666666666665,-0.30126953125,0.80035400390625,5.5489501953125
38,0.25416666666666665,0.208251953125,1.5703125,5.54730224609375
37,0.25416666666666665,0.33746337890625,0.7369384765625,5.55413818359375
36,0.25416666666666665,-0.24908447265625,1.21160888671875,5.56011962890625
35,0.25416666666666665,0.4031982421875,1.24627685546875,5.560546875
34,0.25416666666666665,0.02447509765625,0.873046875,5.568603515625
33,0.25416666666666665,0.063232421875,1.239013671875,5.57135009765625
31,0.65416666666666656,-0.7484130859375,0.33428955078125,11.3204345703125
28,0.65416666666666656,0.17156982421875,0.45733642578125,11.34381103515625
40,0.26111111111111107,0.67742919921875,1.02996826171875,5.6380615234375
39,0.26111111111111107,-0.30963134765625,0.78118896484375,5.64923095703125
38,0.26111111111111107,0.2108154296875,1.5677490234375,5.6475830078125
37,0.26111111111111107,0.34283447265625,0.7164306640625,5.654541015625
36,0.26111111111111107,-0.25634765625,1.2012939453125,5.66064453125
35,0.26111111111111107,0.4100341796875,1.2366943359375,5.66107177734375
34,0.26111111111111107,0.0230712890625,0.85546875,5.6693115234375
33,0.26111111111111107,0.062744140625,1.22930908203125,5.672119140625
31,0.661111111111111,-0.7564697265625,0.3013916015625,11.420654296875
28,0.661111111111111,0.17236328125,0.4256591796875,11.44427490234375
40,0.26805555555555549,0.6898193359375,1.01556396484375,5.73809814453125
39,0.26805555555555549,-0.3179931640625,0.76153564453125,5.74951171875
38,0.26805555555555549,0.21343994140625,1.56463623046875,5.74786376953125
37,0.26805555555555549,0.34820556640625,0.6954345703125,5.75494384765625
36,0.26805555555555549,-0.2635498046875,1.19049072265625,5.76116943359375
35,0.26805555555555549,0.41680908203125,1.2266845703125,5.7615966796875
34,0.26805555555555549,0.021728515625,0.83734130859375,5.77001953125
33,0.26805555555555549,0.06219482421875,1.21905517578125,5.77288818359375
31,0.6680555555555554,-0.7645263671875,0.26812744140625,11.52093505859375
28,0.6680555555555554,0.17315673828125,0.3935546875,11.54473876953125
40,0.27499999999999991,0.7022705078125,1.000732421875,5.838134765625
39,0.27499999999999991,-0.32635498046875,0.741455078125,5.849853515625
38,0.27499999999999991,0.216064453125,1.56109619140625,5.84808349609375
37,0.27499999999999991,0.35357666015625,0.6739501953125,5.8553466796875
36,0.27499999999999991,-0.27081298828125,1.17926025390625,5.86175537109375
35,0.27499999999999991,0.423583984375,1.2161865234375,5.8621826171875
34,0.27499999999999991,0.0203857421875,0.81884765625,5.8707275390625
33,0.27499999999999991,0.06170654296875,1.20843505859375,5.8736572265625
31,0.67499999999999982,-0.77252197265625,0.23431396484375,11.62115478515625
28,0.67499999999999982,0.17401123046875,0.36090087890625,11.64520263671875
40,0.28194444444444433,0.71466064453125,0.98529052734375,5.938232421875
39,0.28194444444444433,-0.334716796875,0.7208251953125,5.95013427734375
38,0.28194444444444433,0.2186279296875,1.55706787109375,5.9483642578125
37,0.28194444444444433,0.3590087890625,0.6519775390625,5.95574951171875
36,0.28194444444444433,-0.278076171875,1.16748046875,5.9622802734375
35,0.28194444444444433,0.43035888671875,1.20513916015625,5.96270751953125
34,0.28194444444444433,0.01904296875,0.7998046875,5.971435546875
33,0.28194444444444433,0.0611572265625,1.197265625,5.9744873046875
31,0.68194444444444424,-0.78057861328125,0.20001220703125,11.72137451171875
28,0.68194444444444424,0.1748046875,0.32781982421875,11.74566650390625
40,0.28888888888888875,0.72711181640625,0.969482421875,6.03826904296875
39,0.28888888888888875,-0.34307861328125,0.69976806640625,6.0504150390625
38,0.28888888888888875,0.22125244140625,1.55255126953125,6.04864501953125
37,0.28888888888888875,0.3643798828125,0.62957763671875,6.05615234375
36,0.28888888888888875,-0.2852783203125,1.1552734375,6.06280517578125
35,0.28888888888888875,0.43719482421875,1.19366455078125,6.063232421875
34,0.28888888888888875,0.0177001953125,0.7802734375,6.07220458984375
33,0.28888888888888875,0.0606689453125,1.18560791015625,6.07525634765625
31,0.68888888888888866,-0.78857421875,0.165283203125,11.8216552734375
28,0.68888888888888866,0.17559814453125,0.29425048828125,11.84613037109375
40,0.29583333333333317,0.739501953125,0.9532470703125,6.13836669921875
39,0.29583333333333317,-0.3514404296875,0.67828369140625,6.15069580078125
38,0.29583333333333317,0.22381591796875,1.547607421875,6.14886474609375
37,0.29583333333333317,0.3697509765625,0.606689453125,6.15655517578125
36,0.29583333333333317,-0.29254150390625,1.142578125,6.163330078125
35,0.29583333333333317,0.4439697265625,1.1817626953125,6.163818359375
34,0.29583333333333317,0.01629638671875,0.7603759765625,6.17291259765625
33,0.29583333333333317,0.06011962890625,1.173583984375,6.176025390625
31,0.69583333333333308,-0.796630859375,0.13006591796875,11.921875
28,0.69583333333333308,0.1763916015625,0.26019287109375,11.94659423828125
40,0.30277777777777759,0.751953125,0.93646240234375,6.2384033203125
39,0.30277777777777759,-0.35980224609375,0.65625,6.25103759765625
38,0.30277777777777759,0.2264404296875,1.54217529296875,6.2491455078125
37,0.30277777777777759,0.3751220703125,0.58331298828125,6.2569580078125
36,0.30277777777777759,-0.29974365234375,1.12939453125,6.26385498046875
35,0.30277777777777759,0.45074462890625,1.16937255859375,6.26434326171875
34,0.30277777777777759,0.01495361328125,0.73992919921875,6.27362060546875
33,0.30277777777777759,0.05963134765625,1.16094970703125,6.27679443359375
31,0.7027777777777775,-0.80462646484375,0.0943603515625,12.02215576171875
28,0.7027777777777775,0.17718505859375,0.2257080078125,12.04705810546875
40,0.30972222222222223,0.76434326171875,0.91925048828125,6.33843994140625
39,0.30972222222222223,-0.3681640625,0.6337890625,6.351318359375
38,0.30972222222222223,0.22900390625,1.5362548828125,6.34942626953125
37,0.30972222222222223,0.3804931640625,0.55950927734375,6.35736083984375
36,0.30972222222222223,-0.3070068359375,1.11578369140625,6.36444091796875
35,0.30972222222222223,0.45758056640625,1.156494140625,6.3648681640625
34,0.30972222222222223,0.01361083984375,0.718994140625,6.37432861328125
33,0.30972222222222223,0.05908203125,1.14794921875,6.3775634765625
31,0.70972222222222214,-0.81268310546875,0.0582275390625,12.12237548828125
28,0.70972222222222214,0.17803955078125,0.19073486328125,12.14752197265625
40,0.31666666666666665,0.77679443359375,0.90155029296875,6.43853759765625
39,0.31666666666666665,-0.37652587890625,0.61083984375,6.45159912109375
38,0.31666666666666665,0.23162841796875,1.5299072265625,6.44970703125
37,0.31666666666666665,0.3858642578125,0.53515625,6.457763671875
36,0.31666666666666665,-0.31427001953125,1.1016845703125,6.4649658203125
35,0.31666666666666665,0.46435546875,1.14312744140625,6.4654541015625
34,0.31666666666666665,0.01226806640625,0.6976318359375,6.47503662109375
33,0.31666666666666665,0.05859375,1.13446044921875,6.47833251953125
31,0.71602083400882666,-0.82000732421875,0,12.2132568359375
28,0.71666666666666656,0.1788330078125,0.1552734375,12.24798583984375
40,0.32361111111111107,0.78924560546875,0.8834228515625,6.53857421875
39,0.32361111111111107,-0.3848876953125,0.58746337890625,6.5518798828125
38,0.32361111111111107,0.2342529296875,1.5230712890625,6.5499267578125
37,0.32361111111111107,0.3912353515625,0.51043701171875,6.55816650390625
36,0.32361111111111107,-0.32147216796875,1.087158203125,6.56549072265625
35,0.32361111111111107,0.47113037109375,1.12933349609375,6.56597900390625
34,0.32361111111111107,0.0108642578125,0.67584228515625,6.57574462890625
33,0.32361111111111107,0.05804443359375,1.1204833984375,6.57916259765625
28,0.723611111111111,0.17962646484375,0.11932373046875,12.34844970703125
40,0.33055555555555549,0.8016357421875,0.86468505859375,6.638671875
39,0.33055555555555549,-0.39324951171875,0.56353759765625,6.6522216796875
38,0.33055555555555549,0.23681640625,1.51568603515625,6.65020751953125
37,0.33055555555555549,0.3966064453125,0.48516845703125,6.65863037109375
36,0.33055555555555549,-0.3287353515625,1.07208251953125,6.666015625
35,0.33055555555555549,0.4779052734375,1.114990234375,6.66650390625
34,0.33055555555555549,0.009521484375,0.6534423828125,6.676513671875
33,0.33055555555555549,0.05755615234375,1.10601806640625,6.679931640625
28,0.7305555555555554,0.180419921875,0.08294677734375,12.44891357421875
40,0.33749999999999991,0.8140869140625,0.8455810546875,6.73870849609375
39,0.33749999999999991,-0.401611328125,0.5391845703125,6.75250244140625
38,0.33749999999999991,0.23944091796875,1.5079345703125,6.75048828125
37,0.33749999999999991,0.4019775390625,0.45941162109375,6.759033203125
36,0.33749999999999991,-0.3359375,1.05657958984375,6.76654052734375
35,0.33749999999999991,0.4847412109375,1.1002197265625,6.76708984375
34,0.33749999999999991,0.0081787109375,0.63067626953125,6.7772216796875
33,0.33749999999999991,0.0570068359375,1.09112548828125,6.78070068359375
28,0.73749999999999982,0.1812744140625,0.04608154296875,12.54937744140625
40,0.34444444444444433,0.82647705078125,0.82598876953125,6.8387451171875
39,0.34444444444444433,-0.40997314453125,0.51434326171875,6.852783203125
38,0.34444444444444433,0.24200439453125,1.4996337890625,6.8507080078125
37,0.34444444444444433,0.40740966796875,0.4332275390625,6.85943603515625
36,0.34444444444444433,-0.34320068359375,1.04058837890625,6.86712646484375
35,0.34444444444444433,0.49151611328125,1.08502197265625,6.86761474609375
34,0.34444444444444433,0.0068359375,0.607421875,6.8779296875
33,0.34444444444444433,0.0565185546875,1.07568359375,6.8814697265625
28,0.74141702974931734,0.18170166015625,0,12.60601806640625
40,0.35138888888888875,0.83892822265625,0.80596923828125,6.9388427734375
39,0.35138888888888875,-0.4183349609375,0.48907470703125,6.953125
38,0.35138888888888875,0.24462890625,1.490966796875,6.95098876953125
37,0.35138888888888875,0.41278076171875,0.4066162109375,6.9598388671875
36,0.35138888888888875,-0.3504638671875,1.024169921875,6.9676513671875
35,0.35138888888888875,0.498291015625,1.0693359375,6.9681396484375
34,0.35138888888888875,0.0054931640625,0.58367919921875,6.9786376953125
33,0.35138888888888875,0.05596923828125,1.05987548828125,6.98223876953125
40,0.35833333333333317,0.851318359375,0.785400390625,7.03887939453125
39,0.35833333333333317,-0.42669677734375,0.4632568359375,7.05340576171875
38,0.35833333333333317,0.2471923828125,1.481689453125,7.05126953125
37,0.35833333333333317,0.41815185546875,0.37945556640625,7.06024169921875
36,0.35833333333333317,-0.357666015625,1.0072021484375,7.06817626953125
35,0.35833333333333317,0.50506591796875,1.0531005859375,7.0687255859375
34,0.35833333333333317,0.00408935546875,0.5594482421875,7.079345703125
33,0.35833333333333317,0.05548095703125,1.04345703125,7.0830078125
40,0.36527777777777759,0.86376953125,0.764404296875,7.138916015625
39,0.36527777777777759,-0.43505859375,0.43701171875,7.1536865234375
38,0.36527777777777759,0.24981689453125,1.47198486328125,7.1514892578125
37,0.36527777777777759,0.42352294921875,0.351806640625,7.16064453125
36,0.36527777777777759,-0.36492919921875,0.98980712890625,7.168701171875
35,0.36527777777777759,0.51190185546875,1.03643798828125,7.16925048828125
34,0.36527777777777759,0.00274658203125,0.5347900390625,7.18011474609375
33,0.36527777777777759,0.054931640625,1.02667236328125,7.183837890625
40,0.37222222222222223,0.87615966796875,0.74298095703125,7.239013671875
39,0.37222222222222223,-0.44342041015625,0.41033935546875,7.25396728515625
38,0.37222222222222223,0.25238037109375,1.4619140625,7.25177001953125
37,0.37222222222222223,0.42889404296875,0.32379150390625,7.26104736328125
36,0.37222222222222223,-0.37213134765625,0.97198486328125,7.26922607421875
35,0.37222222222222223,0.5186767578125,1.01934814453125,7.269775390625
34,0.37222222222222223,0.00140380859375,0.5096435546875,7.28082275390625
33,0.37222222222222223,0.05438232421875,1.00946044921875,7.28460693359375
40,0.37916666666666665,0.88861083984375,0.720947265625,7.33905029296875
39,0.37916666666666665,-0.4517822265625,0.38311767578125,7.35430908203125
38,0.37916666666666665,0.2550048828125,1.45123291015625,7.35205078125
37,0.37916666666666665,0.43426513671875,0.29522705078125,7.3614501953125
36,0.37916666666666665,-0.37939453125,0.95361328125,7.36981201171875
35,0.37916666666666665,0.52545166015625,1.00177001953125,7.370361328125
34,0.37916666666666665,6.103515625E-05,0.4840087890625,7.38153076171875
33,0.37916666666666665,0.05389404296875,0.99163818359375,7.3853759765625
40,0.38611111111111107,0.9010009765625,0.69854736328125,7.43914794921875
39,0.38611111111111107,-0.46014404296875,0.35546875,7.45458984375
38,0.38611111111111107,0.25762939453125,1.44012451171875,7.4522705078125
37,0.38611111111111107,0.43963623046875,0.26617431640625,7.46185302734375
36,0.38611111111111107,-0.38665771484375,0.934814453125,7.4703369140625
35,0.38611111111111107,0.53228759765625,0.98370361328125,7.47088623046875
34,0.38611111111111107,-0.00128173828125,0.4578857421875,7.48223876953125
33,0.38611111111111107,0.0533447265625,0.97344970703125,7.48614501953125
40,0.39305555555555549,0.9134521484375,0.6756591796875,7.5391845703125
39,0.39305555555555549,-0.468505859375,0.32733154296875,7.55487060546875
38,0.39305555555555549,0.26019287109375,1.4285888671875,7.55255126953125
37,0.39305555555555549,0.44500732421875,0.2366943359375,7.562255859375
36,0.39305555555555549,-0.39385986328125,0.91552734375,7.57086181640625
35,0.39305555555555549,0.5390625,0.96514892578125,7.5714111328125
34,0.39305555555555549,-0.002685546875,0.43133544921875,7.58294677734375
33,0.39305555555555549,0.0528564453125,0.95477294921875,7.5869140625
41,0,0.08746337890625,1.25909423828125,0.88604736328125
42,0,0.08746337890625,1.25909423828125,0.88604736328125
43,0,0.08746337890625,1.25909423828125,0.88604736328125
44,0,0.08746337890625,1.25909423828125,0.88604736328125
45,0,0.08746337890625,1.25909423828125,0.88604736328125
46,0,0.08746337890625,1.25909423828125,0.88604736328125
47,0,0.08746337890625,1.25909423828125,0.88604736328125
48,0,0.08746337890625,1.25909423828125,0.88604736328125
40,0.39999999999999991,0.92584228515625,0.65228271484375,7.6392822265625
39,0.39999999999999991,-0.47686767578125,0.29876708984375,7.6551513671875
38,0.39999999999999991,0.2628173828125,1.41650390625,7.65283203125
37,0.39999999999999991,0.45037841796875,0.20672607421875,7.66265869140625
36,0.39999999999999991,-0.401123046875,0.895751953125,7.67138671875
35,0.39999999999999991,0.54583740234375,0.94610595703125,7.6719970703125
34,0.39999999999999991,-0.0040283203125,0.404296875,7.68365478515625
33,0.39999999999999991,0.05230712890625,0.935546875,7.68768310546875
48,0.0069444444444446418,0.1031494140625,1.26995849609375,1.03759765625
47,0.0069444444444446418,0.08465576171875,1.2432861328125,1.0379638671875
46,0.0069444444444446418,0.0806884765625,1.27313232421875,1.03802490234375
45,0.0069444444444446418,0.1016845703125,1.25543212890625,1.0380859375
44,0.0069444444444446418,0.0771484375,1.2545166015625,1.03839111328125
43,0.0069444444444446418,0.0924072265625,1.26934814453125,1.03839111328125
42,0.0069444444444446418,0.09112548828125,1.2520751953125,1.03863525390625
41,0.0069444444444446418,0.084228515625,1.2618408203125,1.03875732421875
40,0.40694444444444455,0.93829345703125,0.62841796875,7.73931884765625
39,0.40694444444444455,-0.4852294921875,0.2696533203125,7.7554931640625
38,0.40694444444444455,0.265380859375,1.40399169921875,7.75311279296875
37,0.40694444444444455,0.45574951171875,0.17620849609375,7.76312255859375
36,0.40694444444444455,-0.4083251953125,0.87548828125,7.77191162109375
35,0.40694444444444455,0.5526123046875,0.92657470703125,7.77252197265625
34,0.40694444444444455,-0.00537109375,0.376708984375,7.784423828125
33,0.40694444444444455,0.05181884765625,0.9158935546875,7.78851318359375
48,0.01388888888888884,0.118896484375,1.28082275390625,1.189208984375
47,0.01388888888888884,0.08184814453125,1.22747802734375,1.18988037109375
46,0.01388888888888884,0.07391357421875,1.287109375,1.19000244140625
45,0.01388888888888884,0.115966796875,1.251708984375,1.190185546875
44,0.01388888888888884,0.0667724609375,1.24993896484375,1.19073486328125
43,0.01388888888888884,0.09735107421875,1.279541015625,1.19073486328125
42,0.01388888888888884,0.0947265625,1.2449951171875,1.191162109375
41,0.01388888888888884,0.08099365234375,1.2646484375,1.19146728515625
40,0.41388888888888875,0.95068359375,0.6041259765625,7.83935546875
39,0.41388888888888875,-0.49359130859375,0.2401123046875,7.85577392578125
38,0.41388888888888875,0.26800537109375,1.3909912109375,7.85333251953125
37,0.41388888888888875,0.461181640625,0.14532470703125,7.863525390625
36,0.41388888888888875,-0.41558837890625,0.85479736328125,7.87249755859375
35,0.41388888888888875,0.5594482421875,0.90667724609375,7.873046875
34,0.41388888888888875,-0.0067138671875,0.3487548828125,7.8851318359375
33,0.41388888888888875,0.05126953125,0.895751953125,7.8892822265625
48,0.020833333333333481,0.13458251953125,1.29168701171875,1.34075927734375
47,0.020833333333333481,0.07904052734375,1.211669921875,1.34185791015625
46,0.020833333333333481,0.06707763671875,1.3011474609375,1.34197998046875
45,0.020833333333333481,0.13018798828125,1.248046875,1.34222412109375
44,0.020833333333333481,0.05645751953125,1.24530029296875,1.3431396484375
43,0.020833333333333481,0.102294921875,1.289794921875,1.3431396484375
42,0.020833333333333481,0.098388671875,1.23797607421875,1.34375
41,0.020833333333333481,0.07769775390625,1.26739501953125,1.34417724609375
40,0.42083333333333339,0.963134765625,0.579345703125,7.939453125
39,0.42083333333333339,-0.501953125,0.2100830078125,7.9560546875
38,0.42083333333333339,0.27056884765625,1.37750244140625,7.95361328125
37,0.42083333333333339,0.466552734375,0.11395263671875,7.96392822265625
36,0.42083333333333339,-0.4228515625,0.8336181640625,7.9730224609375
35,0.42083333333333339,0.56622314453125,0.88623046875,7.9736328125
34,0.42083333333333339,-0.008056640625,0.3203125,7.98583984375
33,0.42083333333333339,0.05078125,0.87518310546875,7.99005126953125
48,0.027777777777777679,0.1502685546875,1.30255126953125,1.49237060546875
47,0.027777777777777679,0.07623291015625,1.19586181640625,1.4937744140625
46,0.027777777777777679,0.060302734375,1.315185546875,1.49395751953125
45,0.027777777777777679,0.1444091796875,1.244384765625,1.49432373046875
44,0.027777777777777679,0.046142578125,1.24072265625,1.4954833984375
43,0.027777777777777679,0.10723876953125,1.300048828125,1.4954833984375
42,0.027777777777777679,0.10205078125,1.23089599609375,1.496337890625
41,0.027777777777777679,0.074462890625,1.27020263671875,1.4969482421875
40,0.42777777777777759,0.97552490234375,0.55401611328125,8.03948974609375
39,0.42777777777777759,-0.51031494140625,0.1795654296875,8.05633544921875
38,0.42777777777777759,0.273193359375,1.36358642578125,8.05389404296875
37,0.42777777777777759,0.471923828125,0.08203125,8.0643310546875
36,0.42777777777777759,-0.4300537109375,0.81195068359375,8.07354736328125
35,0.42777777777777759,0.572998046875,0.86529541015625,8.07415771484375
34,0.42777777777777759,-0.00946044921875,0.29132080078125,8.0865478515625
33,0.42777777777777759,0.05023193359375,0.8541259765625,8.0908203125
48,0.034722222222222321,0.166015625,1.3134765625,1.6439208984375
47,0.034722222222222321,0.07342529296875,1.1800537109375,1.64569091796875
46,0.034722222222222321,0.05352783203125,1.32916259765625,1.64593505859375
45,0.034722222222222321,0.15869140625,1.24066162109375,1.6463623046875
44,0.034722222222222321,0.03582763671875,1.23614501953125,1.6478271484375
43,0.034722222222222321,0.1121826171875,1.31024169921875,1.6478271484375
42,0.034722222222222321,0.10565185546875,1.223876953125,1.64892578125
41,0.034722222222222321,0.07122802734375,1.27294921875,1.649658203125
40,0.43472222222222223,0.98797607421875,0.5283203125,8.1395263671875
39,0.43472222222222223,-0.5186767578125,0.14862060546875,8.15667724609375
38,0.43472222222222223,0.27581787109375,1.34918212890625,8.15411376953125
37,0.43472222222222223,0.477294921875,0.04974365234375,8.16473388671875
36,0.43472222222222223,-0.43731689453125,0.78985595703125,8.174072265625
35,0.43472222222222223,0.57977294921875,0.84393310546875,8.1746826171875
34,0.43472222222222223,-0.01080322265625,0.261962890625,8.187255859375
33,0.43472222222222223,0.04974365234375,0.83258056640625,8.19158935546875
48,0.041666666666666519,0.18170166015625,1.3243408203125,1.7955322265625
47,0.041666666666666519,0.07061767578125,1.16424560546875,1.797607421875
46,0.041666666666666519,0.0467529296875,1.34320068359375,1.79791259765625
45,0.041666666666666519,0.17291259765625,1.23699951171875,1.7984619140625
44,0.041666666666666519,0.02545166015625,1.2315673828125,1.8001708984375
43,0.041666666666666519,0.11712646484375,1.32049560546875,1.8001708984375
42,0.041666666666666519,0.10931396484375,1.216796875,1.80145263671875
41,0.041666666666666519,0.0679931640625,1.27569580078125,1.8023681640625
40,0.44166666666666643,1.00042724609375,0.5020751953125,8.2396240234375
39,0.44166666666666643,-0.52703857421875,0.11712646484375,8.2569580078125
38,0.44166666666666643,0.27838134765625,1.334228515625,8.25439453125
37,0.43995249896445915,0.4813232421875,0,8.2403564453125
36,0.44166666666666643,-0.44451904296875,0.7672119140625,8.274658203125
35,0.44166666666666643,0.58660888671875,0.822021484375,8.2752685546875
34,0.44166666666666643,-0.01214599609375,0.2320556640625,8.28802490234375
33,0.44166666666666643,0.0491943359375,0.810546875,8.2923583984375
48,0.04861111111111116,0.19744873046875,1.335205078125,1.94708251953125
47,0.04861111111111116,0.06781005859375,1.1484375,1.9495849609375
46,0.04861111111111116,0.03997802734375,1.357177734375,1.949951171875
45,0.04861111111111116,0.1871337890625,1.2332763671875,1.95050048828125
44,0.04861111111111116,0.01513671875,1.2269287109375,1.95257568359375
43,0.04861111111111116,0.1220703125,1.33074951171875,1.9525146484375
42,0.04861111111111116,0.1129150390625,1.20977783203125,1.95404052734375
41,0.04861111111111116,0.06475830078125,1.27850341796875,1.955078125
40,0.44861111111111107,1.0128173828125,0.47540283203125,8.33966064453125
39,0.44861111111111107,-0.535400390625,0.085205078125,8.35723876953125
38,0.44861111111111107,0.281005859375,1.31890869140625,8.35467529296875
36,0.44861111111111107,-0.4517822265625,0.744140625,8.37518310546875
35,0.44861111111111107,0.5933837890625,0.7996826171875,8.37579345703125
34,0.44861111111111107,-0.01348876953125,0.20166015625,8.38873291015625
33,0.44861111111111107,0.0487060546875,0.7880859375,8.39312744140625
48,0.055555555555555358,0.213134765625,1.3460693359375,2.09869384765625
47,0.055555555555555358,0.06500244140625,1.13262939453125,2.10150146484375
46,0.055555555555555358,0.033203125,1.3712158203125,2.1019287109375
45,0.055555555555555358,0.201416015625,1.2296142578125,2.10260009765625
44,0.055555555555555358,0.00482177734375,1.22235107421875,2.10491943359375
43,0.055555555555555358,0.12701416015625,1.3409423828125,2.1048583984375
42,0.055555555555555358,0.1165771484375,1.20269775390625,2.10662841796875
41,0.055555555555555358,0.0615234375,1.28125,2.1077880859375
40,0.45555555555555527,1.0252685546875,0.44830322265625,8.43975830078125
39,0.45555555555555527,-0.54376220703125,0.0528564453125,8.45758056640625
38,0.45555555555555527,0.2835693359375,1.3031005859375,8.45489501953125
36,0.45555555555555527,-0.45904541015625,0.72064208984375,8.4757080078125
35,0.45555555555555527,0.60015869140625,0.7769775390625,8.476318359375
34,0.45555555555555527,-0.01483154296875,0.1708984375,8.48944091796875
33,0.45555555555555527,0.04815673828125,0.76513671875,8.49395751953125
48,0.0625,0.22882080078125,1.35693359375,2.250244140625
47,0.0625,0.06219482421875,1.1168212890625,2.25341796875
46,0.0625,0.0263671875,1.38525390625,2.25390625
45,0.0625,0.21563720703125,1.2259521484375,2.254638671875
44,0.0625,-0.0054931640625,1.2177734375,2.25726318359375
43,0.0625,0.1319580078125,1.3511962890625,2.25726318359375
42,0.0625,0.1202392578125,1.1956787109375,2.25921630859375
41,0.0625,0.0582275390625,1.2840576171875,2.260498046875
40,0.46249999999999991,1.03765869140625,0.420654296875,8.539794921875
39,0.46143320932180643,-0.55084228515625,0,8.54248046875
38,0.46249999999999991,0.28619384765625,1.28680419921875,8.55517578125
36,0.46249999999999991,-0.46624755859375,0.69659423828125,8.57623291015625
35,0.46249999999999991,0.60699462890625,0.753662109375,8.576904296875
34,0.46249999999999991,-0.0162353515625,0.13958740234375,8.59014892578125
33,0.46249999999999991,0.04766845703125,0.74169921875,8.5947265625
48,0.069444444444444642,0.2445068359375,1.36773681640625,2.401611328125
47,0.069444444444444642,0.05938720703125,1.1009521484375,2.4051513671875
46,0.069444444444444642,0.01959228515625,1.399169921875,2.4056396484375
45,0.069444444444444642,0.2298583984375,1.22216796875,2.406494140625
44,0.069444444444444642,-0.015869140625,1.213134765625,2.409423828125
43,0.069444444444444642,0.13690185546875,1.361328125,2.40936279296875
42,0.069444444444444642,0.12384033203125,1.18853759765625,2.41156005859375
41,0.069444444444444642,0.05499267578125,1.2867431640625,2.41302490234375
40,0.46944444444444455,1.05010986328125,0.392578125,8.63983154296875
38,0.46944444444444455,0.28875732421875,1.27001953125,8.65545654296875
36,0.46944444444444455,-0.4735107421875,0.67205810546875,8.6767578125
35,0.46944444444444455,0.61376953125,0.72991943359375,8.67742919921875
34,0.46944444444444455,-0.017578125,0.1077880859375,8.69085693359375
33,0.46944444444444455,0.047119140625,0.7177734375,8.69549560546875
48,0.07638888888888884,0.260009765625,1.37799072265625,2.55078125
47,0.07638888888888884,0.056640625,1.0849609375,2.5546875
46,0.07638888888888884,0.012939453125,1.41253662109375,2.55523681640625
45,0.07638888888888884,0.243896484375,1.2181396484375,2.55615234375
44,0.07638888888888884,-0.0260009765625,1.20819091796875,2.559326171875
43,0.07638888888888884,0.14178466796875,1.3709716796875,2.559326171875
42,0.07638888888888884,0.12744140625,1.18121337890625,2.56170654296875
41,0.07638888888888884,0.05181884765625,1.2890625,2.56329345703125
40,0.47638888888888875,1.0625,0.36395263671875,8.73992919921875
38,0.47638888888888875,0.2913818359375,1.25274658203125,8.75567626953125
36,0.47638888888888875,-0.480712890625,0.6470947265625,8.77734375
35,0.47638888888888875,0.62054443359375,0.7056884765625,8.7779541015625
34,0.47638888888888875,-0.0189208984375,0.0755615234375,8.7916259765625
33,0.47638888888888875,0.046630859375,0.69342041015625,8.7962646484375
48,0.083333333333333481,0.275146484375,1.38763427734375,2.697265625
47,0.083333333333333481,0.053955078125,1.06884765625,2.70147705078125
46,0.083333333333333481,0.00640869140625,1.42523193359375,2.70208740234375
45,0.083333333333333481,0.25762939453125,1.2137451171875,2.703125
44,0.083333333333333481,-0.0360107421875,1.202880859375,2.70660400390625
43,0.083333333333333481,0.14654541015625,1.3800048828125,2.70654296875
42,0.083333333333333481,0.1309814453125,1.17352294921875,2.7091064453125
41,0.083333333333333481,0.04864501953125,1.29083251953125,2.71087646484375
40,0.48333333333333339,1.074951171875,0.33489990234375,8.8399658203125
38,0.48333333333333339,0.29400634765625,1.23504638671875,8.85595703125
36,0.48333333333333339,-0.48797607421875,0.62164306640625,8.87786865234375
35,0.48333333333333339,0.6273193359375,0.68096923828125,8.8785400390625
34,0.48333333333333339,-0.020263671875,0.0428466796875,8.892333984375
33,0.48333333333333339,0.04608154296875,0.6685791015625,8.89703369140625
48,0.090277777777777679,0.2900390625,1.39654541015625,2.841064453125
47,0.090277777777777679,0.05126953125,1.05242919921875,2.8455810546875
46,0.090277777777777679,-6.103515625E-05,1.4371337890625,2.84625244140625
45,0.090277777777777679,0.2711181640625,1.20880126953125,2.84735107421875
44,0.090277777777777679,-0.0457763671875,1.19708251953125,2.85113525390625
43,0.090277777777777679,0.1512451171875,1.3883056640625,2.85107421875
42,0.090277777777777679,0.1343994140625,1.16546630859375,2.8538818359375
41,0.090277777777777679,0.04559326171875,1.2921142578125,2.85577392578125
40,0.49027777777777759,1.08734130859375,0.305419921875,8.9400634765625
38,0.49027777777777759,0.29656982421875,1.21685791015625,8.95623779296875
36,0.49027777777777759,-0.4952392578125,0.59576416015625,8.9783935546875
35,0.49027777777777759,0.6341552734375,0.6558837890625,8.97906494140625
34,0.48706341899710948,-0.02099609375,0,8.9464111328125
33,0.49027777777777759,0.0455322265625,0.64324951171875,8.997802734375
48,0.097222222222222321,0.3046875,1.40484619140625,2.982177734375
47,0.097222222222222321,0.04864501953125,1.035888671875,2.987060546875
46,0.097222222222222321,-0.00634765625,1.4483642578125,2.98773193359375
45,0.097222222222222321,0.284423828125,1.20355224609375,2.98895263671875
44,0.097222222222222321,-0.055419921875,1.19097900390625,2.99298095703125
43,0.097222222222222321,0.1558837890625,1.39599609375,2.992919921875
42,0.097222222222222321,0.1378173828125,1.15704345703125,2.99591064453125
41,0.097222222222222321,0.0426025390625,1.2928466796875,2.9979248046875
40,0.49722222222222223,1.09979248046875,0.27545166015625,9.04010009765625
38,0.49722222222222223,0.2991943359375,1.1982421875,9.0565185546875
36,0.49722222222222223,-0.50244140625,0.56939697265625,9.07891845703125
35,0.49722222222222223,0.64093017578125,0.6302490234375,9.07965087890625
33,0.49722222222222223,0.0450439453125,0.61749267578125,9.0986328125
48,0.10416666666666652,0.31903076171875,1.4124755859375,3.12060546875
47,0.10416666666666652,0.04608154296875,1.01910400390625,3.12579345703125
46,0.10416666666666652,-0.0125732421875,1.45880126953125,3.12652587890625
45,0.10416666666666652,0.29742431640625,1.1978759765625,3.1278076171875
44,0.10416666666666652,-0.0648193359375,1.18450927734375,3.132080078125
43,0.10416666666666652,0.160400390625,1.403076171875,3.13201904296875
42,0.10416666666666652,0.14111328125,1.1483154296875,3.13525390625
41,0.10416666666666652,0.03961181640625,1.29302978515625,3.13739013671875
40,0.50416666666666643,1.1121826171875,0.2449951171875,9.14013671875
38,0.50416666666666643,0.3017578125,1.1790771484375,9.15673828125
36,0.50416666666666643,-0.50970458984375,0.54254150390625,9.179443359375
35,0.50416666666666643,0.647705078125,0.6041259765625,9.18017578125
33,0.50416666666666643,0.04449462890625,0.5911865234375,9.19940185546875
48,0.11111111111111116,0.3331298828125,1.41937255859375,3.25634765625
47,0.11111111111111116,0.0435791015625,1.00213623046875,3.2618408203125
46,0.11111111111111116,-0.01861572265625,1.46856689453125,3.26263427734375
45,0.11111111111111116,0.3101806640625,1.1917724609375,3.26397705078125
44,0.11111111111111116,-0.0740966796875,1.17755126953125,3.2685546875
43,0.11111111111111116,0.164794921875,1.409423828125,3.26849365234375
42,0.11111111111111116,0.14434814453125,1.13916015625,3.2718505859375
41,0.11111111111111116,0.03668212890625,1.292724609375,3.274169921875
40,0.51111111111111107,1.1246337890625,0.21405029296875,9.240234375
38,0.51111111111111107,0.30438232421875,1.159423828125,9.25701904296875
36,0.51111111111111107,-0.5169677734375,0.51519775390625,9.280029296875
35,0.51111111111111107,0.65447998046875,0.5775146484375,9.28070068359375
33,0.51111111111111107,0.04400634765625,0.564453125,9.3001708984375
48,0.11805555555555536,0.34686279296875,1.42572021484375,3.389404296875
47,0.11805555555555536,0.0411376953125,0.98504638671875,3.39520263671875
46,0.11805555555555536,-0.02459716796875,1.4776611328125,3.39605712890625
45,0.11805555555555536,0.3226318359375,1.185302734375,3.3974609375
44,0.11805555555555536,-0.08319091796875,1.1702880859375,3.40228271484375
43,0.11805555555555536,0.16912841796875,1.4151611328125,3.4022216796875
42,0.11805555555555536,0.1475830078125,1.1297607421875,3.40576171875
41,0.11805555555555536,0.03387451171875,1.29193115234375,3.408203125
40,0.51805555555555527,1.13702392578125,0.1826171875,9.34027099609375
38,0.51805555555555527,0.30694580078125,1.13934326171875,9.3572998046875
36,0.51805555555555527,-0.524169921875,0.48736572265625,9.38055419921875
35,0.51805555555555527,0.66131591796875,0.5504150390625,9.38128662109375
33,0.51805555555555527,0.04345703125,0.5372314453125,9.40093994140625
48,0.125,0.36041259765625,1.43133544921875,3.519775390625
47,0.125,0.0386962890625,0.96771240234375,3.52587890625
46,0.125,-0.03045654296875,1.4859619140625,3.52679443359375
45,0.125,0.33489990234375,1.17840576171875,3.52825927734375
44,0.125,-0.092041015625,1.16265869140625,3.5333251953125
43,0.125,0.17340087890625,1.42022705078125,3.53326416015625
42,0.125,0.15069580078125,1.11993408203125,3.53704833984375
41,0.125,0.03106689453125,1.29058837890625,3.53955078125
40,0.52499999999999991,1.14947509765625,0.15069580078125,9.44036865234375
38,0.52499999999999991,0.3095703125,1.1187744140625,9.45751953125
36,0.52499999999999991,-0.53143310546875,0.4591064453125,9.4810791015625
35,0.52499999999999991,0.6680908203125,0.52294921875,9.4818115234375
33,0.52499999999999991,0.04296875,0.509521484375,9.501708984375
48,0.13194444444444464,0.3736572265625,1.436279296875,3.6474609375
47,0.13194444444444464,0.036376953125,0.9501953125,3.65386962890625
46,0.13194444444444464,-0.0361328125,1.49359130859375,3.65478515625
45,0.13194444444444464,0.346923828125,1.17108154296875,3.6563720703125
44,0.13194444444444464,-0.10076904296875,1.154541015625,3.66168212890625
43,0.13194444444444464,0.17755126953125,1.42462158203125,3.66156005859375
42,0.13194444444444464,0.15374755859375,1.10980224609375,3.66552734375
41,0.13194444444444464,0.0283203125,1.2886962890625,3.668212890625
40,0.53194444444444455,1.161865234375,0.11834716796875,9.5404052734375
38,0.53194444444444455,0.3121337890625,1.09771728515625,9.55780029296875
36,0.53194444444444455,-0.53863525390625,0.43035888671875,9.58160400390625
35,0.53194444444444455,0.67486572265625,0.49493408203125,9.58233642578125
33,0.53194444444444455,0.04241943359375,0.48138427734375,9.60247802734375
48,0.13888888888888884,0.3865966796875,1.4405517578125,3.7724609375
47,0.13888888888888884,0.0340576171875,0.93243408203125,3.7791748046875
46,0.13888888888888884,-0.041748046875,1.50042724609375,3.7801513671875
45,0.13888888888888884,0.358642578125,1.16339111328125,3.78179931640625
44,0.13888888888888884,-0.1092529296875,1.14605712890625,3.78729248046875
43,0.13888888888888884,0.181640625,1.42840576171875,3.7872314453125
42,0.13888888888888884,0.15679931640625,1.09930419921875,3.7913818359375
41,0.13888888888888884,0.025634765625,1.2862548828125,3.79412841796875
40,0.53888888888888875,1.17431640625,0.0855712890625,9.64044189453125
38,0.53888888888888875,0.31475830078125,1.0762939453125,9.6580810546875
36,0.53888888888888875,-0.5458984375,0.40118408203125,9.68212890625
35,0.53888888888888875,0.68170166015625,0.46649169921875,9.68292236328125
33,0.53888888888888875,0.04193115234375,0.45281982421875,9.70330810546875
48,0.14583333333333348,0.3992919921875,1.4442138671875,3.894775390625
47,0.14583333333333348,0.03179931640625,0.91455078125,3.90179443359375
46,0.14583333333333348,-0.0472412109375,1.506591796875,3.90277099609375
45,0.14583333333333348,0.3701171875,1.1552734375,3.90447998046875
44,0.14583333333333348,-0.11761474609375,1.13720703125,3.9102783203125
43,0.14583333333333348,0.1856689453125,1.4315185546875,3.91015625
42,0.14583333333333348,0.15972900390625,1.0885009765625,3.91448974609375
41,0.14583333333333348,0.02301025390625,1.28338623046875,3.91741943359375
40,0.54583333333333339,1.18670654296875,0.05224609375,9.74053955078125
38,0.54583333333333339,0.3173828125,1.05426025390625,9.75830078125
36,0.54583333333333339,-0.55316162109375,0.3714599609375,9.78271484375
35,0.54583333333333339,0.6884765625,0.4375,9.783447265625
33,0.54583333333333339,0.0413818359375,0.42364501953125,9.8040771484375
48,0.15277777777777768,0.41168212890625,1.4471435546875,4.014404296875
47,0.15277777777777768,0.029541015625,0.896484375,4.021728515625
46,0.15277777777777768,-0.05255126953125,1.51202392578125,4.02276611328125
45,0.15277777777777768,0.38140869140625,1.146728515625,4.0245361328125
44,0.15277777777777768,-0.12579345703125,1.12799072265625,4.030517578125
43,0.15277777777777768,0.18951416015625,1.4339599609375,4.03045654296875
42,0.15277777777777768,0.16259765625,1.07733154296875,4.034912109375
41,0.15277777777777768,0.02044677734375,1.27996826171875,4.0379638671875
40,0.551436608479603,1.19677734375,0,9.82122802734375
38,0.55277777777777759,0.3199462890625,1.0318603515625,9.85858154296875
36,0.55277777777777759,-0.56036376953125,0.34130859375,9.88323974609375
35,0.55277777777777759,0.69525146484375,0.4080810546875,9.88397216796875
33,0.55277777777777759,0.0408935546875,0.39410400390625,9.90484619140625
48,0.15972222222222232,0.42376708984375,1.449462890625,4.13134765625
47,0.15972222222222232,0.02740478515625,0.878173828125,4.138916015625
46,0.15972222222222232,-0.05780029296875,1.51678466796875,4.1400146484375
45,0.15972222222222232,0.39239501953125,1.1378173828125,4.141845703125
44,0.15972222222222232,-0.13372802734375,1.11834716796875,4.1480712890625
43,0.15972222222222232,0.193359375,1.435791015625,4.14794921875
42,0.15972222222222232,0.1654052734375,1.06573486328125,4.15264892578125
41,0.15972222222222232,0.0179443359375,1.2760009765625,4.15576171875
38,0.55972222222222223,0.32257080078125,1.0089111328125,9.9588623046875
36,0.55972222222222223,-0.567626953125,0.3106689453125,9.9837646484375
35,0.55972222222222223,0.7020263671875,0.37823486328125,9.98455810546875
33,0.55972222222222223,0.04034423828125,0.364013671875,10.005615234375
48,0.16666666666666652,0.43560791015625,1.4510498046875,4.24566650390625
47,0.16666666666666652,0.0252685546875,0.85968017578125,4.25347900390625
46,0.16666666666666652,-0.06292724609375,1.520751953125,4.25457763671875
45,0.16666666666666652,0.40313720703125,1.12841796875,4.2564697265625
44,0.16666666666666652,-0.14154052734375,1.1082763671875,4.262939453125
43,0.16666666666666652,0.19708251953125,1.4368896484375,4.2628173828125
42,0.16666666666666652,0.16815185546875,1.0538330078125,4.26763916015625
41,0.16666666666666652,0.0155029296875,1.271484375,4.2708740234375
38,0.56666666666666643,0.32513427734375,0.98553466796875,10.05908203125
36,0.56666666666666643,-0.5748291015625,0.27960205078125,10.08428955078125
35,0.56666666666666643,0.7088623046875,0.347900390625,10.0850830078125
33,0.56666666666666643,0.03985595703125,0.33355712890625,10.10638427734375
48,0.17361111111111116,0.44720458984375,1.4520263671875,4.35723876953125
47,0.17361111111111116,0.023193359375,0.84100341796875,4.36529541015625
46,0.17361111111111116,-0.06793212890625,1.5240478515625,4.366455078125
45,0.17361111111111116,0.41357421875,1.11871337890625,4.368408203125
44,0.17361111111111116,-0.14910888671875,1.097900390625,4.37506103515625
43,0.17361111111111116,0.20074462890625,1.4373779296875,4.375
42,0.17361111111111116,0.17083740234375,1.0416259765625,4.37994384765625
41,0.17361111111111116,0.01312255859375,1.26654052734375,4.38330078125
38,0.57361111111111107,0.3277587890625,0.961669921875,10.15936279296875
36,0.57361111111111107,-0.58209228515625,0.24798583984375,10.184814453125
35,0.57361111111111107,0.71563720703125,0.3170166015625,10.18560791015625
33,0.57361111111111107,0.039306640625,0.30255126953125,10.2071533203125
48,0.18055555555555536,0.45849609375,1.45233154296875,4.46612548828125
47,0.18055555555555536,0.02117919921875,0.8221435546875,4.4744873046875
46,0.18055555555555536,-0.07281494140625,1.526611328125,4.47564697265625
45,0.18055555555555536,0.423828125,1.1085205078125,4.4776611328125
44,0.18055555555555536,-0.15655517578125,1.08709716796875,4.48455810546875
43,0.18055555555555536,0.20428466796875,1.437255859375,4.48443603515625
42,0.18055555555555536,0.17340087890625,1.029052734375,4.48956298828125
41,0.18055555555555536,0.01080322265625,1.260986328125,4.4930419921875
38,0.58055555555555527,0.330322265625,0.93731689453125,10.2596435546875
36,0.58055555555555527,-0.58935546875,0.2159423828125,10.285400390625
35,0.58055555555555527,0.722412109375,0.28570556640625,10.28619384765625
33,0.58055555555555527,0.038818359375,0.27105712890625,10.3079833984375
48,0.1875,0.469482421875,1.45196533203125,4.57232666015625
47,0.1875,0.01922607421875,0.8031005859375,4.5809326171875
46,0.1875,-0.07757568359375,1.5284423828125,4.5821533203125
45,0.1875,0.43377685546875,1.09796142578125,4.584228515625
44,0.1875,-0.163818359375,1.07586669921875,4.59130859375
43,0.1875,0.207763671875,1.4364013671875,4.5911865234375
42,0.1875,0.17596435546875,1.01617431640625,4.59649658203125
41,0.1875,0.008544921875,1.25494384765625,4.60003662109375
38,0.58749999999999991,0.33294677734375,0.9124755859375,10.35992431640625
36,0.58749999999999991,-0.5965576171875,0.18341064453125,10.38592529296875
35,0.58749999999999991,0.729248046875,0.25390625,10.38671875
33,0.58749999999999991,0.03826904296875,0.2391357421875,10.40875244140625
48,0.19444444444444464,0.480224609375,1.450927734375,4.67584228515625
47,0.19444444444444464,0.017333984375,0.7838134765625,4.6846923828125
46,0.19444444444444464,-0.08221435546875,1.529541015625,4.68597412109375
45,0.19444444444444464,0.44354248046875,1.08697509765625,4.6881103515625
44,0.19444444444444464,-0.17083740234375,1.06427001953125,4.69537353515625
43,0.19444444444444464,0.21112060546875,1.4349365234375,4.69525146484375
42,0.19444444444444464,0.178466796875,1.00286865234375,4.70068359375
41,0.19444444444444464,0.00628662109375,1.24835205078125,4.704345703125
38,0.59444444444444455,0.3355712890625,0.88726806640625,10.46014404296875
36,0.59444444444444455,-0.60382080078125,0.15045166015625,10.4864501953125
35,0.59444444444444455,0.73602294921875,0.2216796875,10.48724365234375
33,0.59444444444444455,0.03778076171875,0.206787109375,10.509521484375
48,0.20138888888888884,0.49066162109375,1.44921875,4.77679443359375
47,0.20138888888888884,0.01544189453125,0.76434326171875,4.78582763671875
46,0.20138888888888884,-0.08673095703125,1.5299072265625,4.787109375
45,0.20138888888888884,0.4530029296875,1.07562255859375,4.789306640625
44,0.20138888888888884,-0.177734375,1.05230712890625,4.79681396484375
43,0.20138888888888884,0.21441650390625,1.43280029296875,4.79669189453125
42,0.20138888888888884,0.180908203125,0.9892578125,4.80224609375
41,0.20138888888888884,0.004150390625,1.24127197265625,4.8060302734375
38,0.60138888888888875,0.338134765625,0.8614501953125,10.5604248046875
36,0.60138888888888875,-0.61102294921875,0.116943359375,10.58697509765625
35,0.60138888888888875,0.7427978515625,0.18896484375,10.58782958984375
33,0.60138888888888875,0.0372314453125,0.173828125,10.61029052734375
48,0.20833333333333348,0.50103759765625,1.447021484375,4.8768310546875
47,0.20833333333333348,0.01361083984375,0.7445068359375,4.8861083984375
46,0.20833333333333348,-0.0911865234375,1.52978515625,4.887451171875
45,0.20833333333333348,0.46240234375,1.06378173828125,4.88970947265625
44,0.20833333333333348,-0.1845703125,1.03985595703125,4.8973388671875
43,0.20833333333333348,0.21771240234375,1.43017578125,4.897216796875
42,0.20833333333333348,0.18328857421875,0.9752197265625,4.9029541015625
41,0.20833333333333348,0.00201416015625,1.23370361328125,4.90679931640625
38,0.60833333333333339,0.34075927734375,0.83526611328125,10.66070556640625
36,0.60833333333333339,-0.6182861328125,0.0830078125,10.6875
35,0.60833333333333339,0.74957275390625,0.15576171875,10.6883544921875
33,0.60833333333333339,0.03668212890625,0.1405029296875,10.7110595703125
48,0.21527777777777768,0.51141357421875,1.44427490234375,4.97686767578125
47,0.21527777777777768,0.01177978515625,0.72418212890625,4.98638916015625
46,0.21527777777777768,-0.09564208984375,1.5291748046875,4.98773193359375
45,0.21527777777777768,0.4718017578125,1.05145263671875,4.99005126953125
44,0.21527777777777768,-0.19134521484375,1.02691650390625,4.9979248046875
43,0.21527777777777768,0.220947265625,1.42706298828125,4.997802734375
42,0.21527777777777768,0.1856689453125,0.96063232421875,5.003662109375
41,0.21527777777777768,-0.0001220703125,1.22564697265625,5.00762939453125
38,0.61527777777777759,0.34332275390625,0.80853271484375,10.76092529296875
36,0.61527777777777759,-0.62554931640625,0.048583984375,10.7880859375
35,0.61527777777777759,0.75640869140625,0.1220703125,10.78887939453125
33,0.61527777777777759,0.03619384765625,0.10662841796875,10.81182861328125
48,0.22222222222222232,0.52178955078125,1.44110107421875,5.076904296875
47,0.22222222222222232,0.0098876953125,0.703369140625,5.086669921875
46,0.22222222222222232,-0.10015869140625,1.52801513671875,5.08807373046875
45,0.22222222222222232,0.481201171875,1.03863525390625,5.09039306640625
44,0.22222222222222232,-0.19818115234375,1.0135498046875,5.09844970703125
43,0.22222222222222232,0.22418212890625,1.42340087890625,5.09832763671875
42,0.22222222222222232,0.1881103515625,0.94561767578125,5.1043701171875
41,0.22222222222222232,-0.00225830078125,1.21710205078125,5.1083984375
38,0.62222222222222223,0.345947265625,0.7813720703125,10.8612060546875
36,0.61997470285640677,-0.63043212890625,0,10.8560791015625
35,0.62222222222222223,0.76318359375,0.08795166015625,10.88946533203125
33,0.62222222222222223,0.03564453125,0.0723876953125,10.91259765625
48,0.22916666666666652,0.5321044921875,1.43743896484375,5.17694091796875
47,0.22916666666666652,0.008056640625,0.68212890625,5.18695068359375
46,0.22916666666666652,-0.1046142578125,1.5264892578125,5.1883544921875
45,0.22916666666666652,0.4906005859375,1.025390625,5.1907958984375
44,0.22916666666666652,-0.20501708984375,0.99969482421875,5.19903564453125
43,0.22916666666666652,0.22747802734375,1.41937255859375,5.19891357421875
42,0.22916666666666652,0.19049072265625,0.93017578125,5.20501708984375
41,0.22916666666666652,-0.00445556640625,1.2081298828125,5.20916748046875
38,0.62916666666666643,0.3485107421875,0.75372314453125,10.96148681640625
35,0.62916666666666643,0.76995849609375,0.05328369140625,10.989990234375
33,0.62916666666666643,0.03515625,0.03759765625,11.013427734375
48,0.23611111111111116,0.54248046875,1.433349609375,5.2769775390625
47,0.23611111111111116,0.0062255859375,0.660400390625,5.2872314453125
46,0.23611111111111116,-0.109130859375,1.5244140625,5.28863525390625
45,0.23611111111111116,0.5,1.01165771484375,5.2911376953125
44,0.23611111111111116,-0.21185302734375,0.9853515625,5.299560546875
43,0.23611111111111116,0.230712890625,1.41485595703125,5.2994384765625
42,0.23611111111111116,0.19287109375,0.91424560546875,5.30572509765625
41,0.23611111111111116,-0.006591796875,1.19866943359375,5.30999755859375
38,0.63611111111111107,0.35113525390625,0.7255859375,11.06170654296875
35,0.634770615692081,0.77545166015625,0,11.07110595703125
33,0.63164407892396435,0.03497314453125,0,11.04937744140625
48,0.24305555555555536,0.5528564453125,1.4287109375,5.37701416015625
47,0.24305555555555536,0.00433349609375,0.63818359375,5.387451171875
46,0.24305555555555536,-0.11358642578125,1.52191162109375,5.38897705078125
45,0.24305555555555536,0.5093994140625,0.99749755859375,5.39154052734375
44,0.24305555555555536,-0.2186279296875,0.9705810546875,5.400146484375
43,0.24305555555555536,0.2340087890625,1.4097900390625,5.4000244140625
42,0.24305555555555536,0.1953125,0.89776611328125,5.40643310546875
41,0.24305555555555536,-0.00872802734375,1.188720703125,5.4107666015625
38,0.64305555555555527,0.353759765625,0.69708251953125,11.1619873046875
48,0.25,0.563232421875,1.4237060546875,5.47705078125
47,0.25,0.00250244140625,0.6156005859375,5.48773193359375
46,0.25,-0.1180419921875,1.5189208984375,5.4892578125
45,0.25,0.518798828125,0.98284912109375,5.49188232421875
44,0.25,-0.2254638671875,0.955322265625,5.50067138671875
43,0.25,0.23724365234375,1.40435791015625,5.50054931640625
42,0.25,0.19769287109375,0.88092041015625,5.50714111328125
41,0.25,-0.0108642578125,1.1783447265625,5.5115966796875
38,0.64999999999999991,0.3563232421875,0.66796875,11.26226806640625
48,0.25694444444444464,0.5736083984375,1.41815185546875,5.57708740234375
47,0.25694444444444464,0.00067138671875,0.5924072265625,5.5880126953125
46,0.25694444444444464,-0.12255859375,1.51544189453125,5.589599609375
45,0.25694444444444464,0.5281982421875,0.9676513671875,5.59222412109375
44,0.25694444444444464,-0.2322998046875,0.93951416015625,5.60125732421875
43,0.25694444444444464,0.24053955078125,1.39837646484375,5.60113525390625
42,0.25694444444444464,0.2000732421875,0.863525390625,5.60784912109375
41,0.25694444444444464,-0.01300048828125,1.16741943359375,5.61236572265625
38,0.65694444444444455,0.35894775390625,0.638427734375,11.36248779296875
48,0.26388888888888884,0.583984375,1.412109375,5.6771240234375
47,0.26388888888888884,-0.001220703125,0.56878662109375,5.68829345703125
46,0.26388888888888884,-0.12701416015625,1.511474609375,5.68988037109375
45,0.26388888888888884,0.53759765625,0.9520263671875,5.692626953125
44,0.26388888888888884,-0.23907470703125,0.92333984375,5.7017822265625
43,0.26388888888888884,0.2437744140625,1.39190673828125,5.70166015625
42,0.26388888888888884,0.2025146484375,0.845703125,5.70855712890625
41,0.26388888888888884,-0.01513671875,1.15606689453125,5.713134765625
38,0.66388888888888875,0.36151123046875,0.60845947265625,11.4627685546875
48,0.27083333333333348,0.5943603515625,1.40570068359375,5.77716064453125
47,0.27083333333333348,-0.0030517578125,0.54473876953125,5.78857421875
46,0.27083333333333348,-0.1314697265625,1.50714111328125,5.79022216796875
45,0.27083333333333348,0.5469970703125,0.93597412109375,5.79296875
44,0.27083333333333348,-0.24591064453125,0.90667724609375,5.8023681640625
43,0.27083333333333348,0.2470703125,1.38507080078125,5.80224609375
42,0.27083333333333348,0.20489501953125,0.82745361328125,5.8092041015625
41,0.27083333333333348,-0.01727294921875,1.144287109375,5.81396484375
38,0.67083333333333339,0.3641357421875,0.57794189453125,11.56304931640625
48,0.27777777777777768,0.604736328125,1.398681640625,5.87725830078125
47,0.27777777777777768,-0.0048828125,0.5201416015625,5.88885498046875
46,0.27777777777777768,-0.135986328125,1.50225830078125,5.8905029296875
45,0.27777777777777768,0.556396484375,0.91937255859375,5.893310546875
44,0.27777777777777768,-0.25274658203125,0.88946533203125,5.90289306640625
43,0.27777777777777768,0.25030517578125,1.377685546875,5.90277099609375
42,0.27777777777777768,0.20733642578125,0.80859375,5.909912109375
41,0.27777777777777768,-0.0194091796875,1.1319580078125,5.91473388671875
38,0.67777777777777759,0.36669921875,0.54693603515625,11.663330078125
48,0.28472222222222232,0.61505126953125,1.39129638671875,5.977294921875
47,0.28472222222222232,-0.00677490234375,0.4951171875,5.9891357421875
46,0.28472222222222232,-0.14044189453125,1.49688720703125,5.9908447265625
45,0.28472222222222232,0.5657958984375,0.90240478515625,5.99371337890625
44,0.28472222222222232,-0.25958251953125,0.87188720703125,6.00347900390625
43,0.28472222222222232,0.25360107421875,1.36981201171875,6.00335693359375
42,0.28472222222222232,0.209716796875,0.78936767578125,6.0106201171875
41,0.28472222222222232,-0.02154541015625,1.11920166015625,6.01556396484375
38,0.68472222222222223,0.36932373046875,0.51556396484375,11.7635498046875
48,0.29166666666666652,0.62542724609375,1.38336181640625,6.07733154296875
47,0.29166666666666652,-0.00860595703125,0.4696044921875,6.08941650390625
46,0.29166666666666652,-0.14495849609375,1.4910888671875,6.09112548828125
45,0.29166666666666652,0.5751953125,0.8848876953125,6.09405517578125
44,0.29166666666666652,-0.266357421875,0.853759765625,6.10400390625
43,0.29166666666666652,0.2568359375,1.36151123046875,6.1038818359375
42,0.29166666666666652,0.21209716796875,0.7696533203125,6.111328125
41,0.29166666666666652,-0.02374267578125,1.10595703125,6.1163330078125
38,0.69166666666666643,0.37188720703125,0.483642578125,11.86383056640625
48,0.29861111111111116,0.63580322265625,1.375,6.1773681640625
47,0.29861111111111116,-0.01043701171875,0.443603515625,6.189697265625
46,0.29861111111111116,-0.1494140625,1.4847412109375,6.19146728515625
45,0.29861111111111116,0.5845947265625,0.86688232421875,6.1944580078125
44,0.29861111111111116,-0.273193359375,0.83514404296875,6.20458984375
43,0.29861111111111116,0.2601318359375,1.35272216796875,6.20440673828125
42,0.29861111111111116,0.21453857421875,0.74945068359375,6.2120361328125
41,0.29861111111111116,-0.02587890625,1.09222412109375,6.2171630859375
38,0.69861111111111107,0.37451171875,0.4512939453125,11.964111328125
48,0.30555555555555536,0.64617919921875,1.36614990234375,6.27740478515625
47,0.30555555555555536,-0.0123291015625,0.4171142578125,6.28997802734375
46,0.30555555555555536,-0.15386962890625,1.47796630859375,6.291748046875
45,0.30555555555555536,0.593994140625,0.848388671875,6.2947998046875
44,0.30555555555555536,-0.280029296875,0.81610107421875,6.30517578125
43,0.30555555555555536,0.26336669921875,1.3433837890625,6.30499267578125
42,0.30555555555555536,0.2169189453125,0.72869873046875,6.312744140625
41,0.30555555555555536,-0.02801513671875,1.0780029296875,6.31793212890625
38,0.70555555555555527,0.37713623046875,0.41845703125,12.0643310546875
48,0.3125,0.65655517578125,1.3568115234375,6.37744140625
47,0.3125,-0.01416015625,0.39019775390625,6.39019775390625
46,0.3125,-0.15838623046875,1.470703125,6.39202880859375
45,0.3125,0.6033935546875,0.8294677734375,6.3951416015625
44,0.3125,-0.286865234375,0.79656982421875,6.40570068359375
43,0.3125,0.26666259765625,1.33367919921875,6.405517578125
42,0.3125,0.21929931640625,0.70758056640625,6.41339111328125
41,0.3125,-0.0301513671875,1.0633544921875,6.418701171875
38,0.71249999999999991,0.37969970703125,0.38507080078125,12.16461181640625
48,0.31944444444444464,0.66693115234375,1.3470458984375,6.47747802734375
47,0.31944444444444464,-0.0159912109375,0.36279296875,6.490478515625
46,0.31944444444444464,-0.162841796875,1.4630126953125,6.49237060546875
45,0.31944444444444464,0.61279296875,0.81005859375,6.49554443359375
44,0.31944444444444464,-0.29364013671875,0.77655029296875,6.50628662109375
43,0.31944444444444464,0.2698974609375,1.323486328125,6.506103515625
42,0.31944444444444464,0.22174072265625,0.68597412109375,6.51409912109375
41,0.31944444444444464,-0.03228759765625,1.0482177734375,6.51953125
38,0.71944444444444455,0.38232421875,0.351318359375,12.264892578125
48,0.32638888888888884,0.67730712890625,1.3367919921875,6.5775146484375
47,0.32638888888888884,-0.01788330078125,0.3349609375,6.59075927734375
46,0.32638888888888884,-0.16729736328125,1.45489501953125,6.5926513671875
45,0.32638888888888884,0.6221923828125,0.790283203125,6.59588623046875
44,0.32638888888888884,-0.30047607421875,0.75616455078125,6.6068115234375
43,0.32638888888888884,0.273193359375,1.31280517578125,6.60662841796875
42,0.32638888888888884,0.22412109375,0.6639404296875,6.61480712890625
41,0.32638888888888884,-0.034423828125,1.03265380859375,6.62030029296875
38,0.72638888888888875,0.3848876953125,0.31707763671875,12.3651123046875
48,0.33333333333333348,0.6876220703125,1.3260498046875,6.67755126953125
47,0.33333333333333348,-0.01971435546875,0.30657958984375,6.6910400390625
46,0.33333333333333348,-0.17181396484375,1.4461669921875,6.6929931640625
45,0.33333333333333348,0.631591796875,0.7698974609375,6.6962890625
44,0.33333333333333348,-0.30731201171875,0.73516845703125,6.7073974609375
43,0.33333333333333348,0.27642822265625,1.3016357421875,6.70721435546875
42,0.33333333333333348,0.22650146484375,0.641357421875,6.71551513671875
41,0.33333333333333348,-0.03656005859375,1.01654052734375,6.72113037109375
38,0.73333333333333339,0.38751220703125,0.28228759765625,12.46539306640625
48,0.34027777777777768,0.697998046875,1.3148193359375,6.777587890625
47,0.34027777777777768,-0.02154541015625,0.27777099609375,6.79132080078125
46,0.34027777777777768,-0.17626953125,1.43707275390625,6.79327392578125
45,0.34027777777777768,0.6409912109375,0.74908447265625,6.796630859375
44,0.34027777777777768,-0.3140869140625,0.7137451171875,6.80792236328125
43,0.34027777777777768,0.27972412109375,1.2900390625,6.8077392578125
42,0.34027777777777768,0.22894287109375,0.6182861328125,6.81622314453125
41,0.34027777777777768,-0.0386962890625,1,6.8218994140625
38,0.74027777777777759,0.39007568359375,0.24713134765625,12.565673828125
48,0.34722222222222232,0.7083740234375,1.30316162109375,6.87762451171875
47,0.34722222222222232,-0.0234375,0.24847412109375,6.8916015625
46,0.34722222222222232,-0.1807861328125,1.42742919921875,6.89361572265625
45,0.34722222222222232,0.650390625,0.727783203125,6.89697265625
44,0.34722222222222232,-0.3209228515625,0.69189453125,6.90850830078125
43,0.34722222222222232,0.282958984375,1.27789306640625,6.9083251953125
42,0.34722222222222232,0.2313232421875,0.59478759765625,6.9168701171875
41,0.34722222222222232,-0.04083251953125,0.98297119140625,6.92266845703125
38,0.74722222222222223,0.3927001953125,0.21142578125,12.6658935546875
48,0.35416666666666652,0.71875,1.29095458984375,6.97772216796875
47,0.35416666666666652,-0.0252685546875,0.21868896484375,6.99188232421875
46,0.35416666666666652,-0.18524169921875,1.4173583984375,6.993896484375
45,0.35416666666666652,0.6597900390625,0.70599365234375,6.99737548828125
44,0.35416666666666652,-0.3277587890625,0.66949462890625,7.009033203125
43,0.35416666666666652,0.2862548828125,1.26531982421875,7.00885009765625
42,0.35416666666666652,0.2337646484375,0.57080078125,7.017578125
41,0.35416666666666652,-0.04296875,0.96539306640625,7.02349853515625
38,0.75416666666666643,0.39532470703125,0.17529296875,12.76617431640625
48,0.36111111111111116,0.7291259765625,1.27838134765625,7.0777587890625
47,0.36111111111111116,-0.027099609375,0.1884765625,7.0921630859375
46,0.36111111111111116,-0.189697265625,1.40679931640625,7.09423828125
45,0.36111111111111116,0.669189453125,0.68377685546875,7.09771728515625
44,0.36111111111111116,-0.3345947265625,0.64666748046875,7.109619140625
43,0.36111111111111116,0.28948974609375,1.2523193359375,7.10943603515625
42,0.36111111111111116,0.23614501953125,0.54638671875,7.1182861328125
41,0.36111111111111116,-0.045166015625,0.94744873046875,7.124267578125
38,0.76111111111111107,0.39788818359375,0.138671875,12.866455078125
48,0.36805555555555536,0.739501953125,1.26531982421875,7.17779541015625
47,0.36805555555555536,-0.02899169921875,0.15777587890625,7.19244384765625
46,0.36805555555555536,-0.1942138671875,1.39581298828125,7.19451904296875
45,0.36805555555555536,0.6785888671875,0.66107177734375,7.19805908203125
44,0.36805555555555536,-0.34136962890625,0.6234130859375,7.21014404296875
43,0.36805555555555536,0.29278564453125,1.23876953125,7.2099609375
42,0.36805555555555536,0.238525390625,0.521484375,7.218994140625
41,0.36805555555555536,-0.04730224609375,0.92901611328125,7.22509765625
38,0.76805555555555527,0.4005126953125,0.1015625,12.96673583984375
48,0.375,0.7498779296875,1.251708984375,7.27783203125
47,0.375,-0.03082275390625,0.1265869140625,7.292724609375
46,0.375,-0.19866943359375,1.38427734375,7.2947998046875
45,0.375,0.68798828125,0.637939453125,7.2984619140625
44,0.375,-0.34820556640625,0.599609375,7.31072998046875
43,0.375,0.2960205078125,1.22479248046875,7.310546875
42,0.375,0.240966796875,0.49603271484375,7.3197021484375
41,0.375,-0.0494384765625,0.91009521484375,7.32586669921875
38,0.77499999999999991,0.403076171875,0.06402587890625,13.06695556640625
48,0.38194444444444464,0.76019287109375,1.2376708984375,7.37786865234375
47,0.38194444444444464,-0.03265380859375,0.09490966796875,7.39300537109375
46,0.38194444444444464,-0.203125,1.372314453125,7.3951416015625
45,0.38194444444444464,0.6973876953125,0.6142578125,7.3988037109375
44,0.38194444444444464,-0.35504150390625,0.5753173828125,7.4112548828125
43,0.38194444444444464,0.29931640625,1.2103271484375,7.41107177734375
42,0.38194444444444464,0.24334716796875,0.47015380859375,7.42041015625
41,0.38194444444444464,-0.05157470703125,0.89068603515625,7.4266357421875
38,0.78194444444444455,0.40570068359375,0.02593994140625,13.167236328125
48,0.38888888888888884,0.77056884765625,1.22314453125,7.4779052734375
47,0.38888888888888884,-0.0345458984375,0.06280517578125,7.49322509765625
46,0.38888888888888884,-0.2076416015625,1.35992431640625,7.49542236328125
45,0.38888888888888884,0.706787109375,0.59014892578125,7.49920654296875
44,0.38888888888888884,-0.36187744140625,0.5506591796875,7.5118408203125
43,0.38888888888888884,0.30255126953125,1.19537353515625,7.51165771484375
42,0.38888888888888884,0.2457275390625,0.44384765625,7.52105712890625
41,0.38888888888888884,-0.0537109375,0.870849609375,7.5274658203125
38,0.78211199274203569,0.40576171875,0,13.169677734375
48,0.39583333333333348,0.78094482421875,1.2081298828125,7.57794189453125
47,0.39583333333333348,-0.036376953125,0.0301513671875,7.593505859375
46,0.39583333333333348,-0.21209716796875,1.346923828125,7.59576416015625
45,0.39583333333333348,0.7161865234375,0.56549072265625,7.59954833984375
44,0.39583333333333348,-0.36865234375,0.525390625,7.61236572265625
43,0.39583333333333348,0.30584716796875,1.179931640625,7.6121826171875
42,0.39583333333333348,0.2481689453125,0.4169921875,7.62176513671875
41,0.39583333333333348,-0.05584716796875,0.8504638671875,7.62823486328125
49,0,0.08746337890625,1.25909423828125,0.88604736328125
50,0,0.08746337890625,1.25909423828125,0.88604736328125
51,0,0.08746337890625,1.25909423828125,0.88604736328125
52,0,0.08746337890625,1.25909423828125,0.88604736328125
53,0,0.08746337890625,1.25909423828125,0.88604736328125
54,0,0.08746337890625,1.25909423828125,0.88604736328125
55,0,0.08746337890625,1.25909423828125,0.88604736328125
56,0,0.08746337890625,1.25909423828125,0.88604736328125
56,0.0027777777777777679,0.082763671875,1.26446533203125,0.94671630859375
55,0.0027777777777777679,0.09454345703125,1.25897216796875,0.94677734375
54,0.0027777777777777679,0.08306884765625,1.25537109375,0.9468994140625
53,0.0027777777777777679,0.08856201171875,1.264892578125,0.9468994140625
52,0.0027777777777777679,0.09063720703125,1.2552490234375,0.94696044921875
51,0.0027777777777777679,0.083740234375,1.26025390625,0.947021484375
50,0.0027777777777777679,0.09063720703125,1.26092529296875,0.947021484375
49,0.0027777777777777679,0.0872802734375,1.257568359375,0.9471435546875
48,0.40277777777777768,0.79132080078125,1.19268798828125,7.677978515625
47,0.39691415053625267,-0.03668212890625,0,7.609130859375
46,0.40277777777777768,-0.21661376953125,1.3336181640625,7.696044921875
45,0.40277777777777768,0.7255859375,0.54046630859375,7.69989013671875
44,0.40277777777777768,-0.37548828125,0.499755859375,7.71295166015625
43,0.40277777777777768,0.30908203125,1.1640625,7.7127685546875
42,0.40277777777777768,0.25054931640625,0.38970947265625,7.72247314453125
41,0.40277777777777768,-0.0579833984375,0.8297119140625,7.72906494140625
56,0.00972222222222241,0.0709228515625,1.27783203125,1.09844970703125
55,0.00972222222222241,0.11224365234375,1.2587890625,1.0985107421875
54,0.00972222222222241,0.07208251953125,1.24609375,1.0989990234375
53,0.00972222222222241,0.09136962890625,1.27935791015625,1.09893798828125
52,0.00972222222222241,0.09857177734375,1.24566650390625,1.0992431640625
51,0.00972222222222241,0.074462890625,1.26318359375,1.0994873046875
50,0.00972222222222241,0.09857177734375,1.26556396484375,1.09954833984375
49,0.00972222222222241,0.08673095703125,1.253662109375,1.099853515625
48,0.40972222222222232,0.80169677734375,1.1767578125,7.77801513671875
46,0.40972222222222232,-0.2210693359375,1.3197021484375,7.79638671875
45,0.40972222222222232,0.7349853515625,0.514892578125,7.80029296875
44,0.40972222222222232,-0.38232421875,0.4736328125,7.8134765625
43,0.40972222222222232,0.3123779296875,1.147705078125,7.81329345703125
42,0.40972222222222232,0.2529296875,0.3619384765625,7.82318115234375
41,0.40972222222222232,-0.06011962890625,0.80841064453125,7.829833984375
56,0.016666666666666607,0.05914306640625,1.291259765625,1.25018310546875
55,0.016666666666666607,0.1298828125,1.258544921875,1.250244140625
54,0.016666666666666607,0.06103515625,1.23675537109375,1.2510986328125
53,0.016666666666666607,0.09417724609375,1.2938232421875,1.2509765625
52,0.016666666666666607,0.10650634765625,1.236083984375,1.25152587890625
51,0.016666666666666607,0.06512451171875,1.26605224609375,1.251953125
50,0.016666666666666607,0.1065673828125,1.2701416015625,1.2520751953125
49,0.016666666666666607,0.086181640625,1.24981689453125,1.2525634765625
48,0.41666666666666652,0.81207275390625,1.160400390625,7.8780517578125
46,0.41666666666666652,-0.22552490234375,1.305419921875,7.89666748046875
45,0.41666666666666652,0.744384765625,0.48895263671875,7.900634765625
44,0.41666666666666652,-0.38909912109375,0.447021484375,7.9140625
43,0.41666666666666652,0.31561279296875,1.13092041015625,7.91387939453125
42,0.41666666666666652,0.25537109375,0.333740234375,7.92388916015625
41,0.41666666666666652,-0.062255859375,0.78668212890625,7.93060302734375
56,0.023611111111111249,0.04736328125,1.30462646484375,1.40191650390625
55,0.023611111111111249,0.1475830078125,1.25830078125,1.4019775390625
54,0.023611111111111249,0.050048828125,1.22747802734375,1.4031982421875
53,0.023611111111111249,0.09698486328125,1.30828857421875,1.403076171875
52,0.023611111111111249,0.11444091796875,1.22650146484375,1.40374755859375
51,0.023611111111111249,0.05584716796875,1.26898193359375,1.4044189453125
50,0.023611111111111249,0.114501953125,1.27471923828125,1.404541015625
49,0.023611111111111249,0.08563232421875,1.24591064453125,1.40533447265625
48,0.42361111111111116,0.82244873046875,1.1434326171875,7.97808837890625
46,0.42361111111111116,-0.23004150390625,1.29052734375,7.99700927734375
45,0.42361111111111116,0.7537841796875,0.46240234375,8.0009765625
44,0.42361111111111116,-0.39593505859375,0.41986083984375,8.01458740234375
43,0.42361111111111116,0.31890869140625,1.113525390625,8.014404296875
42,0.42361111111111116,0.25775146484375,0.30499267578125,8.02459716796875
41,0.42361111111111116,-0.06439208984375,0.764404296875,8.03143310546875
56,0.030555555555555447,0.03558349609375,1.31805419921875,1.55364990234375
55,0.030555555555555447,0.165283203125,1.258056640625,1.55377197265625
54,0.030555555555555447,0.0390625,1.2181396484375,1.5552978515625
53,0.030555555555555447,0.09979248046875,1.32275390625,1.55511474609375
52,0.030555555555555447,0.12237548828125,1.2169189453125,1.5560302734375
51,0.030555555555555447,0.0465087890625,1.2718505859375,1.556884765625
50,0.030555555555555447,0.1224365234375,1.27935791015625,1.55706787109375
49,0.030555555555555447,0.08514404296875,1.2420654296875,1.55804443359375
48,0.43055555555555536,0.832763671875,1.12615966796875,8.078125
46,0.43055555555555536,-0.2344970703125,1.27532958984375,8.0972900390625
45,0.43055555555555536,0.76318359375,0.43548583984375,8.10137939453125
44,0.43055555555555536,-0.40277099609375,0.39239501953125,8.11517333984375
43,0.43055555555555536,0.3221435546875,1.0958251953125,8.114990234375
42,0.43055555555555536,0.2601318359375,0.27587890625,8.125244140625
41,0.43055555555555536,-0.06658935546875,0.74176025390625,8.1322021484375
56,0.037500000000000089,0.02374267578125,1.3314208984375,1.70538330078125
55,0.037500000000000089,0.18292236328125,1.2578125,1.70550537109375
54,0.037500000000000089,0.02801513671875,1.2088623046875,1.7073974609375
53,0.037500000000000089,0.10260009765625,1.33721923828125,1.70721435546875
52,0.037500000000000089,0.13031005859375,1.20733642578125,1.70831298828125
51,0.037500000000000089,0.0372314453125,1.2747802734375,1.7093505859375
50,0.037500000000000089,0.13037109375,1.283935546875,1.70953369140625
49,0.037500000000000089,0.0845947265625,1.2381591796875,1.71075439453125
48,0.4375,0.8431396484375,1.1082763671875,8.17822265625
46,0.4375,-0.23895263671875,1.25958251953125,8.1976318359375
45,0.4375,0.7725830078125,0.40802001953125,8.20172119140625
44,0.4375,-0.40960693359375,0.36431884765625,8.2156982421875
43,0.4375,0.32537841796875,1.07757568359375,8.21551513671875
42,0.4375,0.2625732421875,0.24615478515625,8.2259521484375
41,0.4375,-0.0687255859375,0.71856689453125,8.2330322265625
56,0.044444444444444731,0.011962890625,1.3448486328125,1.85711669921875
55,0.044444444444444731,0.20062255859375,1.25762939453125,1.85723876953125
54,0.044444444444444731,0.01702880859375,1.1995849609375,1.85943603515625
53,0.044444444444444731,0.1053466796875,1.3516845703125,1.8592529296875
52,0.044444444444444731,0.13824462890625,1.19775390625,1.860595703125
51,0.044444444444444731,0.0279541015625,1.2777099609375,1.86181640625
50,0.044444444444444731,0.1383056640625,1.28857421875,1.862060546875
49,0.044444444444444731,0.08404541015625,1.23431396484375,1.863525390625
48,0.44444444444444464,0.853515625,1.09002685546875,8.27825927734375
46,0.44444444444444464,-0.24346923828125,1.24334716796875,8.29791259765625
45,0.44444444444444464,0.781982421875,0.380126953125,8.3021240234375
44,0.44444444444444464,-0.4163818359375,0.3358154296875,8.3162841796875
43,0.44444444444444464,0.32867431640625,1.058837890625,8.3160400390625
42,0.44444444444444464,0.26495361328125,0.216064453125,8.32666015625
41,0.44444444444444464,-0.07086181640625,0.6949462890625,8.33380126953125
56,0.051388888888888928,0.00018310546875,1.35821533203125,2.00885009765625
55,0.051388888888888928,0.21832275390625,1.25738525390625,2.009033203125
54,0.051388888888888928,0.00604248046875,1.19024658203125,2.01153564453125
53,0.051388888888888928,0.108154296875,1.36614990234375,2.0113525390625
52,0.051388888888888928,0.14617919921875,1.18817138671875,2.0128173828125
51,0.051388888888888928,0.01861572265625,1.28057861328125,2.0142822265625
50,0.051388888888888928,0.14630126953125,1.29315185546875,2.01458740234375
49,0.051388888888888928,0.08349609375,1.23040771484375,2.0162353515625
48,0.45138888888888884,0.8638916015625,1.0711669921875,8.3782958984375
46,0.45138888888888884,-0.2479248046875,1.22662353515625,8.398193359375
45,0.45138888888888884,0.7913818359375,0.3516845703125,8.4024658203125
44,0.45138888888888884,-0.4232177734375,0.30682373046875,8.4168701171875
43,0.45138888888888884,0.3319091796875,1.03961181640625,8.4166259765625
42,0.45138888888888884,0.26739501953125,0.1854248046875,8.4273681640625
41,0.45138888888888884,-0.072998046875,0.6707763671875,8.4345703125
56,0.05833333333333357,-0.01165771484375,1.37164306640625,2.16058349609375
55,0.05833333333333357,0.23602294921875,1.25714111328125,2.1607666015625
54,0.05833333333333357,-0.0050048828125,1.18096923828125,2.16363525390625
53,0.05833333333333357,0.1109619140625,1.380615234375,2.16339111328125
52,0.05833333333333357,0.15411376953125,1.1785888671875,2.16510009765625
51,0.05833333333333357,0.00933837890625,1.28350830078125,2.166748046875
50,0.05833333333333357,0.15423583984375,1.2977294921875,2.16705322265625
49,0.05833333333333357,0.0830078125,1.2265625,2.1689453125
48,0.45833333333333348,0.874267578125,1.052001953125,8.47833251953125
46,0.45833333333333348,-0.25244140625,1.20947265625,8.49853515625
45,0.45833333333333348,0.80078125,0.32293701171875,8.5028076171875
44,0.45833333333333348,-0.4300537109375,0.27740478515625,8.51739501953125
43,0.45833333333333348,0.335205078125,1.02001953125,8.51715087890625
42,0.45833333333333348,0.269775390625,0.1544189453125,8.528076171875
41,0.45833333333333348,-0.07513427734375,0.646240234375,8.535400390625
56,0.065277777777777768,-0.0234375,1.385009765625,2.31231689453125
55,0.065277777777777768,0.253662109375,1.25689697265625,2.3125
54,0.065277777777777768,-0.0159912109375,1.171630859375,2.31573486328125
53,0.065277777777777768,0.11376953125,1.39508056640625,2.31549072265625
52,0.065277777777777768,0.162109375,1.16900634765625,2.3173828125
51,0.065277777777777768,0,1.28643798828125,2.3192138671875
50,0.065277777777777768,0.16217041015625,1.3023681640625,2.319580078125
49,0.065277777777777768,0.08245849609375,1.22265625,2.32171630859375
48,0.46527777777777768,0.8846435546875,1.0322265625,8.578369140625
46,0.46527777777777768,-0.25689697265625,1.19183349609375,8.59881591796875
45,0.46527777777777768,0.8101806640625,0.2935791015625,8.60321044921875
44,0.46527777777777768,-0.43682861328125,0.2474365234375,8.61798095703125
43,0.46527777777777768,0.33843994140625,0.99981689453125,8.61773681640625
42,0.46527777777777768,0.27215576171875,0.122802734375,8.6287841796875
41,0.46527777777777768,-0.0772705078125,0.62115478515625,8.63616943359375
56,0.07222222222222241,-0.03515625,1.39825439453125,2.46319580078125
55,0.07222222222222241,0.271240234375,1.25653076171875,2.46337890625
54,0.07222222222222241,-0.02691650390625,1.16229248046875,2.46697998046875
53,0.07222222222222241,0.1165771484375,1.4093017578125,2.4666748046875
52,0.07222222222222241,0.16998291015625,1.15936279296875,2.46881103515625
51,0.07222222222222241,-0.00921630859375,1.2891845703125,2.4708251953125
50,0.07222222222222241,0.1700439453125,1.30682373046875,2.47119140625
49,0.07222222222222241,0.0819091796875,1.21868896484375,2.47357177734375
48,0.47222222222222232,0.89501953125,1.0120849609375,8.67840576171875
46,0.47222222222222232,-0.2613525390625,1.1737060546875,8.69915771484375
45,0.47222222222222232,0.819580078125,0.2637939453125,8.70355224609375
44,0.47222222222222232,-0.44366455078125,0.21710205078125,8.718505859375
43,0.47222222222222232,0.34173583984375,0.979248046875,8.71826171875
42,0.47222222222222232,0.27459716796875,0.0908203125,8.72943115234375
41,0.47222222222222232,-0.07940673828125,0.59564208984375,8.73699951171875
56,0.079166666666666607,-0.04669189453125,1.41064453125,2.6114501953125
55,0.079166666666666607,0.28851318359375,1.25567626953125,2.61163330078125
54,0.079166666666666607,-0.0377197265625,1.15252685546875,2.6156005859375
53,0.079166666666666607,0.1192626953125,1.42279052734375,2.615234375
52,0.079166666666666607,0.177734375,1.14935302734375,2.6175537109375
51,0.079166666666666607,-0.018310546875,1.29132080078125,2.61981201171875
50,0.079166666666666607,0.1778564453125,1.31060791015625,2.62017822265625
49,0.079166666666666607,0.0814208984375,1.2142333984375,2.62274169921875
48,0.47916666666666652,0.90533447265625,0.991455078125,8.7784423828125
46,0.47916666666666652,-0.265869140625,1.1551513671875,8.7994384765625
45,0.47916666666666652,0.8289794921875,0.2335205078125,8.80389404296875
44,0.47916666666666652,-0.45050048828125,0.18621826171875,8.819091796875
43,0.47916666666666652,0.344970703125,0.95819091796875,8.81884765625
42,0.47916666666666652,0.2769775390625,0.058349609375,8.83013916015625
41,0.47916666666666652,-0.08154296875,0.56964111328125,8.8377685546875
56,0.086111111111111249,-0.0579833984375,1.4224853515625,2.7569580078125
55,0.086111111111111249,0.30548095703125,1.25439453125,2.7572021484375
54,0.086111111111111249,-0.04827880859375,1.142578125,2.761474609375
53,0.086111111111111249,0.1219482421875,1.43560791015625,2.7611083984375
52,0.086111111111111249,0.18536376953125,1.13909912109375,2.76361083984375
51,0.086111111111111249,-0.0272216796875,1.2930908203125,2.76605224609375
50,0.086111111111111249,0.18548583984375,1.31402587890625,2.7664794921875
49,0.086111111111111249,0.08087158203125,1.20947265625,2.769287109375
48,0.48611111111111116,0.91571044921875,0.97027587890625,8.87847900390625
46,0.48611111111111116,-0.27032470703125,1.13604736328125,8.8997802734375
45,0.48611111111111116,0.83837890625,0.2027587890625,8.904296875
44,0.48611111111111116,-0.45733642578125,0.15484619140625,8.91961669921875
43,0.48611111111111116,0.3482666015625,0.93658447265625,8.91937255859375
42,0.48611111111111116,0.27935791015625,0.025390625,8.93084716796875
41,0.48611111111111116,-0.08367919921875,0.54315185546875,8.9385986328125
56,0.093055555555555447,-0.069091796875,1.4334716796875,2.89984130859375
55,0.093055555555555447,0.3221435546875,1.2525634765625,2.90008544921875
54,0.093055555555555447,-0.05859375,1.1322021484375,2.90472412109375
53,0.093055555555555447,0.1246337890625,1.4476318359375,2.904296875
52,0.093055555555555447,0.19281005859375,1.12847900390625,2.906982421875
51,0.093055555555555447,-0.0360107421875,1.29425048828125,2.90960693359375
50,0.093055555555555447,0.19293212890625,1.3167724609375,2.91009521484375
49,0.093055555555555447,0.08038330078125,1.2042236328125,2.9130859375
48,0.49305555555555536,0.92608642578125,0.94866943359375,8.978515625
46,0.49305555555555536,-0.2747802734375,1.11651611328125,9.00006103515625
45,0.49305555555555536,0.8477783203125,0.1715087890625,9.004638671875
44,0.49305555555555536,-0.464111328125,0.123046875,9.02020263671875
43,0.49305555555555536,0.35150146484375,0.91455078125,9.01995849609375
42,0.48618967940937452,0.27935791015625,0,8.9320068359375
41,0.49305555555555536,-0.08587646484375,0.51617431640625,9.03936767578125
56,0.10000000000000009,-0.08001708984375,1.44384765625,3.0400390625
55,0.10000000000000009,0.3385009765625,1.2503662109375,3.040283203125
54,0.10000000000000009,-0.06878662109375,1.12158203125,3.04522705078125
53,0.10000000000000009,0.127197265625,1.458984375,3.0447998046875
52,0.10000000000000009,0.20013427734375,1.11761474609375,3.04766845703125
51,0.10000000000000009,-0.0445556640625,1.294921875,3.05047607421875
50,0.10000000000000009,0.20025634765625,1.3189697265625,3.05096435546875
49,0.10000000000000009,0.07989501953125,1.19866943359375,3.05419921875
48,0.5,0.93646240234375,0.92657470703125,9.07855224609375
46,0.5,-0.279296875,1.0965576171875,9.10040283203125
45,0.5,0.857177734375,0.139892578125,9.10504150390625
44,0.5,-0.470947265625,0.09075927734375,9.1207275390625
43,0.5,0.35479736328125,0.89208984375,9.1204833984375
41,0.5,-0.0880126953125,0.48876953125,9.14013671875
56,0.10694444444444473,-0.0906982421875,1.4534912109375,3.177490234375
55,0.10694444444444473,0.3544921875,1.2476806640625,3.17779541015625
54,0.10694444444444473,-0.0787353515625,1.11065673828125,3.18304443359375
53,0.10694444444444473,0.12969970703125,1.4696044921875,3.18255615234375
52,0.10694444444444473,0.20733642578125,1.1064453125,3.1856689453125
51,0.10694444444444473,-0.05303955078125,1.2950439453125,3.1885986328125
50,0.10694444444444473,0.20745849609375,1.3206787109375,3.18914794921875
49,0.10694444444444473,0.07940673828125,1.192626953125,3.19256591796875
48,0.50694444444444464,0.94683837890625,0.904052734375,9.1785888671875
46,0.50694444444444464,-0.28375244140625,1.0760498046875,9.20068359375
45,0.50694444444444464,0.8665771484375,0.10772705078125,9.20538330078125
44,0.50694444444444464,-0.477783203125,0.0579833984375,9.2213134765625
43,0.50694444444444464,0.3580322265625,0.86907958984375,9.2210693359375
41,0.50694444444444464,-0.09014892578125,0.46087646484375,9.240966796875
56,0.11388888888888893,-0.1011962890625,1.46240234375,3.31231689453125
55,0.11388888888888893,0.3702392578125,1.24444580078125,3.3126220703125
54,0.11388888888888893,-0.08856201171875,1.09942626953125,3.31817626953125
53,0.11388888888888893,0.1322021484375,1.4794921875,3.31768798828125
52,0.11388888888888893,0.21441650390625,1.09490966796875,3.3209228515625
51,0.11388888888888893,-0.061279296875,1.29461669921875,3.3240966796875
50,0.11388888888888893,0.21453857421875,1.32177734375,3.32464599609375
49,0.11388888888888893,0.07891845703125,1.18621826171875,3.3282470703125
48,0.51388888888888884,0.95721435546875,0.8809814453125,9.2786865234375
46,0.51388888888888884,-0.28826904296875,1.05511474609375,9.30096435546875
45,0.51388888888888884,0.8759765625,0.0750732421875,9.30572509765625
44,0.51384038079042615,-0.48455810546875,0,9.32110595703125
43,0.51388888888888884,0.361328125,0.84564208984375,9.32159423828125
41,0.51388888888888884,-0.09228515625,0.4324951171875,9.34173583984375
56,0.12083333333333357,-0.1114501953125,1.4705810546875,3.4444580078125
55,0.12083333333333357,0.3856201171875,1.24078369140625,3.44476318359375
54,0.12083333333333357,-0.09814453125,1.08782958984375,3.45062255859375
53,0.12083333333333357,0.1346435546875,1.48858642578125,3.4500732421875
52,0.12083333333333357,0.2213134765625,1.0831298828125,3.45355224609375
51,0.12083333333333357,-0.06939697265625,1.293701171875,3.45684814453125
50,0.12083333333333357,0.22149658203125,1.322265625,3.4573974609375
49,0.12083333333333357,0.0784912109375,1.1793212890625,3.46124267578125
48,0.52083333333333348,0.96759033203125,0.8575439453125,9.37872314453125
46,0.52083333333333348,-0.292724609375,1.03369140625,9.40130615234375
45,0.52083333333333348,0.8853759765625,0.0419921875,9.4061279296875
43,0.52083333333333348,0.36456298828125,0.82177734375,9.42218017578125
41,0.52083333333333348,-0.09442138671875,0.4036865234375,9.44256591796875
56,0.12777777777777777,-0.12152099609375,1.47808837890625,3.5738525390625
55,0.12777777777777777,0.40069580078125,1.2366943359375,3.57421875
54,0.12777777777777777,-0.10748291015625,1.07598876953125,3.580322265625
53,0.12777777777777777,0.13702392578125,1.49700927734375,3.57977294921875
52,0.12777777777777777,0.22808837890625,1.071044921875,3.58343505859375
51,0.12777777777777777,-0.07733154296875,1.292236328125,3.5869140625
50,0.12777777777777777,0.228271484375,1.32232666015625,3.5875244140625
49,0.12777777777777777,0.0780029296875,1.172119140625,3.59149169921875
48,0.52777777777777768,0.97796630859375,0.83355712890625,9.478759765625
46,0.52777777777777768,-0.29718017578125,1.01177978515625,9.5015869140625
45,0.52433958441460327,0.89013671875,0,9.456787109375
43,0.52777777777777768,0.36785888671875,0.79730224609375,9.522705078125
41,0.52777777777777768,-0.0965576171875,0.37432861328125,9.5433349609375
56,0.13472222222222241,-0.13134765625,1.48492431640625,3.70062255859375
55,0.13472222222222241,0.41546630859375,1.2320556640625,3.70098876953125
54,0.13472222222222241,-0.11669921875,1.0638427734375,3.7073974609375
53,0.13472222222222241,0.13934326171875,1.50469970703125,3.706787109375
52,0.13472222222222241,0.2347412109375,1.05865478515625,3.71063232421875
51,0.13472222222222241,-0.0850830078125,1.290283203125,3.7142333984375
50,0.13472222222222241,0.23486328125,1.32177734375,3.71490478515625
49,0.13472222222222241,0.07757568359375,1.16448974609375,3.7191162109375
48,0.53472222222222232,0.98828125,0.80908203125,9.57879638671875
46,0.53472222222222232,-0.30169677734375,0.9893798828125,9.6019287109375
43,0.53472222222222232,0.37109375,0.7724609375,9.623291015625
41,0.53472222222222232,-0.09869384765625,0.34454345703125,9.64410400390625
56,0.14166666666666661,-0.1409912109375,1.490966796875,3.82464599609375
55,0.14166666666666661,0.429931640625,1.22698974609375,3.8250732421875
54,0.14166666666666661,-0.12567138671875,1.05133056640625,3.83172607421875
53,0.14166666666666661,0.14166259765625,1.51165771484375,3.83111572265625
52,0.14166666666666661,0.2412109375,1.0458984375,3.8350830078125
51,0.14166666666666661,-0.09271240234375,1.28778076171875,3.83892822265625
50,0.14166666666666661,0.24139404296875,1.32061767578125,3.839599609375
49,0.14166666666666661,0.0771484375,1.15643310546875,3.84393310546875
48,0.54166666666666652,0.9986572265625,0.7841796875,9.6788330078125
46,0.54166666666666652,-0.30615234375,0.966552734375,9.70220947265625
43,0.54166666666666652,0.3743896484375,0.74713134765625,9.72381591796875
41,0.54166666666666652,-0.100830078125,0.314208984375,9.74493408203125
56,0.14861111111111125,-0.15045166015625,1.49639892578125,3.946044921875
55,0.14861111111111125,0.444091796875,1.22149658203125,3.9464111328125
54,0.14861111111111125,-0.134521484375,1.03857421875,3.95343017578125
53,0.14861111111111125,0.1439208984375,1.51788330078125,3.9527587890625
52,0.14861111111111125,0.24755859375,1.032958984375,3.9569091796875
51,0.14861111111111125,-0.10009765625,1.2847900390625,3.96087646484375
50,0.14861111111111125,0.24774169921875,1.31903076171875,3.9615478515625
49,0.14861111111111125,0.07672119140625,1.14801025390625,3.96612548828125
48,0.54861111111111116,1.009033203125,0.7587890625,9.77886962890625
46,0.54861111111111116,-0.31060791015625,0.94329833984375,9.80255126953125
43,0.54861111111111116,0.37762451171875,0.7213134765625,9.82440185546875
41,0.54861111111111116,-0.10296630859375,0.28350830078125,9.845703125
56,0.15555555555555545,-0.15966796875,1.50103759765625,4.064697265625
55,0.15555555555555545,0.4578857421875,1.21551513671875,4.06512451171875
54,0.15555555555555545,-0.14312744140625,1.0255126953125,4.0723876953125
53,0.15555555555555545,0.1461181640625,1.5234375,4.07171630859375
52,0.15555555555555545,0.2537841796875,1.0196533203125,4.07598876953125
51,0.15555555555555545,-0.107421875,1.28125,4.08013916015625
50,0.15555555555555545,0.25396728515625,1.31683349609375,4.08087158203125
49,0.15555555555555545,0.0762939453125,1.13922119140625,4.0855712890625
48,0.55555555555555536,1.0194091796875,0.73297119140625,9.87890625
46,0.55555555555555536,-0.31512451171875,0.91949462890625,9.90283203125
43,0.55555555555555536,0.38092041015625,0.695068359375,9.9249267578125
41,0.55555555555555536,-0.1051025390625,0.2523193359375,9.946533203125
56,0.16250000000000009,-0.168701171875,1.5050048828125,4.18072509765625
55,0.16250000000000009,0.471435546875,1.20904541015625,4.18115234375
54,0.16250000000000009,-0.15155029296875,1.01214599609375,4.18865966796875
53,0.16250000000000009,0.14825439453125,1.5281982421875,4.18798828125
52,0.16250000000000009,0.25982666015625,1.00604248046875,4.1923828125
51,0.16250000000000009,-0.114501953125,1.2772216796875,4.1966552734375
50,0.16250000000000009,0.260009765625,1.31402587890625,4.19744873046875
49,0.16250000000000009,0.07586669921875,1.12994384765625,4.20233154296875
48,0.5625,1.02978515625,0.70660400390625,9.97894287109375
46,0.5625,-0.319580078125,0.895263671875,10.003173828125
43,0.5625,0.3841552734375,0.6683349609375,10.0255126953125
41,0.5625,-0.1072998046875,0.22064208984375,10.04730224609375
56,0.16944444444444473,-0.177490234375,1.50823974609375,4.29400634765625
55,0.16944444444444473,0.484619140625,1.2021484375,4.29443359375
54,0.16944444444444473,-0.15972900390625,0.9984130859375,4.30224609375
53,0.16944444444444473,0.15032958984375,1.5322265625,4.301513671875
52,0.16944444444444473,0.2657470703125,0.99212646484375,4.30615234375
51,0.16944444444444473,-0.1214599609375,1.2725830078125,4.310546875
50,0.16944444444444473,0.2659912109375,1.31072998046875,4.31134033203125
49,0.16944444444444473,0.07550048828125,1.12030029296875,4.31640625
48,0.56944444444444464,1.0401611328125,0.6798095703125,10.0789794921875
46,0.56944444444444464,-0.3240966796875,0.8704833984375,10.10345458984375
43,0.56944444444444464,0.387451171875,0.64105224609375,10.12603759765625
41,0.56944444444444464,-0.10943603515625,0.1884765625,10.1480712890625
56,0.17638888888888893,-0.18609619140625,1.5107421875,4.4046630859375
55,0.17638888888888893,0.49749755859375,1.1947021484375,4.40509033203125
54,0.17638888888888893,-0.16778564453125,0.984375,4.4130859375
53,0.17638888888888893,0.15234375,1.5355224609375,4.41241455078125
52,0.17638888888888893,0.27154541015625,0.97784423828125,4.4171142578125
51,0.17638888888888893,-0.12823486328125,1.2674560546875,4.42169189453125
50,0.17638888888888893,0.27178955078125,1.30682373046875,4.4224853515625
49,0.17638888888888893,0.0750732421875,1.1102294921875,4.427734375
48,0.57638888888888884,1.050537109375,0.6524658203125,10.17901611328125
46,0.57638888888888884,-0.32855224609375,0.84527587890625,10.2037353515625
43,0.57638888888888884,0.39068603515625,0.61334228515625,10.2265625
41,0.57638888888888884,-0.111572265625,0.15582275390625,10.2489013671875
56,0.18333333333333357,-0.19451904296875,1.5125732421875,4.5125732421875
55,0.18333333333333357,0.51007080078125,1.18682861328125,4.5130615234375
54,0.18333333333333357,-0.17559814453125,0.97003173828125,4.52130126953125
53,0.18333333333333357,0.15435791015625,1.5380859375,4.52056884765625
52,0.18333333333333357,0.2772216796875,0.96331787109375,4.52545166015625
51,0.18333333333333357,-0.13482666015625,1.2618408203125,4.5301513671875
50,0.18333333333333357,0.27740478515625,1.3023681640625,4.531005859375
49,0.18333333333333357,0.07470703125,1.0997314453125,4.536376953125
48,0.58333333333333348,1.06085205078125,0.624755859375,10.279052734375
46,0.58333333333333348,-0.3330078125,0.819580078125,10.3040771484375
43,0.58333333333333348,0.39398193359375,0.585205078125,10.3271484375
41,0.58333333333333348,-0.11370849609375,0.12274169921875,10.34967041015625
56,0.19027777777777777,-0.20269775390625,1.51373291015625,4.6177978515625
55,0.19027777777777777,0.5223388671875,1.178466796875,4.6182861328125
54,0.19027777777777777,-0.1832275390625,0.9554443359375,4.6268310546875
53,0.19027777777777777,0.15631103515625,1.53997802734375,4.62603759765625
52,0.19027777777777777,0.28271484375,0.948486328125,4.631103515625
51,0.19027777777777777,-0.14129638671875,1.25567626953125,4.63592529296875
50,0.19027777777777777,0.28289794921875,1.29742431640625,4.63677978515625
49,0.19027777777777777,0.0743408203125,1.0888671875,4.642333984375
48,0.59027777777777768,1.07122802734375,0.5965576171875,10.37908935546875
46,0.59027777777777768,-0.3375244140625,0.79345703125,10.40435791015625
43,0.59027777777777768,0.397216796875,0.5565185546875,10.42767333984375
41,0.59027777777777768,-0.1158447265625,0.08917236328125,10.45050048828125
56,0.19722222222222241,-0.21063232421875,1.51416015625,4.72039794921875
55,0.19722222222222241,0.5343017578125,1.16973876953125,4.72088623046875
54,0.19722222222222241,-0.190673828125,0.9405517578125,4.7296142578125
53,0.19722222222222241,0.158203125,1.5411376953125,4.72882080078125
52,0.19722222222222241,0.2880859375,0.93341064453125,4.7340087890625
51,0.19722222222222241,-0.1475830078125,1.2490234375,4.73895263671875
50,0.19722222222222241,0.288330078125,1.29193115234375,4.7398681640625
49,0.19722222222222241,0.073974609375,1.07763671875,4.74554443359375
48,0.59722222222222232,1.08160400390625,0.56787109375,10.47918701171875
46,0.59722222222222232,-0.34197998046875,0.766845703125,10.50469970703125
43,0.59722222222222232,0.4005126953125,0.5274658203125,10.52825927734375
41,0.59722222222222232,-0.11798095703125,0.05517578125,10.55126953125
56,0.20416666666666661,-0.21844482421875,1.51385498046875,4.82073974609375
55,0.20416666666666661,0.5460205078125,1.160400390625,4.82122802734375
54,0.20416666666666661,-0.19793701171875,0.92523193359375,4.8302001953125
53,0.20416666666666661,0.1600341796875,1.54156494140625,4.82940673828125
52,0.20416666666666661,0.2933349609375,0.91790771484375,4.834716796875
51,0.20416666666666661,-0.15374755859375,1.2418212890625,4.83984375
50,0.20416666666666661,0.2935791015625,1.2857666015625,4.8406982421875
49,0.20416666666666661,0.0736083984375,1.06591796875,4.8465576171875
48,0.60416666666666652,1.09197998046875,0.5386962890625,10.5792236328125
46,0.60416666666666652,-0.346435546875,0.73974609375,10.60498046875
43,0.60416666666666652,0.40374755859375,0.497802734375,10.6287841796875
41,0.60328572810218528,-0.119873046875,0,10.6392822265625
56,0.21111111111111125,-0.22625732421875,1.51312255859375,4.9208984375
55,0.21111111111111125,0.55767822265625,1.15069580078125,4.92138671875
54,0.21111111111111125,-0.2052001953125,0.90948486328125,4.93060302734375
53,0.21111111111111125,0.161865234375,1.54150390625,4.9298095703125
52,0.21111111111111125,0.298583984375,0.90203857421875,4.93524169921875
51,0.21111111111111125,-0.159912109375,1.234130859375,4.9404296875
50,0.21111111111111125,0.298828125,1.27923583984375,4.94134521484375
49,0.21111111111111125,0.0732421875,1.05377197265625,4.9473876953125
48,0.61111111111111116,1.10235595703125,0.509033203125,10.67926025390625
46,0.61111111111111116,-0.3509521484375,0.71221923828125,10.705322265625
43,0.61111111111111116,0.40704345703125,0.4677734375,10.7293701171875
56,0.21805555555555545,-0.2340087890625,1.51190185546875,5.02105712890625
55,0.21805555555555545,0.5693359375,1.14044189453125,5.02154541015625
54,0.21805555555555545,-0.21246337890625,0.893310546875,5.031005859375
53,0.21805555555555545,0.1636962890625,1.54095458984375,5.0301513671875
52,0.21805555555555545,0.30377197265625,0.8856201171875,5.03570556640625
51,0.21805555555555545,-0.166015625,1.2259521484375,5.04107666015625
50,0.21805555555555545,0.3040771484375,1.272216796875,5.0419921875
49,0.21805555555555545,0.07293701171875,1.04119873046875,5.04815673828125
48,0.61805555555555536,1.11273193359375,0.47894287109375,10.779296875
46,0.61805555555555536,-0.35540771484375,0.68414306640625,10.80560302734375
43,0.61805555555555536,0.4102783203125,0.437255859375,10.82989501953125
56,0.22500000000000009,-0.2418212890625,1.51019287109375,5.12115478515625
55,0.22500000000000009,0.58099365234375,1.1297607421875,5.1217041015625
54,0.22500000000000009,-0.2197265625,0.8765869140625,5.13134765625
53,0.22500000000000009,0.16558837890625,1.53997802734375,5.1304931640625
52,0.22500000000000009,0.30902099609375,0.8687744140625,5.13623046875
51,0.22500000000000009,-0.17218017578125,1.21734619140625,5.1417236328125
50,0.22500000000000009,0.30926513671875,1.26470947265625,5.14263916015625
49,0.22500000000000009,0.07257080078125,1.028076171875,5.14898681640625
48,0.625,1.12310791015625,0.44830322265625,10.87933349609375
46,0.625,-0.35992431640625,0.6556396484375,10.90594482421875
43,0.625,0.41357421875,0.40618896484375,10.93048095703125
56,0.23194444444444473,-0.24957275390625,1.508056640625,5.2213134765625
55,0.23194444444444473,0.59271240234375,1.11859130859375,5.22186279296875
54,0.23194444444444473,-0.22698974609375,0.85943603515625,5.23175048828125
53,0.23194444444444473,0.16741943359375,1.53851318359375,5.23089599609375
52,0.23194444444444473,0.31427001953125,0.8514404296875,5.2366943359375
51,0.23194444444444473,-0.17828369140625,1.208251953125,5.2423095703125
50,0.23194444444444473,0.31451416015625,1.25677490234375,5.24334716796875
49,0.23194444444444473,0.07220458984375,1.0145263671875,5.249755859375
48,0.63194444444444464,1.1334228515625,0.41729736328125,10.9793701171875
46,0.63194444444444464,-0.3643798828125,0.62664794921875,11.0062255859375
43,0.63194444444444464,0.41680908203125,0.374755859375,11.031005859375
56,0.23888888888888893,-0.25738525390625,1.50537109375,5.32147216796875
55,0.23888888888888893,0.6043701171875,1.10699462890625,5.322021484375
54,0.23888888888888893,-0.2342529296875,0.84185791015625,5.3321533203125
53,0.23888888888888893,0.16925048828125,1.53662109375,5.33123779296875
52,0.23888888888888893,0.31951904296875,0.8336181640625,5.33721923828125
51,0.23888888888888893,-0.1844482421875,1.19873046875,5.34295654296875
50,0.23888888888888893,0.31976318359375,1.248291015625,5.343994140625
49,0.23888888888888893,0.07183837890625,1.00048828125,5.3505859375
48,0.63888888888888884,1.143798828125,0.38580322265625,11.07940673828125
46,0.63888888888888884,-0.36883544921875,0.59722900390625,11.1065673828125
43,0.63888888888888884,0.4200439453125,0.34283447265625,11.131591796875
56,0.24583333333333357,-0.26513671875,1.50225830078125,5.421630859375
55,0.24583333333333357,0.61602783203125,1.0948486328125,5.42218017578125
54,0.24583333333333357,-0.24151611328125,0.82373046875,5.4324951171875
53,0.24583333333333357,0.171142578125,1.5341796875,5.43157958984375
52,0.24583333333333357,0.32476806640625,0.81536865234375,5.43768310546875
51,0.24583333333333357,-0.1905517578125,1.18865966796875,5.443603515625
50,0.24583333333333357,0.32501220703125,1.2393798828125,5.44464111328125
49,0.24583333333333357,0.071533203125,0.9859619140625,5.45135498046875
48,0.64583333333333348,1.1541748046875,0.353759765625,11.179443359375
46,0.64583333333333348,-0.37335205078125,0.5672607421875,11.20684814453125
43,0.64583333333333348,0.42333984375,0.31036376953125,11.23211669921875
56,0.25277777777777777,-0.27294921875,1.4986572265625,5.521728515625
55,0.25277777777777777,0.627685546875,1.082275390625,5.5223388671875
54,0.25277777777777777,-0.248779296875,0.80517578125,5.53289794921875
53,0.25277777777777777,0.1729736328125,1.53131103515625,5.531982421875
52,0.25277777777777777,0.33001708984375,0.79656982421875,5.5382080078125
51,0.25277777777777777,-0.19671630859375,1.17816162109375,5.544189453125
50,0.25277777777777777,0.33026123046875,1.22998046875,5.5452880859375
49,0.25277777777777777,0.0711669921875,0.970947265625,5.55218505859375
48,0.65277777777777768,1.16455078125,0.3212890625,11.27947998046875
46,0.65277777777777768,-0.3778076171875,0.536865234375,11.30712890625
43,0.65277777777777768,0.42657470703125,0.2774658203125,11.33270263671875
56,0.25972222222222241,-0.28076171875,1.49462890625,5.62188720703125
55,0.25972222222222241,0.63934326171875,1.0692138671875,5.62249755859375
54,0.25972222222222241,-0.25604248046875,0.7861328125,5.63330078125
53,0.25972222222222241,0.1748046875,1.5279541015625,5.63232421875
52,0.25972222222222241,0.335205078125,0.77734375,5.63873291015625
51,0.25972222222222241,-0.202880859375,1.16717529296875,5.64483642578125
50,0.25972222222222241,0.33551025390625,1.22015380859375,5.64593505859375
49,0.25972222222222241,0.07080078125,0.95550537109375,5.6529541015625
48,0.65972222222222232,1.1749267578125,0.288330078125,11.3795166015625
46,0.65972222222222232,-0.38226318359375,0.50604248046875,11.407470703125
43,0.65972222222222232,0.42987060546875,0.244140625,11.4332275390625
56,0.26666666666666661,-0.28851318359375,1.4901123046875,5.7220458984375
55,0.26666666666666661,0.65106201171875,1.05572509765625,5.72265625
54,0.26666666666666661,-0.2633056640625,0.7666015625,5.733642578125
53,0.26666666666666661,0.1766357421875,1.52410888671875,5.732666015625
52,0.26666666666666661,0.3404541015625,0.7576904296875,5.73919677734375
51,0.26666666666666661,-0.208984375,1.15570068359375,5.7454833984375
50,0.26666666666666661,0.34075927734375,1.20977783203125,5.74658203125
49,0.26666666666666661,0.0704345703125,0.9395751953125,5.7537841796875
48,0.66666666666666652,1.185302734375,0.25494384765625,11.47955322265625
46,0.66666666666666652,-0.38677978515625,0.47467041015625,11.50775146484375
43,0.66666666666666652,0.43310546875,0.21026611328125,11.5338134765625
56,0.27361111111111125,-0.29632568359375,1.485107421875,5.8221435546875
55,0.27361111111111125,0.6627197265625,1.04168701171875,5.82281494140625
54,0.27361111111111125,-0.27056884765625,0.74664306640625,5.83404541015625
53,0.27361111111111125,0.17852783203125,1.51983642578125,5.83306884765625
52,0.27361111111111125,0.345703125,0.73748779296875,5.8397216796875
51,0.27361111111111125,-0.21514892578125,1.143798828125,5.8460693359375
50,0.27361111111111125,0.34600830078125,1.198974609375,5.84722900390625
49,0.27361111111111125,0.070068359375,0.92315673828125,5.8546142578125
48,0.67361111111111116,1.1956787109375,0.22100830078125,11.57965087890625
46,0.67361111111111116,-0.3912353515625,0.44287109375,11.60809326171875
43,0.67361111111111116,0.4364013671875,0.17596435546875,11.63433837890625
56,0.28055555555555545,-0.3040771484375,1.4796142578125,5.92230224609375
55,0.28055555555555545,0.67437744140625,1.0272216796875,5.9229736328125
54,0.28055555555555545,-0.27789306640625,0.72613525390625,5.9344482421875
53,0.28055555555555545,0.18035888671875,1.5150146484375,5.93341064453125
52,0.28055555555555545,0.3509521484375,0.71685791015625,5.940185546875
51,0.28055555555555545,-0.22125244140625,1.13134765625,5.94671630859375
50,0.28055555555555545,0.35125732421875,1.18768310546875,5.9478759765625
49,0.28055555555555545,0.06976318359375,0.90625,5.95538330078125
48,0.68055555555555536,1.20599365234375,0.1866455078125,11.6796875
46,0.68055555555555536,-0.395751953125,0.4105224609375,11.7083740234375
43,0.68055555555555536,0.43963623046875,0.14117431640625,11.73492431640625
56,0.28750000000000009,-0.3118896484375,1.47369384765625,6.0224609375
55,0.28750000000000009,0.68603515625,1.01226806640625,6.02313232421875
54,0.28750000000000009,-0.28515625,0.70526123046875,6.03485107421875
53,0.28750000000000009,0.18218994140625,1.50982666015625,6.03375244140625
52,0.28750000000000009,0.356201171875,0.69573974609375,6.04071044921875
51,0.28750000000000009,-0.2274169921875,1.1185302734375,6.04736328125
50,0.28750000000000009,0.35650634765625,1.17596435546875,6.04852294921875
49,0.28750000000000009,0.06939697265625,0.88897705078125,6.05621337890625
48,0.6875,1.21636962890625,0.15179443359375,11.77972412109375
46,0.6875,-0.40020751953125,0.3778076171875,11.8087158203125
43,0.6875,0.44293212890625,0.10589599609375,11.83544921875
56,0.29444444444444473,-0.31964111328125,1.46722412109375,6.12261962890625
55,0.29444444444444473,0.69769287109375,0.99688720703125,6.123291015625
54,0.29444444444444473,-0.29241943359375,0.683837890625,6.13519287109375
53,0.29444444444444473,0.18402099609375,1.50408935546875,6.1341552734375
52,0.29444444444444473,0.3614501953125,0.67413330078125,6.14117431640625
51,0.29444444444444473,-0.23358154296875,1.10516357421875,6.14794921875
50,0.29444444444444473,0.36175537109375,1.1636962890625,6.149169921875
49,0.29444444444444473,0.06903076171875,0.87115478515625,6.156982421875
48,0.69444444444444464,1.22674560546875,0.11651611328125,11.8797607421875
46,0.69444444444444464,-0.4046630859375,0.34454345703125,11.90899658203125
43,0.69444444444444464,0.4461669921875,0.0701904296875,11.93603515625
56,0.30138888888888893,-0.32745361328125,1.4603271484375,6.22271728515625
55,0.30138888888888893,0.70941162109375,0.98095703125,6.22344970703125
54,0.30138888888888893,-0.2996826171875,0.6619873046875,6.235595703125
53,0.30138888888888893,0.1859130859375,1.49786376953125,6.2344970703125
52,0.30138888888888893,0.36663818359375,0.652099609375,6.24169921875
51,0.30138888888888893,-0.23968505859375,1.09136962890625,6.24859619140625
50,0.30138888888888893,0.36700439453125,1.1510009765625,6.24981689453125
49,0.30138888888888893,0.06866455078125,0.85284423828125,6.2578125
48,0.70138888888888884,1.23712158203125,0.08074951171875,11.97979736328125
46,0.70138888888888884,-0.4091796875,0.31085205078125,12.00933837890625
43,0.70138888888888884,0.449462890625,0.03399658203125,12.03656005859375
56,0.30833333333333357,-0.33526611328125,1.45294189453125,6.3228759765625
55,0.30833333333333357,0.7210693359375,0.964599609375,6.3236083984375
54,0.30833333333333357,-0.30694580078125,0.63958740234375,6.33599853515625
53,0.30833333333333357,0.187744140625,1.4912109375,6.3348388671875
52,0.30833333333333357,0.37188720703125,0.6295166015625,6.3421630859375
51,0.30833333333333357,-0.245849609375,1.0770263671875,6.3492431640625
50,0.30833333333333357,0.37225341796875,1.1378173828125,6.3504638671875
49,0.30833333333333357,0.068359375,0.83404541015625,6.35858154296875
48,0.70833333333333348,1.24749755859375,0.04443359375,12.079833984375
46,0.70833333333333348,-0.41363525390625,0.276611328125,12.109619140625
43,0.70308693222790841,0.45025634765625,0,12.0611572265625
56,0.31527777777777777,-0.343017578125,1.44512939453125,6.42303466796875
55,0.31527777777777777,0.73272705078125,0.94775390625,6.42376708984375
54,0.31527777777777777,-0.314208984375,0.61676025390625,6.43634033203125
53,0.31527777777777777,0.1895751953125,1.48406982421875,6.43524169921875
52,0.31527777777777777,0.37713623046875,0.60650634765625,6.44268798828125
51,0.31527777777777777,-0.251953125,1.062255859375,6.44989013671875
50,0.31527777777777777,0.37750244140625,1.12420654296875,6.45111083984375
49,0.31527777777777777,0.0679931640625,0.8148193359375,6.45941162109375
48,0.71201007561214025,1.25299072265625,0,12.1328125
46,0.71527777777777768,-0.4180908203125,0.24200439453125,12.20989990234375
56,0.32222222222222241,-0.350830078125,1.43682861328125,6.523193359375
55,0.32222222222222241,0.744384765625,0.93048095703125,6.52392578125
54,0.32222222222222241,-0.32147216796875,0.593505859375,6.5367431640625
53,0.32222222222222241,0.19140625,1.47650146484375,6.53558349609375
52,0.32222222222222241,0.38238525390625,0.58306884765625,6.543212890625
51,0.32222222222222241,-0.25811767578125,1.04705810546875,6.55047607421875
50,0.32222222222222241,0.38275146484375,1.11004638671875,6.5517578125
49,0.32222222222222241,0.067626953125,0.79510498046875,6.5601806640625
46,0.72222222222222232,-0.422607421875,0.2069091796875,12.31024169921875
56,0.32916666666666661,-0.35858154296875,1.42803955078125,6.623291015625
55,0.32916666666666661,0.75604248046875,0.91265869140625,6.6240234375
54,0.32916666666666661,-0.3287353515625,0.5697021484375,6.63714599609375
53,0.32916666666666661,0.19329833984375,1.4683837890625,6.635986328125
52,0.32916666666666661,0.38763427734375,0.55908203125,6.6436767578125
51,0.32916666666666661,-0.26422119140625,1.03131103515625,6.651123046875
50,0.32916666666666661,0.38800048828125,1.095458984375,6.65240478515625
49,0.32916666666666661,0.0672607421875,0.77490234375,6.6610107421875
46,0.72916666666666652,-0.42706298828125,0.1712646484375,12.4105224609375
56,0.33611111111111125,-0.36639404296875,1.4188232421875,6.72344970703125
55,0.33611111111111125,0.76776123046875,0.89447021484375,6.72418212890625
54,0.33611111111111125,-0.33599853515625,0.5455322265625,6.73748779296875
53,0.33611111111111125,0.19512939453125,1.4598388671875,6.736328125
52,0.33611111111111125,0.39288330078125,0.53472900390625,6.74420166015625
51,0.33611111111111125,-0.2703857421875,1.01519775390625,6.75177001953125
50,0.33611111111111125,0.3931884765625,1.0804443359375,6.75311279296875
49,0.33611111111111125,0.06695556640625,0.7542724609375,6.76177978515625
46,0.73611111111111116,-0.43157958984375,0.13519287109375,12.5108642578125
56,0.34305555555555545,-0.3741455078125,1.4090576171875,6.8236083984375
55,0.34305555555555545,0.7794189453125,0.87567138671875,6.8243408203125
54,0.34305555555555545,-0.34326171875,0.520751953125,6.837890625
53,0.34305555555555545,0.19696044921875,1.4508056640625,6.836669921875
52,0.34305555555555545,0.3980712890625,0.509765625,6.84466552734375
51,0.34305555555555545,-0.27655029296875,0.99847412109375,6.85235595703125
50,0.34305555555555545,0.3984375,1.06488037109375,6.853759765625
49,0.34305555555555545,0.06658935546875,0.73309326171875,6.86260986328125
46,0.74305555555555536,-0.43603515625,0.0986328125,12.61114501953125
56,0.35000000000000009,-0.3819580078125,1.3988037109375,6.92376708984375
55,0.35000000000000009,0.79107666015625,0.85650634765625,6.92449951171875
54,0.35000000000000009,-0.35052490234375,0.49554443359375,6.93829345703125
53,0.35000000000000009,0.19879150390625,1.4412841796875,6.93707275390625
52,0.35000000000000009,0.4033203125,0.484375,6.9451904296875
51,0.35000000000000009,-0.28265380859375,0.98138427734375,6.9530029296875
50,0.35000000000000009,0.4036865234375,1.04888916015625,6.95440673828125
49,0.35000000000000009,0.06622314453125,0.71148681640625,6.96337890625
46,0.75,-0.44049072265625,0.0616455078125,12.71148681640625
56,0.35694444444444473,-0.3897705078125,1.38812255859375,7.02386474609375
55,0.35694444444444473,0.802734375,0.8367919921875,7.024658203125
54,0.35694444444444473,-0.3577880859375,0.46990966796875,7.03863525390625
53,0.35694444444444473,0.20068359375,1.43133544921875,7.03741455078125
52,0.35694444444444473,0.4085693359375,0.45855712890625,7.045654296875
51,0.35694444444444473,-0.288818359375,0.9637451171875,7.05364990234375
50,0.35694444444444473,0.408935546875,1.0323486328125,7.0550537109375
49,0.35694444444444473,0.06585693359375,0.68939208984375,7.064208984375
46,0.75677732640065931,-0.44488525390625,0,12.809326171875
56,0.36388888888888893,-0.39752197265625,1.37701416015625,7.1240234375
55,0.36388888888888893,0.814453125,0.81671142578125,7.12481689453125
54,0.36388888888888893,-0.36505126953125,0.44378662109375,7.1390380859375
53,0.36388888888888893,0.2025146484375,1.4208984375,7.13775634765625
52,0.36388888888888893,0.413818359375,0.4322509765625,7.14617919921875
51,0.36388888888888893,-0.294921875,0.9456787109375,7.15423583984375
50,0.36388888888888893,0.4141845703125,1.01544189453125,7.15570068359375
49,0.36388888888888893,0.06549072265625,0.66693115234375,7.16497802734375
56,0.37083333333333357,-0.40533447265625,1.36541748046875,7.22418212890625
55,0.37083333333333357,0.82611083984375,0.79608154296875,7.2249755859375
54,0.37083333333333357,-0.372314453125,0.417236328125,7.23944091796875
53,0.37083333333333357,0.204345703125,1.4100341796875,7.2381591796875
52,0.37083333333333357,0.4190673828125,0.40545654296875,7.2467041015625
51,0.37083333333333357,-0.30108642578125,0.92718505859375,7.2548828125
50,0.37083333333333357,0.41943359375,0.998046875,7.25634765625
49,0.37083333333333357,0.065185546875,0.6439208984375,7.26580810546875
56,0.37777777777777777,-0.4130859375,1.35333251953125,7.3243408203125
55,0.37777777777777777,0.8377685546875,0.77496337890625,7.32513427734375
54,0.37777777777777777,-0.37957763671875,0.39013671875,7.33978271484375
53,0.37777777777777777,0.2061767578125,1.39862060546875,7.3385009765625
52,0.37777777777777777,0.42431640625,0.37823486328125,7.34716796875
51,0.37777777777777777,-0.3072509765625,0.90814208984375,7.35552978515625
50,0.37777777777777777,0.4246826171875,0.98016357421875,7.35699462890625
49,0.37777777777777777,0.0648193359375,0.62042236328125,7.3665771484375
56,0.38472222222222241,-0.4208984375,1.34075927734375,7.4244384765625
55,0.38472222222222241,0.84942626953125,0.75341796875,7.42529296875
54,0.38472222222222241,-0.3868408203125,0.362548828125,7.440185546875
53,0.38472222222222241,0.20806884765625,1.38671875,7.4388427734375
52,0.38472222222222241,0.42950439453125,0.3504638671875,7.44769287109375
51,0.38472222222222241,-0.3133544921875,0.888671875,7.45611572265625
50,0.38472222222222241,0.429931640625,0.96173095703125,7.4576416015625
49,0.38472222222222241,0.064453125,0.596435546875,7.4674072265625
56,0.39166666666666661,-0.42864990234375,1.32769775390625,7.52459716796875
55,0.39166666666666661,0.861083984375,0.7313232421875,7.52545166015625
54,0.39166666666666661,-0.39410400390625,0.33453369140625,7.54058837890625
53,0.39166666666666661,0.20989990234375,1.3743896484375,7.53924560546875
52,0.39166666666666661,0.43475341796875,0.322265625,7.54815673828125
51,0.39166666666666661,-0.31951904296875,0.86865234375,7.5567626953125
50,0.39166666666666661,0.4351806640625,0.94287109375,7.55828857421875
49,0.39166666666666661,0.0640869140625,0.57196044921875,7.56817626953125
56,0.39861111111111125,-0.43646240234375,1.31414794921875,7.624755859375
55,0.39861111111111125,0.872802734375,0.7088623046875,7.6256103515625
54,0.39861111111111125,-0.4013671875,0.3060302734375,7.6409912109375
53,0.39861111111111125,0.21173095703125,1.361572265625,7.63958740234375
52,0.39861111111111125,0.44000244140625,0.2935791015625,7.648681640625
51,0.39861111111111125,-0.32562255859375,0.84820556640625,7.65740966796875
50,0.39861111111111125,0.4404296875,0.923583984375,7.658935546875
49,0.39861111111111125,0.06378173828125,0.54705810546875,7.66900634765625
57,0,0.08746337890625,1.25909423828125,0.88604736328125
58,0,0.08746337890625,1.25909423828125,0.88604736328125
59,0,0.08746337890625,1.25909423828125,0.88604736328125
60,0,0.08746337890625,1.25909423828125,0.88604736328125
61,0,0.08746337890625,1.25909423828125,0.88604736328125
62,0,0.08746337890625,1.25909423828125,0.88604736328125
63,0,0.08746337890625,1.25909423828125,0.88604736328125
64,0,0.08746337890625,1.25909423828125,0.88604736328125
64,0.0055555555555555358,0.0904541015625,1.24530029296875,1.0074462890625
63,0.0055555555555555358,0.07763671875,1.2679443359375,1.007568359375
62,0.0055555555555555358,0.10052490234375,1.26043701171875,1.007568359375
61,0.0055555555555555358,0.08050537109375,1.25140380859375,1.0078125
60,0.0055555555555555358,0.08831787109375,1.26947021484375,1.0078125
59,0.0055555555555555358,0.09375,1.2532958984375,1.00799560546875
58,0.0055555555555555358,0.08172607421875,1.26025390625,1.00811767578125
57,0.0055555555555555358,0.0911865234375,1.26177978515625,1.0081787109375
56,0.40555555555555545,-0.4442138671875,1.3001708984375,7.724853515625
55,0.40555555555555545,0.88446044921875,0.68585205078125,7.72576904296875
54,0.40555555555555545,-0.40863037109375,0.277099609375,7.7413330078125
53,0.40555555555555545,0.213623046875,1.34832763671875,7.73992919921875
52,0.40555555555555545,0.44525146484375,0.264404296875,7.7491455078125
51,0.40555555555555545,-0.331787109375,0.82733154296875,7.75799560546875
50,0.40555555555555545,0.4456787109375,0.90380859375,7.75958251953125
49,0.40555555555555545,0.06341552734375,0.52166748046875,7.769775390625
64,0.012500000000000178,0.09417724609375,1.22808837890625,1.15924072265625
63,0.012500000000000178,0.06536865234375,1.2789306640625,1.159423828125
62,0.012500000000000178,0.11688232421875,1.26214599609375,1.15948486328125
61,0.012500000000000178,0.07171630859375,1.2418212890625,1.1600341796875
60,0.012500000000000178,0.0894775390625,1.28240966796875,1.1600341796875
59,0.012500000000000178,0.1015625,1.24603271484375,1.160400390625
58,0.012500000000000178,0.0745849609375,1.26165771484375,1.16070556640625
57,0.012500000000000178,0.09588623046875,1.26519775390625,1.16082763671875
56,0.41250000000000009,-0.4520263671875,1.28570556640625,7.82501220703125
55,0.41250000000000009,0.8961181640625,0.66241455078125,7.825927734375
54,0.41250000000000009,-0.4158935546875,0.24761962890625,7.84173583984375
53,0.41250000000000009,0.2154541015625,1.33453369140625,7.84033203125
52,0.41250000000000009,0.45050048828125,0.23480224609375,7.84967041015625
51,0.41250000000000009,-0.337890625,0.805908203125,7.858642578125
50,0.41250000000000009,0.450927734375,0.88348388671875,7.8602294921875
49,0.41250000000000009,0.06304931640625,0.49578857421875,7.87060546875
64,0.019444444444444819,0.09796142578125,1.21087646484375,1.31097412109375
63,0.019444444444444819,0.0531005859375,1.28997802734375,1.31134033203125
62,0.019444444444444819,0.1331787109375,1.2637939453125,1.31134033203125
61,0.019444444444444819,0.06298828125,1.23223876953125,1.312255859375
60,0.019444444444444819,0.090576171875,1.29534912109375,1.312255859375
59,0.019444444444444819,0.10943603515625,1.23883056640625,1.31280517578125
58,0.019444444444444819,0.0673828125,1.26312255859375,1.3133544921875
57,0.019444444444444819,0.10052490234375,1.2685546875,1.31353759765625
56,0.41944444444444473,-0.4598388671875,1.27081298828125,7.9251708984375
55,0.41944444444444473,0.90777587890625,0.63848876953125,7.92608642578125
54,0.41944444444444473,-0.42315673828125,0.2177734375,7.942138671875
53,0.41944444444444473,0.21728515625,1.3203125,7.940673828125
52,0.41944444444444473,0.45574951171875,0.2047119140625,7.9501953125
51,0.41944444444444473,-0.34405517578125,0.78411865234375,7.95928955078125
50,0.41944444444444473,0.4561767578125,0.86279296875,7.96087646484375
49,0.41944444444444473,0.06268310546875,0.469482421875,7.97137451171875
64,0.026388888888889017,0.1016845703125,1.193603515625,1.46270751953125
63,0.026388888888889017,0.04083251953125,1.301025390625,1.46319580078125
62,0.026388888888889017,0.1495361328125,1.2655029296875,1.4632568359375
61,0.026388888888889017,0.05426025390625,1.22265625,1.4644775390625
60,0.026388888888889017,0.0916748046875,1.30828857421875,1.4644775390625
59,0.026388888888889017,0.11724853515625,1.2315673828125,1.4652099609375
58,0.026388888888889017,0.06024169921875,1.2645263671875,1.4659423828125
57,0.026388888888889017,0.105224609375,1.27191162109375,1.4661865234375
56,0.42638888888888893,-0.46759033203125,1.25543212890625,8.02532958984375
55,0.42638888888888893,0.91943359375,0.6141357421875,8.0262451171875
54,0.42638888888888893,-0.430419921875,0.1873779296875,8.04248046875
53,0.42638888888888893,0.2191162109375,1.3056640625,8.041015625
52,0.42638888888888893,0.4609375,0.17413330078125,8.0506591796875
51,0.42638888888888893,-0.3502197265625,0.76177978515625,8.0599365234375
50,0.42638888888888893,0.46142578125,0.84161376953125,8.0615234375
49,0.42638888888888893,0.06231689453125,0.44268798828125,8.07220458984375
64,0.033333333333333659,0.10540771484375,1.1763916015625,1.614501953125
63,0.033333333333333659,0.028564453125,1.31201171875,1.6151123046875
62,0.033333333333333659,0.16583251953125,1.26715087890625,1.6151123046875
61,0.033333333333333659,0.0455322265625,1.21307373046875,1.61676025390625
60,0.033333333333333659,0.0927734375,1.32122802734375,1.61669921875
59,0.033333333333333659,0.12506103515625,1.22430419921875,1.61761474609375
58,0.033333333333333659,0.05303955078125,1.26593017578125,1.6185302734375
57,0.033333333333333659,0.10986328125,1.27532958984375,1.61883544921875
56,0.43333333333333357,-0.47540283203125,1.23956298828125,8.12542724609375
55,0.43333333333333357,0.93115234375,0.5892333984375,8.12640380859375
54,0.43333333333333357,-0.43768310546875,0.156494140625,8.14288330078125
53,0.43333333333333357,0.22100830078125,1.29046630859375,8.14141845703125
52,0.43333333333333357,0.4661865234375,0.14312744140625,8.15118408203125
51,0.43333333333333357,-0.3563232421875,0.739013671875,8.1605224609375
50,0.43333333333333357,0.4666748046875,0.8199462890625,8.16217041015625
49,0.43333333333333357,0.06201171875,0.4154052734375,8.1729736328125
64,0.040277777777777857,0.10919189453125,1.1591796875,1.7662353515625
63,0.040277777777777857,0.01629638671875,1.32305908203125,1.7669677734375
62,0.040277777777777857,0.18218994140625,1.26885986328125,1.76702880859375
61,0.040277777777777857,0.03680419921875,1.2034912109375,1.76898193359375
60,0.040277777777777857,0.0938720703125,1.334228515625,1.7689208984375
59,0.040277777777777857,0.1329345703125,1.21710205078125,1.77001953125
58,0.040277777777777857,0.0458984375,1.26739501953125,1.7711181640625
57,0.040277777777777857,0.11456298828125,1.2786865234375,1.77154541015625
56,0.44027777777777777,-0.483154296875,1.22320556640625,8.2255859375
55,0.44027777777777777,0.94281005859375,0.56390380859375,8.2265625
54,0.44027777777777777,-0.4449462890625,0.12518310546875,8.2432861328125
53,0.44027777777777777,0.22283935546875,1.27484130859375,8.24176025390625
52,0.44027777777777777,0.471435546875,0.111572265625,8.25164794921875
51,0.44027777777777777,-0.36248779296875,0.7156982421875,8.26116943359375
50,0.44027777777777777,0.471923828125,0.79779052734375,8.26287841796875
49,0.44027777777777777,0.0616455078125,0.3876953125,8.2738037109375
64,0.0472222222222225,0.1129150390625,1.1419677734375,1.91796875
63,0.0472222222222225,0.0040283203125,1.3341064453125,1.91888427734375
62,0.0472222222222225,0.19854736328125,1.2705078125,1.9189453125
61,0.0472222222222225,0.028076171875,1.19390869140625,1.92120361328125
60,0.0472222222222225,0.094970703125,1.34716796875,1.921142578125
59,0.0472222222222225,0.1407470703125,1.2098388671875,1.92242431640625
58,0.0472222222222225,0.03875732421875,1.268798828125,1.92376708984375
57,0.0472222222222225,0.11920166015625,1.28204345703125,1.9241943359375
56,0.44722222222222241,-0.490966796875,1.20635986328125,8.32574462890625
55,0.44722222222222241,0.9544677734375,0.53802490234375,8.32672119140625
54,0.44722222222222241,-0.45220947265625,0.09332275390625,8.3436279296875
53,0.44722222222222241,0.22467041015625,1.2586669921875,8.3421630859375
52,0.44722222222222241,0.4766845703125,0.07958984375,8.3521728515625
51,0.44722222222222241,-0.36859130859375,0.69189453125,8.36181640625
50,0.44722222222222241,0.4771728515625,0.77508544921875,8.363525390625
49,0.44722222222222241,0.061279296875,0.35943603515625,8.37457275390625
64,0.054166666666666696,0.11663818359375,1.12469482421875,2.06976318359375
63,0.054166666666666696,-0.00823974609375,1.3450927734375,2.07073974609375
62,0.054166666666666696,0.21484375,1.272216796875,2.07080078125
61,0.054166666666666696,0.01934814453125,1.184326171875,2.07342529296875
60,0.054166666666666696,0.0960693359375,1.360107421875,2.0733642578125
59,0.054166666666666696,0.14862060546875,1.20257568359375,2.0748291015625
58,0.054166666666666696,0.03155517578125,1.270263671875,2.07635498046875
57,0.054166666666666696,0.1239013671875,1.28546142578125,2.07684326171875
56,0.45416666666666661,-0.49871826171875,1.18902587890625,8.4259033203125
55,0.45416666666666661,0.96612548828125,0.51177978515625,8.4268798828125
54,0.45416666666666661,-0.45947265625,0.06109619140625,8.44403076171875
53,0.45416666666666661,0.22650146484375,1.24212646484375,8.4425048828125
52,0.45416666666666661,0.48193359375,0.047119140625,8.45263671875
51,0.45416666666666661,-0.374755859375,0.667724609375,8.46240234375
50,0.45416666666666661,0.48236083984375,0.75201416015625,8.46417236328125
49,0.45416666666666661,0.0609130859375,0.33074951171875,8.47540283203125
64,0.061111111111111338,0.120361328125,1.10748291015625,2.22149658203125
63,0.061111111111111338,-0.0205078125,1.35614013671875,2.22265625
62,0.061111111111111338,0.231201171875,1.27386474609375,2.22271728515625
61,0.061111111111111338,0.0106201171875,1.17474365234375,2.22564697265625
60,0.061111111111111338,0.09716796875,1.373046875,2.22564697265625
59,0.061111111111111338,0.15643310546875,1.1953125,2.22723388671875
58,0.061111111111111338,0.0244140625,1.27166748046875,2.22894287109375
57,0.061111111111111338,0.1285400390625,1.288818359375,2.22955322265625
56,0.46111111111111125,-0.50653076171875,1.1712646484375,8.5260009765625
55,0.46111111111111125,0.977783203125,0.4849853515625,8.5269775390625
54,0.46111111111111125,-0.46673583984375,0.0283203125,8.54443359375
53,0.46111111111111125,0.2283935546875,1.22503662109375,8.5428466796875
52,0.45882458852114877,0.4854736328125,0,8.52008056640625
51,0.46111111111111125,-0.38092041015625,0.64300537109375,8.56304931640625
50,0.46111111111111125,0.48760986328125,0.72845458984375,8.5648193359375
49,0.46111111111111125,0.06060791015625,0.30157470703125,8.576171875
64,0.068055555555555536,0.1241455078125,1.09027099609375,2.37322998046875
63,0.068055555555555536,-0.03277587890625,1.3671875,2.37445068359375
62,0.068055555555555536,0.24749755859375,1.27557373046875,2.37457275390625
61,0.068055555555555536,0.0018310546875,1.1651611328125,2.3778076171875
60,0.068055555555555536,0.0982666015625,1.385986328125,2.3778076171875
59,0.068055555555555536,0.16424560546875,1.1881103515625,2.37957763671875
58,0.068055555555555536,0.0172119140625,1.27313232421875,2.38153076171875
57,0.068055555555555536,0.1331787109375,1.29217529296875,2.38214111328125
56,0.46805555555555545,-0.51434326171875,1.153076171875,8.62615966796875
55,0.46805555555555545,0.989501953125,0.45782470703125,8.62713623046875
54,0.46180300224341797,-0.46746826171875,0,8.554443359375
53,0.46805555555555545,0.230224609375,1.20751953125,8.64324951171875
51,0.46805555555555545,-0.38702392578125,0.617919921875,8.6636962890625
50,0.46805555555555545,0.49285888671875,0.7044677734375,8.66546630859375
49,0.46805555555555545,0.06024169921875,0.27197265625,8.677001953125
64,0.075000000000000178,0.1278076171875,1.0728759765625,2.5230712890625
63,0.075000000000000178,-0.04486083984375,1.377685546875,2.52447509765625
62,0.075000000000000178,0.26361083984375,1.27685546875,2.5245361328125
61,0.075000000000000178,-0.00677490234375,1.15533447265625,2.52813720703125
60,0.075000000000000178,0.099365234375,1.3984375,2.52813720703125
59,0.075000000000000178,0.1719970703125,1.18060302734375,2.53009033203125
58,0.075000000000000178,0.0101318359375,1.274169921875,2.5322265625
57,0.075000000000000178,0.1378173828125,1.295166015625,2.53289794921875
56,0.47500000000000009,-0.5220947265625,1.13433837890625,8.726318359375
55,0.47500000000000009,1.00115966796875,0.4300537109375,8.727294921875
53,0.47500000000000009,0.2320556640625,1.18951416015625,8.74359130859375
51,0.47500000000000009,-0.3931884765625,0.59222412109375,8.7642822265625
50,0.47500000000000009,0.49810791015625,0.67987060546875,8.76611328125
49,0.47500000000000009,0.05987548828125,0.2418212890625,8.77777099609375
64,0.081944444444444819,0.1314697265625,1.055419921875,2.6702880859375
63,0.081944444444444819,-0.0567626953125,1.38763427734375,2.6717529296875
62,0.081944444444444819,0.27947998046875,1.2777099609375,2.671875
61,0.081944444444444819,-0.0152587890625,1.14520263671875,2.67578125
60,0.081944444444444819,0.1004638671875,1.41021728515625,2.67578125
59,0.081944444444444819,0.17962646484375,1.1727294921875,2.67791748046875
58,0.081944444444444819,0.003173828125,1.27471923828125,2.68023681640625
57,0.081944444444444819,0.142333984375,1.297607421875,2.6810302734375
56,0.48194444444444473,-0.5299072265625,1.11517333984375,8.82647705078125
55,0.48194444444444473,1.0128173828125,0.40191650390625,8.82745361328125
53,0.48194444444444473,0.23388671875,1.1710205078125,8.84393310546875
51,0.48194444444444473,-0.3992919921875,0.566162109375,8.86492919921875
50,0.48194444444444473,0.50335693359375,0.6549072265625,8.86676025390625
49,0.48194444444444473,0.05950927734375,0.21124267578125,8.87860107421875
64,0.088888888888889017,0.135009765625,1.0377197265625,2.81475830078125
63,0.088888888888889017,-0.0684814453125,1.3968505859375,2.81640625
62,0.088888888888889017,0.2950439453125,1.27801513671875,2.8165283203125
61,0.088888888888889017,-0.0235595703125,1.13482666015625,2.82073974609375
60,0.088888888888889017,0.10150146484375,1.4212646484375,2.82073974609375
59,0.088888888888889017,0.18707275390625,1.16455078125,2.822998046875
58,0.088888888888889017,-0.00360107421875,1.27484130859375,2.82550048828125
57,0.088888888888889017,0.14678955078125,1.299560546875,2.82635498046875
56,0.48888888888888893,-0.53765869140625,1.09552001953125,8.92657470703125
55,0.48888888888888893,1.02447509765625,0.37322998046875,8.9276123046875
53,0.48888888888888893,0.23577880859375,1.152099609375,8.9443359375
51,0.48888888888888893,-0.40545654296875,0.53955078125,8.965576171875
50,0.48888888888888893,0.50860595703125,0.62945556640625,8.9674072265625
49,0.48888888888888893,0.0592041015625,0.18017578125,8.9793701171875
64,0.095833333333333659,0.13848876953125,1.0198974609375,2.95660400390625
63,0.095833333333333659,-0.0799560546875,1.4053955078125,2.95831298828125
62,0.095833333333333659,0.310302734375,1.27789306640625,2.95843505859375
61,0.095833333333333659,-0.03173828125,1.1241455078125,2.9630126953125
60,0.095833333333333659,0.1025390625,1.431640625,2.96295166015625
59,0.095833333333333659,0.19439697265625,1.15606689453125,2.9654541015625
58,0.095833333333333659,-0.01031494140625,1.27447509765625,2.9681396484375
57,0.095833333333333659,0.151123046875,1.301025390625,2.96905517578125
56,0.49583333333333357,-0.54547119140625,1.07537841796875,9.0267333984375
55,0.49583333333333357,1.0361328125,0.3441162109375,9.02777099609375
53,0.49583333333333357,0.23760986328125,1.13262939453125,9.044677734375
51,0.49583333333333357,-0.41156005859375,0.512451171875,9.066162109375
50,0.49583333333333357,0.51385498046875,0.603515625,9.06805419921875
49,0.49583333333333357,0.058837890625,0.14862060546875,9.0802001953125
64,0.10277777777777786,0.1419677734375,1.0018310546875,3.095703125
63,0.10277777777777786,-0.0911865234375,1.41326904296875,3.09759521484375
62,0.10277777777777786,0.32525634765625,1.27716064453125,3.09771728515625
61,0.10277777777777786,-0.03973388671875,1.11309814453125,3.1025390625
60,0.10277777777777786,0.103515625,1.44122314453125,3.1025390625
59,0.10277777777777786,0.20159912109375,1.147216796875,3.10516357421875
58,0.10277777777777786,-0.01690673828125,1.27349853515625,3.1080322265625
57,0.10277777777777786,0.15545654296875,1.3018798828125,3.1090087890625
56,0.50277777777777777,-0.55322265625,1.0548095703125,9.12689208984375
55,0.50277777777777777,1.0478515625,0.31451416015625,9.1279296875
53,0.50277777777777777,0.23944091796875,1.11273193359375,9.14501953125
51,0.50277777777777777,-0.417724609375,0.4849853515625,9.16680908203125
50,0.50277777777777777,0.51910400390625,0.57708740234375,9.168701171875
49,0.50277777777777777,0.0584716796875,0.11663818359375,9.18096923828125
64,0.1097222222222225,0.14532470703125,0.98370361328125,3.232177734375
63,0.1097222222222225,-0.10223388671875,1.4205322265625,3.234130859375
62,0.1097222222222225,0.3399658203125,1.2760009765625,3.2342529296875
61,0.1097222222222225,-0.047607421875,1.101806640625,3.23944091796875
60,0.1097222222222225,0.10455322265625,1.4501953125,3.2393798828125
59,0.1097222222222225,0.2086181640625,1.13800048828125,3.2421875
58,0.1097222222222225,-0.0233154296875,1.2720947265625,3.2452392578125
57,0.1097222222222225,0.15960693359375,1.30218505859375,3.24627685546875
56,0.50972222222222241,-0.56103515625,1.03369140625,9.22705078125
55,0.50972222222222241,1.05950927734375,0.28448486328125,9.22808837890625
53,0.50972222222222241,0.24127197265625,1.0924072265625,9.24542236328125
51,0.50972222222222241,-0.42388916015625,0.45697021484375,9.2674560546875
50,0.50972222222222241,0.52435302734375,0.55023193359375,9.26934814453125
49,0.50972222222222241,0.05810546875,0.08416748046875,9.28179931640625
64,0.1166666666666667,0.14862060546875,0.96533203125,3.36590576171875
63,0.1166666666666667,-0.113037109375,1.42706298828125,3.36798095703125
62,0.1166666666666667,0.3543701171875,1.2742919921875,3.36810302734375
61,0.1166666666666667,-0.0552978515625,1.09014892578125,3.37359619140625
60,0.1166666666666667,0.10552978515625,1.45843505859375,3.37353515625
59,0.1166666666666667,0.21551513671875,1.12841796875,3.37646484375
58,0.1166666666666667,-0.0296630859375,1.27020263671875,3.3797607421875
57,0.1166666666666667,0.16375732421875,1.302001953125,3.38079833984375
56,0.51666666666666661,-0.56878662109375,1.01214599609375,9.3271484375
55,0.51666666666666661,1.0711669921875,0.25390625,9.3282470703125
53,0.51666666666666661,0.2431640625,1.071533203125,9.34576416015625
51,0.51666666666666661,-0.42999267578125,0.42852783203125,9.36810302734375
50,0.51666666666666661,0.52960205078125,0.52288818359375,9.3699951171875
49,0.51666666666666661,0.0577392578125,0.05126953125,9.382568359375
64,0.12361111111111134,0.15185546875,0.94683837890625,3.4969482421875
63,0.12361111111111134,-0.1236572265625,1.4329833984375,3.4991455078125
62,0.12361111111111134,0.36846923828125,1.27215576171875,3.49932861328125
61,0.12361111111111134,-0.06280517578125,1.07830810546875,3.50506591796875
60,0.12361111111111134,0.1064453125,1.46600341796875,3.5050048828125
59,0.12361111111111134,0.2222900390625,1.11859130859375,3.50811767578125
58,0.12361111111111134,-0.03582763671875,1.267822265625,3.51153564453125
57,0.12361111111111134,0.16778564453125,1.30133056640625,3.5126953125
56,0.52361111111111125,-0.57659912109375,0.9901123046875,9.42730712890625
55,0.52361111111111125,1.08282470703125,0.222900390625,9.42840576171875
53,0.52361111111111125,0.2449951171875,1.05023193359375,9.44610595703125
51,0.52361111111111125,-0.4361572265625,0.3995361328125,9.46868896484375
50,0.52361111111111125,0.53485107421875,0.49505615234375,9.47064208984375
49,0.52211830867643461,0.0574951171875,0,9.46173095703125
64,0.13055555555555554,0.155029296875,0.9281005859375,3.6253662109375
63,0.13055555555555554,-0.134033203125,1.43817138671875,3.62762451171875
62,0.13055555555555554,0.38226318359375,1.2694091796875,3.6278076171875
61,0.13055555555555554,-0.0701904296875,1.0660400390625,3.63385009765625
60,0.13055555555555554,0.10736083984375,1.47283935546875,3.6337890625
59,0.13055555555555554,0.22894287109375,1.1082763671875,3.63702392578125
58,0.13055555555555554,-0.04193115234375,1.264892578125,3.640625
57,0.13055555555555554,0.1717529296875,1.300048828125,3.64178466796875
56,0.53055555555555545,-0.58441162109375,0.9676513671875,9.5274658203125
55,0.53055555555555545,1.09454345703125,0.19140625,9.528564453125
53,0.53055555555555545,0.246826171875,1.0284423828125,9.5465087890625
51,0.53055555555555545,-0.4422607421875,0.3701171875,9.5693359375
50,0.53055555555555545,0.54010009765625,0.466796875,9.5712890625
64,0.13750000000000018,0.1580810546875,0.9093017578125,3.75103759765625
63,0.13750000000000018,-0.1441650390625,1.44268798828125,3.75341796875
62,0.13750000000000018,0.39581298828125,1.2662353515625,3.75360107421875
61,0.13750000000000018,-0.07745361328125,1.05352783203125,3.7598876953125
60,0.13750000000000018,0.1082763671875,1.47900390625,3.75982666015625
59,0.13750000000000018,0.23541259765625,1.09771728515625,3.76324462890625
58,0.13750000000000018,-0.0478515625,1.261474609375,3.76702880859375
57,0.13750000000000018,0.17559814453125,1.2982177734375,3.76824951171875
56,0.53750000000000009,-0.5921630859375,0.9447021484375,9.6275634765625
55,0.53750000000000009,1.106201171875,0.15948486328125,9.62872314453125
53,0.53750000000000009,0.2486572265625,1.00616455078125,9.6468505859375
51,0.53750000000000009,-0.44842529296875,0.34027099609375,9.66998291015625
50,0.53750000000000009,0.54534912109375,0.43798828125,9.67193603515625
64,0.14444444444444482,0.1611328125,0.8902587890625,3.8740234375
63,0.14444444444444482,-0.15411376953125,1.44659423828125,3.87652587890625
62,0.14444444444444482,0.40899658203125,1.26251220703125,3.876708984375
61,0.14444444444444482,-0.08453369140625,1.0406494140625,3.88330078125
60,0.14444444444444482,0.10919189453125,1.48443603515625,3.88323974609375
59,0.14444444444444482,0.24176025390625,1.0867919921875,3.88677978515625
58,0.14444444444444482,-0.05364990234375,1.257568359375,3.89068603515625
57,0.14444444444444482,0.17938232421875,1.2958984375,3.89202880859375
56,0.54444444444444473,-0.5999755859375,0.9212646484375,9.72772216796875
55,0.54444444444444473,1.11785888671875,0.12701416015625,9.7288818359375
53,0.54444444444444473,0.25054931640625,0.98345947265625,9.7471923828125
51,0.54444444444444473,-0.45458984375,0.30987548828125,9.77056884765625
50,0.54444444444444473,0.55059814453125,0.40875244140625,9.77264404296875
64,0.15138888888888902,0.16412353515625,0.87109375,3.994384765625
63,0.15138888888888902,-0.163818359375,1.4498291015625,3.9969482421875
62,0.15138888888888902,0.4219970703125,1.25836181640625,3.99713134765625
61,0.15138888888888902,-0.0914306640625,1.027587890625,4.00396728515625
60,0.15138888888888902,0.11004638671875,1.48919677734375,4.00390625
59,0.15138888888888902,0.24798583984375,1.0755615234375,4.00762939453125
58,0.15138888888888902,-0.059326171875,1.25323486328125,4.01165771484375
57,0.15138888888888902,0.18304443359375,1.2930908203125,4.0130615234375
56,0.55138888888888893,-0.60772705078125,0.8973388671875,9.827880859375
55,0.55138888888888893,1.1295166015625,0.0941162109375,9.82904052734375
53,0.55138888888888893,0.25238037109375,0.960205078125,9.84759521484375
51,0.55138888888888893,-0.460693359375,0.279052734375,9.8712158203125
50,0.55138888888888893,0.55584716796875,0.3790283203125,9.873291015625
64,0.15833333333333366,0.1669921875,0.8516845703125,4.11199951171875
63,0.15833333333333366,-0.17333984375,1.45233154296875,4.11468505859375
62,0.15833333333333366,0.43463134765625,1.25360107421875,4.1148681640625
61,0.15833333333333366,-0.09820556640625,1.01409912109375,4.1219482421875
60,0.15833333333333366,0.11090087890625,1.4931640625,4.12188720703125
59,0.15833333333333366,0.25408935546875,1.06390380859375,4.125732421875
58,0.15833333333333366,-0.06488037109375,1.248291015625,4.12994384765625
57,0.15833333333333366,0.18670654296875,1.2896728515625,4.13134765625
56,0.55833333333333357,-0.61553955078125,0.87298583984375,9.92803955078125
55,0.55833333333333357,1.14117431640625,0.06072998046875,9.92919921875
53,0.55833333333333357,0.25421142578125,0.93658447265625,9.94793701171875
51,0.55833333333333357,-0.46685791015625,0.24774169921875,9.97186279296875
50,0.55833333333333357,0.56109619140625,0.348876953125,9.97393798828125
64,0.16527777777777786,0.16986083984375,0.8321533203125,4.2269287109375
63,0.16527777777777786,-0.1826171875,1.4542236328125,4.229736328125
62,0.16527777777777786,0.447021484375,1.2484130859375,4.22991943359375
61,0.16527777777777786,-0.1048583984375,1.0003662109375,4.23724365234375
60,0.16527777777777786,0.11175537109375,1.49652099609375,4.2371826171875
59,0.16527777777777786,0.260009765625,1.05194091796875,4.24114990234375
58,0.16527777777777786,-0.0703125,1.242919921875,4.24554443359375
57,0.16527777777777786,0.19024658203125,1.2857666015625,4.24700927734375
56,0.56527777777777777,-0.623291015625,0.84808349609375,10.02813720703125
55,0.56527777777777777,1.15289306640625,0.02691650390625,10.02935791015625
53,0.56527777777777777,0.256103515625,0.91241455078125,10.04833984375
51,0.56527777777777777,-0.47296142578125,0.21600341796875,10.07244873046875
50,0.56527777777777777,0.5662841796875,0.31817626953125,10.0745849609375
64,0.1722222222222225,0.172607421875,0.81256103515625,4.33917236328125
63,0.1722222222222225,-0.19171142578125,1.45550537109375,4.34210205078125
62,0.1722222222222225,0.4591064453125,1.2427978515625,4.34228515625
61,0.1722222222222225,-0.111328125,0.98638916015625,4.349853515625
60,0.1722222222222225,0.11260986328125,1.49920654296875,4.34979248046875
59,0.1722222222222225,0.26580810546875,1.0396728515625,4.3538818359375
58,0.1722222222222225,-0.07562255859375,1.237060546875,4.3583984375
57,0.1722222222222225,0.19366455078125,1.2813720703125,4.35992431640625
56,0.57222222222222241,-0.631103515625,0.82275390625,10.1282958984375
55,0.56566262065531492,1.153564453125,0,10.034912109375
53,0.57222222222222241,0.2579345703125,0.8878173828125,10.148681640625
51,0.57222222222222241,-0.4791259765625,0.1837158203125,10.173095703125
50,0.57222222222222241,0.571533203125,0.28704833984375,10.17523193359375
64,0.1791666666666667,0.17529296875,0.79266357421875,4.44873046875
63,0.1791666666666667,-0.2005615234375,1.45599365234375,4.45172119140625
62,0.1791666666666667,0.47088623046875,1.23651123046875,4.45196533203125
61,0.1791666666666667,-0.11761474609375,0.97198486328125,4.45977783203125
60,0.1791666666666667,0.1134033203125,1.5010986328125,4.459716796875
59,0.1791666666666667,0.271484375,1.0269775390625,4.46392822265625
58,0.1791666666666667,-0.080810546875,1.23065185546875,4.4686279296875
57,0.1791666666666667,0.197021484375,1.2763671875,4.47015380859375
56,0.57916666666666661,-0.638916015625,0.7969970703125,10.22845458984375
53,0.57916666666666661,0.259765625,0.86273193359375,10.2490234375
51,0.57916666666666661,-0.4852294921875,0.1510009765625,10.27374267578125
50,0.57916666666666661,0.5767822265625,0.2554931640625,10.27587890625
64,0.18611111111111134,0.17791748046875,0.77264404296875,4.55560302734375
63,0.18611111111111134,-0.209228515625,1.45587158203125,4.5587158203125
62,0.18611111111111134,0.48236083984375,1.2298583984375,4.55889892578125
61,0.18611111111111134,-0.123779296875,0.9573974609375,4.56695556640625
60,0.18611111111111134,0.1141357421875,1.50238037109375,4.56689453125
59,0.18611111111111134,0.2769775390625,1.0140380859375,4.5712890625
58,0.18611111111111134,-0.0858154296875,1.2237548828125,4.5760498046875
57,0.18611111111111134,0.2003173828125,1.2708740234375,4.57769775390625
56,0.58611111111111125,-0.64666748046875,0.77069091796875,10.32861328125
53,0.58611111111111125,0.2615966796875,0.83709716796875,10.34942626953125
51,0.58611111111111125,-0.49139404296875,0.1177978515625,10.37432861328125
50,0.58611111111111125,0.58203125,0.223388671875,10.37652587890625
64,0.19305555555555554,0.18048095703125,0.75244140625,4.6597900390625
63,0.19305555555555554,-0.2176513671875,1.45513916015625,4.6629638671875
62,0.19305555555555554,0.49359130859375,1.22265625,4.6632080078125
61,0.19305555555555554,-0.1297607421875,0.94244384765625,4.6715087890625
60,0.19305555555555554,0.11492919921875,1.50286865234375,4.67144775390625
59,0.19305555555555554,0.2823486328125,1.00067138671875,4.6759033203125
58,0.19305555555555554,-0.09075927734375,1.21636962890625,4.68084716796875
57,0.19305555555555554,0.20355224609375,1.26483154296875,4.6824951171875
56,0.59305555555555545,-0.65447998046875,0.74395751953125,10.4287109375
53,0.59305555555555545,0.26348876953125,0.81109619140625,10.44976806640625
51,0.59305555555555545,-0.49755859375,0.0841064453125,10.4749755859375
50,0.59305555555555545,0.5872802734375,0.1907958984375,10.4771728515625
64,0.20000000000000018,0.18304443359375,0.73211669921875,4.7613525390625
63,0.20000000000000018,-0.225830078125,1.45361328125,4.76458740234375
62,0.20000000000000018,0.5045166015625,1.21490478515625,4.7647705078125
61,0.20000000000000018,-0.1356201171875,0.92718505859375,4.7733154296875
60,0.20000000000000018,0.11566162109375,1.502685546875,4.77325439453125
59,0.20000000000000018,0.28759765625,0.98699951171875,4.77783203125
58,0.20000000000000018,-0.09552001953125,1.20849609375,4.78289794921875
57,0.20000000000000018,0.2066650390625,1.25823974609375,4.78460693359375
56,0.60000000000000009,-0.6622314453125,0.71673583984375,10.52886962890625
53,0.60000000000000009,0.26531982421875,0.7845458984375,10.55010986328125
51,0.60000000000000009,-0.503662109375,0.04998779296875,10.57562255859375
50,0.60000000000000009,0.592529296875,0.15777587890625,10.57781982421875
64,0.20694444444444482,0.18548583984375,0.71136474609375,4.86151123046875
63,0.20694444444444482,-0.23394775390625,1.45159912109375,4.86480712890625
62,0.20694444444444482,0.51531982421875,1.2066650390625,4.86505126953125
61,0.20694444444444482,-0.141357421875,0.9114990234375,4.873779296875
60,0.20694444444444482,0.11639404296875,1.50189208984375,4.87371826171875
59,0.20694444444444482,0.29278564453125,0.972900390625,4.87841796875
58,0.20694444444444482,-0.10028076171875,1.20013427734375,4.88360595703125
57,0.20694444444444482,0.209716796875,1.2510986328125,4.8853759765625
56,0.60694444444444473,-0.6700439453125,0.6890869140625,10.6290283203125
53,0.60694444444444473,0.26715087890625,0.75762939453125,10.6505126953125
51,0.60501175772633209,-0.50811767578125,0,10.648193359375
50,0.60694444444444473,0.5977783203125,0.12432861328125,10.678466796875
64,0.21388888888888902,0.18792724609375,0.69024658203125,4.961669921875
63,0.21388888888888902,-0.2420654296875,1.4490966796875,4.96502685546875
62,0.21388888888888902,0.52606201171875,1.197998046875,4.96527099609375
61,0.21388888888888902,-0.14715576171875,0.89544677734375,4.9742431640625
60,0.21388888888888902,0.11712646484375,1.50067138671875,4.97418212890625
59,0.21388888888888902,0.2979736328125,0.95831298828125,4.97900390625
58,0.21388888888888902,-0.10498046875,1.1912841796875,4.984375
57,0.21388888888888902,0.21282958984375,1.24359130859375,4.98614501953125
56,0.61388888888888893,-0.67779541015625,0.660888671875,10.72918701171875
53,0.61388888888888893,0.26898193359375,0.73016357421875,10.7508544921875
50,0.61388888888888893,0.60302734375,0.09039306640625,10.77911376953125
64,0.22083333333333366,0.1904296875,0.66864013671875,5.06182861328125
63,0.22083333333333366,-0.2501220703125,1.44610595703125,5.0653076171875
62,0.22083333333333366,0.536865234375,1.18890380859375,5.0655517578125
61,0.22083333333333366,-0.15289306640625,0.87884521484375,5.07470703125
60,0.22083333333333366,0.11785888671875,1.49896240234375,5.07464599609375
59,0.22083333333333366,0.3031005859375,0.94329833984375,5.07958984375
58,0.22083333333333366,-0.1097412109375,1.18194580078125,5.0850830078125
57,0.22083333333333366,0.21588134765625,1.23553466796875,5.0869140625
56,0.62083333333333357,-0.68560791015625,0.6322021484375,10.82928466796875
53,0.62083333333333357,0.2708740234375,0.7021484375,10.8511962890625
50,0.62083333333333357,0.6082763671875,0.055908203125,10.8797607421875
64,0.22777777777777786,0.19287109375,0.646484375,5.1619873046875
63,0.22777777777777786,-0.25823974609375,1.442626953125,5.16552734375
62,0.22777777777777786,0.547607421875,1.17926025390625,5.165771484375
61,0.22777777777777786,-0.15869140625,0.86175537109375,5.1751708984375
60,0.22777777777777786,0.11859130859375,1.49676513671875,5.17510986328125
59,0.22777777777777786,0.30828857421875,0.92779541015625,5.18017578125
58,0.22777777777777786,-0.11444091796875,1.17218017578125,5.185791015625
57,0.22777777777777786,0.218994140625,1.22705078125,5.1876220703125
56,0.62777777777777777,-0.69342041015625,0.6031494140625,10.929443359375
53,0.62777777777777777,0.272705078125,0.673828125,10.95159912109375
50,0.6269789238610477,0.6129150390625,0,10.96881103515625
64,0.2347222222222225,0.19537353515625,0.62396240234375,5.26214599609375
63,0.2347222222222225,-0.266357421875,1.43878173828125,5.26580810546875
62,0.2347222222222225,0.55841064453125,1.169189453125,5.26605224609375
61,0.2347222222222225,-0.1644287109375,0.84429931640625,5.275634765625
60,0.2347222222222225,0.11932373046875,1.494140625,5.27557373046875
59,0.2347222222222225,0.3134765625,0.91180419921875,5.28076171875
58,0.2347222222222225,-0.11920166015625,1.16192626953125,5.2864990234375
57,0.2347222222222225,0.2220458984375,1.21807861328125,5.28839111328125
56,0.63472222222222241,-0.701171875,0.57354736328125,11.02960205078125
53,0.63472222222222241,0.2745361328125,0.6448974609375,11.05194091796875
64,0.2416666666666667,0.19781494140625,0.60089111328125,5.3623046875
63,0.2416666666666667,-0.2744140625,1.434326171875,5.36602783203125
62,0.2416666666666667,0.5692138671875,1.1585693359375,5.36627197265625
61,0.2416666666666667,-0.17022705078125,0.82623291015625,5.3760986328125
60,0.2416666666666667,0.1199951171875,1.490966796875,5.37603759765625
59,0.2416666666666667,0.31866455078125,0.89532470703125,5.38134765625
58,0.2416666666666667,-0.1239013671875,1.15118408203125,5.38720703125
57,0.2416666666666667,0.22515869140625,1.2086181640625,5.38916015625
56,0.64166666666666661,-0.708984375,0.54351806640625,11.1297607421875
53,0.64166666666666661,0.2763671875,0.6156005859375,11.15228271484375
64,0.24861111111111134,0.2003173828125,0.577392578125,5.46246337890625
63,0.24861111111111134,-0.28253173828125,1.429443359375,5.46624755859375
62,0.24861111111111134,0.5799560546875,1.14752197265625,5.466552734375
61,0.24861111111111134,-0.17596435546875,0.8077392578125,5.4765625
60,0.24861111111111134,0.1207275390625,1.48736572265625,5.47650146484375
59,0.24861111111111134,0.32379150390625,0.87841796875,5.48193359375
58,0.24861111111111134,-0.128662109375,1.13995361328125,5.4879150390625
57,0.24861111111111134,0.22821044921875,1.19866943359375,5.48992919921875
56,0.64861111111111125,-0.71673583984375,0.51300048828125,11.2298583984375
53,0.64861111111111125,0.27825927734375,0.58575439453125,11.252685546875
64,0.25555555555555554,0.2027587890625,0.55340576171875,5.5626220703125
63,0.25555555555555554,-0.2906494140625,1.4241943359375,5.5665283203125
62,0.25555555555555554,0.59075927734375,1.1361083984375,5.5667724609375
61,0.25555555555555554,-0.18170166015625,0.78887939453125,5.5770263671875
60,0.25555555555555554,0.1214599609375,1.4833984375,5.57696533203125
59,0.25555555555555554,0.3289794921875,0.86102294921875,5.58251953125
58,0.25555555555555554,-0.13336181640625,1.12835693359375,5.58868408203125
57,0.25555555555555554,0.2313232421875,1.1883544921875,5.5906982421875
56,0.65555555555555545,-0.72454833984375,0.48199462890625,11.33001708984375
53,0.65555555555555545,0.28009033203125,0.55548095703125,11.35302734375
64,0.26250000000000018,0.20526123046875,0.5289306640625,5.66278076171875
63,0.26250000000000018,-0.2987060546875,1.4183349609375,5.666748046875
62,0.26250000000000018,0.60150146484375,1.12408447265625,5.66705322265625
61,0.26250000000000018,-0.1875,0.7694091796875,5.677490234375
60,0.26250000000000018,0.1221923828125,1.47882080078125,5.67742919921875
59,0.26250000000000018,0.33416748046875,0.8431396484375,5.68310546875
58,0.26250000000000018,-0.13812255859375,1.11614990234375,5.68939208984375
57,0.26250000000000018,0.234375,1.17742919921875,5.69146728515625
56,0.66250000000000009,-0.7322998046875,0.4505615234375,11.43017578125
53,0.66250000000000009,0.28192138671875,0.52471923828125,11.45343017578125
64,0.26944444444444482,0.20770263671875,0.5040283203125,5.762939453125
63,0.26944444444444482,-0.30682373046875,1.41204833984375,5.76702880859375
62,0.26944444444444482,0.6123046875,1.11163330078125,5.76727294921875
61,0.26944444444444482,-0.1932373046875,0.74951171875,5.77801513671875
60,0.26944444444444482,0.1229248046875,1.47381591796875,5.77789306640625
59,0.26944444444444482,0.33935546875,0.82476806640625,5.78369140625
58,0.26944444444444482,-0.142822265625,1.10357666015625,5.79010009765625
57,0.26944444444444482,0.23748779296875,1.1661376953125,5.792236328125
56,0.66944444444444473,-0.7401123046875,0.41851806640625,11.53033447265625
53,0.66944444444444473,0.28375244140625,0.493408203125,11.55377197265625
64,0.276388888888889,0.210205078125,0.47857666015625,5.86309814453125
63,0.276388888888889,-0.31494140625,1.4052734375,5.86724853515625
62,0.276388888888889,0.62310791015625,1.09869384765625,5.8675537109375
61,0.276388888888889,-0.19903564453125,0.72918701171875,5.87847900390625
60,0.276388888888889,0.1236572265625,1.46832275390625,5.87835693359375
59,0.276388888888889,0.344482421875,0.80596923828125,5.88427734375
58,0.276388888888889,-0.1475830078125,1.0904541015625,5.89080810546875
57,0.276388888888889,0.24053955078125,1.154296875,5.89300537109375
56,0.67638888888888893,-0.74786376953125,0.3861083984375,11.63043212890625
53,0.67638888888888893,0.28564453125,0.46173095703125,11.65411376953125
64,0.28333333333333366,0.212646484375,0.45269775390625,5.9632568359375
63,0.28333333333333366,-0.322998046875,1.3980712890625,5.96746826171875
62,0.28333333333333366,0.63385009765625,1.08526611328125,5.9677734375
61,0.28333333333333366,-0.20477294921875,0.70831298828125,5.97894287109375
60,0.28333333333333366,0.1243896484375,1.46234130859375,5.97882080078125
59,0.28333333333333366,0.34967041015625,0.78668212890625,5.98486328125
58,0.28333333333333366,-0.15228271484375,1.076904296875,5.99151611328125
57,0.28333333333333366,0.24365234375,1.14202880859375,5.9937744140625
56,0.68333333333333357,-0.75567626953125,0.353271484375,11.7305908203125
53,0.68333333333333357,0.2874755859375,0.4295654296875,11.7545166015625
64,0.29027777777777786,0.21514892578125,0.4263916015625,6.06341552734375
63,0.29027777777777786,-0.33111572265625,1.390380859375,6.0677490234375
62,0.29027777777777786,0.6446533203125,1.0714111328125,6.06805419921875
61,0.29027777777777786,-0.2105712890625,0.68701171875,6.07940673828125
60,0.29027777777777786,0.1251220703125,1.4559326171875,6.079345703125
59,0.29027777777777786,0.3548583984375,0.76690673828125,6.08551025390625
58,0.29027777777777786,-0.15704345703125,1.0628662109375,6.09222412109375
57,0.29027777777777786,0.2467041015625,1.1292724609375,6.094482421875
56,0.69027777777777777,-0.76348876953125,0.31988525390625,11.83074951171875
53,0.69027777777777777,0.289306640625,0.39691162109375,11.8548583984375
64,0.2972222222222225,0.21759033203125,0.39959716796875,6.16357421875
63,0.2972222222222225,-0.3392333984375,1.3822021484375,6.16796875
62,0.2972222222222225,0.6553955078125,1.05712890625,6.16827392578125
61,0.2972222222222225,-0.21630859375,0.665283203125,6.17987060546875
60,0.2972222222222225,0.1258544921875,1.44903564453125,6.1798095703125
59,0.2972222222222225,0.36004638671875,0.7467041015625,6.18609619140625
58,0.2972222222222225,-0.1617431640625,1.04833984375,6.1929931640625
57,0.2972222222222225,0.24981689453125,1.1160888671875,6.19525146484375
56,0.69722222222222241,-0.771240234375,0.28607177734375,11.93084716796875
53,0.69722222222222241,0.2911376953125,0.36376953125,11.9552001953125
64,0.3041666666666667,0.22003173828125,0.37225341796875,6.26373291015625
63,0.3041666666666667,-0.3472900390625,1.37353515625,6.26824951171875
62,0.3041666666666667,0.66619873046875,1.04229736328125,6.2685546875
61,0.3041666666666667,-0.22210693359375,0.64300537109375,6.28033447265625
60,0.3041666666666667,0.1265869140625,1.441650390625,6.2802734375
59,0.3041666666666667,0.36517333984375,0.72601318359375,6.28668212890625
58,0.3041666666666667,-0.16650390625,1.03338623046875,6.293701171875
57,0.3041666666666667,0.25286865234375,1.10235595703125,6.2960205078125
56,0.70416666666666661,-0.779052734375,0.25177001953125,12.031005859375
53,0.70416666666666661,0.29302978515625,0.33013916015625,12.05560302734375
64,0.31111111111111134,0.2225341796875,0.344482421875,6.3638916015625
63,0.31111111111111134,-0.35540771484375,1.36444091796875,6.36846923828125
62,0.31111111111111134,0.677001953125,1.0269775390625,6.3687744140625
61,0.31111111111111134,-0.22784423828125,0.6202392578125,6.38079833984375
60,0.31111111111111134,0.1273193359375,1.43377685546875,6.3807373046875
59,0.31111111111111134,0.370361328125,0.70477294921875,6.38726806640625
58,0.31111111111111134,-0.17120361328125,1.01788330078125,6.3944091796875
57,0.31111111111111134,0.2559814453125,1.08819580078125,6.39678955078125
56,0.71111111111111125,-0.78680419921875,0.21697998046875,12.13116455078125
53,0.71111111111111125,0.29486083984375,0.29608154296875,12.15594482421875
64,0.31805555555555554,0.2249755859375,0.31622314453125,6.46405029296875
63,0.31805555555555554,-0.363525390625,1.35479736328125,6.46868896484375
62,0.31805555555555554,0.687744140625,1.01116943359375,6.46905517578125
61,0.31805555555555554,-0.233642578125,0.5970458984375,6.48126220703125
60,0.31805555555555554,0.1280517578125,1.4254150390625,6.481201171875
59,0.31805555555555554,0.37554931640625,0.68310546875,6.48785400390625
58,0.31805555555555554,-0.17596435546875,1.001953125,6.4951171875
57,0.31805555555555554,0.259033203125,1.073486328125,6.49755859375
56,0.71805555555555545,-0.79461669921875,0.1817626953125,12.2313232421875
53,0.71805555555555545,0.29669189453125,0.26153564453125,12.25628662109375
64,0.32500000000000018,0.22747802734375,0.2874755859375,6.564208984375
63,0.32500000000000018,-0.37164306640625,1.3447265625,6.5689697265625
62,0.32500000000000018,0.69854736328125,0.99493408203125,6.56927490234375
61,0.32500000000000018,-0.2393798828125,0.5733642578125,6.58172607421875
60,0.32500000000000018,0.1287841796875,1.4166259765625,6.5816650390625
59,0.32500000000000018,0.3807373046875,0.6610107421875,6.58843994140625
58,0.32500000000000018,-0.1806640625,0.98553466796875,6.5958251953125
57,0.32500000000000018,0.26214599609375,1.05841064453125,6.59832763671875
56,0.72500000000000009,-0.8023681640625,0.14599609375,12.3314208984375
53,0.72500000000000009,0.298583984375,0.2265625,12.356689453125
64,0.33194444444444482,0.22991943359375,0.25830078125,6.66436767578125
63,0.33194444444444482,-0.37969970703125,1.33416748046875,6.669189453125
62,0.33194444444444482,0.70928955078125,0.97821044921875,6.6695556640625
61,0.33194444444444482,-0.24517822265625,0.5491943359375,6.68218994140625
60,0.33194444444444482,0.1295166015625,1.4073486328125,6.68212890625
59,0.33194444444444482,0.3858642578125,0.63836669921875,6.68902587890625
58,0.33194444444444482,-0.1854248046875,0.96868896484375,6.696533203125
57,0.33194444444444482,0.26519775390625,1.04278564453125,6.6990966796875
56,0.73194444444444473,-0.8101806640625,0.10980224609375,12.43157958984375
53,0.73194444444444473,0.3004150390625,0.1910400390625,12.45703125
64,0.338888888888889,0.232421875,0.22869873046875,6.7645263671875
63,0.338888888888889,-0.3878173828125,1.3232421875,6.76947021484375
62,0.338888888888889,0.7200927734375,0.96112060546875,6.769775390625
61,0.338888888888889,-0.25091552734375,0.524658203125,6.78265380859375
60,0.338888888888889,0.1302490234375,1.39764404296875,6.7825927734375
59,0.338888888888889,0.39105224609375,0.6153564453125,6.78961181640625
58,0.338888888888889,-0.19012451171875,0.95135498046875,6.79730224609375
57,0.338888888888889,0.268310546875,1.02679443359375,6.79986572265625
56,0.73888888888888893,-0.8179931640625,0.0731201171875,12.53173828125
53,0.73888888888888893,0.30224609375,0.155029296875,12.557373046875
64,0.34583333333333366,0.23486328125,0.19854736328125,6.86468505859375
63,0.34583333333333366,-0.39593505859375,1.31170654296875,6.86968994140625
62,0.34583333333333366,0.73089599609375,0.94342041015625,6.8699951171875
61,0.34583333333333366,-0.25665283203125,0.49951171875,6.8831787109375
60,0.34583333333333366,0.1309814453125,1.38739013671875,6.883056640625
59,0.34583333333333366,0.396240234375,0.591796875,6.89019775390625
58,0.34583333333333366,-0.19488525390625,0.93353271484375,6.89801025390625
57,0.34583333333333366,0.2713623046875,1.01019287109375,6.90057373046875
56,0.74583333333333357,-0.82574462890625,0.0360107421875,12.63189697265625
53,0.74583333333333357,0.3040771484375,0.11865234375,12.65777587890625
64,0.35277777777777786,0.23736572265625,0.16790771484375,6.96484375
63,0.35277777777777786,-0.40399169921875,1.29974365234375,6.96990966796875
62,0.35277777777777786,0.74163818359375,0.92529296875,6.97027587890625
61,0.35277777777777786,-0.262451171875,0.47393798828125,6.983642578125
60,0.35277777777777786,0.13165283203125,1.376708984375,6.9835205078125
59,0.35277777777777786,0.4013671875,0.5677490234375,6.99078369140625
58,0.35277777777777786,-0.1995849609375,0.91522216796875,6.99871826171875
57,0.35277777777777786,0.27447509765625,0.99322509765625,7.0013427734375
56,0.74786480873132888,-0.8280029296875,0,12.66119384765625
53,0.75277777777777777,0.30596923828125,0.08172607421875,12.75811767578125
64,0.3597222222222225,0.23980712890625,0.1368408203125,7.06500244140625
63,0.3597222222222225,-0.412109375,1.28729248046875,7.0701904296875
62,0.3597222222222225,0.75244140625,0.90667724609375,7.07049560546875
61,0.3597222222222225,-0.2681884765625,0.44793701171875,7.0841064453125
60,0.3597222222222225,0.13238525390625,1.36553955078125,7.083984375
59,0.3597222222222225,0.40655517578125,0.54327392578125,7.09136962890625
58,0.3597222222222225,-0.204345703125,0.896484375,7.09942626953125
57,0.3597222222222225,0.27752685546875,0.97576904296875,7.10211181640625
53,0.75972222222222241,0.30780029296875,0.04437255859375,12.85845947265625
64,0.3666666666666667,0.2423095703125,0.1053466796875,7.1651611328125
63,0.3666666666666667,-0.42022705078125,1.27447509765625,7.17041015625
62,0.3666666666666667,0.76318359375,0.88763427734375,7.1707763671875
61,0.3666666666666667,-0.27398681640625,0.42144775390625,7.1845703125
60,0.3666666666666667,0.13311767578125,1.35394287109375,7.1844482421875
59,0.3666666666666667,0.4117431640625,0.51837158203125,7.19195556640625
58,0.3666666666666667,-0.20904541015625,0.87725830078125,7.20013427734375
57,0.3666666666666667,0.28057861328125,0.95782470703125,7.202880859375
53,0.76326936830053116,0.3087158203125,0,12.90972900390625
64,0.37361111111111134,0.2447509765625,0.0732421875,7.26531982421875
63,0.37361111111111134,-0.42828369140625,1.26104736328125,7.2706298828125
62,0.37361111111111134,0.77398681640625,0.8680419921875,7.27099609375
61,0.37361111111111134,-0.27972412109375,0.3944091796875,7.2850341796875
60,0.37361111111111134,0.13385009765625,1.341796875,7.284912109375
59,0.37361111111111134,0.41693115234375,0.49285888671875,7.29254150390625
58,0.37361111111111134,-0.21380615234375,0.8575439453125,7.30084228515625
57,0.37361111111111134,0.28369140625,0.93939208984375,7.30364990234375
64,0.38055555555555554,0.24725341796875,0.040771484375,7.365478515625
63,0.38055555555555554,-0.4364013671875,1.2471923828125,7.37091064453125
62,0.38055555555555554,0.7847900390625,0.84808349609375,7.37127685546875
61,0.38055555555555554,-0.2855224609375,0.36700439453125,7.385498046875
60,0.38055555555555554,0.13458251953125,1.3292236328125,7.3853759765625
59,0.38055555555555554,0.42205810546875,0.46697998046875,7.39312744140625
58,0.38055555555555554,-0.218505859375,0.83734130859375,7.401611328125
57,0.38055555555555554,0.2867431640625,0.92047119140625,7.4044189453125
64,0.383876028534775,0.2484130859375,0,7.41339111328125
63,0.38750000000000018,-0.44451904296875,1.23291015625,7.47113037109375
62,0.38750000000000018,0.7955322265625,0.82757568359375,7.47149658203125
61,0.38750000000000018,-0.291259765625,0.33905029296875,7.4859619140625
60,0.38750000000000018,0.13531494140625,1.316162109375,7.48583984375
59,0.38750000000000018,0.42724609375,0.44061279296875,7.49371337890625
58,0.38750000000000018,-0.2232666015625,0.816650390625,7.5023193359375
57,0.38750000000000018,0.28985595703125,0.901123046875,7.50518798828125
63,0.39444444444444482,-0.45257568359375,1.2181396484375,7.5714111328125
62,0.39444444444444482,0.80633544921875,0.806640625,7.57177734375
61,0.39444444444444482,-0.29705810546875,0.3106689453125,7.58642578125
60,0.39444444444444482,0.13604736328125,1.30267333984375,7.58636474609375
59,0.39444444444444482,0.43243408203125,0.41375732421875,7.59429931640625
58,0.39444444444444482,-0.22796630859375,0.79559326171875,7.60302734375
57,0.39444444444444482,0.29290771484375,0.88128662109375,7.60595703125
65,0,0.08746337890625,1.25909423828125,0.88604736328125
66,0,0.08746337890625,1.25909423828125,0.88604736328125
67,0,0.08746337890625,1.25909423828125,0.88604736328125
68,0,0.08746337890625,1.25909423828125,0.88604736328125
69,0,0.08746337890625,1.25909423828125,0.88604736328125
70,0,0.08746337890625,1.25909423828125,0.88604736328125
71,0,0.08746337890625,1.25909423828125,0.88604736328125
72,0,0.08746337890625,1.25909423828125,0.88604736328125
72,0.001388888888889106,0.08404541015625,1.25921630859375,0.9163818359375
71,0.001388888888889106,0.090087890625,1.261474609375,0.9163818359375
70,0.001388888888889106,0.08740234375,1.256103515625,0.91644287109375
69,0.001388888888889106,0.0859375,1.26141357421875,0.91650390625
68,0.001388888888889106,0.090087890625,1.2587890625,0.91650390625
67,0.001388888888889106,0.08587646484375,1.258056640625,0.91656494140625
66,0.001388888888889106,0.08807373046875,1.26080322265625,0.91656494140625
65,0.001388888888889106,0.08807373046875,1.25836181640625,0.91656494140625
63,0.401388888888889,-0.460693359375,1.20281982421875,7.671630859375
62,0.401388888888889,0.81707763671875,0.78515625,7.6719970703125
61,0.401388888888889,-0.30279541015625,0.28179931640625,7.6868896484375
60,0.401388888888889,0.13677978515625,1.28863525390625,7.68682861328125
59,0.401388888888889,0.4376220703125,0.38641357421875,7.69488525390625
58,0.401388888888889,-0.23272705078125,0.77392578125,7.7037353515625
57,0.401388888888889,0.2960205078125,0.8609619140625,7.7066650390625
72,0.0083333333333337478,0.06689453125,1.25970458984375,1.0682373046875
71,0.0083333333333337478,0.1033935546875,1.2734375,1.068115234375
70,0.0083333333333337478,0.08697509765625,1.24127197265625,1.06854248046875
69,0.0083333333333337478,0.0782470703125,1.27313232421875,1.068603515625
68,0.0083333333333337478,0.1031494140625,1.25726318359375,1.0687255859375
67,0.0083333333333337478,0.0780029296875,1.2530517578125,1.06903076171875
66,0.0083333333333337478,0.091064453125,1.26922607421875,1.069091796875
65,0.0083333333333337478,0.09112548828125,1.25482177734375,1.06927490234375
63,0.40833333333333366,-0.46881103515625,1.18707275390625,7.7718505859375
62,0.40833333333333366,0.827880859375,0.76324462890625,7.77227783203125
61,0.40833333333333366,-0.30859375,0.25244140625,7.787353515625
60,0.40833333333333366,0.13751220703125,1.274169921875,7.78729248046875
59,0.40833333333333366,0.4427490234375,0.358642578125,7.79547119140625
58,0.40833333333333366,-0.2374267578125,0.75189208984375,7.804443359375
57,0.40833333333333366,0.299072265625,0.84014892578125,7.80743408203125
72,0.015277777777777946,0.04974365234375,1.26025390625,1.22003173828125
71,0.015277777777777946,0.11663818359375,1.28546142578125,1.2198486328125
70,0.015277777777777946,0.0865478515625,1.2264404296875,1.2205810546875
69,0.015277777777777946,0.07061767578125,1.2847900390625,1.22076416015625
68,0.015277777777777946,0.11627197265625,1.2557373046875,1.22088623046875
67,0.015277777777777946,0.070068359375,1.24798583984375,1.22149658203125
66,0.015277777777777946,0.093994140625,1.27764892578125,1.2215576171875
65,0.015277777777777946,0.09423828125,1.251220703125,1.22198486328125
63,0.41527777777777786,-0.47686767578125,1.1708984375,7.87213134765625
62,0.41527777777777786,0.83868408203125,0.7408447265625,7.87249755859375
61,0.41527777777777786,-0.3143310546875,0.22259521484375,7.8878173828125
60,0.41527777777777786,0.13824462890625,1.25921630859375,7.88775634765625
59,0.41527777777777786,0.44793701171875,0.330322265625,7.89605712890625
58,0.41527777777777786,-0.2421875,0.72930908203125,7.9051513671875
57,0.41527777777777786,0.30218505859375,0.81890869140625,7.908203125
72,0.022222222222222587,0.0325927734375,1.2607421875,1.371826171875
71,0.022222222222222587,0.1298828125,1.29742431640625,1.37158203125
70,0.022222222222222587,0.086181640625,1.21160888671875,1.37261962890625
69,0.022222222222222587,0.06292724609375,1.29644775390625,1.37286376953125
68,0.022222222222222587,0.12933349609375,1.25421142578125,1.37310791015625
67,0.022222222222222587,0.0621337890625,1.242919921875,1.3740234375
66,0.022222222222222587,0.09698486328125,1.28607177734375,1.37408447265625
65,0.022222222222222587,0.0972900390625,1.2476806640625,1.37469482421875
63,0.4222222222222225,-0.4849853515625,1.15423583984375,7.97235107421875
62,0.4222222222222225,0.84942626953125,0.71807861328125,7.9727783203125
61,0.4222222222222225,-0.32012939453125,0.1923828125,7.98834228515625
60,0.4222222222222225,0.13897705078125,1.24383544921875,7.98822021484375
59,0.4222222222222225,0.453125,0.3016357421875,7.99664306640625
58,0.4222222222222225,-0.24688720703125,0.70635986328125,8.005859375
57,0.4222222222222225,0.30523681640625,0.79718017578125,8.00897216796875
72,0.029166666666666785,0.0155029296875,1.26129150390625,1.523681640625
71,0.029166666666666785,0.14312744140625,1.30938720703125,1.5233154296875
70,0.029166666666666785,0.08575439453125,1.19677734375,1.524658203125
69,0.029166666666666785,0.0552978515625,1.30810546875,1.5250244140625
68,0.029166666666666785,0.14239501953125,1.252685546875,1.52532958984375
67,0.029166666666666785,0.05426025390625,1.23785400390625,1.5264892578125
66,0.029166666666666785,0.0999755859375,1.29449462890625,1.526611328125
65,0.029166666666666785,0.10040283203125,1.244140625,1.52740478515625
63,0.4291666666666667,-0.49310302734375,1.13702392578125,8.0726318359375
62,0.4291666666666667,0.8602294921875,0.6947021484375,8.072998046875
61,0.4291666666666667,-0.32586669921875,0.16156005859375,8.08880615234375
60,0.4291666666666667,0.13970947265625,1.2279052734375,8.08868408203125
59,0.4291666666666667,0.45831298828125,0.27239990234375,8.09722900390625
58,0.4291666666666667,-0.25164794921875,0.68280029296875,8.10662841796875
57,0.4291666666666667,0.308349609375,0.77496337890625,8.1097412109375
72,0.036111111111111427,-0.00164794921875,1.26177978515625,1.67547607421875
71,0.036111111111111427,0.1563720703125,1.32135009765625,1.675048828125
70,0.036111111111111427,0.08538818359375,1.18194580078125,1.6767578125
69,0.036111111111111427,0.047607421875,1.31982421875,1.67718505859375
68,0.036111111111111427,0.155517578125,1.25115966796875,1.67755126953125
67,0.036111111111111427,0.04632568359375,1.2327880859375,1.67901611328125
66,0.036111111111111427,0.10296630859375,1.30291748046875,1.67913818359375
65,0.036111111111111427,0.10345458984375,1.24053955078125,1.68011474609375
63,0.43611111111111134,-0.50115966796875,1.119384765625,8.1728515625
62,0.43611111111111134,0.8709716796875,0.6708984375,8.17327880859375
61,0.43611111111111134,-0.33160400390625,0.13031005859375,8.18927001953125
60,0.43611111111111134,0.14044189453125,1.21160888671875,8.18914794921875
59,0.43611111111111134,0.46343994140625,0.24267578125,8.19781494140625
58,0.43611111111111134,-0.25634765625,0.65887451171875,8.20733642578125
57,0.43611111111111134,0.3114013671875,0.75225830078125,8.21051025390625
72,0.043055555555555625,-0.018798828125,1.2623291015625,1.8272705078125
71,0.043055555555555625,0.16961669921875,1.3333740234375,1.8267822265625
70,0.043055555555555625,0.0849609375,1.1671142578125,1.82879638671875
69,0.043055555555555625,0.03997802734375,1.33148193359375,1.82928466796875
68,0.043055555555555625,0.1685791015625,1.2496337890625,1.8297119140625
67,0.043055555555555625,0.0384521484375,1.22772216796875,1.83148193359375
66,0.043055555555555625,0.10595703125,1.31134033203125,1.8316650390625
65,0.043055555555555625,0.10650634765625,1.23699951171875,1.83282470703125
63,0.44305555555555554,-0.50927734375,1.10137939453125,8.2730712890625
62,0.44305555555555554,0.88177490234375,0.64666748046875,8.27349853515625
61,0.44305555555555554,-0.33740234375,0.09869384765625,8.28973388671875
60,0.44305555555555554,0.14117431640625,1.19482421875,8.28961181640625
59,0.44305555555555554,0.4686279296875,0.21258544921875,8.29840087890625
58,0.44305555555555554,-0.2611083984375,0.63446044921875,8.30804443359375
57,0.44305555555555554,0.31451416015625,0.72918701171875,8.311279296875
72,0.050000000000000266,-0.03594970703125,1.26287841796875,1.9791259765625
71,0.050000000000000266,0.182861328125,1.3453369140625,1.978515625
70,0.050000000000000266,0.08453369140625,1.15228271484375,1.9808349609375
69,0.050000000000000266,0.03228759765625,1.3431396484375,1.9814453125
68,0.050000000000000266,0.181640625,1.24810791015625,1.98193359375
67,0.050000000000000266,0.030517578125,1.22265625,1.98394775390625
66,0.050000000000000266,0.10888671875,1.31976318359375,1.98419189453125
65,0.050000000000000266,0.109619140625,1.2333984375,1.98553466796875
63,0.45000000000000018,-0.51739501953125,1.082763671875,8.37335205078125
62,0.45000000000000018,0.892578125,0.62188720703125,8.373779296875
61,0.45000000000000018,-0.3431396484375,0.06646728515625,8.39019775390625
60,0.45000000000000018,0.14190673828125,1.177490234375,8.39007568359375
59,0.45000000000000018,0.47381591796875,0.18194580078125,8.39898681640625
58,0.45000000000000018,-0.26580810546875,0.60955810546875,8.40875244140625
57,0.45000000000000018,0.31756591796875,0.70550537109375,8.41204833984375
72,0.056944444444444908,-0.0531005859375,1.26336669921875,2.13092041015625
71,0.056944444444444908,0.19610595703125,1.3572998046875,2.1302490234375
70,0.056944444444444908,0.08416748046875,1.137451171875,2.13287353515625
69,0.056944444444444908,0.02459716796875,1.35479736328125,2.13360595703125
68,0.056944444444444908,0.19476318359375,1.24658203125,2.1341552734375
67,0.056944444444444908,0.02264404296875,1.21759033203125,2.136474609375
66,0.056944444444444908,0.11187744140625,1.32818603515625,2.13665771484375
65,0.056944444444444908,0.1126708984375,1.2298583984375,2.13824462890625
63,0.45694444444444482,-0.52545166015625,1.063720703125,8.47357177734375
62,0.45694444444444482,0.9033203125,0.59674072265625,8.4739990234375
61,0.45694444444444482,-0.34893798828125,0.0338134765625,8.49066162109375
60,0.45694444444444482,0.14263916015625,1.15972900390625,8.49053955078125
59,0.45694444444444482,0.47900390625,0.15081787109375,8.49957275390625
58,0.45694444444444482,-0.27056884765625,0.58416748046875,8.50946044921875
57,0.45694444444444482,0.3206787109375,0.68145751953125,8.51275634765625
72,0.0638888888888891,-0.07025146484375,1.263916015625,2.28271484375
71,0.0638888888888891,0.2093505859375,1.3692626953125,2.281982421875
70,0.0638888888888891,0.083740234375,1.12261962890625,2.28497314453125
69,0.0638888888888891,0.0169677734375,1.36651611328125,2.28570556640625
68,0.0638888888888891,0.20782470703125,1.24505615234375,2.286376953125
67,0.0638888888888891,0.01470947265625,1.2125244140625,2.2889404296875
66,0.0638888888888891,0.1148681640625,1.33660888671875,2.2891845703125
65,0.0638888888888891,0.11578369140625,1.226318359375,2.29095458984375
63,0.463888888888889,-0.5335693359375,1.044189453125,8.5738525390625
62,0.463888888888889,0.91412353515625,0.571044921875,8.57427978515625
61,0.45879202517341261,-0.3504638671875,0,8.51739501953125
60,0.463888888888889,0.143310546875,1.1414794921875,8.59100341796875
59,0.463888888888889,0.484130859375,0.1192626953125,8.60015869140625
58,0.463888888888889,-0.2752685546875,0.55828857421875,8.61016845703125
57,0.463888888888889,0.32373046875,0.6568603515625,8.613525390625
72,0.070833333333333748,-0.08734130859375,1.26434326171875,2.43402099609375
71,0.070833333333333748,0.22259521484375,1.38116455078125,2.4332275390625
70,0.070833333333333748,0.0833740234375,1.1077880859375,2.4365234375
69,0.070833333333333748,0.00933837890625,1.3780517578125,2.4373779296875
68,0.070833333333333748,0.22088623046875,1.24346923828125,2.4381103515625
67,0.070833333333333748,0.0068359375,1.20745849609375,2.44097900390625
66,0.070833333333333748,0.11785888671875,1.344970703125,2.44122314453125
65,0.070833333333333748,0.11883544921875,1.22265625,2.44317626953125
63,0.47083333333333366,-0.54168701171875,1.02423095703125,8.674072265625
62,0.47083333333333366,0.92486572265625,0.54486083984375,8.67449951171875
60,0.47083333333333366,0.14404296875,1.12274169921875,8.69146728515625
59,0.47083333333333366,0.48931884765625,0.08721923828125,8.70074462890625
58,0.47083333333333366,-0.280029296875,0.531982421875,8.7109375
57,0.47083333333333366,0.32684326171875,0.6318359375,8.71429443359375
72,0.077777777777777946,-0.1041259765625,1.26434326171875,2.5828857421875
71,0.077777777777777946,0.23553466796875,1.392333984375,2.58197021484375
70,0.077777777777777946,0.08294677734375,1.0926513671875,2.58563232421875
69,0.077777777777777946,0.0018310546875,1.38897705078125,2.5865478515625
68,0.077777777777777946,0.23370361328125,1.24139404296875,2.58734130859375
67,0.077777777777777946,-0.00091552734375,1.20196533203125,2.5904541015625
66,0.077777777777777946,0.12078857421875,1.3526611328125,2.59075927734375
65,0.077777777777777946,0.121826171875,1.2186279296875,2.5928955078125
63,0.47777777777777786,-0.54974365234375,1.00372314453125,8.7742919921875
62,0.47777777777777786,0.9356689453125,0.5181884765625,8.7747802734375
60,0.47777777777777786,0.144775390625,1.103515625,8.79193115234375
59,0.47777777777777786,0.4945068359375,0.05462646484375,8.80133056640625
58,0.47777777777777786,-0.28472900390625,0.505126953125,8.8116455078125
57,0.47777777777777786,0.32989501953125,0.60626220703125,8.8150634765625
72,0.084722222222222587,-0.12060546875,1.26385498046875,2.72906494140625
71,0.084722222222222587,0.248291015625,1.40289306640625,2.72808837890625
70,0.084722222222222587,0.08258056640625,1.077392578125,2.73199462890625
69,0.084722222222222587,-0.00555419921875,1.39923095703125,2.7330322265625
68,0.084722222222222587,0.24627685546875,1.23895263671875,2.73388671875
67,0.084722222222222587,-0.008544921875,1.19610595703125,2.7373046875
66,0.084722222222222587,0.1236572265625,1.35980224609375,2.73760986328125
65,0.084722222222222587,0.12481689453125,1.2142333984375,2.73992919921875
63,0.4847222222222225,-0.557861328125,0.9827880859375,8.87457275390625
62,0.4847222222222225,0.94647216796875,0.4910888671875,8.875
60,0.4847222222222225,0.1455078125,1.0838623046875,8.89239501953125
59,0.48401748977088355,0.4991455078125,0,8.8917236328125
58,0.4847222222222225,-0.28948974609375,0.4779052734375,8.912353515625
57,0.4847222222222225,0.3330078125,0.580322265625,8.91583251953125
72,0.091666666666666785,-0.1368408203125,1.26287841796875,2.87255859375
71,0.091666666666666785,0.2608642578125,1.41278076171875,2.8714599609375
70,0.091666666666666785,0.08221435546875,1.06195068359375,2.875732421875
69,0.091666666666666785,-0.0128173828125,1.4088134765625,2.8768310546875
68,0.091666666666666785,0.2586669921875,1.23602294921875,2.87774658203125
67,0.091666666666666785,-0.0159912109375,1.1898193359375,2.88140869140625
66,0.091666666666666785,0.12646484375,1.3663330078125,2.88177490234375
65,0.091666666666666785,0.127685546875,1.20941162109375,2.88421630859375
63,0.4916666666666667,-0.56597900390625,0.96136474609375,8.97479248046875
62,0.4916666666666667,0.95721435546875,0.4635009765625,8.97528076171875
60,0.4916666666666667,0.146240234375,1.063720703125,8.99285888671875
58,0.4916666666666667,-0.294189453125,0.45013427734375,9.0130615234375
57,0.4916666666666667,0.3360595703125,0.5538330078125,9.0166015625
72,0.098611111111111427,-0.1527099609375,1.26141357421875,3.01336669921875
71,0.098611111111111427,0.27313232421875,1.42193603515625,3.01220703125
70,0.098611111111111427,0.081787109375,1.04620361328125,3.0167236328125
69,0.098611111111111427,-0.0198974609375,1.41766357421875,3.01788330078125
68,0.098611111111111427,0.27081298828125,1.232666015625,3.0189208984375
67,0.098611111111111427,-0.02337646484375,1.18316650390625,3.0228271484375
66,0.098611111111111427,0.12921142578125,1.3721923828125,3.023193359375
65,0.098611111111111427,0.13055419921875,1.2041015625,3.02587890625
63,0.49861111111111134,-0.57403564453125,0.93951416015625,9.0750732421875
62,0.49861111111111134,0.968017578125,0.43548583984375,9.07550048828125
60,0.49861111111111134,0.14697265625,1.0430908203125,9.09332275390625
58,0.49861111111111134,-0.2989501953125,0.42193603515625,9.11376953125
57,0.49861111111111134,0.33917236328125,0.52691650390625,9.11737060546875
72,0.10555555555555562,-0.1683349609375,1.259521484375,3.15142822265625
71,0.10555555555555562,0.28515625,1.430419921875,3.15020751953125
70,0.10555555555555562,0.0814208984375,1.03033447265625,3.15509033203125
69,0.10555555555555562,-0.02691650390625,1.4259033203125,3.15631103515625
68,0.10555555555555562,0.28271484375,1.2288818359375,3.1573486328125
67,0.10555555555555562,-0.030517578125,1.17620849609375,3.16156005859375
66,0.10555555555555562,0.13189697265625,1.37744140625,3.16192626953125
65,0.10555555555555562,0.13336181640625,1.198486328125,3.164794921875
63,0.50555555555555554,-0.5821533203125,0.91717529296875,9.17529296875
62,0.50555555555555554,0.978759765625,0.406982421875,9.17578125
60,0.50555555555555554,0.147705078125,1.02203369140625,9.19384765625
58,0.50555555555555554,-0.30364990234375,0.39324951171875,9.2144775390625
57,0.50555555555555554,0.34222412109375,0.49951171875,9.2181396484375
72,0.11250000000000027,-0.18359375,1.25701904296875,3.286865234375
71,0.11250000000000027,0.2969970703125,1.43817138671875,3.28558349609375
70,0.11250000000000027,0.0810546875,1.01416015625,3.29071044921875
69,0.11250000000000027,-0.03375244140625,1.43341064453125,3.2919921875
68,0.11250000000000027,0.29437255859375,1.224609375,3.29315185546875
67,0.11250000000000027,-0.03759765625,1.16876220703125,3.29754638671875
66,0.11250000000000027,0.13458251953125,1.38201904296875,3.2979736328125
65,0.11250000000000027,0.1361083984375,1.1923828125,3.30096435546875
63,0.51250000000000018,-0.59027099609375,0.89434814453125,9.2755126953125
62,0.51250000000000018,0.98956298828125,0.37799072265625,9.2760009765625
60,0.51250000000000018,0.1484375,1.00048828125,9.2943115234375
58,0.51250000000000018,-0.30841064453125,0.3641357421875,9.31524658203125
57,0.51250000000000018,0.34527587890625,0.4716796875,9.31884765625
72,0.11944444444444491,-0.1986083984375,1.254150390625,3.4195556640625
71,0.11944444444444491,0.30859375,1.4453125,3.418212890625
70,0.11944444444444491,0.08074951171875,0.99786376953125,3.42364501953125
69,0.11944444444444491,-0.0404052734375,1.44024658203125,3.425048828125
68,0.11944444444444491,0.3057861328125,1.21990966796875,3.42620849609375
67,0.11944444444444491,-0.04449462890625,1.1610107421875,3.43084716796875
66,0.11944444444444491,0.13720703125,1.38604736328125,3.43133544921875
65,0.11944444444444491,0.1387939453125,1.1859130859375,3.43450927734375
63,0.51944444444444482,-0.59832763671875,0.87109375,9.37579345703125
62,0.51944444444444482,1.0003662109375,0.3485107421875,9.37628173828125
60,0.51944444444444482,0.149169921875,0.97845458984375,9.394775390625
58,0.51944444444444482,-0.3131103515625,0.33447265625,9.41595458984375
57,0.51944444444444482,0.348388671875,0.44329833984375,9.41961669921875
72,0.12638888888888911,-0.2132568359375,1.25079345703125,3.54962158203125
71,0.12638888888888911,0.3199462890625,1.4517822265625,3.54815673828125
70,0.12638888888888911,0.08038330078125,0.98138427734375,3.55389404296875
69,0.12638888888888911,-0.0469970703125,1.44647216796875,3.55535888671875
68,0.12638888888888911,0.3170166015625,1.21484375,3.55657958984375
67,0.12638888888888911,-0.05126953125,1.15289306640625,3.56146240234375
66,0.12638888888888911,0.13970947265625,1.38946533203125,3.56195068359375
65,0.12638888888888911,0.14141845703125,1.1790771484375,3.5653076171875
63,0.526388888888889,-0.6064453125,0.8472900390625,9.47601318359375
62,0.526388888888889,1.0111083984375,0.31854248046875,9.47650146484375
60,0.526388888888889,0.14990234375,0.9559326171875,9.4952392578125
58,0.526388888888889,-0.31787109375,0.30438232421875,9.51666259765625
57,0.526388888888889,0.3514404296875,0.41448974609375,9.5203857421875
72,0.13333333333333375,-0.2276611328125,1.24688720703125,3.67694091796875
71,0.13333333333333375,0.3310546875,1.45751953125,3.67547607421875
70,0.13333333333333375,0.080078125,0.964599609375,3.68145751953125
69,0.13333333333333375,-0.05340576171875,1.451904296875,3.6829833984375
68,0.13333333333333375,0.3280029296875,1.209228515625,3.68426513671875
67,0.13333333333333375,-0.05792236328125,1.144287109375,3.68939208984375
66,0.13333333333333375,0.1422119140625,1.3922119140625,3.68988037109375
65,0.13333333333333375,0.14398193359375,1.1717529296875,3.693359375
63,0.53333333333333366,-0.61456298828125,0.822998046875,9.5762939453125
62,0.53333333333333366,1.02191162109375,0.2880859375,9.5767822265625
60,0.53333333333333366,0.150634765625,0.93292236328125,9.595703125
58,0.53333333333333366,-0.32257080078125,0.27374267578125,9.61737060546875
57,0.53333333333333366,0.35455322265625,0.3851318359375,9.62115478515625
72,0.14027777777777795,-0.24169921875,1.2425537109375,3.8016357421875
71,0.14027777777777795,0.3419189453125,1.46258544921875,3.800048828125
70,0.14027777777777795,0.0797119140625,0.9476318359375,3.8062744140625
69,0.14027777777777795,-0.0596923828125,1.45672607421875,3.807861328125
68,0.14027777777777795,0.3387451171875,1.20318603515625,3.80926513671875
67,0.14027777777777795,-0.06439208984375,1.1353759765625,3.81463623046875
66,0.14027777777777795,0.14471435546875,1.39434814453125,3.81512451171875
65,0.14027777777777795,0.14654541015625,1.1640625,3.81878662109375
63,0.54027777777777786,-0.62261962890625,0.79827880859375,9.676513671875
62,0.54027777777777786,1.03265380859375,0.25726318359375,9.677001953125
60,0.54027777777777786,0.1513671875,0.90948486328125,9.6961669921875
58,0.54027777777777786,-0.32733154296875,0.24273681640625,9.71807861328125
57,0.54027777777777786,0.35760498046875,0.35540771484375,9.721923828125
72,0.14722222222222259,-0.2554931640625,1.23773193359375,3.923583984375
71,0.14722222222222259,0.35260009765625,1.46697998046875,3.92193603515625
70,0.14722222222222259,0.07940673828125,0.93048095703125,3.928466796875
69,0.14722222222222259,-0.06585693359375,1.46087646484375,3.93011474609375
68,0.14722222222222259,0.3492431640625,1.19671630859375,3.9315185546875
67,0.14722222222222259,-0.07080078125,1.12603759765625,3.9371337890625
66,0.14722222222222259,0.1470947265625,1.3958740234375,3.93768310546875
65,0.14722222222222259,0.14898681640625,1.15594482421875,3.94146728515625
63,0.5472222222222225,-0.6307373046875,0.77313232421875,9.7767333984375
62,0.5472222222222225,1.04345703125,0.22589111328125,9.77728271484375
60,0.5472222222222225,0.152099609375,0.88555908203125,9.796630859375
58,0.5472222222222225,-0.33203125,0.211181640625,9.81878662109375
57,0.5472222222222225,0.3607177734375,0.32513427734375,9.82269287109375
72,0.15416666666666679,-0.26898193359375,1.232421875,4.04290771484375
71,0.15416666666666679,0.36297607421875,1.47064208984375,4.04119873046875
70,0.15416666666666679,0.0791015625,0.9130859375,4.04791259765625
69,0.15416666666666679,-0.0718994140625,1.46429443359375,4.0496826171875
68,0.15416666666666679,0.35955810546875,1.18975830078125,4.0511474609375
67,0.15416666666666679,-0.07696533203125,1.1163330078125,4.05694580078125
66,0.15416666666666679,0.1494140625,1.39678955078125,4.0574951171875
65,0.15416666666666679,0.15142822265625,1.14739990234375,4.06146240234375
63,0.5541666666666667,-0.63885498046875,0.74749755859375,9.87701416015625
62,0.5541666666666667,1.05426025390625,0.194091796875,9.87750244140625
60,0.5541666666666667,0.15283203125,0.8612060546875,9.8970947265625
58,0.5541666666666667,-0.3367919921875,0.17919921875,9.9195556640625
57,0.5541666666666667,0.36376953125,0.29449462890625,9.9234619140625
72,0.16111111111111143,-0.2821044921875,1.22662353515625,4.15948486328125
71,0.16111111111111143,0.3731689453125,1.4736328125,4.15771484375
70,0.16111111111111143,0.0787353515625,0.8955078125,4.16473388671875
69,0.16111111111111143,-0.0777587890625,1.46710205078125,4.16650390625
68,0.16111111111111143,0.36956787109375,1.18243408203125,4.16802978515625
67,0.16111111111111143,-0.08306884765625,1.1063232421875,4.174072265625
66,0.16111111111111143,0.1517333984375,1.3970947265625,4.17462158203125
65,0.16111111111111143,0.15380859375,1.13848876953125,4.1787109375
63,0.56111111111111134,-0.64697265625,0.7213134765625,9.97723388671875
62,0.56111111111111134,1.06500244140625,0.1617431640625,9.977783203125
60,0.56111111111111134,0.153564453125,0.8363037109375,9.99755859375
58,0.56111111111111134,-0.34149169921875,0.146728515625,10.020263671875
57,0.56111111111111134,0.36688232421875,0.26324462890625,10.02423095703125
72,0.16805555555555562,-0.29498291015625,1.22039794921875,4.27337646484375
71,0.16805555555555562,0.38311767578125,1.47601318359375,4.27154541015625
70,0.16805555555555562,0.0784912109375,0.87774658203125,4.27880859375
69,0.16805555555555562,-0.08355712890625,1.46923828125,4.2806396484375
68,0.16805555555555562,0.37939453125,1.17462158203125,4.2822265625
67,0.16805555555555562,-0.0889892578125,1.09588623046875,4.2884521484375
66,0.16805555555555562,0.1539306640625,1.396728515625,4.2890625
65,0.16805555555555562,0.15606689453125,1.129150390625,4.29327392578125
63,0.56805555555555554,-0.655029296875,0.6947021484375,10.07745361328125
62,0.56805555555555554,1.0758056640625,0.12896728515625,10.0780029296875
60,0.56805555555555554,0.154296875,0.81097412109375,10.0980224609375
58,0.56805555555555554,-0.34625244140625,0.11376953125,10.1209716796875
57,0.56805555555555554,0.36993408203125,0.23162841796875,10.125
72,0.17500000000000027,-0.30755615234375,1.213623046875,4.38458251953125
71,0.17500000000000027,0.392822265625,1.47760009765625,4.3826904296875
70,0.17500000000000027,0.07818603515625,0.8597412109375,4.39019775390625
69,0.17500000000000027,-0.08917236328125,1.47064208984375,4.39208984375
68,0.17500000000000027,0.38897705078125,1.1663818359375,4.39373779296875
67,0.17500000000000027,-0.09478759765625,1.08502197265625,4.40020751953125
66,0.17500000000000027,0.1561279296875,1.39581298828125,4.40081787109375
65,0.17500000000000027,0.1583251953125,1.11944580078125,4.4051513671875
63,0.57500000000000018,-0.66314697265625,0.66766357421875,10.177734375
62,0.57500000000000018,1.08660888671875,0.095703125,10.17828369140625
60,0.57500000000000018,0.15496826171875,0.78515625,10.198486328125
58,0.57500000000000018,-0.3509521484375,0.08038330078125,10.2216796875
57,0.57500000000000018,0.373046875,0.199462890625,10.2257080078125
72,0.18194444444444491,-0.31976318359375,1.20635986328125,4.49310302734375
71,0.18194444444444491,0.40228271484375,1.47857666015625,4.49114990234375
70,0.18194444444444491,0.077880859375,0.84149169921875,4.4989013671875
69,0.18194444444444491,-0.0946044921875,1.4713134765625,4.5008544921875
68,0.18194444444444491,0.3983154296875,1.15765380859375,4.5025634765625
67,0.18194444444444491,-0.1004638671875,1.07379150390625,4.50921630859375
66,0.18194444444444491,0.15826416015625,1.3941650390625,4.50982666015625
65,0.18194444444444491,0.1605224609375,1.1092529296875,4.51434326171875
63,0.58194444444444482,-0.6712646484375,0.64007568359375,10.2779541015625
62,0.58194444444444482,1.09735107421875,0.06201171875,10.27850341796875
60,0.58194444444444482,0.15570068359375,0.75885009765625,10.2989501953125
58,0.58194444444444482,-0.355712890625,0.04644775390625,10.3223876953125
57,0.58194444444444482,0.3760986328125,0.1668701171875,10.32647705078125
72,0.18888888888888911,-0.33172607421875,1.19866943359375,4.5989990234375
71,0.18888888888888911,0.4114990234375,1.4788818359375,4.59698486328125
70,0.18888888888888911,0.07757568359375,0.82305908203125,4.60491943359375
69,0.18888888888888911,-0.0999755859375,1.471435546875,4.60693359375
68,0.18888888888888911,0.407470703125,1.1485595703125,4.608642578125
67,0.18888888888888911,-0.10595703125,1.06219482421875,4.61553955078125
66,0.18888888888888911,0.16033935546875,1.39202880859375,4.6162109375
65,0.18888888888888911,0.1627197265625,1.09869384765625,4.62078857421875
63,0.588888888888889,-0.6793212890625,0.612060546875,10.37823486328125
62,0.588888888888889,1.108154296875,0.02783203125,10.3787841796875
60,0.588888888888889,0.15643310546875,0.73211669921875,10.3994140625
58,0.58628410427670063,-0.358642578125,0,10.38531494140625
57,0.588888888888889,0.37921142578125,0.1337890625,10.42724609375
72,0.19583333333333375,-0.3433837890625,1.19049072265625,4.7021484375
71,0.19583333333333375,0.4205322265625,1.47845458984375,4.7000732421875
70,0.19583333333333375,0.07733154296875,0.804443359375,4.708251953125
69,0.19583333333333375,-0.10516357421875,1.4708251953125,4.7103271484375
68,0.19583333333333375,0.41632080078125,1.13897705078125,4.71209716796875
67,0.19583333333333375,-0.111328125,1.0501708984375,4.7191162109375
66,0.19583333333333375,0.162353515625,1.38916015625,4.71978759765625
65,0.19583333333333375,0.164794921875,1.08770751953125,4.72454833984375
63,0.59583333333333366,-0.68743896484375,0.58355712890625,10.47845458984375
62,0.58945373605735529,1.1090087890625,0,10.386962890625
60,0.59583333333333366,0.15716552734375,0.70489501953125,10.4998779296875
57,0.59583333333333366,0.38226318359375,0.10028076171875,10.52801513671875
72,0.20277777777777795,-0.354736328125,1.18182373046875,4.80279541015625
71,0.20277777777777795,0.4293212890625,1.47735595703125,4.8006591796875
70,0.20277777777777795,0.0770263671875,0.78558349609375,4.80908203125
69,0.20277777777777795,-0.11029052734375,1.46954345703125,4.81121826171875
68,0.20277777777777795,0.425048828125,1.12890625,4.81304931640625
67,0.20277777777777795,-0.1165771484375,1.03778076171875,4.82025146484375
66,0.20277777777777795,0.164306640625,1.3857421875,4.82098388671875
65,0.20277777777777795,0.16680908203125,1.07635498046875,4.82586669921875
63,0.60277777777777786,-0.695556640625,0.55462646484375,10.57867431640625
60,0.60277777777777786,0.15789794921875,0.67718505859375,10.600341796875
57,0.60277777777777786,0.3853759765625,0.06622314453125,10.6287841796875
72,0.20972222222222259,-0.3660888671875,1.172607421875,4.90301513671875
71,0.20972222222222259,0.43804931640625,1.47576904296875,4.90081787109375
70,0.20972222222222259,0.0767822265625,0.76629638671875,4.909423828125
69,0.20972222222222259,-0.11529541015625,1.46771240234375,4.91162109375
68,0.20972222222222259,0.43365478515625,1.118408203125,4.91351318359375
67,0.20972222222222259,-0.12176513671875,1.02496337890625,4.9208984375
66,0.20972222222222259,0.16632080078125,1.38177490234375,4.921630859375
65,0.20972222222222259,0.1688232421875,1.064453125,4.9266357421875
63,0.6097222222222225,-0.70361328125,0.525146484375,10.678955078125
60,0.6097222222222225,0.15863037109375,0.64898681640625,10.7008056640625
57,0.6097222222222225,0.388427734375,0.03173828125,10.72955322265625
72,0.21666666666666679,-0.37738037109375,1.16302490234375,5.003173828125
71,0.21666666666666679,0.44677734375,1.47369384765625,5.0009765625
70,0.21666666666666679,0.0765380859375,0.74652099609375,5.009765625
69,0.21666666666666679,-0.120361328125,1.4654541015625,5.01202392578125
68,0.21666666666666679,0.44232177734375,1.107421875,5.01397705078125
67,0.21666666666666679,-0.12701416015625,1.01165771484375,5.02154541015625
66,0.21666666666666679,0.16827392578125,1.37738037109375,5.02227783203125
65,0.21666666666666679,0.1708984375,1.05218505859375,5.02740478515625
63,0.6166666666666667,-0.71173095703125,0.4952392578125,10.7791748046875
60,0.6166666666666667,0.15936279296875,0.62042236328125,10.80133056640625
57,0.61106012023791745,0.3890380859375,0,10.74896240234375
72,0.22361111111111143,-0.388671875,1.1529541015625,5.1033935546875
71,0.22361111111111143,0.45556640625,1.47119140625,5.10113525390625
70,0.22361111111111143,0.07623291015625,0.726318359375,5.11016845703125
69,0.22361111111111143,-0.12542724609375,1.46270751953125,5.1124267578125
68,0.22361111111111143,0.450927734375,1.09600830078125,5.1143798828125
67,0.22361111111111143,-0.1322021484375,0.99786376953125,5.1221923828125
66,0.22361111111111143,0.17022705078125,1.37249755859375,5.1229248046875
65,0.22361111111111143,0.17291259765625,1.03936767578125,5.128173828125
63,0.62361111111111134,-0.7198486328125,0.46490478515625,10.87945556640625
60,0.62361111111111134,0.16009521484375,0.59130859375,10.90179443359375
72,0.23055555555555562,-0.4000244140625,1.142333984375,5.20361328125
71,0.23055555555555562,0.46429443359375,1.4681396484375,5.20123291015625
70,0.23055555555555562,0.07598876953125,0.70556640625,5.21051025390625
69,0.23055555555555562,-0.1304931640625,1.45953369140625,5.21282958984375
68,0.23055555555555562,0.4595947265625,1.08404541015625,5.21484375
67,0.23055555555555562,-0.137451171875,0.983642578125,5.22283935546875
66,0.23055555555555562,0.17218017578125,1.36712646484375,5.2236328125
65,0.23055555555555562,0.1749267578125,1.02606201171875,5.22900390625
63,0.63055555555555554,-0.7279052734375,0.43402099609375,10.97967529296875
60,0.63055555555555554,0.16082763671875,0.56170654296875,11.00225830078125
72,0.23750000000000027,-0.41131591796875,1.13128662109375,5.30377197265625
71,0.23750000000000027,0.4730224609375,1.46466064453125,5.3013916015625
70,0.23750000000000027,0.07574462890625,0.68438720703125,5.31085205078125
69,0.23750000000000027,-0.13555908203125,1.455810546875,5.31329345703125
68,0.23750000000000027,0.46820068359375,1.0716552734375,5.3153076171875
67,0.23750000000000027,-0.1427001953125,0.9688720703125,5.323486328125
66,0.23750000000000027,0.1741943359375,1.361328125,5.32427978515625
65,0.23750000000000027,0.17694091796875,1.0123291015625,5.32977294921875
63,0.63750000000000018,-0.73602294921875,0.40264892578125,11.07989501953125
60,0.63750000000000018,0.16156005859375,0.5316162109375,11.10272216796875
72,0.24444444444444491,-0.422607421875,1.11981201171875,5.40399169921875
71,0.24444444444444491,0.48175048828125,1.460693359375,5.40155029296875
70,0.24444444444444491,0.075439453125,0.66278076171875,5.41119384765625
69,0.24444444444444491,-0.140625,1.45166015625,5.4136962890625
68,0.24444444444444491,0.476806640625,1.05877685546875,5.415771484375
67,0.24444444444444491,-0.14788818359375,0.95367431640625,5.42413330078125
66,0.24444444444444491,0.1761474609375,1.35504150390625,5.4249267578125
65,0.24444444444444491,0.17901611328125,0.99810791015625,5.4305419921875
63,0.64444444444444482,-0.744140625,0.370849609375,11.18017578125
60,0.64444444444444482,0.16229248046875,0.5010986328125,11.20318603515625
72,0.25138888888888911,-0.4339599609375,1.1077880859375,5.504150390625
71,0.25138888888888911,0.49053955078125,1.456298828125,5.50164794921875
70,0.25138888888888911,0.0751953125,0.640625,5.5115966796875
69,0.25138888888888911,-0.14569091796875,1.447021484375,5.51409912109375
68,0.25138888888888911,0.4854736328125,1.04547119140625,5.5162353515625
67,0.25138888888888911,-0.15313720703125,0.93804931640625,5.5247802734375
66,0.25138888888888911,0.1781005859375,1.3482666015625,5.52557373046875
65,0.25138888888888911,0.1810302734375,0.98345947265625,5.53131103515625
63,0.651388888888889,-0.752197265625,0.338623046875,11.2803955078125
60,0.651388888888889,0.16302490234375,0.4700927734375,11.30364990234375
72,0.25833333333333375,-0.44525146484375,1.0953369140625,5.6043701171875
71,0.25833333333333375,0.499267578125,1.45135498046875,5.601806640625
70,0.25833333333333375,0.074951171875,0.6180419921875,5.6119384765625
69,0.25833333333333375,-0.15069580078125,1.44195556640625,5.614501953125
68,0.25833333333333375,0.49407958984375,1.0316162109375,5.61669921875
67,0.25833333333333375,-0.1583251953125,0.921875,5.62542724609375
66,0.25833333333333375,0.1800537109375,1.34100341796875,5.626220703125
65,0.25833333333333375,0.18304443359375,0.96826171875,5.63214111328125
63,0.65833333333333366,-0.76031494140625,0.30584716796875,11.38067626953125
60,0.65833333333333366,0.16375732421875,0.4385986328125,11.40411376953125
72,0.26527777777777795,-0.45654296875,1.0823974609375,5.70458984375
71,0.26527777777777795,0.50799560546875,1.44598388671875,5.70196533203125
70,0.26527777777777795,0.07464599609375,0.59490966796875,5.7122802734375
69,0.26527777777777795,-0.15576171875,1.43634033203125,5.71490478515625
68,0.26527777777777795,0.50274658203125,1.01727294921875,5.7171630859375
67,0.26527777777777795,-0.16357421875,0.90521240234375,5.72607421875
66,0.26527777777777795,0.1820068359375,1.333251953125,5.7269287109375
65,0.26527777777777795,0.18511962890625,0.95263671875,5.73291015625
63,0.66527777777777786,-0.7684326171875,0.2725830078125,11.48089599609375
60,0.66527777777777786,0.16448974609375,0.4066162109375,11.50457763671875
72,0.27222222222222259,-0.4678955078125,1.0689697265625,5.80474853515625
71,0.27222222222222259,0.51678466796875,1.44012451171875,5.8021240234375
70,0.27222222222222259,0.07440185546875,0.5714111328125,5.8126220703125
69,0.27222222222222259,-0.16082763671875,1.4302978515625,5.8153076171875
68,0.27222222222222259,0.5113525390625,1.0025634765625,5.817626953125
67,0.27222222222222259,-0.16876220703125,0.88812255859375,5.82672119140625
66,0.27222222222222259,0.18402099609375,1.3250732421875,5.82757568359375
65,0.27222222222222259,0.1871337890625,0.9365234375,5.83367919921875
63,0.6722222222222225,-0.7764892578125,0.2388916015625,11.58111572265625
60,0.6722222222222225,0.16522216796875,0.37420654296875,11.60504150390625
72,0.27916666666666679,-0.47918701171875,1.05511474609375,5.90496826171875
71,0.27916666666666679,0.5255126953125,1.433837890625,5.9022216796875
70,0.27916666666666679,0.07415771484375,0.54742431640625,5.91302490234375
69,0.27916666666666679,-0.1658935546875,1.42376708984375,5.91571044921875
68,0.27916666666666679,0.52001953125,0.9873046875,5.9180908203125
67,0.27916666666666679,-0.17401123046875,0.87060546875,5.92730712890625
66,0.27916666666666679,0.18597412109375,1.31640625,5.92822265625
65,0.27916666666666679,0.18914794921875,0.91998291015625,5.93450927734375
63,0.6791666666666667,-0.78460693359375,0.20477294921875,11.681396484375
60,0.6791666666666667,0.16595458984375,0.34130859375,11.70550537109375
72,0.28611111111111143,-0.490478515625,1.04071044921875,6.00518798828125
71,0.28611111111111143,0.53424072265625,1.427001953125,6.00238037109375
70,0.28611111111111143,0.0738525390625,0.52288818359375,6.01336669921875
69,0.28611111111111143,-0.17095947265625,1.416748046875,6.01617431640625
68,0.28611111111111143,0.52862548828125,0.97161865234375,6.0185546875
67,0.28611111111111143,-0.17919921875,0.8525390625,6.0279541015625
66,0.28611111111111143,0.18792724609375,1.3072509765625,6.02886962890625
65,0.28611111111111143,0.191162109375,0.90289306640625,6.0352783203125
63,0.68611111111111134,-0.792724609375,0.17010498046875,11.7816162109375
60,0.68611111111111134,0.1666259765625,0.30792236328125,11.80596923828125
72,0.29305555555555562,-0.5018310546875,1.02587890625,6.1053466796875
71,0.29305555555555562,0.54296875,1.41973876953125,6.1025390625
70,0.29305555555555562,0.0736083984375,0.4979248046875,6.11370849609375
69,0.29305555555555562,-0.176025390625,1.4093017578125,6.1165771484375
68,0.29305555555555562,0.53729248046875,0.95538330078125,6.11895751953125
67,0.29305555555555562,-0.1844482421875,0.833984375,6.12860107421875
66,0.29305555555555562,0.18988037109375,1.297607421875,6.12957763671875
65,0.29305555555555562,0.1932373046875,0.88531494140625,6.13604736328125
63,0.69305555555555554,-0.80078125,0.13494873046875,11.88189697265625
60,0.69305555555555554,0.1673583984375,0.2740478515625,11.90643310546875
72,0.30000000000000027,-0.51312255859375,1.0106201171875,6.20556640625
71,0.30000000000000027,0.5517578125,1.4119873046875,6.20269775390625
70,0.30000000000000027,0.07330322265625,0.47247314453125,6.21405029296875
69,0.30000000000000027,-0.18109130859375,1.4013671875,6.21697998046875
68,0.30000000000000027,0.5458984375,0.93878173828125,6.21942138671875
67,0.30000000000000027,-0.18963623046875,0.8150634765625,6.229248046875
66,0.30000000000000027,0.19189453125,1.28759765625,6.230224609375
65,0.30000000000000027,0.19525146484375,0.86737060546875,6.23681640625
63,0.70000000000000018,-0.80889892578125,0.099365234375,11.98211669921875
60,0.70000000000000018,0.1680908203125,0.23974609375,12.00689697265625
72,0.30694444444444491,-0.5244140625,0.99481201171875,6.30572509765625
71,0.30694444444444491,0.56048583984375,1.40380859375,6.30279541015625
70,0.30694444444444491,0.07305908203125,0.44659423828125,6.31439208984375
69,0.30694444444444491,-0.1861572265625,1.3929443359375,6.3173828125
68,0.30694444444444491,0.5545654296875,0.921630859375,6.31988525390625
67,0.30694444444444491,-0.19488525390625,0.79559326171875,6.32989501953125
66,0.30694444444444491,0.19384765625,1.27703857421875,6.33087158203125
65,0.30694444444444491,0.197265625,0.848876953125,6.337646484375
63,0.70694444444444482,-0.8170166015625,0.0633544921875,12.08233642578125
60,0.70694444444444482,0.1688232421875,0.2049560546875,12.10736083984375
72,0.31388888888888911,-0.5357666015625,0.97857666015625,6.40594482421875
71,0.31388888888888911,0.5692138671875,1.39508056640625,6.4029541015625
70,0.31388888888888911,0.07281494140625,0.420166015625,6.414794921875
69,0.31388888888888911,-0.191162109375,1.384033203125,6.41778564453125
68,0.31388888888888911,0.56317138671875,0.904052734375,6.42034912109375
67,0.31388888888888911,-0.2000732421875,0.775634765625,6.4305419921875
66,0.31388888888888911,0.19580078125,1.2659912109375,6.4315185546875
65,0.31388888888888911,0.19927978515625,0.8299560546875,6.43841552734375
63,0.713888888888889,-0.8250732421875,0.02679443359375,12.1826171875
60,0.713888888888889,0.1695556640625,0.169677734375,12.20782470703125
72,0.32083333333333375,-0.54705810546875,0.9619140625,6.50616455078125
71,0.32083333333333375,0.57794189453125,1.385986328125,6.50311279296875
70,0.32083333333333375,0.072509765625,0.39337158203125,6.51513671875
69,0.32083333333333375,-0.19622802734375,1.374755859375,6.5181884765625
68,0.32083333333333375,0.57183837890625,0.885986328125,6.52081298828125
67,0.32083333333333375,-0.205322265625,0.7552490234375,6.53118896484375
66,0.32083333333333375,0.19775390625,1.2545166015625,6.53216552734375
65,0.32083333333333375,0.20135498046875,0.810546875,6.5391845703125
63,0.71422350548428959,-0.825439453125,0,12.18743896484375
60,0.72083333333333366,0.1702880859375,0.13397216796875,12.308349609375
72,0.32777777777777795,-0.55841064453125,0.94464111328125,6.6063232421875
71,0.32777777777777795,0.58673095703125,1.37628173828125,6.60321044921875
70,0.32777777777777795,0.072265625,0.36602783203125,6.615478515625
69,0.32777777777777795,-0.2012939453125,1.3648681640625,6.61859130859375
68,0.32777777777777795,0.5804443359375,0.867431640625,6.62127685546875
67,0.32777777777777795,-0.21051025390625,0.734375,6.6318359375
66,0.32777777777777795,0.19970703125,1.24249267578125,6.63287353515625
65,0.32777777777777795,0.203369140625,0.7906494140625,6.63995361328125
60,0.72777777777777786,0.1710205078125,0.09771728515625,12.4088134765625
72,0.33472222222222259,-0.5697021484375,0.927001953125,6.70654296875
71,0.33472222222222259,0.595458984375,1.3662109375,6.703369140625
70,0.33472222222222259,0.072021484375,0.33819580078125,6.7158203125
69,0.33472222222222259,-0.20635986328125,1.35455322265625,6.71905517578125
68,0.33472222222222259,0.589111328125,0.848388671875,6.72174072265625
67,0.33472222222222259,-0.21575927734375,0.7130126953125,6.73248291015625
66,0.33472222222222259,0.20172119140625,1.23004150390625,6.7335205078125
65,0.33472222222222259,0.20538330078125,0.770263671875,6.74078369140625
60,0.7347222222222225,0.1717529296875,0.06103515625,12.50927734375
72,0.34166666666666679,-0.58099365234375,0.908935546875,6.80670166015625
71,0.34166666666666679,0.60418701171875,1.35565185546875,6.80352783203125
70,0.34166666666666679,0.07171630859375,0.30999755859375,6.81622314453125
69,0.34166666666666679,-0.21142578125,1.34381103515625,6.8194580078125
68,0.34166666666666679,0.59771728515625,0.8289794921875,6.82220458984375
67,0.34166666666666679,-0.220947265625,0.69122314453125,6.8331298828125
66,0.34166666666666679,0.20367431640625,1.2171630859375,6.83416748046875
65,0.34166666666666679,0.2073974609375,0.74951171875,6.841552734375
60,0.74146335981328759,0.1724853515625,0,12.6068115234375
72,0.34861111111111143,-0.59234619140625,0.8902587890625,6.90692138671875
71,0.34861111111111143,0.61297607421875,1.3446044921875,6.9036865234375
70,0.34861111111111143,0.07147216796875,0.28118896484375,6.91656494140625
69,0.34861111111111143,-0.21649169921875,1.33258056640625,6.91986083984375
68,0.34861111111111143,0.60638427734375,0.8089599609375,6.92266845703125
67,0.34861111111111143,-0.2261962890625,0.6689453125,6.93377685546875
66,0.34861111111111143,0.20562744140625,1.2037353515625,6.934814453125
65,0.34861111111111143,0.20947265625,0.7281494140625,6.94232177734375
72,0.35555555555555562,-0.6036376953125,0.8712158203125,7.00714111328125
71,0.35555555555555562,0.6217041015625,1.33306884765625,7.0037841796875
70,0.35555555555555562,0.07122802734375,0.25201416015625,7.01690673828125
69,0.35555555555555562,-0.2215576171875,1.32086181640625,7.020263671875
68,0.35555555555555562,0.614990234375,0.78857421875,7.02313232421875
67,0.35555555555555562,-0.23138427734375,0.64617919921875,7.034423828125
66,0.35555555555555562,0.20758056640625,1.18994140625,7.0355224609375
65,0.35555555555555562,0.21148681640625,0.70635986328125,7.0430908203125
72,0.36250000000000027,-0.61492919921875,0.8516845703125,7.1072998046875
71,0.36250000000000027,0.63043212890625,1.32110595703125,7.10394287109375
70,0.36250000000000027,0.0709228515625,0.22235107421875,7.11724853515625
69,0.36250000000000027,-0.22662353515625,1.30865478515625,7.12066650390625
68,0.36250000000000027,0.6236572265625,0.76763916015625,7.12353515625
67,0.36250000000000027,-0.23663330078125,0.6229248046875,7.13507080078125
66,0.36250000000000027,0.20953369140625,1.17559814453125,7.13616943359375
65,0.36250000000000027,0.2135009765625,0.68414306640625,7.1439208984375
72,0.36944444444444491,-0.62628173828125,0.83160400390625,7.20751953125
71,0.36944444444444491,0.63916015625,1.30865478515625,7.2041015625
70,0.36944444444444491,0.0706787109375,0.192138671875,7.2176513671875
69,0.36944444444444491,-0.23162841796875,1.29595947265625,7.2210693359375
68,0.36944444444444491,0.63226318359375,0.74627685546875,7.2239990234375
67,0.36944444444444491,-0.2418212890625,0.59918212890625,7.2357177734375
66,0.36944444444444491,0.2115478515625,1.1607666015625,7.23681640625
65,0.36944444444444491,0.21551513671875,0.661376953125,7.24468994140625
72,0.37638888888888911,-0.6375732421875,0.8111572265625,7.3077392578125
71,0.37638888888888911,0.64794921875,1.29571533203125,7.30426025390625
70,0.37638888888888911,0.07037353515625,0.16156005859375,7.3179931640625
69,0.37638888888888911,-0.2366943359375,1.28289794921875,7.32147216796875
68,0.37638888888888911,0.64093017578125,0.72442626953125,7.324462890625
67,0.37638888888888911,-0.2470703125,0.5750732421875,7.33636474609375
66,0.37638888888888911,0.2135009765625,1.1455078125,7.33746337890625
65,0.37638888888888911,0.21759033203125,0.63824462890625,7.345458984375
72,0.38333333333333375,-0.64886474609375,0.79022216796875,7.40789794921875
71,0.38333333333333375,0.65667724609375,1.2823486328125,7.40435791015625
70,0.38333333333333375,0.07012939453125,0.13043212890625,7.4183349609375
69,0.38333333333333375,-0.24176025390625,1.269287109375,7.421875
68,0.38333333333333375,0.6495361328125,0.7021484375,7.4249267578125
67,0.38333333333333375,-0.25225830078125,0.5504150390625,7.43695068359375
66,0.38333333333333375,0.2154541015625,1.1297607421875,7.4381103515625
65,0.38333333333333375,0.2196044921875,0.61456298828125,7.4462890625
72,0.39027777777777795,-0.66021728515625,0.76873779296875,7.50811767578125
71,0.39027777777777795,0.6654052734375,1.2684326171875,7.5045166015625
70,0.39027777777777795,0.06988525390625,0.098876953125,7.5186767578125
69,0.39027777777777795,-0.246826171875,1.25518798828125,7.5223388671875
68,0.39027777777777795,0.658203125,0.6793212890625,7.525390625
67,0.39027777777777795,-0.25750732421875,0.5252685546875,7.53759765625
66,0.39027777777777795,0.2174072265625,1.113525390625,7.538818359375
65,0.39027777777777795,0.22161865234375,0.5904541015625,7.54705810546875
72,0.39722222222222259,-0.6715087890625,0.746826171875,7.6082763671875
71,0.39722222222222259,0.6741943359375,1.25408935546875,7.60467529296875
70,0.39722222222222259,0.069580078125,0.0667724609375,7.61907958984375
69,0.39722222222222259,-0.25189208984375,1.2406005859375,7.62274169921875
68,0.39722222222222259,0.66680908203125,0.65606689453125,7.6258544921875
67,0.39722222222222259,-0.2626953125,0.49969482421875,7.63824462890625
66,0.39722222222222259,0.21942138671875,1.0968017578125,7.63946533203125
65,0.39722222222222259,0.2236328125,0.5657958984375,7.6478271484375
73,0,0.08746337890625,1.25909423828125,0.88604736328125
74,0,0.08746337890625,1.25909423828125,0.88604736328125
75,0,0.08746337890625,1.25909423828125,0.88604736328125
76,0,0.08746337890625,1.25909423828125,0.88604736328125
77,0,0.08746337890625,1.25909423828125,0.88604736328125
78,0,0.08746337890625,1.25909423828125,0.88604736328125
79,0,0.08746337890625,1.25909423828125,0.88604736328125
80,0,0.08746337890625,1.25909423828125,0.88604736328125
80,0.0041666666666668739,0.08367919921875,1.26934814453125,0.97705078125
79,0.0041666666666668739,0.09722900390625,1.25537109375,0.97711181640625
78,0.0041666666666668739,0.0792236328125,1.2564697265625,0.977294921875
77,0.0041666666666668739,0.092041015625,1.26678466796875,0.977294921875
76,0.0041666666666668739,0.0897216796875,1.25225830078125,0.9774169921875
75,0.0041666666666668739,0.082763671875,1.262939453125,0.9775390625
74,0.0041666666666668739,0.09283447265625,1.26019287109375,0.9775390625
73,0.0041666666666668739,0.08624267578125,1.25726318359375,0.9776611328125
72,0.40416666666666679,-0.68280029296875,0.724365234375,7.70849609375
71,0.40416666666666679,0.68292236328125,1.23919677734375,7.70477294921875
70,0.40416666666666679,0.0693359375,0.03424072265625,7.71942138671875
69,0.40416666666666679,-0.2569580078125,1.22552490234375,7.72314453125
68,0.40416666666666679,0.67547607421875,0.63226318359375,7.726318359375
67,0.40416666666666679,-0.2679443359375,0.47357177734375,7.7388916015625
66,0.40416666666666679,0.22137451171875,1.07958984375,7.7401123046875
65,0.40416666666666679,0.2257080078125,0.54071044921875,7.74859619140625
80,0.011111111111111516,0.07733154296875,1.28643798828125,1.12872314453125
79,0.011111111111111516,0.11346435546875,1.2491455078125,1.12890625
78,0.011111111111111516,0.0654296875,1.25213623046875,1.12939453125
77,0.011111111111111516,0.0997314453125,1.2796630859375,1.12933349609375
76,0.011111111111111516,0.09356689453125,1.24078369140625,1.12969970703125
75,0.011111111111111516,0.07501220703125,1.26934814453125,1.12994384765625
74,0.011111111111111516,0.10174560546875,1.261962890625,1.13006591796875
73,0.011111111111111516,0.08416748046875,1.25421142578125,1.13043212890625
72,0.41111111111111143,-0.69415283203125,0.7015380859375,7.8087158203125
71,0.41111111111111143,0.691650390625,1.22393798828125,7.804931640625
70,0.40611111091025753,0.06927490234375,0,7.74749755859375
69,0.41111111111111143,-0.26202392578125,1.2100830078125,7.82354736328125
68,0.41111111111111143,0.68408203125,0.60809326171875,7.8267822265625
67,0.41111111111111143,-0.27313232421875,0.447021484375,7.83953857421875
66,0.41111111111111143,0.22332763671875,1.06201171875,7.84075927734375
65,0.41111111111111143,0.22772216796875,0.51513671875,7.84942626953125
80,0.018055555555555713,0.07098388671875,1.3035888671875,1.28045654296875
79,0.018055555555555713,0.1297607421875,1.242919921875,1.28070068359375
78,0.018055555555555713,0.05169677734375,1.247802734375,1.281494140625
77,0.018055555555555713,0.107421875,1.29248046875,1.2813720703125
76,0.018055555555555713,0.09735107421875,1.2293701171875,1.28204345703125
75,0.018055555555555713,0.06719970703125,1.27581787109375,1.28240966796875
74,0.018055555555555713,0.11065673828125,1.26373291015625,1.2825927734375
73,0.018055555555555713,0.0821533203125,1.25115966796875,1.28314208984375
72,0.41805555555555562,-0.7054443359375,0.67822265625,7.90887451171875
71,0.41805555555555562,0.70037841796875,1.2081298828125,7.90509033203125
69,0.41805555555555562,-0.26708984375,1.194091796875,7.9239501953125
68,0.41805555555555562,0.69268798828125,0.5833740234375,7.92724609375
67,0.41805555555555562,-0.27838134765625,0.4200439453125,7.940185546875
66,0.41805555555555562,0.22528076171875,1.04388427734375,7.94146728515625
65,0.41805555555555562,0.229736328125,0.48907470703125,7.9501953125
80,0.025000000000000355,0.064697265625,1.3206787109375,1.43212890625
79,0.025000000000000355,0.14599609375,1.2366943359375,1.43243408203125
78,0.025000000000000355,0.03790283203125,1.243408203125,1.43359375
77,0.025000000000000355,0.11505126953125,1.30535888671875,1.43341064453125
76,0.025000000000000355,0.10113525390625,1.21795654296875,1.434326171875
75,0.025000000000000355,0.0594482421875,1.2822265625,1.43487548828125
74,0.025000000000000355,0.11956787109375,1.26556396484375,1.43505859375
73,0.025000000000000355,0.080078125,1.24810791015625,1.4359130859375
72,0.42500000000000027,-0.71673583984375,0.6544189453125,8.00909423828125
71,0.42500000000000027,0.70916748046875,1.19195556640625,8.0052490234375
69,0.42500000000000027,-0.2720947265625,1.17767333984375,8.02435302734375
68,0.42500000000000027,0.70135498046875,0.5582275390625,8.0277099609375
67,0.42500000000000027,-0.2835693359375,0.392578125,8.04083251953125
66,0.42500000000000027,0.22723388671875,1.02532958984375,8.0421142578125
65,0.42500000000000027,0.2318115234375,0.462646484375,8.05096435546875
80,0.031944444444445,0.058349609375,1.3377685546875,1.58380126953125
79,0.031944444444445,0.16229248046875,1.23046875,1.584228515625
78,0.031944444444445,0.02410888671875,1.23907470703125,1.585693359375
77,0.031944444444445,0.12274169921875,1.31817626953125,1.58544921875
76,0.031944444444445,0.10498046875,1.20648193359375,1.58660888671875
75,0.031944444444445,0.0516357421875,1.28863525390625,1.5872802734375
74,0.031944444444445,0.12847900390625,1.267333984375,1.58758544921875
73,0.031944444444445,0.07806396484375,1.2449951171875,1.588623046875
72,0.43194444444444491,-0.72808837890625,0.630126953125,8.1092529296875
71,0.43194444444444491,0.7178955078125,1.1751708984375,8.1053466796875
69,0.43194444444444491,-0.27716064453125,1.16070556640625,8.124755859375
68,0.43194444444444491,0.7099609375,0.5325927734375,8.128173828125
67,0.43194444444444491,-0.288818359375,0.36456298828125,8.1414794921875
66,0.43194444444444491,0.229248046875,1.0062255859375,8.14276123046875
65,0.43194444444444491,0.23382568359375,0.43560791015625,8.1517333984375
80,0.038888888888889195,0.052001953125,1.35491943359375,1.7354736328125
79,0.038888888888889195,0.17852783203125,1.2242431640625,1.73602294921875
78,0.038888888888889195,0.0103759765625,1.2347412109375,1.73779296875
77,0.038888888888889195,0.13043212890625,1.3310546875,1.73748779296875
76,0.038888888888889195,0.1087646484375,1.195068359375,1.73895263671875
75,0.038888888888889195,0.04388427734375,1.2950439453125,1.73974609375
74,0.038888888888889195,0.13739013671875,1.2691650390625,1.7401123046875
73,0.038888888888889195,0.07598876953125,1.241943359375,1.7413330078125
72,0.43888888888888911,-0.7393798828125,0.60540771484375,8.20947265625
71,0.43888888888888911,0.72662353515625,1.15802001953125,8.20550537109375
69,0.43888888888888911,-0.2822265625,1.14337158203125,8.2252197265625
68,0.43888888888888911,0.7186279296875,0.5064697265625,8.22857666015625
67,0.43888888888888911,-0.29400634765625,0.33612060546875,8.24212646484375
66,0.43888888888888911,0.231201171875,0.9866943359375,8.243408203125
65,0.43888888888888911,0.23583984375,0.408203125,8.2525634765625
80,0.045833333333333837,0.045654296875,1.37200927734375,1.88714599609375
79,0.045833333333333837,0.19482421875,1.218017578125,1.8878173828125
78,0.045833333333333837,-0.00341796875,1.2303466796875,1.889892578125
77,0.045833333333333837,0.1380615234375,1.3438720703125,1.8895263671875
76,0.045833333333333837,0.112548828125,1.18359375,1.8912353515625
75,0.045833333333333837,0.03607177734375,1.301513671875,1.89215087890625
74,0.045833333333333837,0.1463623046875,1.27093505859375,1.892578125
73,0.045833333333333837,0.073974609375,1.2388916015625,1.89410400390625
72,0.44583333333333375,-0.75067138671875,0.58013916015625,8.3096923828125
71,0.44583333333333375,0.7353515625,1.14031982421875,8.3056640625
69,0.44583333333333375,-0.28729248046875,1.12548828125,8.32562255859375
68,0.44583333333333375,0.72723388671875,0.47991943359375,8.32904052734375
67,0.44583333333333375,-0.29925537109375,0.3072509765625,8.3427734375
66,0.44583333333333375,0.233154296875,0.9666748046875,8.34405517578125
65,0.44583333333333375,0.23785400390625,0.3802490234375,8.35333251953125
80,0.052777777777778034,0.03936767578125,1.38909912109375,2.03887939453125
79,0.052777777777778034,0.2110595703125,1.2117919921875,2.03961181640625
78,0.052777777777778034,-0.01715087890625,1.22601318359375,2.04193115234375
77,0.052777777777778034,0.145751953125,1.35675048828125,2.04156494140625
76,0.052777777777778034,0.11639404296875,1.17218017578125,2.04351806640625
75,0.052777777777778034,0.0283203125,1.30792236328125,2.04461669921875
74,0.052777777777778034,0.1552734375,1.27276611328125,2.04510498046875
73,0.052777777777778034,0.0718994140625,1.23583984375,2.04681396484375
72,0.45277777777777795,-0.76202392578125,0.554443359375,8.40985107421875
71,0.45277777777777795,0.744140625,1.1221923828125,8.40576171875
69,0.45277777777777795,-0.2923583984375,1.10711669921875,8.426025390625
68,0.45277777777777795,0.73590087890625,0.45281982421875,8.42950439453125
67,0.45277777777777795,-0.30450439453125,0.27783203125,8.44342041015625
66,0.45277777777777795,0.235107421875,0.9461669921875,8.44476318359375
65,0.45277777777777795,0.23992919921875,0.35186767578125,8.4541015625
80,0.059722222222222676,0.03302001953125,1.40625,2.1905517578125
79,0.059722222222222676,0.227294921875,1.20556640625,2.19134521484375
78,0.059722222222222676,-0.03094482421875,1.2216796875,2.19403076171875
77,0.059722222222222676,0.1534423828125,1.36962890625,2.193603515625
76,0.059722222222222676,0.12017822265625,1.1607666015625,2.19586181640625
75,0.059722222222222676,0.0205078125,1.3143310546875,2.19708251953125
74,0.059722222222222676,0.1641845703125,1.2745361328125,2.1976318359375
73,0.059722222222222676,0.06988525390625,1.2327880859375,2.1995849609375
72,0.45972222222222259,-0.7733154296875,0.5283203125,8.51007080078125
71,0.45972222222222259,0.75286865234375,1.10357666015625,8.50592041015625
69,0.45972222222222259,-0.29742431640625,1.08831787109375,8.52642822265625
68,0.45972222222222259,0.7445068359375,0.42535400390625,8.52996826171875
67,0.45972222222222259,-0.3096923828125,0.24798583984375,8.5440673828125
66,0.45972222222222259,0.23712158203125,0.92523193359375,8.54541015625
65,0.45972222222222259,0.241943359375,0.322998046875,8.554931640625
80,0.066666666666666874,0.02667236328125,1.42333984375,2.34222412109375
79,0.066666666666666874,0.24359130859375,1.1993408203125,2.3431396484375
78,0.066666666666666874,-0.044677734375,1.21728515625,2.34613037109375
77,0.066666666666666874,0.16107177734375,1.3824462890625,2.34564208984375
76,0.066666666666666874,0.12396240234375,1.1492919921875,2.34814453125
75,0.066666666666666874,0.01275634765625,1.32073974609375,2.3494873046875
74,0.066666666666666874,0.173095703125,1.27630615234375,2.35009765625
73,0.066666666666666874,0.06781005859375,1.229736328125,2.352294921875
72,0.46666666666666679,-0.78460693359375,0.50164794921875,8.61029052734375
71,0.46666666666666679,0.7615966796875,1.08453369140625,8.6060791015625
69,0.46666666666666679,-0.302490234375,1.069091796875,8.6268310546875
68,0.46666666666666679,0.753173828125,0.3973388671875,8.63043212890625
67,0.46666666666666679,-0.31494140625,0.21771240234375,8.64471435546875
66,0.46666666666666679,0.23907470703125,0.90380859375,8.64605712890625
65,0.46666666666666679,0.24395751953125,0.293701171875,8.65570068359375
80,0.073611111111111516,0.0203857421875,1.4400634765625,2.4925537109375
79,0.073611111111111516,0.25970458984375,1.19293212890625,2.49359130859375
78,0.073611111111111516,-0.058349609375,1.2127685546875,2.49688720703125
77,0.073611111111111516,0.168701171875,1.39495849609375,2.496337890625
76,0.073611111111111516,0.12774658203125,1.13775634765625,2.49908447265625
75,0.073611111111111516,0.00506591796875,1.326904296875,2.5006103515625
74,0.073611111111111516,0.18194580078125,1.27789306640625,2.50128173828125
73,0.073611111111111516,0.0657958984375,1.2264404296875,2.503662109375
72,0.47361111111111143,-0.79595947265625,0.47454833984375,8.71044921875
71,0.47361111111111143,0.7703857421875,1.06494140625,8.70623779296875
69,0.47361111111111143,-0.30755615234375,1.04931640625,8.72723388671875
68,0.47361111111111143,0.76177978515625,0.368896484375,8.73089599609375
67,0.47361111111111143,-0.32012939453125,0.1868896484375,8.745361328125
66,0.47361111111111143,0.24102783203125,0.8819580078125,8.7467041015625
65,0.47361111111111143,0.2459716796875,0.26385498046875,8.7564697265625
80,0.080555555555555713,0.01422119140625,1.45599365234375,2.64019775390625
79,0.080555555555555713,0.2755126953125,1.18621826171875,2.641357421875
78,0.080555555555555713,-0.07177734375,1.20782470703125,2.64495849609375
77,0.080555555555555713,0.1761474609375,1.40679931640625,2.64434814453125
76,0.080555555555555713,0.1314697265625,1.12591552734375,2.6473388671875
75,0.080555555555555713,-0.0025634765625,1.33245849609375,2.64898681640625
74,0.080555555555555713,0.19061279296875,1.2789306640625,2.64971923828125
73,0.080555555555555713,0.0638427734375,1.2227783203125,2.65234375
72,0.48055555555555562,-0.8072509765625,0.44696044921875,8.8106689453125
71,0.48055555555555562,0.77911376953125,1.044921875,8.80633544921875
69,0.48055555555555562,-0.31256103515625,1.029052734375,8.82763671875
68,0.48055555555555562,0.77044677734375,0.33990478515625,8.83135986328125
67,0.48055555555555562,-0.32537841796875,0.15557861328125,8.845947265625
66,0.48055555555555562,0.24298095703125,0.85955810546875,8.847412109375
65,0.48055555555555562,0.248046875,0.2335205078125,8.85723876953125
80,0.087500000000000355,0.0081787109375,1.47113037109375,2.78521728515625
79,0.087500000000000355,0.29107666015625,1.1790771484375,2.78643798828125
78,0.087500000000000355,-0.08489990234375,1.20245361328125,2.790283203125
77,0.087500000000000355,0.1834716796875,1.4178466796875,2.7896728515625
76,0.087500000000000355,0.1351318359375,1.11376953125,2.79290771484375
75,0.087500000000000355,-0.00994873046875,1.33740234375,2.794677734375
74,0.087500000000000355,0.19915771484375,1.2794189453125,2.79547119140625
73,0.087500000000000355,0.0618896484375,1.2186279296875,2.79833984375
72,0.48750000000000027,-0.81854248046875,0.41888427734375,8.91082763671875
71,0.48750000000000027,0.787841796875,1.0244140625,8.906494140625
69,0.48750000000000027,-0.317626953125,1.00836181640625,8.9281005859375
68,0.48750000000000027,0.779052734375,0.310546875,8.93182373046875
67,0.48750000000000027,-0.33056640625,0.12384033203125,8.94659423828125
66,0.48750000000000027,0.24493408203125,0.83673095703125,8.94805908203125
65,0.48750000000000027,0.25006103515625,0.20281982421875,8.95806884765625
80,0.094444444444445,0.00225830078125,1.48553466796875,2.927490234375
79,0.094444444444445,0.30633544921875,1.17156982421875,2.92877197265625
78,0.094444444444445,-0.09783935546875,1.19671630859375,2.9329833984375
77,0.094444444444445,0.190673828125,1.42822265625,2.93231201171875
76,0.094444444444445,0.138671875,1.10137939453125,2.935791015625
75,0.094444444444445,-0.01727294921875,1.34173583984375,2.93768310546875
74,0.094444444444445,0.20751953125,1.27947998046875,2.93853759765625
73,0.094444444444445,0.0599365234375,1.214111328125,2.94158935546875
72,0.49444444444444491,-0.82989501953125,0.390380859375,9.01104736328125
71,0.49444444444444491,0.79656982421875,1.00347900390625,9.00665283203125
69,0.49444444444444491,-0.32269287109375,0.98724365234375,9.02850341796875
68,0.49444444444444491,0.7877197265625,0.2806396484375,9.03228759765625
67,0.49444444444444491,-0.3358154296875,0.0916748046875,9.0472412109375
66,0.49444444444444491,0.2469482421875,0.81341552734375,9.0487060546875
65,0.49444444444444491,0.2520751953125,0.17156982421875,9.058837890625
80,0.10138888888888919,-0.00360107421875,1.4991455078125,3.06707763671875
79,0.10138888888888919,0.3212890625,1.1636962890625,3.0684814453125
78,0.10138888888888919,-0.1104736328125,1.19061279296875,3.07293701171875
77,0.10138888888888919,0.19775390625,1.43792724609375,3.07220458984375
76,0.10138888888888919,0.14215087890625,1.0887451171875,3.075927734375
75,0.10138888888888919,-0.0244140625,1.34552001953125,3.0780029296875
74,0.10138888888888919,0.21575927734375,1.27899169921875,3.078857421875
73,0.10138888888888919,0.05804443359375,1.20916748046875,3.0821533203125
72,0.50138888888888911,-0.8411865234375,0.361328125,9.11126708984375
71,0.50138888888888911,0.80535888671875,0.98199462890625,9.1068115234375
69,0.50138888888888911,-0.3277587890625,0.965576171875,9.12890625
68,0.50138888888888911,0.79632568359375,0.25030517578125,9.13275146484375
67,0.50138888888888911,-0.34100341796875,0.0589599609375,9.14788818359375
66,0.50138888888888911,0.2489013671875,0.78961181640625,9.14935302734375
65,0.50138888888888911,0.25408935546875,0.139892578125,9.15960693359375
80,0.10833333333333384,-0.00927734375,1.51202392578125,3.2039794921875
79,0.10833333333333384,0.33599853515625,1.155517578125,3.2054443359375
78,0.10833333333333384,-0.1229248046875,1.18408203125,3.210205078125
77,0.10833333333333384,0.20465087890625,1.44696044921875,3.20947265625
76,0.10833333333333384,0.1456298828125,1.07586669921875,3.21337890625
75,0.10833333333333384,-0.03143310546875,1.3487548828125,3.215576171875
74,0.10833333333333384,0.22381591796875,1.278076171875,3.216552734375
73,0.10833333333333384,0.05621337890625,1.203857421875,3.22003173828125
72,0.50833333333333375,-0.85247802734375,0.3319091796875,9.21142578125
71,0.50833333333333375,0.8140869140625,0.96014404296875,9.2069091796875
69,0.50833333333333375,-0.33282470703125,0.9434814453125,9.22930908203125
68,0.50833333333333375,0.80499267578125,0.219482421875,9.233154296875
67,0.50833333333333375,-0.34625244140625,0.02581787109375,9.24853515625
66,0.50833333333333375,0.2508544921875,0.765380859375,9.25
65,0.50833333333333375,0.25616455078125,0.10772705078125,9.2603759765625
80,0.11527777777777803,-0.014892578125,1.5240478515625,3.33819580078125
79,0.11527777777777803,0.35040283203125,1.14691162109375,3.33978271484375
78,0.11527777777777803,-0.1351318359375,1.1771240234375,3.3448486328125
77,0.11527777777777803,0.21142578125,1.4552001953125,3.343994140625
76,0.11527777777777803,0.14898681640625,1.0626220703125,3.34820556640625
75,0.11527777777777803,-0.038330078125,1.351318359375,3.3504638671875
74,0.11527777777777803,0.231689453125,1.27655029296875,3.35150146484375
73,0.11527777777777803,0.054443359375,1.19805908203125,3.35516357421875
72,0.515277777777778,-0.86383056640625,0.30194091796875,9.3116455078125
71,0.515277777777778,0.82281494140625,0.93768310546875,9.30706787109375
69,0.515277777777778,-0.337890625,0.92083740234375,9.3297119140625
68,0.515277777777778,0.8135986328125,0.18817138671875,9.3336181640625
67,0.50849969766364989,-0.34637451171875,0,9.2509765625
66,0.515277777777778,0.2528076171875,0.7406005859375,9.3507080078125
65,0.515277777777778,0.2581787109375,0.0750732421875,9.3612060546875
80,0.12222222222222268,-0.0203857421875,1.53533935546875,3.4697265625
79,0.12222222222222268,0.364501953125,1.13800048828125,3.471435546875
78,0.12222222222222268,-0.14703369140625,1.1697998046875,3.4766845703125
77,0.12222222222222268,0.21807861328125,1.46282958984375,3.475830078125
76,0.12222222222222268,0.15228271484375,1.0491943359375,3.480224609375
75,0.12222222222222268,-0.04510498046875,1.3533935546875,3.482666015625
74,0.12222222222222268,0.23944091796875,1.2745361328125,3.4837646484375
73,0.12222222222222268,0.05267333984375,1.19183349609375,3.48760986328125
72,0.52222222222222259,-0.8751220703125,0.271484375,9.41180419921875
71,0.52222222222222259,0.83160400390625,0.91485595703125,9.4072265625
69,0.52222222222222259,-0.34295654296875,0.89776611328125,9.43011474609375
68,0.52222222222222259,0.822265625,0.1563720703125,9.43408203125
66,0.52222222222222259,0.25482177734375,0.71539306640625,9.45135498046875
65,0.52222222222222259,0.26019287109375,0.04193115234375,9.46197509765625
80,0.12916666666666687,-0.0257568359375,1.54583740234375,3.59857177734375
79,0.12916666666666687,0.3782958984375,1.128662109375,3.600341796875
78,0.12916666666666687,-0.15875244140625,1.162109375,3.60589599609375
77,0.12916666666666687,0.224609375,1.4697265625,3.60498046875
76,0.12916666666666687,0.155517578125,1.035400390625,3.609619140625
75,0.12916666666666687,-0.05169677734375,1.35479736328125,3.6121826171875
74,0.12916666666666687,0.24700927734375,1.27203369140625,3.61328125
73,0.12916666666666687,0.0509033203125,1.18524169921875,3.61737060546875
72,0.52916666666666679,-0.886474609375,0.2406005859375,9.51202392578125
71,0.52916666666666679,0.84033203125,0.8914794921875,9.50732421875
69,0.52916666666666679,-0.34796142578125,0.874267578125,9.530517578125
68,0.52916666666666679,0.83087158203125,0.1241455078125,9.5345458984375
66,0.52916666666666679,0.25677490234375,0.68975830078125,9.552001953125
65,0.52572222189492757,0.26123046875,0,9.51275634765625
80,0.13611111111111152,-0.031005859375,1.5556640625,3.72479248046875
79,0.13611111111111152,0.391845703125,1.1190185546875,3.7265625
78,0.13611111111111152,-0.170166015625,1.15399169921875,3.732421875
77,0.13611111111111152,0.23095703125,1.4759521484375,3.7314453125
76,0.13611111111111152,0.15869140625,1.021484375,3.736328125
75,0.13611111111111152,-0.05816650390625,1.355712890625,3.73895263671875
74,0.13611111111111152,0.25439453125,1.26910400390625,3.74017333984375
73,0.13611111111111152,0.0491943359375,1.17822265625,3.744384765625
72,0.53611111111111143,-0.89776611328125,0.20928955078125,9.61224365234375
71,0.53611111111111143,0.84906005859375,0.86773681640625,9.60748291015625
69,0.53611111111111143,-0.35302734375,0.85028076171875,9.6309814453125
68,0.53611111111111143,0.83953857421875,0.0914306640625,9.635009765625
66,0.53611111111111143,0.25872802734375,0.66363525390625,9.65264892578125
80,0.14305555555555571,-0.03619384765625,1.56463623046875,3.8482666015625
79,0.14305555555555571,0.405029296875,1.1090087890625,3.85015869140625
78,0.14305555555555571,-0.181396484375,1.1455078125,3.85626220703125
77,0.14305555555555571,0.23724365234375,1.4814453125,3.855224609375
76,0.14305555555555571,0.1617431640625,1.0072021484375,3.86029052734375
75,0.14305555555555571,-0.06451416015625,1.35595703125,3.86309814453125
74,0.14305555555555571,0.26165771484375,1.265625,3.86431884765625
73,0.14305555555555571,0.04754638671875,1.1707763671875,3.86871337890625
72,0.54305555555555562,-0.9090576171875,0.1773681640625,9.71240234375
71,0.54305555555555562,0.8577880859375,0.84344482421875,9.7076416015625
69,0.54305555555555562,-0.35809326171875,0.82574462890625,9.73138427734375
68,0.54305555555555562,0.84814453125,0.0582275390625,9.7354736328125
66,0.54305555555555562,0.26068115234375,0.636962890625,9.75335693359375
80,0.15000000000000036,-0.041259765625,1.57275390625,3.96905517578125
79,0.15000000000000036,0.41802978515625,1.09857177734375,3.97100830078125
78,0.15000000000000036,-0.1923828125,1.13653564453125,3.97735595703125
77,0.15000000000000036,0.24334716796875,1.4862060546875,3.976318359375
76,0.15000000000000036,0.164794921875,0.99261474609375,3.9815673828125
75,0.15000000000000036,-0.0706787109375,1.3555908203125,3.9844970703125
74,0.15000000000000036,0.268798828125,1.26153564453125,3.9857177734375
73,0.15000000000000036,0.0458984375,1.162841796875,3.9903564453125
72,0.55000000000000027,-0.92041015625,0.14508056640625,9.8126220703125
71,0.55000000000000027,0.8665771484375,0.81866455078125,9.80780029296875
69,0.55000000000000027,-0.3631591796875,0.80078125,9.831787109375
68,0.54990187257842338,0.856689453125,0,9.83453369140625
66,0.55000000000000027,0.26263427734375,0.60986328125,9.85400390625
80,0.156944444444445,-0.046142578125,1.5802001953125,4.087158203125
79,0.156944444444445,0.4306640625,1.087890625,4.0892333984375
78,0.156944444444445,-0.20306396484375,1.1273193359375,4.09576416015625
77,0.156944444444445,0.249267578125,1.4903564453125,4.0947265625
76,0.156944444444445,0.16778564453125,0.97784423828125,4.10015869140625
75,0.156944444444445,-0.0767822265625,1.354736328125,4.1031494140625
74,0.156944444444445,0.2757568359375,1.257080078125,4.1044921875
73,0.156944444444445,0.0443115234375,1.15460205078125,4.1092529296875
72,0.55694444444444491,-0.93170166015625,0.11236572265625,9.91278076171875
71,0.55694444444444491,0.87530517578125,0.79351806640625,9.90789794921875
69,0.55694444444444491,-0.36822509765625,0.77545166015625,9.93218994140625
66,0.55694444444444491,0.2646484375,0.58233642578125,9.95465087890625
80,0.16388888888888919,-0.05096435546875,1.5867919921875,4.20257568359375
79,0.16388888888888919,0.44305419921875,1.07672119140625,4.2047119140625
78,0.16388888888888919,-0.21356201171875,1.11761474609375,4.21148681640625
77,0.16388888888888919,0.255126953125,1.49371337890625,4.21038818359375
76,0.16388888888888919,0.170654296875,0.96270751953125,4.216064453125
75,0.16388888888888919,-0.08270263671875,1.35321044921875,4.21917724609375
74,0.16388888888888919,0.28253173828125,1.25201416015625,4.22052001953125
73,0.16388888888888919,0.04278564453125,1.1458740234375,4.22552490234375
72,0.56388888888888911,-0.9429931640625,0.07904052734375,10.01300048828125
71,0.56388888888888911,0.884033203125,0.76776123046875,10.008056640625
69,0.56388888888888911,-0.373291015625,0.74951171875,10.0325927734375
66,0.56388888888888911,0.2666015625,0.55426025390625,10.0552978515625
80,0.17083333333333384,-0.0556640625,1.59271240234375,4.3153076171875
79,0.17083333333333384,0.45513916015625,1.06524658203125,4.3175048828125
78,0.17083333333333384,-0.22381591796875,1.1075439453125,4.3245849609375
77,0.17083333333333384,0.26080322265625,1.49639892578125,4.32342529296875
76,0.17083333333333384,0.1734619140625,0.9473876953125,4.32928466796875
75,0.17083333333333384,-0.0885009765625,1.35113525390625,4.33245849609375
74,0.17083333333333384,0.28912353515625,1.24652099609375,4.3338623046875
73,0.17083333333333384,0.041259765625,1.13677978515625,4.3389892578125
72,0.57083333333333375,-0.954345703125,0.04534912109375,10.11322021484375
71,0.57083333333333375,0.89276123046875,0.74163818359375,10.10821533203125
69,0.57083333333333375,-0.37835693359375,0.72314453125,10.13299560546875
66,0.57083333333333375,0.2685546875,0.5257568359375,10.156005859375
80,0.17777777777777803,-0.060302734375,1.5977783203125,4.42535400390625
79,0.17777777777777803,0.4669189453125,1.053466796875,4.4276123046875
78,0.17777777777777803,-0.2337646484375,1.0970458984375,4.43487548828125
77,0.17777777777777803,0.26641845703125,1.4984130859375,4.4337158203125
76,0.17777777777777803,0.17626953125,0.9317626953125,4.43975830078125
75,0.17777777777777803,-0.0941162109375,1.3485107421875,4.44305419921875
74,0.17777777777777803,0.29559326171875,1.240478515625,4.44451904296875
73,0.17777777777777803,0.039794921875,1.127197265625,4.4498291015625
72,0.57496527733782243,-0.9610595703125,0,10.17279052734375
71,0.577777777777778,0.90155029296875,0.7149658203125,10.2083740234375
69,0.577777777777778,-0.3834228515625,0.6962890625,10.2333984375
66,0.577777777777778,0.2705078125,0.49676513671875,10.25665283203125
80,0.18472222222222268,-0.06475830078125,1.60211181640625,4.53271484375
79,0.18472222222222268,0.47845458984375,1.04119873046875,4.53509521484375
78,0.18472222222222268,-0.2435302734375,1.08612060546875,4.54254150390625
77,0.18472222222222268,0.2718505859375,1.49969482421875,4.54132080078125
76,0.18472222222222268,0.178955078125,0.9158935546875,4.54754638671875
75,0.18472222222222268,-0.099609375,1.34521484375,4.55096435546875
74,0.18472222222222268,0.30194091796875,1.23394775390625,4.552490234375
73,0.18472222222222268,0.038330078125,1.11724853515625,4.55792236328125
71,0.58472222222222259,0.9102783203125,0.6878662109375,10.3084716796875
69,0.58472222222222259,-0.388427734375,0.66900634765625,10.33380126953125
66,0.58472222222222259,0.2724609375,0.46728515625,10.3572998046875
80,0.19166666666666687,-0.06915283203125,1.60565185546875,4.63739013671875
79,0.19166666666666687,0.48968505859375,1.0286865234375,4.63983154296875
78,0.19166666666666687,-0.2530517578125,1.07489013671875,4.64752197265625
77,0.19166666666666687,0.277099609375,1.5003662109375,4.646240234375
76,0.19166666666666687,0.18157958984375,0.89971923828125,4.65264892578125
75,0.19166666666666687,-0.10498046875,1.3414306640625,4.65618896484375
74,0.19166666666666687,0.30810546875,1.22698974609375,4.65771484375
73,0.19166666666666687,0.03692626953125,1.10687255859375,4.663330078125
71,0.59166666666666679,0.91900634765625,0.66021728515625,10.40863037109375
69,0.59166666666666679,-0.39349365234375,0.64117431640625,10.43426513671875
66,0.59166666666666679,0.27447509765625,0.4373779296875,10.45794677734375
80,0.19861111111111152,-0.0733642578125,1.60833740234375,4.7393798828125
79,0.19861111111111152,0.5006103515625,1.01568603515625,4.74188232421875
78,0.19861111111111152,-0.26226806640625,1.06317138671875,4.74981689453125
77,0.19861111111111152,0.28228759765625,1.50018310546875,4.74847412109375
76,0.19861111111111152,0.18414306640625,0.88323974609375,4.75506591796875
75,0.19861111111111152,-0.1102294921875,1.3369140625,4.7586669921875
74,0.19861111111111152,0.3140869140625,1.2193603515625,4.76025390625
73,0.19861111111111152,0.0355224609375,1.0960693359375,4.76605224609375
71,0.59861111111111143,0.92779541015625,0.6322021484375,10.5087890625
69,0.59861111111111143,-0.3985595703125,0.6129150390625,10.53466796875
66,0.59861111111111143,0.27642822265625,0.406982421875,10.55859375
80,0.20555555555555571,-0.07757568359375,1.6104736328125,4.83953857421875
79,0.20555555555555571,0.5113525390625,1.00238037109375,4.84210205078125
78,0.20555555555555571,-0.2713623046875,1.05108642578125,4.8502197265625
77,0.20555555555555571,0.287353515625,1.49945068359375,4.848876953125
76,0.20555555555555571,0.1866455078125,0.86651611328125,4.85565185546875
75,0.20555555555555571,-0.1153564453125,1.33197021484375,4.859375
74,0.20555555555555571,0.32000732421875,1.21136474609375,4.8609619140625
73,0.20555555555555571,0.0341796875,1.0848388671875,4.86688232421875
71,0.60555555555555562,0.9365234375,0.6036376953125,10.60888671875
69,0.60555555555555562,-0.40362548828125,0.58416748046875,10.63507080078125
66,0.60555555555555562,0.27838134765625,0.3760986328125,10.6593017578125
80,0.21250000000000036,-0.08172607421875,1.61212158203125,4.939697265625
79,0.21250000000000036,0.5220947265625,0.9886474609375,4.9422607421875
78,0.21250000000000036,-0.28045654296875,1.03857421875,4.95062255859375
77,0.21250000000000036,0.29241943359375,1.498291015625,4.94927978515625
76,0.21250000000000036,0.18914794921875,0.84930419921875,4.9561767578125
75,0.21250000000000036,-0.1204833984375,1.3265380859375,4.9599609375
74,0.21250000000000036,0.32586669921875,1.202880859375,4.96160888671875
73,0.21250000000000036,0.0328369140625,1.0731201171875,4.96771240234375
71,0.61250000000000027,0.94525146484375,0.57464599609375,10.70904541015625
69,0.61250000000000027,-0.40869140625,0.554931640625,10.7354736328125
66,0.61250000000000027,0.28033447265625,0.3447265625,10.75994873046875
80,0.219444444444445,-0.0859375,1.61322021484375,5.039794921875
79,0.219444444444445,0.5328369140625,0.974365234375,5.04248046875
78,0.219444444444445,-0.28955078125,1.0255126953125,5.05096435546875
77,0.219444444444445,0.2974853515625,1.49658203125,5.04962158203125
76,0.219444444444445,0.191650390625,0.83154296875,5.05670166015625
75,0.219444444444445,-0.12567138671875,1.32061767578125,5.06060791015625
74,0.219444444444445,0.33172607421875,1.19390869140625,5.062255859375
73,0.219444444444445,0.031494140625,1.0609130859375,5.0684814453125
71,0.61944444444444491,0.9539794921875,0.545166015625,10.8092041015625
69,0.61944444444444491,-0.41375732421875,0.52532958984375,10.83587646484375
66,0.61944444444444491,0.2823486328125,0.31292724609375,10.860595703125
80,0.22638888888888919,-0.090087890625,1.6138916015625,5.139892578125
79,0.22638888888888919,0.54351806640625,0.9595947265625,5.14263916015625
78,0.22638888888888919,-0.29864501953125,1.01202392578125,5.1513671875
77,0.22638888888888919,0.302490234375,1.49444580078125,5.14996337890625
76,0.22638888888888919,0.19415283203125,0.81341552734375,5.15716552734375
75,0.22638888888888919,-0.13079833984375,1.314208984375,5.16119384765625
74,0.22638888888888919,0.337646484375,1.1844482421875,5.1629638671875
73,0.22638888888888919,0.0301513671875,1.04827880859375,5.1693115234375
71,0.62638888888888911,0.9627685546875,0.5152587890625,10.90936279296875
69,0.62638888888888911,-0.4188232421875,0.49517822265625,10.936279296875
66,0.62638888888888911,0.2843017578125,0.2806396484375,10.96124267578125
80,0.23333333333333384,-0.09429931640625,1.61407470703125,5.239990234375
79,0.23333333333333384,0.55426025390625,0.94439697265625,5.2427978515625
78,0.23333333333333384,-0.3077392578125,0.998046875,5.25177001953125
77,0.23333333333333384,0.30755615234375,1.4918212890625,5.25030517578125
76,0.23333333333333384,0.1966552734375,0.79473876953125,5.2576904296875
75,0.23333333333333384,-0.13592529296875,1.307373046875,5.26177978515625
74,0.23333333333333384,0.343505859375,1.17449951171875,5.26361083984375
73,0.23333333333333384,0.02880859375,1.03515625,5.27008056640625
71,0.63333333333333375,0.97149658203125,0.48480224609375,11.00946044921875
69,0.63333333333333375,-0.42388916015625,0.46453857421875,11.03668212890625
66,0.63333333333333375,0.2862548828125,0.24786376953125,11.06195068359375
80,0.24027777777777803,-0.09844970703125,1.61376953125,5.34014892578125
79,0.24027777777777803,0.56500244140625,0.9287109375,5.34295654296875
78,0.24027777777777803,-0.31683349609375,0.98358154296875,5.35211181640625
77,0.24027777777777803,0.3126220703125,1.48870849609375,5.35064697265625
76,0.24027777777777803,0.19921875,0.77557373046875,5.35821533203125
75,0.24027777777777803,-0.14105224609375,1.29998779296875,5.3624267578125
74,0.24027777777777803,0.34942626953125,1.16412353515625,5.3642578125
73,0.24027777777777803,0.0274658203125,1.02154541015625,5.37091064453125
71,0.640277777777778,0.980224609375,0.45391845703125,11.109619140625
69,0.640277777777778,-0.42889404296875,0.43341064453125,11.13714599609375
66,0.640277777777778,0.2882080078125,0.214599609375,11.16259765625
80,0.24722222222222268,-0.1026611328125,1.613037109375,5.44024658203125
79,0.24722222222222268,0.57574462890625,0.91253662109375,5.44317626953125
78,0.24722222222222268,-0.325927734375,0.96868896484375,5.4525146484375
77,0.24722222222222268,0.31768798828125,1.48516845703125,5.45098876953125
76,0.24722222222222268,0.20172119140625,0.75604248046875,5.458740234375
75,0.24722222222222268,-0.14617919921875,1.292236328125,5.4630126953125
74,0.24722222222222268,0.35528564453125,1.15325927734375,5.46490478515625
73,0.24722222222222268,0.02606201171875,1.00750732421875,5.47174072265625
71,0.64722222222222259,0.98895263671875,0.42254638671875,11.20977783203125
69,0.64722222222222259,-0.4339599609375,0.40191650390625,11.237548828125
66,0.64722222222222259,0.2901611328125,0.18096923828125,11.26324462890625
80,0.25416666666666687,-0.1068115234375,1.61181640625,5.54034423828125
79,0.25416666666666687,0.58648681640625,0.89593505859375,5.5433349609375
78,0.25416666666666687,-0.3349609375,0.95330810546875,5.55291748046875
77,0.25416666666666687,0.32275390625,1.48114013671875,5.55133056640625
76,0.25416666666666687,0.2042236328125,0.7359619140625,5.55926513671875
75,0.25416666666666687,-0.15130615234375,1.283935546875,5.56365966796875
74,0.25416666666666687,0.3612060546875,1.1419677734375,5.5655517578125
73,0.25416666666666687,0.02471923828125,0.99298095703125,5.572509765625
71,0.65416666666666679,0.99774169921875,0.39068603515625,11.3099365234375
69,0.65416666666666679,-0.43902587890625,0.36981201171875,11.33795166015625
66,0.65416666666666679,0.29217529296875,0.146728515625,11.3638916015625
80,0.26111111111111152,-0.11102294921875,1.61004638671875,5.64044189453125
79,0.26111111111111152,0.59722900390625,0.87884521484375,5.64349365234375
78,0.26111111111111152,-0.34405517578125,0.93743896484375,5.65325927734375
77,0.26111111111111152,0.32781982421875,1.47662353515625,5.65167236328125
76,0.26111111111111152,0.20672607421875,0.71539306640625,5.6597900390625
75,0.26111111111111152,-0.15643310546875,1.27520751953125,5.66424560546875
74,0.26111111111111152,0.3670654296875,1.130126953125,5.66619873046875
73,0.26111111111111152,0.02337646484375,0.97796630859375,5.67333984375
71,0.66111111111111143,1.0064697265625,0.35833740234375,11.4100341796875
69,0.66111111111111143,-0.444091796875,0.3372802734375,11.4383544921875
66,0.66111111111111143,0.29412841796875,0.112060546875,11.46453857421875
80,0.26805555555555571,-0.11517333984375,1.60784912109375,5.74053955078125
79,0.26805555555555571,0.60797119140625,0.86126708984375,5.74371337890625
78,0.26805555555555571,-0.3531494140625,0.9210205078125,5.753662109375
77,0.26805555555555571,0.3328857421875,1.47161865234375,5.75201416015625
76,0.26805555555555571,0.209228515625,0.69439697265625,5.76031494140625
75,0.26805555555555571,-0.16162109375,1.26593017578125,5.764892578125
74,0.26805555555555571,0.37298583984375,1.11785888671875,5.766845703125
73,0.26805555555555571,0.02203369140625,0.96246337890625,5.77410888671875
71,0.66805555555555562,1.01519775390625,0.32562255859375,11.51019287109375
69,0.66805555555555562,-0.44915771484375,0.3043212890625,11.53875732421875
66,0.66805555555555562,0.29608154296875,0.07696533203125,11.56524658203125
80,0.27500000000000036,-0.119384765625,1.605224609375,5.8406982421875
79,0.27500000000000036,0.61865234375,0.84320068359375,5.8438720703125
78,0.27500000000000036,-0.36224365234375,0.90423583984375,5.85406494140625
77,0.27500000000000036,0.33795166015625,1.4661865234375,5.8524169921875
76,0.27500000000000036,0.21173095703125,0.67291259765625,5.86083984375
75,0.27500000000000036,-0.166748046875,1.25628662109375,5.865478515625
74,0.27500000000000036,0.37884521484375,1.1051025390625,5.86749267578125
73,0.27500000000000036,0.02069091796875,0.946533203125,5.87493896484375
71,0.67500000000000027,1.02398681640625,0.29229736328125,11.6103515625
69,0.67500000000000027,-0.4542236328125,0.2708740234375,11.63916015625
66,0.67500000000000027,0.29803466796875,0.04132080078125,11.6658935546875
80,0.281944444444445,-0.12353515625,1.60205078125,5.9407958984375
79,0.281944444444445,0.62939453125,0.82464599609375,5.94403076171875
78,0.281944444444445,-0.371337890625,0.88690185546875,5.95440673828125
77,0.281944444444445,0.343017578125,1.460205078125,5.9527587890625
76,0.281944444444445,0.2142333984375,0.65087890625,5.96136474609375
75,0.281944444444445,-0.171875,1.24603271484375,5.96612548828125
74,0.281944444444445,0.384765625,1.091796875,5.96820068359375
73,0.281944444444445,0.01934814453125,0.9300537109375,5.9757080078125
71,0.68194444444444491,1.03271484375,0.25860595703125,11.71044921875
69,0.68194444444444491,-0.45928955078125,0.2369384765625,11.73956298828125
66,0.67813968770601551,0.2989501953125,0,11.71142578125
80,0.28888888888888919,-0.12774658203125,1.59844970703125,6.0408935546875
79,0.28888888888888919,0.64013671875,0.8056640625,6.044189453125
78,0.28888888888888919,-0.38043212890625,0.869140625,6.0548095703125
77,0.28888888888888919,0.34808349609375,1.4537353515625,6.0531005859375
76,0.28888888888888919,0.216796875,0.62847900390625,6.0618896484375
75,0.28888888888888919,-0.177001953125,1.2353515625,6.06671142578125
74,0.28888888888888919,0.390625,1.078125,6.06884765625
73,0.28888888888888919,0.01800537109375,0.9130859375,6.0765380859375
71,0.68888888888888911,1.04144287109375,0.224365234375,11.81060791015625
69,0.68888888888888911,-0.46435546875,0.2025146484375,11.84002685546875
80,0.29583333333333384,-0.13189697265625,1.59442138671875,6.1409912109375
79,0.29583333333333384,0.65087890625,0.7862548828125,6.1444091796875
78,0.29583333333333384,-0.3895263671875,0.8509521484375,6.15521240234375
77,0.29583333333333384,0.3531494140625,1.4468994140625,6.1534423828125
76,0.29583333333333384,0.21929931640625,0.6055908203125,6.16241455078125
75,0.29583333333333384,-0.18212890625,1.22430419921875,6.16729736328125
74,0.29583333333333384,0.39654541015625,1.06396484375,6.16949462890625
73,0.29583333333333384,0.01666259765625,0.895751953125,6.1773681640625
71,0.69583333333333375,1.0501708984375,0.189697265625,11.9107666015625
69,0.69583333333333375,-0.4693603515625,0.1676025390625,11.9404296875
80,0.30277777777777803,-0.13604736328125,1.58984375,6.24114990234375
79,0.30277777777777803,0.66162109375,0.7662353515625,6.24456787109375
78,0.30277777777777803,-0.39862060546875,0.83221435546875,6.25555419921875
77,0.30277777777777803,0.35821533203125,1.43951416015625,6.2537841796875
76,0.30277777777777803,0.2218017578125,0.5821533203125,6.26287841796875
75,0.30277777777777803,-0.187255859375,1.212646484375,6.2679443359375
74,0.30277777777777803,0.40240478515625,1.04931640625,6.2701416015625
73,0.30277777777777803,0.01531982421875,0.87786865234375,6.27813720703125
71,0.702777777777778,1.0589599609375,0.154541015625,12.01092529296875
69,0.702777777777778,-0.47442626953125,0.13232421875,12.04083251953125
80,0.30972222222222268,-0.1402587890625,1.5848388671875,6.34124755859375
79,0.30972222222222268,0.67236328125,0.745849609375,6.3447265625
78,0.30972222222222268,-0.40765380859375,0.81304931640625,6.35595703125
77,0.30972222222222268,0.36328125,1.43170166015625,6.3541259765625
76,0.30972222222222268,0.22430419921875,0.558349609375,6.3634033203125
75,0.30972222222222268,-0.1923828125,1.20062255859375,6.3685302734375
74,0.30972222222222268,0.4083251953125,1.0341796875,6.37078857421875
73,0.30972222222222268,0.013916015625,0.85955810546875,6.37896728515625
71,0.70972222222222259,1.06768798828125,0.11895751953125,12.11102294921875
69,0.70972222222222259,-0.4794921875,0.09649658203125,12.1412353515625
80,0.31666666666666687,-0.1444091796875,1.579345703125,6.44134521484375
79,0.31666666666666687,0.68310546875,0.7249755859375,6.4449462890625
78,0.31666666666666687,-0.416748046875,0.79339599609375,6.45635986328125
77,0.31666666666666687,0.36834716796875,1.42340087890625,6.4544677734375
76,0.31666666666666687,0.226806640625,0.53399658203125,6.46392822265625
75,0.31666666666666687,-0.19757080078125,1.18804931640625,6.46917724609375
74,0.31666666666666687,0.4141845703125,1.0185546875,6.471435546875
73,0.31666666666666687,0.0125732421875,0.84075927734375,6.479736328125
71,0.71666666666666679,1.076416015625,0.0828857421875,12.211181640625
69,0.71666666666666679,-0.48455810546875,0.0601806640625,12.24163818359375
80,0.32361111111111152,-0.14862060546875,1.57342529296875,6.54144287109375
79,0.32361111111111152,0.69378662109375,0.70361328125,6.54510498046875
78,0.32361111111111152,-0.42584228515625,0.7733154296875,6.55670166015625
77,0.32361111111111152,0.37335205078125,1.4146728515625,6.5548095703125
76,0.32361111111111152,0.22930908203125,0.50921630859375,6.564453125
75,0.32361111111111152,-0.20269775390625,1.17510986328125,6.56976318359375
74,0.32361111111111152,0.4200439453125,1.0025634765625,6.57208251953125
73,0.32361111111111152,0.01123046875,0.821533203125,6.58056640625
71,0.72361111111111143,1.085205078125,0.0462646484375,12.31134033203125
69,0.723302469919824,-0.4893798828125,0,12.33758544921875
80,0.33055555555555571,-0.15277099609375,1.56695556640625,6.6416015625
79,0.33055555555555571,0.70452880859375,0.6817626953125,6.645263671875
78,0.33055555555555571,-0.4349365234375,0.752685546875,6.6571044921875
77,0.33055555555555571,0.37841796875,1.4053955078125,6.6551513671875
76,0.33055555555555571,0.2318115234375,0.48394775390625,6.66497802734375
75,0.33055555555555571,-0.20782470703125,1.16156005859375,6.67041015625
74,0.33055555555555571,0.42596435546875,0.9859619140625,6.6727294921875
73,0.33055555555555571,0.0098876953125,0.8017578125,6.681396484375
71,0.727601301386331,1.0902099609375,0,12.36883544921875
80,0.33750000000000036,-0.156982421875,1.56005859375,6.74169921875
79,0.33750000000000036,0.71527099609375,0.65948486328125,6.74542236328125
78,0.33750000000000036,-0.44403076171875,0.73162841796875,6.75750732421875
77,0.33750000000000036,0.38348388671875,1.39569091796875,6.7554931640625
76,0.33750000000000036,0.234375,0.45819091796875,6.7655029296875
75,0.33750000000000036,-0.21295166015625,1.14764404296875,6.77099609375
74,0.33750000000000036,0.43182373046875,0.968994140625,6.7734375
73,0.33750000000000036,0.008544921875,0.78155517578125,6.78216552734375
80,0.344444444444445,-0.1611328125,1.55267333984375,6.841796875
79,0.344444444444445,0.72601318359375,0.63671875,6.84564208984375
78,0.344444444444445,-0.453125,0.7100830078125,6.85784912109375
77,0.344444444444445,0.3885498046875,1.385498046875,6.85589599609375
76,0.344444444444445,0.23687744140625,0.4320068359375,6.86602783203125
75,0.344444444444445,-0.21807861328125,1.1331787109375,6.87164306640625
74,0.344444444444445,0.437744140625,0.95147705078125,6.87408447265625
73,0.344444444444445,0.0072021484375,0.7608642578125,6.88299560546875
80,0.35138888888888919,-0.16534423828125,1.54486083984375,6.94189453125
79,0.35138888888888919,0.73675537109375,0.61346435546875,6.94580078125
78,0.35138888888888919,-0.46221923828125,0.6881103515625,6.958251953125
77,0.35138888888888919,0.39361572265625,1.3748779296875,6.95623779296875
76,0.35138888888888919,0.2393798828125,0.40533447265625,6.966552734375
75,0.35138888888888919,-0.22320556640625,1.11834716796875,6.97222900390625
74,0.35138888888888919,0.443603515625,0.93359375,6.9747314453125
73,0.35138888888888919,0.005859375,0.73974609375,6.9837646484375
80,0.35833333333333384,-0.16949462890625,1.5364990234375,7.04205322265625
79,0.35833333333333384,0.74749755859375,0.5897216796875,7.04595947265625
78,0.35833333333333384,-0.4713134765625,0.66558837890625,7.05865478515625
77,0.35833333333333384,0.398681640625,1.36370849609375,7.05657958984375
76,0.35833333333333384,0.24188232421875,0.37811279296875,7.06707763671875
75,0.35833333333333384,-0.2283935546875,1.1029052734375,7.07281494140625
74,0.35833333333333384,0.44952392578125,0.91510009765625,7.07537841796875
73,0.35833333333333384,0.0045166015625,0.71807861328125,7.0845947265625
80,0.36527777777777803,-0.1737060546875,1.5277099609375,7.14215087890625
79,0.36527777777777803,0.75823974609375,0.5655517578125,7.14617919921875
78,0.36527777777777803,-0.4803466796875,0.642578125,7.15899658203125
77,0.36527777777777803,0.40374755859375,1.35211181640625,7.15692138671875
76,0.36527777777777803,0.244384765625,0.35052490234375,7.1676025390625
75,0.36527777777777803,-0.2335205078125,1.08709716796875,7.1734619140625
74,0.36527777777777803,0.45538330078125,0.89617919921875,7.176025390625
73,0.36527777777777803,0.003173828125,0.69598388671875,7.18536376953125
80,0.37222222222222268,-0.1778564453125,1.51849365234375,7.24224853515625
79,0.37222222222222268,0.7689208984375,0.5408935546875,7.246337890625
78,0.37222222222222268,-0.48944091796875,0.61920166015625,7.2593994140625
77,0.37222222222222268,0.4088134765625,1.340087890625,7.25726318359375
76,0.37222222222222268,0.24688720703125,0.32244873046875,7.26806640625
75,0.37222222222222268,-0.2386474609375,1.07080078125,7.2740478515625
74,0.37222222222222268,0.4613037109375,0.87689208984375,7.27667236328125
73,0.37222222222222268,0.0018310546875,0.67340087890625,7.28619384765625
80,0.37916666666666687,-0.18206787109375,1.50872802734375,7.34234619140625
79,0.37916666666666687,0.7796630859375,0.5157470703125,7.34649658203125
78,0.37916666666666687,-0.49853515625,0.59527587890625,7.3597412109375
77,0.37916666666666687,0.41387939453125,1.3275146484375,7.35760498046875
76,0.37916666666666687,0.2493896484375,0.2938232421875,7.36859130859375
75,0.37916666666666687,-0.2437744140625,1.053955078125,7.37469482421875
74,0.37916666666666687,0.4671630859375,0.85699462890625,7.3773193359375
73,0.37916666666666687,0.00042724609375,0.65032958984375,7.38702392578125
80,0.38611111111111152,-0.18621826171875,1.49853515625,7.44244384765625
79,0.38611111111111152,0.7904052734375,0.49017333984375,7.4466552734375
78,0.38611111111111152,-0.50762939453125,0.5709228515625,7.46014404296875
77,0.38611111111111152,0.4189453125,1.31451416015625,7.45794677734375
76,0.38611111111111152,0.251953125,0.26483154296875,7.4691162109375
75,0.38611111111111152,-0.2489013671875,1.0367431640625,7.47528076171875
74,0.38611111111111152,0.47308349609375,0.83673095703125,7.47796630859375
73,0.38611111111111152,-0.00091552734375,0.6268310546875,7.48779296875
80,0.39305555555555571,-0.1904296875,1.48785400390625,7.5426025390625
79,0.39305555555555571,0.8011474609375,0.464111328125,7.546875
78,0.39305555555555571,-0.5167236328125,0.54608154296875,7.560546875
77,0.39305555555555571,0.42401123046875,1.301025390625,7.55828857421875
76,0.39305555555555571,0.25445556640625,0.23529052734375,7.56964111328125
75,0.39305555555555571,-0.2540283203125,1.01898193359375,7.575927734375
74,0.39305555555555571,0.47894287109375,0.81591796875,7.57861328125
73,0.39305555555555571,-0.00225830078125,0.60284423828125,7.588623046875
81,0,0.08746337890625,1.25909423828125,0.88604736328125
82,0,0.08746337890625,1.25909423828125,0.88604736328125
83,0,0.08746337890625,1.25909423828125,0.88604736328125
84,0,0.08746337890625,1.25909423828125,0.88604736328125
85,0,0.08746337890625,1.25909423828125,0.88604736328125
86,0,0.08746337890625,1.25909423828125,0.88604736328125
87,0,0.08746337890625,1.25909423828125,0.88604736328125
88,0,0.08746337890625,1.25909423828125,0.88604736328125
80,0.40000000000000036,-0.194580078125,1.4766845703125,7.6427001953125
79,0.40000000000000036,0.8118896484375,0.4375,7.64703369140625
78,0.40000000000000036,-0.52581787109375,0.520751953125,7.660888671875
77,0.40000000000000036,0.4290771484375,1.28704833984375,7.65863037109375
76,0.40000000000000036,0.2569580078125,0.20526123046875,7.670166015625
75,0.40000000000000036,-0.2591552734375,1.00079345703125,7.676513671875
74,0.40000000000000036,0.48486328125,0.79461669921875,7.6793212890625
73,0.40000000000000036,-0.00360107421875,0.578369140625,7.68939208984375
88,0.0069444444444450859,0.10595703125,1.255615234375,1.03765869140625
87,0.0069444444444450859,0.07373046875,1.25140380859375,1.03802490234375
86,0.0069444444444450859,0.0931396484375,1.2744140625,1.0379638671875
85,0.0069444444444450859,0.09417724609375,1.2469482421875,1.0382080078125
84,0.0069444444444450859,0.07696533203125,1.2645263671875,1.03839111328125
83,0.0069444444444450859,0.09820556640625,1.26318359375,1.03839111328125
82,0.0069444444444450859,0.08453369140625,1.25250244140625,1.03863525390625
81,0.0069444444444450859,0.08721923828125,1.26422119140625,1.03875732421875
80,0.406944444444445,-0.19873046875,1.46502685546875,7.7427978515625
79,0.406944444444445,0.8226318359375,0.41046142578125,7.7471923828125
78,0.406944444444445,-0.534912109375,0.49493408203125,7.76129150390625
77,0.406944444444445,0.43414306640625,1.2725830078125,7.759033203125
76,0.406944444444445,0.25946044921875,0.1748046875,7.77069091796875
75,0.406944444444445,-0.26434326171875,0.9820556640625,7.77716064453125
74,0.406944444444445,0.49072265625,0.77288818359375,7.77996826171875
73,0.406944444444445,-0.00494384765625,0.55340576171875,7.79022216796875
88,0.013888888888889728,0.1243896484375,1.25213623046875,1.18927001953125
87,0.013888888888889728,0.05999755859375,1.24371337890625,1.19000244140625
86,0.013888888888889728,0.098876953125,1.2896728515625,1.18988037109375
85,0.013888888888889728,0.100830078125,1.2347412109375,1.1903076171875
84,0.013888888888889728,0.0665283203125,1.26995849609375,1.190673828125
83,0.013888888888889728,0.1090087890625,1.2672119140625,1.19073486328125
82,0.013888888888889728,0.08160400390625,1.2459716796875,1.1912841796875
81,0.013888888888889728,0.0869140625,1.26934814453125,1.19140625
80,0.41388888888888964,-0.20294189453125,1.45294189453125,7.8428955078125
79,0.41388888888888964,0.8333740234375,0.38299560546875,7.847412109375
78,0.41388888888888964,-0.54400634765625,0.46868896484375,7.8616943359375
77,0.41388888888888964,0.43914794921875,1.25762939453125,7.859375
76,0.41388888888888964,0.261962890625,0.14385986328125,7.8712158203125
75,0.41388888888888964,-0.26947021484375,0.96295166015625,7.87774658203125
74,0.41388888888888964,0.49658203125,0.75067138671875,7.880615234375
73,0.41388888888888964,-0.00628662109375,0.52801513671875,7.8909912109375
88,0.020833333333333481,0.14288330078125,1.24859619140625,1.34088134765625
87,0.020833333333333481,0.0462646484375,1.236083984375,1.3419189453125
86,0.020833333333333481,0.10455322265625,1.30499267578125,1.34173583984375
85,0.020833333333333481,0.1075439453125,1.22259521484375,1.34246826171875
84,0.020833333333333481,0.0560302734375,1.275390625,1.343017578125
83,0.020833333333333481,0.1197509765625,1.27130126953125,1.34307861328125
82,0.020833333333333481,0.07867431640625,1.2393798828125,1.3438720703125
81,0.020833333333333481,0.086669921875,1.27447509765625,1.3441162109375
80,0.42083333333333339,-0.20709228515625,1.44036865234375,7.94305419921875
79,0.42083333333333339,0.84405517578125,0.35504150390625,7.94757080078125
78,0.42083333333333339,-0.55303955078125,0.44195556640625,7.9620361328125
77,0.42083333333333339,0.4442138671875,1.24224853515625,7.959716796875
76,0.42083333333333339,0.26446533203125,0.1124267578125,7.97174072265625
75,0.42083333333333339,-0.27459716796875,0.94329833984375,7.97833251953125
74,0.42083333333333339,0.50250244140625,0.72802734375,7.98126220703125
73,0.42083333333333339,-0.00762939453125,0.50213623046875,7.9918212890625
88,0.027777777777778123,0.16131591796875,1.2451171875,1.49249267578125
87,0.027777777777778123,0.03253173828125,1.2283935546875,1.493896484375
86,0.027777777777778123,0.1102294921875,1.32025146484375,1.49365234375
85,0.027777777777778123,0.11419677734375,1.21038818359375,1.49462890625
84,0.027777777777778123,0.0455322265625,1.28082275390625,1.495361328125
83,0.027777777777778123,0.13055419921875,1.27532958984375,1.49542236328125
82,0.027777777777778123,0.0758056640625,1.2327880859375,1.4964599609375
81,0.027777777777778123,0.08642578125,1.27960205078125,1.496826171875
80,0.42777777777777803,-0.2113037109375,1.42730712890625,8.04315185546875
79,0.42777777777777803,0.85479736328125,0.3265380859375,8.0477294921875
78,0.42777777777777803,-0.5621337890625,0.41473388671875,8.06243896484375
77,0.42777777777777803,0.44927978515625,1.22637939453125,8.06005859375
76,0.42777777777777803,0.2669677734375,0.08056640625,8.072265625
75,0.42777777777777803,-0.27972412109375,0.9232177734375,8.0789794921875
74,0.42777777777777803,0.50836181640625,0.704833984375,8.0819091796875
73,0.42777777777777803,-0.00897216796875,0.47576904296875,8.0926513671875
88,0.034722222222222765,0.1798095703125,1.24163818359375,1.6441650390625
87,0.034722222222222765,0.01873779296875,1.220703125,1.6458740234375
86,0.034722222222222765,0.115966796875,1.3355712890625,1.64556884765625
85,0.034722222222222765,0.12091064453125,1.1982421875,1.64678955078125
84,0.034722222222222765,0.03509521484375,1.2862548828125,1.64764404296875
83,0.034722222222222765,0.14129638671875,1.2794189453125,1.64776611328125
82,0.034722222222222765,0.0728759765625,1.22625732421875,1.64910888671875
81,0.034722222222222765,0.08612060546875,1.28472900390625,1.64947509765625
80,0.43472222222222268,-0.2154541015625,1.413818359375,8.14324951171875
79,0.43472222222222268,0.86553955078125,0.29766845703125,8.14788818359375
78,0.43472222222222268,-0.57122802734375,0.3870849609375,8.162841796875
77,0.43472222222222268,0.454345703125,1.2100830078125,8.160400390625
76,0.43472222222222268,0.26953125,0.0482177734375,8.17279052734375
75,0.43472222222222268,-0.28485107421875,0.90264892578125,8.1795654296875
74,0.43472222222222268,0.5142822265625,0.6812744140625,8.18255615234375
73,0.43472222222222268,-0.01031494140625,0.448974609375,8.19342041015625
88,0.041666666666667407,0.1982421875,1.2381591796875,1.7957763671875
87,0.041666666666667407,0.0050048828125,1.2130126953125,1.7978515625
86,0.041666666666667407,0.12164306640625,1.35089111328125,1.7974853515625
85,0.041666666666667407,0.12762451171875,1.18609619140625,1.79888916015625
84,0.041666666666667407,0.02459716796875,1.29168701171875,1.79998779296875
83,0.041666666666667407,0.15203857421875,1.283447265625,1.80010986328125
82,0.041666666666667407,0.0699462890625,1.21966552734375,1.80169677734375
81,0.041666666666667407,0.08587646484375,1.28985595703125,1.80218505859375
80,0.44166666666666732,-0.21966552734375,1.3997802734375,8.24334716796875
79,0.44166666666666732,0.87628173828125,0.26824951171875,8.24810791015625
78,0.44166666666666732,-0.580322265625,0.35888671875,8.26318359375
77,0.44166666666666732,0.45941162109375,1.1932373046875,8.2607421875
76,0.43962069645362134,0.27130126953125,0,8.24371337890625
75,0.44166666666666732,-0.28997802734375,0.881591796875,8.28021240234375
74,0.44166666666666732,0.5201416015625,0.6571044921875,8.283203125
73,0.44166666666666732,-0.01171875,0.421630859375,8.29425048828125
88,0.04861111111111116,0.21673583984375,1.23468017578125,1.9473876953125
87,0.04861111111111116,-0.00872802734375,1.20538330078125,1.9498291015625
86,0.04861111111111116,0.1273193359375,1.36614990234375,1.94940185546875
85,0.04861111111111116,0.13427734375,1.17388916015625,1.9510498046875
84,0.04861111111111116,0.01409912109375,1.297119140625,1.9522705078125
83,0.04861111111111116,0.162841796875,1.28753662109375,1.95245361328125
82,0.04861111111111116,0.0670166015625,1.213134765625,1.95428466796875
81,0.04861111111111116,0.08563232421875,1.29498291015625,1.95489501953125
80,0.44861111111111107,-0.22381591796875,1.38531494140625,8.343505859375
79,0.44861111111111107,0.88702392578125,0.23834228515625,8.3482666015625
78,0.44861111111111107,-0.58941650390625,0.33026123046875,8.36358642578125
77,0.44861111111111107,0.4644775390625,1.17596435546875,8.361083984375
75,0.44861111111111107,-0.295166015625,0.86004638671875,8.38079833984375
74,0.44861111111111107,0.52606201171875,0.63250732421875,8.38385009765625
73,0.44861111111111107,-0.0130615234375,0.39385986328125,8.39501953125
88,0.0555555555555558,0.23516845703125,1.23114013671875,2.0989990234375
87,0.0555555555555558,-0.0224609375,1.19769287109375,2.10174560546875
86,0.0555555555555558,0.133056640625,1.3814697265625,2.10125732421875
85,0.0555555555555558,0.1409912109375,1.1617431640625,2.10321044921875
84,0.0555555555555558,0.003662109375,1.30255126953125,2.1046142578125
83,0.0555555555555558,0.173583984375,1.29156494140625,2.10479736328125
82,0.0555555555555558,0.0640869140625,1.20654296875,2.10693359375
81,0.0555555555555558,0.0853271484375,1.30010986328125,2.10760498046875
80,0.45555555555555571,-0.22802734375,1.37042236328125,8.443603515625
79,0.45555555555555571,0.89776611328125,0.20806884765625,8.44842529296875
78,0.45555555555555571,-0.5985107421875,0.30120849609375,8.4639892578125
77,0.45555555555555571,0.46954345703125,1.15826416015625,8.46142578125
75,0.45555555555555571,-0.30029296875,0.83807373046875,8.4814453125
74,0.45555555555555571,0.53192138671875,0.6075439453125,8.48455810546875
73,0.45555555555555571,-0.014404296875,0.3656005859375,8.495849609375
88,0.062500000000000444,0.253662109375,1.2276611328125,2.2506103515625
87,0.062500000000000444,-0.03619384765625,1.19000244140625,2.25372314453125
86,0.062500000000000444,0.13873291015625,1.396728515625,2.253173828125
85,0.062500000000000444,0.147705078125,1.1495361328125,2.25537109375
84,0.062500000000000444,-0.0068359375,1.3079833984375,2.2569580078125
83,0.062500000000000444,0.18438720703125,1.295654296875,2.25714111328125
82,0.062500000000000444,0.0611572265625,1.199951171875,2.259521484375
81,0.062500000000000444,0.0850830078125,1.30523681640625,2.26025390625
80,0.46250000000000036,-0.232177734375,1.35498046875,8.543701171875
79,0.46250000000000036,0.90850830078125,0.17724609375,8.54864501953125
78,0.46250000000000036,-0.60760498046875,0.27154541015625,8.5643310546875
77,0.46250000000000036,0.474609375,1.1400146484375,8.561767578125
75,0.46250000000000036,-0.305419921875,0.81561279296875,8.58203125
74,0.46250000000000036,0.537841796875,0.58197021484375,8.585205078125
73,0.46250000000000036,-0.0157470703125,0.33685302734375,8.59661865234375
88,0.069444444444445086,0.2720947265625,1.22412109375,2.40203857421875
87,0.069444444444445086,-0.0499267578125,1.1822509765625,2.40545654296875
86,0.069444444444445086,0.1444091796875,1.4119873046875,2.40484619140625
85,0.069444444444445086,0.15435791015625,1.1373291015625,2.40728759765625
84,0.069444444444445086,-0.01727294921875,1.3133544921875,2.4090576171875
83,0.069444444444445086,0.19512939453125,1.29962158203125,2.40924072265625
82,0.069444444444445086,0.05828857421875,1.193359375,2.41192626953125
81,0.069444444444445086,0.0848388671875,1.310302734375,2.4127197265625
80,0.469444444444445,-0.23638916015625,1.339111328125,8.643798828125
79,0.469444444444445,0.919189453125,0.14599609375,8.6488037109375
78,0.469444444444445,-0.61669921875,0.24151611328125,8.66473388671875
77,0.469444444444445,0.47967529296875,1.121337890625,8.66217041015625
75,0.469444444444445,-0.310546875,0.79266357421875,8.68267822265625
74,0.469444444444445,0.543701171875,0.5560302734375,8.68585205078125
73,0.469444444444445,-0.01708984375,0.30767822265625,8.69744873046875
88,0.076388888888889728,0.290283203125,1.22027587890625,2.55120849609375
87,0.076388888888889728,-0.06341552734375,1.17431640625,2.5550537109375
86,0.076388888888889728,0.1500244140625,1.42657470703125,2.5543212890625
85,0.076388888888889728,0.16094970703125,1.12493896484375,2.5570068359375
84,0.076388888888889728,-0.027587890625,1.31829833984375,2.5589599609375
83,0.076388888888889728,0.2056884765625,1.30322265625,2.5592041015625
82,0.076388888888889728,0.055419921875,1.18646240234375,2.56207275390625
81,0.076388888888889728,0.0845947265625,1.31494140625,2.56298828125
80,0.47638888888888964,-0.24053955078125,1.32275390625,8.74395751953125
79,0.47638888888888964,0.929931640625,0.11419677734375,8.74896240234375
78,0.47638888888888964,-0.625732421875,0.21099853515625,8.76513671875
77,0.47638888888888964,0.4847412109375,1.1021728515625,8.76251220703125
75,0.47638888888888964,-0.315673828125,0.769287109375,8.78326416015625
74,0.47638888888888964,0.54962158203125,0.529541015625,8.7864990234375
73,0.47638888888888964,-0.0184326171875,0.27801513671875,8.79827880859375
88,0.083333333333333481,0.30810546875,1.216064453125,2.69775390625
87,0.083333333333333481,-0.07672119140625,1.166015625,2.701904296875
86,0.083333333333333481,0.155517578125,1.44049072265625,2.701171875
85,0.083333333333333481,0.16741943359375,1.1123046875,2.70404052734375
84,0.083333333333333481,-0.0377197265625,1.32269287109375,2.70611572265625
83,0.083333333333333481,0.21612548828125,1.3062744140625,2.7064208984375
82,0.083333333333333481,0.05255126953125,1.17926025390625,2.7095947265625
81,0.083333333333333481,0.08428955078125,1.31903076171875,2.7105712890625
80,0.48333333333333339,-0.2447509765625,1.305908203125,8.84405517578125
79,0.48333333333333339,0.940673828125,0.08197021484375,8.84918212890625
78,0.48333333333333339,-0.63482666015625,0.17999267578125,8.865478515625
77,0.48333333333333339,0.48980712890625,1.08251953125,8.86285400390625
75,0.48333333333333339,-0.32080078125,0.745361328125,8.88385009765625
74,0.48333333333333339,0.55548095703125,0.50262451171875,8.88714599609375
73,0.48333333333333339,-0.019775390625,0.24786376953125,8.8990478515625
88,0.090277777777778123,0.32562255859375,1.2113037109375,2.841552734375
87,0.090277777777778123,-0.0897216796875,1.1573486328125,2.84600830078125
86,0.090277777777778123,0.16094970703125,1.45361328125,2.84521484375
85,0.090277777777778123,0.17376708984375,1.099365234375,2.848388671875
84,0.090277777777778123,-0.04766845703125,1.326416015625,2.85064697265625
83,0.090277777777778123,0.226318359375,1.3087158203125,2.8509521484375
82,0.090277777777778123,0.0498046875,1.171630859375,2.85430908203125
81,0.090277777777778123,0.08404541015625,1.32244873046875,2.85540771484375
80,0.49027777777777803,-0.2489013671875,1.28863525390625,8.94415283203125
79,0.49027777777777803,0.951416015625,0.04931640625,8.9493408203125
78,0.49027777777777803,-0.6439208984375,0.1485595703125,8.96588134765625
77,0.49027777777777803,0.494873046875,1.06243896484375,8.96319580078125
75,0.49027777777777803,-0.325927734375,0.7210693359375,8.9844970703125
74,0.49027777777777803,0.5614013671875,0.4752197265625,8.98779296875
73,0.49027777777777803,-0.0211181640625,0.21728515625,8.9998779296875
88,0.097222222222222765,0.34283447265625,1.20623779296875,2.98272705078125
87,0.097222222222222765,-0.1025390625,1.14837646484375,2.98748779296875
86,0.097222222222222765,0.166259765625,1.46600341796875,2.98663330078125
85,0.097222222222222765,0.17999267578125,1.086181640625,2.989990234375
84,0.097222222222222765,-0.05743408203125,1.32965087890625,2.992431640625
83,0.097222222222222765,0.236328125,1.3106689453125,2.99273681640625
82,0.097222222222222765,0.04705810546875,1.1636962890625,2.99639892578125
81,0.097222222222222765,0.08380126953125,1.325439453125,2.99755859375
80,0.49722222222222268,-0.25311279296875,1.2708740234375,9.04425048828125
79,0.4953610086300313,0.95928955078125,0,9.02264404296875
78,0.49722222222222268,-0.65301513671875,0.11663818359375,9.0662841796875
77,0.49722222222222268,0.49993896484375,1.0418701171875,9.06353759765625
75,0.49722222222222268,-0.33111572265625,0.69622802734375,9.0850830078125
74,0.49722222222222268,0.5672607421875,0.44732666015625,9.08843994140625
73,0.49722222222222268,-0.0224609375,0.18621826171875,9.10064697265625
88,0.10416666666666741,0.35968017578125,1.20074462890625,3.12115478515625
87,0.10416666666666741,-0.1151123046875,1.1390380859375,3.12628173828125
86,0.10416666666666741,0.17144775390625,1.4776611328125,3.1253662109375
85,0.10416666666666741,0.18609619140625,1.07275390625,3.12896728515625
84,0.10416666666666741,-0.0670166015625,1.332275390625,3.13153076171875
83,0.10416666666666741,0.24615478515625,1.31207275390625,3.13189697265625
82,0.10416666666666741,0.04443359375,1.15533447265625,3.13580322265625
81,0.10416666666666741,0.08355712890625,1.3277587890625,3.13702392578125
80,0.50416666666666732,-0.25726318359375,1.25262451171875,9.14434814453125
78,0.50416666666666732,-0.662109375,0.084228515625,9.1666259765625
77,0.50416666666666732,0.50494384765625,1.02081298828125,9.16387939453125
75,0.50416666666666732,-0.33624267578125,0.67095947265625,9.18572998046875
74,0.50416666666666732,0.57318115234375,0.41900634765625,9.1890869140625
73,0.50416666666666732,-0.0238037109375,0.1546630859375,9.20147705078125
88,0.11111111111111116,0.376220703125,1.19482421875,3.2569580078125
87,0.11111111111111116,-0.12738037109375,1.12933349609375,3.26239013671875
86,0.11111111111111116,0.176513671875,1.48858642578125,3.26141357421875
85,0.11111111111111116,0.19207763671875,1.05908203125,3.26519775390625
84,0.11111111111111116,-0.07635498046875,1.3343505859375,3.2679443359375
83,0.11111111111111116,0.25579833984375,1.31292724609375,3.268310546875
82,0.11111111111111116,0.04180908203125,1.14666748046875,3.2724609375
81,0.11111111111111116,0.08331298828125,1.32958984375,3.27374267578125
80,0.51111111111111107,-0.26141357421875,1.23388671875,9.2445068359375
78,0.51111111111111107,-0.67120361328125,0.05133056640625,9.26702880859375
77,0.51111111111111107,0.510009765625,0.999267578125,9.26422119140625
75,0.51111111111111107,-0.34136962890625,0.6451416015625,9.28631591796875
74,0.51111111111111107,0.57904052734375,0.39013671875,9.289794921875
73,0.51111111111111107,-0.02520751953125,0.12261962890625,9.30224609375
88,0.1180555555555558,0.39239501953125,1.18853759765625,3.3900146484375
87,0.1180555555555558,-0.13946533203125,1.119384765625,3.395751953125
86,0.1180555555555558,0.1815185546875,1.498779296875,3.394775390625
85,0.1180555555555558,0.19793701171875,1.045166015625,3.39874267578125
84,0.1180555555555558,-0.0855712890625,1.33587646484375,3.40167236328125
83,0.1180555555555558,0.2652587890625,1.313232421875,3.40203857421875
82,0.1180555555555558,0.03924560546875,1.1376953125,3.4063720703125
81,0.1180555555555558,0.0831298828125,1.330810546875,3.40777587890625
80,0.51805555555555571,-0.265625,1.21466064453125,9.3446044921875
78,0.5165854154956252,-0.6783447265625,0,9.34619140625
77,0.51805555555555571,0.51507568359375,0.97723388671875,9.36456298828125
75,0.51805555555555571,-0.34649658203125,0.618896484375,9.386962890625
74,0.51805555555555571,0.58489990234375,0.36083984375,9.39044189453125
73,0.51805555555555571,-0.02655029296875,0.090087890625,9.403076171875
88,0.12500000000000044,0.4083251953125,1.1817626953125,3.52044677734375
87,0.12500000000000044,-0.1512451171875,1.10906982421875,3.5264892578125
86,0.12500000000000044,0.18646240234375,1.5081787109375,3.525390625
85,0.12500000000000044,0.2037353515625,1.03094482421875,3.52960205078125
84,0.12500000000000044,-0.0946044921875,1.33685302734375,3.53265380859375
83,0.12500000000000044,0.2745361328125,1.31298828125,3.5330810546875
82,0.12500000000000044,0.0367431640625,1.1282958984375,3.53765869140625
81,0.12500000000000044,0.0828857421875,1.33154296875,3.53912353515625
80,0.52500000000000036,-0.269775390625,1.19500732421875,9.4447021484375
77,0.52500000000000036,0.5201416015625,0.95477294921875,9.46490478515625
75,0.52500000000000036,-0.35162353515625,0.5921630859375,9.487548828125
74,0.52500000000000036,0.5908203125,0.3310546875,9.4910888671875
73,0.52500000000000036,-0.02789306640625,0.05712890625,9.50390625
88,0.13194444444444509,0.423828125,1.17462158203125,3.648193359375
87,0.13194444444444509,-0.162841796875,1.098388671875,3.65447998046875
86,0.13194444444444509,0.19122314453125,1.516845703125,3.65338134765625
85,0.13194444444444509,0.2093505859375,1.0164794921875,3.65777587890625
84,0.13194444444444509,-0.1033935546875,1.33721923828125,3.6610107421875
83,0.13194444444444509,0.28363037109375,1.31219482421875,3.661376953125
82,0.13194444444444509,0.03424072265625,1.1185302734375,3.66619873046875
81,0.13194444444444509,0.0826416015625,1.33160400390625,3.667724609375
80,0.531944444444445,-0.27398681640625,1.17486572265625,9.5447998046875
77,0.531944444444445,0.52520751953125,0.93182373046875,9.5653076171875
75,0.531944444444445,-0.35675048828125,0.56500244140625,9.58819580078125
74,0.531944444444445,0.5966796875,0.30078125,9.59173583984375
73,0.53166818792767856,-0.0291748046875,0,9.60064697265625
88,0.13888888888888973,0.4390869140625,1.16705322265625,3.773193359375
87,0.13888888888888973,-0.1741943359375,1.08734130859375,3.77978515625
86,0.13888888888888973,0.1959228515625,1.5247802734375,3.77862548828125
85,0.13888888888888973,0.21484375,1.00177001953125,3.78326416015625
84,0.13888888888888973,-0.112060546875,1.33697509765625,3.78662109375
83,0.13888888888888973,0.29248046875,1.31085205078125,3.78704833984375
82,0.13888888888888973,0.0318603515625,1.10845947265625,3.79205322265625
81,0.13888888888888973,0.08245849609375,1.3311767578125,3.79364013671875
80,0.53888888888888964,-0.27813720703125,1.154296875,9.64495849609375
77,0.53888888888888964,0.5302734375,0.908447265625,9.6656494140625
75,0.53888888888888964,-0.36187744140625,0.537353515625,9.68878173828125
74,0.53888888888888964,0.60260009765625,0.2701416015625,9.6923828125
88,0.14583333333333348,0.4539794921875,1.15911865234375,3.89556884765625
87,0.14583333333333348,-0.18524169921875,1.07598876953125,3.9024658203125
86,0.14583333333333348,0.20050048828125,1.531982421875,3.9012451171875
85,0.14583333333333348,0.22027587890625,0.98681640625,3.906005859375
84,0.14583333333333348,-0.12054443359375,1.33624267578125,3.9095458984375
83,0.14583333333333348,0.3011474609375,1.30902099609375,3.90997314453125
82,0.14583333333333348,0.02947998046875,1.0980224609375,3.91522216796875
81,0.14583333333333348,0.08221435546875,1.33013916015625,3.9168701171875
80,0.54583333333333339,-0.2823486328125,1.1331787109375,9.74505615234375
77,0.54583333333333339,0.53533935546875,0.88446044921875,9.7659912109375
75,0.54583333333333339,-0.3670654296875,0.5091552734375,9.7894287109375
74,0.54583333333333339,0.60845947265625,0.2388916015625,9.79302978515625
88,0.15277777777777812,0.46856689453125,1.1507568359375,4.01519775390625
87,0.15277777777777812,-0.19610595703125,1.0643310546875,4.02239990234375
86,0.15277777777777812,0.20501708984375,1.5384521484375,4.0211181640625
85,0.15277777777777812,0.22552490234375,0.9715576171875,4.026123046875
84,0.15277777777777812,-0.1287841796875,1.33489990234375,4.02972412109375
83,0.15277777777777812,0.3096923828125,1.306640625,4.03021240234375
82,0.15277777777777812,0.0272216796875,1.08721923828125,4.03564453125
81,0.15277777777777812,0.08203125,1.32861328125,4.037353515625
80,0.552777777777778,-0.2864990234375,1.11163330078125,9.84515380859375
77,0.552777777777778,0.5404052734375,0.860107421875,9.8663330078125
75,0.552777777777778,-0.3721923828125,0.4805908203125,9.8900146484375
74,0.552777777777778,0.6143798828125,0.207275390625,9.8936767578125
88,0.15972222222222276,0.4827880859375,1.1419677734375,4.1322021484375
87,0.15972222222222276,-0.20672607421875,1.05230712890625,4.1396484375
86,0.15972222222222276,0.20941162109375,1.54412841796875,4.1383056640625
85,0.15972222222222276,0.230712890625,0.9560546875,4.14349365234375
84,0.15972222222222276,-0.1368408203125,1.3330078125,4.14727783203125
83,0.15972222222222276,0.3179931640625,1.30364990234375,4.14776611328125
82,0.15972222222222276,0.02496337890625,1.0760498046875,4.1534423828125
81,0.15972222222222276,0.081787109375,1.32647705078125,4.15521240234375
80,0.55972222222222268,-0.29071044921875,1.089599609375,9.94525146484375
77,0.55972222222222268,0.54547119140625,0.83526611328125,9.9666748046875
75,0.55972222222222268,-0.3773193359375,0.45147705078125,9.9906005859375
74,0.55972222222222268,0.6202392578125,0.17510986328125,9.99432373046875
88,0.16666666666666741,0.4967041015625,1.1326904296875,4.24652099609375
87,0.16666666666666741,-0.217041015625,1.0399169921875,4.25421142578125
86,0.16666666666666741,0.21368408203125,1.549072265625,4.2528076171875
85,0.16666666666666741,0.23577880859375,0.9403076171875,4.2581787109375
84,0.16666666666666741,-0.144775390625,1.33050537109375,4.2620849609375
83,0.16666666666666741,0.32611083984375,1.30010986328125,4.2625732421875
82,0.16666666666666741,0.02276611328125,1.06451416015625,4.26849365234375
81,0.16666666666666741,0.08160400390625,1.32373046875,4.27032470703125
80,0.56666666666666732,-0.29486083984375,1.067138671875,10.04541015625
77,0.56666666666666732,0.550537109375,0.80999755859375,10.0670166015625
75,0.56666666666666732,-0.3824462890625,0.4219970703125,10.09124755859375
74,0.56666666666666732,0.62615966796875,0.142578125,10.094970703125
88,0.17361111111111116,0.51031494140625,1.12310791015625,4.35809326171875
87,0.17361111111111116,-0.2271728515625,1.02728271484375,4.3660888671875
86,0.17361111111111116,0.2178955078125,1.5533447265625,4.36468505859375
85,0.17361111111111116,0.24066162109375,0.92431640625,4.37017822265625
84,0.17361111111111116,-0.1524658203125,1.3275146484375,4.37420654296875
83,0.17361111111111116,0.33404541015625,1.29608154296875,4.374755859375
82,0.17361111111111116,0.02056884765625,1.0526123046875,4.38079833984375
81,0.17361111111111116,0.0814208984375,1.32049560546875,4.3826904296875
80,0.57361111111111107,-0.299072265625,1.04412841796875,10.1455078125
77,0.57361111111111107,0.55560302734375,0.7841796875,10.1673583984375
75,0.57361111111111107,-0.3875732421875,0.39190673828125,10.19183349609375
74,0.57361111111111107,0.63201904296875,0.10943603515625,10.1956787109375
88,0.1805555555555558,0.5235595703125,1.11309814453125,4.467041015625
87,0.1805555555555558,-0.237060546875,1.01422119140625,4.4752197265625
86,0.1805555555555558,0.22198486328125,1.55682373046875,4.47381591796875
85,0.1805555555555558,0.2454833984375,0.9080810546875,4.4794921875
84,0.1805555555555558,-0.1600341796875,1.32391357421875,4.483642578125
83,0.1805555555555558,0.34173583984375,1.29150390625,4.48419189453125
82,0.1805555555555558,0.01849365234375,1.0404052734375,4.49041748046875
81,0.1805555555555558,0.08123779296875,1.316650390625,4.492431640625
80,0.58055555555555571,-0.30322265625,1.02069091796875,10.24560546875
77,0.58055555555555571,0.5606689453125,0.7579345703125,10.2677001953125
75,0.58055555555555571,-0.3927001953125,0.3614501953125,10.29248046875
74,0.58055555555555571,0.637939453125,0.07586669921875,10.29632568359375
88,0.18750000000000044,0.5364990234375,1.1026611328125,4.57330322265625
87,0.18750000000000044,-0.2467041015625,1.0008544921875,4.58172607421875
86,0.18750000000000044,0.22601318359375,1.55950927734375,4.58026123046875
85,0.18750000000000044,0.25018310546875,0.89154052734375,4.58612060546875
84,0.18750000000000044,-0.1673583984375,1.3197021484375,4.59039306640625
83,0.18750000000000044,0.34930419921875,1.286376953125,4.5909423828125
82,0.18750000000000044,0.0164794921875,1.02783203125,4.597412109375
81,0.18750000000000044,0.0810546875,1.312255859375,4.59942626953125
80,0.58750000000000036,-0.30743408203125,0.99676513671875,10.345703125
77,0.58750000000000036,0.56573486328125,0.731201171875,10.3680419921875
75,0.58750000000000036,-0.39788818359375,0.3304443359375,10.39306640625
74,0.58750000000000036,0.643798828125,0.0418701171875,10.39697265625
88,0.19444444444444509,0.54913330078125,1.091796875,4.67681884765625
87,0.19444444444444509,-0.25604248046875,0.98712158203125,4.685546875
86,0.19444444444444509,0.2298583984375,1.56146240234375,4.6839599609375
85,0.19444444444444509,0.2547607421875,0.874755859375,4.69000244140625
84,0.19444444444444509,-0.17449951171875,1.31494140625,4.6944580078125
83,0.19444444444444509,0.35662841796875,1.2806396484375,4.69500732421875
82,0.19444444444444509,0.01446533203125,1.01483154296875,4.70159912109375
81,0.19444444444444509,0.08087158203125,1.3072509765625,4.70367431640625
80,0.594444444444445,-0.31158447265625,0.972412109375,10.44586181640625
77,0.594444444444445,0.57073974609375,0.70404052734375,10.46844482421875
75,0.594444444444445,-0.40301513671875,0.299072265625,10.49371337890625
74,0.5908947883740655,0.64666748046875,0,10.4461669921875
88,0.20138888888888973,0.5614013671875,1.08056640625,4.77777099609375
87,0.20138888888888973,-0.26519775390625,0.97314453125,4.78668212890625
86,0.20138888888888973,0.233642578125,1.562744140625,4.78509521484375
85,0.20138888888888973,0.25921630859375,0.85772705078125,4.79132080078125
84,0.20138888888888973,-0.18145751953125,1.30963134765625,4.79583740234375
83,0.20138888888888973,0.36383056640625,1.2744140625,4.79638671875
82,0.20138888888888973,0.01251220703125,1.00152587890625,4.80322265625
81,0.20138888888888973,0.0806884765625,1.3017578125,4.80535888671875
80,0.60138888888888964,-0.3157958984375,0.947509765625,10.54595947265625
77,0.60138888888888964,0.5758056640625,0.67633056640625,10.56878662109375
75,0.60138888888888964,-0.40814208984375,0.26708984375,10.59429931640625
88,0.20833333333333348,0.5736083984375,1.06884765625,4.8778076171875
87,0.20833333333333348,-0.2742919921875,0.95867919921875,4.886962890625
86,0.20833333333333348,0.2374267578125,1.5634765625,4.8853759765625
85,0.20833333333333348,0.26361083984375,0.84033203125,4.8917236328125
84,0.20833333333333348,-0.18841552734375,1.3038330078125,4.8963623046875
83,0.20833333333333348,0.37091064453125,1.2677001953125,4.89697265625
82,0.20833333333333348,0.0106201171875,0.98779296875,4.9039306640625
81,0.20833333333333348,0.08050537109375,1.2957763671875,4.9061279296875
80,0.60833333333333339,-0.3199462890625,0.92218017578125,10.64605712890625
77,0.60833333333333339,0.58087158203125,0.648193359375,10.66912841796875
75,0.60833333333333339,-0.41326904296875,0.2347412109375,10.6949462890625
88,0.21527777777777812,0.5858154296875,1.05670166015625,4.9779052734375
87,0.21527777777777812,-0.2833251953125,0.9437255859375,4.9873046875
86,0.21527777777777812,0.2412109375,1.56365966796875,4.985595703125
85,0.21527777777777812,0.26800537109375,0.8223876953125,4.99212646484375
84,0.21527777777777812,-0.1953125,1.29754638671875,4.99688720703125
83,0.21527777777777812,0.3780517578125,1.260498046875,4.99749755859375
82,0.21527777777777812,0.0086669921875,0.97357177734375,5.004638671875
81,0.21527777777777812,0.080322265625,1.28924560546875,5.00689697265625
80,0.615277777777778,-0.32415771484375,0.8963623046875,10.74615478515625
77,0.615277777777778,0.5859375,0.61956787109375,10.76947021484375
75,0.615277777777778,-0.41839599609375,0.20184326171875,10.7955322265625
88,0.22222222222222276,0.59796142578125,1.04400634765625,5.07794189453125
87,0.22222222222222276,-0.29241943359375,0.92828369140625,5.08758544921875
86,0.22222222222222276,0.24493408203125,1.5633544921875,5.08587646484375
85,0.22222222222222276,0.2724609375,0.80401611328125,5.092529296875
84,0.22222222222222276,-0.20220947265625,1.290771484375,5.097412109375
83,0.22222222222222276,0.3851318359375,1.2528076171875,5.0980224609375
82,0.22222222222222276,0.0067138671875,0.9588623046875,5.1053466796875
81,0.22222222222222276,0.08013916015625,1.28228759765625,5.107666015625
80,0.62222222222222268,-0.32830810546875,0.8701171875,10.84625244140625
77,0.62222222222222268,0.59100341796875,0.59051513671875,10.86981201171875
75,0.62222222222222268,-0.42352294921875,0.16851806640625,10.8961181640625
88,0.22916666666666741,0.61016845703125,1.0308837890625,5.17803955078125
87,0.22916666666666741,-0.30145263671875,0.91241455078125,5.1878662109375
86,0.22916666666666741,0.24871826171875,1.56268310546875,5.1861572265625
85,0.22916666666666741,0.27685546875,0.78515625,5.1929931640625
84,0.22916666666666741,-0.20916748046875,1.28350830078125,5.19793701171875
83,0.22916666666666741,0.39227294921875,1.24468994140625,5.1986083984375
82,0.22916666666666741,0.00482177734375,0.9437255859375,5.20611572265625
81,0.22916666666666741,0.08001708984375,1.27484130859375,5.20843505859375
80,0.62916666666666732,-0.33245849609375,0.84332275390625,10.9464111328125
77,0.62916666666666732,0.5960693359375,0.5609130859375,10.97015380859375
75,0.62916666666666732,-0.42864990234375,0.13470458984375,10.99676513671875
88,0.23611111111111116,0.62237548828125,1.01727294921875,5.278076171875
87,0.23611111111111116,-0.310546875,0.89605712890625,5.28814697265625
86,0.23611111111111116,0.25244140625,1.56146240234375,5.286376953125
85,0.23611111111111116,0.28131103515625,0.76580810546875,5.29339599609375
84,0.23611111111111116,-0.216064453125,1.27581787109375,5.2984619140625
83,0.23611111111111116,0.39935302734375,1.236083984375,5.29913330078125
82,0.23611111111111116,0.00286865234375,0.9281005859375,5.30682373046875
81,0.23611111111111116,0.079833984375,1.26690673828125,5.3092041015625
80,0.63611111111111107,-0.336669921875,0.81610107421875,11.0465087890625
77,0.63611111111111107,0.60113525390625,0.5308837890625,11.07049560546875
75,0.63611111111111107,-0.433837890625,0.10040283203125,11.09735107421875
88,0.2430555555555558,0.634521484375,1.00323486328125,5.378173828125
87,0.2430555555555558,-0.31964111328125,0.87921142578125,5.38848876953125
86,0.2430555555555558,0.2562255859375,1.55975341796875,5.38665771484375
85,0.2430555555555558,0.28570556640625,0.74603271484375,5.393798828125
84,0.2430555555555558,-0.22296142578125,1.26763916015625,5.3990478515625
83,0.2430555555555558,0.40643310546875,1.22698974609375,5.39971923828125
82,0.2430555555555558,0.0009765625,0.9119873046875,5.40753173828125
81,0.2430555555555558,0.07965087890625,1.258544921875,5.40997314453125
80,0.64305555555555571,-0.3408203125,0.7884521484375,11.1466064453125
77,0.64305555555555571,0.606201171875,0.50042724609375,11.17083740234375
75,0.64305555555555571,-0.43896484375,0.06573486328125,11.197998046875
88,0.25000000000000044,0.646728515625,0.98870849609375,5.478271484375
87,0.25000000000000044,-0.32867431640625,0.8619384765625,5.48876953125
86,0.25000000000000044,0.260009765625,1.55767822265625,5.48687744140625
85,0.25000000000000044,0.29010009765625,0.72576904296875,5.49420166015625
84,0.25000000000000044,-0.22991943359375,1.259033203125,5.49957275390625
83,0.25000000000000044,0.41357421875,1.21746826171875,5.500244140625
82,0.25000000000000044,-0.0009765625,0.89544677734375,5.50823974609375
81,0.25000000000000044,0.0794677734375,1.24969482421875,5.5107421875
80,0.65000000000000036,-0.34503173828125,0.76025390625,11.2467041015625
77,0.65000000000000036,0.61126708984375,0.46942138671875,11.27117919921875
75,0.65000000000000036,-0.444091796875,0.03045654296875,11.298583984375
88,0.25694444444444509,0.658935546875,0.9736328125,5.57830810546875
87,0.25694444444444509,-0.3377685546875,0.8441162109375,5.58905029296875
86,0.25694444444444509,0.26373291015625,1.55499267578125,5.587158203125
85,0.25694444444444509,0.2945556640625,0.7049560546875,5.5946044921875
84,0.25694444444444509,-0.23681640625,1.24981689453125,5.60009765625
83,0.25694444444444509,0.420654296875,1.2073974609375,5.60076904296875
82,0.25694444444444509,-0.0029296875,0.87835693359375,5.60894775390625
81,0.25694444444444509,0.07928466796875,1.2403564453125,5.611572265625
80,0.656944444444445,-0.34918212890625,0.73162841796875,11.34686279296875
77,0.656944444444445,0.6163330078125,0.43798828125,11.37158203125
75,0.65106069231708363,-0.44488525390625,0,11.31396484375
88,0.26388888888888973,0.67108154296875,0.9581298828125,5.67840576171875
87,0.26388888888888973,-0.3468017578125,0.82586669921875,5.6893310546875
86,0.26388888888888973,0.26751708984375,1.55194091796875,5.68743896484375
85,0.26388888888888973,0.2989501953125,0.68377685546875,5.695068359375
84,0.26388888888888973,-0.24371337890625,1.240234375,5.70062255859375
83,0.26388888888888973,0.42779541015625,1.1968994140625,5.70135498046875
82,0.26388888888888973,-0.00482177734375,0.86083984375,5.709716796875
81,0.26388888888888973,0.0791015625,1.23052978515625,5.71234130859375
80,0.66388888888888964,-0.3533935546875,0.7025146484375,11.44696044921875
77,0.66388888888888964,0.62139892578125,0.40606689453125,11.471923828125
88,0.27083333333333348,0.68328857421875,0.9422607421875,5.7784423828125
87,0.27083333333333348,-0.35589599609375,0.80718994140625,5.7896728515625
86,0.27083333333333348,0.271240234375,1.54840087890625,5.78765869140625
85,0.27083333333333348,0.3033447265625,0.662109375,5.79547119140625
84,0.27083333333333348,-0.2506103515625,1.230224609375,5.8011474609375
83,0.27083333333333348,0.43487548828125,1.18597412109375,5.8018798828125
82,0.27083333333333348,-0.00677490234375,0.8428955078125,5.8104248046875
81,0.27083333333333348,0.07891845703125,1.2203369140625,5.8131103515625
80,0.67083333333333339,-0.3575439453125,0.67291259765625,11.54705810546875
77,0.67083333333333339,0.62646484375,0.37359619140625,11.572265625
88,0.27777777777777812,0.69549560546875,0.92578125,5.8785400390625
87,0.27777777777777812,-0.36492919921875,0.78790283203125,5.88995361328125
86,0.27777777777777812,0.2750244140625,1.5443115234375,5.887939453125
85,0.27777777777777812,0.30780029296875,0.63995361328125,5.8958740234375
84,0.27777777777777812,-0.257568359375,1.21966552734375,5.90167236328125
83,0.27777777777777812,0.4420166015625,1.1744384765625,5.90240478515625
82,0.27777777777777812,-0.0086669921875,0.82440185546875,5.9111328125
81,0.27777777777777812,0.07879638671875,1.20953369140625,5.91387939453125
80,0.677777777777778,-0.36175537109375,0.642822265625,11.64715576171875
77,0.677777777777778,0.63153076171875,0.3406982421875,11.672607421875
88,0.28472222222222276,0.70770263671875,0.90887451171875,5.97857666015625
87,0.28472222222222276,-0.3740234375,0.76824951171875,5.990234375
86,0.28472222222222276,0.27880859375,1.53985595703125,5.9881591796875
85,0.28472222222222276,0.31219482421875,0.6173095703125,5.99627685546875
84,0.28472222222222276,-0.26446533203125,1.2086181640625,6.002197265625
83,0.28472222222222276,0.4490966796875,1.16253662109375,6.00299072265625
82,0.28472222222222276,-0.0106201171875,0.80548095703125,6.0118408203125
81,0.28472222222222276,0.07861328125,1.19830322265625,6.0146484375
80,0.68472222222222268,-0.36590576171875,0.6123046875,11.747314453125
77,0.68472222222222268,0.63653564453125,0.307373046875,11.77294921875
88,0.29166666666666741,0.7198486328125,0.8914794921875,6.07867431640625
87,0.29166666666666741,-0.38311767578125,0.74810791015625,6.09051513671875
86,0.29166666666666741,0.28253173828125,1.53485107421875,6.08843994140625
85,0.29166666666666741,0.31658935546875,0.59417724609375,6.09674072265625
84,0.29166666666666741,-0.2713623046875,1.1971435546875,6.10272216796875
83,0.29166666666666741,0.4561767578125,1.150146484375,6.103515625
82,0.29166666666666741,-0.01251220703125,0.78607177734375,6.11260986328125
81,0.29166666666666741,0.07843017578125,1.1866455078125,6.11541748046875
80,0.69166666666666732,-0.3701171875,0.581298828125,11.847412109375
77,0.69166666666666732,0.6416015625,0.2735595703125,11.873291015625
88,0.29861111111111116,0.7320556640625,0.8736572265625,6.1787109375
87,0.29861111111111116,-0.39215087890625,0.72747802734375,6.19085693359375
86,0.29861111111111116,0.28631591796875,1.5294189453125,6.188720703125
85,0.29861111111111116,0.321044921875,0.57061767578125,6.1971435546875
84,0.29861111111111116,-0.2783203125,1.1851806640625,6.2032470703125
83,0.29861111111111116,0.46331787109375,1.13726806640625,6.20404052734375
82,0.29861111111111116,-0.01446533203125,0.76617431640625,6.21331787109375
81,0.29861111111111116,0.0782470703125,1.1744384765625,6.2161865234375
80,0.69861111111111107,-0.374267578125,0.5498046875,11.947509765625
77,0.69861111111111107,0.64666748046875,0.2392578125,11.9736328125
88,0.3055555555555558,0.7442626953125,0.85528564453125,6.27880859375
87,0.3055555555555558,-0.4012451171875,0.70635986328125,6.2911376953125
86,0.3055555555555558,0.2900390625,1.5234375,6.2889404296875
85,0.3055555555555558,0.325439453125,0.5465087890625,6.29754638671875
84,0.3055555555555558,-0.28521728515625,1.1727294921875,6.3038330078125
83,0.3055555555555558,0.47039794921875,1.1239013671875,6.30462646484375
82,0.3055555555555558,-0.01641845703125,0.74578857421875,6.31402587890625
81,0.3055555555555558,0.07806396484375,1.16180419921875,6.31695556640625
80,0.70555555555555571,-0.37847900390625,0.51788330078125,12.047607421875
77,0.70555555555555571,0.6517333984375,0.20452880859375,12.073974609375
88,0.31250000000000044,0.75640869140625,0.83648681640625,6.37884521484375
87,0.31250000000000044,-0.4102783203125,0.684814453125,6.39141845703125
86,0.31250000000000044,0.2938232421875,1.51702880859375,6.38922119140625
85,0.31250000000000044,0.329833984375,0.52203369140625,6.39794921875
84,0.31250000000000044,-0.2921142578125,1.1597900390625,6.40435791015625
83,0.31250000000000044,0.4775390625,1.110107421875,6.4051513671875
82,0.31250000000000044,-0.018310546875,0.7249755859375,6.41473388671875
81,0.31250000000000044,0.077880859375,1.148681640625,6.417724609375
80,0.71250000000000036,-0.38262939453125,0.48541259765625,12.147705078125
77,0.71250000000000036,0.65679931640625,0.16925048828125,12.17431640625
88,0.31944444444444509,0.76861572265625,0.81719970703125,6.47894287109375
87,0.31944444444444509,-0.41937255859375,0.66278076171875,6.49169921875
86,0.31944444444444509,0.297607421875,1.51019287109375,6.48944091796875
85,0.31944444444444509,0.33428955078125,0.49700927734375,6.49835205078125
84,0.31944444444444509,-0.299072265625,1.14642333984375,6.5048828125
83,0.31944444444444509,0.484619140625,1.0958251953125,6.50567626953125
82,0.31944444444444509,-0.020263671875,0.70367431640625,6.51544189453125
81,0.31944444444444509,0.07769775390625,1.1351318359375,6.5185546875
80,0.719444444444445,-0.3868408203125,0.4525146484375,12.24786376953125
77,0.719444444444445,0.661865234375,0.133544921875,12.27471923828125
88,0.32638888888888973,0.78082275390625,0.79754638671875,6.5789794921875
87,0.32638888888888973,-0.42840576171875,0.64031982421875,6.592041015625
86,0.32638888888888973,0.30133056640625,1.50286865234375,6.5897216796875
85,0.32638888888888973,0.33868408203125,0.4715576171875,6.59881591796875
84,0.32638888888888973,-0.30596923828125,1.13262939453125,6.60540771484375
83,0.32638888888888973,0.49176025390625,1.08111572265625,6.60626220703125
82,0.32638888888888973,-0.02215576171875,0.68194580078125,6.6162109375
81,0.32638888888888973,0.07757568359375,1.12109375,6.61932373046875
80,0.72638888888888964,-0.3909912109375,0.419189453125,12.34796142578125
77,0.72638888888888964,0.66693115234375,0.097412109375,12.37506103515625
88,0.33333333333333348,0.79296875,0.77728271484375,6.6790771484375
87,0.33333333333333348,-0.4375,0.6173095703125,6.69232177734375
86,0.33333333333333348,0.30511474609375,1.49505615234375,6.69000244140625
85,0.33333333333333348,0.34307861328125,0.44561767578125,6.69921875
84,0.33333333333333348,-0.3128662109375,1.1182861328125,6.7059326171875
83,0.33333333333333348,0.49884033203125,1.06585693359375,6.706787109375
82,0.33333333333333348,-0.02410888671875,0.65966796875,6.7169189453125
81,0.33333333333333348,0.077392578125,1.1065673828125,6.7200927734375
80,0.73333333333333339,-0.3951416015625,0.38531494140625,12.44805908203125
77,0.73333333333333339,0.6719970703125,0.06072998046875,12.47540283203125
88,0.34027777777777812,0.80517578125,0.756591796875,6.77911376953125
87,0.34027777777777812,-0.44659423828125,0.5938720703125,6.7926025390625
86,0.34027777777777812,0.308837890625,1.48675537109375,6.79022216796875
85,0.34027777777777812,0.3475341796875,0.419189453125,6.79962158203125
84,0.34027777777777812,-0.31982421875,1.10345458984375,6.80645751953125
83,0.34027777777777812,0.50592041015625,1.0501708984375,6.807373046875
82,0.34027777777777812,-0.0260009765625,0.636962890625,6.817626953125
81,0.34027777777777812,0.07720947265625,1.091552734375,6.82086181640625
80,0.740277777777778,-0.39935302734375,0.35101318359375,12.54815673828125
77,0.74001736187196809,0.6768798828125,0,12.57196044921875
88,0.34722222222222276,0.8173828125,0.73541259765625,6.87921142578125
87,0.34722222222222276,-0.45562744140625,0.5699462890625,6.8929443359375
86,0.34722222222222276,0.3126220703125,1.47796630859375,6.8905029296875
85,0.34722222222222276,0.3519287109375,0.39227294921875,6.9000244140625
84,0.34722222222222276,-0.32672119140625,1.08819580078125,6.906982421875
83,0.34722222222222276,0.5130615234375,1.03399658203125,6.90789794921875
82,0.34722222222222276,-0.0279541015625,0.61376953125,6.9183349609375
81,0.34722222222222276,0.0770263671875,1.0760498046875,6.921630859375
80,0.74722222222222268,-0.40350341796875,0.31622314453125,12.6483154296875
88,0.35416666666666741,0.82952880859375,0.71380615234375,6.979248046875
87,0.35416666666666741,-0.4647216796875,0.5455322265625,6.99322509765625
86,0.35416666666666741,0.31634521484375,1.46875,6.99072265625
85,0.35416666666666741,0.35638427734375,0.36492919921875,7.00042724609375
84,0.35416666666666741,-0.3336181640625,1.07244873046875,7.00750732421875
83,0.35416666666666741,0.5201416015625,1.017333984375,7.0084228515625
82,0.35416666666666741,-0.0299072265625,0.590087890625,7.01910400390625
81,0.35416666666666741,0.07684326171875,1.06011962890625,7.02239990234375
80,0.75416666666666732,-0.40771484375,0.28094482421875,12.7484130859375
88,0.36111111111111116,0.84173583984375,0.69171142578125,7.079345703125
87,0.36111111111111116,-0.4737548828125,0.52069091796875,7.093505859375
86,0.36111111111111116,0.32012939453125,1.45904541015625,7.09100341796875
85,0.36111111111111116,0.36077880859375,0.33709716796875,7.10089111328125
84,0.36111111111111116,-0.34051513671875,1.0562744140625,7.1080322265625
83,0.36111111111111116,0.52728271484375,1.000244140625,7.1090087890625
82,0.36111111111111116,-0.03179931640625,0.56597900390625,7.11981201171875
81,0.36111111111111116,0.07666015625,1.043701171875,7.1231689453125
80,0.76111111111111107,-0.411865234375,0.2452392578125,12.8485107421875
88,0.3680555555555558,0.85394287109375,0.66912841796875,7.17938232421875
87,0.3680555555555558,-0.48284912109375,0.495361328125,7.19378662109375
86,0.3680555555555558,0.32391357421875,1.4488525390625,7.1912841796875
85,0.3680555555555558,0.36517333984375,0.308837890625,7.2012939453125
84,0.3680555555555558,-0.34747314453125,1.03961181640625,7.2086181640625
83,0.3680555555555558,0.53436279296875,0.98260498046875,7.20953369140625
82,0.3680555555555558,-0.03375244140625,0.5413818359375,7.22052001953125
81,0.3680555555555558,0.0765380859375,1.02685546875,7.22393798828125
80,0.76805555555555571,-0.41607666015625,0.20904541015625,12.9486083984375
88,0.37500000000000044,0.8660888671875,0.64605712890625,7.27947998046875
87,0.37500000000000044,-0.49188232421875,0.46954345703125,7.29412841796875
86,0.37500000000000044,0.32763671875,1.438232421875,7.29150390625
85,0.37500000000000044,0.36962890625,0.280029296875,7.30169677734375
84,0.37500000000000044,-0.3543701171875,1.02239990234375,7.30914306640625
83,0.37500000000000044,0.54150390625,0.96453857421875,7.31005859375
82,0.37500000000000044,-0.03564453125,0.51629638671875,7.32122802734375
81,0.37500000000000044,0.07635498046875,1.00946044921875,7.32476806640625
80,0.77500000000000036,-0.42022705078125,0.17236328125,13.04876708984375
88,0.38194444444444509,0.8782958984375,0.62255859375,7.3795166015625
87,0.38194444444444509,-0.5009765625,0.4432373046875,7.3944091796875
86,0.38194444444444509,0.3314208984375,1.42706298828125,7.39178466796875
85,0.38194444444444509,0.3740234375,0.250732421875,7.402099609375
84,0.38194444444444509,-0.36126708984375,1.0047607421875,7.40966796875
83,0.38194444444444509,0.548583984375,0.94598388671875,7.41064453125
82,0.38194444444444509,-0.03759765625,0.49072265625,7.4219970703125
81,0.38194444444444509,0.076171875,0.99163818359375,7.425537109375
80,0.781944444444445,-0.4244384765625,0.13519287109375,13.14886474609375
88,0.38888888888888973,0.8905029296875,0.59857177734375,7.4796142578125
87,0.38888888888888973,-0.51007080078125,0.41650390625,7.49468994140625
86,0.38888888888888973,0.33514404296875,1.41552734375,7.49200439453125
85,0.38888888888888973,0.37841796875,0.2210693359375,7.5025634765625
84,0.38888888888888973,-0.36822509765625,0.9866943359375,7.51019287109375
83,0.38888888888888973,0.5556640625,0.927001953125,7.51116943359375
82,0.38888888888888973,-0.03948974609375,0.4647216796875,7.522705078125
81,0.38888888888888973,0.07598876953125,0.97332763671875,7.52630615234375
80,0.78888888888888964,-0.4285888671875,0.09759521484375,13.24896240234375
88,0.39583333333333348,0.90264892578125,0.57403564453125,7.57965087890625
87,0.39583333333333348,-0.51910400390625,0.38922119140625,7.594970703125
86,0.39583333333333348,0.33892822265625,1.40338134765625,7.59228515625
85,0.39583333333333348,0.38287353515625,0.1907958984375,7.60296630859375
84,0.39583333333333348,-0.3751220703125,0.96807861328125,7.6107177734375
83,0.39583333333333348,0.56280517578125,0.907470703125,7.6116943359375
82,0.39583333333333348,-0.04144287109375,0.43817138671875,7.6234130859375
81,0.39583333333333348,0.0758056640625,0.95452880859375,7.6270751953125
80,0.79583333333333339,-0.43280029296875,0.05950927734375,13.34906005859375
89,0,0.08746337890625,1.25909423828125,0.88604736328125
90,0,0.08746337890625,1.25909423828125,0.88604736328125
91,0,0.08746337890625,1.25909423828125,0.88604736328125
92,0,0.08746337890625,1.25909423828125,0.88604736328125
93,0,0.08746337890625,1.25909423828125,0.88604736328125
94,0,0.08746337890625,1.25909423828125,0.88604736328125
95,0,0.08746337890625,1.25909423828125,0.88604736328125
96,0,0.08746337890625,1.25909423828125,0.88604736328125
96,0.002777777777778212,0.08258056640625,1.25439453125,0.94677734375
95,0.002777777777778212,0.08831787109375,1.26605224609375,0.94677734375
94,0.002777777777778212,0.0916748046875,1.25445556640625,0.94683837890625
93,0.002777777777778212,0.082275390625,1.26019287109375,0.9468994140625
92,0.002777777777778212,0.09197998046875,1.26202392578125,0.9468994140625
91,0.002777777777778212,0.0867919921875,1.2552490234375,0.947021484375
90,0.002777777777778212,0.0863037109375,1.26220703125,0.94708251953125
89,0.002777777777778212,0.089599609375,1.25872802734375,0.9471435546875
88,0.40277777777777812,0.91485595703125,0.54913330078125,7.67974853515625
87,0.40277777777777812,-0.5281982421875,0.361572265625,7.6953125
86,0.40277777777777812,0.34271240234375,1.390869140625,7.69256591796875
85,0.40277777777777812,0.38726806640625,0.16021728515625,7.703369140625
84,0.40277777777777812,-0.38201904296875,0.94903564453125,7.71124267578125
83,0.40277777777777812,0.56988525390625,0.8875732421875,7.7122802734375
82,0.40277777777777812,-0.04339599609375,0.4112548828125,7.72412109375
81,0.40277777777777812,0.07562255859375,0.935302734375,7.72784423828125
80,0.80204377699508689,-0.4365234375,0,13.43865966796875
96,0.0097222222222228538,0.07037353515625,1.2425537109375,1.0986328125
95,0.0097222222222228538,0.09039306640625,1.28338623046875,1.0985107421875
94,0.0097222222222228538,0.1021728515625,1.242919921875,1.09881591796875
93,0.0097222222222228538,0.0693359375,1.26300048828125,1.09912109375
92,0.0097222222222228538,0.10321044921875,1.2694091796875,1.09912109375
91,0.0097222222222228538,0.08514404296875,1.2457275390625,1.0994873046875
90,0.0097222222222228538,0.08331298828125,1.2698974609375,1.099609375
89,0.0097222222222228538,0.09490966796875,1.25775146484375,1.09979248046875
88,0.40972222222222276,0.92706298828125,0.52374267578125,7.77978515625
87,0.40972222222222276,-0.5372314453125,0.3333740234375,7.79559326171875
86,0.40972222222222276,0.346435546875,1.37786865234375,7.79278564453125
85,0.40972222222222276,0.39166259765625,0.1290283203125,7.80377197265625
84,0.40972222222222276,-0.38897705078125,0.92950439453125,7.811767578125
83,0.40972222222222276,0.5770263671875,0.86712646484375,7.81280517578125
82,0.40972222222222276,-0.0452880859375,0.38372802734375,7.8248291015625
81,0.40972222222222276,0.075439453125,0.91552734375,7.82861328125
96,0.016666666666667496,0.05816650390625,1.23077392578125,1.25042724609375
95,0.016666666666667496,0.092529296875,1.30072021484375,1.25030517578125
94,0.016666666666667496,0.1126708984375,1.23138427734375,1.25079345703125
93,0.016666666666667496,0.056396484375,1.26580810546875,1.2513427734375
92,0.016666666666667496,0.11444091796875,1.27679443359375,1.25128173828125
91,0.016666666666667496,0.08349609375,1.23614501953125,1.251953125
90,0.016666666666667496,0.08038330078125,1.27764892578125,1.252197265625
89,0.016666666666667496,0.10028076171875,1.2568359375,1.25250244140625
88,0.41666666666666741,0.939208984375,0.49786376953125,7.8798828125
87,0.41666666666666741,-0.54632568359375,0.30474853515625,7.8958740234375
86,0.41666666666666741,0.3502197265625,1.3643798828125,7.89306640625
85,0.41666666666666741,0.3961181640625,0.097412109375,7.9041748046875
84,0.41666666666666741,-0.3958740234375,0.9095458984375,7.91229248046875
83,0.41666666666666741,0.5841064453125,0.84625244140625,7.91339111328125
82,0.41666666666666741,-0.0472412109375,0.3558349609375,7.92559814453125
81,0.41666666666666741,0.0753173828125,0.8953857421875,7.92938232421875
96,0.023611111111111249,0.04595947265625,1.21893310546875,1.40228271484375
95,0.023611111111111249,0.0946044921875,1.31805419921875,1.402099609375
94,0.023611111111111249,0.1231689453125,1.2198486328125,1.40277099609375
93,0.023611111111111249,0.04351806640625,1.2686767578125,1.403564453125
92,0.023611111111111249,0.1256103515625,1.2841796875,1.40350341796875
91,0.023611111111111249,0.08184814453125,1.22662353515625,1.4044189453125
90,0.023611111111111249,0.07745361328125,1.28533935546875,1.40472412109375
89,0.023611111111111249,0.1055908203125,1.255859375,1.4051513671875
88,0.42361111111111116,0.951416015625,0.471435546875,7.97991943359375
87,0.42361111111111116,-0.55535888671875,0.27557373046875,7.99615478515625
86,0.42361111111111116,0.35394287109375,1.35040283203125,7.9932861328125
85,0.42361111111111116,0.4005126953125,0.0653076171875,8.004638671875
84,0.42361111111111116,-0.40277099609375,0.8890380859375,8.01287841796875
83,0.42361111111111116,0.5911865234375,0.8248291015625,8.013916015625
82,0.42361111111111116,-0.04913330078125,0.327392578125,8.02630615234375
81,0.42361111111111116,0.07513427734375,0.8746337890625,8.0301513671875
96,0.030555555555555891,0.03375244140625,1.2071533203125,1.5540771484375
95,0.030555555555555891,0.09674072265625,1.33538818359375,1.5538330078125
94,0.030555555555555891,0.1336669921875,1.20831298828125,1.55474853515625
93,0.030555555555555891,0.03057861328125,1.271484375,1.55572509765625
92,0.030555555555555891,0.1368408203125,1.29156494140625,1.5556640625
91,0.030555555555555891,0.08013916015625,1.217041015625,1.556884765625
90,0.030555555555555891,0.074462890625,1.2930908203125,1.55731201171875
89,0.030555555555555891,0.11090087890625,1.2548828125,1.557861328125
88,0.4305555555555558,0.963623046875,0.44464111328125,8.08001708984375
87,0.4305555555555558,-0.564453125,0.24603271484375,8.09649658203125
86,0.4305555555555558,0.35772705078125,1.33599853515625,8.09356689453125
85,0.4305555555555558,0.4049072265625,0.03277587890625,8.10504150390625
84,0.4305555555555558,-0.40966796875,0.86810302734375,8.1134033203125
83,0.4305555555555558,0.59832763671875,0.80303955078125,8.11444091796875
82,0.4305555555555558,-0.05108642578125,0.298583984375,8.12701416015625
81,0.4305555555555558,0.074951171875,0.85357666015625,8.1309814453125
96,0.037500000000000533,0.02154541015625,1.19537353515625,1.7059326171875
95,0.037500000000000533,0.09881591796875,1.352783203125,1.70562744140625
94,0.037500000000000533,0.1441650390625,1.19671630859375,1.70672607421875
93,0.037500000000000533,0.01763916015625,1.2742919921875,1.70794677734375
92,0.037500000000000533,0.1480712890625,1.2989501953125,1.70782470703125
91,0.037500000000000533,0.0784912109375,1.20745849609375,1.70941162109375
90,0.037500000000000533,0.071533203125,1.30084228515625,1.7098388671875
89,0.037500000000000533,0.1162109375,1.25396728515625,1.71051025390625
88,0.43750000000000044,0.97576904296875,0.4173583984375,8.1800537109375
87,0.43750000000000044,-0.57354736328125,0.2159423828125,8.19677734375
86,0.43750000000000044,0.36151123046875,1.321044921875,8.19384765625
85,0.43218532164606671,0.40594482421875,0,8.12860107421875
84,0.43750000000000044,-0.4166259765625,0.8466796875,8.21392822265625
83,0.43750000000000044,0.60540771484375,0.78070068359375,8.21502685546875
82,0.43750000000000044,-0.052978515625,0.26922607421875,8.22772216796875
81,0.43750000000000044,0.07476806640625,0.8319091796875,8.23175048828125
96,0.044444444444445175,0.00927734375,1.18353271484375,1.8577880859375
95,0.044444444444445175,0.1009521484375,1.3701171875,1.857421875
94,0.044444444444445175,0.1546630859375,1.1851806640625,1.85870361328125
93,0.044444444444445175,0.00469970703125,1.277099609375,1.86016845703125
92,0.044444444444445175,0.1593017578125,1.30633544921875,1.86004638671875
91,0.044444444444445175,0.07684326171875,1.19793701171875,1.86187744140625
90,0.044444444444445175,0.068603515625,1.30853271484375,1.86236572265625
89,0.044444444444445175,0.12158203125,1.25299072265625,1.86322021484375
88,0.44444444444444509,0.98797607421875,0.38958740234375,8.2801513671875
87,0.44444444444444509,-0.58258056640625,0.1854248046875,8.29705810546875
86,0.44444444444444509,0.365234375,1.30572509765625,8.2940673828125
84,0.44444444444444509,-0.42352294921875,0.8248291015625,8.314453125
83,0.44444444444444509,0.612548828125,0.7579345703125,8.3155517578125
82,0.44444444444444509,-0.054931640625,0.23944091796875,8.3284912109375
81,0.44444444444444509,0.0745849609375,0.80987548828125,8.33251953125
96,0.051388888888889817,-0.0029296875,1.1717529296875,2.00958251953125
95,0.051388888888889817,0.10302734375,1.387451171875,2.0091552734375
94,0.051388888888889817,0.1651611328125,1.17364501953125,2.01068115234375
93,0.051388888888889817,-0.00823974609375,1.2799072265625,2.0123291015625
92,0.051388888888889817,0.1705322265625,1.313720703125,2.01220703125
91,0.051388888888889817,0.0751953125,1.1883544921875,2.01434326171875
90,0.051388888888889817,0.06561279296875,1.3162841796875,2.01495361328125
89,0.051388888888889817,0.12689208984375,1.2520751953125,2.015869140625
88,0.45138888888888973,1.00018310546875,0.36126708984375,8.38018798828125
87,0.45138888888888973,-0.5916748046875,0.15435791015625,8.39739990234375
86,0.45138888888888973,0.3690185546875,1.289794921875,8.39434814453125
84,0.45138888888888973,-0.430419921875,0.80242919921875,8.41497802734375
83,0.45138888888888973,0.61962890625,0.734619140625,8.41607666015625
82,0.45138888888888973,-0.056884765625,0.2091064453125,8.42919921875
81,0.45138888888888973,0.07440185546875,0.7872314453125,8.43328857421875
96,0.05833333333333357,-0.01513671875,1.159912109375,2.16143798828125
95,0.05833333333333357,0.10516357421875,1.40478515625,2.16094970703125
94,0.05833333333333357,0.1756591796875,1.162109375,2.16265869140625
93,0.05833333333333357,-0.02117919921875,1.28271484375,2.16455078125
92,0.05833333333333357,0.1817626953125,1.32110595703125,2.1644287109375
91,0.05833333333333357,0.07354736328125,1.1788330078125,2.16680908203125
90,0.05833333333333357,0.06268310546875,1.323974609375,2.16748046875
89,0.05833333333333357,0.1322021484375,1.2510986328125,2.1685791015625
88,0.45833333333333348,1.0123291015625,0.3326416015625,8.48028564453125
87,0.45833333333333348,-0.6007080078125,0.1229248046875,8.4976806640625
86,0.45833333333333348,0.37274169921875,1.2735595703125,8.49456787109375
84,0.45833333333333348,-0.4373779296875,0.77960205078125,8.5155029296875
83,0.45833333333333348,0.62677001953125,0.7109375,8.51666259765625
82,0.45833333333333348,-0.05877685546875,0.17840576171875,8.5299072265625
81,0.45833333333333348,0.07421875,0.7642822265625,8.5340576171875
96,0.065277777777778212,-0.02734375,1.14813232421875,2.313232421875
95,0.065277777777778212,0.10723876953125,1.422119140625,2.312744140625
94,0.065277777777778212,0.1861572265625,1.1505126953125,2.31463623046875
93,0.065277777777778212,-0.03411865234375,1.2855224609375,2.3167724609375
92,0.065277777777778212,0.1929931640625,1.3284912109375,2.31658935546875
91,0.065277777777778212,0.0718994140625,1.16925048828125,2.31927490234375
90,0.065277777777778212,0.05975341796875,1.33172607421875,2.320068359375
89,0.065277777777778212,0.1375732421875,1.2501220703125,2.32122802734375
88,0.46527777777777812,1.0245361328125,0.30340576171875,8.580322265625
87,0.46527777777777812,-0.60980224609375,0.0909423828125,8.59796142578125
86,0.46527777777777812,0.37652587890625,1.2567138671875,8.5948486328125
84,0.46527777777777812,-0.44427490234375,0.75628662109375,8.61602783203125
83,0.46527777777777812,0.63385009765625,0.6866455078125,8.6171875
82,0.46527777777777812,-0.06072998046875,0.14715576171875,8.630615234375
81,0.46527777777777812,0.0740966796875,0.74072265625,8.63482666015625
96,0.072222222222222854,-0.03948974609375,1.13629150390625,2.4642333984375
95,0.072222222222222854,0.10931396484375,1.43927001953125,2.463623046875
94,0.072222222222222854,0.19659423828125,1.138916015625,2.46575927734375
93,0.072222222222222854,-0.0469970703125,1.2882080078125,2.46807861328125
92,0.072222222222222854,0.20416259765625,1.33575439453125,2.4678955078125
91,0.072222222222222854,0.07025146484375,1.15960693359375,2.47088623046875
90,0.072222222222222854,0.05682373046875,1.33929443359375,2.47174072265625
89,0.072222222222222854,0.142822265625,1.24908447265625,2.47308349609375
88,0.47222222222222276,1.0367431640625,0.27374267578125,8.680419921875
87,0.47222222222222276,-0.61883544921875,0.05853271484375,8.6982421875
86,0.47222222222222276,0.38031005859375,1.23944091796875,8.69512939453125
84,0.47222222222222276,-0.451171875,0.7325439453125,8.716552734375
83,0.47222222222222276,0.64093017578125,0.6619873046875,8.71771240234375
82,0.47222222222222276,-0.0626220703125,0.115478515625,8.7313232421875
81,0.47222222222222276,0.07391357421875,0.71673583984375,8.735595703125
96,0.0791666666666675,-0.0513916015625,1.12408447265625,2.612548828125
95,0.0791666666666675,0.11138916015625,1.45556640625,2.6119384765625
94,0.0791666666666675,0.2069091796875,1.12701416015625,2.6142578125
93,0.0791666666666675,-0.05963134765625,1.290283203125,2.6168212890625
92,0.0791666666666675,0.21514892578125,1.34228515625,2.6165771484375
91,0.0791666666666675,0.068603515625,1.14959716796875,2.61981201171875
90,0.0791666666666675,0.05389404296875,1.34613037109375,2.62078857421875
89,0.0791666666666675,0.1480712890625,1.24749755859375,2.62225341796875
88,0.47916666666666741,1.04888916015625,0.24359130859375,8.78045654296875
87,0.47916666666666741,-0.6279296875,0.025634765625,8.798583984375
86,0.47916666666666741,0.384033203125,1.22174072265625,8.79534912109375
84,0.47916666666666741,-0.4581298828125,0.70831298828125,8.81707763671875
83,0.47916666666666741,0.6480712890625,0.6368408203125,8.81829833984375
82,0.47916666666666741,-0.0645751953125,0.08331298828125,8.83209228515625
81,0.47916666666666741,0.07373046875,0.69232177734375,8.83636474609375
96,0.086111111111111249,-0.0631103515625,1.1116943359375,2.7581787109375
95,0.086111111111111249,0.1134033203125,1.47113037109375,2.75750732421875
94,0.086111111111111249,0.21697998046875,1.1148681640625,2.760009765625
93,0.086111111111111249,-0.072021484375,1.29193115234375,2.7628173828125
92,0.086111111111111249,0.22589111328125,1.34832763671875,2.7625732421875
91,0.086111111111111249,0.0670166015625,1.139404296875,2.76611328125
90,0.086111111111111249,0.05108642578125,1.3525390625,2.76715087890625
89,0.086111111111111249,0.1531982421875,1.24554443359375,2.7686767578125
88,0.48611111111111116,1.06109619140625,0.2130126953125,8.88055419921875
87,0.47929616064155567,-0.62811279296875,0,8.80047607421875
86,0.48611111111111116,0.3878173828125,1.2034912109375,8.8956298828125
84,0.48611111111111116,-0.46502685546875,0.68353271484375,8.91766357421875
83,0.48611111111111116,0.6551513671875,0.6112060546875,8.9188232421875
82,0.48611111111111116,-0.06646728515625,0.0506591796875,8.93280029296875
81,0.48611111111111116,0.07354736328125,0.6673583984375,8.93719482421875
96,0.093055555555555891,-0.07464599609375,1.0989990234375,2.90118408203125
95,0.093055555555555891,0.11541748046875,1.48590087890625,2.90045166015625
94,0.093055555555555891,0.22686767578125,1.1024169921875,2.90313720703125
93,0.093055555555555891,-0.08416748046875,1.29296875,2.9061279296875
92,0.093055555555555891,0.23651123046875,1.35369873046875,2.9058837890625
91,0.093055555555555891,0.0654296875,1.12884521484375,2.90966796875
90,0.093055555555555891,0.04833984375,1.35821533203125,2.9107666015625
89,0.093055555555555891,0.158203125,1.2430419921875,2.9124755859375
88,0.4930555555555558,1.07330322265625,0.181884765625,8.9805908203125
86,0.4930555555555558,0.39154052734375,1.184814453125,8.995849609375
84,0.4930555555555558,-0.471923828125,0.6583251953125,9.0181884765625
83,0.4930555555555558,0.66229248046875,0.5850830078125,9.01934814453125
82,0.49148506230570144,-0.0679931640625,0,9.0107421875
81,0.4930555555555558,0.0733642578125,0.6419677734375,9.0379638671875
96,0.10000000000000053,-0.08587646484375,1.0860595703125,3.04144287109375
95,0.10000000000000053,0.1173095703125,1.4998779296875,3.0406494140625
94,0.10000000000000053,0.236572265625,1.0897216796875,3.04351806640625
93,0.10000000000000053,-0.09613037109375,1.2935791015625,3.0467529296875
92,0.10000000000000053,0.24688720703125,1.3585205078125,3.04644775390625
91,0.10000000000000053,0.06390380859375,1.11798095703125,3.05047607421875
90,0.10000000000000053,0.04559326171875,1.36334228515625,3.05169677734375
89,0.10000000000000053,0.1630859375,1.2401123046875,3.05352783203125
88,0.50000000000000044,1.08544921875,0.15032958984375,9.0806884765625
86,0.50000000000000044,0.39532470703125,1.1656494140625,9.09613037109375
84,0.50000000000000044,-0.47882080078125,0.6326904296875,9.11871337890625
83,0.50000000000000044,0.66937255859375,0.55853271484375,9.11993408203125
81,0.50000000000000044,0.07318115234375,0.6160888671875,9.13873291015625
96,0.10694444444444517,-0.09698486328125,1.0728759765625,3.17901611328125
95,0.10694444444444517,0.1192626953125,1.51312255859375,3.17816162109375
94,0.10694444444444517,0.24609375,1.0767822265625,3.1812744140625
93,0.10694444444444517,-0.10784912109375,1.2935791015625,3.18463134765625
92,0.10694444444444517,0.25701904296875,1.3626708984375,3.18438720703125
91,0.10694444444444517,0.06243896484375,1.1068115234375,3.18865966796875
90,0.10694444444444517,0.04290771484375,1.36785888671875,3.18994140625
89,0.10694444444444517,0.16796875,1.23675537109375,3.19189453125
88,0.50694444444444509,1.09765625,0.1182861328125,9.18072509765625
86,0.50694444444444509,0.39910888671875,1.14599609375,9.1964111328125
84,0.50694444444444509,-0.48577880859375,0.6065673828125,9.21923828125
83,0.50694444444444509,0.676513671875,0.531494140625,9.220458984375
81,0.50694444444444509,0.072998046875,0.58978271484375,9.239501953125
96,0.11388888888888982,-0.1077880859375,1.05938720703125,3.31390380859375
95,0.11388888888888982,0.12109375,1.52557373046875,3.31304931640625
94,0.11388888888888982,0.25537109375,1.06353759765625,3.3162841796875
93,0.11388888888888982,-0.119384765625,1.2930908203125,3.31988525390625
92,0.11388888888888982,0.26702880859375,1.36627197265625,3.319580078125
91,0.11388888888888982,0.0609130859375,1.0953369140625,3.3240966796875
90,0.11388888888888982,0.040283203125,1.3717041015625,3.32550048828125
89,0.11388888888888982,0.17266845703125,1.23291015625,3.3275146484375
88,0.51388888888888973,1.10986328125,0.0858154296875,9.28082275390625
86,0.51388888888888973,0.40283203125,1.12591552734375,9.296630859375
84,0.51388888888888973,-0.49267578125,0.57989501953125,9.31976318359375
83,0.51388888888888973,0.68359375,0.50396728515625,9.321044921875
81,0.51388888888888973,0.0728759765625,0.56292724609375,9.34027099609375
96,0.12083333333333357,-0.11846923828125,1.045654296875,3.44610595703125
95,0.12083333333333357,0.1229248046875,1.53717041015625,3.4451904296875
94,0.12083333333333357,0.2645263671875,1.04998779296875,3.4486083984375
93,0.12083333333333357,-0.130615234375,1.29205322265625,3.452392578125
92,0.12083333333333357,0.27679443359375,1.36920166015625,3.45208740234375
91,0.12083333333333357,0.05950927734375,1.08349609375,3.4569091796875
90,0.12083333333333357,0.0377197265625,1.37493896484375,3.45831298828125
89,0.12083333333333357,0.17730712890625,1.2286376953125,3.46044921875
88,0.52083333333333348,1.12200927734375,0.0528564453125,9.380859375
86,0.52083333333333348,0.4066162109375,1.1053466796875,9.39691162109375
84,0.52083333333333348,-0.49957275390625,0.5528564453125,9.4202880859375
83,0.52083333333333348,0.690673828125,0.47601318359375,9.42156982421875
81,0.52083333333333348,0.07269287109375,0.53570556640625,9.4410400390625
96,0.12777777777777821,-0.12884521484375,1.03167724609375,3.57562255859375
95,0.12777777777777821,0.124755859375,1.54803466796875,3.57464599609375
94,0.12777777777777821,0.27349853515625,1.03619384765625,3.5782470703125
93,0.12777777777777821,-0.14166259765625,1.29058837890625,3.58221435546875
92,0.12777777777777821,0.286376953125,1.37158203125,3.5819091796875
91,0.12777777777777821,0.05810546875,1.07147216796875,3.5869140625
90,0.12777777777777821,0.03521728515625,1.37762451171875,3.58843994140625
89,0.12777777777777821,0.181884765625,1.22393798828125,3.5906982421875
88,0.52660392573842052,1.13214111328125,0,9.46405029296875
86,0.52777777777777812,0.41033935546875,1.084228515625,9.49713134765625
84,0.52777777777777812,-0.50653076171875,0.5252685546875,9.52081298828125
83,0.52777777777777812,0.69781494140625,0.447509765625,9.5220947265625
81,0.52777777777777812,0.072509765625,0.50787353515625,9.54180908203125
96,0.13472222222222285,-0.13909912109375,1.01739501953125,3.70245361328125
95,0.13472222222222285,0.12652587890625,1.55816650390625,3.701416015625
94,0.13472222222222285,0.28228759765625,1.02215576171875,3.7052001953125
93,0.13472222222222285,-0.1524658203125,1.28851318359375,3.7093505859375
92,0.13472222222222285,0.2957763671875,1.37335205078125,3.70904541015625
91,0.13472222222222285,0.05670166015625,1.05908203125,3.71429443359375
90,0.13472222222222285,0.03277587890625,1.37969970703125,3.71588134765625
89,0.13472222222222285,0.18634033203125,1.21875,3.71826171875
86,0.53472222222222276,0.41412353515625,1.062744140625,9.597412109375
84,0.53472222222222276,-0.513427734375,0.49725341796875,9.621337890625
83,0.53472222222222276,0.70489501953125,0.4185791015625,9.6226806640625
81,0.53472222222222276,0.07232666015625,0.4796142578125,9.642578125
96,0.1416666666666675,-0.1490478515625,1.00286865234375,3.82659912109375
95,0.1416666666666675,0.12823486328125,1.56744384765625,3.82550048828125
94,0.1416666666666675,0.29083251953125,1.00787353515625,3.8294677734375
93,0.1416666666666675,-0.16302490234375,1.28594970703125,3.83380126953125
92,0.1416666666666675,0.304931640625,1.37451171875,3.83343505859375
91,0.1416666666666675,0.05535888671875,1.04638671875,3.8389892578125
90,0.1416666666666675,0.03033447265625,1.381103515625,3.840576171875
89,0.1416666666666675,0.190673828125,1.21307373046875,3.84307861328125
86,0.54166666666666741,0.41790771484375,1.04071044921875,9.69769287109375
84,0.54166666666666741,-0.52032470703125,0.46875,9.721923828125
83,0.54166666666666741,0.7120361328125,0.38916015625,9.72320556640625
81,0.54166666666666741,0.0721435546875,0.450927734375,9.74334716796875
96,0.14861111111111125,-0.1588134765625,0.98809814453125,3.94805908203125
95,0.14861111111111125,0.1298828125,1.57598876953125,3.9468994140625
94,0.14861111111111125,0.29925537109375,0.9932861328125,3.95098876953125
93,0.14861111111111125,-0.17340087890625,1.2828369140625,3.95556640625
92,0.14861111111111125,0.31390380859375,1.3751220703125,3.9552001953125
91,0.14861111111111125,0.05401611328125,1.033447265625,3.9609375
90,0.14861111111111125,0.0279541015625,1.38201904296875,3.962646484375
89,0.14861111111111125,0.1949462890625,1.20697021484375,3.9652099609375
86,0.54861111111111116,0.421630859375,1.018310546875,9.79791259765625
84,0.54861111111111116,-0.52728271484375,0.43975830078125,9.82244873046875
83,0.54861111111111116,0.7191162109375,0.35931396484375,9.82373046875
81,0.54861111111111116,0.07196044921875,0.4217529296875,9.84417724609375
96,0.15555555555555589,-0.16839599609375,0.97308349609375,4.0667724609375
95,0.15555555555555589,0.13153076171875,1.58380126953125,4.06561279296875
94,0.15555555555555589,0.3074951171875,0.97845458984375,4.06988525390625
93,0.15555555555555589,-0.1834716796875,1.27923583984375,4.0745849609375
92,0.15555555555555589,0.32269287109375,1.3751220703125,4.07421875
91,0.15555555555555589,0.052734375,1.0201416015625,4.0802001953125
90,0.15555555555555589,0.02569580078125,1.38226318359375,4.08197021484375
89,0.15555555555555589,0.1990966796875,1.200439453125,4.08465576171875
86,0.5555555555555558,0.4254150390625,0.995361328125,9.898193359375
84,0.5555555555555558,-0.5341796875,0.41033935546875,9.9229736328125
83,0.5555555555555558,0.72625732421875,0.32891845703125,9.92431640625
81,0.5555555555555558,0.07177734375,0.39215087890625,9.9449462890625
96,0.16250000000000053,-0.177734375,0.957763671875,4.182861328125
95,0.16250000000000053,0.1331787109375,1.59075927734375,4.181640625
94,0.16250000000000053,0.31549072265625,0.96337890625,4.18609619140625
93,0.16250000000000053,-0.193359375,1.275146484375,4.19097900390625
92,0.16250000000000053,0.331298828125,1.37445068359375,4.1905517578125
91,0.16250000000000053,0.05145263671875,1.006591796875,4.19671630859375
90,0.16250000000000053,0.0234375,1.3818359375,4.19854736328125
89,0.16250000000000053,0.20318603515625,1.19342041015625,4.20135498046875
86,0.56250000000000044,0.42913818359375,0.971923828125,9.9984130859375
84,0.56250000000000044,-0.54107666015625,0.38043212890625,10.02349853515625
83,0.56250000000000044,0.73333740234375,0.298095703125,10.02484130859375
81,0.56250000000000044,0.0716552734375,0.36199951171875,10.04571533203125
96,0.16944444444444517,-0.18682861328125,0.94219970703125,4.2962646484375
95,0.16944444444444517,0.13470458984375,1.596923828125,4.29498291015625
94,0.16944444444444517,0.3233642578125,0.94793701171875,4.299560546875
93,0.16944444444444517,-0.20306396484375,1.27044677734375,4.30462646484375
92,0.16944444444444517,0.33966064453125,1.3731689453125,4.30419921875
91,0.16944444444444517,0.05023193359375,0.99267578125,4.31060791015625
90,0.16944444444444517,0.021240234375,1.380859375,4.3125
89,0.16944444444444517,0.2071533203125,1.1859130859375,4.31536865234375
86,0.56944444444444509,0.43292236328125,0.94805908203125,10.09869384765625
84,0.56944444444444509,-0.5479736328125,0.35003662109375,10.1240234375
83,0.56944444444444509,0.74041748046875,0.26678466796875,10.1253662109375
81,0.56944444444444509,0.07147216796875,0.3314208984375,10.146484375
96,0.17638888888888982,-0.19573974609375,0.92633056640625,4.40692138671875
95,0.17638888888888982,0.13629150390625,1.602294921875,4.4056396484375
94,0.17638888888888982,0.33099365234375,0.9322509765625,4.410400390625
93,0.17638888888888982,-0.21246337890625,1.2652587890625,4.41558837890625
92,0.17638888888888982,0.34783935546875,1.371337890625,4.4151611328125
91,0.17638888888888982,0.04901123046875,0.9783935546875,4.4217529296875
90,0.17638888888888982,0.01904296875,1.37921142578125,4.4237060546875
89,0.17638888888888982,0.2110595703125,1.177978515625,4.42669677734375
86,0.57638888888888973,0.4366455078125,0.92364501953125,10.198974609375
84,0.57638888888888973,-0.554931640625,0.319091796875,10.22454833984375
83,0.57638888888888973,0.74755859375,0.2349853515625,10.2259521484375
81,0.57638888888888973,0.0712890625,0.30029296875,10.24725341796875
96,0.18333333333333357,-0.20440673828125,0.91021728515625,4.51495361328125
95,0.18333333333333357,0.13775634765625,1.60699462890625,4.51361083984375
94,0.18333333333333357,0.3385009765625,0.9163818359375,4.51849365234375
93,0.18333333333333357,-0.2216796875,1.259521484375,4.52386474609375
92,0.18333333333333357,0.3558349609375,1.368896484375,4.5234375
91,0.18333333333333357,0.04779052734375,0.96392822265625,4.53021240234375
90,0.18333333333333357,0.0169677734375,1.37701416015625,4.5322265625
89,0.18333333333333357,0.21484375,1.16961669921875,4.5352783203125
86,0.58333333333333348,0.4404296875,0.89886474609375,10.2991943359375
84,0.58333333333333348,-0.56182861328125,0.28778076171875,10.3250732421875
83,0.58333333333333348,0.754638671875,0.2027587890625,10.32647705078125
81,0.58333333333333348,0.07110595703125,0.26873779296875,10.3480224609375
96,0.19027777777777821,-0.212890625,0.89385986328125,4.6202392578125
95,0.19027777777777821,0.13922119140625,1.61083984375,4.618896484375
94,0.19027777777777821,0.34576416015625,0.90020751953125,4.6239013671875
93,0.19027777777777821,-0.23065185546875,1.2532958984375,4.62945556640625
92,0.19027777777777821,0.3636474609375,1.3658447265625,4.62896728515625
91,0.19027777777777821,0.04669189453125,0.9490966796875,4.635986328125
90,0.19027777777777821,0.014892578125,1.37420654296875,4.6380615234375
89,0.19027777777777821,0.218505859375,1.1607666015625,4.64117431640625
86,0.59027777777777812,0.4442138671875,0.87353515625,10.39947509765625
84,0.59027777777777812,-0.5687255859375,0.2559814453125,10.42559814453125
83,0.59027777777777812,0.76177978515625,0.1700439453125,10.42706298828125
81,0.59027777777777812,0.0709228515625,0.23675537109375,10.44879150390625
96,0.19722222222222285,-0.22113037109375,0.87725830078125,4.722900390625
95,0.19722222222222285,0.140625,1.61395263671875,4.72149658203125
94,0.19722222222222285,0.35284423828125,0.8837890625,4.72662353515625
93,0.19722222222222285,-0.2393798828125,1.24658203125,4.7322998046875
92,0.19722222222222285,0.3712158203125,1.3621826171875,4.73187255859375
91,0.19722222222222285,0.0455322265625,0.93408203125,4.739013671875
90,0.19722222222222285,0.012939453125,1.370849609375,4.74114990234375
89,0.19722222222222285,0.22210693359375,1.15155029296875,4.744384765625
86,0.59722222222222276,0.44793701171875,0.8477783203125,10.49969482421875
84,0.59722222222222276,-0.57568359375,0.2237548828125,10.526123046875
83,0.59722222222222276,0.76885986328125,0.13690185546875,10.527587890625
81,0.59722222222222276,0.07073974609375,0.20428466796875,10.549560546875
96,0.2041666666666675,-0.229248046875,0.86029052734375,4.82330322265625
95,0.2041666666666675,0.14202880859375,1.61627197265625,4.8218994140625
94,0.2041666666666675,0.35980224609375,0.86700439453125,4.8271484375
93,0.2041666666666675,-0.2479248046875,1.23931884765625,4.8330078125
92,0.2041666666666675,0.378662109375,1.35791015625,4.83251953125
91,0.2041666666666675,0.04443359375,0.9185791015625,4.83990478515625
90,0.2041666666666675,0.010986328125,1.36676025390625,4.84210205078125
89,0.2041666666666675,0.22564697265625,1.1417236328125,4.84539794921875
86,0.60416666666666741,0.45172119140625,0.821533203125,10.5999755859375
84,0.60416666666666741,-0.58258056640625,0.19091796875,10.626708984375
83,0.60416666666666741,0.7760009765625,0.10321044921875,10.62811279296875
81,0.60416666666666741,0.070556640625,0.17132568359375,10.650390625
96,0.21111111111111125,-0.2373046875,0.84295654296875,4.92352294921875
95,0.21111111111111125,0.1434326171875,1.61810302734375,4.92205810546875
94,0.21111111111111125,0.36676025390625,0.84979248046875,4.92742919921875
93,0.21111111111111125,-0.2564697265625,1.2315673828125,4.93341064453125
92,0.21111111111111125,0.38604736328125,1.35321044921875,4.9329833984375
91,0.21111111111111125,0.0433349609375,0.9027099609375,4.94049072265625
90,0.21111111111111125,0.009033203125,1.3623046875,4.9427490234375
89,0.21111111111111125,0.22918701171875,1.13153076171875,4.9461669921875
86,0.61111111111111116,0.4554443359375,0.7947998046875,10.70025634765625
84,0.61111111111111116,-0.5894775390625,0.15771484375,10.72723388671875
83,0.61111111111111116,0.7830810546875,0.069091796875,10.72869873046875
81,0.61111111111111116,0.0704345703125,0.13787841796875,10.75115966796875
96,0.21805555555555589,-0.245361328125,0.8250732421875,5.02374267578125
95,0.21805555555555589,0.14483642578125,1.6195068359375,5.022216796875
94,0.21805555555555589,0.3736572265625,0.83209228515625,5.02777099609375
93,0.21805555555555589,-0.2650146484375,1.223388671875,5.03387451171875
92,0.21805555555555589,0.39349365234375,1.3480224609375,5.03338623046875
91,0.21805555555555589,0.042236328125,0.88629150390625,5.0411376953125
90,0.21805555555555589,0.007080078125,1.3572998046875,5.04345703125
89,0.21805555555555589,0.232666015625,1.120849609375,5.04693603515625
86,0.6180555555555558,0.459228515625,0.76763916015625,10.80047607421875
84,0.6180555555555558,-0.596435546875,0.1240234375,10.8277587890625
83,0.6180555555555558,0.7901611328125,0.03448486328125,10.8292236328125
81,0.6180555555555558,0.07025146484375,0.10400390625,10.8519287109375
96,0.22500000000000053,-0.25341796875,0.80670166015625,5.12396240234375
95,0.22500000000000053,0.14617919921875,1.62042236328125,5.12237548828125
94,0.22500000000000053,0.380615234375,0.81390380859375,5.1280517578125
93,0.22500000000000053,-0.2735595703125,1.21466064453125,5.13433837890625
92,0.22500000000000053,0.40087890625,1.34234619140625,5.13385009765625
91,0.22500000000000053,0.0411376953125,0.86944580078125,5.14178466796875
90,0.22500000000000053,0.005126953125,1.35186767578125,5.14410400390625
89,0.22500000000000053,0.2362060546875,1.109619140625,5.147705078125
86,0.62500000000000044,0.4630126953125,0.73992919921875,10.9007568359375
84,0.62500000000000044,-0.60333251953125,0.08984375,10.92828369140625
83,0.61992995152264263,0.7921142578125,0,10.85638427734375
81,0.62500000000000044,0.070068359375,0.069580078125,10.95269775390625
96,0.23194444444444517,-0.261474609375,0.7879638671875,5.22418212890625
95,0.23194444444444517,0.1475830078125,1.620849609375,5.22259521484375
94,0.23194444444444517,0.38751220703125,0.7952880859375,5.2283935546875
93,0.23194444444444517,-0.2821044921875,1.20550537109375,5.23480224609375
92,0.23194444444444517,0.40826416015625,1.33624267578125,5.23431396484375
91,0.23194444444444517,0.04010009765625,0.85211181640625,5.242431640625
90,0.23194444444444517,0.003173828125,1.34600830078125,5.24481201171875
89,0.23194444444444517,0.23974609375,1.0980224609375,5.24847412109375
86,0.63194444444444509,0.46673583984375,0.7117919921875,11.0009765625
84,0.63194444444444509,-0.6102294921875,0.05517578125,11.02880859375
81,0.63194444444444509,0.06988525390625,0.0347900390625,11.053466796875
96,0.23888888888888982,-0.26953125,0.7686767578125,5.3243408203125
95,0.23888888888888982,0.14898681640625,1.620849609375,5.32275390625
94,0.23888888888888982,0.39447021484375,0.77618408203125,5.32867431640625
93,0.23888888888888982,-0.29058837890625,1.1959228515625,5.33526611328125
92,0.23888888888888982,0.41571044921875,1.32965087890625,5.334716796875
91,0.23888888888888982,0.03900146484375,0.8343505859375,5.343017578125
90,0.23888888888888982,0.001220703125,1.339599609375,5.34552001953125
89,0.23888888888888982,0.24322509765625,1.0859375,5.3492431640625
86,0.63888888888888973,0.47052001953125,0.6832275390625,11.10125732421875
84,0.63791304317348985,-0.6162109375,0,11.115234375
81,0.63386586035435255,0.06982421875,0,11.08135986328125
96,0.24583333333333357,-0.277587890625,0.7489013671875,5.424560546875
95,0.24583333333333357,0.150390625,1.62030029296875,5.42291259765625
94,0.24583333333333357,0.4013671875,0.756591796875,5.428955078125
93,0.24583333333333357,-0.29913330078125,1.185791015625,5.43572998046875
92,0.24583333333333357,0.423095703125,1.322509765625,5.4351806640625
91,0.24583333333333357,0.03790283203125,0.81610107421875,5.44366455078125
90,0.24583333333333357,-0.000732421875,1.332763671875,5.4461669921875
89,0.24583333333333357,0.24676513671875,1.0733642578125,5.45001220703125
86,0.64583333333333348,0.4742431640625,0.65411376953125,11.2015380859375
96,0.25277777777777821,-0.28564453125,0.72869873046875,5.5247802734375
95,0.25277777777777821,0.1517333984375,1.61932373046875,5.5230712890625
94,0.25277777777777821,0.4083251953125,0.73651123046875,5.529296875
93,0.25277777777777821,-0.30767822265625,1.17523193359375,5.53619384765625
92,0.25277777777777821,0.4305419921875,1.31494140625,5.53564453125
91,0.25277777777777821,0.03680419921875,0.79730224609375,5.5443115234375
90,0.25277777777777821,-0.002685546875,1.32537841796875,5.546875
89,0.25277777777777821,0.250244140625,1.06024169921875,5.55078125
86,0.65277777777777812,0.47802734375,0.62451171875,11.3017578125
96,0.25972222222222285,-0.293701171875,0.7080078125,5.625
95,0.25972222222222285,0.15313720703125,1.61785888671875,5.62322998046875
94,0.25972222222222285,0.41522216796875,0.716064453125,5.62957763671875
93,0.25972222222222285,-0.31622314453125,1.1641845703125,5.6365966796875
92,0.25972222222222285,0.43792724609375,1.30694580078125,5.63604736328125
91,0.25972222222222285,0.03570556640625,0.77813720703125,5.6448974609375
90,0.25972222222222285,-0.00457763671875,1.317626953125,5.6475830078125
89,0.25972222222222285,0.2537841796875,1.0467529296875,5.65155029296875
86,0.65972222222222276,0.4818115234375,0.59454345703125,11.40203857421875
96,0.2666666666666675,-0.3017578125,0.68682861328125,5.7252197265625
95,0.2666666666666675,0.154541015625,1.615966796875,5.72344970703125
94,0.2666666666666675,0.42218017578125,0.695068359375,5.72991943359375
93,0.2666666666666675,-0.32476806640625,1.15264892578125,5.737060546875
92,0.2666666666666675,0.4453125,1.2984619140625,5.73651123046875
91,0.2666666666666675,0.03460693359375,0.75848388671875,5.74554443359375
90,0.2666666666666675,-0.00653076171875,1.309326171875,5.74822998046875
89,0.2666666666666675,0.25732421875,1.03277587890625,5.7523193359375
86,0.66666666666666741,0.48553466796875,0.56402587890625,11.50225830078125
96,0.27361111111111125,-0.309814453125,0.66522216796875,5.82537841796875
95,0.27361111111111125,0.15594482421875,1.61358642578125,5.8236083984375
94,0.27361111111111125,0.42913818359375,0.673583984375,5.8302001953125
93,0.27361111111111125,-0.33331298828125,1.14068603515625,5.8375244140625
92,0.27361111111111125,0.4527587890625,1.28948974609375,5.83697509765625
91,0.27361111111111125,0.03350830078125,0.73828125,5.84619140625
90,0.27361111111111125,-0.00848388671875,1.30059814453125,5.84893798828125
89,0.27361111111111125,0.26080322265625,1.01824951171875,5.85308837890625
86,0.67361111111111116,0.48931884765625,0.5330810546875,11.6025390625
96,0.28055555555555589,-0.31787109375,0.64306640625,5.92559814453125
95,0.28055555555555589,0.1573486328125,1.61065673828125,5.92376708984375
94,0.28055555555555589,0.43603515625,0.651611328125,5.93048095703125
93,0.28055555555555589,-0.34185791015625,1.128173828125,5.93798828125
92,0.28055555555555589,0.46014404296875,1.280029296875,5.9373779296875
91,0.28055555555555589,0.03240966796875,0.7176513671875,5.94683837890625
90,0.28055555555555589,-0.01043701171875,1.29132080078125,5.9495849609375
89,0.28055555555555589,0.26434326171875,1.0032958984375,5.953857421875
86,0.6805555555555558,0.4930419921875,0.5015869140625,11.70281982421875
96,0.28750000000000053,-0.325927734375,0.6204833984375,6.02581787109375
95,0.28750000000000053,0.15869140625,1.60736083984375,6.02392578125
94,0.28750000000000053,0.4429931640625,0.62921142578125,6.03082275390625
93,0.28750000000000053,-0.350341796875,1.11529541015625,6.0384521484375
92,0.28750000000000053,0.46759033203125,1.2701416015625,6.037841796875
91,0.28750000000000053,0.03131103515625,0.69659423828125,6.04742431640625
90,0.28750000000000053,-0.01239013671875,1.28167724609375,6.05029296875
89,0.28750000000000053,0.267822265625,0.9879150390625,6.05462646484375
86,0.68750000000000044,0.496826171875,0.46966552734375,11.80303955078125
96,0.29444444444444517,-0.333984375,0.59747314453125,6.12603759765625
95,0.29444444444444517,0.16009521484375,1.603515625,6.1241455078125
94,0.29444444444444517,0.44989013671875,0.6063232421875,6.131103515625
93,0.29444444444444517,-0.35888671875,1.10186767578125,6.138916015625
92,0.29444444444444517,0.4749755859375,1.25970458984375,6.1383056640625
91,0.29444444444444517,0.03021240234375,0.67498779296875,6.1480712890625
90,0.29444444444444517,-0.01434326171875,1.271484375,6.1510009765625
89,0.29444444444444517,0.2713623046875,0.97198486328125,6.1553955078125
86,0.69444444444444509,0.5006103515625,0.43731689453125,11.9033203125
96,0.30138888888888982,-0.342041015625,0.57391357421875,6.22625732421875
95,0.30138888888888982,0.1614990234375,1.5992431640625,6.22430419921875
94,0.30138888888888982,0.45684814453125,0.58294677734375,6.2314453125
93,0.30138888888888982,-0.367431640625,1.08795166015625,6.23931884765625
92,0.30138888888888982,0.482421875,1.24884033203125,6.23870849609375
91,0.30138888888888982,0.02911376953125,0.6529541015625,6.24871826171875
90,0.30138888888888982,-0.01629638671875,1.2608642578125,6.25164794921875
89,0.30138888888888982,0.27490234375,0.95562744140625,6.25616455078125
86,0.70138888888888973,0.50433349609375,0.4044189453125,12.0035400390625
96,0.30833333333333357,-0.35009765625,0.54986572265625,6.326416015625
95,0.30833333333333357,0.16290283203125,1.59442138671875,6.324462890625
94,0.30833333333333357,0.4637451171875,0.55908203125,6.33172607421875
93,0.30833333333333357,-0.3759765625,1.0736083984375,6.33978271484375
92,0.30833333333333357,0.48980712890625,1.23748779296875,6.33917236328125
91,0.30833333333333357,0.02801513671875,0.63043212890625,6.34930419921875
90,0.30833333333333357,-0.01824951171875,1.24969482421875,6.35235595703125
89,0.30833333333333357,0.27838134765625,0.93878173828125,6.35693359375
86,0.70833333333333348,0.50811767578125,0.37109375,12.10382080078125
96,0.31527777777777821,-0.35821533203125,0.52545166015625,6.4266357421875
95,0.31527777777777821,0.16424560546875,1.5892333984375,6.42462158203125
94,0.31527777777777821,0.470703125,0.53485107421875,6.43206787109375
93,0.31527777777777821,-0.384521484375,1.05877685546875,6.44024658203125
92,0.31527777777777821,0.4971923828125,1.2257080078125,6.4395751953125
91,0.31527777777777821,0.02691650390625,0.607421875,6.449951171875
90,0.31527777777777821,-0.02020263671875,1.2381591796875,6.45306396484375
89,0.31527777777777821,0.28192138671875,0.9215087890625,6.45770263671875
86,0.71527777777777812,0.5118408203125,0.3372802734375,12.2041015625
96,0.32222222222222285,-0.36627197265625,0.50048828125,6.52685546875
95,0.32222222222222285,0.1656494140625,1.58355712890625,6.5247802734375
94,0.32222222222222285,0.4776611328125,0.51007080078125,6.5323486328125
93,0.32222222222222285,-0.39306640625,1.04345703125,6.54071044921875
92,0.32222222222222285,0.504638671875,1.21343994140625,6.5400390625
91,0.32222222222222285,0.02581787109375,0.583984375,6.55059814453125
90,0.32222222222222285,-0.02215576171875,1.22613525390625,6.5537109375
89,0.32222222222222285,0.28546142578125,0.9036865234375,6.5584716796875
86,0.72222222222222276,0.515625,0.302978515625,12.3043212890625
96,0.3291666666666675,-0.37432861328125,0.47503662109375,6.6270751953125
95,0.3291666666666675,0.16705322265625,1.57733154296875,6.625
94,0.3291666666666675,0.48455810546875,0.48480224609375,6.63262939453125
93,0.3291666666666675,-0.401611328125,1.0277099609375,6.64117431640625
92,0.3291666666666675,0.51202392578125,1.20068359375,6.6405029296875
91,0.3291666666666675,0.02471923828125,0.55999755859375,6.6512451171875
90,0.3291666666666675,-0.0240478515625,1.21356201171875,6.6544189453125
89,0.3291666666666675,0.2889404296875,0.88543701171875,6.65924072265625
86,0.72916666666666741,0.5194091796875,0.26824951171875,12.40460205078125
96,0.33611111111111125,-0.38238525390625,0.44921875,6.727294921875
95,0.33611111111111125,0.16845703125,1.57073974609375,6.72515869140625
94,0.33611111111111125,0.49151611328125,0.4591064453125,6.73297119140625
93,0.33611111111111125,-0.41015625,1.011474609375,6.74163818359375
92,0.33611111111111125,0.51947021484375,1.1875,6.74090576171875
91,0.33611111111111125,0.023681640625,0.53564453125,6.7518310546875
90,0.33611111111111125,-0.0260009765625,1.20062255859375,6.755126953125
89,0.33611111111111125,0.29248046875,0.86676025390625,6.760009765625
86,0.73611111111111116,0.52313232421875,0.23297119140625,12.50482177734375
96,0.34305555555555589,-0.39044189453125,0.42279052734375,6.82745361328125
95,0.34305555555555589,0.1697998046875,1.56353759765625,6.8253173828125
94,0.34305555555555589,0.4984130859375,0.432861328125,6.833251953125
93,0.34305555555555589,-0.41864013671875,0.9947509765625,6.842041015625
92,0.34305555555555589,0.52685546875,1.1737060546875,6.84136962890625
91,0.34305555555555589,0.0225830078125,0.5107421875,6.85247802734375
90,0.34305555555555589,-0.0279541015625,1.18707275390625,6.85577392578125
89,0.34305555555555589,0.29595947265625,0.84747314453125,6.86077880859375
86,0.7430555555555558,0.52691650390625,0.19732666015625,12.6051025390625
96,0.35000000000000053,-0.39849853515625,0.39593505859375,6.92767333984375
95,0.35000000000000053,0.17120361328125,1.55596923828125,6.92547607421875
94,0.35000000000000053,0.50537109375,0.40618896484375,6.93359375
93,0.35000000000000053,-0.42718505859375,0.9775390625,6.9425048828125
92,0.35000000000000053,0.5343017578125,1.1595458984375,6.94183349609375
91,0.35000000000000053,0.021484375,0.4853515625,6.953125
90,0.35000000000000053,-0.0299072265625,1.17315673828125,6.95648193359375
89,0.35000000000000053,0.29949951171875,0.82781982421875,6.9615478515625
86,0.75000000000000044,0.5306396484375,0.1611328125,12.70538330078125
96,0.35694444444444517,-0.40655517578125,0.36865234375,7.02789306640625
95,0.35694444444444517,0.172607421875,1.5478515625,7.025634765625
94,0.35694444444444517,0.51226806640625,0.3790283203125,7.03387451171875
93,0.35694444444444517,-0.43572998046875,0.9598388671875,7.04296875
92,0.35694444444444517,0.54168701171875,1.1448974609375,7.042236328125
91,0.35694444444444517,0.0203857421875,0.45953369140625,7.05377197265625
90,0.35694444444444517,-0.0318603515625,1.15869140625,7.05712890625
89,0.35694444444444517,0.30303955078125,0.80767822265625,7.06231689453125
86,0.75694444444444509,0.534423828125,0.12445068359375,12.80560302734375
96,0.36388888888888982,-0.41461181640625,0.34088134765625,7.12811279296875
95,0.36388888888888982,0.17401123046875,1.53936767578125,7.1258544921875
94,0.36388888888888982,0.51922607421875,0.3514404296875,7.1341552734375
93,0.36388888888888982,-0.44427490234375,0.9417724609375,7.1434326171875
92,0.36388888888888982,0.549072265625,1.12982177734375,7.1427001953125
91,0.36388888888888982,0.019287109375,0.43328857421875,7.15435791015625
90,0.36388888888888982,-0.0338134765625,1.14385986328125,7.1578369140625
89,0.36388888888888982,0.3065185546875,0.78704833984375,7.1630859375
86,0.76388888888888973,0.5382080078125,0.08740234375,12.9058837890625
96,0.37083333333333357,-0.42266845703125,0.3126220703125,7.22833251953125
95,0.37083333333333357,0.17535400390625,1.5303955078125,7.22601318359375
94,0.37083333333333357,0.526123046875,0.32342529296875,7.2344970703125
93,0.37083333333333357,-0.45281982421875,0.92315673828125,7.243896484375
92,0.37083333333333357,0.5565185546875,1.1142578125,7.2431640625
91,0.37083333333333357,0.0181884765625,0.406494140625,7.2550048828125
90,0.37083333333333357,-0.0357666015625,1.12847900390625,7.258544921875
89,0.37083333333333357,0.31005859375,0.7659912109375,7.26385498046875
86,0.77083333333333348,0.54193115234375,0.04974365234375,13.006103515625
96,0.37777777777777821,-0.43072509765625,0.283935546875,7.32855224609375
95,0.37777777777777821,0.1767578125,1.5208740234375,7.326171875
94,0.37777777777777821,0.5330810546875,0.29486083984375,7.33477783203125
93,0.37777777777777821,-0.46136474609375,0.90411376953125,7.3443603515625
92,0.37777777777777821,0.56390380859375,1.09820556640625,7.34356689453125
91,0.37777777777777821,0.01708984375,0.3792724609375,7.35565185546875
90,0.37777777777777821,-0.0377197265625,1.1126708984375,7.35919189453125
89,0.37777777777777821,0.3135986328125,0.74444580078125,7.3646240234375
86,0.77534277012379371,0.54437255859375,0,13.07122802734375
96,0.38472222222222285,-0.43878173828125,0.25469970703125,7.4287109375
95,0.38472222222222285,0.17816162109375,1.51092529296875,7.42633056640625
94,0.38472222222222285,0.5400390625,0.26580810546875,7.43511962890625
93,0.38472222222222285,-0.46990966796875,0.884521484375,7.44482421875
92,0.38472222222222285,0.57135009765625,1.08160400390625,7.44403076171875
91,0.38472222222222285,0.0159912109375,0.3515625,7.45623779296875
90,0.38472222222222285,-0.0396728515625,1.0963134765625,7.45989990234375
89,0.38472222222222285,0.31707763671875,0.722412109375,7.46539306640625
96,0.3916666666666675,-0.44683837890625,0.2249755859375,7.5289306640625
95,0.3916666666666675,0.1795654296875,1.50042724609375,7.5264892578125
94,0.3916666666666675,0.54693603515625,0.23626708984375,7.535400390625
93,0.3916666666666675,-0.4783935546875,0.86444091796875,7.54522705078125
92,0.3916666666666675,0.5787353515625,1.0645751953125,7.54449462890625
91,0.3916666666666675,0.014892578125,0.32330322265625,7.556884765625
90,0.3916666666666675,-0.04156494140625,1.07952880859375,7.56060791015625
89,0.3916666666666675,0.32061767578125,0.6998291015625,7.566162109375
96,0.39861111111111125,-0.45489501953125,0.19488525390625,7.629150390625
95,0.39861111111111125,0.180908203125,1.48956298828125,7.626708984375
94,0.39861111111111125,0.55389404296875,0.206298828125,7.63568115234375
93,0.39861111111111125,-0.4869384765625,0.843994140625,7.64569091796875
92,0.39861111111111125,0.58612060546875,1.047119140625,7.6448974609375
91,0.39861111111111125,0.0137939453125,0.294677734375,7.65753173828125
90,0.39861111111111125,-0.04351806640625,1.062255859375,7.6612548828125
89,0.39861111111111125,0.3240966796875,0.6768798828125,7.66693115234375
97,0,0.08746337890625,1.25909423828125,0.88604736328125
98,0,0.08746337890625,1.25909423828125,0.88604736328125
99,0,0.08746337890625,1.25909423828125,0.88604736328125
100,0,0.08746337890625,1.25909423828125,0.88604736328125
101,0,0.08746337890625,1.25909423828125,0.88604736328125
102,0,0.08746337890625,1.25909423828125,0.88604736328125
103,0,0.08746337890625,1.25909423828125,0.88604736328125
104,0,0.08746337890625,1.25909423828125,0.88604736328125
104,0.0055555555555555358,0.07415771484375,1.25616455078125,1.00750732421875
103,0.0055555555555555358,0.09564208984375,1.270751953125,1.0074462890625
102,0.0055555555555555358,0.09002685546875,1.247314453125,1.0076904296875
101,0.0055555555555555358,0.0794677734375,1.2666015625,1.00775146484375
100,0.0055555555555555358,0.09808349609375,1.26019287109375,1.0078125
99,0.0055555555555555358,0.0823974609375,1.2535400390625,1.008056640625
98,0.0055555555555555358,0.08831787109375,1.26605224609375,1.008056640625
97,0.0055555555555555358,0.09063720703125,1.2567138671875,1.0081787109375
96,0.40555555555555589,-0.46295166015625,0.16424560546875,7.7293701171875
95,0.40555555555555589,0.18231201171875,1.4781494140625,7.72686767578125
94,0.40555555555555589,0.560791015625,0.17584228515625,7.73602294921875
93,0.40555555555555589,-0.4954833984375,0.822998046875,7.74615478515625
92,0.40555555555555589,0.59356689453125,1.0291748046875,7.745361328125
91,0.40555555555555589,0.0126953125,0.26556396484375,7.7581787109375
90,0.40555555555555589,-0.04547119140625,1.0445556640625,7.761962890625
89,0.40555555555555589,0.32763671875,0.6534423828125,7.7677001953125
104,0.012500000000000178,0.05755615234375,1.25244140625,1.15936279296875
103,0.012500000000000178,0.10589599609375,1.2852783203125,1.1591796875
102,0.012500000000000178,0.09332275390625,1.23260498046875,1.15972900390625
101,0.012500000000000178,0.06939697265625,1.27593994140625,1.159912109375
100,0.012500000000000178,0.11126708984375,1.2615966796875,1.15997314453125
99,0.012500000000000178,0.0760498046875,1.24658203125,1.1605224609375
98,0.012500000000000178,0.08941650390625,1.27471923828125,1.16058349609375
97,0.012500000000000178,0.09466552734375,1.2537841796875,1.160888671875
96,0.41250000000000053,-0.47100830078125,0.13311767578125,7.82958984375
95,0.41250000000000053,0.1837158203125,1.46630859375,7.8270263671875
94,0.41250000000000053,0.5677490234375,0.1448974609375,7.8363037109375
93,0.41250000000000053,-0.5040283203125,0.801513671875,7.84661865234375
92,0.41250000000000053,0.6009521484375,1.0107421875,7.8458251953125
91,0.41250000000000053,0.0115966796875,0.23590087890625,7.8587646484375
90,0.41250000000000053,-0.04742431640625,1.0263671875,7.86260986328125
89,0.41250000000000053,0.3311767578125,0.62945556640625,7.86846923828125
104,0.019444444444444819,0.0408935546875,1.24871826171875,1.3111572265625
103,0.019444444444444819,0.11614990234375,1.29986572265625,1.3109130859375
102,0.019444444444444819,0.0965576171875,1.2178955078125,1.311767578125
101,0.019444444444444819,0.05938720703125,1.2852783203125,1.31207275390625
100,0.019444444444444819,0.12451171875,1.262939453125,1.31219482421875
99,0.019444444444444819,0.0697021484375,1.2396240234375,1.31298828125
98,0.019444444444444819,0.09051513671875,1.283447265625,1.3131103515625
97,0.019444444444444819,0.0986328125,1.2508544921875,1.3135986328125
96,0.41944444444444517,-0.47906494140625,0.10162353515625,7.92974853515625
95,0.41944444444444517,0.18511962890625,1.45404052734375,7.92718505859375
94,0.41944444444444517,0.57464599609375,0.113525390625,7.9366455078125
93,0.41944444444444517,-0.5125732421875,0.7796630859375,7.94708251953125
92,0.41944444444444517,0.6083984375,0.99188232421875,7.94622802734375
91,0.41944444444444517,0.010498046875,0.20587158203125,7.95941162109375
90,0.41944444444444517,-0.04937744140625,1.0076904296875,7.96331787109375
89,0.41944444444444517,0.33465576171875,0.6051025390625,7.96923828125
104,0.026388888888889461,0.0242919921875,1.24505615234375,1.4630126953125
103,0.026388888888889461,0.1263427734375,1.31439208984375,1.462646484375
102,0.026388888888889461,0.09979248046875,1.20318603515625,1.4637451171875
101,0.026388888888889461,0.04937744140625,1.294677734375,1.4642333984375
100,0.026388888888889461,0.13775634765625,1.26434326171875,1.46441650390625
99,0.026388888888889461,0.0633544921875,1.23260498046875,1.46551513671875
98,0.026388888888889461,0.09161376953125,1.2921142578125,1.46563720703125
97,0.026388888888889461,0.10260009765625,1.2479248046875,1.46630859375
96,0.42638888888888982,-0.48712158203125,0.069580078125,8.02996826171875
95,0.42638888888888982,0.18646240234375,1.44122314453125,8.02740478515625
94,0.42638888888888982,0.58160400390625,0.08172607421875,8.03692626953125
93,0.42638888888888982,-0.5211181640625,0.75726318359375,8.04754638671875
92,0.42638888888888982,0.61578369140625,0.9725341796875,8.04669189453125
91,0.42638888888888982,0.0093994140625,0.17529296875,8.06005859375
90,0.42638888888888982,-0.05133056640625,0.98858642578125,8.06402587890625
89,0.42638888888888982,0.33819580078125,0.58026123046875,8.07000732421875
104,0.033333333333333215,0.0076904296875,1.2413330078125,1.61480712890625
103,0.033333333333333215,0.1365966796875,1.32891845703125,1.6143798828125
102,0.033333333333333215,0.10302734375,1.1884765625,1.61578369140625
101,0.033333333333333215,0.03936767578125,1.30401611328125,1.61639404296875
100,0.033333333333333215,0.1510009765625,1.2657470703125,1.6165771484375
99,0.033333333333333215,0.0570068359375,1.22564697265625,1.61798095703125
98,0.033333333333333215,0.0926513671875,1.30084228515625,1.6181640625
97,0.033333333333333215,0.10662841796875,1.2449951171875,1.6190185546875
96,0.43333333333333357,-0.49517822265625,0.03704833984375,8.13018798828125
95,0.43333333333333357,0.1878662109375,1.427978515625,8.1275634765625
94,0.43333333333333357,0.58856201171875,0.04937744140625,8.13720703125
93,0.43333333333333357,-0.5296630859375,0.73443603515625,8.14794921875
92,0.43333333333333357,0.62322998046875,0.95263671875,8.1470947265625
91,0.43333333333333357,0.00830078125,0.144287109375,8.16064453125
90,0.43333333333333357,-0.05328369140625,0.96893310546875,8.1646728515625
89,0.43333333333333357,0.34173583984375,0.55487060546875,8.1707763671875
104,0.040277777777777857,-0.00897216796875,1.2376708984375,1.76666259765625
103,0.040277777777777857,0.1468505859375,1.343505859375,1.76611328125
102,0.040277777777777857,0.10626220703125,1.17376708984375,1.767822265625
101,0.040277777777777857,0.02935791015625,1.31341552734375,1.7685546875
100,0.040277777777777857,0.16424560546875,1.26708984375,1.768798828125
99,0.040277777777777857,0.0506591796875,1.21868896484375,1.77044677734375
98,0.040277777777777857,0.09375,1.30950927734375,1.77069091796875
97,0.040277777777777857,0.110595703125,1.24200439453125,1.77166748046875
96,0.43586934121063287,-0.4981689453125,0,8.16680908203125
95,0.44027777777777821,0.18927001953125,1.4141845703125,8.22772216796875
94,0.43848616246925232,0.59368896484375,0,8.211669921875
93,0.44027777777777821,-0.53814697265625,0.7110595703125,8.2484130859375
92,0.44027777777777821,0.630615234375,0.93231201171875,8.24755859375
91,0.44027777777777821,0.00726318359375,0.11279296875,8.26129150390625
90,0.44027777777777821,-0.05523681640625,0.9488525390625,8.265380859375
89,0.44027777777777821,0.34521484375,0.529052734375,8.27154541015625
104,0.0472222222222225,-0.02557373046875,1.23394775390625,1.91845703125
103,0.0472222222222225,0.1571044921875,1.3580322265625,1.9178466796875
102,0.0472222222222225,0.1094970703125,1.1590576171875,1.91986083984375
101,0.0472222222222225,0.019287109375,1.32275390625,1.92071533203125
100,0.0472222222222225,0.177490234375,1.26849365234375,1.92095947265625
99,0.0472222222222225,0.0443115234375,1.21173095703125,1.9229736328125
98,0.0472222222222225,0.0948486328125,1.3182373046875,1.9232177734375
97,0.0472222222222225,0.11456298828125,1.23907470703125,1.92437744140625
95,0.44722222222222285,0.190673828125,1.39996337890625,8.327880859375
93,0.44722222222222285,-0.54669189453125,0.68719482421875,8.348876953125
92,0.44722222222222285,0.63800048828125,0.9114990234375,8.3480224609375
91,0.44722222222222285,0.00616455078125,0.08074951171875,8.3619384765625
90,0.44722222222222285,-0.05718994140625,0.92822265625,8.3660888671875
89,0.44722222222222285,0.3487548828125,0.50274658203125,8.372314453125
104,0.05416666666666714,-0.042236328125,1.230224609375,2.0703125
103,0.05416666666666714,0.1673583984375,1.37261962890625,2.069580078125
102,0.05416666666666714,0.11273193359375,1.14434814453125,2.0718994140625
101,0.05416666666666714,0.00927734375,1.33209228515625,2.0728759765625
100,0.05416666666666714,0.19073486328125,1.2698974609375,2.07318115234375
99,0.05416666666666714,0.0379638671875,1.20477294921875,2.075439453125
98,0.05416666666666714,0.095947265625,1.326904296875,2.07574462890625
97,0.05416666666666714,0.11859130859375,1.23614501953125,2.07708740234375
95,0.4541666666666675,0.1920166015625,1.38525390625,8.42803955078125
93,0.4541666666666675,-0.55523681640625,0.6629638671875,8.4493408203125
92,0.4541666666666675,0.64544677734375,0.8902587890625,8.44842529296875
91,0.4541666666666675,0.00506591796875,0.04833984375,8.46258544921875
90,0.4541666666666675,-0.05914306640625,0.9072265625,8.46673583984375
89,0.4541666666666675,0.35223388671875,0.47601318359375,8.47314453125
104,0.061111111111110894,-0.058837890625,1.2265625,2.22210693359375
103,0.061111111111110894,0.17755126953125,1.38714599609375,2.2213134765625
102,0.061111111111110894,0.115966796875,1.129638671875,2.22393798828125
101,0.061111111111110894,-0.000732421875,1.34149169921875,2.22503662109375
100,0.061111111111110894,0.2039794921875,1.271240234375,2.22540283203125
99,0.061111111111110894,0.03167724609375,1.19781494140625,2.2279052734375
98,0.061111111111110894,0.0970458984375,1.33563232421875,2.228271484375
97,0.061111111111110894,0.12255859375,1.23321533203125,2.22979736328125
95,0.46111111111111125,0.19342041015625,1.3701171875,8.52825927734375
93,0.46111111111111125,-0.56378173828125,0.63818359375,8.5498046875
92,0.46111111111111125,0.65283203125,0.8685302734375,8.54888916015625
91,0.4590909089664682,0.0042724609375,0,8.533935546875
90,0.46111111111111125,-0.06103515625,0.88568115234375,8.56744384765625
89,0.46111111111111125,0.35577392578125,0.44873046875,8.57391357421875
104,0.068055555555555536,-0.075439453125,1.22283935546875,2.3739013671875
103,0.068055555555555536,0.18780517578125,1.4017333984375,2.373046875
102,0.068055555555555536,0.1192626953125,1.11492919921875,2.37591552734375
101,0.068055555555555536,-0.0107421875,1.350830078125,2.377197265625
100,0.068055555555555536,0.21722412109375,1.27264404296875,2.37750244140625
99,0.068055555555555536,0.02532958984375,1.19085693359375,2.38037109375
98,0.068055555555555536,0.09808349609375,1.34429931640625,2.3807373046875
97,0.068055555555555536,0.12652587890625,1.23028564453125,2.3824462890625
95,0.46805555555555589,0.19482421875,1.35455322265625,8.62841796875
93,0.46805555555555589,-0.57232666015625,0.613037109375,8.6502685546875
92,0.46805555555555589,0.6602783203125,0.84637451171875,8.64935302734375
90,0.46805555555555589,-0.06298828125,0.86376953125,8.66815185546875
89,0.46805555555555589,0.35931396484375,0.42108154296875,8.6746826171875
104,0.075000000000000178,-0.09185791015625,1.21881103515625,2.5238037109375
103,0.075000000000000178,0.19793701171875,1.41571044921875,2.52288818359375
102,0.075000000000000178,0.1224365234375,1.10003662109375,2.52606201171875
101,0.075000000000000178,-0.0206298828125,1.3597412109375,2.5274658203125
100,0.075000000000000178,0.23028564453125,1.27362060546875,2.52783203125
99,0.075000000000000178,0.01904296875,1.18359375,2.53094482421875
98,0.075000000000000178,0.09918212890625,1.3525390625,2.5313720703125
97,0.075000000000000178,0.1304931640625,1.22698974609375,2.533203125
95,0.47500000000000053,0.19622802734375,1.33837890625,8.72857666015625
93,0.47500000000000053,-0.58087158203125,0.5872802734375,8.75067138671875
92,0.47500000000000053,0.66766357421875,0.82366943359375,8.749755859375
90,0.47500000000000053,-0.06494140625,0.84124755859375,8.768798828125
89,0.47500000000000053,0.36279296875,0.39288330078125,8.77545166015625
104,0.081944444444444819,-0.10797119140625,1.2144775390625,2.67108154296875
103,0.081944444444444819,0.20782470703125,1.42901611328125,2.6700439453125
102,0.081944444444444819,0.1256103515625,1.0849609375,2.67352294921875
101,0.081944444444444819,-0.03033447265625,1.36798095703125,2.675048828125
100,0.081944444444444819,0.24310302734375,1.274169921875,2.67547607421875
99,0.081944444444444819,0.01287841796875,1.176025390625,2.6788330078125
98,0.081944444444444819,0.1002197265625,1.36016845703125,2.6793212890625
97,0.081944444444444819,0.13433837890625,1.22332763671875,2.68133544921875
95,0.48194444444444517,0.19757080078125,1.32183837890625,8.8287353515625
93,0.48194444444444517,-0.58941650390625,0.56109619140625,8.85113525390625
92,0.48194444444444517,0.67510986328125,0.80047607421875,8.8502197265625
90,0.48194444444444517,-0.06689453125,0.818359375,8.8695068359375
89,0.48194444444444517,0.3663330078125,0.36419677734375,8.876220703125
104,0.088888888888889461,-0.12384033203125,1.20965576171875,2.815673828125
103,0.088888888888889461,0.21759033203125,1.44158935546875,2.81451416015625
102,0.088888888888889461,0.128662109375,1.0697021484375,2.81829833984375
101,0.088888888888889461,-0.0399169921875,1.3756103515625,2.81988525390625
100,0.088888888888889461,0.2557373046875,1.27423095703125,2.82037353515625
99,0.088888888888889461,0.0068359375,1.16815185546875,2.82403564453125
98,0.088888888888889461,0.10125732421875,1.3671875,2.8245849609375
97,0.088888888888889461,0.13812255859375,1.21929931640625,2.82672119140625
95,0.48888888888888982,0.198974609375,1.30474853515625,8.92889404296875
93,0.48888888888888982,-0.597900390625,0.53448486328125,8.95159912109375
92,0.48888888888888982,0.6824951171875,0.77685546875,8.95068359375
90,0.48888888888888982,-0.06884765625,0.794921875,8.97015380859375
89,0.48888888888888982,0.369873046875,0.3350830078125,8.97698974609375
104,0.095833333333333215,-0.13934326171875,1.2044677734375,2.95751953125
103,0.095833333333333215,0.2271728515625,1.4534912109375,2.95635986328125
102,0.095833333333333215,0.1317138671875,1.05419921875,2.96038818359375
101,0.095833333333333215,-0.04925537109375,1.3826904296875,2.96209716796875
100,0.095833333333333215,0.26812744140625,1.2738037109375,2.96258544921875
99,0.095833333333333215,0.00091552734375,1.159912109375,2.966552734375
98,0.095833333333333215,0.102294921875,1.37359619140625,2.96710205078125
97,0.095833333333333215,0.141845703125,1.21478271484375,2.96942138671875
95,0.49583333333333357,0.20037841796875,1.2872314453125,9.02911376953125
93,0.49583333333333357,-0.6064453125,0.50732421875,9.05206298828125
92,0.49583333333333357,0.68988037109375,0.75274658203125,9.05108642578125
90,0.49583333333333357,-0.07080078125,0.77105712890625,9.07086181640625
89,0.49583333333333357,0.37335205078125,0.30548095703125,9.0777587890625
104,0.10277777777777786,-0.15460205078125,1.1988525390625,3.09674072265625
103,0.10277777777777786,0.236572265625,1.464599609375,3.095458984375
102,0.10277777777777786,0.1346435546875,1.03851318359375,3.0997314453125
101,0.10277777777777786,-0.0584716796875,1.38897705078125,3.10162353515625
100,0.10277777777777786,0.28021240234375,1.2728271484375,3.10211181640625
99,0.10277777777777786,-0.0048828125,1.15130615234375,3.1063232421875
98,0.10277777777777786,0.103271484375,1.3792724609375,3.10693359375
97,0.10277777777777786,0.1455078125,1.2098388671875,3.10943603515625
95,0.50277777777777821,0.2017822265625,1.26922607421875,9.1292724609375
93,0.50277777777777821,-0.614990234375,0.479736328125,9.15252685546875
92,0.50277777777777821,0.69732666015625,0.72821044921875,9.15155029296875
90,0.50277777777777821,-0.07275390625,0.74676513671875,9.17156982421875
89,0.50277777777777821,0.37689208984375,0.275390625,9.17852783203125
104,0.1097222222222225,-0.1695556640625,1.19281005859375,3.23321533203125
103,0.1097222222222225,0.24578857421875,1.4749755859375,3.23187255859375
102,0.1097222222222225,0.1375732421875,1.0225830078125,3.2364501953125
101,0.1097222222222225,-0.06744384765625,1.39471435546875,3.2384033203125
100,0.1097222222222225,0.29217529296875,1.2713623046875,3.23895263671875
99,0.1097222222222225,-0.01055908203125,1.142333984375,3.24346923828125
98,0.1097222222222225,0.104248046875,1.3843994140625,3.24407958984375
97,0.1097222222222225,0.14910888671875,1.20452880859375,3.2467041015625
95,0.50972222222222285,0.20318603515625,1.25079345703125,9.22943115234375
93,0.50972222222222285,-0.62353515625,0.45172119140625,9.25299072265625
92,0.50972222222222285,0.7047119140625,0.70318603515625,9.25201416015625
90,0.50972222222222285,-0.07470703125,0.721923828125,9.272216796875
89,0.50972222222222285,0.38037109375,0.244873046875,9.279296875
104,0.11666666666666714,-0.1842041015625,1.1864013671875,3.36700439453125
103,0.11666666666666714,0.2547607421875,1.484619140625,3.3656005859375
102,0.11666666666666714,0.14044189453125,1.00640869140625,3.37042236328125
101,0.11666666666666714,-0.0762939453125,1.3997802734375,3.37249755859375
100,0.11666666666666714,0.3038330078125,1.2694091796875,3.37310791015625
99,0.11666666666666714,-0.01617431640625,1.13299560546875,3.37786865234375
98,0.11666666666666714,0.105224609375,1.388916015625,3.37847900390625
97,0.11666666666666714,0.15264892578125,1.19879150390625,3.38128662109375
95,0.5166666666666675,0.20452880859375,1.23187255859375,9.32958984375
93,0.5166666666666675,-0.632080078125,0.42315673828125,9.35345458984375
92,0.5166666666666675,0.712158203125,0.67767333984375,9.3524169921875
90,0.5166666666666675,-0.07666015625,0.6966552734375,9.3729248046875
89,0.5166666666666675,0.3839111328125,0.2138671875,9.38006591796875
104,0.12361111111111089,-0.19854736328125,1.17962646484375,3.4981689453125
103,0.12361111111111089,0.26361083984375,1.49359130859375,3.49664306640625
102,0.12361111111111089,0.14324951171875,0.9901123046875,3.501708984375
101,0.12361111111111089,-0.0849609375,1.404296875,3.50390625
100,0.12361111111111089,0.31524658203125,1.26702880859375,3.5045166015625
99,0.12361111111111089,-0.02166748046875,1.1234130859375,3.509521484375
98,0.12361111111111089,0.10614013671875,1.392822265625,3.51019287109375
97,0.12361111111111089,0.15606689453125,1.192626953125,3.51312255859375
95,0.52361111111111125,0.2059326171875,1.21240234375,9.4298095703125
93,0.52361111111111125,-0.640625,0.3941650390625,9.453857421875
92,0.52361111111111125,0.71954345703125,0.651611328125,9.452880859375
90,0.52361111111111125,-0.07861328125,0.67083740234375,9.4736328125
89,0.52361111111111125,0.387451171875,0.182373046875,9.4808349609375
104,0.13055555555555554,-0.212646484375,1.17230224609375,3.6265869140625
103,0.13055555555555554,0.27227783203125,1.50177001953125,3.625
102,0.13055555555555554,0.14599609375,0.9735107421875,3.63031005859375
101,0.13055555555555554,-0.09344482421875,1.4080810546875,3.63262939453125
100,0.13055555555555554,0.32647705078125,1.2640380859375,3.63330078125
99,0.13055555555555554,-0.02703857421875,1.11334228515625,3.6385498046875
98,0.13055555555555554,0.1070556640625,1.39605712890625,3.63922119140625
97,0.13055555555555554,0.159423828125,1.18597412109375,3.642333984375
95,0.53055555555555589,0.20733642578125,1.19256591796875,9.52996826171875
93,0.53055555555555589,-0.649169921875,0.36468505859375,9.5543212890625
92,0.53055555555555589,0.7269287109375,0.62518310546875,9.5533447265625
90,0.53055555555555589,-0.08050537109375,0.6446533203125,9.57427978515625
89,0.53055555555555589,0.39093017578125,0.150390625,9.58160400390625
104,0.13750000000000018,-0.22637939453125,1.1646728515625,3.7523193359375
103,0.13750000000000018,0.28076171875,1.50921630859375,3.75067138671875
102,0.13750000000000018,0.148681640625,0.956787109375,3.7562255859375
101,0.13750000000000018,-0.10174560546875,1.4112548828125,3.7586669921875
100,0.13750000000000018,0.33740234375,1.2606201171875,3.75933837890625
99,0.13750000000000018,-0.03228759765625,1.10302734375,3.76483154296875
98,0.13750000000000018,0.10797119140625,1.398681640625,3.76556396484375
97,0.13750000000000018,0.1627197265625,1.178955078125,3.768798828125
95,0.53750000000000053,0.208740234375,1.17218017578125,9.630126953125
93,0.53750000000000053,-0.65765380859375,0.334716796875,9.65478515625
92,0.53750000000000053,0.734375,0.5982666015625,9.65374755859375
90,0.53750000000000053,-0.08245849609375,0.617919921875,9.67498779296875
89,0.53750000000000053,0.39447021484375,0.11798095703125,9.682373046875
104,0.14444444444444482,-0.2398681640625,1.1566162109375,3.8753662109375
103,0.14444444444444482,0.2890625,1.5159912109375,3.8736572265625
102,0.14444444444444482,0.15130615234375,0.93975830078125,3.87945556640625
101,0.14444444444444482,-0.10986328125,1.41375732421875,3.88201904296875
100,0.14444444444444482,0.34814453125,1.25665283203125,3.8826904296875
99,0.14444444444444482,-0.03741455078125,1.09228515625,3.888427734375
98,0.14444444444444482,0.10882568359375,1.400634765625,3.88916015625
97,0.14444444444444482,0.16595458984375,1.1715087890625,3.892578125
95,0.54444444444444517,0.2100830078125,1.1513671875,9.73028564453125
93,0.54444444444444517,-0.66619873046875,0.3043212890625,9.7552490234375
92,0.54444444444444517,0.74176025390625,0.57086181640625,9.75421142578125
90,0.54444444444444517,-0.08441162109375,0.59075927734375,9.775634765625
89,0.54444444444444517,0.39801025390625,0.0850830078125,9.78314208984375
104,0.15138888888888946,-0.2530517578125,1.148193359375,3.99578857421875
103,0.15138888888888946,0.29718017578125,1.52203369140625,3.99395751953125
102,0.15138888888888946,0.15386962890625,0.922607421875,4
101,0.15138888888888946,-0.1177978515625,1.41571044921875,4.00262451171875
100,0.15138888888888946,0.358642578125,1.25225830078125,4.00335693359375
99,0.15138888888888946,-0.04241943359375,1.081298828125,4.00933837890625
98,0.15138888888888946,0.1097412109375,1.40203857421875,4.0101318359375
97,0.15138888888888946,0.16912841796875,1.1636962890625,4.01361083984375
95,0.55138888888888982,0.21148681640625,1.1300048828125,9.8304443359375
93,0.55138888888888982,-0.67474365234375,0.27337646484375,9.855712890625
92,0.55138888888888982,0.74920654296875,0.54296875,9.85467529296875
90,0.55138888888888982,-0.08636474609375,0.56304931640625,9.8763427734375
89,0.55138888888888982,0.4014892578125,0.0516357421875,9.8839111328125
104,0.15833333333333321,-0.26593017578125,1.1392822265625,4.11346435546875
103,0.15833333333333321,0.30511474609375,1.5272216796875,4.111572265625
102,0.15833333333333321,0.1563720703125,0.9051513671875,4.11785888671875
101,0.15833333333333321,-0.12554931640625,1.4168701171875,4.12054443359375
100,0.15833333333333321,0.368896484375,1.247314453125,4.121337890625
99,0.15833333333333321,-0.04736328125,1.06988525390625,4.12750244140625
98,0.15833333333333321,0.11053466796875,1.4027099609375,4.12835693359375
97,0.15833333333333321,0.1722412109375,1.1553955078125,4.1319580078125
95,0.55833333333333357,0.212890625,1.1082763671875,9.9306640625
93,0.55833333333333357,-0.68328857421875,0.2420654296875,9.9561767578125
92,0.55833333333333357,0.756591796875,0.5146484375,9.955078125
90,0.55833333333333357,-0.08831787109375,0.53497314453125,9.97705078125
89,0.55685669875283028,0.404296875,0,9.9632568359375
104,0.16527777777777786,-0.27850341796875,1.1300048828125,4.22845458984375
103,0.16527777777777786,0.3128662109375,1.53179931640625,4.22650146484375
102,0.16527777777777786,0.1588134765625,0.8875732421875,4.2330322265625
101,0.16527777777777786,-0.1331787109375,1.41754150390625,4.23583984375
100,0.16527777777777786,0.37890625,1.24188232421875,4.23663330078125
99,0.16527777777777786,-0.05218505859375,1.05810546875,4.24298095703125
98,0.16527777777777786,0.11138916015625,1.40283203125,4.24383544921875
97,0.16527777777777786,0.17523193359375,1.14666748046875,4.24761962890625
95,0.56527777777777821,0.21429443359375,1.0860595703125,10.03082275390625
93,0.56527777777777821,-0.69183349609375,0.210205078125,10.05657958984375
92,0.56527777777777821,0.7640380859375,0.48583984375,10.0555419921875
90,0.56527777777777821,-0.09027099609375,0.50634765625,10.07769775390625
104,0.1722222222222225,-0.29083251953125,1.120361328125,4.34075927734375
103,0.1722222222222225,0.3204345703125,1.53564453125,4.3387451171875
102,0.1722222222222225,0.1612548828125,0.86981201171875,4.345458984375
101,0.1722222222222225,-0.14056396484375,1.41754150390625,4.348388671875
100,0.1722222222222225,0.38873291015625,1.23602294921875,4.34918212890625
99,0.1722222222222225,-0.05682373046875,1.04608154296875,4.35577392578125
98,0.1722222222222225,0.1121826171875,1.40240478515625,4.356689453125
97,0.1722222222222225,0.17822265625,1.1375732421875,4.360595703125
95,0.57222222222222285,0.21563720703125,1.06329345703125,10.1309814453125
93,0.57222222222222285,-0.70037841796875,0.1778564453125,10.15704345703125
92,0.57222222222222285,0.77142333984375,0.45648193359375,10.15594482421875
90,0.57222222222222285,-0.09222412109375,0.477294921875,10.17840576171875
104,0.17916666666666714,-0.3028564453125,1.11029052734375,4.45037841796875
103,0.17916666666666714,0.32781982421875,1.53875732421875,4.44830322265625
102,0.17916666666666714,0.16357421875,0.85174560546875,4.4552001953125
101,0.17916666666666714,-0.1478271484375,1.4168701171875,4.458251953125
100,0.17916666666666714,0.39825439453125,1.22955322265625,4.45904541015625
99,0.17916666666666714,-0.0614013671875,1.0335693359375,4.46588134765625
98,0.17916666666666714,0.11297607421875,1.4012451171875,4.466796875
97,0.17916666666666714,0.18109130859375,1.1280517578125,4.4708251953125
95,0.5791666666666675,0.217041015625,1.0401611328125,10.23114013671875
93,0.5791666666666675,-0.70892333984375,0.1451416015625,10.25750732421875
92,0.5791666666666675,0.77880859375,0.4267578125,10.25640869140625
90,0.5791666666666675,-0.09417724609375,0.44781494140625,10.27911376953125
104,0.18611111111111089,-0.31451416015625,1.09979248046875,4.5572509765625
103,0.18611111111111089,0.3350830078125,1.5411376953125,4.55517578125
102,0.18611111111111089,0.16583251953125,0.83349609375,4.56231689453125
101,0.18611111111111089,-0.15484619140625,1.41558837890625,4.56536865234375
100,0.18611111111111089,0.4075927734375,1.22265625,4.56622314453125
99,0.18611111111111089,-0.06591796875,1.02081298828125,4.57330322265625
98,0.18611111111111089,0.11370849609375,1.39947509765625,4.57421875
97,0.18611111111111089,0.18389892578125,1.11810302734375,4.578369140625
95,0.58611111111111125,0.21844482421875,1.01641845703125,10.331298828125
93,0.58611111111111125,-0.7174072265625,0.11181640625,10.35797119140625
92,0.58611111111111125,0.7862548828125,0.396484375,10.35687255859375
90,0.58611111111111125,-0.09613037109375,0.417724609375,10.3797607421875
104,0.19305555555555554,-0.325927734375,1.0888671875,4.6614990234375
103,0.19305555555555554,0.34210205078125,1.542724609375,4.65936279296875
102,0.19305555555555554,0.1680908203125,0.81500244140625,4.66668701171875
101,0.19305555555555554,-0.1617431640625,1.41363525390625,4.66986083984375
100,0.19305555555555554,0.41668701171875,1.21527099609375,4.6707763671875
99,0.19305555555555554,-0.07025146484375,1.0076904296875,4.677978515625
98,0.19305555555555554,0.114501953125,1.3970947265625,4.678955078125
97,0.19305555555555554,0.1866455078125,1.10772705078125,4.68316650390625
95,0.59305555555555589,0.2198486328125,0.9923095703125,10.4315185546875
93,0.59305555555555589,-0.7259521484375,0.07806396484375,10.45843505859375
92,0.59305555555555589,0.79364013671875,0.36578369140625,10.457275390625
90,0.59305555555555589,-0.0980224609375,0.38726806640625,10.48046875
104,0.20000000000000018,-0.33709716796875,1.07757568359375,4.7630615234375
103,0.20000000000000018,0.34893798828125,1.54364013671875,4.76080322265625
102,0.20000000000000018,0.17022705078125,0.79632568359375,4.76837158203125
101,0.20000000000000018,-0.16845703125,1.41107177734375,4.7716064453125
100,0.20000000000000018,0.425537109375,1.20733642578125,4.77252197265625
99,0.20000000000000018,-0.074462890625,0.994140625,4.77996826171875
98,0.20000000000000018,0.115234375,1.39404296875,4.78094482421875
97,0.20000000000000018,0.18927001953125,1.09686279296875,4.78533935546875
95,0.60000000000000053,0.22119140625,0.9676513671875,10.53167724609375
93,0.60000000000000053,-0.7344970703125,0.04388427734375,10.55889892578125
92,0.60000000000000053,0.80108642578125,0.3345947265625,10.5577392578125
90,0.60000000000000053,-0.0999755859375,0.35626220703125,10.5811767578125
104,0.20694444444444482,-0.3480224609375,1.0657958984375,4.86328125
103,0.20694444444444482,0.355712890625,1.54388427734375,4.8609619140625
102,0.20694444444444482,0.17236328125,0.77728271484375,4.86871337890625
101,0.20694444444444482,-0.175048828125,1.40789794921875,4.8720703125
100,0.20694444444444482,0.43426513671875,1.19891357421875,4.87298583984375
99,0.20694444444444482,-0.07867431640625,0.980224609375,4.880615234375
98,0.20694444444444482,0.11590576171875,1.39044189453125,4.88165283203125
97,0.20694444444444482,0.19189453125,1.08563232421875,4.8861083984375
95,0.60694444444444517,0.22259521484375,0.942626953125,10.6318359375
93,0.60378032069820065,-0.7391357421875,0,10.613525390625
92,0.60694444444444517,0.8084716796875,0.302978515625,10.658203125
90,0.60694444444444517,-0.1019287109375,0.32489013671875,10.68182373046875
104,0.21388888888888946,-0.3590087890625,1.0535888671875,4.9635009765625
103,0.21388888888888946,0.3624267578125,1.543701171875,4.96112060546875
102,0.21388888888888946,0.174560546875,0.7578125,4.96905517578125
101,0.21388888888888946,-0.18170166015625,1.404296875,4.97247314453125
100,0.21388888888888946,0.44305419921875,1.1900634765625,4.97344970703125
99,0.21388888888888946,-0.0828857421875,0.96588134765625,4.98126220703125
98,0.21388888888888946,0.11663818359375,1.38641357421875,4.9822998046875
97,0.21388888888888946,0.194580078125,1.07391357421875,4.98687744140625
95,0.61388888888888982,0.2239990234375,0.9171142578125,10.73199462890625
92,0.61388888888888982,0.81591796875,0.2708740234375,10.75860595703125
90,0.61388888888888982,-0.1038818359375,0.29296875,10.78253173828125
104,0.22083333333333321,-0.3699951171875,1.0408935546875,5.06365966796875
103,0.22083333333333321,0.36920166015625,1.5430908203125,5.061279296875
102,0.22083333333333321,0.17669677734375,0.73785400390625,5.06939697265625
101,0.22083333333333321,-0.18829345703125,1.40020751953125,5.07293701171875
100,0.22083333333333321,0.4517822265625,1.18072509765625,5.07391357421875
99,0.22083333333333321,-0.0870361328125,0.95098876953125,5.0819091796875
98,0.22083333333333321,0.11737060546875,1.38189697265625,5.08294677734375
97,0.22083333333333321,0.19720458984375,1.06170654296875,5.087646484375
95,0.62083333333333357,0.22540283203125,0.8909912109375,10.83221435546875
92,0.62083333333333357,0.82330322265625,0.2381591796875,10.85906982421875
90,0.62083333333333357,-0.1058349609375,0.26055908203125,10.8831787109375
104,0.22777777777777786,-0.3809814453125,1.0277099609375,5.16387939453125
103,0.22777777777777786,0.3759765625,1.54193115234375,5.16143798828125
102,0.22777777777777786,0.1788330078125,0.7174072265625,5.16973876953125
101,0.22777777777777786,-0.19488525390625,1.39569091796875,5.17333984375
100,0.22777777777777786,0.46051025390625,1.1708984375,5.17431640625
99,0.22777777777777786,-0.09124755859375,0.9356689453125,5.1824951171875
98,0.22777777777777786,0.11810302734375,1.37689208984375,5.18365478515625
97,0.22777777777777786,0.1998291015625,1.04901123046875,5.1884765625
95,0.62777777777777821,0.22674560546875,0.86456298828125,10.932373046875
92,0.62777777777777821,0.8306884765625,0.20513916015625,10.95953369140625
90,0.62777777777777821,-0.1077880859375,0.22772216796875,10.98388671875
104,0.2347222222222225,-0.39190673828125,1.01409912109375,5.26409912109375
103,0.2347222222222225,0.38275146484375,1.5404052734375,5.26153564453125
102,0.2347222222222225,0.18096923828125,0.696533203125,5.27008056640625
101,0.2347222222222225,-0.2015380859375,1.39068603515625,5.27374267578125
100,0.2347222222222225,0.46923828125,1.16058349609375,5.2747802734375
99,0.2347222222222225,-0.09539794921875,0.919921875,5.28314208984375
98,0.2347222222222225,0.1187744140625,1.3714599609375,5.2843017578125
97,0.2347222222222225,0.20245361328125,1.035888671875,5.28924560546875
95,0.63472222222222285,0.2281494140625,0.8375244140625,11.03253173828125
92,0.63472222222222285,0.838134765625,0.17156982421875,11.0599365234375
90,0.63472222222222285,-0.1097412109375,0.19439697265625,11.0845947265625
104,0.24166666666666714,-0.40289306640625,0.99993896484375,5.36431884765625
103,0.24166666666666714,0.38946533203125,1.53826904296875,5.3616943359375
102,0.24166666666666714,0.18310546875,0.67510986328125,5.37042236328125
101,0.24166666666666714,-0.2081298828125,1.3851318359375,5.37420654296875
100,0.24166666666666714,0.47796630859375,1.1497802734375,5.375244140625
99,0.24166666666666714,-0.099609375,0.903564453125,5.3837890625
98,0.24166666666666714,0.1195068359375,1.365478515625,5.38494873046875
97,0.24166666666666714,0.205078125,1.02227783203125,5.3900146484375
95,0.6416666666666675,0.22955322265625,0.81011962890625,11.1326904296875
92,0.6416666666666675,0.84552001953125,0.1375732421875,11.160400390625
90,0.6416666666666675,-0.1116943359375,0.16058349609375,11.18524169921875
104,0.24861111111111089,-0.41387939453125,0.9853515625,5.4644775390625
103,0.24861111111111089,0.396240234375,1.53570556640625,5.46185302734375
102,0.24861111111111089,0.18524169921875,0.65325927734375,5.47076416015625
101,0.24861111111111089,-0.2147216796875,1.379150390625,5.474609375
100,0.24861111111111089,0.4866943359375,1.1385498046875,5.4757080078125
99,0.24861111111111089,-0.10382080078125,0.8868408203125,5.48443603515625
98,0.24861111111111089,0.1202392578125,1.35906982421875,5.48565673828125
97,0.24861111111111089,0.20770263671875,1.0081787109375,5.49078369140625
95,0.64861111111111125,0.23095703125,0.78216552734375,11.23284912109375
92,0.64861111111111125,0.85296630859375,0.10308837890625,11.2608642578125
90,0.64861111111111125,-0.1136474609375,0.1263427734375,11.28594970703125
104,0.25555555555555554,-0.42486572265625,0.9703369140625,5.564697265625
103,0.25555555555555554,0.40301513671875,1.53277587890625,5.56201171875
102,0.25555555555555554,0.1873779296875,0.6309814453125,5.57110595703125
101,0.25555555555555554,-0.22137451171875,1.372802734375,5.57501220703125
100,0.25555555555555554,0.4954833984375,1.12689208984375,5.576171875
99,0.25555555555555554,-0.10797119140625,0.86968994140625,5.5850830078125
98,0.25555555555555554,0.1209716796875,1.35223388671875,5.5863037109375
97,0.25555555555555554,0.2103271484375,0.99365234375,5.591552734375
95,0.65555555555555589,0.2322998046875,0.7537841796875,11.33306884765625
92,0.65555555555555589,0.8603515625,0.068115234375,11.36126708984375
90,0.65555555555555589,-0.1156005859375,0.091552734375,11.38665771484375
104,0.26250000000000018,-0.435791015625,0.95477294921875,5.6649169921875
103,0.26250000000000018,0.40972900390625,1.52923583984375,5.66217041015625
102,0.26250000000000018,0.18951416015625,0.60809326171875,5.67144775390625
101,0.26250000000000018,-0.22796630859375,1.3658447265625,5.67547607421875
100,0.26250000000000018,0.50421142578125,1.11468505859375,5.67657470703125
99,0.26250000000000018,-0.1121826171875,0.85198974609375,5.68572998046875
98,0.26250000000000018,0.12164306640625,1.3448486328125,5.68695068359375
97,0.26250000000000018,0.21295166015625,0.97857666015625,5.69232177734375
95,0.66250000000000053,0.23370361328125,0.7249755859375,11.4332275390625
92,0.66250000000000053,0.86773681640625,0.03265380859375,11.46173095703125
90,0.66250000000000053,-0.11749267578125,0.056396484375,11.4873046875
104,0.26944444444444482,-0.44677734375,0.93878173828125,5.76513671875
103,0.26944444444444482,0.41650390625,1.5252685546875,5.7623291015625
102,0.26944444444444482,0.191650390625,0.5848388671875,5.77178955078125
101,0.26944444444444482,-0.234619140625,1.35845947265625,5.77587890625
100,0.26944444444444482,0.512939453125,1.10205078125,5.77703857421875
99,0.26944444444444482,-0.1163330078125,0.83380126953125,5.786376953125
98,0.26944444444444482,0.12237548828125,1.3370361328125,5.78765869140625
97,0.26944444444444482,0.215576171875,0.96307373046875,5.79315185546875
95,0.66944444444444517,0.235107421875,0.695556640625,11.53338623046875
92,0.6639761364003649,0.86932373046875,0,11.48309326171875
90,0.66860398896598394,-0.11920166015625,0,11.5758056640625
104,0.27638888888888946,-0.457763671875,0.92230224609375,5.86529541015625
103,0.27638888888888946,0.42327880859375,1.5208740234375,5.8624267578125
102,0.27638888888888946,0.19378662109375,0.56109619140625,5.87213134765625
101,0.27638888888888946,-0.2412109375,1.3505859375,5.8763427734375
100,0.27638888888888946,0.52166748046875,1.08892822265625,5.87750244140625
99,0.27638888888888946,-0.12054443359375,0.815185546875,5.88702392578125
98,0.27638888888888946,0.12310791015625,1.3287353515625,5.8883056640625
97,0.27638888888888946,0.21826171875,0.9471435546875,5.8939208984375
95,0.67638888888888982,0.23651123046875,0.665771484375,11.633544921875
104,0.28333333333333321,-0.46875,0.90533447265625,5.96551513671875
103,0.28333333333333321,0.4300537109375,1.51593017578125,5.96258544921875
102,0.28333333333333321,0.1959228515625,0.536865234375,5.97247314453125
101,0.28333333333333321,-0.247802734375,1.34228515625,5.97674560546875
100,0.28333333333333321,0.5303955078125,1.0753173828125,5.97796630859375
99,0.28333333333333321,-0.12469482421875,0.79608154296875,5.9876708984375
98,0.28333333333333321,0.12384033203125,1.3199462890625,5.98895263671875
97,0.28333333333333321,0.22088623046875,0.9306640625,5.99468994140625
95,0.68333333333333357,0.23785400390625,0.635498046875,11.73370361328125
104,0.29027777777777786,-0.479736328125,0.887939453125,6.06573486328125
103,0.29027777777777786,0.436767578125,1.51055908203125,6.062744140625
102,0.29027777777777786,0.19805908203125,0.51220703125,6.07281494140625
101,0.29027777777777786,-0.25445556640625,1.33349609375,6.0771484375
100,0.29027777777777786,0.53912353515625,1.061279296875,6.078369140625
99,0.29027777777777786,-0.12890625,0.7764892578125,6.08831787109375
98,0.29027777777777786,0.12451171875,1.31072998046875,6.08966064453125
97,0.29027777777777786,0.2235107421875,0.91375732421875,6.095458984375
95,0.69027777777777821,0.2392578125,0.604736328125,11.83392333984375
104,0.2972222222222225,-0.49066162109375,0.87005615234375,6.16595458984375
103,0.2972222222222225,0.44354248046875,1.5047607421875,6.16290283203125
102,0.2972222222222225,0.2001953125,0.487060546875,6.17315673828125
101,0.2972222222222225,-0.26104736328125,1.32421875,6.1776123046875
100,0.2972222222222225,0.54791259765625,1.0467529296875,6.1788330078125
99,0.2972222222222225,-0.13311767578125,0.7564697265625,6.18896484375
98,0.2972222222222225,0.125244140625,1.301025390625,6.1903076171875
97,0.2972222222222225,0.22613525390625,0.8963623046875,6.19622802734375
95,0.69722222222222285,0.24066162109375,0.573486328125,11.93408203125
104,0.30416666666666714,-0.50164794921875,0.8516845703125,6.26611328125
103,0.30416666666666714,0.4503173828125,1.4984130859375,6.2630615234375
102,0.30416666666666714,0.20233154296875,0.46142578125,6.27349853515625
101,0.30416666666666714,-0.26763916015625,1.314453125,6.27801513671875
100,0.30416666666666714,0.556640625,1.03173828125,6.279296875
99,0.30416666666666714,-0.13726806640625,0.7359619140625,6.28961181640625
98,0.30416666666666714,0.1259765625,1.29083251953125,6.29095458984375
97,0.30416666666666714,0.228759765625,0.87847900390625,6.29705810546875
95,0.7041666666666675,0.2420654296875,0.54180908203125,12.03424072265625
104,0.31111111111111089,-0.51263427734375,0.83282470703125,6.3663330078125
103,0.31111111111111089,0.45709228515625,1.49163818359375,6.3631591796875
102,0.31111111111111089,0.2044677734375,0.435302734375,6.37384033203125
101,0.31111111111111089,-0.2742919921875,1.30419921875,6.37847900390625
100,0.31111111111111089,0.56536865234375,1.0162353515625,6.3797607421875
99,0.31111111111111089,-0.1414794921875,0.71490478515625,6.39019775390625
98,0.31111111111111089,0.126708984375,1.2801513671875,6.39166259765625
97,0.31111111111111089,0.23138427734375,0.860107421875,6.3978271484375
95,0.71111111111111125,0.243408203125,0.5096435546875,12.1343994140625
104,0.31805555555555554,-0.52362060546875,0.8134765625,6.466552734375
103,0.31805555555555554,0.46380615234375,1.48431396484375,6.46331787109375
102,0.31805555555555554,0.20660400390625,0.40869140625,6.47418212890625
101,0.31805555555555554,-0.2808837890625,1.29351806640625,6.4788818359375
100,0.31805555555555554,0.5740966796875,1.000244140625,6.48016357421875
99,0.31805555555555554,-0.1456298828125,0.69342041015625,6.4908447265625
98,0.31805555555555554,0.12738037109375,1.26898193359375,6.4923095703125
97,0.31805555555555554,0.2340087890625,0.84130859375,6.49859619140625
95,0.71805555555555589,0.24481201171875,0.47698974609375,12.234619140625
104,0.32500000000000018,-0.5345458984375,0.793701171875,6.5667724609375
103,0.32500000000000018,0.4705810546875,1.4765625,6.5634765625
102,0.32500000000000018,0.208740234375,0.38165283203125,6.57452392578125
101,0.32500000000000018,-0.2874755859375,1.2823486328125,6.57928466796875
100,0.32500000000000018,0.58282470703125,0.98382568359375,6.58062744140625
99,0.32500000000000018,-0.14984130859375,0.6715087890625,6.59149169921875
98,0.32500000000000018,0.12811279296875,1.25738525390625,6.59295654296875
97,0.32500000000000018,0.23663330078125,0.822021484375,6.599365234375
95,0.72500000000000053,0.2462158203125,0.44390869140625,12.33477783203125
104,0.33194444444444482,-0.5455322265625,0.7734375,6.66693115234375
103,0.33194444444444482,0.47735595703125,1.4683837890625,6.66363525390625
102,0.33194444444444482,0.2109375,0.3541259765625,6.67486572265625
101,0.33194444444444482,-0.29412841796875,1.27069091796875,6.67974853515625
100,0.33194444444444482,0.591552734375,0.9669189453125,6.68109130859375
99,0.33194444444444482,-0.154052734375,0.6490478515625,6.692138671875
98,0.33194444444444482,0.12884521484375,1.24530029296875,6.69366455078125
97,0.33194444444444482,0.23931884765625,0.80224609375,6.70013427734375
95,0.73194444444444517,0.24761962890625,0.4102783203125,12.4349365234375
104,0.33888888888888946,-0.5565185546875,0.75274658203125,6.76715087890625
103,0.33888888888888946,0.48406982421875,1.459716796875,6.7637939453125
102,0.33888888888888946,0.21307373046875,0.326171875,6.77520751953125
101,0.33888888888888946,-0.30072021484375,1.25860595703125,6.7801513671875
100,0.33888888888888946,0.600341796875,0.9495849609375,6.78155517578125
99,0.33888888888888946,-0.158203125,0.626220703125,6.79278564453125
98,0.33888888888888946,0.12957763671875,1.23284912109375,6.7943115234375
97,0.33888888888888946,0.241943359375,0.78204345703125,6.80096435546875
95,0.73888888888888982,0.2490234375,0.376220703125,12.53509521484375
104,0.34583333333333321,-0.5675048828125,0.73150634765625,6.86737060546875
103,0.34583333333333321,0.4908447265625,1.45050048828125,6.8638916015625
102,0.34583333333333321,0.2152099609375,0.29766845703125,6.87554931640625
101,0.34583333333333321,-0.307373046875,1.24603271484375,6.88055419921875
100,0.34583333333333321,0.60906982421875,0.93170166015625,6.88201904296875
99,0.34583333333333321,-0.16241455078125,0.60284423828125,6.8934326171875
98,0.34583333333333321,0.1302490234375,1.21978759765625,6.89495849609375
97,0.34583333333333321,0.24456787109375,0.76129150390625,6.9017333984375
95,0.74583333333333357,0.2503662109375,0.3416748046875,12.63525390625
104,0.35277777777777786,-0.5784912109375,0.7098388671875,6.96759033203125
103,0.35277777777777786,0.49761962890625,1.44091796875,6.96405029296875
102,0.35277777777777786,0.21734619140625,0.2686767578125,6.97589111328125
101,0.35277777777777786,-0.31396484375,1.23297119140625,6.98101806640625
100,0.35277777777777786,0.6177978515625,0.91339111328125,6.982421875
99,0.35277777777777786,-0.16656494140625,0.57904052734375,6.99407958984375
98,0.35277777777777786,0.1309814453125,1.206298828125,6.99566650390625
97,0.35277777777777786,0.2471923828125,0.74017333984375,7.00250244140625
95,0.75277777777777821,0.25177001953125,0.30670166015625,12.7354736328125
104,0.3597222222222225,-0.58941650390625,0.68768310546875,7.0677490234375
103,0.3597222222222225,0.50439453125,1.4307861328125,7.064208984375
102,0.3597222222222225,0.219482421875,0.2392578125,7.07623291015625
101,0.3597222222222225,-0.320556640625,1.21942138671875,7.0814208984375
100,0.3597222222222225,0.62652587890625,0.89459228515625,7.0828857421875
99,0.3597222222222225,-0.1707763671875,0.5546875,7.0947265625
98,0.3597222222222225,0.1317138671875,1.19232177734375,7.0963134765625
97,0.3597222222222225,0.24981689453125,0.718505859375,7.103271484375
95,0.75972222222222285,0.253173828125,0.271240234375,12.83563232421875
104,0.36666666666666714,-0.60040283203125,0.66510009765625,7.16796875
103,0.36666666666666714,0.5111083984375,1.4202880859375,7.16436767578125
102,0.36666666666666714,0.22161865234375,0.20941162109375,7.17657470703125
101,0.36666666666666714,-0.32720947265625,1.2054443359375,7.181884765625
100,0.36666666666666714,0.63525390625,0.8753662109375,7.183349609375
99,0.36666666666666714,-0.1749267578125,0.52996826171875,7.19537353515625
98,0.36666666666666714,0.1324462890625,1.17791748046875,7.19696044921875
97,0.36666666666666714,0.25244140625,0.6964111328125,7.20404052734375
95,0.7666666666666675,0.25457763671875,0.2352294921875,12.935791015625
104,0.37361111111111089,-0.61138916015625,0.6419677734375,7.2681884765625
103,0.37361111111111089,0.51788330078125,1.4091796875,7.2645263671875
102,0.37361111111111089,0.2237548828125,0.17901611328125,7.27691650390625
101,0.37361111111111089,-0.33380126953125,1.19097900390625,7.28228759765625
100,0.37361111111111089,0.64398193359375,0.8555908203125,7.2838134765625
99,0.37361111111111089,-0.17913818359375,0.50469970703125,7.2960205078125
98,0.37361111111111089,0.13311767578125,1.1629638671875,7.29766845703125
97,0.37361111111111089,0.25506591796875,0.67376708984375,7.3048095703125
95,0.77361111111111125,0.25592041015625,0.1988525390625,13.03594970703125
104,0.38055555555555554,-0.62237548828125,0.618408203125,7.368408203125
103,0.38055555555555554,0.524658203125,1.39764404296875,7.3646240234375
102,0.38055555555555554,0.22589111328125,0.148193359375,7.37725830078125
101,0.38055555555555554,-0.34039306640625,1.176025390625,7.3826904296875
100,0.38055555555555554,0.65277099609375,0.83538818359375,7.38421630859375
99,0.38055555555555554,-0.183349609375,0.47894287109375,7.39666748046875
98,0.38055555555555554,0.13385009765625,1.1475830078125,7.3983154296875
97,0.38055555555555554,0.2576904296875,0.65069580078125,7.4056396484375
95,0.78055555555555589,0.25732421875,0.161865234375,13.1361083984375
104,0.38750000000000018,-0.63330078125,0.5943603515625,7.46856689453125
103,0.38750000000000018,0.5313720703125,1.38568115234375,7.46478271484375
102,0.38750000000000018,0.22802734375,0.11688232421875,7.47760009765625
101,0.38750000000000018,-0.3470458984375,1.16058349609375,7.483154296875
100,0.38750000000000018,0.6614990234375,0.814697265625,7.48468017578125
99,0.38750000000000018,-0.1875,0.4527587890625,7.49725341796875
98,0.38750000000000018,0.13458251953125,1.1317138671875,7.49896240234375
97,0.38750000000000018,0.26031494140625,0.627197265625,7.50640869140625
95,0.78750000000000053,0.25872802734375,0.12457275390625,13.236328125
104,0.39444444444444482,-0.644287109375,0.56988525390625,7.56878662109375
103,0.39444444444444482,0.53814697265625,1.37322998046875,7.56494140625
102,0.39444444444444482,0.23016357421875,0.08514404296875,7.57794189453125
101,0.39444444444444482,-0.3536376953125,1.14471435546875,7.58355712890625
100,0.39444444444444482,0.67022705078125,0.79351806640625,7.58514404296875
99,0.39444444444444482,-0.19171142578125,0.4261474609375,7.597900390625
98,0.39444444444444482,0.13531494140625,1.11541748046875,7.59967041015625
97,0.39444444444444482,0.26300048828125,0.60321044921875,7.607177734375
95,0.79444444444444517,0.2601318359375,0.086669921875,13.33648681640625
105,0,0.08746337890625,1.25909423828125,0.88604736328125
106,0,0.08746337890625,1.25909423828125,0.88604736328125
107,0,0.08746337890625,1.25909423828125,0.88604736328125
108,0,0.08746337890625,1.25909423828125,0.88604736328125
109,0,0.08746337890625,1.25909423828125,0.88604736328125
110,0,0.08746337890625,1.25909423828125,0.88604736328125
111,0,0.08746337890625,1.25909423828125,0.88604736328125
112,0,0.08746337890625,1.25909423828125,0.88604736328125
112,0.001388888888889106,0.09112548828125,1.26007080078125,0.9163818359375
111,0.001388888888889106,0.08575439453125,1.25640869140625,0.91644287109375
110,0.001388888888889106,0.08721923828125,1.26226806640625,0.91644287109375
109,0.001388888888889106,0.08984375,1.2574462890625,0.91644287109375
108,0.001388888888889106,0.08514404296875,1.25909423828125,0.91650390625
107,0.001388888888889106,0.089111328125,1.26068115234375,0.91650390625
106,0.001388888888889106,0.08758544921875,1.257568359375,0.91656494140625
105,0.001388888888889106,0.0870361328125,1.25994873046875,0.91656494140625
104,0.40138888888888946,-0.6552734375,0.54486083984375,7.66900634765625
103,0.40138888888888946,0.544921875,1.3602294921875,7.66510009765625
102,0.40138888888888946,0.2322998046875,0.0528564453125,7.67828369140625
101,0.40138888888888946,-0.36029052734375,1.1282958984375,7.68402099609375
100,0.40138888888888946,0.678955078125,0.7718505859375,7.68560791015625
99,0.40138888888888946,-0.19586181640625,0.39892578125,7.69854736328125
98,0.40138888888888946,0.135986328125,1.09857177734375,7.7003173828125
97,0.40138888888888946,0.265625,0.57867431640625,7.70794677734375
95,0.80138888888888982,0.261474609375,0.04840087890625,13.4366455078125
112,0.00833333333333286,0.109619140625,1.2647705078125,1.06793212890625
111,0.00833333333333286,0.07720947265625,1.24310302734375,1.06842041015625
110,0.00833333333333286,0.08587646484375,1.2781982421875,1.068359375
109,0.00833333333333286,0.1015625,1.2491455078125,1.06854248046875
108,0.00833333333333286,0.07373046875,1.25897216796875,1.06884765625
107,0.00833333333333286,0.0972900390625,1.268798828125,1.06884765625
106,0.00833333333333286,0.0882568359375,1.25006103515625,1.06915283203125
105,0.00833333333333286,0.08489990234375,1.2640380859375,1.06927490234375
104,0.40833333333333321,-0.666259765625,0.5194091796875,7.76922607421875
103,0.40833333333333321,0.55169677734375,1.34686279296875,7.7652587890625
102,0.40729944095891707,0.234130859375,0,7.763671875
101,0.40833333333333321,-0.36688232421875,1.11151123046875,7.784423828125
100,0.40833333333333321,0.68768310546875,0.749755859375,7.7860107421875
99,0.40833333333333321,-0.2000732421875,0.371337890625,7.7991943359375
98,0.40833333333333321,0.13671875,1.081298828125,7.80096435546875
97,0.40833333333333321,0.26824951171875,0.5537109375,7.8087158203125
95,0.8055796148229587,0.2623291015625,0,13.4970703125
112,0.015277777777777501,0.1280517578125,1.26953125,1.21954345703125
111,0.015277777777777501,0.06866455078125,1.22979736328125,1.2203369140625
110,0.015277777777777501,0.08453369140625,1.2940673828125,1.2203369140625
109,0.015277777777777501,0.11334228515625,1.24090576171875,1.22064208984375
108,0.015277777777777501,0.062255859375,1.25885009765625,1.22119140625
107,0.015277777777777501,0.10546875,1.27685546875,1.22119140625
106,0.015277777777777501,0.08892822265625,1.2425537109375,1.22174072265625
105,0.015277777777777501,0.08270263671875,1.2681884765625,1.22198486328125
104,0.41527777777777786,-0.67718505859375,0.49346923828125,7.869384765625
103,0.41527777777777786,0.55841064453125,1.33294677734375,7.86541748046875
101,0.41527777777777786,-0.37347412109375,1.09417724609375,7.88482666015625
100,0.41527777777777786,0.6964111328125,0.7271728515625,7.886474609375
99,0.41527777777777786,-0.20428466796875,0.34326171875,7.89984130859375
98,0.41527777777777786,0.137451171875,1.06353759765625,7.90167236328125
97,0.41527777777777786,0.2708740234375,0.52825927734375,7.9095458984375
112,0.022222222222222143,0.146484375,1.27423095703125,1.37109375
111,0.022222222222222143,0.06011962890625,1.21649169921875,1.372314453125
110,0.022222222222222143,0.08319091796875,1.3099365234375,1.37225341796875
109,0.022222222222222143,0.12506103515625,1.23260498046875,1.37274169921875
108,0.022222222222222143,0.05084228515625,1.25872802734375,1.37353515625
107,0.022222222222222143,0.11370849609375,1.28497314453125,1.37353515625
106,0.022222222222222143,0.08953857421875,1.23504638671875,1.37432861328125
105,0.022222222222222143,0.08056640625,1.2723388671875,1.37469482421875
104,0.4222222222222225,-0.68817138671875,0.46710205078125,7.9696044921875
103,0.4222222222222225,0.565185546875,1.318603515625,7.96551513671875
101,0.4222222222222225,-0.380126953125,1.076416015625,7.98529052734375
100,0.4222222222222225,0.7052001953125,0.70416259765625,7.9869384765625
99,0.4222222222222225,-0.20843505859375,0.314697265625,8.00048828125
98,0.4222222222222225,0.13818359375,1.04534912109375,8.0023193359375
97,0.4222222222222225,0.27349853515625,0.50244140625,8.01031494140625
112,0.029166666666666785,0.1649169921875,1.27899169921875,1.522705078125
111,0.029166666666666785,0.05157470703125,1.20318603515625,1.5242919921875
110,0.029166666666666785,0.08184814453125,1.32586669921875,1.52423095703125
109,0.029166666666666785,0.1368408203125,1.224365234375,1.52484130859375
108,0.029166666666666785,0.03936767578125,1.25860595703125,1.52593994140625
107,0.029166666666666785,0.12188720703125,1.29302978515625,1.52587890625
106,0.029166666666666785,0.0902099609375,1.22747802734375,1.52691650390625
105,0.029166666666666785,0.078369140625,1.2764892578125,1.52740478515625
104,0.42916666666666714,-0.69915771484375,0.440185546875,8.06982421875
103,0.42916666666666714,0.57196044921875,1.30377197265625,8.065673828125
101,0.42916666666666714,-0.38671875,1.05810546875,8.085693359375
100,0.42916666666666714,0.71392822265625,0.68060302734375,8.08740234375
99,0.42916666666666714,-0.212646484375,0.28564453125,8.10113525390625
98,0.42916666666666714,0.13885498046875,1.026611328125,8.10296630859375
97,0.42916666666666714,0.276123046875,0.47601318359375,8.111083984375
112,0.036111111111110539,0.18341064453125,1.28369140625,1.67431640625
111,0.036111111111110539,0.04296875,1.18988037109375,1.67620849609375
110,0.036111111111110539,0.08050537109375,1.34173583984375,1.6761474609375
109,0.036111111111110539,0.1485595703125,1.216064453125,1.67694091796875
108,0.036111111111110539,0.0279541015625,1.25848388671875,1.67828369140625
107,0.036111111111110539,0.13006591796875,1.30108642578125,1.67822265625
106,0.036111111111110539,0.09088134765625,1.219970703125,1.67950439453125
105,0.036111111111110539,0.07623291015625,1.2806396484375,1.68011474609375
104,0.43611111111111089,-0.71014404296875,0.412841796875,8.1700439453125
103,0.43611111111111089,0.5787353515625,1.2884521484375,8.16583251953125
101,0.43611111111111089,-0.393310546875,1.0394287109375,8.18609619140625
100,0.43611111111111089,0.72265625,0.6566162109375,8.1878662109375
99,0.43611111111111089,-0.216796875,0.25616455078125,8.2017822265625
98,0.43611111111111089,0.13958740234375,1.0074462890625,8.20367431640625
97,0.43611111111111089,0.27874755859375,0.44915771484375,8.21185302734375
112,0.043055555555555181,0.20184326171875,1.2884521484375,1.82586669921875
111,0.043055555555555181,0.034423828125,1.176513671875,1.82818603515625
110,0.043055555555555181,0.0792236328125,1.357666015625,1.82806396484375
109,0.043055555555555181,0.16033935546875,1.20782470703125,1.82904052734375
108,0.043055555555555181,0.0164794921875,1.25836181640625,1.83062744140625
107,0.043055555555555181,0.1383056640625,1.3092041015625,1.83056640625
106,0.043055555555555181,0.09149169921875,1.21246337890625,1.83209228515625
105,0.043055555555555181,0.0740966796875,1.28472900390625,1.83282470703125
104,0.44305555555555554,-0.72113037109375,0.38507080078125,8.270263671875
103,0.44305555555555554,0.58544921875,1.27276611328125,8.2659912109375
101,0.44305555555555554,-0.39996337890625,1.020263671875,8.28656005859375
100,0.44305555555555554,0.73138427734375,0.6322021484375,8.28826904296875
99,0.44305555555555554,-0.22100830078125,0.22625732421875,8.30242919921875
98,0.44305555555555554,0.14031982421875,0.98785400390625,8.3043212890625
97,0.44305555555555554,0.2813720703125,0.421875,8.3126220703125
112,0.049999999999999822,0.22027587890625,1.29315185546875,1.97747802734375
111,0.049999999999999822,0.02587890625,1.1632080078125,1.9801025390625
110,0.049999999999999822,0.077880859375,1.37353515625,1.98004150390625
109,0.049999999999999822,0.17205810546875,1.19952392578125,1.98114013671875
108,0.049999999999999822,0.00506591796875,1.25823974609375,1.98297119140625
107,0.049999999999999822,0.146484375,1.3172607421875,1.98291015625
106,0.049999999999999822,0.0921630859375,1.2049560546875,1.98468017578125
105,0.049999999999999822,0.0718994140625,1.28887939453125,1.98553466796875
104,0.45000000000000018,-0.7320556640625,0.35675048828125,8.37042236328125
103,0.45000000000000018,0.59222412109375,1.2564697265625,8.36614990234375
101,0.45000000000000018,-0.40655517578125,1.00054931640625,8.386962890625
100,0.45000000000000018,0.7401123046875,0.60723876953125,8.38873291015625
99,0.45000000000000018,-0.22515869140625,0.19573974609375,8.403076171875
98,0.45000000000000018,0.14105224609375,0.96771240234375,8.40496826171875
97,0.45000000000000018,0.2840576171875,0.39404296875,8.41339111328125
112,0.056944444444444464,0.23870849609375,1.29791259765625,2.1290283203125
111,0.056944444444444464,0.017333984375,1.14990234375,2.132080078125
110,0.056944444444444464,0.0765380859375,1.38946533203125,2.1319580078125
109,0.056944444444444464,0.183837890625,1.19122314453125,2.13323974609375
108,0.056944444444444464,-0.00640869140625,1.25811767578125,2.13531494140625
107,0.056944444444444464,0.1546630859375,1.32537841796875,2.13525390625
106,0.056944444444444464,0.09283447265625,1.19744873046875,2.13726806640625
105,0.056944444444444464,0.06976318359375,1.29302978515625,2.13824462890625
104,0.45694444444444482,-0.7430419921875,0.3280029296875,8.47064208984375
103,0.45694444444444482,0.5989990234375,1.23974609375,8.46624755859375
101,0.45694444444444482,-0.41314697265625,0.98040771484375,8.4874267578125
100,0.45694444444444482,0.74884033203125,0.58184814453125,8.48919677734375
99,0.45694444444444482,-0.2293701171875,0.16485595703125,8.50372314453125
98,0.45694444444444482,0.1417236328125,0.9471435546875,8.50567626953125
97,0.45694444444444482,0.28668212890625,0.3658447265625,8.51422119140625
112,0.0638888888888891,0.2572021484375,1.3026123046875,2.2806396484375
111,0.0638888888888891,0.0087890625,1.1365966796875,2.2840576171875
110,0.0638888888888891,0.0751953125,1.40533447265625,2.283935546875
109,0.0638888888888891,0.195556640625,1.1829833984375,2.285400390625
108,0.0638888888888891,-0.01788330078125,1.25799560546875,2.28765869140625
107,0.0638888888888891,0.16290283203125,1.33343505859375,2.28759765625
106,0.0638888888888891,0.093505859375,1.18988037109375,2.28985595703125
105,0.0638888888888891,0.067626953125,1.29718017578125,2.29095458984375
104,0.46388888888888946,-0.7540283203125,0.29876708984375,8.57086181640625
103,0.46388888888888946,0.605712890625,1.22259521484375,8.56640625
101,0.46388888888888946,-0.4197998046875,0.9598388671875,8.58782958984375
100,0.46388888888888946,0.75762939453125,0.55596923828125,8.58966064453125
99,0.46388888888888946,-0.23358154296875,0.13348388671875,8.60430908203125
98,0.46388888888888946,0.1424560546875,0.92608642578125,8.6063232421875
97,0.46388888888888946,0.289306640625,0.33709716796875,8.614990234375
112,0.07083333333333286,0.27557373046875,1.30731201171875,2.4317626953125
111,0.07083333333333286,0.000244140625,1.12322998046875,2.43548583984375
110,0.07083333333333286,0.0738525390625,1.421142578125,2.43536376953125
109,0.07083333333333286,0.207275390625,1.1746826171875,2.43701171875
108,0.07083333333333286,-0.029296875,1.2578125,2.43951416015625
107,0.07083333333333286,0.17108154296875,1.3414306640625,2.439453125
106,0.07083333333333286,0.0941162109375,1.18231201171875,2.4420166015625
105,0.07083333333333286,0.0654296875,1.30120849609375,2.44317626953125
104,0.47083333333333321,-0.7650146484375,0.26904296875,8.67108154296875
103,0.47083333333333321,0.61248779296875,1.20489501953125,8.66656494140625
101,0.47083333333333321,-0.4263916015625,0.938720703125,8.688232421875
100,0.47083333333333321,0.766357421875,0.52960205078125,8.6900634765625
99,0.47083333333333321,-0.23773193359375,0.1015625,8.7049560546875
98,0.47083333333333321,0.1431884765625,0.904541015625,8.70697021484375
97,0.47083333333333321,0.29193115234375,0.307861328125,8.71575927734375
112,0.0777777777777775,0.29364013671875,1.3114013671875,2.58038330078125
111,0.0777777777777775,-0.00811767578125,1.10968017578125,2.58453369140625
110,0.0777777777777775,0.07257080078125,1.4361572265625,2.5843505859375
109,0.0777777777777775,0.21881103515625,1.166015625,2.58612060546875
108,0.0777777777777775,-0.04046630859375,1.25714111328125,2.5888671875
107,0.0777777777777775,0.1790771484375,1.34881591796875,2.5888671875
106,0.0777777777777775,0.09478759765625,1.1744384765625,2.59161376953125
105,0.0777777777777775,0.0633544921875,1.30474853515625,2.5928955078125
104,0.47777777777777786,-0.77593994140625,0.23883056640625,8.771240234375
103,0.47777777777777786,0.6192626953125,1.18670654296875,8.7667236328125
101,0.47777777777777786,-0.43304443359375,0.9171142578125,8.7886962890625
100,0.47777777777777786,0.77508544921875,0.50274658203125,8.79052734375
99,0.47777777777777786,-0.241943359375,0.0692138671875,8.80560302734375
98,0.47777777777777786,0.1439208984375,0.88250732421875,8.80767822265625
97,0.47777777777777786,0.2945556640625,0.27813720703125,8.8165283203125
112,0.084722222222222143,0.3114013671875,1.31494140625,2.726318359375
111,0.084722222222222143,-0.016357421875,1.0958251953125,2.7308349609375
110,0.084722222222222143,0.0712890625,1.45050048828125,2.73065185546875
109,0.084722222222222143,0.2301025390625,1.15704345703125,2.7325439453125
108,0.084722222222222143,-0.051513671875,1.25604248046875,2.735595703125
107,0.084722222222222143,0.18701171875,1.3555908203125,2.73553466796875
106,0.084722222222222143,0.09539794921875,1.16619873046875,2.738525390625
105,0.084722222222222143,0.061279296875,1.3077392578125,2.73992919921875
104,0.4847222222222225,-0.78692626953125,0.20819091796875,8.8714599609375
103,0.4847222222222225,0.62603759765625,1.16815185546875,8.86688232421875
101,0.4847222222222225,-0.43963623046875,0.89508056640625,8.88909912109375
100,0.4847222222222225,0.7838134765625,0.4754638671875,8.8909912109375
99,0.4847222222222225,-0.24609375,0.03643798828125,8.90625
98,0.4847222222222225,0.14459228515625,0.86004638671875,8.9083251953125
97,0.4847222222222225,0.29718017578125,0.24798583984375,8.91729736328125
112,0.091666666666666785,0.328857421875,1.3179931640625,2.86956787109375
111,0.091666666666666785,-0.0244140625,1.081787109375,2.87445068359375
110,0.091666666666666785,0.07000732421875,1.46405029296875,2.874267578125
109,0.091666666666666785,0.2412109375,1.14776611328125,2.8763427734375
108,0.091666666666666785,-0.06231689453125,1.25445556640625,2.87957763671875
107,0.091666666666666785,0.1947021484375,1.36181640625,2.8795166015625
106,0.091666666666666785,0.09600830078125,1.15765380859375,2.88275146484375
105,0.091666666666666785,0.0592041015625,1.3101806640625,2.88427734375
104,0.49166666666666714,-0.79791259765625,0.17706298828125,8.9716796875
103,0.49166666666666714,0.63275146484375,1.1490478515625,8.96697998046875
101,0.49166666666666714,-0.44622802734375,0.87261962890625,8.98956298828125
100,0.49166666666666714,0.79254150390625,0.44769287109375,8.991455078125
99,0.48710317446385071,-0.24755859375,0,8.94073486328125
98,0.49166666666666714,0.14532470703125,0.83709716796875,9.00897216796875
97,0.49166666666666714,0.2998046875,0.2174072265625,9.01812744140625
112,0.098611111111110539,0.345947265625,1.3204345703125,3.01019287109375
111,0.098611111111110539,-0.0323486328125,1.0675048828125,3.015380859375
110,0.098611111111110539,0.06878662109375,1.47686767578125,3.01513671875
109,0.098611111111110539,0.25213623046875,1.13812255859375,3.01739501953125
108,0.098611111111110539,-0.07293701171875,1.25238037109375,3.0208740234375
107,0.098611111111110539,0.20233154296875,1.3673095703125,3.02081298828125
106,0.098611111111110539,0.09661865234375,1.148681640625,3.02423095703125
105,0.098611111111110539,0.05718994140625,1.31207275390625,3.02587890625
104,0.49861111111111089,-0.80889892578125,0.14544677734375,9.0718994140625
103,0.49861111111111089,0.6395263671875,1.12945556640625,9.067138671875
101,0.49861111111111089,-0.452880859375,0.849609375,9.0899658203125
100,0.49861111111111089,0.80126953125,0.41943359375,9.09185791015625
98,0.49861111111111089,0.14605712890625,0.81365966796875,9.10968017578125
97,0.49861111111111089,0.30242919921875,0.186279296875,9.118896484375
112,0.10555555555555518,0.36273193359375,1.32232666015625,3.1480712890625
111,0.10555555555555518,-0.0401611328125,1.052978515625,3.153564453125
110,0.10555555555555518,0.06756591796875,1.4888916015625,3.15338134765625
109,0.10555555555555518,0.2628173828125,1.12823486328125,3.15576171875
108,0.10555555555555518,-0.0833740234375,1.24993896484375,3.159423828125
107,0.10555555555555518,0.20977783203125,1.372314453125,3.15936279296875
106,0.10555555555555518,0.09722900390625,1.13946533203125,3.1630859375
105,0.10555555555555518,0.05523681640625,1.3134765625,3.164794921875
104,0.50555555555555554,-0.81982421875,0.1134033203125,9.17205810546875
103,0.50555555555555554,0.64630126953125,1.1094970703125,9.16729736328125
101,0.50555555555555554,-0.45947265625,0.826171875,9.19036865234375
100,0.50555555555555554,0.81005859375,0.3907470703125,9.19232177734375
98,0.50555555555555554,0.14678955078125,0.789794921875,9.2103271484375
97,0.50555555555555554,0.3050537109375,0.15472412109375,9.21966552734375
112,0.11249999999999982,0.37921142578125,1.3236083984375,3.28326416015625
111,0.11249999999999982,-0.04779052734375,1.0382080078125,3.28912353515625
110,0.11249999999999982,0.06634521484375,1.50018310546875,3.2889404296875
109,0.11249999999999982,0.2733154296875,1.117919921875,3.2913818359375
108,0.11249999999999982,-0.09356689453125,1.24688720703125,3.29534912109375
107,0.11249999999999982,0.21710205078125,1.3765869140625,3.29522705078125
106,0.11249999999999982,0.0977783203125,1.12982177734375,3.2991943359375
105,0.11249999999999982,0.0533447265625,1.314208984375,3.301025390625
104,0.51250000000000018,-0.830810546875,0.08087158203125,9.27227783203125
103,0.51250000000000018,0.653076171875,1.0889892578125,9.2674560546875
101,0.51250000000000018,-0.466064453125,0.80224609375,9.29083251953125
100,0.51250000000000018,0.81878662109375,0.361572265625,9.29278564453125
98,0.51250000000000018,0.1474609375,0.76544189453125,9.31097412109375
97,0.51250000000000018,0.3077392578125,0.1226806640625,9.3204345703125
112,0.11944444444444446,0.39532470703125,1.32440185546875,3.41583251953125
111,0.11944444444444446,-0.05523681640625,1.023193359375,3.4219970703125
110,0.11944444444444446,0.065185546875,1.51068115234375,3.4217529296875
109,0.11944444444444446,0.2835693359375,1.10736083984375,3.42437744140625
108,0.11944444444444446,-0.10357666015625,1.243408203125,3.42852783203125
107,0.11944444444444446,0.2242431640625,1.38031005859375,3.428466796875
106,0.11944444444444446,0.098388671875,1.119873046875,3.43255615234375
105,0.11944444444444446,0.05145263671875,1.314453125,3.43450927734375
104,0.51944444444444482,-0.841796875,0.0478515625,9.37249755859375
103,0.51944444444444482,0.6597900390625,1.06805419921875,9.36761474609375
101,0.51944444444444482,-0.47271728515625,0.77783203125,9.3912353515625
100,0.51944444444444482,0.8275146484375,0.3319091796875,9.39324951171875
98,0.51944444444444482,0.148193359375,0.7406005859375,9.41168212890625
97,0.51944444444444482,0.31036376953125,0.09014892578125,9.42120361328125
112,0.12638888888888911,0.4111328125,1.32470703125,3.545654296875
111,0.12638888888888911,-0.06256103515625,1.00799560546875,3.5521240234375
110,0.12638888888888911,0.0640869140625,1.52056884765625,3.5518798828125
109,0.12638888888888911,0.29364013671875,1.09649658203125,3.5546875
108,0.12638888888888911,-0.1134033203125,1.239501953125,3.55902099609375
107,0.12638888888888911,0.23126220703125,1.3834228515625,3.5589599609375
106,0.12638888888888911,0.09893798828125,1.10968017578125,3.56329345703125
105,0.12638888888888911,0.04962158203125,1.314208984375,3.5653076171875
104,0.5241777978842459,-0.84930419921875,0,9.4407958984375
103,0.52638888888888946,0.66656494140625,1.04656982421875,9.46771240234375
101,0.52638888888888946,-0.47930908203125,0.75299072265625,9.49163818359375
100,0.52638888888888946,0.83624267578125,0.3017578125,9.49371337890625
98,0.52638888888888946,0.14892578125,0.71527099609375,9.5123291015625
97,0.52638888888888946,0.31298828125,0.05712890625,9.52197265625
112,0.13333333333333286,0.42657470703125,1.3243408203125,3.67279052734375
111,0.13333333333333286,-0.06976318359375,0.99249267578125,3.67962646484375
110,0.13333333333333286,0.06292724609375,1.529541015625,3.67938232421875
109,0.13333333333333286,0.30352783203125,1.085205078125,3.6822509765625
108,0.13333333333333286,-0.12298583984375,1.235107421875,3.68682861328125
107,0.13333333333333286,0.2381591796875,1.3858642578125,3.68670654296875
106,0.13333333333333286,0.0994873046875,1.09906005859375,3.6912841796875
105,0.13333333333333286,0.04779052734375,1.3133544921875,3.69342041015625
103,0.53333333333333321,0.67333984375,1.02459716796875,9.56787109375
101,0.53333333333333321,-0.4859619140625,0.72760009765625,9.59210205078125
100,0.53333333333333321,0.844970703125,0.2711181640625,9.5941162109375
98,0.53333333333333321,0.149658203125,0.689453125,9.61297607421875
97,0.533057076832824,0.31549072265625,0,9.6187744140625
112,0.1402777777777775,0.4417724609375,1.32342529296875,3.79730224609375
111,0.1402777777777775,-0.0767822265625,0.976806640625,3.80438232421875
110,0.1402777777777775,0.06182861328125,1.537841796875,3.80413818359375
109,0.1402777777777775,0.31317138671875,1.07366943359375,3.80712890625
108,0.1402777777777775,-0.13238525390625,1.230224609375,3.8118896484375
107,0.1402777777777775,0.244873046875,1.38775634765625,3.81182861328125
106,0.1402777777777775,0.10003662109375,1.08807373046875,3.81658935546875
105,0.1402777777777775,0.0460205078125,1.31201171875,3.81878662109375
103,0.54027777777777786,0.6800537109375,1.00225830078125,9.66802978515625
101,0.54027777777777786,-0.4925537109375,0.7017822265625,9.6925048828125
100,0.54027777777777786,0.85369873046875,0.24005126953125,9.694580078125
98,0.54027777777777786,0.15032958984375,0.6632080078125,9.71368408203125
112,0.14722222222222214,0.45654296875,1.322021484375,3.9190673828125
111,0.14722222222222214,-0.0836181640625,0.96087646484375,3.92645263671875
110,0.14722222222222214,0.060791015625,1.54534912109375,3.92620849609375
109,0.14722222222222214,0.32257080078125,1.061767578125,3.92938232421875
108,0.14722222222222214,-0.1416015625,1.224853515625,3.934326171875
107,0.14722222222222214,0.25146484375,1.38897705078125,3.9342041015625
106,0.14722222222222214,0.10052490234375,1.0767822265625,3.939208984375
105,0.14722222222222214,0.04425048828125,1.31005859375,3.94146728515625
103,0.5472222222222225,0.68682861328125,0.9793701171875,9.7681884765625
101,0.5472222222222225,-0.4991455078125,0.67547607421875,9.79296875
100,0.5472222222222225,0.86248779296875,0.20849609375,9.7950439453125
98,0.5472222222222225,0.15106201171875,0.636474609375,9.8143310546875
112,0.15416666666666679,0.4710693359375,1.3199462890625,4.03814697265625
111,0.15416666666666679,-0.09033203125,0.94464111328125,4.04583740234375
110,0.15416666666666679,0.05975341796875,1.5521240234375,4.04559326171875
109,0.15416666666666679,0.33184814453125,1.04949951171875,4.04888916015625
108,0.15416666666666679,-0.15057373046875,1.21905517578125,4.05401611328125
107,0.15416666666666679,0.2579345703125,1.38958740234375,4.053955078125
106,0.15416666666666679,0.10107421875,1.065185546875,4.05908203125
105,0.15416666666666679,0.0426025390625,1.3076171875,4.06146240234375
103,0.55416666666666714,0.693603515625,0.9560546875,9.86834716796875
101,0.55416666666666714,-0.50579833984375,0.6488037109375,9.89337158203125
100,0.55416666666666714,0.8712158203125,0.17645263671875,9.8955078125
98,0.55416666666666714,0.15179443359375,0.60931396484375,9.91497802734375
112,0.16111111111111054,0.4852294921875,1.31744384765625,4.15460205078125
111,0.16111111111111054,-0.096923828125,0.92828369140625,4.16259765625
110,0.16111111111111054,0.0587158203125,1.55816650390625,4.16229248046875
109,0.16111111111111054,0.34088134765625,1.0369873046875,4.16571044921875
108,0.16111111111111054,-0.15936279296875,1.2127685546875,4.1710205078125
107,0.16111111111111054,0.26422119140625,1.3896484375,4.1708984375
106,0.16111111111111054,0.1015625,1.05322265625,4.17626953125
105,0.16111111111111054,0.0408935546875,1.30462646484375,4.17877197265625
103,0.56111111111111089,0.70037841796875,0.9322509765625,9.968505859375
101,0.56111111111111089,-0.51239013671875,0.62152099609375,9.9937744140625
100,0.56111111111111089,0.87994384765625,0.1439208984375,9.99591064453125
98,0.56111111111111089,0.15252685546875,0.58160400390625,10.01568603515625
112,0.16805555555555518,0.49908447265625,1.3143310546875,4.268310546875
111,0.16805555555555518,-0.10333251953125,0.91162109375,4.276611328125
110,0.16805555555555518,0.05767822265625,1.56341552734375,4.27630615234375
109,0.16805555555555518,0.34967041015625,1.02410888671875,4.27978515625
108,0.16805555555555518,-0.16796875,1.2060546875,4.28533935546875
107,0.16805555555555518,0.2703857421875,1.3890380859375,4.28521728515625
106,0.16805555555555518,0.10205078125,1.0408935546875,4.290771484375
105,0.16805555555555518,0.039306640625,1.30108642578125,4.2933349609375
103,0.56805555555555554,0.70709228515625,0.907958984375,10.068603515625
101,0.56805555555555554,-0.51898193359375,0.59381103515625,10.09423828125
100,0.56805555555555554,0.888671875,0.1109619140625,10.09637451171875
98,0.56805555555555554,0.1531982421875,0.553466796875,10.1163330078125
112,0.17499999999999982,0.5125732421875,1.3106689453125,4.37939453125
111,0.17499999999999982,-0.109619140625,0.89471435546875,4.387939453125
110,0.17499999999999982,0.05670166015625,1.56793212890625,4.38763427734375
109,0.17499999999999982,0.3582763671875,1.01092529296875,4.3912353515625
108,0.17499999999999982,-0.17633056640625,1.19879150390625,4.39697265625
107,0.17499999999999982,0.2763671875,1.3878173828125,4.3968505859375
106,0.17499999999999982,0.1025390625,1.02825927734375,4.40252685546875
105,0.17499999999999982,0.0377197265625,1.29693603515625,4.40521240234375
103,0.57500000000000018,0.7138671875,0.88323974609375,10.16876220703125
101,0.57500000000000018,-0.525634765625,0.56561279296875,10.19464111328125
100,0.57500000000000018,0.89739990234375,0.0775146484375,10.19683837890625
98,0.57500000000000018,0.1539306640625,0.52484130859375,10.21697998046875
112,0.18194444444444446,0.5257568359375,1.306396484375,4.48773193359375
111,0.18194444444444446,-0.11572265625,0.8775634765625,4.49652099609375
110,0.18194444444444446,0.0557861328125,1.5716552734375,4.4962158203125
109,0.18194444444444446,0.36669921875,0.99737548828125,4.5
108,0.18194444444444446,-0.1845703125,1.19110107421875,4.505859375
107,0.18194444444444446,0.2822265625,1.385986328125,4.5057373046875
106,0.18194444444444446,0.10302734375,1.0152587890625,4.51165771484375
105,0.18194444444444446,0.03619384765625,1.29229736328125,4.514404296875
103,0.58194444444444482,0.72064208984375,0.85797119140625,10.2689208984375
101,0.58194444444444482,-0.5322265625,0.5369873046875,10.29510498046875
100,0.58194444444444482,0.9061279296875,0.0435791015625,10.29730224609375
98,0.58194444444444482,0.1546630859375,0.4957275390625,10.31768798828125
112,0.18888888888888911,0.53863525390625,1.30169677734375,4.59344482421875
111,0.18888888888888911,-0.12164306640625,0.8602294921875,4.60247802734375
110,0.18888888888888911,0.05487060546875,1.57470703125,4.6021728515625
109,0.18888888888888911,0.3748779296875,0.98358154296875,4.60601806640625
108,0.18888888888888911,-0.1925048828125,1.1829833984375,4.612060546875
107,0.18888888888888911,0.2879638671875,1.383544921875,4.6119384765625
106,0.18888888888888911,0.10345458984375,1.001953125,4.6180419921875
105,0.18888888888888911,0.03466796875,1.287109375,4.620849609375
103,0.58888888888888946,0.72735595703125,0.832275390625,10.36907958984375
101,0.58888888888888946,-0.538818359375,0.50787353515625,10.3955078125
100,0.585696664509283,0.910888671875,0,10.3515625
98,0.58888888888888946,0.15533447265625,0.4661865234375,10.4183349609375
112,0.19583333333333286,0.5511474609375,1.29632568359375,4.6964111328125
111,0.19583333333333286,-0.12750244140625,0.8426513671875,4.70574951171875
110,0.19583333333333286,0.053955078125,1.57696533203125,4.70538330078125
109,0.19583333333333286,0.38287353515625,0.9693603515625,4.7093505859375
108,0.19583333333333286,-0.2003173828125,1.17431640625,4.715576171875
107,0.19583333333333286,0.29351806640625,1.3804931640625,4.7154541015625
106,0.19583333333333286,0.1038818359375,0.98828125,4.7216796875
105,0.19583333333333286,0.033203125,1.2813720703125,4.724609375
103,0.59583333333333321,0.734130859375,0.80615234375,10.46923828125
101,0.59583333333333321,-0.54547119140625,0.478271484375,10.49591064453125
98,0.59583333333333321,0.15606689453125,0.43621826171875,10.51898193359375
112,0.2027777777777775,0.56341552734375,1.29046630859375,4.7969970703125
111,0.2027777777777775,-0.1331787109375,0.82476806640625,4.8065185546875
110,0.2027777777777775,0.05303955078125,1.57843017578125,4.80615234375
109,0.2027777777777775,0.390625,0.95489501953125,4.81024169921875
108,0.2027777777777775,-0.2078857421875,1.16522216796875,4.816650390625
107,0.2027777777777775,0.2989501953125,1.3768310546875,4.8165283203125
106,0.2027777777777775,0.10430908203125,0.97430419921875,4.8228759765625
105,0.2027777777777775,0.03179931640625,1.27508544921875,4.82586669921875
103,0.60277777777777786,0.74090576171875,0.77947998046875,10.5693359375
101,0.60277777777777786,-0.55206298828125,0.44818115234375,10.59637451171875
98,0.60277777777777786,0.15679931640625,0.40570068359375,10.61968994140625
112,0.20972222222222214,0.5755615234375,1.2840576171875,4.89703369140625
111,0.20972222222222214,-0.1387939453125,0.80645751953125,4.90679931640625
110,0.20972222222222214,0.05218505859375,1.57940673828125,4.90643310546875
109,0.20972222222222214,0.3984375,0.93988037109375,4.91064453125
108,0.20972222222222214,-0.2154541015625,1.1556396484375,4.91717529296875
107,0.20972222222222214,0.30438232421875,1.37261962890625,4.91705322265625
106,0.20972222222222214,0.104736328125,0.95977783203125,4.923583984375
105,0.20972222222222214,0.03033447265625,1.268310546875,4.9266357421875
103,0.6097222222222225,0.7476806640625,0.7523193359375,10.66949462890625
101,0.6097222222222225,-0.5587158203125,0.4176025390625,10.69677734375
98,0.6097222222222225,0.15753173828125,0.37469482421875,10.7203369140625
112,0.21666666666666679,0.5877685546875,1.2772216796875,4.9970703125
111,0.21666666666666679,-0.14447021484375,0.7877197265625,5.007080078125
110,0.21666666666666679,0.05126953125,1.5799560546875,5.0067138671875
109,0.21666666666666679,0.40618896484375,0.92449951171875,5.010986328125
108,0.21666666666666679,-0.2230224609375,1.14556884765625,5.01776123046875
107,0.21666666666666679,0.30975341796875,1.3680419921875,5.017578125
106,0.21666666666666679,0.10516357421875,0.94488525390625,5.0242919921875
105,0.21666666666666679,0.0289306640625,1.2611083984375,5.0274658203125
103,0.61666666666666714,0.75439453125,0.72479248046875,10.7696533203125
101,0.61666666666666714,-0.5653076171875,0.38665771484375,10.79718017578125
98,0.61666666666666714,0.158203125,0.34326171875,10.82098388671875
112,0.22361111111111054,0.59991455078125,1.2698974609375,5.09710693359375
111,0.22361111111111054,-0.15008544921875,0.76849365234375,5.10736083984375
110,0.22361111111111054,0.0504150390625,1.58001708984375,5.10699462890625
109,0.22361111111111054,0.4139404296875,0.9085693359375,5.11138916015625
108,0.22361111111111054,-0.23052978515625,1.13507080078125,5.1182861328125
107,0.22361111111111054,0.315185546875,1.3629150390625,5.1181640625
106,0.22361111111111054,0.10565185546875,0.92950439453125,5.125
105,0.22361111111111054,0.02752685546875,1.25335693359375,5.12823486328125
103,0.62361111111111089,0.76116943359375,0.69671630859375,10.86981201171875
101,0.62361111111111089,-0.5718994140625,0.35516357421875,10.89764404296875
98,0.62361111111111089,0.158935546875,0.31134033203125,10.92169189453125
112,0.23055555555555518,0.61212158203125,1.2620849609375,5.1971435546875
111,0.23055555555555518,-0.15570068359375,0.748779296875,5.20770263671875
110,0.23055555555555518,0.049560546875,1.57958984375,5.207275390625
109,0.23055555555555518,0.42169189453125,0.8922119140625,5.2117919921875
108,0.23055555555555518,-0.23809814453125,1.12408447265625,5.21881103515625
107,0.23055555555555518,0.32061767578125,1.35736083984375,5.21868896484375
106,0.23055555555555518,0.1060791015625,0.91357421875,5.22576904296875
105,0.23055555555555518,0.02606201171875,1.24517822265625,5.22900390625
103,0.63055555555555554,0.7679443359375,0.66815185546875,10.969970703125
101,0.63055555555555554,-0.57855224609375,0.32318115234375,10.998046875
98,0.63055555555555554,0.15966796875,0.2789306640625,11.0223388671875
112,0.23749999999999982,0.624267578125,1.25384521484375,5.29718017578125
111,0.23749999999999982,-0.161376953125,0.72857666015625,5.3079833984375
110,0.23749999999999982,0.04864501953125,1.57867431640625,5.30755615234375
109,0.23749999999999982,0.429443359375,0.87530517578125,5.31219482421875
108,0.23749999999999982,-0.24566650390625,1.112548828125,5.31939697265625
107,0.23749999999999982,0.32598876953125,1.35125732421875,5.3192138671875
106,0.23749999999999982,0.10650634765625,0.897216796875,5.32647705078125
105,0.23749999999999982,0.024658203125,1.23651123046875,5.329833984375
103,0.63750000000000018,0.77471923828125,0.63916015625,11.070068359375
101,0.63750000000000018,-0.58514404296875,0.29071044921875,11.0985107421875
98,0.63750000000000018,0.160400390625,0.24603271484375,11.12298583984375
112,0.24444444444444446,0.636474609375,1.2451171875,5.39727783203125
111,0.24444444444444446,-0.1669921875,0.70794677734375,5.40826416015625
110,0.24444444444444446,0.04779052734375,1.57733154296875,5.4078369140625
109,0.24444444444444446,0.43719482421875,0.8580322265625,5.41253662109375
108,0.24444444444444446,-0.25323486328125,1.10064697265625,5.419921875
107,0.24444444444444446,0.3314208984375,1.3447265625,5.4197998046875
106,0.24444444444444446,0.10693359375,0.88043212890625,5.42718505859375
105,0.24444444444444446,0.02325439453125,1.2274169921875,5.43060302734375
103,0.64444444444444482,0.78143310546875,0.60968017578125,11.17022705078125
101,0.64444444444444482,-0.59173583984375,0.25787353515625,11.19891357421875
98,0.64444444444444482,0.16107177734375,0.21270751953125,11.22369384765625
112,0.25138888888888911,0.64862060546875,1.23590087890625,5.497314453125
111,0.25138888888888911,-0.17266845703125,0.68682861328125,5.508544921875
110,0.25138888888888911,0.046875,1.57550048828125,5.50811767578125
109,0.25138888888888911,0.4449462890625,0.8402099609375,5.512939453125
108,0.25138888888888911,-0.26080322265625,1.0882568359375,5.5205078125
107,0.25138888888888911,0.33685302734375,1.3377685546875,5.52032470703125
106,0.25138888888888911,0.10736083984375,0.86309814453125,5.52789306640625
105,0.25138888888888911,0.02178955078125,1.2177734375,5.5313720703125
103,0.65138888888888946,0.7882080078125,0.57977294921875,11.2703857421875
101,0.65138888888888946,-0.598388671875,0.2244873046875,11.29931640625
98,0.65138888888888946,0.16180419921875,0.17889404296875,11.3243408203125
112,0.25833333333333286,0.66082763671875,1.2261962890625,5.59735107421875
111,0.25833333333333286,-0.17828369140625,0.66522216796875,5.60882568359375
110,0.25833333333333286,0.0460205078125,1.57318115234375,5.6083984375
109,0.25833333333333286,0.45269775390625,0.82196044921875,5.61334228515625
108,0.25833333333333286,-0.268310546875,1.07537841796875,5.62103271484375
107,0.25833333333333286,0.34222412109375,1.33026123046875,5.62091064453125
106,0.25833333333333286,0.1077880859375,0.8453369140625,5.62860107421875
105,0.25833333333333286,0.0203857421875,1.20770263671875,5.63214111328125
103,0.65833333333333321,0.79498291015625,0.54931640625,11.37054443359375
101,0.65833333333333321,-0.60498046875,0.19061279296875,11.3997802734375
98,0.65833333333333321,0.16253662109375,0.14459228515625,11.42498779296875
112,0.2652777777777775,0.6729736328125,1.21600341796875,5.6973876953125
111,0.2652777777777775,-0.1839599609375,0.64312744140625,5.7091064453125
110,0.2652777777777775,0.04510498046875,1.57037353515625,5.70867919921875
109,0.2652777777777775,0.46044921875,0.80316162109375,5.71368408203125
108,0.2652777777777775,-0.27587890625,1.06195068359375,5.7215576171875
107,0.2652777777777775,0.34765625,1.322265625,5.721435546875
106,0.2652777777777775,0.10821533203125,0.82708740234375,5.72930908203125
105,0.2652777777777775,0.01898193359375,1.1971435546875,5.73297119140625
103,0.66527777777777786,0.80169677734375,0.51837158203125,11.470703125
101,0.66527777777777786,-0.61163330078125,0.15625,11.50018310546875
98,0.66527777777777786,0.16326904296875,0.10980224609375,11.52569580078125
112,0.27222222222222214,0.6851806640625,1.20538330078125,5.79742431640625
111,0.27222222222222214,-0.1895751953125,0.62060546875,5.8094482421875
110,0.27222222222222214,0.04425048828125,1.56707763671875,5.8089599609375
109,0.27222222222222214,0.46820068359375,0.78399658203125,5.8140869140625
108,0.27222222222222214,-0.283447265625,1.04815673828125,5.8221435546875
107,0.27222222222222214,0.35308837890625,1.31390380859375,5.82196044921875
106,0.27222222222222214,0.108642578125,0.808349609375,5.83001708984375
105,0.27222222222222214,0.01751708984375,1.1861572265625,5.833740234375
103,0.6722222222222225,0.8084716796875,0.487060546875,11.57080078125
101,0.6722222222222225,-0.61822509765625,0.12152099609375,11.60064697265625
98,0.6722222222222225,0.1639404296875,0.0745849609375,11.6263427734375
112,0.27916666666666679,0.69732666015625,1.1943359375,5.8974609375
111,0.27916666666666679,-0.19525146484375,0.59759521484375,5.90972900390625
110,0.27916666666666679,0.04339599609375,1.5633544921875,5.9093017578125
109,0.27916666666666679,0.4759521484375,0.7642822265625,5.91448974609375
108,0.27916666666666679,-0.291015625,1.03387451171875,5.92266845703125
107,0.27916666666666679,0.35845947265625,1.30499267578125,5.92254638671875
106,0.27916666666666679,0.10906982421875,0.7891845703125,5.93072509765625
105,0.27916666666666679,0.01611328125,1.17462158203125,5.93450927734375
103,0.67916666666666714,0.81524658203125,0.4552001953125,11.67095947265625
101,0.67916666666666714,-0.62481689453125,0.08624267578125,11.7010498046875
98,0.67916666666666714,0.1646728515625,0.03887939453125,11.72698974609375
112,0.28611111111111054,0.70947265625,1.1827392578125,5.99755859375
111,0.28611111111111054,-0.20086669921875,0.5740966796875,6.010009765625
110,0.28611111111111054,0.04248046875,1.55914306640625,6.00958251953125
109,0.28611111111111054,0.48370361328125,0.744140625,6.014892578125
108,0.28611111111111054,-0.298583984375,1.01904296875,6.02325439453125
107,0.28611111111111054,0.3638916015625,1.295654296875,6.0230712890625
106,0.28611111111111054,0.1094970703125,0.76953125,6.03143310546875
105,0.28611111111111054,0.01470947265625,1.16265869140625,6.03533935546875
103,0.68611111111111089,0.822021484375,0.4228515625,11.7711181640625
101,0.68611111111111089,-0.6314697265625,0.05047607421875,11.80145263671875
98,0.68182733717487154,0.16497802734375,0,11.76556396484375
112,0.29305555555555518,0.7216796875,1.170654296875,6.09759521484375
111,0.29305555555555518,-0.20654296875,0.5501708984375,6.11029052734375
110,0.29305555555555518,0.0416259765625,1.554443359375,6.10986328125
109,0.29305555555555518,0.491455078125,0.7235107421875,6.115234375
108,0.29305555555555518,-0.30609130859375,1.0037841796875,6.123779296875
107,0.29305555555555518,0.36932373046875,1.2857666015625,6.12359619140625
106,0.29305555555555518,0.10992431640625,0.74932861328125,6.13214111328125
105,0.29305555555555518,0.01324462890625,1.15020751953125,6.1361083984375
103,0.69305555555555554,0.8287353515625,0.39007568359375,11.87127685546875
101,0.69098858930080131,-0.6361083984375,0,11.87200927734375
112,0.29999999999999982,0.73382568359375,1.15814208984375,6.1976318359375
111,0.29999999999999982,-0.212158203125,0.5257568359375,6.2105712890625
110,0.29999999999999982,0.04071044921875,1.54931640625,6.21014404296875
109,0.29999999999999982,0.499267578125,0.702392578125,6.21563720703125
108,0.29999999999999982,-0.31365966796875,0.98809814453125,6.22430419921875
107,0.29999999999999982,0.37469482421875,1.27545166015625,6.22418212890625
106,0.29999999999999982,0.1103515625,0.728759765625,6.23284912109375
105,0.29999999999999982,0.0118408203125,1.1373291015625,6.23687744140625
103,0.70000000000000018,0.83551025390625,0.3568115234375,11.971435546875
112,0.30694444444444446,0.74603271484375,1.1451416015625,6.29766845703125
111,0.30694444444444446,-0.21783447265625,0.5008544921875,6.31085205078125
110,0.30694444444444446,0.03985595703125,1.543701171875,6.3104248046875
109,0.30694444444444446,0.50701904296875,0.68084716796875,6.3160400390625
108,0.30694444444444446,-0.32122802734375,0.97186279296875,6.32489013671875
107,0.30694444444444446,0.380126953125,1.26470947265625,6.32470703125
106,0.30694444444444446,0.11077880859375,0.70770263671875,6.33355712890625
105,0.30694444444444446,0.01043701171875,1.1239013671875,6.337646484375
103,0.70694444444444482,0.84228515625,0.3231201171875,12.07159423828125
112,0.31388888888888911,0.7581787109375,1.1317138671875,6.397705078125
111,0.31388888888888911,-0.22344970703125,0.4754638671875,6.41119384765625
110,0.31388888888888911,0.03900146484375,1.53759765625,6.41070556640625
109,0.31388888888888911,0.5147705078125,0.65875244140625,6.41644287109375
108,0.31388888888888911,-0.32879638671875,0.9552001953125,6.4254150390625
107,0.31388888888888911,0.38555908203125,1.25341796875,6.42523193359375
106,0.31388888888888911,0.1112060546875,0.68609619140625,6.43426513671875
105,0.31388888888888911,0.00897216796875,1.11004638671875,6.4384765625
103,0.71388888888888946,0.8489990234375,0.28887939453125,12.17169189453125
112,0.32083333333333286,0.7703857421875,1.1177978515625,6.49774169921875
111,0.32083333333333286,-0.2291259765625,0.44964599609375,6.511474609375
110,0.32083333333333286,0.0380859375,1.53106689453125,6.510986328125
109,0.32083333333333286,0.52252197265625,0.63629150390625,6.51678466796875
108,0.32083333333333286,-0.33636474609375,0.9381103515625,6.5260009765625
107,0.32083333333333286,0.39093017578125,1.24176025390625,6.52581787109375
106,0.32083333333333286,0.1116943359375,0.66412353515625,6.53497314453125
105,0.32083333333333286,0.007568359375,1.09576416015625,6.53924560546875
103,0.72083333333333321,0.85577392578125,0.25421142578125,12.2718505859375
112,0.3277777777777775,0.78253173828125,1.10333251953125,6.59783935546875
111,0.3277777777777775,-0.2347412109375,0.42327880859375,6.61175537109375
110,0.3277777777777775,0.0372314453125,1.52398681640625,6.61126708984375
109,0.3277777777777775,0.5302734375,0.61322021484375,6.6171875
108,0.3277777777777775,-0.3438720703125,0.92047119140625,6.62652587890625
107,0.3277777777777775,0.3963623046875,1.2294921875,6.6263427734375
106,0.3277777777777775,0.11212158203125,0.6416015625,6.63568115234375
105,0.3277777777777775,0.006103515625,1.0809326171875,6.6400146484375
103,0.72777777777777786,0.862548828125,0.21905517578125,12.37200927734375
112,0.33472222222222214,0.79473876953125,1.08843994140625,6.6978759765625
111,0.33472222222222214,-0.2403564453125,0.396484375,6.7120361328125
110,0.33472222222222214,0.03631591796875,1.51641845703125,6.7115478515625
109,0.33472222222222214,0.53802490234375,0.58978271484375,6.71759033203125
108,0.33472222222222214,-0.3514404296875,0.90234375,6.72705078125
107,0.33472222222222214,0.4017333984375,1.216796875,6.72686767578125
106,0.33472222222222214,0.112548828125,0.61859130859375,6.73638916015625
105,0.33472222222222214,0.00469970703125,1.06561279296875,6.7408447265625
103,0.7347222222222225,0.86932373046875,0.18341064453125,12.47216796875
112,0.34166666666666679,0.806884765625,1.0731201171875,6.79791259765625
111,0.34166666666666679,-0.24603271484375,0.3692626953125,6.81231689453125
110,0.34166666666666679,0.03546142578125,1.50848388671875,6.81182861328125
109,0.34166666666666679,0.5457763671875,0.56585693359375,6.81793212890625
108,0.34166666666666679,-0.3590087890625,0.88385009765625,6.82763671875
107,0.34166666666666679,0.40716552734375,1.2037353515625,6.82745361328125
106,0.34166666666666679,0.11297607421875,0.59521484375,6.83709716796875
105,0.34166666666666679,0.0032958984375,1.0499267578125,6.84161376953125
103,0.74166666666666714,0.87603759765625,0.1473388671875,12.57232666015625
112,0.34861111111111054,0.819091796875,1.0572509765625,6.89794921875
111,0.34861111111111054,-0.25164794921875,0.34149169921875,6.91259765625
110,0.34861111111111054,0.0345458984375,1.5,6.912109375
109,0.34861111111111054,0.55352783203125,0.54144287109375,6.9183349609375
108,0.34861111111111054,-0.3665771484375,0.86480712890625,6.92816162109375
107,0.34861111111111054,0.41259765625,1.1900634765625,6.927978515625
106,0.34861111111111054,0.1134033203125,0.5712890625,6.93780517578125
105,0.34861111111111054,0.0018310546875,1.03369140625,6.9423828125
103,0.74861111111111089,0.8828125,0.11077880859375,12.67242431640625
112,0.35555555555555518,0.83123779296875,1.041015625,6.99798583984375
111,0.35555555555555518,-0.25732421875,0.31329345703125,7.012939453125
110,0.35555555555555518,0.03369140625,1.4910888671875,7.01239013671875
109,0.35555555555555518,0.561279296875,0.51654052734375,7.01873779296875
108,0.35555555555555518,-0.3741455078125,0.84527587890625,7.02874755859375
107,0.35555555555555518,0.41796875,1.176025390625,7.028564453125
106,0.35555555555555518,0.11383056640625,0.546875,7.03851318359375
105,0.35555555555555518,0.00042724609375,1.01702880859375,7.04315185546875
103,0.75555555555555554,0.88958740234375,0.07373046875,12.7725830078125
112,0.36249999999999982,0.84344482421875,1.02423095703125,7.0980224609375
111,0.36249999999999982,-0.262939453125,0.28460693359375,7.11322021484375
110,0.36249999999999982,0.0328369140625,1.481689453125,7.1126708984375
109,0.36249999999999982,0.56903076171875,0.4912109375,7.119140625
108,0.36249999999999982,-0.38165283203125,0.8253173828125,7.1292724609375
107,0.36249999999999982,0.42340087890625,1.16143798828125,7.12908935546875
106,0.36249999999999982,0.1142578125,0.52203369140625,7.13922119140625
105,0.36249999999999982,-0.0009765625,0.99981689453125,7.14398193359375
103,0.76250000000000018,0.8963623046875,0.03619384765625,12.87274169921875
112,0.36944444444444446,0.8555908203125,1.0069580078125,7.1981201171875
111,0.36944444444444446,-0.26861572265625,0.25543212890625,7.2135009765625
110,0.36944444444444446,0.03192138671875,1.4718017578125,7.21295166015625
109,0.36944444444444446,0.5767822265625,0.46533203125,7.219482421875
108,0.36944444444444446,-0.38922119140625,0.80487060546875,7.22979736328125
107,0.36944444444444446,0.4288330078125,1.1463623046875,7.2296142578125
106,0.36944444444444446,0.11468505859375,0.4967041015625,7.23992919921875
105,0.36944444444444446,-0.00244140625,0.982177734375,7.2447509765625
103,0.76454537319849891,0.8983154296875,0,12.9022216796875
112,0.37638888888888911,0.8677978515625,0.9892578125,7.29815673828125
111,0.37638888888888911,-0.27423095703125,0.225830078125,7.31378173828125
110,0.37638888888888911,0.03106689453125,1.46148681640625,7.313232421875
109,0.37638888888888911,0.58453369140625,0.4390869140625,7.31988525390625
108,0.37638888888888911,-0.39678955078125,0.783935546875,7.33038330078125
107,0.37638888888888911,0.4342041015625,1.13092041015625,7.3302001953125
106,0.37638888888888911,0.1151123046875,0.47088623046875,7.34063720703125
105,0.37638888888888911,-0.00384521484375,0.964111328125,7.34552001953125
112,0.38333333333333286,0.87994384765625,0.9710693359375,7.398193359375
111,0.38333333333333286,-0.2799072265625,0.19573974609375,7.4140625
110,0.38333333333333286,0.0301513671875,1.45068359375,7.41351318359375
109,0.38333333333333286,0.59228515625,0.41229248046875,7.4202880859375
108,0.38333333333333286,-0.40435791015625,0.7625732421875,7.430908203125
107,0.38333333333333286,0.43963623046875,1.11492919921875,7.43072509765625
106,0.38333333333333286,0.11553955078125,0.44464111328125,7.44134521484375
105,0.38333333333333286,-0.0052490234375,0.945556640625,7.4462890625
112,0.3902777777777775,0.89215087890625,0.95245361328125,7.49822998046875
111,0.3902777777777775,-0.2855224609375,0.1651611328125,7.51434326171875
110,0.3902777777777775,0.029296875,1.43939208984375,7.5137939453125
109,0.3902777777777775,0.60003662109375,0.38507080078125,7.52069091796875
108,0.3902777777777775,-0.411865234375,0.74072265625,7.531494140625
107,0.3902777777777775,0.445068359375,1.09844970703125,7.53125
106,0.3902777777777775,0.115966796875,0.41790771484375,7.54205322265625
105,0.3902777777777775,-0.0067138671875,0.92645263671875,7.547119140625
112,0.39722222222222214,0.904296875,0.93328857421875,7.5982666015625
111,0.39722222222222214,-0.29119873046875,0.13409423828125,7.61468505859375
110,0.39722222222222214,0.0284423828125,1.4276123046875,7.61407470703125
109,0.39722222222222214,0.60784912109375,0.3572998046875,7.62103271484375
108,0.39722222222222214,-0.41943359375,0.71832275390625,7.63201904296875
107,0.39722222222222214,0.450439453125,1.08154296875,7.6318359375
106,0.39722222222222214,0.11639404296875,0.390625,7.64276123046875
105,0.39722222222222214,-0.00811767578125,0.90692138671875,7.64788818359375
113,0,0.08746337890625,1.25909423828125,0.88604736328125
114,0,0.08746337890625,1.25909423828125,0.88604736328125
115,0,0.08746337890625,1.25909423828125,0.88604736328125
116,0,0.08746337890625,1.25909423828125,0.88604736328125
117,0,0.08746337890625,1.25909423828125,0.88604736328125
118,0,0.08746337890625,1.25909423828125,0.88604736328125
119,0,0.08746337890625,1.25909423828125,0.88604736328125
120,0,0.08746337890625,1.25909423828125,0.88604736328125
120,0.00416666666666643,0.078369140625,1.264404296875,0.97711181640625
119,0.00416666666666643,0.09771728515625,1.2620849609375,0.97711181640625
118,0.00416666666666643,0.0830078125,1.2515869140625,0.977294921875
117,0.00416666666666643,0.0865478515625,1.2677001953125,0.977294921875
116,0.00416666666666643,0.0938720703125,1.25494384765625,0.9774169921875
115,0.00416666666666643,0.08172607421875,1.2589111328125,0.9775390625
114,0.00416666666666643,0.09130859375,1.2630615234375,0.9775390625
113,0.00416666666666643,0.0880126953125,1.25665283203125,0.9776611328125
112,0.40416666666666679,0.91650390625,0.91363525390625,7.69830322265625
111,0.40416666666666679,-0.29681396484375,0.1025390625,7.7149658203125
110,0.40416666666666679,0.02752685546875,1.415283203125,7.71435546875
109,0.40416666666666679,0.6156005859375,0.3291015625,7.721435546875
108,0.40416666666666679,-0.427001953125,0.69549560546875,7.73260498046875
107,0.40416666666666679,0.45587158203125,1.0640869140625,7.73236083984375
106,0.40416666666666679,0.1168212890625,0.3629150390625,7.74346923828125
105,0.40416666666666679,-0.009521484375,0.88690185546875,7.7486572265625
120,0.011111111111110183,0.06329345703125,1.2733154296875,1.12890625
119,0.011111111111110183,0.1148681640625,1.26702880859375,1.12884521484375
118,0.011111111111110183,0.07562255859375,1.2391357421875,1.12939453125
117,0.011111111111110183,0.0849609375,1.2821044921875,1.12939453125
116,0.011111111111110183,0.1046142578125,1.24798583984375,1.129638671875
115,0.011111111111110183,0.07220458984375,1.258544921875,1.1300048828125
114,0.011111111111110183,0.09765625,1.26959228515625,1.13006591796875
113,0.011111111111110183,0.08892822265625,1.2525634765625,1.13037109375
112,0.41111111111111054,0.92864990234375,0.8935546875,7.79840087890625
111,0.41111111111111054,-0.302490234375,0.070556640625,7.81524658203125
110,0.41111111111111054,0.02667236328125,1.402587890625,7.81463623046875
109,0.41111111111111054,0.62335205078125,0.30047607421875,7.82183837890625
108,0.41111111111111054,-0.4345703125,0.6722412109375,7.8331298828125
107,0.41111111111111054,0.4613037109375,1.0462646484375,7.8328857421875
106,0.41111111111111054,0.11724853515625,0.33477783203125,7.84417724609375
105,0.41111111111111054,-0.010986328125,0.86639404296875,7.8494873046875
120,0.018055555555554825,0.04815673828125,1.28216552734375,1.2806396484375
119,0.018055555555554825,0.1319580078125,1.27197265625,1.28057861328125
118,0.018055555555554825,0.0682373046875,1.22662353515625,1.281494140625
117,0.018055555555554825,0.08343505859375,1.29644775390625,1.281494140625
116,0.018055555555554825,0.1153564453125,1.2410888671875,1.2818603515625
115,0.018055555555554825,0.06268310546875,1.25823974609375,1.282470703125
114,0.018055555555554825,0.10400390625,1.27618408203125,1.28253173828125
113,0.018055555555554825,0.08984375,1.2484130859375,1.28314208984375
112,0.41805555555555518,0.94085693359375,0.87298583984375,7.8984375
111,0.41805555555555518,-0.30810546875,0.0380859375,7.91552734375
110,0.41805555555555518,0.0257568359375,1.389404296875,7.9149169921875
109,0.41805555555555518,0.631103515625,0.27130126953125,7.92218017578125
108,0.41805555555555518,-0.442138671875,0.64849853515625,7.93365478515625
107,0.41805555555555518,0.4666748046875,1.02789306640625,7.9334716796875
106,0.41805555555555518,0.11773681640625,0.30609130859375,7.94488525390625
105,0.41805555555555518,-0.01239013671875,0.845458984375,7.95025634765625
120,0.024999999999999467,0.03302001953125,1.29107666015625,1.43243408203125
119,0.024999999999999467,0.14910888671875,1.2769775390625,1.43231201171875
118,0.024999999999999467,0.06085205078125,1.21417236328125,1.43353271484375
117,0.024999999999999467,0.08184814453125,1.31085205078125,1.43359375
116,0.024999999999999467,0.12603759765625,1.234130859375,1.43414306640625
115,0.024999999999999467,0.05316162109375,1.25787353515625,1.43499755859375
114,0.024999999999999467,0.11041259765625,1.28277587890625,1.43505859375
113,0.024999999999999467,0.0906982421875,1.24432373046875,1.43585205078125
112,0.42499999999999982,0.9530029296875,0.85198974609375,7.99847412109375
111,0.42081529550122793,-0.31036376953125,0,7.95538330078125
110,0.42499999999999982,0.02490234375,1.37579345703125,8.01519775390625
109,0.42499999999999982,0.63885498046875,0.24176025390625,8.0225830078125
108,0.42499999999999982,-0.44964599609375,0.624267578125,8.03424072265625
107,0.42499999999999982,0.47210693359375,1.00909423828125,8.03399658203125
106,0.42499999999999982,0.1181640625,0.27703857421875,8.04559326171875
105,0.42499999999999982,-0.0137939453125,0.8240966796875,8.051025390625
120,0.031944444444444109,0.0179443359375,1.2999267578125,1.58416748046875
119,0.031944444444444109,0.16619873046875,1.28192138671875,1.58404541015625
118,0.031944444444444109,0.053466796875,1.20166015625,1.58563232421875
117,0.031944444444444109,0.080322265625,1.32525634765625,1.585693359375
116,0.031944444444444109,0.13677978515625,1.22723388671875,1.58636474609375
115,0.031944444444444109,0.04364013671875,1.25750732421875,1.58746337890625
114,0.031944444444444109,0.11676025390625,1.289306640625,1.58758544921875
113,0.031944444444444109,0.09161376953125,1.240234375,1.58856201171875
112,0.43194444444444446,0.96514892578125,0.83050537109375,8.0985107421875
110,0.43194444444444446,0.02398681640625,1.36163330078125,8.115478515625
109,0.43194444444444446,0.6466064453125,0.21160888671875,8.12298583984375
108,0.43194444444444446,-0.45721435546875,0.59954833984375,8.134765625
107,0.43194444444444446,0.47747802734375,0.98980712890625,8.134521484375
106,0.43194444444444446,0.11859130859375,0.2474365234375,8.1463623046875
105,0.43194444444444446,-0.0152587890625,0.80218505859375,8.15179443359375
120,0.038888888888888751,0.0028076171875,1.308837890625,1.7359619140625
119,0.038888888888888751,0.183349609375,1.286865234375,1.73577880859375
118,0.038888888888888751,0.04608154296875,1.189208984375,1.73773193359375
117,0.038888888888888751,0.0787353515625,1.339599609375,1.73773193359375
116,0.038888888888888751,0.14752197265625,1.22027587890625,1.73858642578125
115,0.038888888888888751,0.03411865234375,1.2572021484375,1.73992919921875
114,0.038888888888888751,0.1231689453125,1.2958984375,1.74005126953125
113,0.038888888888888751,0.092529296875,1.23614501953125,1.74127197265625
112,0.43888888888888911,0.97735595703125,0.80853271484375,8.19854736328125
110,0.43888888888888911,0.02313232421875,1.3470458984375,8.21575927734375
109,0.43888888888888911,0.65435791015625,0.18109130859375,8.223388671875
108,0.43888888888888911,-0.46478271484375,0.57440185546875,8.2353515625
107,0.43888888888888911,0.48291015625,0.97003173828125,8.235107421875
106,0.43888888888888911,0.1190185546875,0.21734619140625,8.2470703125
105,0.43888888888888911,-0.01666259765625,0.77978515625,8.25262451171875
120,0.045833333333332504,-0.0123291015625,1.31768798828125,1.8876953125
119,0.045833333333332504,0.200439453125,1.2918701171875,1.88751220703125
118,0.045833333333332504,0.03863525390625,1.17669677734375,1.88983154296875
117,0.045833333333332504,0.07720947265625,1.35400390625,1.88983154296875
116,0.045833333333332504,0.158203125,1.21337890625,1.890869140625
115,0.045833333333332504,0.02459716796875,1.2568359375,1.89239501953125
114,0.045833333333332504,0.1295166015625,1.302490234375,1.892578125
113,0.045833333333332504,0.09344482421875,1.2320556640625,1.89398193359375
112,0.44583333333333286,0.989501953125,0.78607177734375,8.298583984375
110,0.44583333333333286,0.02227783203125,1.33197021484375,8.3160400390625
109,0.44583333333333286,0.662109375,0.1500244140625,8.32373046875
108,0.44583333333333286,-0.47235107421875,0.5487060546875,8.33587646484375
107,0.44583333333333286,0.48834228515625,0.9498291015625,8.33563232421875
106,0.44583333333333286,0.11944580078125,0.18682861328125,8.3477783203125
105,0.44583333333333286,-0.01806640625,0.7569580078125,8.3533935546875
120,0.052777777777777146,-0.0274658203125,1.32659912109375,2.03948974609375
119,0.052777777777777146,0.21759033203125,1.29681396484375,2.03924560546875
118,0.052777777777777146,0.03125,1.16424560546875,2.04193115234375
117,0.052777777777777146,0.07562255859375,1.36834716796875,2.04193115234375
116,0.052777777777777146,0.1689453125,1.2064208984375,2.0430908203125
115,0.052777777777777146,0.01507568359375,1.25653076171875,2.044921875
114,0.052777777777777146,0.13592529296875,1.30902099609375,2.0450439453125
113,0.052777777777777146,0.0943603515625,1.2279052734375,2.04669189453125
112,0.4527777777777775,1.001708984375,0.76312255859375,8.398681640625
110,0.4527777777777775,0.0213623046875,1.31640625,8.41632080078125
109,0.4527777777777775,0.66986083984375,0.1185302734375,8.42413330078125
108,0.4527777777777775,-0.47991943359375,0.5225830078125,8.4364013671875
107,0.4527777777777775,0.49371337890625,0.9290771484375,8.43621826171875
106,0.4527777777777775,0.119873046875,0.15582275390625,8.448486328125
105,0.4527777777777775,-0.01953125,0.733642578125,8.45416259765625
120,0.059722222222221788,-0.04254150390625,1.33544921875,2.1912841796875
119,0.059722222222221788,0.23468017578125,1.3017578125,2.19097900390625
118,0.059722222222221788,0.02386474609375,1.1517333984375,2.1939697265625
117,0.059722222222221788,0.0740966796875,1.38275146484375,2.19403076171875
116,0.059722222222221788,0.1796875,1.19952392578125,2.1953125
115,0.059722222222221788,0.00555419921875,1.25616455078125,2.1973876953125
114,0.059722222222221788,0.14227294921875,1.31561279296875,2.19757080078125
113,0.059722222222221788,0.09527587890625,1.22381591796875,2.199462890625
112,0.45972222222222214,1.01385498046875,0.73974609375,8.49871826171875
110,0.45972222222222214,0.0205078125,1.3004150390625,8.5166015625
109,0.45972222222222214,0.6776123046875,0.0865478515625,8.5245361328125
108,0.45972222222222214,-0.4874267578125,0.49603271484375,8.5369873046875
107,0.45972222222222214,0.4991455078125,0.90789794921875,8.5367431640625
106,0.45972222222222214,0.12030029296875,0.12432861328125,8.5491943359375
105,0.45972222222222214,-0.02093505859375,0.70989990234375,8.55499267578125
120,0.06666666666666643,-0.05767822265625,1.3443603515625,2.343017578125
119,0.06666666666666643,0.2518310546875,1.3067626953125,2.34271240234375
118,0.06666666666666643,0.0164794921875,1.1392822265625,2.3460693359375
117,0.06666666666666643,0.072509765625,1.3970947265625,2.34613037109375
116,0.06666666666666643,0.19036865234375,1.19256591796875,2.34759521484375
115,0.06666666666666643,-0.00396728515625,1.255859375,2.349853515625
114,0.06666666666666643,0.14862060546875,1.32220458984375,2.35009765625
113,0.06666666666666643,0.09619140625,1.2197265625,2.3521728515625
112,0.46666666666666679,1.02606201171875,0.71588134765625,8.5987548828125
110,0.46666666666666679,0.01959228515625,1.28387451171875,8.61688232421875
109,0.46666666666666679,0.68536376953125,0.05413818359375,8.62493896484375
108,0.46666666666666679,-0.4949951171875,0.46893310546875,8.63751220703125
107,0.46666666666666679,0.50457763671875,0.88629150390625,8.63726806640625
106,0.46666666666666679,0.1207275390625,0.0924072265625,8.64990234375
105,0.46666666666666679,-0.0223388671875,0.68560791015625,8.65576171875
120,0.073611111111110183,-0.07269287109375,1.3529052734375,2.49346923828125
119,0.073611111111110183,0.268798828125,1.3114013671875,2.49310302734375
118,0.073611111111110183,0.0091552734375,1.12664794921875,2.496826171875
117,0.073611111111110183,0.07098388671875,1.4111328125,2.49688720703125
116,0.073611111111110183,0.20098876953125,1.18548583984375,2.49847412109375
115,0.073611111111110183,-0.01336669921875,1.2552490234375,2.5009765625
114,0.073611111111110183,0.15496826171875,1.3284912109375,2.501220703125
113,0.073611111111110183,0.0970458984375,1.21539306640625,2.5035400390625
112,0.47361111111111054,1.0382080078125,0.69158935546875,8.69879150390625
110,0.47361111111111054,0.01873779296875,1.26690673828125,8.7171630859375
109,0.47280349752945044,0.69219970703125,0,8.713623046875
108,0.47361111111111054,-0.5025634765625,0.44140625,8.73809814453125
107,0.47361111111111054,0.50994873046875,0.8641357421875,8.73785400390625
106,0.47361111111111054,0.12115478515625,0.05999755859375,8.7506103515625
105,0.47361111111111054,-0.0238037109375,0.660888671875,8.75653076171875
120,0.080555555555554825,-0.08740234375,1.36083984375,2.64117431640625
119,0.080555555555554825,0.28546142578125,1.3155517578125,2.64080810546875
118,0.080555555555554825,0.001953125,1.11383056640625,2.6448974609375
117,0.080555555555554825,0.0694580078125,1.4244384765625,2.6448974609375
116,0.080555555555554825,0.21142578125,1.17803955078125,2.64666748046875
115,0.080555555555554825,-0.02264404296875,1.2542724609375,2.6494140625
114,0.080555555555554825,0.16119384765625,1.33416748046875,2.649658203125
113,0.080555555555554825,0.09796142578125,1.21075439453125,2.6522216796875
112,0.48055555555555518,1.0504150390625,0.666748046875,8.798828125
110,0.48055555555555518,0.017822265625,1.24945068359375,8.81744384765625
108,0.48055555555555518,-0.5101318359375,0.41339111328125,8.838623046875
107,0.48055555555555518,0.515380859375,0.84149169921875,8.83837890625
106,0.48055555555555518,0.12158203125,0.02703857421875,8.851318359375
105,0.48055555555555518,-0.02520751953125,0.63568115234375,8.8572998046875
120,0.087499999999999467,-0.101806640625,1.3681640625,2.7862548828125
119,0.087499999999999467,0.30181884765625,1.319091796875,2.78582763671875
118,0.087499999999999467,-0.005126953125,1.1007080078125,2.79022216796875
117,0.087499999999999467,0.0679931640625,1.43695068359375,2.790283203125
116,0.087499999999999467,0.2216796875,1.17022705078125,2.79217529296875
115,0.087499999999999467,-0.03173828125,1.252685546875,2.795166015625
114,0.087499999999999467,0.167236328125,1.3392333984375,2.79541015625
113,0.087499999999999467,0.09881591796875,1.20562744140625,2.79815673828125
112,0.48749999999999982,1.06256103515625,0.6414794921875,8.89886474609375
110,0.48749999999999982,0.0169677734375,1.2315673828125,8.917724609375
108,0.48749999999999982,-0.5177001953125,0.38494873046875,8.93914794921875
107,0.48749999999999982,0.52081298828125,0.8184814453125,8.93890380859375
106,0.4809778182506933,0.12158203125,0,8.857421875
105,0.48749999999999982,-0.026611328125,0.61004638671875,8.9581298828125
120,0.094444444444444109,-0.11602783203125,1.37481689453125,2.9285888671875
119,0.094444444444444109,0.31787109375,1.32208251953125,2.92816162109375
118,0.094444444444444109,-0.0120849609375,1.08734130859375,2.932861328125
117,0.094444444444444109,0.0665283203125,1.44879150390625,2.93292236328125
116,0.094444444444444109,0.23175048828125,1.16204833984375,2.93499755859375
115,0.094444444444444109,-0.0406494140625,1.250732421875,2.93817138671875
114,0.094444444444444109,0.1732177734375,1.34375,2.9384765625
113,0.094444444444444109,0.09967041015625,1.20013427734375,2.94140625
112,0.49444444444444446,1.07476806640625,0.61572265625,8.99896240234375
110,0.49444444444444446,0.01611328125,1.21319580078125,9.01800537109375
108,0.49444444444444446,-0.52520751953125,0.35595703125,9.03973388671875
107,0.49444444444444446,0.52618408203125,0.794921875,9.03948974609375
105,0.49444444444444446,-0.028076171875,0.5838623046875,9.05889892578125
120,0.10138888888888875,-0.12994384765625,1.380859375,3.06829833984375
119,0.10138888888888875,0.3336181640625,1.32452392578125,3.06781005859375
118,0.10138888888888875,-0.01885986328125,1.07373046875,3.0728759765625
117,0.10138888888888875,0.0650634765625,1.45989990234375,3.07293701171875
116,0.10138888888888875,0.24163818359375,1.153564453125,3.0750732421875
115,0.10138888888888875,-0.0494384765625,1.248291015625,3.0784912109375
114,0.10138888888888875,0.1790771484375,1.34765625,3.078857421875
113,0.10138888888888875,0.1004638671875,1.1942138671875,3.08197021484375
112,0.50138888888888911,1.0869140625,0.5894775390625,9.0989990234375
110,0.50138888888888911,0.01519775390625,1.1943359375,9.1182861328125
108,0.50138888888888911,-0.53277587890625,0.3265380859375,9.1402587890625
107,0.50138888888888911,0.5316162109375,0.77093505859375,9.1400146484375
105,0.50138888888888911,-0.02947998046875,0.5572509765625,9.15966796875
120,0.1083333333333325,-0.1435546875,1.38629150390625,3.20526123046875
119,0.1083333333333325,0.34912109375,1.32647705078125,3.2047119140625
118,0.1083333333333325,-0.0255126953125,1.05987548828125,3.21014404296875
117,0.1083333333333325,0.06365966796875,1.4703369140625,3.210205078125
116,0.1083333333333325,0.25128173828125,1.14471435546875,3.2125244140625
115,0.1083333333333325,-0.05804443359375,1.24542236328125,3.21612548828125
114,0.1083333333333325,0.18487548828125,1.35107421875,3.21649169921875
113,0.1083333333333325,0.101318359375,1.18792724609375,3.21978759765625
112,0.50833333333333286,1.09912109375,0.5628662109375,9.19903564453125
110,0.50833333333333286,0.01434326171875,1.175048828125,9.21856689453125
108,0.50833333333333286,-0.54034423828125,0.29669189453125,9.2408447265625
107,0.50833333333333286,0.53704833984375,0.7464599609375,9.24053955078125
105,0.50833333333333286,-0.0308837890625,0.53021240234375,9.260498046875
120,0.11527777777777715,-0.156982421875,1.39105224609375,3.33953857421875
119,0.11527777777777715,0.3642578125,1.3277587890625,3.3389892578125
118,0.11527777777777715,-0.0321044921875,1.04571533203125,3.3447265625
117,0.11527777777777715,0.06231689453125,1.47991943359375,3.34478759765625
116,0.11527777777777715,0.26080322265625,1.135498046875,3.34722900390625
115,0.11527777777777715,-0.06646728515625,1.24200439453125,3.35107421875
114,0.11527777777777715,0.19049072265625,1.353759765625,3.3514404296875
113,0.11527777777777715,0.10211181640625,1.18121337890625,3.35491943359375
112,0.5152777777777775,1.11126708984375,0.53564453125,9.299072265625
110,0.5152777777777775,0.013427734375,1.15521240234375,9.31884765625
108,0.5152777777777775,-0.54791259765625,0.2662353515625,9.34136962890625
107,0.5152777777777775,0.54241943359375,0.721435546875,9.34112548828125
105,0.5152777777777775,-0.0323486328125,0.50262451171875,9.36126708984375
120,0.12222222222222179,-0.1700439453125,1.39520263671875,3.47119140625
119,0.12222222222222179,0.37908935546875,1.3284912109375,3.4705810546875
118,0.12222222222222179,-0.03851318359375,1.0313720703125,3.47662353515625
117,0.12222222222222179,0.06097412109375,1.48883056640625,3.4766845703125
116,0.12222222222222179,0.27008056640625,1.12591552734375,3.479248046875
115,0.12222222222222179,-0.07470703125,1.2381591796875,3.4832763671875
114,0.12222222222222179,0.196044921875,1.35589599609375,3.48370361328125
113,0.12222222222222179,0.1029052734375,1.17413330078125,3.48736572265625
112,0.52222222222222214,1.12347412109375,0.50799560546875,9.39910888671875
110,0.52222222222222214,0.0125732421875,1.13494873046875,9.41912841796875
108,0.52222222222222214,-0.55548095703125,0.23541259765625,9.44189453125
107,0.52222222222222214,0.5478515625,0.696044921875,9.441650390625
105,0.52222222222222214,-0.03375244140625,0.47454833984375,9.4620361328125
120,0.12916666666666643,-0.18292236328125,1.39874267578125,3.60009765625
119,0.12916666666666643,0.39361572265625,1.32867431640625,3.5994873046875
118,0.12916666666666643,-0.0447998046875,1.0167236328125,3.60577392578125
117,0.12916666666666643,0.05963134765625,1.4970703125,3.60589599609375
116,0.12916666666666643,0.2791748046875,1.11602783203125,3.60858154296875
115,0.12916666666666643,-0.08282470703125,1.23388671875,3.61285400390625
114,0.12916666666666643,0.201416015625,1.35748291015625,3.61322021484375
113,0.12916666666666643,0.1036376953125,1.1666259765625,3.61712646484375
112,0.52916666666666679,1.1356201171875,0.4798583984375,9.4991455078125
110,0.52916666666666679,0.01171875,1.11419677734375,9.5194091796875
108,0.52916666666666679,-0.56298828125,0.2041015625,9.54248046875
107,0.52916666666666679,0.55328369140625,0.67010498046875,9.54217529296875
105,0.52916666666666679,-0.03515625,0.446044921875,9.56280517578125
120,0.13611111111111018,-0.19549560546875,1.40167236328125,3.726318359375
119,0.13611111111111018,0.40789794921875,1.328369140625,3.7257080078125
118,0.13611111111111018,-0.0509033203125,1.00189208984375,3.7322998046875
117,0.13611111111111018,0.058349609375,1.5045166015625,3.73236083984375
116,0.13611111111111018,0.2880859375,1.10577392578125,3.7352294921875
115,0.13611111111111018,-0.0906982421875,1.2291259765625,3.73968505859375
114,0.13611111111111018,0.20672607421875,1.35845947265625,3.74005126953125
113,0.13611111111111018,0.10443115234375,1.15875244140625,3.744140625
112,0.53611111111111054,1.1478271484375,0.4512939453125,9.5992431640625
110,0.53611111111111054,0.01080322265625,1.09295654296875,9.61968994140625
108,0.53611111111111054,-0.570556640625,0.17230224609375,9.64300537109375
107,0.53611111111111054,0.55865478515625,0.643798828125,9.64276123046875
105,0.53611111111111054,-0.03662109375,0.4171142578125,9.66363525390625
120,0.14305555555555483,-0.207763671875,1.4039306640625,3.849853515625
119,0.14305555555555483,0.42181396484375,1.32745361328125,3.84918212890625
118,0.14305555555555483,-0.05694580078125,0.98681640625,3.85614013671875
117,0.14305555555555483,0.05706787109375,1.51129150390625,3.856201171875
116,0.14305555555555483,0.29681396484375,1.09521484375,3.859130859375
115,0.14305555555555483,-0.09844970703125,1.223876953125,3.86376953125
114,0.14305555555555483,0.2119140625,1.35888671875,3.8642578125
113,0.14305555555555483,0.10516357421875,1.15045166015625,3.86846923828125
112,0.54305555555555518,1.15997314453125,0.42218017578125,9.69927978515625
110,0.54305555555555518,0.00994873046875,1.07122802734375,9.719970703125
108,0.54305555555555518,-0.578125,0.1400146484375,9.74359130859375
107,0.54305555555555518,0.5640869140625,0.61688232421875,9.7432861328125
105,0.54305555555555518,-0.03802490234375,0.38763427734375,9.764404296875
120,0.14999999999999947,-0.2198486328125,1.405517578125,3.97076416015625
119,0.14999999999999947,0.43548583984375,1.325927734375,3.97003173828125
118,0.14999999999999947,-0.06280517578125,0.97137451171875,3.97723388671875
117,0.14999999999999947,0.05584716796875,1.51727294921875,3.977294921875
116,0.14999999999999947,0.30535888671875,1.08416748046875,3.98040771484375
115,0.14999999999999947,-0.1060791015625,1.2181396484375,3.9852294921875
114,0.14999999999999947,0.21697998046875,1.358642578125,3.98565673828125
113,0.14999999999999947,0.10589599609375,1.14166259765625,3.9901123046875
112,0.54999999999999982,1.17218017578125,0.3927001953125,9.79931640625
110,0.54999999999999982,0.009033203125,1.049072265625,9.82025146484375
108,0.54999999999999982,-0.585693359375,0.1072998046875,9.8441162109375
107,0.54999999999999982,0.5694580078125,0.58953857421875,9.8438720703125
105,0.54999999999999982,-0.0394287109375,0.357666015625,9.86517333984375
120,0.15694444444444411,-0.23162841796875,1.40655517578125,4.08892822265625
119,0.15694444444444411,0.44879150390625,1.32391357421875,4.08819580078125
118,0.15694444444444411,-0.068603515625,0.955810546875,4.09564208984375
117,0.15694444444444411,0.05462646484375,1.5225830078125,4.09576416015625
116,0.15694444444444411,0.313720703125,1.07293701171875,4.09893798828125
115,0.15694444444444411,-0.11346435546875,1.2120361328125,4.10394287109375
114,0.15694444444444411,0.22198486328125,1.35791015625,4.10443115234375
113,0.15694444444444411,0.1065673828125,1.13262939453125,4.1090087890625
112,0.55694444444444446,1.184326171875,0.36273193359375,9.89935302734375
110,0.55694444444444446,0.0081787109375,1.0264892578125,9.9205322265625
108,0.55694444444444446,-0.59320068359375,0.0740966796875,9.9447021484375
107,0.55694444444444446,0.57489013671875,0.56182861328125,9.94439697265625
105,0.55694444444444446,-0.0408935546875,0.32733154296875,9.96600341796875
120,0.16388888888888875,-0.24310302734375,1.40692138671875,4.20440673828125
119,0.16388888888888875,0.4617919921875,1.3212890625,4.20367431640625
118,0.16388888888888875,-0.07421875,0.93988037109375,4.21136474609375
117,0.16388888888888875,0.05340576171875,1.527099609375,4.21148681640625
116,0.16388888888888875,0.3218994140625,1.061279296875,4.21478271484375
115,0.16388888888888875,-0.1207275390625,1.205322265625,4.219970703125
114,0.16388888888888875,0.226806640625,1.35650634765625,4.220458984375
113,0.16388888888888875,0.1072998046875,1.12310791015625,4.2252197265625
112,0.56388888888888911,1.196533203125,0.33221435546875,9.9993896484375
110,0.56388888888888911,0.00726318359375,1.00335693359375,10.02081298828125
108,0.56388888888888911,-0.60076904296875,0.0404052734375,10.04522705078125
107,0.56388888888888911,0.580322265625,0.53350830078125,10.044921875
105,0.56388888888888911,-0.04229736328125,0.29644775390625,10.0667724609375
120,0.1708333333333325,-0.25433349609375,1.40667724609375,4.31719970703125
119,0.1708333333333325,0.47454833984375,1.318115234375,4.31640625
118,0.1708333333333325,-0.0797119140625,0.92376708984375,4.32440185546875
117,0.1708333333333325,0.05224609375,1.531005859375,4.32452392578125
116,0.1708333333333325,0.329833984375,1.04925537109375,4.32794189453125
115,0.1708333333333325,-0.1278076171875,1.1982421875,4.33331298828125
114,0.1708333333333325,0.2315673828125,1.35455322265625,4.33380126953125
113,0.1708333333333325,0.10797119140625,1.11322021484375,4.33868408203125
112,0.57083333333333286,1.20867919921875,0.30126953125,10.09942626953125
110,0.57083333333333286,0.00640869140625,0.97979736328125,10.12109375
108,0.56702196360947532,-0.60418701171875,0,10.090576171875
107,0.57083333333333286,0.585693359375,0.5047607421875,10.1455078125
105,0.57083333333333286,-0.043701171875,0.26513671875,10.16754150390625
120,0.17777777777777715,-0.26531982421875,1.40582275390625,4.42730712890625
119,0.17777777777777715,0.4869384765625,1.31439208984375,4.426513671875
118,0.17777777777777715,-0.0850830078125,0.90740966796875,4.43475341796875
117,0.17777777777777715,0.0511474609375,1.5340576171875,4.43487548828125
116,0.17777777777777715,0.337646484375,1.03692626953125,4.43841552734375
115,0.17777777777777715,-0.13470458984375,1.190673828125,4.44390869140625
114,0.17777777777777715,0.23614501953125,1.35198974609375,4.4444580078125
113,0.17777777777777715,0.10858154296875,1.1029052734375,4.44952392578125
112,0.5777777777777775,1.2208251953125,0.26983642578125,10.19952392578125
110,0.5777777777777775,0.00555419921875,0.95574951171875,10.221435546875
107,0.5777777777777775,0.59112548828125,0.4755859375,10.24603271484375
105,0.5777777777777775,-0.045166015625,0.2332763671875,10.268310546875
120,0.18472222222222179,-0.2760009765625,1.404296875,4.53472900390625
119,0.18472222222222179,0.49908447265625,1.31011962890625,4.533935546875
118,0.18472222222222179,-0.09033203125,0.8907470703125,4.54241943359375
117,0.18472222222222179,0.050048828125,1.53643798828125,4.54248046875
116,0.18472222222222179,0.34521484375,1.02423095703125,4.546142578125
115,0.18472222222222179,-0.14141845703125,1.1826171875,4.5518798828125
114,0.18472222222222179,0.24066162109375,1.34881591796875,4.55242919921875
113,0.18472222222222179,0.1092529296875,1.09222412109375,4.5576171875
112,0.58472222222222214,1.2330322265625,0.23797607421875,10.299560546875
110,0.58472222222222214,0.004638671875,0.93121337890625,10.32171630859375
107,0.58472222222222214,0.5965576171875,0.44586181640625,10.3465576171875
105,0.58472222222222214,-0.04656982421875,0.20098876953125,10.369140625
120,0.19166666666666643,-0.28643798828125,1.40216064453125,4.63946533203125
119,0.19166666666666643,0.51092529296875,1.3052978515625,4.63861083984375
118,0.19166666666666643,-0.09539794921875,0.8739013671875,4.6473388671875
117,0.19166666666666643,0.0489501953125,1.53814697265625,4.6474609375
116,0.19166666666666643,0.35260009765625,1.01116943359375,4.6512451171875
115,0.19166666666666643,-0.14801025390625,1.17413330078125,4.6571044921875
114,0.19166666666666643,0.24505615234375,1.3450927734375,4.65765380859375
113,0.19166666666666643,0.10986328125,1.08111572265625,4.66302490234375
112,0.59166666666666679,1.24517822265625,0.20556640625,10.39959716796875
110,0.59166666666666679,0.0037841796875,0.90618896484375,10.4219970703125
107,0.59166666666666679,0.6019287109375,0.41571044921875,10.4471435546875
105,0.59166666666666679,-0.0479736328125,0.168212890625,10.46990966796875
120,0.19861111111111018,-0.296630859375,1.39935302734375,4.74151611328125
119,0.19861111111111018,0.52239990234375,1.29986572265625,4.74066162109375
118,0.19861111111111018,-0.10040283203125,0.856689453125,4.7496337890625
117,0.19861111111111018,0.04791259765625,1.53900146484375,4.749755859375
116,0.19861111111111018,0.35980224609375,0.99774169921875,4.75360107421875
115,0.19861111111111018,-0.1544189453125,1.1651611328125,4.75958251953125
114,0.19861111111111018,0.2493896484375,1.34075927734375,4.76019287109375
113,0.19861111111111018,0.1104736328125,1.069580078125,4.76568603515625
112,0.59861111111111054,1.25738525390625,0.1727294921875,10.4996337890625
110,0.59861111111111054,0.00286865234375,0.88067626953125,10.52227783203125
107,0.59861111111111054,0.60736083984375,0.38507080078125,10.54766845703125
105,0.59861111111111054,-0.0494384765625,0.135009765625,10.5706787109375
120,0.20555555555555483,-0.30657958984375,1.39599609375,4.84173583984375
119,0.20555555555555483,0.53369140625,1.29388427734375,4.8408203125
118,0.20555555555555483,-0.10528564453125,0.8392333984375,4.85003662109375
117,0.20555555555555483,0.046875,1.539306640625,4.85015869140625
116,0.20555555555555483,0.36688232421875,0.98394775390625,4.8541259765625
115,0.20555555555555483,-0.16070556640625,1.15570068359375,4.86029052734375
114,0.20555555555555483,0.25360107421875,1.33587646484375,4.86090087890625
113,0.20555555555555483,0.111083984375,1.05767822265625,4.86651611328125
112,0.60555555555555518,1.26953125,0.139404296875,10.59967041015625
110,0.60555555555555518,0.00201416015625,0.854736328125,10.62255859375
107,0.60555555555555518,0.61279296875,0.35394287109375,10.648193359375
105,0.60555555555555518,-0.05084228515625,0.10125732421875,10.6715087890625
120,0.21249999999999947,-0.31658935546875,1.3922119140625,4.94189453125
119,0.21249999999999947,0.5450439453125,1.28753662109375,4.94097900390625
118,0.21249999999999947,-0.11016845703125,0.82135009765625,4.950439453125
117,0.21249999999999947,0.04583740234375,1.53912353515625,4.9505615234375
116,0.21249999999999947,0.37396240234375,0.9697265625,4.95458984375
115,0.21249999999999947,-0.1669921875,1.14581298828125,4.9609375
114,0.21249999999999947,0.25775146484375,1.33056640625,4.9615478515625
113,0.21249999999999947,0.1116943359375,1.04534912109375,4.96734619140625
112,0.61249999999999982,1.28173828125,0.1055908203125,10.69970703125
110,0.61249999999999982,0.0010986328125,0.82830810546875,10.72283935546875
107,0.61249999999999982,0.6181640625,0.3223876953125,10.748779296875
105,0.61249999999999982,-0.05224609375,0.06707763671875,10.77227783203125
120,0.21944444444444411,-0.3265380859375,1.38787841796875,5.04205322265625
119,0.21944444444444411,0.55633544921875,1.2806396484375,5.0411376953125
118,0.21944444444444411,-0.11505126953125,0.802978515625,5.05078125
117,0.21944444444444411,0.04486083984375,1.5384521484375,5.0509033203125
116,0.21944444444444411,0.38104248046875,0.9549560546875,5.0550537109375
115,0.21944444444444411,-0.17327880859375,1.13543701171875,5.06158447265625
114,0.21944444444444411,0.261962890625,1.32470703125,5.06219482421875
113,0.21944444444444411,0.1123046875,1.03240966796875,5.068115234375
112,0.61944444444444446,1.29388427734375,0.07135009765625,10.7998046875
110,0.61944444444444446,0.000244140625,0.80145263671875,10.8231201171875
107,0.61944444444444446,0.62359619140625,0.29034423828125,10.84930419921875
105,0.61944444444444446,-0.0537109375,0.032470703125,10.873046875
120,0.22638888888888875,-0.3365478515625,1.38311767578125,5.1422119140625
119,0.22638888888888875,0.567626953125,1.27325439453125,5.14129638671875
118,0.22638888888888875,-0.11993408203125,0.78411865234375,5.15118408203125
117,0.22638888888888875,0.0438232421875,1.53729248046875,5.15130615234375
116,0.22638888888888875,0.38812255859375,0.93975830078125,5.15557861328125
115,0.22638888888888875,-0.1795654296875,1.12457275390625,5.1622314453125
114,0.22638888888888875,0.26617431640625,1.31842041015625,5.162841796875
113,0.22638888888888875,0.11285400390625,1.01910400390625,5.1689453125
112,0.62638888888888911,1.30609130859375,0.03668212890625,10.89984130859375
110,0.62638888888888911,-0.0006103515625,0.77410888671875,10.92340087890625
107,0.62638888888888911,0.6290283203125,0.25787353515625,10.9498291015625
105,0.62092028960299517,-0.05401611328125,0,10.89447021484375
120,0.2333333333333325,-0.34649658203125,1.37786865234375,5.242431640625
119,0.2333333333333325,0.57891845703125,1.26544189453125,5.241455078125
118,0.2333333333333325,-0.12481689453125,0.7647705078125,5.2515869140625
117,0.2333333333333325,0.04278564453125,1.53570556640625,5.251708984375
116,0.2333333333333325,0.39520263671875,0.924072265625,5.25604248046875
115,0.2333333333333325,-0.18585205078125,1.11322021484375,5.2628173828125
114,0.2333333333333325,0.2703857421875,1.3116455078125,5.26348876953125
113,0.2333333333333325,0.11346435546875,1.00531005859375,5.26971435546875
112,0.62869006342158273,1.31011962890625,0,10.9329833984375
110,0.63333333333333286,-0.00152587890625,0.74627685546875,11.023681640625
107,0.63333333333333286,0.6343994140625,0.224853515625,11.0504150390625
120,0.24027777777777715,-0.35650634765625,1.37213134765625,5.34259033203125
119,0.24027777777777715,0.5902099609375,1.25714111328125,5.341552734375
118,0.24027777777777715,-0.12969970703125,0.74493408203125,5.3519287109375
117,0.24027777777777715,0.041748046875,1.5335693359375,5.35205078125
116,0.24027777777777715,0.40228271484375,0.90789794921875,5.35650634765625
115,0.24027777777777715,-0.192138671875,1.1014404296875,5.36346435546875
114,0.24027777777777715,0.27459716796875,1.30438232421875,5.3641357421875
113,0.24027777777777715,0.11407470703125,0.990966796875,5.37054443359375
110,0.6402777777777775,-0.00238037109375,0.71795654296875,11.12396240234375
107,0.6402777777777775,0.63983154296875,0.19134521484375,11.15093994140625
120,0.24722222222222179,-0.366455078125,1.365966796875,5.4427490234375
119,0.24722222222222179,0.60150146484375,1.24835205078125,5.44171142578125
118,0.24722222222222179,-0.134521484375,0.72467041015625,5.45233154296875
117,0.24722222222222179,0.04071044921875,1.53106689453125,5.45245361328125
116,0.24722222222222179,0.40936279296875,0.89129638671875,5.45703125
115,0.24722222222222179,-0.19842529296875,1.08917236328125,5.464111328125
114,0.24722222222222179,0.27880859375,1.29669189453125,5.46478271484375
113,0.24722222222222179,0.11468505859375,0.97625732421875,5.4713134765625
110,0.64722222222222214,-0.0032958984375,0.689208984375,11.2242431640625
107,0.64722222222222214,0.64520263671875,0.157470703125,11.25152587890625
120,0.25416666666666643,-0.37646484375,1.35931396484375,5.54290771484375
119,0.25416666666666643,0.61279296875,1.2391357421875,5.5418701171875
118,0.25416666666666643,-0.139404296875,0.70391845703125,5.55267333984375
117,0.25416666666666643,0.0396728515625,1.52801513671875,5.5528564453125
116,0.25416666666666643,0.41644287109375,0.87420654296875,5.5574951171875
115,0.25416666666666643,-0.20465087890625,1.076416015625,5.56475830078125
114,0.25416666666666643,0.28302001953125,1.28851318359375,5.5654296875
113,0.25416666666666643,0.11529541015625,0.96099853515625,5.57208251953125
110,0.65416666666666679,-0.004150390625,0.659912109375,11.32452392578125
107,0.65416666666666679,0.650634765625,0.12298583984375,11.35205078125
120,0.26111111111111018,-0.38641357421875,1.3521728515625,5.64306640625
119,0.26111111111111018,0.6241455078125,1.22943115234375,5.64202880859375
118,0.26111111111111018,-0.144287109375,0.68267822265625,5.653076171875
117,0.26111111111111018,0.0386962890625,1.52447509765625,5.6531982421875
116,0.26111111111111018,0.42352294921875,0.85662841796875,5.657958984375
115,0.26111111111111018,-0.2109375,1.063232421875,5.6654052734375
114,0.26111111111111018,0.2872314453125,1.27984619140625,5.6661376953125
113,0.26111111111111018,0.1158447265625,0.9453125,5.67291259765625
110,0.66111111111111054,-0.0050048828125,0.630126953125,11.4248046875
107,0.66111111111111054,0.65606689453125,0.088134765625,11.45257568359375
120,0.26805555555555483,-0.39642333984375,1.34454345703125,5.74322509765625
119,0.26805555555555483,0.63543701171875,1.21917724609375,5.74212646484375
118,0.26805555555555483,-0.149169921875,0.66094970703125,5.75347900390625
117,0.26805555555555483,0.03765869140625,1.5205078125,5.75360107421875
116,0.26805555555555483,0.43060302734375,0.838623046875,5.7584228515625
115,0.26805555555555483,-0.21722412109375,1.04949951171875,5.76605224609375
114,0.26805555555555483,0.29144287109375,1.27069091796875,5.76678466796875
113,0.26805555555555483,0.116455078125,0.92913818359375,5.773681640625
110,0.66805555555555518,-0.00592041015625,0.5999755859375,11.52508544921875
107,0.66805555555555518,0.66143798828125,0.05279541015625,11.55316162109375
120,0.27499999999999947,-0.4063720703125,1.33648681640625,5.8433837890625
119,0.27499999999999947,0.646728515625,1.20855712890625,5.84228515625
118,0.27499999999999947,-0.154052734375,0.6387939453125,5.85382080078125
117,0.27499999999999947,0.03662109375,1.51605224609375,5.85400390625
116,0.27499999999999947,0.4376220703125,0.82012939453125,5.85894775390625
115,0.27499999999999947,-0.2235107421875,1.03533935546875,5.86669921875
114,0.27499999999999947,0.295654296875,1.26116943359375,5.867431640625
113,0.27499999999999947,0.1170654296875,0.9124755859375,5.87451171875
110,0.67499999999999982,-0.00677490234375,0.56927490234375,11.6253662109375
107,0.67343159484106518,0.6656494140625,0,11.6309814453125
120,0.28194444444444411,-0.4163818359375,1.327880859375,5.943603515625
119,0.28194444444444411,0.65802001953125,1.1973876953125,5.94244384765625
118,0.28194444444444411,-0.158935546875,0.6160888671875,5.9542236328125
117,0.28194444444444411,0.03558349609375,1.5111083984375,5.954345703125
116,0.28194444444444411,0.4447021484375,0.80108642578125,5.95941162109375
115,0.28194444444444411,-0.22979736328125,1.02069091796875,5.96728515625
114,0.28194444444444411,0.29986572265625,1.25103759765625,5.96807861328125
113,0.28194444444444411,0.11767578125,0.89532470703125,5.97528076171875
110,0.68194444444444446,-0.0076904296875,0.53814697265625,11.72564697265625
120,0.28888888888888875,-0.42633056640625,1.31884765625,6.04376220703125
119,0.28888888888888875,0.6693115234375,1.18572998046875,6.0426025390625
118,0.28888888888888875,-0.163818359375,0.59295654296875,6.0545654296875
117,0.28888888888888875,0.0345458984375,1.50567626953125,6.05474853515625
116,0.28888888888888875,0.4517822265625,0.7816162109375,6.05987548828125
115,0.28888888888888875,-0.236083984375,1.00555419921875,6.06793212890625
114,0.28888888888888875,0.3040771484375,1.240478515625,6.0687255859375
113,0.28888888888888875,0.1182861328125,0.87774658203125,6.07611083984375
110,0.68888888888888911,-0.008544921875,0.50653076171875,11.825927734375
120,0.2958333333333325,-0.43634033203125,1.30938720703125,6.1439208984375
119,0.2958333333333325,0.68060302734375,1.1737060546875,6.1427001953125
118,0.2958333333333325,-0.168701171875,0.56939697265625,6.15496826171875
117,0.2958333333333325,0.03350830078125,1.4998779296875,6.15509033203125
116,0.2958333333333325,0.4588623046875,0.76171875,6.160400390625
115,0.2958333333333325,-0.24237060546875,0.989990234375,6.1685791015625
114,0.2958333333333325,0.3082275390625,1.2294921875,6.16937255859375
113,0.2958333333333325,0.11883544921875,0.85968017578125,6.1768798828125
110,0.69583333333333286,-0.00946044921875,0.47442626953125,11.92620849609375
120,0.30277777777777715,-0.4462890625,1.29937744140625,6.24407958984375
119,0.30277777777777715,0.69189453125,1.1611328125,6.24285888671875
118,0.30277777777777715,-0.173583984375,0.5452880859375,6.25537109375
117,0.30277777777777715,0.03253173828125,1.49346923828125,6.2554931640625
116,0.30277777777777715,0.4659423828125,0.74127197265625,6.2608642578125
115,0.30277777777777715,-0.2486572265625,0.97393798828125,6.26922607421875
114,0.30277777777777715,0.31243896484375,1.21795654296875,6.27001953125
113,0.30277777777777715,0.11944580078125,0.84112548828125,6.27764892578125
110,0.7027777777777775,-0.01031494140625,0.44189453125,12.0264892578125
120,0.30972222222222179,-0.456298828125,1.2889404296875,6.34423828125
119,0.30972222222222179,0.7032470703125,1.1480712890625,6.343017578125
118,0.30972222222222179,-0.178466796875,0.520751953125,6.355712890625
117,0.30972222222222179,0.031494140625,1.4866943359375,6.35589599609375
116,0.30972222222222179,0.4730224609375,0.72039794921875,6.361328125
115,0.30972222222222179,-0.25494384765625,0.9573974609375,6.369873046875
114,0.30972222222222179,0.316650390625,1.20599365234375,6.37066650390625
113,0.30972222222222179,0.12005615234375,0.8221435546875,6.37847900390625
110,0.70972222222222214,-0.01116943359375,0.40887451171875,12.12677001953125
120,0.31666666666666643,-0.46624755859375,1.27801513671875,6.44439697265625
119,0.31666666666666643,0.71453857421875,1.13458251953125,6.44317626953125
118,0.31666666666666643,-0.183349609375,0.4957275390625,6.45611572265625
117,0.31666666666666643,0.03045654296875,1.4793701171875,6.45623779296875
116,0.31666666666666643,0.4801025390625,0.69903564453125,6.4617919921875
115,0.31666666666666643,-0.26123046875,0.94036865234375,6.47052001953125
114,0.31666666666666643,0.32086181640625,1.19354248046875,6.4713134765625
113,0.31666666666666643,0.12066650390625,0.8026123046875,6.479248046875
110,0.71666666666666679,-0.0120849609375,0.3753662109375,12.22705078125
120,0.32361111111111018,-0.47625732421875,1.26666259765625,6.5445556640625
119,0.32361111111111018,0.725830078125,1.12066650390625,6.5433349609375
118,0.32361111111111018,-0.188232421875,0.47027587890625,6.55645751953125
117,0.32361111111111018,0.0294189453125,1.4716796875,6.556640625
116,0.32361111111111018,0.4871826171875,0.67724609375,6.56231689453125
115,0.32361111111111018,-0.26751708984375,0.9229736328125,6.57110595703125
114,0.32361111111111018,0.3250732421875,1.1806640625,6.57196044921875
113,0.32361111111111018,0.12127685546875,0.78271484375,6.580078125
110,0.72361111111111054,-0.012939453125,0.34136962890625,12.32733154296875
120,0.33055555555555483,-0.4862060546875,1.2547607421875,6.64471435546875
119,0.33055555555555483,0.73712158203125,1.10614013671875,6.6434326171875
118,0.33055555555555483,-0.193115234375,0.44427490234375,6.6568603515625
117,0.33055555555555483,0.02838134765625,1.46337890625,6.65704345703125
116,0.33055555555555483,0.4942626953125,0.6549072265625,6.66278076171875
115,0.33055555555555483,-0.2738037109375,0.90496826171875,6.6717529296875
114,0.33055555555555483,0.32928466796875,1.167236328125,6.672607421875
113,0.33055555555555483,0.121826171875,0.76226806640625,6.68084716796875
110,0.73055555555555518,-0.01385498046875,0.306884765625,12.4276123046875
120,0.33749999999999947,-0.4962158203125,1.242431640625,6.74493408203125
119,0.33749999999999947,0.7484130859375,1.09124755859375,6.74359130859375
118,0.33749999999999947,-0.197998046875,0.4178466796875,6.7572021484375
117,0.33749999999999947,0.02734375,1.4547119140625,6.75738525390625
116,0.33749999999999947,0.5013427734375,0.63214111328125,6.76324462890625
115,0.33749999999999947,-0.28009033203125,0.88653564453125,6.77239990234375
114,0.33749999999999947,0.33349609375,1.15338134765625,6.77325439453125
113,0.33749999999999947,0.1224365234375,0.7413330078125,6.78167724609375
110,0.73749999999999982,-0.01470947265625,0.27197265625,12.52789306640625
120,0.34444444444444411,-0.50616455078125,1.2296142578125,6.8450927734375
119,0.34444444444444411,0.75970458984375,1.07586669921875,6.84375
118,0.34444444444444411,-0.202880859375,0.39093017578125,6.85760498046875
117,0.34444444444444411,0.0263671875,1.44549560546875,6.8577880859375
116,0.34444444444444411,0.5084228515625,0.60888671875,6.86370849609375
115,0.34444444444444411,-0.286376953125,0.86767578125,6.873046875
114,0.34444444444444411,0.33770751953125,1.1390380859375,6.87396240234375
113,0.34444444444444411,0.123046875,0.719970703125,6.8824462890625
110,0.74444444444444446,-0.015625,0.236572265625,12.628173828125
120,0.35138888888888875,-0.51617431640625,1.21636962890625,6.94525146484375
119,0.35138888888888875,0.77099609375,1.05999755859375,6.94390869140625
118,0.35138888888888875,-0.207763671875,0.36358642578125,6.9580078125
117,0.35138888888888875,0.02532958984375,1.4359130859375,6.9581298828125
116,0.35138888888888875,0.5155029296875,0.585205078125,6.9642333984375
115,0.35138888888888875,-0.29266357421875,0.84832763671875,6.97369384765625
114,0.35138888888888875,0.3419189453125,1.124267578125,6.974609375
113,0.35138888888888875,0.1236572265625,0.69818115234375,6.98321533203125
110,0.75138888888888911,-0.0164794921875,0.20068359375,12.72845458984375
120,0.3583333333333325,-0.526123046875,1.20257568359375,7.04541015625
119,0.3583333333333325,0.7823486328125,1.04364013671875,7.04400634765625
118,0.3583333333333325,-0.212646484375,0.335693359375,7.058349609375
117,0.3583333333333325,0.0242919921875,1.42572021484375,7.05853271484375
116,0.3583333333333325,0.5225830078125,0.56097412109375,7.064697265625
115,0.3583333333333325,-0.2989501953125,0.82843017578125,7.0743408203125
114,0.3583333333333325,0.34613037109375,1.10894775390625,7.07525634765625
113,0.3583333333333325,0.124267578125,0.67578125,7.08404541015625
110,0.75833333333333286,-0.017333984375,0.16436767578125,12.8287353515625
120,0.36527777777777715,-0.5361328125,1.1883544921875,7.14556884765625
119,0.36527777777777715,0.79364013671875,1.02685546875,7.1441650390625
118,0.36527777777777715,-0.217529296875,0.307373046875,7.15875244140625
117,0.36527777777777715,0.02325439453125,1.4151611328125,7.158935546875
116,0.36527777777777715,0.5296630859375,0.536376953125,7.1651611328125
115,0.36527777777777715,-0.30523681640625,0.80816650390625,7.1749267578125
114,0.36527777777777715,0.350341796875,1.09326171875,7.1759033203125
113,0.36527777777777715,0.12481689453125,0.65301513671875,7.184814453125
110,0.7652777777777775,-0.01824951171875,0.1275634765625,12.92901611328125
120,0.37222222222222179,-0.54608154296875,1.1737060546875,7.2457275390625
119,0.37222222222222179,0.804931640625,1.00958251953125,7.24432373046875
118,0.37222222222222179,-0.222412109375,0.27862548828125,7.25909423828125
117,0.37222222222222179,0.022216796875,1.40411376953125,7.25927734375
116,0.37222222222222179,0.53668212890625,0.51129150390625,7.26568603515625
115,0.37222222222222179,-0.3115234375,0.78741455078125,7.27557373046875
114,0.37222222222222179,0.35455322265625,1.07708740234375,7.27655029296875
113,0.37222222222222179,0.12542724609375,0.62982177734375,7.28564453125
110,0.77222222222222214,-0.01910400390625,0.09027099609375,13.029296875
120,0.37916666666666643,-0.55609130859375,1.15850830078125,7.34588623046875
119,0.37916666666666643,0.81622314453125,0.9918212890625,7.344482421875
118,0.37916666666666643,-0.227294921875,0.24932861328125,7.3594970703125
117,0.37916666666666643,0.02117919921875,1.392578125,7.35968017578125
116,0.37916666666666643,0.54376220703125,0.48565673828125,7.36614990234375
115,0.37916666666666643,-0.31781005859375,0.76611328125,7.376220703125
114,0.37916666666666643,0.35870361328125,1.06036376953125,7.377197265625
113,0.37916666666666643,0.12603759765625,0.60601806640625,7.38641357421875
110,0.77916666666666679,-0.02001953125,0.05255126953125,13.12957763671875
120,0.38611111111111018,-0.5660400390625,1.14288330078125,7.44610595703125
119,0.38611111111111018,0.8275146484375,0.9736328125,7.444580078125
118,0.38611111111111018,-0.232177734375,0.21966552734375,7.45989990234375
117,0.38611111111111018,0.02020263671875,1.38055419921875,7.4600830078125
116,0.38611111111111018,0.55084228515625,0.4595947265625,7.46661376953125
115,0.38611111111111018,-0.3240966796875,0.74444580078125,7.47686767578125
114,0.38611111111111018,0.3629150390625,1.043212890625,7.47784423828125
113,0.38611111111111018,0.12664794921875,0.58184814453125,7.48724365234375
110,0.78416400804345743,-0.0206298828125,0,13.20172119140625
120,0.39305555555555483,-0.5760498046875,1.12677001953125,7.5462646484375
119,0.39305555555555483,0.83880615234375,0.95489501953125,7.54473876953125
118,0.39305555555555483,-0.237060546875,0.189453125,7.56024169921875
117,0.39305555555555483,0.0191650390625,1.3680419921875,7.5604248046875
116,0.39305555555555483,0.55792236328125,0.43304443359375,7.56707763671875
115,0.39305555555555483,-0.33038330078125,0.72222900390625,7.5775146484375
114,0.39305555555555483,0.36712646484375,1.02557373046875,7.5784912109375
113,0.39305555555555483,0.12725830078125,0.55718994140625,7.5880126953125
121,0,0.08746337890625,1.25909423828125,0.88604736328125
122,0,0.08746337890625,1.25909423828125,0.88604736328125
123,0,0.08746337890625,1.25909423828125,0.88604736328125
124,0,0.08746337890625,1.25909423828125,0.88604736328125
125,0,0.08746337890625,1.25909423828125,0.88604736328125
126,0,0.08746337890625,1.25909423828125,0.88604736328125
127,0,0.08746337890625,1.25909423828125,0.88604736328125
128,0,0.08746337890625,1.25909423828125,0.88604736328125
120,0.39999999999999947,-0.58599853515625,1.11016845703125,7.64642333984375
119,0.39999999999999947,0.85009765625,0.93572998046875,7.6448974609375
118,0.39999999999999947,-0.241943359375,0.15875244140625,7.66064453125
117,0.39999999999999947,0.01812744140625,1.3551025390625,7.66082763671875
116,0.39999999999999947,0.56500244140625,0.406005859375,7.6676025390625
115,0.39999999999999947,-0.336669921875,0.69952392578125,7.67816162109375
114,0.39999999999999947,0.371337890625,1.0074462890625,7.67913818359375
113,0.39999999999999947,0.1278076171875,0.531982421875,7.68878173828125
128,0.0069444444444437536,0.08404541015625,1.2421875,1.037841796875
127,0.0069444444444437536,0.080322265625,1.2744140625,1.03790283203125
126,0.0069444444444437536,0.10302734375,1.25469970703125,1.0379638671875
125,0.0069444444444437536,0.07550048828125,1.25408935546875,1.03826904296875
124,0.0069444444444437536,0.0933837890625,1.27099609375,1.03826904296875
123,0.0069444444444437536,0.0916748046875,1.249755859375,1.0384521484375
122,0.0069444444444437536,0.08123779296875,1.26361083984375,1.03863525390625
121,0.0069444444444437536,0.0928955078125,1.26080322265625,1.0386962890625
120,0.40694444444444411,-0.595947265625,1.09307861328125,7.74658203125
119,0.40694444444444411,0.8614501953125,0.91607666015625,7.74505615234375
118,0.40694444444444411,-0.246826171875,0.1275634765625,7.760986328125
117,0.40694444444444411,0.01708984375,1.34161376953125,7.76123046875
116,0.40694444444444411,0.57208251953125,0.37847900390625,7.76806640625
115,0.40694444444444411,-0.34295654296875,0.6763916015625,7.77874755859375
114,0.40694444444444411,0.37554931640625,0.98883056640625,7.77978515625
113,0.40694444444444411,0.12841796875,0.50634765625,7.78961181640625
128,0.013888888888888395,0.08062744140625,1.2252197265625,1.18963623046875
127,0.013888888888888395,0.0731201171875,1.28973388671875,1.189697265625
126,0.013888888888888395,0.1185302734375,1.250244140625,1.18988037109375
125,0.013888888888888395,0.0635986328125,1.2490234375,1.19049072265625
124,0.013888888888888395,0.0992431640625,1.28289794921875,1.1904296875
123,0.013888888888888395,0.095947265625,1.24041748046875,1.19091796875
122,0.013888888888888395,0.0750732421875,1.26812744140625,1.19122314453125
121,0.013888888888888395,0.098388671875,1.262451171875,1.19140625
120,0.41388888888888875,-0.60595703125,1.0755615234375,7.84674072265625
119,0.41388888888888875,0.87274169921875,0.89593505859375,7.84521484375
118,0.41388888888888875,-0.251708984375,0.095947265625,7.86138916015625
117,0.41388888888888875,0.01605224609375,1.3277587890625,7.861572265625
116,0.41388888888888875,0.57916259765625,0.35052490234375,7.8685302734375
115,0.41388888888888875,-0.34918212890625,0.65277099609375,7.87939453125
114,0.41388888888888875,0.3797607421875,0.96978759765625,7.88043212890625
113,0.41388888888888875,0.1290283203125,0.48028564453125,7.890380859375
128,0.020833333333332149,0.07720947265625,1.20831298828125,1.3414306640625
127,0.020833333333332149,0.06597900390625,1.30511474609375,1.341552734375
126,0.020833333333332149,0.13409423828125,1.245849609375,1.341796875
125,0.020833333333332149,0.0516357421875,1.2440185546875,1.34271240234375
124,0.020833333333332149,0.10516357421875,1.2947998046875,1.3426513671875
123,0.020833333333332149,0.10015869140625,1.2310791015625,1.34332275390625
122,0.020833333333332149,0.06884765625,1.2725830078125,1.34381103515625
121,0.020833333333332149,0.10382080078125,1.26416015625,1.34405517578125
120,0.4208333333333325,-0.61590576171875,1.05755615234375,7.9468994140625
119,0.4208333333333325,0.884033203125,0.8753662109375,7.9453125
118,0.4208333333333325,-0.25653076171875,0.0638427734375,7.9617919921875
117,0.4208333333333325,0.0150146484375,1.3133544921875,7.96197509765625
116,0.4208333333333325,0.58624267578125,0.32208251953125,7.96905517578125
115,0.4208333333333325,-0.35546875,0.628662109375,7.98004150390625
114,0.4208333333333325,0.38397216796875,0.95025634765625,7.9810791015625
113,0.4208333333333325,0.129638671875,0.45367431640625,7.9912109375
128,0.027777777777776791,0.07379150390625,1.19140625,1.49322509765625
127,0.027777777777776791,0.058837890625,1.3204345703125,1.493408203125
126,0.027777777777776791,0.14959716796875,1.241455078125,1.49371337890625
125,0.027777777777776791,0.03973388671875,1.23895263671875,1.49493408203125
124,0.027777777777776791,0.111083984375,1.306640625,1.494873046875
123,0.027777777777776791,0.10443115234375,1.2218017578125,1.49578857421875
122,0.027777777777776791,0.06268310546875,1.277099609375,1.49639892578125
121,0.027777777777776791,0.10931396484375,1.265869140625,1.4967041015625
120,0.42777777777777715,-0.62591552734375,1.03912353515625,8.04705810546875
119,0.42777777777777715,0.89532470703125,0.85430908203125,8.04547119140625
118,0.42777777777777715,-0.26141357421875,0.03125,8.0621337890625
117,0.42777777777777715,0.0140380859375,1.29852294921875,8.06231689453125
116,0.42777777777777715,0.59332275390625,0.29315185546875,8.06951904296875
115,0.42777777777777715,-0.36175537109375,0.6041259765625,8.0806884765625
114,0.42777777777777715,0.38818359375,0.93023681640625,8.081787109375
113,0.42777777777777715,0.1302490234375,0.4266357421875,8.09197998046875
128,0.034722222222221433,0.07037353515625,1.1744384765625,1.64501953125
127,0.034722222222221433,0.0516357421875,1.33575439453125,1.645263671875
126,0.034722222222221433,0.1651611328125,1.23699951171875,1.6456298828125
125,0.034722222222221433,0.02777099609375,1.23394775390625,1.64715576171875
124,0.034722222222221433,0.11700439453125,1.31854248046875,1.64703369140625
123,0.034722222222221433,0.108642578125,1.21246337890625,1.648193359375
122,0.034722222222221433,0.05645751953125,1.2816162109375,1.64898681640625
121,0.034722222222221433,0.11474609375,1.26751708984375,1.6494140625
120,0.43472222222222179,-0.6358642578125,1.02020263671875,8.14727783203125
119,0.43472222222222179,0.9066162109375,0.832763671875,8.1456298828125
118,0.42908964858339244,-0.2623291015625,0,8.08111572265625
117,0.43472222222222179,0.01300048828125,1.283203125,8.1627197265625
116,0.43472222222222179,0.60040283203125,0.2637939453125,8.16998291015625
115,0.43472222222222179,-0.3680419921875,0.5791015625,8.18133544921875
114,0.43472222222222179,0.39239501953125,0.9097900390625,8.18243408203125
113,0.43472222222222179,0.13079833984375,0.399169921875,8.19281005859375
128,0.041666666666666075,0.06695556640625,1.15753173828125,1.79681396484375
127,0.041666666666666075,0.04449462890625,1.35107421875,1.79705810546875
126,0.041666666666666075,0.18072509765625,1.23260498046875,1.79754638671875
125,0.041666666666666075,0.015869140625,1.2288818359375,1.7994384765625
124,0.041666666666666075,0.12286376953125,1.3304443359375,1.79925537109375
123,0.041666666666666075,0.1129150390625,1.203125,1.8006591796875
122,0.041666666666666075,0.05023193359375,1.2861328125,1.80157470703125
121,0.041666666666666075,0.12017822265625,1.26922607421875,1.80206298828125
120,0.44166666666666643,-0.6458740234375,1.000732421875,8.2474365234375
119,0.44166666666666643,0.91790771484375,0.81072998046875,8.24578857421875
117,0.44166666666666643,0.011962890625,1.26739501953125,8.26312255859375
116,0.44166666666666643,0.60748291015625,0.23388671875,8.27044677734375
115,0.44166666666666643,-0.37432861328125,0.55352783203125,8.281982421875
114,0.44166666666666643,0.3966064453125,0.8887939453125,8.2830810546875
113,0.44166666666666643,0.13140869140625,0.37109375,8.2935791015625
128,0.048611111111109828,0.06353759765625,1.14056396484375,1.9486083984375
127,0.048611111111109828,0.037353515625,1.36639404296875,1.94891357421875
126,0.048611111111109828,0.19622802734375,1.2281494140625,1.94952392578125
125,0.048611111111109828,0.00390625,1.223876953125,1.95166015625
124,0.048611111111109828,0.1287841796875,1.34234619140625,1.951416015625
123,0.048611111111109828,0.11712646484375,1.19378662109375,1.95306396484375
122,0.048611111111109828,0.0440673828125,1.2906494140625,1.95416259765625
121,0.048611111111109828,0.12567138671875,1.27093505859375,1.95477294921875
120,0.44861111111111018,-0.65582275390625,0.9808349609375,8.34759521484375
119,0.44861111111111018,0.92919921875,0.78826904296875,8.34588623046875
117,0.44861111111111018,0.01092529296875,1.2510986328125,8.36346435546875
116,0.44861111111111018,0.61456298828125,0.20355224609375,8.3709716796875
115,0.44861111111111018,-0.380615234375,0.527587890625,8.382568359375
114,0.44861111111111018,0.40081787109375,0.86737060546875,8.38372802734375
113,0.44861111111111018,0.13201904296875,0.3426513671875,8.39434814453125
128,0.05555555555555447,0.06011962890625,1.1236572265625,2.1004638671875
127,0.05555555555555447,0.0301513671875,1.38177490234375,2.10076904296875
126,0.05555555555555447,0.2117919921875,1.2237548828125,2.1014404296875
125,0.05555555555555447,-0.008056640625,1.21881103515625,2.1038818359375
124,0.05555555555555447,0.13470458984375,1.354248046875,2.1036376953125
123,0.05555555555555447,0.12139892578125,1.1844482421875,2.10552978515625
122,0.05555555555555447,0.037841796875,1.29510498046875,2.10675048828125
121,0.05555555555555447,0.131103515625,1.2725830078125,2.107421875
120,0.45555555555555483,-0.66583251953125,0.96051025390625,8.44775390625
119,0.45555555555555483,0.9405517578125,0.76531982421875,8.446044921875
117,0.45555555555555483,0.0098876953125,1.23443603515625,8.4638671875
116,0.45555555555555483,0.62164306640625,0.17279052734375,8.471435546875
115,0.45555555555555483,-0.38690185546875,0.50115966796875,8.48321533203125
114,0.45555555555555483,0.405029296875,0.84552001953125,8.484375
113,0.45555555555555483,0.13262939453125,0.31378173828125,8.49517822265625
128,0.062499999999999112,0.05670166015625,1.10675048828125,2.25225830078125
127,0.062499999999999112,0.02301025390625,1.3970947265625,2.2525634765625
126,0.062499999999999112,0.22735595703125,1.2193603515625,2.25335693359375
125,0.062499999999999112,-0.01995849609375,1.21380615234375,2.256103515625
124,0.062499999999999112,0.14056396484375,1.36614990234375,2.255859375
123,0.062499999999999112,0.1256103515625,1.17510986328125,2.2579345703125
122,0.062499999999999112,0.03167724609375,1.29962158203125,2.25933837890625
121,0.062499999999999112,0.1365966796875,1.2742919921875,2.26007080078125
120,0.46249999999999947,-0.67578125,0.93963623046875,8.54791259765625
119,0.46249999999999947,0.95184326171875,0.74188232421875,8.54620361328125
117,0.46249999999999947,0.00885009765625,1.2171630859375,8.56427001953125
116,0.46249999999999947,0.62872314453125,0.1414794921875,8.5718994140625
115,0.46249999999999947,-0.3931884765625,0.47418212890625,8.5838623046875
114,0.46249999999999947,0.4091796875,0.82318115234375,8.58502197265625
113,0.46249999999999947,0.1331787109375,0.2843017578125,8.595947265625
128,0.069444444444443754,0.05328369140625,1.08978271484375,2.40380859375
127,0.069444444444443754,0.015869140625,1.412353515625,2.40423583984375
126,0.069444444444443754,0.24285888671875,1.21484375,2.405029296875
125,0.069444444444443754,-0.0318603515625,1.208740234375,2.4080810546875
124,0.069444444444443754,0.146484375,1.3779296875,2.4078369140625
123,0.069444444444443754,0.1298828125,1.165771484375,2.41015625
122,0.069444444444443754,0.02545166015625,1.3040771484375,2.41168212890625
121,0.069444444444443754,0.14202880859375,1.27593994140625,2.41253662109375
120,0.46944444444444411,-0.685791015625,0.9183349609375,8.6480712890625
119,0.46944444444444411,0.963134765625,0.718017578125,8.6463623046875
117,0.46944444444444411,0.00787353515625,1.19952392578125,8.66461181640625
116,0.46944444444444411,0.6357421875,0.10980224609375,8.67236328125
115,0.46944444444444411,-0.39947509765625,0.44683837890625,8.68450927734375
114,0.46944444444444411,0.41339111328125,0.80035400390625,8.6856689453125
113,0.46944444444444411,0.1337890625,0.25445556640625,8.69677734375
128,0.0763888888888884,0.0499267578125,1.07269287109375,2.55322265625
127,0.0763888888888884,0.0087890625,1.427001953125,2.55364990234375
126,0.0763888888888884,0.25811767578125,1.2100830078125,2.5545654296875
125,0.0763888888888884,-0.04364013671875,1.20330810546875,2.55792236328125
124,0.0763888888888884,0.15228271484375,1.38922119140625,2.5576171875
123,0.0763888888888884,0.134033203125,1.1561279296875,2.5601806640625
122,0.0763888888888884,0.01934814453125,1.30810546875,2.56182861328125
121,0.0763888888888884,0.14739990234375,1.27716064453125,2.56280517578125
120,0.47638888888888875,-0.69573974609375,0.89654541015625,8.74822998046875
119,0.47638888888888875,0.97442626953125,0.693603515625,8.7464599609375
117,0.47638888888888875,0.0068359375,1.18133544921875,8.7650146484375
116,0.47638888888888875,0.642822265625,0.07757568359375,8.77288818359375
115,0.47638888888888875,-0.40576171875,0.4189453125,8.78515625
114,0.47638888888888875,0.4176025390625,0.77703857421875,8.78631591796875
113,0.47638888888888875,0.1343994140625,0.22412109375,8.79754638671875
128,0.083333333333332149,0.046630859375,1.05548095703125,2.69989013671875
127,0.083333333333332149,0.00189208984375,1.44097900390625,2.70037841796875
126,0.083333333333332149,0.27313232421875,1.2049560546875,2.70135498046875
125,0.083333333333332149,-0.05517578125,1.1976318359375,2.70501708984375
124,0.083333333333332149,0.15802001953125,1.39990234375,2.70465087890625
123,0.083333333333332149,0.13812255859375,1.14630126953125,2.70745849609375
122,0.083333333333332149,0.01336669921875,1.31158447265625,2.70928955078125
121,0.083333333333332149,0.15264892578125,1.2779541015625,2.7103271484375
120,0.4833333333333325,-0.70574951171875,0.874267578125,8.84844970703125
119,0.4833333333333325,0.9857177734375,0.66876220703125,8.84661865234375
117,0.4833333333333325,0.00579833984375,1.1627197265625,8.86541748046875
116,0.4833333333333325,0.64990234375,0.04486083984375,8.87335205078125
115,0.4833333333333325,-0.41204833984375,0.39056396484375,8.88580322265625
114,0.4833333333333325,0.42181396484375,0.75323486328125,8.886962890625
113,0.4833333333333325,0.135009765625,0.1932373046875,8.89837646484375
128,0.090277777777776791,0.04339599609375,1.03802490234375,2.8438720703125
127,0.090277777777776791,-0.00494384765625,1.4541015625,2.84442138671875
126,0.090277777777776791,0.28790283203125,1.19940185546875,2.845458984375
125,0.090277777777776791,-0.06646728515625,1.19146728515625,2.84942626953125
124,0.090277777777776791,0.16357421875,1.40972900390625,2.84906005859375
123,0.090277777777776791,0.14215087890625,1.13604736328125,2.85211181640625
122,0.090277777777776791,0.00750732421875,1.314453125,2.85406494140625
121,0.090277777777776791,0.1578369140625,1.27813720703125,2.85516357421875
120,0.49027777777777715,-0.7156982421875,0.8515625,8.9486083984375
119,0.49027777777777715,0.99700927734375,0.64349365234375,8.94677734375
117,0.49027777777777715,0.0047607421875,1.14361572265625,8.96575927734375
116,0.48749232628145611,0.65411376953125,0,8.93353271484375
115,0.49027777777777715,-0.4183349609375,0.36181640625,8.98638916015625
114,0.49027777777777715,0.426025390625,0.72900390625,8.98760986328125
113,0.49027777777777715,0.1356201171875,0.1619873046875,8.9991455078125
128,0.097222222222221433,0.0401611328125,1.0203857421875,2.9852294921875
127,0.097222222222221433,-0.0115966796875,1.466552734375,2.9857177734375
126,0.097222222222221433,0.3023681640625,1.19342041015625,2.98687744140625
125,0.097222222222221433,-0.07757568359375,1.1849365234375,2.99114990234375
124,0.097222222222221433,0.1690673828125,1.41900634765625,2.99072265625
123,0.097222222222221433,0.1461181640625,1.12548828125,2.9940185546875
122,0.097222222222221433,0.001708984375,1.31683349609375,2.99609375
121,0.097222222222221433,0.16290283203125,1.27789306640625,2.99725341796875
120,0.49722222222222179,-0.7257080078125,0.828369140625,9.04876708984375
119,0.49722222222222179,1.00830078125,0.61767578125,9.04693603515625
117,0.49722222222222179,0.00372314453125,1.12408447265625,9.066162109375
115,0.49722222222222179,-0.42462158203125,0.33251953125,9.0870361328125
114,0.49722222222222179,0.43023681640625,0.70428466796875,9.0882568359375
113,0.49722222222222179,0.13616943359375,0.1302490234375,9.09991455078125
128,0.10416666666666607,0.03704833984375,1.00262451171875,3.12384033203125
127,0.10416666666666607,-0.01812744140625,1.47821044921875,3.1243896484375
126,0.10416666666666607,0.3165283203125,1.18707275390625,3.1256103515625
125,0.10416666666666607,-0.0885009765625,1.17803955078125,3.13018798828125
124,0.10416666666666607,0.17449951171875,1.42755126953125,3.1297607421875
123,0.10416666666666607,0.14996337890625,1.11468505859375,3.1331787109375
122,0.10416666666666607,-0.00396728515625,1.318603515625,3.13543701171875
121,0.10416666666666607,0.16790771484375,1.277099609375,3.13671875
120,0.50416666666666643,-0.73565673828125,0.8046875,9.14892578125
119,0.50416666666666643,1.0196533203125,0.5914306640625,9.1470947265625
117,0.50416666666666643,0.002685546875,1.10400390625,9.16650390625
115,0.50416666666666643,-0.430908203125,0.302734375,9.18768310546875
114,0.50416666666666643,0.4344482421875,0.6790771484375,9.18890380859375
113,0.50416666666666643,0.13677978515625,0.09796142578125,9.20074462890625
128,0.11111111111110983,0.03399658203125,0.98468017578125,3.259765625
127,0.11111111111110983,-0.0245361328125,1.4891357421875,3.2603759765625
126,0.11111111111110983,0.3304443359375,1.1802978515625,3.26171875
125,0.11111111111110983,-0.09918212890625,1.17071533203125,3.2664794921875
124,0.11111111111110983,0.17974853515625,1.43536376953125,3.26605224609375
123,0.11111111111110983,0.15374755859375,1.103515625,3.26971435546875
122,0.11111111111110983,-0.009521484375,1.31982421875,3.2720947265625
121,0.11111111111110983,0.17279052734375,1.27581787109375,3.2734375
120,0.51111111111111018,-0.74566650390625,0.780517578125,9.24908447265625
119,0.51111111111111018,1.03094482421875,0.564697265625,9.2471923828125
117,0.51111111111111018,0.001708984375,1.08343505859375,9.26690673828125
115,0.51111111111111018,-0.43719482421875,0.2724609375,9.288330078125
114,0.51111111111111018,0.43865966796875,0.65338134765625,9.28961181640625
113,0.51111111111111018,0.13739013671875,0.06524658203125,9.301513671875
128,0.11805555555555447,0.031005859375,0.966552734375,3.39300537109375
127,0.11805555555555447,-0.03082275390625,1.4993896484375,3.3936767578125
126,0.11805555555555447,0.3441162109375,1.1732177734375,3.39501953125
125,0.11805555555555447,-0.10968017578125,1.16302490234375,3.40008544921875
124,0.11805555555555447,0.1849365234375,1.44256591796875,3.399658203125
123,0.11805555555555447,0.157470703125,1.09210205078125,3.40350341796875
122,0.11805555555555447,-0.01495361328125,1.320556640625,3.406005859375
121,0.11805555555555447,0.1776123046875,1.2740478515625,3.40740966796875
120,0.51805555555555483,-0.755615234375,0.755859375,9.3492431640625
119,0.51805555555555483,1.042236328125,0.53741455078125,9.34735107421875
117,0.51805555555555483,0.00067138671875,1.06243896484375,9.3673095703125
115,0.51805555555555483,-0.4434814453125,0.24176025390625,9.38897705078125
114,0.51805555555555483,0.44287109375,0.627197265625,9.3902587890625
113,0.51805555555555483,0.13800048828125,0.03204345703125,9.40234375
128,0.12499999999999911,0.028076171875,0.94830322265625,3.5235595703125
127,0.12499999999999911,-0.0369873046875,1.50885009765625,3.5242919921875
126,0.12499999999999911,0.35748291015625,1.16571044921875,3.52569580078125
125,0.12499999999999911,-0.11993408203125,1.15496826171875,3.53106689453125
124,0.12499999999999911,0.19000244140625,1.4490966796875,3.53057861328125
123,0.12499999999999911,0.1611328125,1.080322265625,3.53460693359375
122,0.12499999999999911,-0.020263671875,1.3206787109375,3.5372314453125
121,0.12499999999999911,0.18231201171875,1.27178955078125,3.53875732421875
120,0.52499999999999947,-0.765625,0.73077392578125,9.44940185546875
119,0.52499999999999947,1.05352783203125,0.509765625,9.447509765625
117,0.52499999999999947,-0.0003662109375,1.04095458984375,9.4676513671875
115,0.52499999999999947,-0.44976806640625,0.2105712890625,9.4896240234375
114,0.52499999999999947,0.44708251953125,0.6005859375,9.49090576171875
113,0.51950483071462572,0.13812255859375,0,9.42340087890625
128,0.13194444444444375,0.02520751953125,0.9298095703125,3.65142822265625
127,0.13194444444444375,-0.04302978515625,1.51751708984375,3.65216064453125
126,0.13194444444444375,0.37054443359375,1.15777587890625,3.6536865234375
125,0.13194444444444375,-0.1300048828125,1.14654541015625,3.6593017578125
124,0.13194444444444375,0.19500732421875,1.45489501953125,3.65875244140625
123,0.13194444444444375,0.16473388671875,1.06829833984375,3.66302490234375
122,0.13194444444444375,-0.0255126953125,1.3203125,3.665771484375
121,0.13194444444444375,0.1868896484375,1.26898193359375,3.6673583984375
120,0.53194444444444411,-0.77557373046875,0.7052001953125,9.549560546875
119,0.53194444444444411,1.0648193359375,0.48162841796875,9.54766845703125
117,0.53194444444444411,-0.00140380859375,1.01904296875,9.56805419921875
115,0.53194444444444411,-0.4560546875,0.17889404296875,9.59027099609375
114,0.53194444444444411,0.4512939453125,0.573486328125,9.591552734375
128,0.1388888888888884,0.0223388671875,0.9111328125,3.77667236328125
127,0.1388888888888884,-0.0489501953125,1.52545166015625,3.77740478515625
126,0.1388888888888884,0.38336181640625,1.1494140625,3.77899169921875
125,0.1388888888888884,-0.13983154296875,1.1376953125,3.7847900390625
124,0.1388888888888884,0.19989013671875,1.46002197265625,3.7843017578125
123,0.1388888888888884,0.168212890625,1.055908203125,3.78875732421875
122,0.1388888888888884,-0.0306396484375,1.31927490234375,3.7916259765625
121,0.1388888888888884,0.19140625,1.26568603515625,3.79327392578125
120,0.53888888888888875,-0.78558349609375,0.67919921875,9.6497802734375
119,0.53888888888888875,1.07611083984375,0.4530029296875,9.64776611328125
117,0.53888888888888875,-0.00244140625,0.99664306640625,9.66845703125
115,0.53888888888888875,-0.46234130859375,0.1468505859375,9.69085693359375
114,0.53888888888888875,0.45550537109375,0.54595947265625,9.69219970703125
128,0.14583333333333215,0.01959228515625,0.892333984375,3.899169921875
127,0.14583333333333215,-0.0546875,1.53271484375,3.89990234375
126,0.14583333333333215,0.39593505859375,1.1407470703125,3.90155029296875
125,0.14583333333333215,-0.14947509765625,1.12847900390625,3.90765380859375
124,0.14583333333333215,0.20465087890625,1.4644775390625,3.9071044921875
123,0.14583333333333215,0.171630859375,1.043212890625,3.9117431640625
122,0.14583333333333215,-0.03564453125,1.31781005859375,3.91473388671875
121,0.14583333333333215,0.19580078125,1.26190185546875,3.91644287109375
120,0.5458333333333325,-0.7955322265625,0.65264892578125,9.74993896484375
119,0.5458333333333325,1.08740234375,0.42388916015625,9.7479248046875
117,0.5458333333333325,-0.00347900390625,0.9737548828125,9.768798828125
115,0.5458333333333325,-0.4686279296875,0.11419677734375,9.79150390625
114,0.5458333333333325,0.45965576171875,0.51788330078125,9.7928466796875
128,0.15277777777777679,0.01690673828125,0.87335205078125,4.01898193359375
127,0.15277777777777679,-0.06036376953125,1.5391845703125,4.019775390625
126,0.15277777777777679,0.408203125,1.131591796875,4.021484375
125,0.15277777777777679,-0.15887451171875,1.118896484375,4.02783203125
124,0.15277777777777679,0.20928955078125,1.46826171875,4.0272216796875
123,0.15277777777777679,0.17498779296875,1.0302734375,4.03204345703125
122,0.15277777777777679,-0.04052734375,1.31573486328125,4.03521728515625
121,0.15277777777777679,0.2000732421875,1.25762939453125,4.0369873046875
120,0.55277777777777715,-0.8055419921875,0.62567138671875,9.85009765625
119,0.55277777777777715,1.0987548828125,0.39434814453125,9.84808349609375
117,0.55277777777777715,-0.00445556640625,0.95037841796875,9.86920166015625
115,0.55277777777777715,-0.47491455078125,0.08111572265625,9.89215087890625
114,0.55277777777777715,0.4638671875,0.48944091796875,9.89349365234375
128,0.15972222222222143,0.0142822265625,0.85418701171875,4.13604736328125
127,0.15972222222222143,-0.06585693359375,1.544921875,4.13690185546875
126,0.15972222222222143,0.420166015625,1.12213134765625,4.138671875
125,0.15972222222222143,-0.1680908203125,1.10894775390625,4.145263671875
124,0.15972222222222143,0.2138671875,1.4713134765625,4.1446533203125
123,0.15972222222222143,0.17822265625,1.0169677734375,4.149658203125
122,0.15972222222222143,-0.0452880859375,1.3131103515625,4.15289306640625
121,0.15972222222222143,0.20428466796875,1.25286865234375,4.15472412109375
120,0.55972222222222179,-0.81549072265625,0.59820556640625,9.95025634765625
119,0.55972222222222179,1.11004638671875,0.3642578125,9.9482421875
117,0.55972222222222179,-0.0054931640625,0.92657470703125,9.9696044921875
115,0.55972222222222179,-0.481201171875,0.047607421875,9.9927978515625
114,0.55972222222222179,0.46807861328125,0.46044921875,9.994140625
128,0.16666666666666607,0.01171875,0.8348388671875,4.25048828125
127,0.16666666666666607,-0.0712890625,1.54986572265625,4.25140380859375
126,0.16666666666666607,0.431884765625,1.1121826171875,4.25323486328125
125,0.16666666666666607,-0.17706298828125,1.09857177734375,4.260009765625
124,0.16666666666666607,0.21832275390625,1.47369384765625,4.2593994140625
123,0.16666666666666607,0.18145751953125,1.00335693359375,4.26458740234375
122,0.16666666666666607,-0.04998779296875,1.3099365234375,4.2679443359375
121,0.16666666666666607,0.20843505859375,1.24749755859375,4.26983642578125
120,0.56666666666666643,-0.82550048828125,0.5703125,10.0504150390625
119,0.56666666666666643,1.121337890625,0.33380126953125,10.04833984375
117,0.56666666666666643,-0.00653076171875,0.90228271484375,10.0699462890625
115,0.564337721542065,-0.4853515625,0,10.0596923828125
114,0.56666666666666643,0.4722900390625,0.4310302734375,10.09478759765625
128,0.17361111111110983,0.0091552734375,0.81536865234375,4.36224365234375
127,0.17361111111110983,-0.0765380859375,1.55413818359375,4.3631591796875
126,0.17361111111110983,0.443359375,1.1019287109375,4.36505126953125
125,0.17361111111110983,-0.18585205078125,1.08782958984375,4.3720703125
124,0.17361111111110983,0.22265625,1.4754638671875,4.3714599609375
123,0.17361111111110983,0.1845703125,0.98944091796875,4.3768310546875
122,0.17361111111110983,-0.0545654296875,1.30621337890625,4.3802490234375
121,0.17361111111110983,0.21240234375,1.24176025390625,4.38226318359375
120,0.57361111111111018,-0.83544921875,0.5418701171875,10.15057373046875
119,0.57361111111111018,1.13262939453125,0.30279541015625,10.14849853515625
117,0.57361111111111018,-0.007568359375,0.87750244140625,10.17034912109375
114,0.57361111111111018,0.47650146484375,0.40106201171875,10.1954345703125
128,0.18055555555555447,0.0067138671875,0.79571533203125,4.4713134765625
127,0.18055555555555447,-0.08172607421875,1.55767822265625,4.47222900390625
126,0.18055555555555447,0.45452880859375,1.09124755859375,4.47418212890625
125,0.18055555555555447,-0.1944580078125,1.07672119140625,4.4814453125
124,0.18055555555555447,0.22686767578125,1.47650146484375,4.48077392578125
123,0.18055555555555447,0.1876220703125,0.9752197265625,4.486328125
122,0.18055555555555447,-0.05902099609375,1.30194091796875,4.4898681640625
121,0.18055555555555447,0.21636962890625,1.2354736328125,4.491943359375
120,0.58055555555555483,-0.845458984375,0.51300048828125,10.250732421875
119,0.58055555555555483,1.1439208984375,0.27130126953125,10.2486572265625
117,0.58055555555555483,-0.00860595703125,0.85223388671875,10.27069091796875
114,0.58055555555555483,0.480712890625,0.37066650390625,10.29608154296875
128,0.18749999999999911,0.00433349609375,0.77587890625,4.57769775390625
127,0.18749999999999911,-0.08673095703125,1.5604248046875,4.57861328125
126,0.18749999999999911,0.46539306640625,1.08013916015625,4.5806884765625
125,0.18749999999999911,-0.20281982421875,1.065185546875,4.588134765625
124,0.18749999999999911,0.23101806640625,1.476806640625,4.58746337890625
123,0.18749999999999911,0.19061279296875,0.960693359375,4.5931396484375
122,0.18749999999999911,-0.0633544921875,1.297119140625,4.5968017578125
121,0.18749999999999911,0.22015380859375,1.2286376953125,4.598876953125
120,0.58749999999999947,-0.85540771484375,0.483642578125,10.3509521484375
119,0.58749999999999947,1.15521240234375,0.2393798828125,10.34881591796875
117,0.58749999999999947,-0.0096435546875,0.8265380859375,10.37109375
114,0.58749999999999947,0.48492431640625,0.33978271484375,10.396728515625
128,0.19444444444444375,0.00201416015625,0.75579833984375,4.68133544921875
127,0.19444444444444375,-0.09161376953125,1.5623779296875,4.682373046875
126,0.19444444444444375,0.47601318359375,1.06866455078125,4.6844482421875
125,0.19444444444444375,-0.21099853515625,1.05328369140625,4.69207763671875
124,0.19444444444444375,0.23504638671875,1.4764404296875,4.69140625
123,0.19444444444444375,0.1934814453125,0.94586181640625,4.697265625
122,0.19444444444444375,-0.06756591796875,1.29168701171875,4.7010498046875
121,0.19444444444444375,0.223876953125,1.2213134765625,4.70318603515625
120,0.59444444444444411,-0.86541748046875,0.453857421875,10.45111083984375
119,0.59444444444444411,1.16650390625,0.20703125,10.448974609375
117,0.59444444444444411,-0.0106201171875,0.80035400390625,10.47149658203125
114,0.59444444444444411,0.4891357421875,0.3084716796875,10.4974365234375
128,0.2013888888888884,-0.00030517578125,0.735595703125,4.78240966796875
127,0.2013888888888884,-0.09637451171875,1.563720703125,4.783447265625
126,0.2013888888888884,0.486328125,1.0567626953125,4.78558349609375
125,0.2013888888888884,-0.21893310546875,1.041015625,4.79345703125
124,0.2013888888888884,0.239013671875,1.4754638671875,4.792724609375
123,0.2013888888888884,0.1962890625,0.93072509765625,4.7987060546875
122,0.2013888888888884,-0.07171630859375,1.2857666015625,4.8026123046875
121,0.2013888888888884,0.2275390625,1.2135009765625,4.8048095703125
120,0.60138888888888875,-0.8753662109375,0.42352294921875,10.55126953125
119,0.60138888888888875,1.1778564453125,0.174072265625,10.549072265625
117,0.60138888888888875,-0.01165771484375,0.773681640625,10.57183837890625
114,0.60138888888888875,0.49334716796875,0.276611328125,10.59808349609375
128,0.20833333333333215,-0.0025634765625,0.71502685546875,4.882568359375
127,0.20833333333333215,-0.10113525390625,1.56439208984375,4.88360595703125
126,0.20833333333333215,0.49664306640625,1.04449462890625,4.88580322265625
125,0.20833333333333215,-0.226806640625,1.02825927734375,4.8939208984375
124,0.20833333333333215,0.24285888671875,1.47393798828125,4.8931884765625
123,0.20833333333333215,0.1990966796875,0.9151611328125,4.89935302734375
122,0.20833333333333215,-0.0758056640625,1.27935791015625,4.9033203125
121,0.20833333333333215,0.23114013671875,1.20526123046875,4.90557861328125
120,0.6083333333333325,-0.8853759765625,0.39276123046875,10.65142822265625
119,0.6083333333333325,1.18914794921875,0.1407470703125,10.64923095703125
117,0.6083333333333325,-0.0126953125,0.74652099609375,10.6722412109375
114,0.6083333333333325,0.49755859375,0.24432373046875,10.69873046875
128,0.21527777777777679,-0.00482177734375,0.6939697265625,4.9827880859375
127,0.21527777777777679,-0.1058349609375,1.56463623046875,4.98382568359375
126,0.21527777777777679,0.50689697265625,1.03167724609375,4.986083984375
125,0.21527777777777679,-0.23468017578125,1.01507568359375,4.994384765625
124,0.21527777777777679,0.24676513671875,1.47186279296875,4.99359130859375
123,0.21527777777777679,0.201904296875,0.89910888671875,4.99993896484375
122,0.21527777777777679,-0.07989501953125,1.2724609375,5.0040283203125
121,0.21527777777777679,0.2347412109375,1.19647216796875,5.00634765625
120,0.61527777777777715,-0.89532470703125,0.36151123046875,10.7515869140625
119,0.61527777777777715,1.200439453125,0.10693359375,10.7493896484375
117,0.61527777777777715,-0.01373291015625,0.71893310546875,10.77264404296875
114,0.61527777777777715,0.50177001953125,0.2115478515625,10.79937744140625
128,0.22222222222222143,-0.007080078125,0.67242431640625,5.08294677734375
127,0.22222222222222143,-0.11053466796875,1.56439208984375,5.08404541015625
126,0.22222222222222143,0.51715087890625,1.01837158203125,5.08636474609375
125,0.22222222222222143,-0.2425537109375,1.0013427734375,5.0948486328125
124,0.22222222222222143,0.25067138671875,1.4693603515625,5.09405517578125
123,0.22222222222222143,0.2047119140625,0.882568359375,5.10052490234375
122,0.22222222222222143,-0.083984375,1.26507568359375,5.104736328125
121,0.22222222222222143,0.23834228515625,1.18719482421875,5.10711669921875
120,0.62222222222222179,-0.90533447265625,0.329833984375,10.85174560546875
119,0.62222222222222179,1.21173095703125,0.0726318359375,10.84954833984375
117,0.62222222222222179,-0.0147705078125,0.69085693359375,10.87298583984375
114,0.62222222222222179,0.5059814453125,0.1783447265625,10.9000244140625
128,0.22916666666666607,-0.00933837890625,0.65045166015625,5.18316650390625
127,0.22916666666666607,-0.11529541015625,1.563720703125,5.18426513671875
126,0.22916666666666607,0.52740478515625,1.004638671875,5.1866455078125
125,0.22916666666666607,-0.25042724609375,0.98724365234375,5.1953125
124,0.22916666666666607,0.25457763671875,1.4664306640625,5.19451904296875
123,0.22916666666666607,0.20751953125,0.8656005859375,5.201171875
122,0.22916666666666607,-0.08807373046875,1.2572021484375,5.2054443359375
121,0.22916666666666607,0.241943359375,1.17755126953125,5.2078857421875
120,0.62916666666666643,-0.915283203125,0.297607421875,10.951904296875
119,0.62916666666666643,1.2230224609375,0.037841796875,10.94964599609375
117,0.62916666666666643,-0.01580810546875,0.66229248046875,10.973388671875
114,0.62916666666666643,0.5101318359375,0.14459228515625,11.00067138671875
128,0.23611111111110983,-0.0115966796875,0.62799072265625,5.2833251953125
127,0.23611111111110983,-0.1199951171875,1.56256103515625,5.28448486328125
126,0.23611111111110983,0.53765869140625,0.990478515625,5.28692626953125
125,0.23611111111110983,-0.25830078125,0.97265625,5.2957763671875
124,0.23611111111110983,0.25848388671875,1.46295166015625,5.29498291015625
123,0.23611111111110983,0.21026611328125,0.84820556640625,5.3017578125
122,0.23611111111110983,-0.0921630859375,1.2489013671875,5.30615234375
121,0.23611111111110983,0.24554443359375,1.1673583984375,5.30859375
120,0.63611111111111018,-0.92529296875,0.26495361328125,11.0521240234375
119,0.63169651448773811,1.22711181640625,0,10.98614501953125
117,0.63611111111111018,-0.01678466796875,0.63323974609375,11.07379150390625
114,0.63611111111111018,0.51434326171875,0.11041259765625,11.101318359375
128,0.24305555555555447,-0.01385498046875,0.60504150390625,5.383544921875
127,0.24305555555555447,-0.124755859375,1.56085205078125,5.38470458984375
126,0.24305555555555447,0.54791259765625,0.97576904296875,5.38714599609375
125,0.24305555555555447,-0.26617431640625,0.95751953125,5.396240234375
124,0.24305555555555447,0.26239013671875,1.45904541015625,5.39544677734375
123,0.24305555555555447,0.21307373046875,0.83026123046875,5.40234375
122,0.24305555555555447,-0.09625244140625,1.2401123046875,5.4068603515625
121,0.24305555555555447,0.2491455078125,1.15667724609375,5.40936279296875
120,0.64305555555555483,-0.93524169921875,0.23187255859375,11.15228271484375
117,0.64305555555555483,-0.017822265625,0.603759765625,11.17413330078125
114,0.64305555555555483,0.5185546875,0.07586669921875,11.20196533203125
128,0.24999999999999911,-0.01605224609375,0.5816650390625,5.48370361328125
127,0.24999999999999911,-0.12945556640625,1.55877685546875,5.48492431640625
126,0.24999999999999911,0.55816650390625,0.96063232421875,5.4874267578125
125,0.24999999999999911,-0.2740478515625,0.9420166015625,5.4967041015625
124,0.24999999999999911,0.2662353515625,1.45465087890625,5.495849609375
123,0.24999999999999911,0.21588134765625,0.8118896484375,5.50299072265625
122,0.24999999999999911,-0.100341796875,1.2308349609375,5.507568359375
121,0.24999999999999911,0.25274658203125,1.14556884765625,5.5101318359375
120,0.64999999999999947,-0.94525146484375,0.1982421875,11.25244140625
117,0.64999999999999947,-0.01885986328125,0.57379150390625,11.2745361328125
114,0.64999999999999947,0.52276611328125,0.04071044921875,11.3026123046875
128,0.25694444444444375,-0.018310546875,0.5577392578125,5.58392333984375
127,0.25694444444444375,-0.13421630859375,1.55615234375,5.58514404296875
126,0.25694444444444375,0.56842041015625,0.9449462890625,5.58770751953125
125,0.25694444444444375,-0.28192138671875,0.9259033203125,5.59716796875
124,0.25694444444444375,0.2701416015625,1.44976806640625,5.5963134765625
123,0.25694444444444375,0.21868896484375,0.79296875,5.60357666015625
122,0.25694444444444375,-0.1044921875,1.2210693359375,5.6082763671875
121,0.25694444444444375,0.25634765625,1.13397216796875,5.61090087890625
120,0.65694444444444411,-0.9552001953125,0.1641845703125,11.35260009765625
117,0.65694444444444411,-0.0198974609375,0.5433349609375,11.3748779296875
114,0.65306365508164088,0.52459716796875,0,11.34698486328125
128,0.2638888888888884,-0.02056884765625,0.53338623046875,5.68408203125
127,0.2638888888888884,-0.138916015625,1.5531005859375,5.68536376953125
126,0.2638888888888884,0.57867431640625,0.92889404296875,5.68798828125
125,0.2638888888888884,-0.289794921875,0.909423828125,5.6976318359375
124,0.2638888888888884,0.2740478515625,1.4444580078125,5.69677734375
123,0.2638888888888884,0.22149658203125,0.77362060546875,5.70416259765625
122,0.2638888888888884,-0.10858154296875,1.21087646484375,5.708984375
121,0.2638888888888884,0.25994873046875,1.12188720703125,5.711669921875
120,0.66388888888888875,-0.9652099609375,0.129638671875,11.4527587890625
117,0.66388888888888875,-0.02093505859375,0.512451171875,11.47528076171875
128,0.27083333333333215,-0.0228271484375,0.50860595703125,5.7843017578125
127,0.27083333333333215,-0.1436767578125,1.54962158203125,5.7855224609375
126,0.27083333333333215,0.58892822265625,0.912353515625,5.78826904296875
125,0.27083333333333215,-0.29766845703125,0.89251708984375,5.79815673828125
124,0.27083333333333215,0.2779541015625,1.43865966796875,5.7972412109375
123,0.27083333333333215,0.22430419921875,0.75384521484375,5.8048095703125
122,0.27083333333333215,-0.1126708984375,1.20025634765625,5.8096923828125
121,0.27083333333333215,0.2635498046875,1.109375,5.81243896484375
120,0.6708333333333325,-0.97515869140625,0.0946044921875,11.55291748046875
117,0.6708333333333325,-0.02197265625,0.48101806640625,11.57568359375
128,0.27777777777777679,-0.02508544921875,0.4832763671875,5.88446044921875
127,0.27777777777777679,-0.14837646484375,1.5455322265625,5.8857421875
126,0.27777777777777679,0.59918212890625,0.895263671875,5.88848876953125
125,0.27777777777777679,-0.30560302734375,0.875,5.89862060546875
124,0.27777777777777679,0.2818603515625,1.432373046875,5.897705078125
123,0.27777777777777679,0.22711181640625,0.7335205078125,5.9053955078125
122,0.27777777777777679,-0.11676025390625,1.18902587890625,5.910400390625
121,0.27777777777777679,0.26715087890625,1.0963134765625,5.9132080078125
120,0.67777777777777715,-0.98516845703125,0.05908203125,11.653076171875
117,0.67777777777777715,-0.02294921875,0.44915771484375,11.676025390625
128,0.28472222222222143,-0.02734375,0.45751953125,5.98468017578125
127,0.28472222222222143,-0.153076171875,1.54107666015625,5.9859619140625
126,0.28472222222222143,0.60943603515625,0.87774658203125,5.98876953125
125,0.28472222222222143,-0.3134765625,0.85711669921875,5.99908447265625
124,0.28472222222222143,0.2857666015625,1.42559814453125,5.99810791015625
123,0.28472222222222143,0.2298583984375,0.71282958984375,6.0059814453125
122,0.28472222222222143,-0.120849609375,1.17742919921875,6.0111083984375
121,0.28472222222222143,0.270751953125,1.0828857421875,6.01397705078125
120,0.68435908392295142,-0.99456787109375,0,11.748046875
117,0.68472222222222179,-0.02398681640625,0.41680908203125,11.77642822265625
128,0.29166666666666607,-0.02960205078125,0.4312744140625,6.0848388671875
127,0.29166666666666607,-0.1578369140625,1.5361328125,6.086181640625
126,0.29166666666666607,0.61968994140625,0.85980224609375,6.08905029296875
125,0.29166666666666607,-0.32135009765625,0.83868408203125,6.09954833984375
124,0.29166666666666607,0.28961181640625,1.41839599609375,6.09857177734375
123,0.29166666666666607,0.232666015625,0.69158935546875,6.10662841796875
122,0.29166666666666607,-0.12493896484375,1.16534423828125,6.11181640625
121,0.29166666666666607,0.27435302734375,1.06890869140625,6.11474609375
117,0.69166666666666643,-0.0250244140625,0.384033203125,11.8768310546875
128,0.29861111111110983,-0.0318603515625,0.404541015625,6.18499755859375
127,0.29861111111110983,-0.16253662109375,1.53070068359375,6.1864013671875
126,0.29861111111110983,0.62994384765625,0.84130859375,6.1893310546875
125,0.29861111111110983,-0.3292236328125,0.81982421875,6.20001220703125
124,0.29861111111110983,0.29351806640625,1.41070556640625,6.19903564453125
123,0.29861111111110983,0.2354736328125,0.66986083984375,6.20721435546875
122,0.29861111111110983,-0.1290283203125,1.1527099609375,6.2125244140625
121,0.29861111111110983,0.2779541015625,1.054443359375,6.2154541015625
117,0.69861111111111018,-0.02606201171875,0.3507080078125,11.9771728515625
128,0.30555555555555447,-0.03411865234375,0.3773193359375,6.28521728515625
127,0.30555555555555447,-0.16729736328125,1.5247802734375,6.28662109375
126,0.30555555555555447,0.64019775390625,0.82232666015625,6.28955078125
125,0.30555555555555447,-0.33709716796875,0.8004150390625,6.30047607421875
124,0.30555555555555447,0.29742431640625,1.4024658203125,6.29949951171875
123,0.30555555555555447,0.23828125,0.64764404296875,6.30780029296875
122,0.30555555555555447,-0.13311767578125,1.1396484375,6.313232421875
121,0.30555555555555447,0.28155517578125,1.03955078125,6.31622314453125
117,0.70555555555555483,-0.027099609375,0.3170166015625,12.07757568359375
128,0.31249999999999911,-0.036376953125,0.349609375,6.3853759765625
127,0.31249999999999911,-0.1719970703125,1.51837158203125,6.3868408203125
126,0.31249999999999911,0.65045166015625,0.80291748046875,6.38983154296875
125,0.31249999999999911,-0.344970703125,0.7806396484375,6.40093994140625
124,0.31249999999999911,0.30133056640625,1.39385986328125,6.39996337890625
123,0.31249999999999911,0.2410888671875,0.625,6.408447265625
122,0.31249999999999911,-0.13720703125,1.12615966796875,6.4139404296875
121,0.31249999999999911,0.28515625,1.024169921875,6.4169921875
117,0.71249999999999947,-0.02813720703125,0.28271484375,12.177978515625
128,0.31944444444444375,-0.03863525390625,0.32147216796875,6.485595703125
127,0.31944444444444375,-0.1767578125,1.51153564453125,6.487060546875
126,0.31944444444444375,0.66070556640625,0.7830810546875,6.4901123046875
125,0.31944444444444375,-0.35284423828125,0.7603759765625,6.50140380859375
124,0.31944444444444375,0.30523681640625,1.384765625,6.5003662109375
123,0.31944444444444375,0.243896484375,0.60186767578125,6.509033203125
122,0.31944444444444375,-0.14129638671875,1.11212158203125,6.51458740234375
121,0.31944444444444375,0.28875732421875,1.00830078125,6.51776123046875
117,0.71944444444444411,-0.02911376953125,0.248046875,12.2783203125
128,0.3263888888888884,-0.0408935546875,0.29290771484375,6.58575439453125
127,0.3263888888888884,-0.18145751953125,1.5042724609375,6.58721923828125
126,0.3263888888888884,0.67095947265625,0.76275634765625,6.59039306640625
125,0.3263888888888884,-0.3607177734375,0.7396240234375,6.60186767578125
124,0.3263888888888884,0.30914306640625,1.37518310546875,6.600830078125
123,0.3263888888888884,0.2467041015625,0.57830810546875,6.609619140625
122,0.3263888888888884,-0.1453857421875,1.09771728515625,6.61529541015625
121,0.3263888888888884,0.2923583984375,0.99200439453125,6.6185302734375
117,0.72638888888888875,-0.0301513671875,0.212890625,12.37872314453125
128,0.33333333333333215,-0.04315185546875,0.2637939453125,6.68597412109375
127,0.33333333333333215,-0.18621826171875,1.4964599609375,6.68743896484375
126,0.33333333333333215,0.68121337890625,0.74188232421875,6.690673828125
125,0.33333333333333215,-0.36859130859375,0.7183837890625,6.70233154296875
124,0.33333333333333215,0.31298828125,1.3651123046875,6.7012939453125
123,0.33333333333333215,0.24945068359375,0.55419921875,6.71026611328125
122,0.33333333333333215,-0.14947509765625,1.082763671875,6.71600341796875
121,0.33333333333333215,0.29595947265625,0.9752197265625,6.71929931640625
117,0.7333333333333325,-0.03118896484375,0.17724609375,12.47906494140625
128,0.34027777777777679,-0.04541015625,0.2342529296875,6.7861328125
127,0.34027777777777679,-0.19091796875,1.4881591796875,6.78765869140625
126,0.34027777777777679,0.69146728515625,0.7205810546875,6.7908935546875
125,0.34027777777777679,-0.37646484375,0.6966552734375,6.8028564453125
124,0.34027777777777679,0.31689453125,1.35455322265625,6.8017578125
123,0.34027777777777679,0.25225830078125,0.52972412109375,6.81085205078125
122,0.34027777777777679,-0.153564453125,1.0673828125,6.81671142578125
121,0.34027777777777679,0.299560546875,0.95794677734375,6.820068359375
117,0.74027777777777715,-0.0322265625,0.14111328125,12.5794677734375
128,0.34722222222222143,-0.04766845703125,0.2042236328125,6.8863525390625
127,0.34722222222222143,-0.1956787109375,1.47943115234375,6.88787841796875
126,0.34722222222222143,0.70172119140625,0.69879150390625,6.89117431640625
125,0.34722222222222143,-0.38433837890625,0.67449951171875,6.9033203125
124,0.34722222222222143,0.32080078125,1.34356689453125,6.9022216796875
123,0.34722222222222143,0.25506591796875,0.50469970703125,6.91143798828125
122,0.34722222222222143,-0.15765380859375,1.05145263671875,6.91741943359375
121,0.34722222222222143,0.30316162109375,0.940185546875,6.92083740234375
117,0.74722222222222179,-0.03326416015625,0.10455322265625,12.67987060546875
128,0.35416666666666607,-0.0499267578125,0.1737060546875,6.98651123046875
127,0.35416666666666607,-0.20037841796875,1.47021484375,6.98809814453125
126,0.35416666666666607,0.71197509765625,0.67657470703125,6.991455078125
125,0.35416666666666607,-0.3922119140625,0.65185546875,7.0037841796875
124,0.35416666666666607,0.32470703125,1.33209228515625,7.00262451171875
123,0.35416666666666607,0.25787353515625,0.47918701171875,7.0120849609375
122,0.35416666666666607,-0.1617431640625,1.03509521484375,7.01812744140625
121,0.35416666666666607,0.3067626953125,0.92193603515625,7.0216064453125
117,0.75416666666666643,-0.03424072265625,0.06744384765625,12.78021240234375
128,0.36111111111110983,-0.05218505859375,0.14276123046875,7.08673095703125
127,0.36111111111110983,-0.205078125,1.4605712890625,7.08831787109375
126,0.36111111111110983,0.7222900390625,0.65386962890625,7.09173583984375
125,0.36111111111110983,-0.40008544921875,0.62872314453125,7.104248046875
124,0.36111111111110983,0.32861328125,1.32012939453125,7.10308837890625
123,0.36111111111110983,0.26068115234375,0.4532470703125,7.1126708984375
122,0.36111111111110983,-0.16583251953125,1.018310546875,7.11883544921875
121,0.36111111111110983,0.31036376953125,0.9033203125,7.12237548828125
117,0.76111111111111018,-0.0352783203125,0.0299072265625,12.880615234375
128,0.36805555555555447,-0.054443359375,0.111328125,7.1868896484375
127,0.36805555555555447,-0.2098388671875,1.450439453125,7.18853759765625
126,0.36805555555555447,0.7325439453125,0.63067626953125,7.1920166015625
125,0.36805555555555447,-0.407958984375,0.60516357421875,7.2047119140625
124,0.36805555555555447,0.33251953125,1.3077392578125,7.20355224609375
123,0.36805555555555447,0.26348876953125,0.42681884765625,7.2132568359375
122,0.36805555555555447,-0.16998291015625,1.0009765625,7.21954345703125
121,0.36805555555555447,0.31396484375,0.8841552734375,7.22308349609375
117,0.76200652001634483,-0.035400390625,0,12.8935546875
128,0.37499999999999911,-0.05670166015625,0.07940673828125,7.287109375
127,0.37499999999999911,-0.21453857421875,1.43975830078125,7.28875732421875
126,0.37499999999999911,0.7427978515625,0.60699462890625,7.292236328125
125,0.37499999999999911,-0.4158935546875,0.5810546875,7.30517578125
124,0.37499999999999911,0.33636474609375,1.2947998046875,7.30401611328125
123,0.37499999999999911,0.26629638671875,0.39990234375,7.31390380859375
122,0.37499999999999911,-0.174072265625,0.98321533203125,7.32025146484375
121,0.37499999999999911,0.31756591796875,0.864501953125,7.3238525390625
128,0.38194444444444375,-0.0589599609375,0.0469970703125,7.38726806640625
127,0.38194444444444375,-0.21929931640625,1.42864990234375,7.38897705078125
126,0.38194444444444375,0.7530517578125,0.5828857421875,7.39251708984375
125,0.38194444444444375,-0.42376708984375,0.5565185546875,7.4056396484375
124,0.38194444444444375,0.34027099609375,1.28143310546875,7.40447998046875
123,0.38194444444444375,0.26904296875,0.37249755859375,7.41448974609375
122,0.38194444444444375,-0.17816162109375,0.9649658203125,7.42095947265625
121,0.38194444444444375,0.3211669921875,0.8443603515625,7.42462158203125
128,0.38659386566436954,-0.06048583984375,0,7.454345703125
127,0.3888888888888884,-0.2239990234375,1.4171142578125,7.4891357421875
126,0.3888888888888884,0.7633056640625,0.55828857421875,7.4927978515625
125,0.3888888888888884,-0.431640625,0.531494140625,7.506103515625
124,0.3888888888888884,0.34417724609375,1.26763916015625,7.5048828125
123,0.3888888888888884,0.2718505859375,0.34466552734375,7.51507568359375
122,0.3888888888888884,-0.1822509765625,0.9462890625,7.52166748046875
121,0.3888888888888884,0.32476806640625,0.8238525390625,7.525390625
127,0.39583333333333215,-0.228759765625,1.405029296875,7.58935546875
126,0.39583333333333215,0.7735595703125,0.53314208984375,7.59307861328125
125,0.39583333333333215,-0.43951416015625,0.5059814453125,7.6065673828125
124,0.39583333333333215,0.34808349609375,1.25323486328125,7.6053466796875
123,0.39583333333333215,0.274658203125,0.31634521484375,7.61572265625
122,0.39583333333333215,-0.18634033203125,0.927001953125,7.62237548828125
121,0.39583333333333215,0.328369140625,0.802734375,7.62615966796875
129,0,0.08746337890625,1.25909423828125,0.88604736328125
130,0,0.08746337890625,1.25909423828125,0.88604736328125
131,0,0.08746337890625,1.25909423828125,0.88604736328125
132,0,0.08746337890625,1.25909423828125,0.88604736328125
133,0,0.08746337890625,1.25909423828125,0.88604736328125
134,0,0.08746337890625,1.25909423828125,0.88604736328125
135,0,0.08746337890625,1.25909423828125,0.88604736328125
136,0,0.08746337890625,1.25909423828125,0.88604736328125
136,0.0027777777777764356,0.0882568359375,1.25213623046875,0.94677734375
135,0.0027777777777764356,0.08294677734375,1.26397705078125,0.94677734375
134,0.0027777777777764356,0.093994140625,1.2591552734375,0.94677734375
133,0.0027777777777764356,0.0836181640625,1.255615234375,0.94696044921875
132,0.0027777777777764356,0.08837890625,1.26422119140625,0.94696044921875
131,0.0027777777777764356,0.09027099609375,1.25592041015625,0.947021484375
130,0.0027777777777764356,0.08465576171875,1.25994873046875,0.94708251953125
129,0.0027777777777764356,0.08941650390625,1.26031494140625,0.9471435546875
127,0.40277777777777679,-0.23345947265625,1.392578125,7.6895751953125
126,0.40277777777777679,0.7838134765625,0.50762939453125,7.693359375
125,0.40277777777777679,-0.4473876953125,0.4801025390625,7.70709228515625
124,0.40277777777777679,0.35198974609375,1.238525390625,7.705810546875
123,0.40277777777777679,0.2774658203125,0.28759765625,7.71630859375
122,0.40277777777777679,-0.1904296875,0.90740966796875,7.72308349609375
121,0.40277777777777679,0.33197021484375,0.78125,7.7269287109375
136,0.0097222222222210775,0.09033203125,1.2347412109375,1.0985107421875
135,0.0097222222222210775,0.07171630859375,1.27618408203125,1.09869384765625
134,0.0097222222222210775,0.1103515625,1.2593994140625,1.09869384765625
133,0.0097222222222210775,0.073974609375,1.24700927734375,1.09918212890625
132,0.0097222222222210775,0.09063720703125,1.277099609375,1.09918212890625
131,0.0097222222222210775,0.09735107421875,1.24810791015625,1.09942626953125
130,0.0097222222222210775,0.07757568359375,1.26214599609375,1.09967041015625
129,0.0097222222222210775,0.0943603515625,1.2633056640625,1.09979248046875
127,0.40972222222222143,-0.23822021484375,1.3795166015625,7.789794921875
126,0.40972222222222143,0.7940673828125,0.48162841796875,7.7935791015625
125,0.40972222222222143,-0.45526123046875,0.45361328125,7.80755615234375
124,0.40972222222222143,0.35589599609375,1.2232666015625,7.8062744140625
123,0.40972222222222143,0.2802734375,0.25830078125,7.81689453125
122,0.40972222222222143,-0.19451904296875,0.88726806640625,7.82379150390625
121,0.40972222222222143,0.3355712890625,0.75927734375,7.82769775390625
136,0.016666666666665719,0.0924072265625,1.21728515625,1.25030517578125
135,0.016666666666665719,0.060546875,1.2884521484375,1.25054931640625
134,0.016666666666665719,0.12677001953125,1.2596435546875,1.2506103515625
133,0.016666666666665719,0.0643310546875,1.23834228515625,1.25140380859375
132,0.016666666666665719,0.0928955078125,1.28997802734375,1.2513427734375
131,0.016666666666665719,0.10443115234375,1.240234375,1.2518310546875
130,0.016666666666665719,0.070556640625,1.26434326171875,1.25225830078125
129,0.016666666666665719,0.0992431640625,1.26629638671875,1.25244140625
127,0.41666666666666607,-0.242919921875,1.3660888671875,7.8900146484375
126,0.41666666666666607,0.8043212890625,0.45513916015625,7.89385986328125
125,0.41666666666666607,-0.463134765625,0.4267578125,7.90802001953125
124,0.41666666666666607,0.3597412109375,1.20751953125,7.90673828125
123,0.41666666666666607,0.2830810546875,0.22857666015625,7.91754150390625
122,0.41666666666666607,-0.1986083984375,0.86663818359375,7.92449951171875
121,0.41666666666666607,0.33917236328125,0.73681640625,7.928466796875
136,0.023611111111109473,0.09442138671875,1.19989013671875,1.40203857421875
135,0.023611111111109473,0.04931640625,1.3006591796875,1.40240478515625
134,0.023611111111109473,0.14312744140625,1.25982666015625,1.40252685546875
133,0.023611111111109473,0.05462646484375,1.229736328125,1.40362548828125
132,0.023611111111109473,0.09515380859375,1.3028564453125,1.403564453125
131,0.023611111111109473,0.11151123046875,1.23236083984375,1.40423583984375
130,0.023611111111109473,0.0634765625,1.26654052734375,1.4049072265625
129,0.023611111111109473,0.10418701171875,1.26934814453125,1.4051513671875
127,0.42361111111110983,-0.24761962890625,1.35211181640625,7.990234375
126,0.42361111111110983,0.8145751953125,0.4281005859375,7.994140625
125,0.42361111111110983,-0.47100830078125,0.3992919921875,8.00848388671875
124,0.42361111111110983,0.3636474609375,1.1912841796875,8.00714111328125
123,0.42361111111110983,0.28582763671875,0.19830322265625,8.01812744140625
122,0.42361111111110983,-0.20269775390625,0.84552001953125,8.02520751953125
121,0.42361111111110983,0.3427734375,0.71380615234375,8.02923583984375
136,0.030555555555554115,0.09649658203125,1.18243408203125,1.5538330078125
135,0.030555555555554115,0.0380859375,1.3128662109375,1.5543212890625
134,0.030555555555554115,0.15948486328125,1.26007080078125,1.55438232421875
133,0.030555555555554115,0.04498291015625,1.22113037109375,1.55584716796875
132,0.030555555555554115,0.097412109375,1.31573486328125,1.5557861328125
131,0.030555555555554115,0.11859130859375,1.2244873046875,1.556640625
130,0.030555555555554115,0.05645751953125,1.26873779296875,1.5574951171875
129,0.030555555555554115,0.10906982421875,1.2723388671875,1.55780029296875
127,0.43055555555555447,-0.25238037109375,1.3377685546875,8.0904541015625
126,0.43055555555555447,0.8248291015625,0.40069580078125,8.09442138671875
125,0.43055555555555447,-0.4788818359375,0.37152099609375,8.10894775390625
124,0.43055555555555447,0.3675537109375,1.17462158203125,8.10760498046875
123,0.43055555555555447,0.28863525390625,0.16766357421875,8.11871337890625
122,0.43055555555555447,-0.206787109375,0.82403564453125,8.12591552734375
121,0.43055555555555447,0.34637451171875,0.6904296875,8.1300048828125
136,0.037499999999998757,0.09857177734375,1.1650390625,1.70556640625
135,0.037499999999998757,0.02685546875,1.3250732421875,1.7061767578125
134,0.037499999999998757,0.17584228515625,1.26031494140625,1.706298828125
133,0.037499999999998757,0.03533935546875,1.21246337890625,1.70806884765625
132,0.037499999999998757,0.0997314453125,1.32861328125,1.7080078125
131,0.037499999999998757,0.1256103515625,1.21661376953125,1.70904541015625
130,0.037499999999998757,0.04937744140625,1.2708740234375,1.7100830078125
129,0.037499999999998757,0.114013671875,1.27532958984375,1.71044921875
127,0.43749999999999911,-0.257080078125,1.3228759765625,8.190673828125
126,0.43749999999999911,0.8350830078125,0.372802734375,8.19464111328125
125,0.43749999999999911,-0.48675537109375,0.34320068359375,8.20941162109375
124,0.43749999999999911,0.3714599609375,1.157470703125,8.20806884765625
123,0.43749999999999911,0.29144287109375,0.136474609375,8.2193603515625
122,0.43749999999999911,-0.21087646484375,0.802001953125,8.22662353515625
121,0.43749999999999911,0.3499755859375,0.66656494140625,8.230712890625
136,0.0444444444444434,0.1005859375,1.14764404296875,1.85736083984375
135,0.0444444444444434,0.015625,1.33734130859375,1.8580322265625
134,0.0444444444444434,0.19219970703125,1.260498046875,1.85821533203125
133,0.0444444444444434,0.02569580078125,1.203857421875,1.86029052734375
132,0.0444444444444434,0.10198974609375,1.34149169921875,1.8602294921875
131,0.0444444444444434,0.1326904296875,1.208740234375,1.8614501953125
130,0.0444444444444434,0.0423583984375,1.2730712890625,1.8626708984375
129,0.0444444444444434,0.118896484375,1.27838134765625,1.8631591796875
127,0.44444444444444375,-0.2618408203125,1.3074951171875,8.2908935546875
126,0.44444444444444375,0.8453369140625,0.34442138671875,8.294921875
125,0.44444444444444375,-0.49462890625,0.31439208984375,8.30987548828125
124,0.44444444444444375,0.3753662109375,1.139892578125,8.30853271484375
123,0.44444444444444375,0.29425048828125,0.1048583984375,8.3199462890625
122,0.44444444444444375,-0.2149658203125,0.77947998046875,8.32733154296875
121,0.44444444444444375,0.35357666015625,0.6422119140625,8.33148193359375
136,0.05138888888888804,0.1026611328125,1.13018798828125,2.0091552734375
135,0.05138888888888804,0.00439453125,1.34954833984375,2.0098876953125
134,0.05138888888888804,0.20855712890625,1.2607421875,2.01007080078125
133,0.05138888888888804,0.01605224609375,1.1951904296875,2.01251220703125
132,0.05138888888888804,0.104248046875,1.3543701171875,2.012451171875
131,0.05138888888888804,0.1397705078125,1.200927734375,2.013916015625
130,0.05138888888888804,0.0352783203125,1.2752685546875,2.0152587890625
129,0.05138888888888804,0.12384033203125,1.2813720703125,2.01580810546875
127,0.4513888888888884,-0.26654052734375,1.2916259765625,8.39105224609375
126,0.4513888888888884,0.8555908203125,0.31549072265625,8.39520263671875
125,0.4513888888888884,-0.50250244140625,0.28509521484375,8.41033935546875
124,0.4513888888888884,0.3792724609375,1.1217041015625,8.40899658203125
123,0.4513888888888884,0.29705810546875,0.07275390625,8.4205322265625
122,0.4513888888888884,-0.21905517578125,0.7564697265625,8.42803955078125
121,0.4513888888888884,0.357177734375,0.6173095703125,8.4322509765625
136,0.058333333333331794,0.10467529296875,1.11279296875,2.160888671875
135,0.058333333333331794,-0.0068359375,1.36175537109375,2.16180419921875
134,0.058333333333331794,0.22491455078125,1.260986328125,2.1619873046875
133,0.058333333333331794,0.00640869140625,1.18658447265625,2.16473388671875
132,0.058333333333331794,0.10650634765625,1.36724853515625,2.1646728515625
131,0.058333333333331794,0.1468505859375,1.19305419921875,2.16632080078125
130,0.058333333333331794,0.02825927734375,1.2774658203125,2.16790771484375
129,0.058333333333331794,0.12872314453125,1.28436279296875,2.16845703125
127,0.45833333333333215,-0.27130126953125,1.275390625,8.49127197265625
126,0.45833333333333215,0.8658447265625,0.28619384765625,8.4954833984375
125,0.45833333333333215,-0.5103759765625,0.25537109375,8.51080322265625
124,0.45833333333333215,0.38311767578125,1.10321044921875,8.5093994140625
123,0.45833333333333215,0.29986572265625,0.04022216796875,8.52117919921875
122,0.45833333333333215,-0.22314453125,0.73309326171875,8.52874755859375
121,0.45833333333333215,0.36077880859375,0.592041015625,8.53302001953125
136,0.065277777777776436,0.10675048828125,1.09539794921875,2.31268310546875
135,0.065277777777776436,-0.01806640625,1.37396240234375,2.31365966796875
134,0.065277777777776436,0.2413330078125,1.26116943359375,2.31390380859375
133,0.065277777777776436,-0.00323486328125,1.17791748046875,2.3170166015625
132,0.065277777777776436,0.1087646484375,1.380126953125,2.31689453125
131,0.065277777777776436,0.1539306640625,1.1851806640625,2.3187255859375
130,0.065277777777776436,0.02117919921875,1.2796630859375,2.32049560546875
129,0.065277777777776436,0.1336669921875,1.28741455078125,2.3211669921875
127,0.46527777777777679,-0.2760009765625,1.25860595703125,8.59149169921875
126,0.46527777777777679,0.8760986328125,0.25640869140625,8.59576416015625
125,0.46527777777777679,-0.51824951171875,0.22515869140625,8.61126708984375
124,0.46527777777777679,0.38702392578125,1.0841064453125,8.60986328125
123,0.4615262400821552,0.3011474609375,0,8.56744384765625
122,0.46527777777777679,-0.22723388671875,0.7091064453125,8.62945556640625
121,0.46527777777777679,0.3643798828125,0.5662841796875,8.6337890625
136,0.072222222222221077,0.10882568359375,1.07794189453125,2.46356201171875
135,0.072222222222221077,-0.02923583984375,1.385986328125,2.46466064453125
134,0.072222222222221077,0.257568359375,1.26129150390625,2.46490478515625
133,0.072222222222221077,-0.0128173828125,1.169189453125,2.4683837890625
132,0.072222222222221077,0.11102294921875,1.392822265625,2.46826171875
131,0.072222222222221077,0.16094970703125,1.17724609375,2.47027587890625
130,0.072222222222221077,0.01416015625,1.28167724609375,2.47222900390625
129,0.072222222222221077,0.1385498046875,1.290283203125,2.47296142578125
127,0.47222222222222143,-0.28076171875,1.2413330078125,8.69171142578125
126,0.47222222222222143,0.8863525390625,0.22613525390625,8.69598388671875
125,0.47222222222222143,-0.52618408203125,0.1944580078125,8.7117919921875
124,0.47222222222222143,0.39093017578125,1.06463623046875,8.7103271484375
122,0.47222222222222143,-0.2313232421875,0.68475341796875,8.73016357421875
121,0.47222222222222143,0.36798095703125,0.5400390625,8.73455810546875
136,0.079166666666665719,0.11077880859375,1.06024169921875,2.61187744140625
135,0.079166666666665719,-0.04022216796875,1.39727783203125,2.613037109375
134,0.079166666666665719,0.2735595703125,1.26080322265625,2.61334228515625
133,0.079166666666665719,-0.02227783203125,1.16009521484375,2.6170654296875
132,0.079166666666665719,0.11322021484375,1.40472412109375,2.616943359375
131,0.079166666666665719,0.1678466796875,1.16888427734375,2.619140625
130,0.079166666666665719,0.00726318359375,1.28314208984375,2.62127685546875
129,0.079166666666665719,0.14337158203125,1.29254150390625,2.6220703125
127,0.47916666666666607,-0.28546142578125,1.2236328125,8.79193115234375
126,0.47916666666666607,0.8966064453125,0.19537353515625,8.7962646484375
125,0.47916666666666607,-0.5340576171875,0.163330078125,8.812255859375
124,0.47916666666666607,0.39483642578125,1.044677734375,8.810791015625
122,0.47916666666666607,-0.23541259765625,0.659912109375,8.83087158203125
121,0.47916666666666607,0.37158203125,0.5133056640625,8.8353271484375
136,0.086111111111109473,0.11279296875,1.04254150390625,2.7574462890625
135,0.086111111111109473,-0.05096435546875,1.407958984375,2.75872802734375
134,0.086111111111109473,0.28924560546875,1.260009765625,2.759033203125
133,0.086111111111109473,-0.03155517578125,1.15081787109375,2.76312255859375
132,0.086111111111109473,0.11541748046875,1.416015625,2.76300048828125
131,0.086111111111109473,0.17462158203125,1.1602783203125,2.765380859375
130,0.086111111111109473,0.00048828125,1.2841796875,2.7677001953125
129,0.086111111111109473,0.1480712890625,1.29437255859375,2.7685546875
127,0.48611111111110983,-0.29022216796875,1.2054443359375,8.89215087890625
126,0.48611111111110983,0.9068603515625,0.16412353515625,8.89654541015625
125,0.48611111111110983,-0.54193115234375,0.1317138671875,8.9127197265625
124,0.48611111111110983,0.39874267578125,1.024169921875,8.9112548828125
122,0.48611111111110983,-0.23956298828125,0.63458251953125,8.93157958984375
121,0.48611111111110983,0.37518310546875,0.48614501953125,8.93609619140625
136,0.093055555555554115,0.11468505859375,1.0245361328125,2.90032958984375
135,0.093055555555554115,-0.0615234375,1.41790771484375,2.9017333984375
134,0.093055555555554115,0.3046875,1.25860595703125,2.90203857421875
133,0.093055555555554115,-0.04058837890625,1.14105224609375,2.90643310546875
132,0.093055555555554115,0.1175537109375,1.42657470703125,2.90631103515625
131,0.093055555555554115,0.1812744140625,1.15130615234375,2.90887451171875
130,0.093055555555554115,-0.006103515625,1.28466796875,2.911376953125
129,0.093055555555554115,0.1527099609375,1.29559326171875,2.91229248046875
127,0.49305555555555447,-0.294921875,1.186767578125,8.99237060546875
126,0.49305555555555447,0.9171142578125,0.13238525390625,8.996826171875
125,0.49305555555555447,-0.5498046875,0.09954833984375,9.01318359375
124,0.49305555555555447,0.40264892578125,1.00323486328125,9.01165771484375
122,0.49305555555555447,-0.24365234375,0.60870361328125,9.03228759765625
121,0.49305555555555447,0.3787841796875,0.45843505859375,9.036865234375
136,0.099999999999998757,0.1165771484375,1.00640869140625,3.04052734375
135,0.099999999999998757,-0.0718994140625,1.42718505859375,3.04205322265625
134,0.099999999999998757,0.31982421875,1.2568359375,3.04241943359375
133,0.099999999999998757,-0.049560546875,1.131103515625,3.04705810546875
132,0.099999999999998757,0.11962890625,1.43646240234375,3.04693603515625
131,0.099999999999998757,0.18780517578125,1.14202880859375,3.0496826171875
130,0.099999999999998757,-0.01263427734375,1.28466796875,3.0523681640625
129,0.099999999999998757,0.1572265625,1.29638671875,3.0533447265625
127,0.49999999999999911,-0.29962158203125,1.16766357421875,9.09259033203125
126,0.49999999999999911,0.9273681640625,0.10028076171875,9.09710693359375
125,0.49999999999999911,-0.55767822265625,0.0670166015625,9.1136474609375
124,0.49999999999999911,0.406494140625,0.98187255859375,9.11212158203125
122,0.49999999999999911,-0.24774169921875,0.58245849609375,9.13299560546875
121,0.49999999999999911,0.38238525390625,0.4302978515625,9.13763427734375
136,0.1069444444444434,0.11846923828125,0.9881591796875,3.17803955078125
135,0.1069444444444434,-0.08209228515625,1.43572998046875,3.1796875
134,0.1069444444444434,0.33465576171875,1.2545166015625,3.1800537109375
133,0.1069444444444434,-0.05828857421875,1.1207275390625,3.18499755859375
132,0.1069444444444434,0.1217041015625,1.44561767578125,3.18487548828125
131,0.1069444444444434,0.1942138671875,1.13238525390625,3.18780517578125
130,0.1069444444444434,-0.01904296875,1.2841796875,3.19061279296875
129,0.1069444444444434,0.16168212890625,1.296630859375,3.191650390625
127,0.50694444444444375,-0.30438232421875,1.14801025390625,9.19281005859375
126,0.50694444444444375,0.9376220703125,0.067626953125,9.19732666015625
125,0.50694444444444375,-0.5655517578125,0.033935546875,9.214111328125
124,0.50694444444444375,0.410400390625,0.9599609375,9.21258544921875
122,0.50694444444444375,-0.2518310546875,0.55572509765625,9.23370361328125
121,0.50694444444444375,0.385986328125,0.40167236328125,9.23834228515625
136,0.11388888888888804,0.12030029296875,0.96966552734375,3.31292724609375
135,0.11388888888888804,-0.09210205078125,1.443603515625,3.3145751953125
134,0.11388888888888804,0.34918212890625,1.251708984375,3.31500244140625
133,0.11388888888888804,-0.06683349609375,1.110107421875,3.32025146484375
132,0.11388888888888804,0.12371826171875,1.45404052734375,3.320068359375
131,0.11388888888888804,0.20050048828125,1.1224365234375,3.32318115234375
130,0.11388888888888804,-0.0252685546875,1.28314208984375,3.326171875
129,0.11388888888888804,0.166015625,1.2962646484375,3.32733154296875
127,0.5138888888888884,-0.30908203125,1.1279296875,9.29296875
126,0.5138888888888884,0.94793701171875,0.03448486328125,9.297607421875
125,0.50879376633954188,-0.567626953125,0,9.2408447265625
124,0.5138888888888884,0.414306640625,0.9376220703125,9.31304931640625
122,0.5138888888888884,-0.25592041015625,0.5284423828125,9.33441162109375
121,0.5138888888888884,0.38958740234375,0.37261962890625,9.339111328125
136,0.12083333333333179,0.1220703125,0.9510498046875,3.445068359375
135,0.12083333333333179,-0.10186767578125,1.45074462890625,3.44683837890625
134,0.12083333333333179,0.3634033203125,1.2484130859375,3.447265625
133,0.12083333333333179,-0.07525634765625,1.09912109375,3.45281982421875
132,0.12083333333333179,0.12567138671875,1.4617919921875,3.45263671875
131,0.12083333333333179,0.2066650390625,1.11212158203125,3.4559326171875
130,0.12083333333333179,-0.03143310546875,1.28155517578125,3.45904541015625
129,0.12083333333333179,0.17034912109375,1.29541015625,3.46026611328125
127,0.52083333333333215,-0.3138427734375,1.107421875,9.3931884765625
126,0.51584848467609212,0.9508056640625,0,9.325927734375
124,0.52083333333333215,0.418212890625,0.914794921875,9.41351318359375
122,0.52083333333333215,-0.260009765625,0.50079345703125,9.43511962890625
121,0.52083333333333215,0.3931884765625,0.34307861328125,9.43988037109375
136,0.12777777777777644,0.12384033203125,0.9322509765625,3.57452392578125
135,0.12777777777777644,-0.1114501953125,1.457275390625,3.576416015625
134,0.12777777777777644,0.37738037109375,1.2447509765625,3.57684326171875
133,0.12777777777777644,-0.08349609375,1.08782958984375,3.5826416015625
132,0.12777777777777644,0.12762451171875,1.4688720703125,3.58245849609375
131,0.12777777777777644,0.21270751953125,1.10150146484375,3.5859375
130,0.12777777777777644,-0.0374755859375,1.27947998046875,3.5892333984375
129,0.12777777777777644,0.17449951171875,1.2940673828125,3.5904541015625
127,0.52777777777777679,-0.31854248046875,1.08636474609375,9.493408203125
124,0.52777777777777679,0.422119140625,0.8914794921875,9.513916015625
122,0.52777777777777679,-0.26409912109375,0.47259521484375,9.53582763671875
121,0.52777777777777679,0.39678955078125,0.31298828125,9.5406494140625
136,0.13472222222222108,0.12554931640625,0.913330078125,3.7012939453125
135,0.13472222222222108,-0.12078857421875,1.463134765625,3.7032470703125
134,0.13472222222222108,0.39105224609375,1.24053955078125,3.7037353515625
133,0.13472222222222108,-0.091552734375,1.07623291015625,3.7098388671875
132,0.13472222222222108,0.1295166015625,1.4752197265625,3.7095947265625
131,0.13472222222222108,0.2186279296875,1.09051513671875,3.71319580078125
130,0.13472222222222108,-0.0433349609375,1.27691650390625,3.71673583984375
129,0.13472222222222108,0.1785888671875,1.292236328125,3.718017578125
127,0.53472222222222143,-0.32330322265625,1.06488037109375,9.5936279296875
124,0.53472222222222143,0.426025390625,0.86773681640625,9.6143798828125
122,0.53472222222222143,-0.2681884765625,0.4439697265625,9.63653564453125
121,0.53472222222222143,0.400390625,0.282470703125,9.64141845703125
136,0.14166666666666572,0.127197265625,0.89422607421875,3.82537841796875
135,0.14166666666666572,-0.1300048828125,1.46820068359375,3.827392578125
134,0.14166666666666572,0.4044189453125,1.23583984375,3.827880859375
133,0.14166666666666572,-0.09942626953125,1.06427001953125,3.83428955078125
132,0.14166666666666572,0.13134765625,1.48089599609375,3.8341064453125
131,0.14166666666666572,0.224365234375,1.0792236328125,3.83782958984375
130,0.14166666666666572,-0.04913330078125,1.2738037109375,3.84149169921875
129,0.14166666666666572,0.1826171875,1.289794921875,3.84283447265625
127,0.54166666666666607,-0.3280029296875,1.0428466796875,9.69384765625
124,0.54166666666666607,0.42987060546875,0.84344482421875,9.71484375
122,0.54166666666666607,-0.27227783203125,0.414794921875,9.73724365234375
121,0.54166666666666607,0.40399169921875,0.25152587890625,9.7421875
136,0.14861111111110947,0.12884521484375,0.87493896484375,3.94677734375
135,0.14861111111110947,-0.13897705078125,1.47265625,3.94891357421875
134,0.14861111111110947,0.41754150390625,1.230712890625,3.94940185546875
133,0.14861111111110947,-0.107177734375,1.05206298828125,3.9560546875
132,0.14861111111110947,0.1331787109375,1.48590087890625,3.955810546875
131,0.14861111111110947,0.23004150390625,1.067626953125,3.95977783203125
130,0.14861111111110947,-0.05474853515625,1.270263671875,3.96356201171875
129,0.14861111111110947,0.18658447265625,1.286865234375,3.9649658203125
127,0.54861111111110983,-0.332763671875,1.02044677734375,9.7940673828125
124,0.54861111111110983,0.43377685546875,0.81878662109375,9.8153076171875
122,0.54861111111110983,-0.2763671875,0.38525390625,9.83795166015625
121,0.54861111111110983,0.4075927734375,0.2200927734375,9.84295654296875
136,0.15555555555555411,0.13043212890625,0.85552978515625,4.06549072265625
135,0.15555555555555411,-0.14776611328125,1.4764404296875,4.06768798828125
134,0.15555555555555411,0.43035888671875,1.22503662109375,4.0682373046875
133,0.15555555555555411,-0.11468505859375,1.03948974609375,4.07513427734375
132,0.15555555555555411,0.13494873046875,1.49017333984375,4.07489013671875
131,0.15555555555555411,0.23553466796875,1.0556640625,4.0789794921875
130,0.15555555555555411,-0.06024169921875,1.26617431640625,4.0828857421875
129,0.15555555555555411,0.1904296875,1.283447265625,4.0843505859375
127,0.55555555555555447,-0.33746337890625,0.99755859375,9.894287109375
124,0.55555555555555447,0.43768310546875,0.79364013671875,9.915771484375
122,0.55555555555555447,-0.28045654296875,0.355224609375,9.93865966796875
121,0.55555555555555447,0.41119384765625,0.18817138671875,9.9437255859375
136,0.16249999999999876,0.13201904296875,0.8359375,4.1815185546875
135,0.16249999999999876,-0.15631103515625,1.4794921875,4.18377685546875
134,0.16249999999999876,0.44287109375,1.21893310546875,4.184326171875
133,0.16249999999999876,-0.1220703125,1.026611328125,4.19146728515625
132,0.16249999999999876,0.13671875,1.49371337890625,4.1912841796875
131,0.16249999999999876,0.240966796875,1.04339599609375,4.19549560546875
130,0.16249999999999876,-0.065673828125,1.26153564453125,4.1995849609375
129,0.16249999999999876,0.19415283203125,1.27947998046875,4.2010498046875
127,0.56249999999999911,-0.3421630859375,0.97418212890625,9.9945068359375
124,0.56249999999999911,0.44158935546875,0.7679443359375,10.01617431640625
122,0.56249999999999911,-0.2845458984375,0.32464599609375,10.03936767578125
121,0.56249999999999911,0.414794921875,0.15576171875,10.04449462890625
136,0.1694444444444434,0.133544921875,0.816162109375,4.29486083984375
135,0.1694444444444434,-0.16473388671875,1.48187255859375,4.2972412109375
134,0.1694444444444434,0.455078125,1.21234130859375,4.29779052734375
133,0.1694444444444434,-0.1292724609375,1.01336669921875,4.30517578125
132,0.1694444444444434,0.13836669921875,1.49652099609375,4.304931640625
131,0.1694444444444434,0.2462158203125,1.03070068359375,4.309326171875
130,0.1694444444444434,-0.0709228515625,1.25640869140625,4.31353759765625
129,0.1694444444444434,0.19781494140625,1.27496337890625,4.3150634765625
127,0.56944444444444375,-0.346923828125,0.95025634765625,10.0947265625
124,0.56944444444444375,0.44549560546875,0.7418212890625,10.11663818359375
122,0.56944444444444375,-0.28863525390625,0.29364013671875,10.1400146484375
121,0.56944444444444375,0.41845703125,0.1229248046875,10.145263671875
136,0.17638888888888804,0.13507080078125,0.79620361328125,4.405517578125
135,0.17638888888888804,-0.17291259765625,1.4835205078125,4.407958984375
134,0.17638888888888804,0.46697998046875,1.20526123046875,4.40850830078125
133,0.17638888888888804,-0.1363525390625,0.99981689453125,4.4161376953125
132,0.17638888888888804,0.1400146484375,1.4986572265625,4.4158935546875
131,0.17638888888888804,0.25140380859375,1.0177001953125,4.42041015625
130,0.17638888888888804,-0.0760498046875,1.250732421875,4.42474365234375
129,0.17638888888888804,0.201416015625,1.26983642578125,4.4263916015625
127,0.5763888888888884,-0.35162353515625,0.9259033203125,10.19488525390625
124,0.5763888888888884,0.44940185546875,0.71514892578125,10.21710205078125
122,0.5763888888888884,-0.292724609375,0.26214599609375,10.24072265625
121,0.5763888888888884,0.42205810546875,0.08953857421875,10.2459716796875
136,0.18333333333333179,0.13653564453125,0.776123046875,4.513427734375
135,0.18333333333333179,-0.180908203125,1.4844970703125,4.5159912109375
134,0.18333333333333179,0.4786376953125,1.19769287109375,4.5166015625
133,0.18333333333333179,-0.1431884765625,0.98602294921875,4.52447509765625
132,0.18333333333333179,0.14166259765625,1.5001220703125,4.524169921875
131,0.18333333333333179,0.25640869140625,1.00445556640625,4.52880859375
130,0.18333333333333179,-0.0810546875,1.24462890625,4.5333251953125
129,0.18333333333333179,0.20489501953125,1.26434326171875,4.53497314453125
127,0.58333333333333215,-0.35638427734375,0.901123046875,10.29510498046875
124,0.58333333333333215,0.4532470703125,0.6881103515625,10.31756591796875
122,0.58333333333333215,-0.29681396484375,0.23016357421875,10.3414306640625
121,0.58333333333333215,0.4256591796875,0.05572509765625,10.34674072265625
136,0.19027777777777644,0.137939453125,0.755859375,4.61871337890625
135,0.19027777777777644,-0.18865966796875,1.48480224609375,4.621337890625
134,0.19027777777777644,0.489990234375,1.189697265625,4.6219482421875
133,0.19027777777777644,-0.14990234375,0.9718017578125,4.63006591796875
132,0.19027777777777644,0.14324951171875,1.50091552734375,4.6297607421875
131,0.19027777777777644,0.2613525390625,0.99078369140625,4.63458251953125
130,0.19027777777777644,-0.08599853515625,1.23797607421875,4.63916015625
129,0.19027777777777644,0.20831298828125,1.25823974609375,4.640869140625
127,0.59027777777777679,-0.361083984375,0.8758544921875,10.39532470703125
124,0.59027777777777679,0.4571533203125,0.66058349609375,10.41802978515625
122,0.59027777777777679,-0.3009033203125,0.19775390625,10.442138671875
121,0.58956228962707191,0.42889404296875,0,10.4371337890625
136,0.19722222222222108,0.13934326171875,0.7354736328125,4.7213134765625
135,0.19722222222222108,-0.1962890625,1.48443603515625,4.7239990234375
134,0.19722222222222108,0.50103759765625,1.18121337890625,4.724609375
133,0.19722222222222108,-0.15643310546875,0.9573974609375,4.73291015625
132,0.19722222222222108,0.144775390625,1.5009765625,4.732666015625
131,0.19722222222222108,0.26611328125,0.97686767578125,4.737548828125
130,0.19722222222222108,-0.09075927734375,1.2308349609375,4.7423095703125
129,0.19722222222222108,0.211669921875,1.25164794921875,4.74407958984375
127,0.59722222222222143,-0.3658447265625,0.85015869140625,10.49554443359375
124,0.59722222222222143,0.4610595703125,0.632568359375,10.5184326171875
122,0.59722222222222143,-0.3050537109375,0.1649169921875,10.5428466796875
136,0.20416666666666572,0.14068603515625,0.71484375,4.82171630859375
135,0.20416666666666572,-0.20367431640625,1.4833984375,4.824462890625
134,0.20416666666666572,0.51190185546875,1.1722412109375,4.8250732421875
133,0.20416666666666572,-0.16278076171875,0.9425048828125,4.8336181640625
132,0.20416666666666572,0.146240234375,1.5003662109375,4.8333740234375
131,0.20416666666666572,0.27081298828125,0.9625244140625,4.83837890625
130,0.20416666666666572,-0.09539794921875,1.22308349609375,4.84326171875
129,0.20416666666666572,0.21490478515625,1.2445068359375,4.84503173828125
127,0.60416666666666607,-0.37054443359375,0.8238525390625,10.59576416015625
124,0.60416666666666607,0.4649658203125,0.60406494140625,10.618896484375
122,0.60416666666666607,-0.30914306640625,0.13153076171875,10.6435546875
136,0.21111111111110947,0.14202880859375,0.6937255859375,4.921875
135,0.21111111111110947,-0.21112060546875,1.48187255859375,4.9246826171875
134,0.21111111111110947,0.522705078125,1.16278076171875,4.92535400390625
133,0.21111111111110947,-0.16912841796875,0.92724609375,4.93408203125
132,0.21111111111110947,0.14776611328125,1.499267578125,4.933837890625
131,0.21111111111110947,0.27545166015625,0.94775390625,4.93896484375
130,0.21111111111110947,-0.10003662109375,1.2149658203125,4.9439697265625
129,0.21111111111110947,0.2181396484375,1.23687744140625,4.94580078125
127,0.61111111111110983,-0.37530517578125,0.79718017578125,10.69598388671875
124,0.61111111111110983,0.4688720703125,0.5750732421875,10.7193603515625
122,0.61111111111110983,-0.313232421875,0.09765625,10.7442626953125
136,0.21805555555555411,0.14337158203125,0.67218017578125,5.02203369140625
135,0.21805555555555411,-0.218505859375,1.4798583984375,5.02490234375
134,0.21805555555555411,0.53350830078125,1.15283203125,5.02557373046875
133,0.21805555555555411,-0.175537109375,0.9114990234375,5.0345458984375
132,0.21805555555555411,0.14923095703125,1.4976806640625,5.0343017578125
131,0.21805555555555411,0.28009033203125,0.9324951171875,5.03955078125
130,0.21805555555555411,-0.104736328125,1.20635986328125,5.044677734375
129,0.21805555555555411,0.22137451171875,1.22882080078125,5.04656982421875
127,0.61805555555555447,-0.3800048828125,0.77001953125,10.79620361328125
124,0.61805555555555447,0.4727783203125,0.545654296875,10.81982421875
122,0.61805555555555447,-0.31732177734375,0.0633544921875,10.844970703125
136,0.22499999999999876,0.144775390625,0.650146484375,5.1221923828125
135,0.22499999999999876,-0.2259521484375,1.47735595703125,5.1251220703125
134,0.22499999999999876,0.5443115234375,1.1424560546875,5.1258544921875
133,0.22499999999999876,-0.181884765625,0.89520263671875,5.135009765625
132,0.22499999999999876,0.1507568359375,1.49560546875,5.134765625
131,0.22499999999999876,0.2847900390625,0.916748046875,5.14013671875
130,0.22499999999999876,-0.109375,1.19720458984375,5.1453857421875
129,0.22499999999999876,0.224609375,1.22021484375,5.1473388671875
127,0.62499999999999911,-0.384765625,0.74237060546875,10.89642333984375
124,0.62499999999999911,0.47662353515625,0.5157470703125,10.9202880859375
122,0.62499999999999911,-0.3214111328125,0.028564453125,10.9456787109375
136,0.2319444444444434,0.1461181640625,0.62762451171875,5.22235107421875
135,0.2319444444444434,-0.23333740234375,1.4744873046875,5.22540283203125
134,0.2319444444444434,0.55511474609375,1.131591796875,5.22607421875
133,0.2319444444444434,-0.18829345703125,0.8785400390625,5.23553466796875
132,0.2319444444444434,0.1522216796875,1.4931640625,5.2352294921875
131,0.2319444444444434,0.2894287109375,0.90057373046875,5.24072265625
130,0.2319444444444434,-0.114013671875,1.18768310546875,5.24609375
129,0.2319444444444434,0.22784423828125,1.21124267578125,5.24810791015625
127,0.63194444444444375,-0.38946533203125,0.71429443359375,10.99664306640625
124,0.63194444444444375,0.48052978515625,0.4853515625,11.02069091796875
122,0.625699250084441,-0.32183837890625,0,10.955810546875
136,0.23888888888888804,0.1474609375,0.60467529296875,5.322509765625
135,0.23888888888888804,-0.24072265625,1.4710693359375,5.32562255859375
134,0.23888888888888804,0.56591796875,1.12030029296875,5.32635498046875
133,0.23888888888888804,-0.19464111328125,0.861328125,5.33599853515625
132,0.23888888888888804,0.15374755859375,1.49017333984375,5.335693359375
131,0.23888888888888804,0.29412841796875,0.8839111328125,5.34130859375
130,0.23888888888888804,-0.11865234375,1.17767333984375,5.3468017578125
129,0.23888888888888804,0.2310791015625,1.20172119140625,5.348876953125
127,0.6388888888888884,-0.3941650390625,0.6856689453125,11.0968017578125
124,0.6388888888888884,0.48443603515625,0.45452880859375,11.12115478515625
136,0.24583333333333179,0.1488037109375,0.58123779296875,5.42266845703125
135,0.24583333333333179,-0.2481689453125,1.4671630859375,5.42584228515625
134,0.24583333333333179,0.57672119140625,1.10845947265625,5.42657470703125
133,0.24583333333333179,-0.20098876953125,0.84368896484375,5.43646240234375
132,0.24583333333333179,0.15521240234375,1.4866943359375,5.4361572265625
131,0.24583333333333179,0.29876708984375,0.86676025390625,5.44195556640625
130,0.24583333333333179,-0.12335205078125,1.1671142578125,5.44757080078125
129,0.24583333333333179,0.234375,1.1917724609375,5.44964599609375
127,0.64583333333333215,-0.39892578125,0.6566162109375,11.197021484375
124,0.64583333333333215,0.48834228515625,0.4232177734375,11.22161865234375
136,0.25277777777777644,0.150146484375,0.5572509765625,5.52288818359375
135,0.25277777777777644,-0.25555419921875,1.4627685546875,5.52606201171875
134,0.25277777777777644,0.58746337890625,1.09613037109375,5.52685546875
133,0.25277777777777644,-0.2073974609375,0.8255615234375,5.53692626953125
132,0.25277777777777644,0.15673828125,1.48272705078125,5.53662109375
131,0.25277777777777644,0.303466796875,0.84912109375,5.54254150390625
130,0.25277777777777644,-0.12799072265625,1.1561279296875,5.54827880859375
129,0.25277777777777644,0.23760986328125,1.18133544921875,5.5504150390625
127,0.65277777777777679,-0.40362548828125,0.6270751953125,11.2972412109375
124,0.65277777777777679,0.49224853515625,0.391357421875,11.32208251953125
136,0.25972222222222108,0.15155029296875,0.53289794921875,5.623046875
135,0.25972222222222108,-0.26300048828125,1.45794677734375,5.6263427734375
134,0.25972222222222108,0.5982666015625,1.08343505859375,5.6270751953125
133,0.25972222222222108,-0.2137451171875,0.80694580078125,5.63739013671875
132,0.25972222222222108,0.158203125,1.4783935546875,5.6370849609375
131,0.25972222222222108,0.30810546875,0.8310546875,5.64312744140625
130,0.25972222222222108,-0.13262939453125,1.14471435546875,5.64898681640625
129,0.25972222222222108,0.2408447265625,1.17041015625,5.65118408203125
127,0.65972222222222143,-0.40838623046875,0.59710693359375,11.3974609375
124,0.65972222222222143,0.49615478515625,0.359130859375,11.42254638671875
136,0.26666666666666572,0.15289306640625,0.508056640625,5.72320556640625
135,0.26666666666666572,-0.2703857421875,1.45263671875,5.7265625
134,0.26666666666666572,0.60906982421875,1.0701904296875,5.72735595703125
133,0.26666666666666572,-0.2200927734375,0.78790283203125,5.73785400390625
132,0.26666666666666572,0.15972900390625,1.4735107421875,5.737548828125
131,0.26666666666666572,0.31280517578125,0.8125,5.74371337890625
130,0.26666666666666572,-0.13726806640625,1.13275146484375,5.74969482421875
129,0.26666666666666572,0.24407958984375,1.1590576171875,5.75189208984375
127,0.66666666666666607,-0.4130859375,0.566650390625,11.4976806640625
124,0.66666666666666607,0.5,0.32635498046875,11.52294921875
136,0.27361111111110947,0.15423583984375,0.482666015625,5.8233642578125
135,0.27361111111110947,-0.27777099609375,1.4468994140625,5.8267822265625
134,0.27361111111110947,0.619873046875,1.0565185546875,5.82763671875
133,0.27361111111110947,-0.22650146484375,0.76837158203125,5.83831787109375
132,0.27361111111110947,0.16119384765625,1.4681396484375,5.83795166015625
131,0.27361111111110947,0.31744384765625,0.79345703125,5.84429931640625
130,0.27361111111110947,-0.1419677734375,1.120361328125,5.85040283203125
129,0.27361111111110947,0.247314453125,1.14715576171875,5.8526611328125
127,0.67361111111110983,-0.4178466796875,0.53564453125,11.597900390625
124,0.67361111111110983,0.50390625,0.29315185546875,11.6234130859375
136,0.28055555555555411,0.15557861328125,0.45684814453125,5.92352294921875
135,0.28055555555555411,-0.28521728515625,1.44061279296875,5.92706298828125
134,0.28055555555555411,0.63067626953125,1.04229736328125,5.9278564453125
133,0.28055555555555411,-0.23284912109375,0.748291015625,5.93878173828125
132,0.28055555555555411,0.1627197265625,1.4622802734375,5.93841552734375
131,0.28055555555555411,0.32208251953125,0.77392578125,5.94488525390625
130,0.28055555555555411,-0.1466064453125,1.107421875,5.95111083984375
129,0.28055555555555411,0.25054931640625,1.13482666015625,5.95343017578125
127,0.68055555555555447,-0.42254638671875,0.50421142578125,11.6981201171875
124,0.68055555555555447,0.5078125,0.25946044921875,11.723876953125
136,0.28749999999999876,0.15692138671875,0.43060302734375,6.023681640625
135,0.28749999999999876,-0.2926025390625,1.43389892578125,6.02728271484375
134,0.28749999999999876,0.6414794921875,1.02764892578125,6.02813720703125
133,0.28749999999999876,-0.23919677734375,0.72784423828125,6.03924560546875
132,0.28749999999999876,0.1641845703125,1.45599365234375,6.03887939453125
131,0.28749999999999876,0.3267822265625,0.75396728515625,6.04547119140625
130,0.28749999999999876,-0.1512451171875,1.0941162109375,6.05181884765625
129,0.28749999999999876,0.2537841796875,1.12200927734375,6.05419921875
127,0.68749999999999911,-0.42730712890625,0.47235107421875,11.79833984375
124,0.68749999999999911,0.51171875,0.22528076171875,11.8243408203125
136,0.2944444444444434,0.1583251953125,0.40380859375,6.12384033203125
135,0.2944444444444434,-0.300048828125,1.42669677734375,6.12750244140625
134,0.2944444444444434,0.65228271484375,1.0125732421875,6.12835693359375
133,0.2944444444444434,-0.24560546875,0.70684814453125,6.13970947265625
132,0.2944444444444434,0.16571044921875,1.44927978515625,6.13934326171875
131,0.2944444444444434,0.3314208984375,0.7335205078125,6.14605712890625
130,0.2944444444444434,-0.1558837890625,1.080322265625,6.15252685546875
129,0.2944444444444434,0.257080078125,1.1087646484375,6.15496826171875
127,0.69444444444444375,-0.4320068359375,0.44000244140625,11.8985595703125
124,0.69444444444444375,0.515625,0.190673828125,11.9248046875
136,0.30138888888888804,0.15966796875,0.3765869140625,6.22406005859375
135,0.30138888888888804,-0.30743408203125,1.41900634765625,6.22772216796875
134,0.30138888888888804,0.6630859375,0.9969482421875,6.2286376953125
133,0.30138888888888804,-0.251953125,0.6854248046875,6.240234375
132,0.30138888888888804,0.16717529296875,1.4420166015625,6.23980712890625
131,0.30138888888888804,0.33612060546875,0.71258544921875,6.24664306640625
130,0.30138888888888804,-0.16058349609375,1.06597900390625,6.2532958984375
129,0.30138888888888804,0.26031494140625,1.094970703125,6.2557373046875
127,0.7013888888888884,-0.43670654296875,0.4071044921875,11.99871826171875
124,0.7013888888888884,0.51953125,0.155517578125,12.02520751953125
136,0.30833333333333179,0.1610107421875,0.348876953125,6.32421875
135,0.30833333333333179,-0.3148193359375,1.41082763671875,6.3280029296875
134,0.30833333333333179,0.67388916015625,0.98089599609375,6.328857421875
133,0.30833333333333179,-0.25830078125,0.66351318359375,6.3406982421875
132,0.30833333333333179,0.168701171875,1.43426513671875,6.34027099609375
131,0.30833333333333179,0.34075927734375,0.691162109375,6.34722900390625
130,0.30833333333333179,-0.16522216796875,1.05120849609375,6.35400390625
129,0.30833333333333179,0.2635498046875,1.08074951171875,6.35650634765625
127,0.70833333333333215,-0.44146728515625,0.373779296875,12.09893798828125
124,0.70833333333333215,0.52337646484375,0.11993408203125,12.12567138671875
136,0.31527777777777644,0.162353515625,0.3206787109375,6.42437744140625
135,0.31527777777777644,-0.322265625,1.40228271484375,6.42822265625
134,0.31527777777777644,0.6846923828125,0.96435546875,6.42913818359375
133,0.31527777777777644,-0.26470947265625,0.64111328125,6.441162109375
132,0.31527777777777644,0.170166015625,1.42608642578125,6.44073486328125
131,0.31527777777777644,0.345458984375,0.6693115234375,6.4478759765625
130,0.31527777777777644,-0.16986083984375,1.0360107421875,6.4547119140625
129,0.31527777777777644,0.26678466796875,1.0660400390625,6.457275390625
127,0.71527777777777679,-0.4461669921875,0.34002685546875,12.19915771484375
124,0.71527777777777679,0.52728271484375,0.08392333984375,12.22613525390625
136,0.32222222222222108,0.1636962890625,0.29205322265625,6.5245361328125
135,0.32222222222222108,-0.32965087890625,1.3931884765625,6.5284423828125
134,0.32222222222222108,0.69549560546875,0.94732666015625,6.52935791015625
133,0.32222222222222108,-0.27105712890625,0.6182861328125,6.5416259765625
132,0.32222222222222108,0.17169189453125,1.41748046875,6.54119873046875
131,0.32222222222222108,0.35009765625,0.64697265625,6.5484619140625
130,0.32222222222222108,-0.17449951171875,1.020263671875,6.555419921875
129,0.32222222222222108,0.27001953125,1.0509033203125,6.5579833984375
127,0.72222222222222143,-0.450927734375,0.3057861328125,12.29937744140625
124,0.72222222222222143,0.53118896484375,0.04736328125,12.32659912109375
136,0.32916666666666572,0.16510009765625,0.262939453125,6.62469482421875
135,0.32916666666666572,-0.33709716796875,1.38360595703125,6.62872314453125
134,0.32916666666666572,0.706298828125,0.92987060546875,6.629638671875
133,0.32916666666666572,-0.27740478515625,0.594970703125,6.64208984375
132,0.32916666666666572,0.1732177734375,1.4083251953125,6.64166259765625
131,0.32916666666666572,0.35479736328125,0.6241455078125,6.6490478515625
130,0.32916666666666572,-0.17919921875,1.00408935546875,6.6561279296875
129,0.32916666666666572,0.27325439453125,1.03521728515625,6.65875244140625
127,0.72916666666666607,-0.45562744140625,0.27105712890625,12.39959716796875
124,0.72641868355191574,0.5335693359375,0,12.3873291015625
136,0.33611111111110947,0.16644287109375,0.23333740234375,6.724853515625
135,0.33611111111110947,-0.344482421875,1.37359619140625,6.72894287109375
134,0.33611111111110947,0.71710205078125,0.91192626953125,6.7298583984375
133,0.33611111111110947,-0.2838134765625,0.5711669921875,6.7425537109375
132,0.33611111111110947,0.1746826171875,1.39874267578125,6.74212646484375
131,0.33611111111110947,0.35943603515625,0.60089111328125,6.7496337890625
130,0.33611111111110947,-0.183837890625,0.9874267578125,6.7568359375
129,0.33611111111110947,0.2764892578125,1.0191650390625,6.759521484375
127,0.73611111111110983,-0.46038818359375,0.23577880859375,12.49981689453125
136,0.34305555555555411,0.16778564453125,0.2032470703125,6.82501220703125
135,0.34305555555555411,-0.3519287109375,1.363037109375,6.82916259765625
134,0.34305555555555411,0.7279052734375,0.89349365234375,6.83013916015625
133,0.34305555555555411,-0.2901611328125,0.546875,6.843017578125
132,0.34305555555555411,0.17620849609375,1.38861083984375,6.84259033203125
131,0.34305555555555411,0.36407470703125,0.57708740234375,6.8502197265625
130,0.34305555555555411,-0.1884765625,0.97027587890625,6.8575439453125
129,0.34305555555555411,0.27978515625,1.0025634765625,6.86029052734375
127,0.74305555555555447,-0.465087890625,0.20013427734375,12.60003662109375
136,0.34999999999999876,0.16912841796875,0.1727294921875,6.9251708984375
135,0.34999999999999876,-0.35931396484375,1.35205078125,6.92938232421875
134,0.34999999999999876,0.73870849609375,0.87457275390625,6.930419921875
133,0.34999999999999876,-0.29656982421875,0.5220947265625,6.9434814453125
132,0.34999999999999876,0.17767333984375,1.37811279296875,6.94305419921875
131,0.34999999999999876,0.3687744140625,0.5528564453125,6.9508056640625
130,0.34999999999999876,-0.193115234375,0.95269775390625,6.958251953125
129,0.34999999999999876,0.28302001953125,0.9854736328125,6.9610595703125
127,0.74999999999999911,-0.4698486328125,0.16400146484375,12.70025634765625
136,0.3569444444444434,0.17047119140625,0.14166259765625,7.025390625
135,0.3569444444444434,-0.36669921875,1.34063720703125,7.0296630859375
134,0.3569444444444434,0.74951171875,0.855224609375,7.0306396484375
133,0.3569444444444434,-0.30291748046875,0.49688720703125,7.0439453125
132,0.3569444444444434,0.17919921875,1.3670654296875,7.04351806640625
131,0.3569444444444434,0.3734130859375,0.52813720703125,7.0513916015625
130,0.3569444444444434,-0.19781494140625,0.9345703125,7.05902099609375
129,0.3569444444444434,0.2862548828125,0.96795654296875,7.06182861328125
127,0.75694444444444375,-0.47454833984375,0.12738037109375,12.80047607421875
136,0.36388888888888804,0.171875,0.1102294921875,7.12554931640625
135,0.36388888888888804,-0.3741455078125,1.3287353515625,7.1298828125
134,0.36388888888888804,0.76031494140625,0.83538818359375,7.13092041015625
133,0.36388888888888804,-0.30926513671875,0.47125244140625,7.14447021484375
132,0.36388888888888804,0.1806640625,1.3555908203125,7.14398193359375
131,0.36388888888888804,0.37811279296875,0.50299072265625,7.1519775390625
130,0.36388888888888804,-0.20245361328125,0.91607666015625,7.15972900390625
129,0.36388888888888804,0.28948974609375,0.949951171875,7.16259765625
127,0.7638888888888884,-0.47930908203125,0.09033203125,12.900634765625
136,0.37083333333333179,0.1732177734375,0.07830810546875,7.2257080078125
135,0.37083333333333179,-0.38153076171875,1.31634521484375,7.2301025390625
134,0.37083333333333179,0.7711181640625,0.8150634765625,7.23114013671875
133,0.37083333333333179,-0.315673828125,0.445068359375,7.24493408203125
132,0.37083333333333179,0.18218994140625,1.3436279296875,7.24444580078125
131,0.37083333333333179,0.38275146484375,0.477294921875,7.2525634765625
130,0.37083333333333179,-0.20709228515625,0.8970947265625,7.26043701171875
129,0.37083333333333179,0.292724609375,0.9315185546875,7.26336669921875
127,0.77083333333333215,-0.4840087890625,0.05267333984375,13.0008544921875
136,0.37777777777777644,0.174560546875,0.04583740234375,7.32586669921875
135,0.37777777777777644,-0.38897705078125,1.303466796875,7.330322265625
134,0.37777777777777644,0.78192138671875,0.7943115234375,7.3314208984375
133,0.37777777777777644,-0.322021484375,0.41845703125,7.34539794921875
132,0.37777777777777644,0.18365478515625,1.33123779296875,7.34490966796875
131,0.37777777777777644,0.387451171875,0.451171875,7.3531494140625
130,0.37777777777777644,-0.21173095703125,0.8775634765625,7.36114501953125
129,0.37777777777777644,0.29595947265625,0.91253662109375,7.36407470703125
127,0.77588505421299614,-0.4874267578125,0,13.07373046875
136,0.38217377861928364,0.1754150390625,0,7.3892822265625
135,0.38472222222222108,-0.3963623046875,1.29010009765625,7.43060302734375
134,0.38472222222222108,0.792724609375,0.77301025390625,7.431640625
133,0.38472222222222108,-0.328369140625,0.391357421875,7.44586181640625
132,0.38472222222222108,0.1851806640625,1.31829833984375,7.44537353515625
131,0.38472222222222108,0.39208984375,0.424560546875,7.4537353515625
130,0.38472222222222108,-0.2164306640625,0.85760498046875,7.46185302734375
129,0.38472222222222108,0.2991943359375,0.89312744140625,7.46484375
135,0.39166666666666572,-0.40374755859375,1.2762451171875,7.53082275390625
134,0.39166666666666572,0.80352783203125,0.75128173828125,7.53192138671875
133,0.39166666666666572,-0.33477783203125,0.36370849609375,7.54632568359375
132,0.39166666666666572,0.1866455078125,1.30487060546875,7.54583740234375
131,0.39166666666666572,0.39678955078125,0.3974609375,7.55438232421875
130,0.39166666666666572,-0.2210693359375,0.83709716796875,7.56256103515625
129,0.39166666666666572,0.30242919921875,0.8731689453125,7.56561279296875
135,0.39861111111110947,-0.41119384765625,1.26202392578125,7.63104248046875
134,0.39861111111110947,0.8143310546875,0.72906494140625,7.63214111328125
133,0.39861111111110947,-0.34112548828125,0.335693359375,7.64678955078125
132,0.39861111111110947,0.18817138671875,1.291015625,7.64630126953125
131,0.39861111111110947,0.40142822265625,0.36993408203125,7.65496826171875
130,0.39861111111110947,-0.2257080078125,0.81622314453125,7.66326904296875
129,0.39861111111110947,0.30572509765625,0.85284423828125,7.6663818359375
137,0,0.08746337890625,1.25909423828125,0.88604736328125
138,0,0.08746337890625,1.25909423828125,0.88604736328125
139,0,0.08746337890625,1.25909423828125,0.88604736328125
140,0,0.08746337890625,1.25909423828125,0.88604736328125
141,0,0.08746337890625,1.25909423828125,0.88604736328125
142,0,0.08746337890625,1.25909423828125,0.88604736328125
143,0,0.08746337890625,1.25909423828125,0.88604736328125
144,0,0.08746337890625,1.25909423828125,0.88604736328125
144,0.0055555555555537595,0.0848388671875,1.27362060546875,1.00738525390625
143,0.0055555555555537595,0.09930419921875,1.25201416015625,1.00750732421875
142,0.0055555555555537595,0.075927734375,1.25775146484375,1.0076904296875
141,0.0055555555555537595,0.09527587890625,1.26824951171875,1.0076904296875
140,0.0055555555555537595,0.0887451171875,1.24969482421875,1.00787353515625
139,0.0055555555555537595,0.0821533203125,1.265380859375,1.00799560546875
138,0.0055555555555537595,0.09466552734375,1.2593994140625,1.008056640625
137,0.0055555555555537595,0.0853271484375,1.257080078125,1.00823974609375
135,0.40555555555555411,-0.4185791015625,1.24725341796875,7.7313232421875
134,0.40555555555555411,0.82513427734375,0.70635986328125,7.732421875
133,0.40555555555555411,-0.34747314453125,0.30712890625,7.74725341796875
132,0.40555555555555411,0.18963623046875,1.27667236328125,7.74676513671875
131,0.40555555555555411,0.40606689453125,0.3419189453125,7.75555419921875
130,0.40555555555555411,-0.2303466796875,0.79486083984375,7.76397705078125
129,0.40555555555555411,0.3089599609375,0.83197021484375,7.76715087890625
144,0.012499999999998401,0.08154296875,1.291748046875,1.1590576171875
143,0.012499999999998401,0.1141357421875,1.24322509765625,1.1593017578125
142,0.012499999999998401,0.0615234375,1.25604248046875,1.1597900390625
141,0.012499999999998401,0.10498046875,1.27972412109375,1.15972900390625
140,0.012499999999998401,0.09039306640625,1.2379150390625,1.16021728515625
139,0.012499999999998401,0.0755615234375,1.27325439453125,1.160400390625
138,0.012499999999998401,0.10369873046875,1.259765625,1.16058349609375
137,0.012499999999998401,0.08270263671875,1.254638671875,1.16094970703125
135,0.41249999999999876,-0.426025390625,1.23199462890625,7.83154296875
134,0.41249999999999876,0.8359375,0.6832275390625,7.8326416015625
133,0.41249999999999876,-0.3538818359375,0.27813720703125,7.84771728515625
132,0.41249999999999876,0.191162109375,1.26190185546875,7.84722900390625
131,0.41249999999999876,0.4107666015625,0.31341552734375,7.85614013671875
130,0.41249999999999876,-0.23504638671875,0.77294921875,7.86474609375
129,0.41249999999999876,0.31219482421875,0.8106689453125,7.867919921875
144,0.019444444444443043,0.0782470703125,1.30987548828125,1.31072998046875
143,0.019444444444443043,0.12896728515625,1.234375,1.31109619140625
142,0.019444444444443043,0.047119140625,1.25439453125,1.3118896484375
141,0.019444444444443043,0.11468505859375,1.29119873046875,1.311767578125
140,0.019444444444443043,0.092041015625,1.2261962890625,1.31256103515625
139,0.019444444444443043,0.0689697265625,1.2811279296875,1.3128662109375
138,0.019444444444443043,0.1126708984375,1.26007080078125,1.31304931640625
137,0.019444444444443043,0.080078125,1.25213623046875,1.313720703125
135,0.4194444444444434,-0.43341064453125,1.21630859375,7.9317626953125
134,0.4194444444444434,0.84674072265625,0.65960693359375,7.93292236328125
133,0.4194444444444434,-0.3602294921875,0.24871826171875,7.94818115234375
132,0.4194444444444434,0.192626953125,1.24664306640625,7.94769287109375
131,0.4194444444444434,0.4154052734375,0.28448486328125,7.95672607421875
130,0.4194444444444434,-0.23968505859375,0.75067138671875,7.9654541015625
129,0.4194444444444434,0.3154296875,0.7889404296875,7.96868896484375
144,0.026388888888887685,0.074951171875,1.32794189453125,1.46234130859375
143,0.026388888888887685,0.14373779296875,1.22552490234375,1.462890625
142,0.026388888888887685,0.03271484375,1.252685546875,1.4639892578125
141,0.026388888888887685,0.12445068359375,1.3026123046875,1.46380615234375
140,0.026388888888887685,0.09368896484375,1.21441650390625,1.46484375
139,0.026388888888887685,0.06231689453125,1.28900146484375,1.46527099609375
138,0.026388888888887685,0.1217041015625,1.26043701171875,1.465576171875
137,0.026388888888887685,0.077392578125,1.24969482421875,1.4664306640625
135,0.42638888888888804,-0.4407958984375,1.20013427734375,8.031982421875
134,0.42638888888888804,0.8575439453125,0.63555908203125,8.033203125
133,0.42638888888888804,-0.3665771484375,0.21875,8.0487060546875
132,0.42638888888888804,0.19415283203125,1.23089599609375,8.04815673828125
131,0.42638888888888804,0.42010498046875,0.25506591796875,8.05731201171875
130,0.42638888888888804,-0.24432373046875,0.7279052734375,8.066162109375
129,0.42638888888888804,0.31866455078125,0.76666259765625,8.0694580078125
144,0.033333333333331439,0.0716552734375,1.3460693359375,1.614013671875
143,0.033333333333331439,0.1585693359375,1.2166748046875,1.61468505859375
142,0.033333333333331439,0.018310546875,1.25103759765625,1.6160888671875
141,0.033333333333331439,0.1341552734375,1.3140869140625,1.6158447265625
140,0.033333333333331439,0.09527587890625,1.20263671875,1.6171875
139,0.033333333333331439,0.05572509765625,1.296875,1.61773681640625
138,0.033333333333331439,0.13067626953125,1.26080322265625,1.61810302734375
137,0.033333333333331439,0.07476806640625,1.2471923828125,1.61920166015625
135,0.43333333333333179,-0.4482421875,1.1834716796875,8.13226318359375
134,0.43333333333333179,0.86834716796875,0.6109619140625,8.1334228515625
133,0.43333333333333179,-0.37298583984375,0.1883544921875,8.149169921875
132,0.43333333333333179,0.19561767578125,1.21466064453125,8.14862060546875
131,0.43333333333333179,0.42474365234375,0.22515869140625,8.15789794921875
130,0.43333333333333179,-0.24896240234375,0.70458984375,8.1668701171875
129,0.43333333333333179,0.3218994140625,0.74395751953125,8.170166015625
144,0.04027777777777608,0.068359375,1.36419677734375,1.76568603515625
143,0.04027777777777608,0.17340087890625,1.2078857421875,1.7664794921875
142,0.04027777777777608,0.00390625,1.24932861328125,1.76812744140625
141,0.04027777777777608,0.1439208984375,1.3255615234375,1.76788330078125
140,0.04027777777777608,0.096923828125,1.19085693359375,1.76947021484375
139,0.04027777777777608,0.04913330078125,1.30474853515625,1.7701416015625
138,0.04027777777777608,0.13970947265625,1.26116943359375,1.7706298828125
137,0.04027777777777608,0.0721435546875,1.24468994140625,1.77191162109375
135,0.44027777777777644,-0.45562744140625,1.1663818359375,8.23248291015625
134,0.44027777777777644,0.879150390625,0.58587646484375,8.23370361328125
133,0.44027777777777644,-0.37933349609375,0.157470703125,8.2496337890625
132,0.44027777777777644,0.1971435546875,1.197998046875,8.24908447265625
131,0.44027777777777644,0.429443359375,0.19476318359375,8.25848388671875
130,0.44027777777777644,-0.253662109375,0.68084716796875,8.267578125
129,0.44027777777777644,0.32513427734375,0.720703125,8.27093505859375
144,0.047222222222220722,0.0650634765625,1.38232421875,1.9173583984375
143,0.047222222222220722,0.188232421875,1.19903564453125,1.91827392578125
142,0.047222222222220722,-0.010498046875,1.2476806640625,1.92022705078125
141,0.047222222222220722,0.15362548828125,1.3370361328125,1.919921875
140,0.047222222222220722,0.09857177734375,1.17913818359375,1.92181396484375
139,0.047222222222220722,0.04248046875,1.31256103515625,1.922607421875
138,0.047222222222220722,0.14874267578125,1.26153564453125,1.923095703125
137,0.047222222222220722,0.06951904296875,1.24224853515625,1.92462158203125
135,0.44722222222222108,-0.46307373046875,1.14874267578125,8.33270263671875
134,0.44722222222222108,0.88995361328125,0.56036376953125,8.33392333984375
133,0.44722222222222108,-0.3857421875,0.12603759765625,8.35009765625
132,0.44722222222222108,0.1986083984375,1.1807861328125,8.34954833984375
131,0.44722222222222108,0.43408203125,0.16387939453125,8.35906982421875
130,0.44722222222222108,-0.25830078125,0.6566162109375,8.3682861328125
129,0.44722222222222108,0.32843017578125,0.697021484375,8.3717041015625
144,0.054166666666665364,0.061767578125,1.40045166015625,2.06903076171875
143,0.054166666666665364,0.20306396484375,1.190185546875,2.070068359375
142,0.054166666666665364,-0.02496337890625,1.2459716796875,2.07232666015625
141,0.054166666666665364,0.16339111328125,1.34844970703125,2.07196044921875
140,0.054166666666665364,0.1002197265625,1.1673583984375,2.0740966796875
139,0.054166666666665364,0.035888671875,1.3204345703125,2.07501220703125
138,0.054166666666665364,0.15771484375,1.26190185546875,2.07562255859375
137,0.054166666666665364,0.06683349609375,1.23974609375,2.077392578125
135,0.45416666666666572,-0.470458984375,1.13067626953125,8.4329833984375
134,0.45416666666666572,0.9007568359375,0.53436279296875,8.4342041015625
133,0.45416666666666572,-0.39208984375,0.09423828125,8.4505615234375
132,0.45416666666666572,0.20013427734375,1.16314697265625,8.45001220703125
131,0.45416666666666572,0.43878173828125,0.132568359375,8.45965576171875
130,0.45416666666666572,-0.262939453125,0.63189697265625,8.468994140625
129,0.45416666666666572,0.3316650390625,0.6728515625,8.47247314453125
144,0.061111111111109118,0.0584716796875,1.4185791015625,2.220703125
143,0.061111111111109118,0.21783447265625,1.181396484375,2.221923828125
142,0.061111111111109118,-0.03936767578125,1.24432373046875,2.22442626953125
141,0.061111111111109118,0.173095703125,1.35992431640625,2.22393798828125
140,0.061111111111109118,0.101806640625,1.15557861328125,2.2264404296875
139,0.061111111111109118,0.029296875,1.32830810546875,2.2274169921875
138,0.061111111111109118,0.166748046875,1.26226806640625,2.2281494140625
137,0.061111111111109118,0.064208984375,1.23724365234375,2.2301025390625
135,0.46111111111110947,-0.47784423828125,1.11212158203125,8.533203125
134,0.46111111111110947,0.91156005859375,0.5079345703125,8.534423828125
133,0.46111111111110947,-0.3984375,0.0618896484375,8.551025390625
132,0.46111111111110947,0.20159912109375,1.14501953125,8.55047607421875
131,0.46111111111110947,0.44342041015625,0.10076904296875,8.56024169921875
130,0.46111111111110947,-0.267578125,0.60675048828125,8.5697021484375
129,0.46111111111110947,0.33489990234375,0.64825439453125,8.5732421875
144,0.068055555555553759,0.05517578125,1.43670654296875,2.372314453125
143,0.068055555555553759,0.232666015625,1.17254638671875,2.3736572265625
142,0.068055555555553759,-0.05377197265625,1.24261474609375,2.37646484375
141,0.068055555555553759,0.18280029296875,1.37139892578125,2.3759765625
140,0.068055555555553759,0.10345458984375,1.14385986328125,2.378662109375
139,0.068055555555553759,0.02264404296875,1.336181640625,2.37982177734375
138,0.068055555555553759,0.17572021484375,1.2625732421875,2.380615234375
137,0.068055555555553759,0.06158447265625,1.23480224609375,2.3828125
135,0.46805555555555411,-0.48529052734375,1.0931396484375,8.6334228515625
134,0.46805555555555411,0.92236328125,0.48101806640625,8.63470458984375
133,0.46805555555555411,-0.40484619140625,0.0291748046875,8.6514892578125
132,0.46805555555555411,0.203125,1.12652587890625,8.65093994140625
131,0.46805555555555411,0.44805908203125,0.06854248046875,8.660888671875
130,0.46805555555555411,-0.27227783203125,0.58111572265625,8.67047119140625
129,0.46805555555555411,0.338134765625,0.6231689453125,8.67401123046875
144,0.0749999999999984,0.05194091796875,1.4542236328125,2.5220947265625
143,0.0749999999999984,0.247314453125,1.1634521484375,2.5235595703125
142,0.0749999999999984,-0.0679931640625,1.2406005859375,2.52667236328125
141,0.0749999999999984,0.19244384765625,1.38232421875,2.526123046875
140,0.0749999999999984,0.1051025390625,1.13189697265625,2.52911376953125
139,0.0749999999999984,0.01611328125,1.34356689453125,2.5303955078125
138,0.0749999999999984,0.18463134765625,1.2625732421875,2.53125
137,0.0749999999999984,0.0589599609375,1.23199462890625,2.53363037109375
135,0.47499999999999876,-0.49267578125,1.0736083984375,8.733642578125
134,0.47499999999999876,0.93316650390625,0.45355224609375,8.73492431640625
133,0.4689245665564199,-0.4056396484375,0,8.6640625
132,0.47499999999999876,0.20458984375,1.107421875,8.75140380859375
131,0.47499999999999876,0.4527587890625,0.0357666015625,8.761474609375
130,0.47499999999999876,-0.27691650390625,0.55499267578125,8.77117919921875
129,0.47499999999999876,0.34136962890625,0.59759521484375,8.7747802734375
144,0.081944444444443043,0.0487060546875,1.4710693359375,2.669189453125
143,0.081944444444443043,0.26165771484375,1.15411376953125,2.6707763671875
142,0.081944444444443043,-0.08197021484375,1.2381591796875,2.67413330078125
141,0.081944444444443043,0.201904296875,1.39263916015625,2.673583984375
140,0.081944444444443043,0.106689453125,1.11968994140625,2.67681884765625
139,0.081944444444443043,0.00970458984375,1.35040283203125,2.67822265625
138,0.081944444444443043,0.193359375,1.26214599609375,2.67913818359375
137,0.081944444444443043,0.056396484375,1.228759765625,2.6817626953125
135,0.4819444444444434,-0.5001220703125,1.05364990234375,8.83392333984375
134,0.4819444444444434,0.9439697265625,0.42572021484375,8.835205078125
132,0.4819444444444434,0.20611572265625,1.087890625,8.85186767578125
131,0.4772492849444902,0.45428466796875,0,8.7940673828125
130,0.4819444444444434,-0.28155517578125,0.5284423828125,8.87188720703125
129,0.4819444444444434,0.3446044921875,0.571533203125,8.87554931640625
144,0.088888888888887685,0.04559326171875,1.48699951171875,2.8135986328125
143,0.088888888888887685,0.2757568359375,1.1444091796875,2.8153076171875
142,0.088888888888887685,-0.095703125,1.23529052734375,2.8189697265625
141,0.088888888888887685,0.21112060546875,1.40228271484375,2.81829833984375
140,0.088888888888887685,0.10821533203125,1.107177734375,2.8218994140625
139,0.088888888888887685,0.00341796875,1.35662841796875,2.8233642578125
138,0.088888888888887685,0.20196533203125,1.26123046875,2.8243408203125
137,0.088888888888887685,0.05389404296875,1.22509765625,2.82720947265625
135,0.48888888888888804,-0.50750732421875,1.03326416015625,8.93414306640625
134,0.48888888888888804,0.95477294921875,0.3973388671875,8.9354248046875
132,0.48888888888888804,0.20758056640625,1.06787109375,8.95233154296875
130,0.48888888888888804,-0.28619384765625,0.5013427734375,8.97259521484375
129,0.48888888888888804,0.34783935546875,0.5450439453125,8.97625732421875
144,0.095833333333331439,0.04248046875,1.50225830078125,2.955322265625
143,0.095833333333331439,0.28961181640625,1.13446044921875,2.95721435546875
142,0.095833333333331439,-0.109130859375,1.23199462890625,2.96112060546875
141,0.095833333333331439,0.22021484375,1.4112548828125,2.96038818359375
140,0.095833333333331439,0.1097412109375,1.094482421875,2.9642333984375
139,0.095833333333331439,-0.00274658203125,1.3623046875,2.9658203125
138,0.095833333333331439,0.21038818359375,1.25982666015625,2.96685791015625
137,0.095833333333331439,0.0513916015625,1.2210693359375,2.96990966796875
135,0.49583333333333179,-0.51495361328125,1.0123291015625,9.03436279296875
134,0.49583333333333179,0.965576171875,0.3685302734375,9.03570556640625
132,0.49583333333333179,0.2091064453125,1.04742431640625,9.05279541015625
130,0.49583333333333179,-0.2908935546875,0.47381591796875,9.07330322265625
129,0.49583333333333179,0.35113525390625,0.51806640625,9.0770263671875
144,0.10277777777777608,0.03948974609375,1.5166015625,3.0943603515625
143,0.10277777777777608,0.30322265625,1.12408447265625,3.09637451171875
142,0.10277777777777608,-0.12237548828125,1.22821044921875,3.10052490234375
141,0.10277777777777608,0.22918701171875,1.41949462890625,3.09979248046875
140,0.10277777777777608,0.11126708984375,1.08148193359375,3.1038818359375
139,0.10277777777777608,-0.00885009765625,1.36724853515625,3.10552978515625
138,0.10277777777777608,0.2186279296875,1.25787353515625,3.106689453125
137,0.10277777777777608,0.04901123046875,1.216552734375,3.1099853515625
135,0.50277777777777644,-0.5223388671875,0.990966796875,9.13458251953125
134,0.50277777777777644,0.97637939453125,0.3392333984375,9.13592529296875
132,0.50277777777777644,0.2105712890625,1.0264892578125,9.15325927734375
130,0.50277777777777644,-0.2955322265625,0.44586181640625,9.17401123046875
129,0.50277777777777644,0.3543701171875,0.4906005859375,9.17779541015625
144,0.10972222222222072,0.0364990234375,1.53021240234375,3.230712890625
143,0.10972222222222072,0.3165283203125,1.11346435546875,3.23284912109375
142,0.10972222222222072,-0.13531494140625,1.2239990234375,3.23724365234375
141,0.10972222222222072,0.2379150390625,1.4271240234375,3.2364501953125
140,0.10972222222222072,0.11273193359375,1.06817626953125,3.24078369140625
139,0.10972222222222072,-0.0147705078125,1.37164306640625,3.24261474609375
138,0.10972222222222072,0.22674560546875,1.25555419921875,3.24383544921875
137,0.10972222222222072,0.046630859375,1.211669921875,3.24725341796875
135,0.50972222222222108,-0.52972412109375,0.9691162109375,9.23486328125
134,0.50972222222222108,0.9871826171875,0.3094482421875,9.2362060546875
132,0.50972222222222108,0.21209716796875,1.00506591796875,9.25372314453125
130,0.50972222222222108,-0.3001708984375,0.4173583984375,9.27471923828125
129,0.50972222222222108,0.35760498046875,0.46270751953125,9.278564453125
144,0.11666666666666536,0.03363037109375,1.54302978515625,3.3643798828125
143,0.11666666666666536,0.32958984375,1.10247802734375,3.36663818359375
142,0.11666666666666536,-0.14801025390625,1.2193603515625,3.371337890625
141,0.11666666666666536,0.2464599609375,1.43408203125,3.3704833984375
140,0.11666666666666536,0.1141357421875,1.05462646484375,3.37506103515625
139,0.11666666666666536,-0.02056884765625,1.3753662109375,3.376953125
138,0.11666666666666536,0.23468017578125,1.252685546875,3.37823486328125
137,0.11666666666666536,0.04425048828125,1.206298828125,3.38189697265625
135,0.51666666666666572,-0.53717041015625,0.94677734375,9.3350830078125
134,0.51666666666666572,0.99798583984375,0.27923583984375,9.33648681640625
132,0.51666666666666572,0.21356201171875,0.983154296875,9.35418701171875
130,0.51666666666666572,-0.3048095703125,0.388427734375,9.37542724609375
129,0.51666666666666572,0.36083984375,0.43426513671875,9.37933349609375
144,0.12361111111110912,0.03076171875,1.5550537109375,3.495361328125
143,0.12361111111110912,0.3424072265625,1.09124755859375,3.49774169921875
142,0.12361111111110912,-0.16046142578125,1.21429443359375,3.502685546875
141,0.12361111111110912,0.2548828125,1.44036865234375,3.50177001953125
140,0.12361111111110912,0.11553955078125,1.0408935546875,3.506591796875
139,0.12361111111110912,-0.02630615234375,1.37860107421875,3.50860595703125
138,0.12361111111110912,0.242431640625,1.2493896484375,3.50994873046875
137,0.12361111111110912,0.0419921875,1.2005615234375,3.5137939453125
135,0.52361111111110947,-0.5445556640625,0.9239501953125,9.435302734375
134,0.52361111111110947,1.0087890625,0.24847412109375,9.43670654296875
132,0.52361111111110947,0.215087890625,0.96075439453125,9.45465087890625
130,0.52361111111110947,-0.30950927734375,0.35894775390625,9.4761962890625
129,0.52361111111110947,0.36407470703125,0.4053955078125,9.4801025390625
144,0.13055555555555376,0.02801513671875,1.56622314453125,3.6236572265625
143,0.13055555555555376,0.35491943359375,1.07965087890625,3.62615966796875
142,0.13055555555555376,-0.17266845703125,1.208740234375,3.63128662109375
141,0.13055555555555376,0.26312255859375,1.4459228515625,3.63037109375
140,0.13055555555555376,0.116943359375,1.02679443359375,3.63543701171875
139,0.13055555555555376,-0.03192138671875,1.381103515625,3.63751220703125
138,0.13055555555555376,0.25006103515625,1.24554443359375,3.63897705078125
137,0.13055555555555376,0.03973388671875,1.19427490234375,3.64300537109375
135,0.53055555555555411,-0.552001953125,0.9007568359375,9.53558349609375
134,0.53055555555555411,1.01959228515625,0.21734619140625,9.5369873046875
132,0.53055555555555411,0.216552734375,0.93798828125,9.55511474609375
130,0.53055555555555411,-0.31414794921875,0.3291015625,9.576904296875
129,0.53055555555555411,0.3673095703125,0.37603759765625,9.58087158203125
144,0.1374999999999984,0.0252685546875,1.57666015625,3.749267578125
143,0.1374999999999984,0.3671875,1.0677490234375,3.75189208984375
142,0.1374999999999984,-0.1845703125,1.2027587890625,3.75726318359375
141,0.1374999999999984,0.27117919921875,1.4508056640625,3.75628662109375
140,0.1374999999999984,0.1182861328125,1.01251220703125,3.7615966796875
139,0.1374999999999984,-0.037353515625,1.38299560546875,3.7637939453125
138,0.1374999999999984,0.25750732421875,1.24127197265625,3.7652587890625
137,0.1374999999999984,0.03759765625,1.18768310546875,3.76947021484375
135,0.53749999999999876,-0.55938720703125,0.87701416015625,9.63580322265625
134,0.53749999999999876,1.0303955078125,0.1856689453125,9.63720703125
132,0.53749999999999876,0.21807861328125,0.9146728515625,9.65557861328125
130,0.53749999999999876,-0.31878662109375,0.29876708984375,9.6776123046875
129,0.53749999999999876,0.37054443359375,0.34625244140625,9.681640625
144,0.14444444444444304,0.0225830078125,1.5863037109375,3.8721923828125
143,0.14444444444444304,0.37921142578125,1.0555419921875,3.8748779296875
142,0.14444444444444304,-0.19622802734375,1.19635009765625,3.88055419921875
141,0.14444444444444304,0.279052734375,1.45501708984375,3.8795166015625
140,0.14444444444444304,0.11962890625,0.99786376953125,3.88507080078125
139,0.14444444444444304,-0.042724609375,1.38433837890625,3.8873291015625
138,0.14444444444444304,0.26483154296875,1.2364501953125,3.888916015625
137,0.14444444444444304,0.035400390625,1.18060302734375,3.893310546875
135,0.5444444444444434,-0.5667724609375,0.852783203125,9.73602294921875
134,0.5444444444444434,1.04119873046875,0.153564453125,9.73748779296875
132,0.5444444444444434,0.21954345703125,0.890869140625,9.75604248046875
130,0.5444444444444434,-0.32342529296875,0.26788330078125,9.7783203125
129,0.5444444444444434,0.373779296875,0.31591796875,9.7823486328125
144,0.15138888888888768,0.01995849609375,1.59521484375,3.992431640625
143,0.15138888888888768,0.39093017578125,1.04302978515625,3.9952392578125
142,0.15138888888888768,-0.20770263671875,1.18951416015625,4.0010986328125
141,0.15138888888888768,0.28680419921875,1.4586181640625,4.00006103515625
140,0.15138888888888768,0.12091064453125,0.98309326171875,4.00579833984375
139,0.15138888888888768,-0.0479736328125,1.38507080078125,4.0081787109375
138,0.15138888888888768,0.27197265625,1.23126220703125,4.00982666015625
137,0.15138888888888768,0.0333251953125,1.173095703125,4.014404296875
135,0.551388888888888,-0.57421875,0.82806396484375,9.83624267578125
134,0.551388888888888,1.052001953125,0.12091064453125,9.83770751953125
132,0.551388888888888,0.2210693359375,0.8665771484375,9.85650634765625
130,0.551388888888888,-0.328125,0.236572265625,9.8790283203125
129,0.551388888888888,0.3770751953125,0.28515625,9.88311767578125
144,0.15833333333333144,0.0174560546875,1.60321044921875,4.1099853515625
143,0.15833333333333144,0.40240478515625,1.0301513671875,4.1129150390625
142,0.15833333333333144,-0.2188720703125,1.18218994140625,4.1190185546875
141,0.15833333333333144,0.2943115234375,1.46148681640625,4.117919921875
140,0.15833333333333144,0.1221923828125,0.9678955078125,4.12384033203125
139,0.15833333333333144,-0.0531005859375,1.3851318359375,4.1263427734375
138,0.15833333333333144,0.2789306640625,1.22552490234375,4.1280517578125
137,0.15833333333333144,0.03131103515625,1.1651611328125,4.13275146484375
135,0.55833333333333179,-0.58160400390625,0.80291748046875,9.9365234375
134,0.55833333333333179,1.06280517578125,0.08782958984375,9.93798828125
132,0.55833333333333179,0.22259521484375,0.8419189453125,9.95697021484375
130,0.55833333333333179,-0.332763671875,0.204833984375,9.979736328125
129,0.55833333333333179,0.38031005859375,0.25390625,9.98388671875
144,0.16527777777777608,0.01495361328125,1.6104736328125,4.224853515625
143,0.16527777777777608,0.41363525390625,1.0169677734375,4.2279052734375
142,0.16527777777777608,-0.229736328125,1.1744384765625,4.23419189453125
141,0.16527777777777608,0.30169677734375,1.46368408203125,4.23309326171875
140,0.16527777777777608,0.1234130859375,0.9525146484375,4.23919677734375
139,0.16527777777777608,-0.05810546875,1.3846435546875,4.24176025390625
138,0.16527777777777608,0.2857666015625,1.21929931640625,4.2435302734375
137,0.16527777777777608,0.029296875,1.15679931640625,4.24847412109375
135,0.56527777777777644,-0.58905029296875,0.77728271484375,10.0367431640625
134,0.56527777777777644,1.0736083984375,0.0543212890625,10.0382080078125
132,0.56527777777777644,0.22406005859375,0.81671142578125,10.05743408203125
130,0.56527777777777644,-0.33740234375,0.17254638671875,10.0804443359375
129,0.56527777777777644,0.383544921875,0.22222900390625,10.08465576171875
144,0.17222222222222072,0.01251220703125,1.616943359375,4.3370361328125
143,0.17222222222222072,0.42462158203125,1.0035400390625,4.34014892578125
142,0.17222222222222072,-0.24041748046875,1.166259765625,4.3466796875
141,0.17222222222222072,0.30889892578125,1.46527099609375,4.34552001953125
140,0.17222222222222072,0.1246337890625,0.93695068359375,4.35186767578125
139,0.17222222222222072,-0.06298828125,1.383544921875,4.35455322265625
138,0.17222222222222072,0.29241943359375,1.212646484375,4.3563232421875
137,0.17222222222222072,0.02734375,1.1480712890625,4.3614501953125
135,0.57222222222222108,-0.596435546875,0.751220703125,10.136962890625
134,0.57125398245253711,1.0828857421875,0,10.12451171875
132,0.57222222222222108,0.2255859375,0.791015625,10.15789794921875
130,0.57222222222222108,-0.342041015625,0.13983154296875,10.18115234375
129,0.57222222222222108,0.38677978515625,0.1900634765625,10.1854248046875
144,0.17916666666666536,0.0101318359375,1.62261962890625,4.446533203125
143,0.17916666666666536,0.435302734375,0.98974609375,4.44976806640625
142,0.17916666666666536,-0.2508544921875,1.1575927734375,4.45648193359375
141,0.17916666666666536,0.31591796875,1.466064453125,4.455322265625
140,0.17916666666666536,0.12579345703125,0.9210205078125,4.46185302734375
139,0.17916666666666536,-0.0677490234375,1.38177490234375,4.464599609375
138,0.17916666666666536,0.2989501953125,1.20550537109375,4.4664306640625
137,0.17916666666666536,0.025390625,1.13885498046875,4.4716796875
135,0.57916666666666572,-0.60382080078125,0.72467041015625,10.2371826171875
132,0.57916666666666572,0.22705078125,0.764892578125,10.25836181640625
130,0.57916666666666572,-0.34674072265625,0.10662841796875,10.28192138671875
129,0.57916666666666572,0.3900146484375,0.15740966796875,10.28619384765625
144,0.18611111111110912,0.0078125,1.62750244140625,4.5533447265625
143,0.18611111111110912,0.44573974609375,0.97564697265625,4.55670166015625
142,0.18611111111110912,-0.260986328125,1.1485595703125,4.5635986328125
141,0.18611111111110912,0.32275390625,1.46624755859375,4.5623779296875
140,0.18611111111110912,0.126953125,0.90484619140625,4.56915283203125
139,0.18611111111110912,-0.07244873046875,1.37945556640625,4.57196044921875
138,0.18611111111110912,0.3052978515625,1.1978759765625,4.5738525390625
137,0.18611111111110912,0.0235595703125,1.12921142578125,4.57928466796875
135,0.58611111111110947,-0.61126708984375,0.69757080078125,10.33746337890625
132,0.58611111111110947,0.22857666015625,0.73828125,10.35882568359375
130,0.58611111111110947,-0.35137939453125,0.07293701171875,10.38262939453125
129,0.58611111111110947,0.39324951171875,0.124267578125,10.386962890625
144,0.19305555555555376,0.00555419921875,1.631591796875,4.657470703125
143,0.19305555555555376,0.4559326171875,0.961181640625,4.660888671875
142,0.19305555555555376,-0.2708740234375,1.1390380859375,4.66802978515625
141,0.19305555555555376,0.3294677734375,1.46575927734375,4.666748046875
140,0.19305555555555376,0.1280517578125,0.888427734375,4.6737060546875
139,0.19305555555555376,-0.07696533203125,1.37646484375,4.67657470703125
138,0.19305555555555376,0.31146240234375,1.18975830078125,4.6785888671875
137,0.19305555555555376,0.021728515625,1.119140625,4.68414306640625
135,0.59305555555555411,-0.61865234375,0.6700439453125,10.43768310546875
132,0.59305555555555411,0.23004150390625,0.711181640625,10.45928955078125
130,0.59305555555555411,-0.35601806640625,0.038818359375,10.48333740234375
129,0.59305555555555411,0.396484375,0.09063720703125,10.48773193359375
144,0.1999999999999984,0.00335693359375,1.63482666015625,4.7589111328125
143,0.1999999999999984,0.4658203125,0.94647216796875,4.762451171875
142,0.1999999999999984,-0.280517578125,1.12908935546875,4.769775390625
141,0.1999999999999984,0.3359375,1.464599609375,4.7684326171875
140,0.1999999999999984,0.129150390625,0.8717041015625,4.77557373046875
139,0.1999999999999984,-0.0814208984375,1.37286376953125,4.778564453125
138,0.1999999999999984,0.3175048828125,1.18115234375,4.78057861328125
137,0.1999999999999984,0.01995849609375,1.108642578125,4.7862548828125
135,0.59999999999999876,-0.6260986328125,0.64202880859375,10.53790283203125
132,0.59999999999999876,0.2315673828125,0.68359375,10.55975341796875
130,0.59582110695198232,-0.35784912109375,0,10.5234375
129,0.59999999999999876,0.3997802734375,0.05657958984375,10.5885009765625
144,0.20694444444444304,0.00115966796875,1.637451171875,4.8590087890625
143,0.20694444444444304,0.4755859375,0.9312744140625,4.86260986328125
142,0.20694444444444304,-0.2900390625,1.11865234375,4.8701171875
141,0.20694444444444304,0.3424072265625,1.46282958984375,4.8687744140625
140,0.20694444444444304,0.1302490234375,0.8546142578125,4.8760986328125
139,0.20694444444444304,-0.08575439453125,1.36871337890625,4.879150390625
138,0.20694444444444304,0.32342529296875,1.17205810546875,4.8812255859375
137,0.20694444444444304,0.01824951171875,1.09765625,4.8870849609375
135,0.6069444444444434,-0.63348388671875,0.61358642578125,10.63818359375
132,0.6069444444444434,0.2330322265625,0.65557861328125,10.66021728515625
129,0.60634570117258557,0.4027099609375,0,10.6805419921875
144,0.21388888888888768,-0.00103759765625,1.6396484375,4.9591064453125
143,0.21388888888888768,0.48541259765625,0.91571044921875,4.96282958984375
142,0.21388888888888768,-0.29949951171875,1.10772705078125,4.97052001953125
141,0.21388888888888768,0.34881591796875,1.46063232421875,4.9691162109375
140,0.21388888888888768,0.13128662109375,0.8370361328125,4.97662353515625
139,0.21388888888888768,-0.09014892578125,1.36419677734375,4.979736328125
138,0.21388888888888768,0.32940673828125,1.1624755859375,4.98187255859375
137,0.21388888888888768,0.0164794921875,1.08624267578125,4.9879150390625
135,0.613888888888888,-0.640869140625,0.584716796875,10.7384033203125
132,0.613888888888888,0.23455810546875,0.62713623046875,10.76068115234375
144,0.22083333333333144,-0.003173828125,1.641357421875,5.0592041015625
143,0.22083333333333144,0.49517822265625,0.89959716796875,5.06298828125
142,0.22083333333333144,-0.30902099609375,1.09637451171875,5.07086181640625
141,0.22083333333333144,0.355224609375,1.45794677734375,5.0694580078125
140,0.22083333333333144,0.13238525390625,0.81903076171875,5.0771484375
139,0.22083333333333144,-0.094482421875,1.359130859375,5.08038330078125
138,0.22083333333333144,0.3353271484375,1.1524658203125,5.08258056640625
137,0.22083333333333144,0.0147705078125,1.07440185546875,5.08868408203125
135,0.62083333333333179,-0.6483154296875,0.55523681640625,10.838623046875
132,0.62083333333333179,0.23602294921875,0.59808349609375,10.86114501953125
144,0.22777777777777608,-0.00537109375,1.642578125,5.1593017578125
143,0.22777777777777608,0.50494384765625,0.883056640625,5.1632080078125
142,0.22777777777777608,-0.31854248046875,1.08453369140625,5.1712646484375
141,0.22777777777777608,0.36163330078125,1.45477294921875,5.1697998046875
140,0.22777777777777608,0.13348388671875,0.800537109375,5.17767333984375
139,0.22777777777777608,-0.098876953125,1.35357666015625,5.18096923828125
138,0.22777777777777608,0.34130859375,1.1419677734375,5.1832275390625
137,0.22777777777777608,0.01300048828125,1.06201171875,5.18951416015625
135,0.62777777777777644,-0.65570068359375,0.525390625,10.9388427734375
132,0.62777777777777644,0.237548828125,0.56866455078125,10.96160888671875
144,0.23472222222222072,-0.007568359375,1.64337158203125,5.2593994140625
143,0.23472222222222072,0.51470947265625,0.86602783203125,5.26336669921875
142,0.23472222222222072,-0.32806396484375,1.072265625,5.27166748046875
141,0.23472222222222072,0.36810302734375,1.45111083984375,5.2701416015625
140,0.23472222222222072,0.134521484375,0.7816162109375,5.2781982421875
139,0.23472222222222072,-0.10321044921875,1.34759521484375,5.28155517578125
138,0.23472222222222072,0.34722900390625,1.13104248046875,5.28387451171875
137,0.23472222222222072,0.01123046875,1.0491943359375,5.290283203125
135,0.63472222222222108,-0.66314697265625,0.4949951171875,11.03912353515625
132,0.63472222222222108,0.239013671875,0.5386962890625,11.06207275390625
144,0.24166666666666536,-0.00970458984375,1.64361572265625,5.3594970703125
143,0.24166666666666536,0.52447509765625,0.8485107421875,5.36358642578125
142,0.24166666666666536,-0.33758544921875,1.0594482421875,5.37200927734375
141,0.24166666666666536,0.37451171875,1.44696044921875,5.3704833984375
140,0.24166666666666536,0.1356201171875,0.76214599609375,5.37872314453125
139,0.24166666666666536,-0.10760498046875,1.341064453125,5.3822021484375
138,0.24166666666666536,0.3531494140625,1.11956787109375,5.384521484375
137,0.24166666666666536,0.009521484375,1.03582763671875,5.39111328125
135,0.64166666666666572,-0.6705322265625,0.46417236328125,11.13934326171875
132,0.64166666666666572,0.24053955078125,0.50830078125,11.16253662109375
144,0.24861111111110912,-0.01190185546875,1.6434326171875,5.4595947265625
143,0.24861111111110912,0.5343017578125,0.83050537109375,5.4637451171875
142,0.24861111111110912,-0.34710693359375,1.046142578125,5.472412109375
141,0.24861111111110912,0.38092041015625,1.4423828125,5.47088623046875
140,0.24861111111110912,0.13671875,0.74224853515625,5.47930908203125
139,0.24861111111110912,-0.1119384765625,1.3341064453125,5.4827880859375
138,0.24861111111110912,0.359130859375,1.107666015625,5.48516845703125
137,0.24861111111110912,0.00775146484375,1.02203369140625,5.491943359375
135,0.64861111111110947,-0.677978515625,0.432861328125,11.23956298828125
132,0.64861111111110947,0.24200439453125,0.47747802734375,11.26300048828125
144,0.25555555555555376,-0.0140380859375,1.642822265625,5.5596923828125
143,0.25555555555555376,0.5440673828125,0.81207275390625,5.56396484375
142,0.25555555555555376,-0.3565673828125,1.032470703125,5.57275390625
141,0.25555555555555376,0.3873291015625,1.4373779296875,5.57122802734375
140,0.25555555555555376,0.13775634765625,0.721923828125,5.579833984375
139,0.25555555555555376,-0.1163330078125,1.32672119140625,5.5833740234375
138,0.25555555555555376,0.36505126953125,1.0953369140625,5.5858154296875
137,0.25555555555555376,0.00604248046875,1.0078125,5.59271240234375
135,0.65555555555555411,-0.68536376953125,0.401123046875,11.33984375
132,0.65555555555555411,0.2435302734375,0.44610595703125,11.36346435546875
144,0.2624999999999984,-0.0162353515625,1.64166259765625,5.6597900390625
143,0.2624999999999984,0.5538330078125,0.79315185546875,5.66412353515625
142,0.2624999999999984,-0.3660888671875,1.01824951171875,5.67315673828125
141,0.2624999999999984,0.39373779296875,1.43182373046875,5.67156982421875
140,0.2624999999999984,0.13885498046875,0.70098876953125,5.68035888671875
139,0.2624999999999984,-0.12066650390625,1.31878662109375,5.6839599609375
138,0.2624999999999984,0.37103271484375,1.08245849609375,5.6865234375
137,0.2624999999999984,0.0042724609375,0.99310302734375,5.69354248046875
135,0.66249999999999876,-0.6927490234375,0.368896484375,11.4400634765625
132,0.66249999999999876,0.2449951171875,0.414306640625,11.46392822265625
144,0.26944444444444304,-0.0184326171875,1.64007568359375,5.7598876953125
143,0.26944444444444304,0.5635986328125,0.77374267578125,5.76434326171875
142,0.26944444444444304,-0.3756103515625,1.00360107421875,5.77349853515625
141,0.26944444444444304,0.40020751953125,1.42584228515625,5.77191162109375
140,0.26944444444444304,0.13995361328125,0.6796875,5.7808837890625
139,0.26944444444444304,-0.12506103515625,1.3104248046875,5.78460693359375
138,0.26944444444444304,0.376953125,1.069091796875,5.78717041015625
137,0.26944444444444304,0.0025634765625,0.9779052734375,5.7943115234375
135,0.6694444444444434,-0.7001953125,0.33612060546875,11.540283203125
132,0.6694444444444434,0.24652099609375,0.3819580078125,11.56439208984375
144,0.27638888888888768,-0.02056884765625,1.63800048828125,5.8599853515625
143,0.27638888888888768,0.57342529296875,0.75390625,5.864501953125
142,0.27638888888888768,-0.3851318359375,0.98846435546875,5.8739013671875
141,0.27638888888888768,0.4066162109375,1.41937255859375,5.87225341796875
140,0.27638888888888768,0.1409912109375,0.65789794921875,5.88140869140625
139,0.27638888888888768,-0.12939453125,1.30157470703125,5.88519287109375
138,0.27638888888888768,0.38287353515625,1.0552978515625,5.8878173828125
137,0.27638888888888768,0.00079345703125,0.96221923828125,5.8951416015625
135,0.676388888888888,-0.70758056640625,0.30291748046875,11.6405029296875
132,0.676388888888888,0.24798583984375,0.3492431640625,11.66485595703125
144,0.28333333333333144,-0.02276611328125,1.63543701171875,5.9600830078125
143,0.28333333333333144,0.58319091796875,0.7335205078125,5.9647216796875
142,0.28333333333333144,-0.3946533203125,0.97283935546875,5.97430419921875
141,0.28333333333333144,0.41302490234375,1.41241455078125,5.97259521484375
140,0.28333333333333144,0.14208984375,0.6356201171875,5.98193359375
139,0.28333333333333144,-0.1337890625,1.292236328125,5.98577880859375
138,0.28333333333333144,0.38885498046875,1.041015625,5.98846435546875
137,0.28333333333333144,-0.0009765625,0.946044921875,5.9959716796875
135,0.68333333333333179,-0.71502685546875,0.269287109375,11.74078369140625
132,0.68333333333333179,0.24951171875,0.3160400390625,11.76531982421875
144,0.29027777777777608,-0.02496337890625,1.6324462890625,6.0601806640625
143,0.29027777777777608,0.59295654296875,0.7127685546875,6.06488037109375
142,0.29027777777777608,-0.4041748046875,0.95672607421875,6.07464599609375
141,0.29027777777777608,0.41943359375,1.405029296875,6.07293701171875
140,0.29027777777777608,0.1431884765625,0.6129150390625,6.08245849609375
139,0.29027777777777608,-0.13812255859375,1.282470703125,6.08642578125
138,0.29027777777777608,0.394775390625,1.02630615234375,6.089111328125
137,0.29027777777777608,-0.002685546875,0.929443359375,6.09674072265625
135,0.69027777777777644,-0.722412109375,0.235107421875,11.84100341796875
132,0.69027777777777644,0.2509765625,0.28228759765625,11.86578369140625
144,0.29722222222222072,-0.027099609375,1.62896728515625,6.1602783203125
143,0.29722222222222072,0.60272216796875,0.69146728515625,6.16510009765625
142,0.29722222222222072,-0.41363525390625,0.940185546875,6.175048828125
141,0.29722222222222072,0.4259033203125,1.39715576171875,6.17327880859375
140,0.29722222222222072,0.14422607421875,0.5897216796875,6.1829833984375
139,0.29722222222222072,-0.14251708984375,1.272216796875,6.18701171875
138,0.29722222222222072,0.4007568359375,1.0111083984375,6.1898193359375
137,0.29722222222222072,-0.00445556640625,0.912353515625,6.19757080078125
135,0.69722222222222108,-0.72979736328125,0.2005615234375,11.94122314453125
132,0.69722222222222108,0.25250244140625,0.24810791015625,11.96624755859375
144,0.30416666666666536,-0.029296875,1.625,6.2603759765625
143,0.30416666666666536,0.61248779296875,0.66973876953125,6.2652587890625
142,0.30416666666666536,-0.42315673828125,0.92315673828125,6.275390625
141,0.30416666666666536,0.43231201171875,1.38873291015625,6.27362060546875
140,0.30416666666666536,0.14532470703125,0.56597900390625,6.28350830078125
139,0.30416666666666536,-0.1468505859375,1.261474609375,6.28759765625
138,0.30416666666666536,0.40667724609375,0.99542236328125,6.29046630859375
137,0.30416666666666536,-0.00616455078125,0.89483642578125,6.29833984375
135,0.70416666666666572,-0.73724365234375,0.16546630859375,12.04144287109375
132,0.70416666666666572,0.25396728515625,0.2135009765625,12.06671142578125
144,0.31111111111110912,-0.03143310546875,1.62054443359375,6.3604736328125
143,0.31111111111110912,0.622314453125,0.6474609375,6.365478515625
142,0.31111111111110912,-0.43267822265625,0.9056396484375,6.37579345703125
141,0.31111111111110912,0.438720703125,1.3798828125,6.37396240234375
140,0.31111111111110912,0.14642333984375,0.54180908203125,6.384033203125
139,0.31111111111110912,-0.1512451171875,1.25030517578125,6.38824462890625
138,0.31111111111110912,0.41265869140625,0.979248046875,6.39111328125
137,0.31111111111110912,-0.0079345703125,0.87677001953125,6.399169921875
135,0.71111111111110947,-0.74462890625,0.1298828125,12.1417236328125
132,0.71111111111110947,0.2554931640625,0.1783447265625,12.16717529296875
144,0.31805555555555376,-0.03363037109375,1.6156005859375,6.4605712890625
143,0.31805555555555376,0.632080078125,0.624755859375,6.46563720703125
142,0.31805555555555376,-0.44219970703125,0.88763427734375,6.4761962890625
141,0.31805555555555376,0.44512939453125,1.37054443359375,6.47430419921875
140,0.31805555555555376,0.1474609375,0.51715087890625,6.48455810546875
139,0.31805555555555376,-0.15557861328125,1.23858642578125,6.48883056640625
138,0.31805555555555376,0.4185791015625,0.9625244140625,6.49176025390625
137,0.31805555555555376,-0.00970458984375,0.85821533203125,6.49993896484375
135,0.71805555555555411,-0.7520751953125,0.0938720703125,12.241943359375
132,0.71805555555555411,0.2569580078125,0.14276123046875,12.26763916015625
144,0.3249999999999984,-0.03582763671875,1.6102294921875,6.5606689453125
143,0.3249999999999984,0.641845703125,0.6015625,6.56585693359375
142,0.3249999999999984,-0.45172119140625,0.86920166015625,6.5765380859375
141,0.3249999999999984,0.45159912109375,1.36077880859375,6.57464599609375
140,0.3249999999999984,0.1485595703125,0.4920654296875,6.5850830078125
139,0.3249999999999984,-0.15997314453125,1.2264404296875,6.58941650390625
138,0.3249999999999984,0.42449951171875,0.9454345703125,6.5924072265625
137,0.3249999999999984,-0.01141357421875,0.8392333984375,6.60076904296875
135,0.72499999999999876,-0.75946044921875,0.057373046875,12.3421630859375
132,0.72499999999999876,0.25848388671875,0.106689453125,12.36810302734375
144,0.33194444444444304,-0.0379638671875,1.6043701171875,6.6607666015625
143,0.33194444444444304,0.651611328125,0.57794189453125,6.666015625
142,0.33194444444444304,-0.461181640625,0.8502197265625,6.67694091796875
141,0.33194444444444304,0.4580078125,1.35052490234375,6.67498779296875
140,0.33194444444444304,0.149658203125,0.46649169921875,6.68560791015625
139,0.33194444444444304,-0.164306640625,1.21380615234375,6.6900634765625
138,0.33194444444444304,0.43048095703125,0.9278564453125,6.69305419921875
137,0.33194444444444304,-0.01318359375,0.81976318359375,6.70159912109375
135,0.73107581638254715,-0.76593017578125,0,12.42987060546875
132,0.7319444444444434,0.25994873046875,0.0701904296875,12.46856689453125
144,0.33888888888888768,-0.0401611328125,1.59808349609375,6.7608642578125
143,0.33888888888888768,0.66143798828125,0.5538330078125,6.76617431640625
142,0.33888888888888768,-0.470703125,0.83087158203125,6.77728271484375
141,0.33888888888888768,0.46441650390625,1.33984375,6.77532958984375
140,0.33888888888888768,0.15069580078125,0.44049072265625,6.7861328125
139,0.33888888888888768,-0.168701171875,1.20074462890625,6.7906494140625
138,0.33888888888888768,0.4364013671875,0.90985107421875,6.79376220703125
137,0.33888888888888768,-0.014892578125,0.79986572265625,6.8023681640625
132,0.738888888888888,0.261474609375,0.03314208984375,12.56903076171875
144,0.34583333333333144,-0.0423583984375,1.59124755859375,6.8609619140625
143,0.34583333333333144,0.67120361328125,0.52923583984375,6.86639404296875
142,0.34583333333333144,-0.480224609375,0.81097412109375,6.877685546875
141,0.34583333333333144,0.4708251953125,1.32861328125,6.87567138671875
140,0.34583333333333144,0.15179443359375,0.41387939453125,6.88665771484375
139,0.34583333333333144,-0.17303466796875,1.1871337890625,6.8912353515625
138,0.34583333333333144,0.4423828125,0.89129638671875,6.8944091796875
137,0.34583333333333144,-0.01666259765625,0.77947998046875,6.9031982421875
132,0.7403954033042095,0.26177978515625,0,12.5908203125
144,0.35277777777777608,-0.04449462890625,1.583984375,6.9610595703125
143,0.35277777777777608,0.68096923828125,0.504150390625,6.966552734375
142,0.35277777777777608,-0.48974609375,0.7906494140625,6.97808837890625
141,0.35277777777777608,0.47723388671875,1.31695556640625,6.97601318359375
140,0.35277777777777608,0.15289306640625,0.38690185546875,6.9871826171875
139,0.35277777777777608,-0.17742919921875,1.173095703125,6.99188232421875
138,0.35277777777777608,0.44830322265625,0.872314453125,6.99505615234375
137,0.35277777777777608,-0.01837158203125,0.75860595703125,7.00396728515625
144,0.35972222222222072,-0.04669189453125,1.57623291015625,7.0611572265625
143,0.35972222222222072,0.69073486328125,0.4786376953125,7.0667724609375
142,0.35972222222222072,-0.499267578125,0.76983642578125,7.07843017578125
141,0.35972222222222072,0.48370361328125,1.3048095703125,7.07635498046875
140,0.35972222222222072,0.1539306640625,0.35943603515625,7.08770751953125
139,0.35972222222222072,-0.1817626953125,1.1585693359375,7.09246826171875
138,0.35972222222222072,0.4542236328125,0.85284423828125,7.095703125
137,0.35972222222222072,-0.0201416015625,0.73724365234375,7.10479736328125
144,0.36666666666666536,-0.04888916015625,1.56805419921875,7.1612548828125
143,0.36666666666666536,0.70050048828125,0.45263671875,7.16693115234375
142,0.36666666666666536,-0.5087890625,0.74853515625,7.1788330078125
141,0.36666666666666536,0.4901123046875,1.292236328125,7.17669677734375
140,0.36666666666666536,0.155029296875,0.33154296875,7.18829345703125
139,0.36666666666666536,-0.1861572265625,1.14361572265625,7.19305419921875
138,0.36666666666666536,0.460205078125,0.83294677734375,7.19635009765625
137,0.36666666666666536,-0.02191162109375,0.7154541015625,7.20562744140625
144,0.37361111111110912,-0.051025390625,1.559326171875,7.2613525390625
143,0.37361111111110912,0.7103271484375,0.4261474609375,7.26715087890625
142,0.37361111111110912,-0.51824951171875,0.72674560546875,7.2791748046875
141,0.37361111111110912,0.49652099609375,1.279052734375,7.27703857421875
140,0.37361111111110912,0.1561279296875,0.3031005859375,7.288818359375
139,0.37361111111110912,-0.19049072265625,1.12811279296875,7.29364013671875
138,0.37361111111110912,0.46612548828125,0.81243896484375,7.2969970703125
137,0.37361111111110912,-0.02362060546875,0.693115234375,7.306396484375
144,0.38055555555555376,-0.05322265625,1.5501708984375,7.3614501953125
143,0.38055555555555376,0.7200927734375,0.399169921875,7.3673095703125
142,0.38055555555555376,-0.52777099609375,0.70452880859375,7.37957763671875
141,0.38055555555555376,0.5029296875,1.2655029296875,7.37738037109375
140,0.38055555555555376,0.15716552734375,0.27423095703125,7.38934326171875
139,0.38055555555555376,-0.19488525390625,1.1121826171875,7.394287109375
138,0.38055555555555376,0.47210693359375,0.79156494140625,7.397705078125
137,0.38055555555555376,-0.025390625,0.67041015625,7.4072265625
144,0.3874999999999984,-0.05535888671875,1.54052734375,7.4615478515625
143,0.3874999999999984,0.7298583984375,0.37176513671875,7.467529296875
142,0.3874999999999984,-0.53729248046875,0.68182373046875,7.47991943359375
141,0.3874999999999984,0.5093994140625,1.25146484375,7.47772216796875
140,0.3874999999999984,0.15826416015625,0.24481201171875,7.4898681640625
139,0.3874999999999984,-0.19921875,1.09576416015625,7.494873046875
138,0.3874999999999984,0.47802734375,0.77020263671875,7.49835205078125
137,0.3874999999999984,-0.027099609375,0.64715576171875,7.50799560546875
144,0.39444444444444304,-0.05755615234375,1.53045654296875,7.5616455078125
143,0.39444444444444304,0.7396240234375,0.3438720703125,7.56768798828125
142,0.39444444444444304,-0.54681396484375,0.65869140625,7.580322265625
141,0.39444444444444304,0.51580810546875,1.23699951171875,7.57806396484375
140,0.39444444444444304,0.1593017578125,0.21502685546875,7.59039306640625
139,0.39444444444444304,-0.20361328125,1.07891845703125,7.595458984375
138,0.39444444444444304,0.48394775390625,0.7484130859375,7.5989990234375
137,0.39444444444444304,-0.02886962890625,0.62347412109375,7.60882568359375
145,0,0.08746337890625,1.25909423828125,0.88604736328125
146,0,0.08746337890625,1.25909423828125,0.88604736328125
147,0,0.08746337890625,1.25909423828125,0.88604736328125
148,0,0.08746337890625,1.25909423828125,0.88604736328125
149,0,0.08746337890625,1.25909423828125,0.88604736328125
150,0,0.08746337890625,1.25909423828125,0.88604736328125
151,0,0.08746337890625,1.25909423828125,0.88604736328125
152,0,0.08746337890625,1.25909423828125,0.88604736328125
152,0.0013888888888873296,0.087646484375,1.255615234375,0.9163818359375
151,0.0013888888888873296,0.0853271484375,1.26165771484375,0.91644287109375
150,0.0013888888888873296,0.0906982421875,1.25897216796875,0.91644287109375
149,0.0013888888888873296,0.08544921875,1.25750732421875,0.91650390625
148,0.0013888888888873296,0.08807373046875,1.26165771484375,0.91650390625
147,0.0013888888888873296,0.08880615234375,1.2574462890625,0.91650390625
146,0.0013888888888873296,0.0860595703125,1.2596435546875,0.91656494140625
145,0.0013888888888873296,0.0885009765625,1.2596435546875,0.91656494140625
144,0.40138888888888768,-0.05975341796875,1.51983642578125,7.6617431640625
143,0.40138888888888768,0.74945068359375,0.31549072265625,7.66790771484375
142,0.40138888888888768,-0.55633544921875,0.635009765625,7.68072509765625
141,0.40138888888888768,0.522216796875,1.22198486328125,7.67840576171875
140,0.40138888888888768,0.160400390625,0.1846923828125,7.69091796875
139,0.40138888888888768,-0.20794677734375,1.0615234375,7.69610595703125
138,0.40138888888888768,0.48992919921875,0.72607421875,7.69964599609375
137,0.40138888888888768,-0.03057861328125,0.5992431640625,7.70965576171875
152,0.0083333333333310833,0.0887451171875,1.2381591796875,1.06817626953125
151,0.0083333333333310833,0.07476806640625,1.2745361328125,1.06829833984375
150,0.0083333333333310833,0.1070556640625,1.25836181640625,1.068359375
149,0.0083333333333310833,0.0753173828125,1.24945068359375,1.0687255859375
148,0.0083333333333310833,0.09100341796875,1.2744140625,1.0687255859375
147,0.0083333333333310833,0.09539794921875,1.249267578125,1.0689697265625
146,0.0083333333333310833,0.0791015625,1.26220703125,1.06915283203125
145,0.0083333333333310833,0.093505859375,1.262451171875,1.06927490234375
144,0.40833333333333144,-0.0618896484375,1.5087890625,7.7618408203125
143,0.40833333333333144,0.75921630859375,0.28662109375,7.76806640625
142,0.40833333333333144,-0.5657958984375,0.61083984375,7.78106689453125
141,0.40833333333333144,0.52862548828125,1.20654296875,7.77874755859375
140,0.40833333333333144,0.1614990234375,0.1539306640625,7.79144287109375
139,0.40833333333333144,-0.21234130859375,1.043701171875,7.79669189453125
138,0.40833333333333144,0.495849609375,0.70330810546875,7.80029296875
137,0.40833333333333144,-0.0323486328125,0.5745849609375,7.8104248046875
152,0.015277777777775725,0.08978271484375,1.220703125,1.219970703125
151,0.015277777777775725,0.064208984375,1.28741455078125,1.22015380859375
150,0.015277777777775725,0.12335205078125,1.2576904296875,1.22021484375
149,0.015277777777775725,0.065185546875,1.24139404296875,1.220947265625
148,0.015277777777775725,0.09393310546875,1.2872314453125,1.220947265625
147,0.015277777777775725,0.10198974609375,1.2410888671875,1.22137451171875
146,0.015277777777775725,0.0721435546875,1.26483154296875,1.22174072265625
145,0.015277777777775725,0.09857177734375,1.26519775390625,1.221923828125
144,0.41527777777777608,-0.0640869140625,1.49725341796875,7.8619384765625
143,0.41527777777777608,0.76898193359375,0.25732421875,7.8682861328125
142,0.41527777777777608,-0.5753173828125,0.58624267578125,7.8814697265625
141,0.41527777777777608,0.53509521484375,1.19061279296875,7.87908935546875
140,0.41527777777777608,0.16253662109375,0.1226806640625,7.8919677734375
139,0.41527777777777608,-0.2166748046875,1.02545166015625,7.89727783203125
138,0.41527777777777608,0.5018310546875,0.6800537109375,7.90093994140625
137,0.41527777777777608,-0.03411865234375,0.5494384765625,7.9112548828125
152,0.022222222222220367,0.09088134765625,1.2032470703125,1.3717041015625
151,0.022222222222220367,0.05364990234375,1.30029296875,1.37200927734375
150,0.022222222222220367,0.13970947265625,1.257080078125,1.37213134765625
149,0.022222222222220367,0.05499267578125,1.23333740234375,1.3731689453125
148,0.022222222222220367,0.09686279296875,1.29998779296875,1.37310791015625
147,0.022222222222220367,0.10858154296875,1.23291015625,1.373779296875
146,0.022222222222220367,0.06524658203125,1.2674560546875,1.37432861328125
145,0.022222222222220367,0.10357666015625,1.26800537109375,1.37457275390625
144,0.42222222222222072,-0.0662841796875,1.48529052734375,7.9620361328125
143,0.42222222222222072,0.77874755859375,0.2275390625,7.96844482421875
142,0.42222222222222072,-0.5848388671875,0.56121826171875,7.9818115234375
141,0.42222222222222072,0.54150390625,1.17425537109375,7.97943115234375
140,0.42222222222222072,0.16363525390625,0.09100341796875,7.99249267578125
139,0.42222222222222072,-0.2210693359375,1.0067138671875,7.9979248046875
138,0.42222222222222072,0.50775146484375,0.6563720703125,8.00164794921875
137,0.42222222222222072,-0.03582763671875,0.52392578125,8.01202392578125
152,0.029166666666665009,0.0919189453125,1.185791015625,1.52349853515625
151,0.029166666666665009,0.0430908203125,1.31317138671875,1.52386474609375
150,0.029166666666665009,0.156005859375,1.2564697265625,1.5240478515625
149,0.029166666666665009,0.04486083984375,1.225341796875,1.525390625
148,0.029166666666665009,0.09979248046875,1.31280517578125,1.52532958984375
147,0.029166666666665009,0.11517333984375,1.2247314453125,1.52618408203125
146,0.029166666666665009,0.05828857421875,1.27008056640625,1.5269775390625
145,0.029166666666665009,0.108642578125,1.27081298828125,1.52728271484375
144,0.42916666666666536,-0.06842041015625,1.4727783203125,8.0621337890625
143,0.42916666666666536,0.78851318359375,0.197265625,8.06866455078125
142,0.42916666666666536,-0.5943603515625,0.53564453125,8.08221435546875
141,0.42916666666666536,0.54791259765625,1.1573486328125,8.07977294921875
140,0.42916666666666536,0.16473388671875,0.0587158203125,8.093017578125
139,0.42916666666666536,-0.22540283203125,0.9874267578125,8.0985107421875
138,0.42916666666666536,0.51373291015625,0.632080078125,8.102294921875
137,0.42916666666666536,-0.03759765625,0.497802734375,8.11285400390625
152,0.036111111111108762,0.093017578125,1.1683349609375,1.67529296875
151,0.036111111111108762,0.032470703125,1.32598876953125,1.67578125
150,0.036111111111108762,0.17236328125,1.255859375,1.67596435546875
149,0.036111111111108762,0.03472900390625,1.21728515625,1.6776123046875
148,0.036111111111108762,0.10272216796875,1.3255615234375,1.67755126953125
147,0.036111111111108762,0.12176513671875,1.21649169921875,1.6785888671875
146,0.036111111111108762,0.05133056640625,1.272705078125,1.6795654296875
145,0.036111111111108762,0.1136474609375,1.2735595703125,1.679931640625
144,0.43611111111110912,-0.07061767578125,1.4598388671875,8.1622314453125
143,0.43611111111110912,0.79833984375,0.16650390625,8.1688232421875
142,0.43611111111110912,-0.6038818359375,0.5096435546875,8.1826171875
141,0.43611111111110912,0.5543212890625,1.1400146484375,8.18011474609375
140,0.43611111111110912,0.165771484375,0.02606201171875,8.19354248046875
139,0.43611111111110912,-0.22979736328125,0.96771240234375,8.1990966796875
138,0.43611111111110912,0.5196533203125,0.607421875,8.20294189453125
137,0.43611111111110912,-0.039306640625,0.47125244140625,8.213623046875
152,0.043055555555553404,0.09405517578125,1.15087890625,1.8270263671875
151,0.043055555555553404,0.02191162109375,1.3388671875,1.82763671875
150,0.043055555555553404,0.18865966796875,1.2552490234375,1.82781982421875
149,0.043055555555553404,0.02459716796875,1.209228515625,1.82989501953125
148,0.043055555555553404,0.105712890625,1.33831787109375,1.82977294921875
147,0.043055555555553404,0.12835693359375,1.20831298828125,1.83099365234375
146,0.043055555555553404,0.04437255859375,1.27532958984375,1.8321533203125
145,0.043055555555553404,0.11871337890625,1.2763671875,1.83258056640625
144,0.44305555555555376,-0.07275390625,1.44647216796875,8.2623291015625
143,0.44305555555555376,0.80810546875,0.1353759765625,8.26904296875
142,0.44305555555555376,-0.6134033203125,0.48321533203125,8.282958984375
141,0.44305555555555376,0.56072998046875,1.1221923828125,8.280517578125
140,0.43633148808539146,0.16583251953125,0,8.19671630859375
139,0.44305555555555376,-0.234130859375,0.94757080078125,8.29974365234375
138,0.44305555555555376,0.52557373046875,0.58233642578125,8.3035888671875
137,0.44305555555555376,-0.04107666015625,0.44427490234375,8.314453125
152,0.049999999999998046,0.09515380859375,1.1334228515625,1.97882080078125
151,0.049999999999998046,0.0113525390625,1.35174560546875,1.9794921875
150,0.049999999999998046,0.20501708984375,1.25457763671875,1.979736328125
149,0.049999999999998046,0.01446533203125,1.201171875,1.98211669921875
148,0.049999999999998046,0.108642578125,1.35113525390625,1.98199462890625
147,0.049999999999998046,0.13494873046875,1.20013427734375,1.98345947265625
146,0.049999999999998046,0.03741455078125,1.2779541015625,1.9847412109375
145,0.049999999999998046,0.123779296875,1.2791748046875,1.98529052734375
144,0.4499999999999984,-0.074951171875,1.43255615234375,8.3624267578125
143,0.4499999999999984,0.81787109375,0.1036376953125,8.36920166015625
142,0.4499999999999984,-0.62286376953125,0.4561767578125,8.38336181640625
141,0.4499999999999984,0.56719970703125,1.1038818359375,8.380859375
139,0.4499999999999984,-0.238525390625,0.9268798828125,8.40032958984375
138,0.4499999999999984,0.53155517578125,0.55670166015625,8.40423583984375
137,0.4499999999999984,-0.0428466796875,0.416748046875,8.415283203125
152,0.056944444444442688,0.09619140625,1.115966796875,2.130615234375
151,0.056944444444442688,0.00079345703125,1.3646240234375,2.13134765625
150,0.056944444444442688,0.2213134765625,1.25396728515625,2.13165283203125
149,0.056944444444442688,0.00433349609375,1.193115234375,2.13433837890625
148,0.056944444444442688,0.111572265625,1.3638916015625,2.13421630859375
147,0.056944444444442688,0.14154052734375,1.19195556640625,2.1358642578125
146,0.056944444444442688,0.03045654296875,1.28057861328125,2.1373291015625
145,0.056944444444442688,0.1287841796875,1.28192138671875,2.137939453125
144,0.45694444444444304,-0.0771484375,1.418212890625,8.4625244140625
143,0.45694444444444304,0.82763671875,0.071533203125,8.46942138671875
142,0.45694444444444304,-0.63238525390625,0.42877197265625,8.48370361328125
141,0.45694444444444304,0.5736083984375,1.08514404296875,8.481201171875
139,0.45694444444444304,-0.24285888671875,0.90576171875,8.50091552734375
138,0.45694444444444304,0.5374755859375,0.5306396484375,8.50494384765625
137,0.45694444444444304,-0.0445556640625,0.3887939453125,8.51605224609375
152,0.06388888888888733,0.09722900390625,1.0985107421875,2.2823486328125
151,0.06388888888888733,-0.009765625,1.37750244140625,2.283203125
150,0.06388888888888733,0.23760986328125,1.25335693359375,2.2835693359375
149,0.06388888888888733,-0.00579833984375,1.18511962890625,2.28656005859375
148,0.06388888888888733,0.114501953125,1.376708984375,2.28643798828125
147,0.06388888888888733,0.14813232421875,1.18377685546875,2.28826904296875
146,0.06388888888888733,0.02349853515625,1.283203125,2.2899169921875
145,0.06388888888888733,0.13385009765625,1.28472900390625,2.29058837890625
144,0.46388888888888768,-0.07928466796875,1.40338134765625,8.5626220703125
143,0.46388888888888768,0.83746337890625,0.03887939453125,8.569580078125
142,0.46388888888888768,-0.64190673828125,0.40087890625,8.5841064453125
141,0.46388888888888768,0.58001708984375,1.06591796875,8.58154296875
139,0.46388888888888768,-0.24725341796875,0.8841552734375,8.6015625
138,0.46388888888888768,0.54345703125,0.50408935546875,8.6055908203125
137,0.46388888888888768,-0.04632568359375,0.36041259765625,8.61688232421875
152,0.070833333333331083,0.09832763671875,1.0810546875,2.43365478515625
151,0.070833333333331083,-0.02032470703125,1.3902587890625,2.43463134765625
150,0.070833333333331083,0.25390625,1.252685546875,2.4349365234375
149,0.070833333333331083,-0.01593017578125,1.177001953125,2.43829345703125
148,0.070833333333331083,0.117431640625,1.389404296875,2.43817138671875
147,0.070833333333331083,0.15472412109375,1.175537109375,2.440185546875
146,0.070833333333331083,0.0166015625,1.2857666015625,2.44207763671875
145,0.070833333333331083,0.13885498046875,1.28741455078125,2.44281005859375
144,0.47083333333333144,-0.08148193359375,1.3880615234375,8.6627197265625
143,0.46679991785525116,0.841552734375,0,8.611572265625
142,0.47083333333333144,-0.65142822265625,0.37249755859375,8.68450927734375
141,0.47083333333333144,0.58642578125,1.04620361328125,8.681884765625
139,0.47083333333333144,-0.2515869140625,0.862060546875,8.7021484375
138,0.47083333333333144,0.54937744140625,0.47705078125,8.70623779296875
137,0.47083333333333144,-0.04803466796875,0.33148193359375,8.7176513671875
152,0.077777777777775725,0.099365234375,1.06341552734375,2.58245849609375
151,0.077777777777775725,-0.03070068359375,1.40234375,2.58349609375
150,0.077777777777775725,0.2698974609375,1.25152587890625,2.58392333984375
149,0.077777777777775725,-0.02587890625,1.1685791015625,2.58758544921875
148,0.077777777777775725,0.12030029296875,1.4013671875,2.58740234375
147,0.077777777777775725,0.16119384765625,1.16693115234375,2.58966064453125
146,0.077777777777775725,0.009765625,1.28778076171875,2.5916748046875
145,0.077777777777775725,0.143798828125,1.28961181640625,2.59246826171875
144,0.47777777777777608,-0.08367919921875,1.37225341796875,8.7628173828125
142,0.47777777777777608,-0.66094970703125,0.3436279296875,8.78485107421875
141,0.47777777777777608,0.5928955078125,1.0260009765625,8.7822265625
139,0.47777777777777608,-0.2559814453125,0.8394775390625,8.802734375
138,0.47777777777777608,0.5552978515625,0.449462890625,8.806884765625
137,0.47777777777777608,-0.0498046875,0.30206298828125,8.8184814453125
152,0.084722222222220367,0.10040283203125,1.045654296875,2.72857666015625
151,0.084722222222220367,-0.0408935546875,1.41375732421875,2.729736328125
150,0.084722222222220367,0.28564453125,1.24993896484375,2.73016357421875
149,0.084722222222220367,-0.03564453125,1.15985107421875,2.734130859375
148,0.084722222222220367,0.1231689453125,1.4127197265625,2.73394775390625
147,0.084722222222220367,0.16754150390625,1.1580810546875,2.73638916015625
146,0.084722222222220367,0.0030517578125,1.289306640625,2.73858642578125
145,0.084722222222220367,0.148681640625,1.29132080078125,2.739501953125
144,0.48472222222222072,-0.0858154296875,1.35601806640625,8.8629150390625
142,0.48472222222222072,-0.67041015625,0.31427001953125,8.88525390625
141,0.48472222222222072,0.59930419921875,1.00537109375,8.882568359375
139,0.48472222222222072,-0.26031494140625,0.81646728515625,8.9033203125
138,0.48472222222222072,0.561279296875,0.4215087890625,8.90753173828125
137,0.48472222222222072,-0.051513671875,0.272216796875,8.9193115234375
152,0.091666666666665009,0.10137939453125,1.02764892578125,2.8720703125
151,0.091666666666665009,-0.05084228515625,1.4244384765625,2.873291015625
150,0.091666666666665009,0.30108642578125,1.24786376953125,2.87371826171875
149,0.091666666666665009,-0.04522705078125,1.15081787109375,2.87799072265625
148,0.091666666666665009,0.12591552734375,1.42327880859375,2.8778076171875
147,0.091666666666665009,0.17376708984375,1.14886474609375,2.88043212890625
146,0.091666666666665009,-0.00347900390625,1.290283203125,2.8828125
145,0.091666666666665009,0.1534423828125,1.29248046875,2.8837890625
144,0.49166666666666536,-0.0880126953125,1.33929443359375,8.9630126953125
142,0.49166666666666536,-0.679931640625,0.28448486328125,8.985595703125
141,0.49166666666666536,0.605712890625,0.9842529296875,8.98291015625
139,0.49166666666666536,-0.26470947265625,0.79296875,9.00396728515625
138,0.49166666666666536,0.56719970703125,0.39306640625,9.0081787109375
137,0.49166666666666536,-0.05328369140625,0.24188232421875,9.02008056640625
152,0.098611111111108762,0.10235595703125,1.009521484375,3.0128173828125
151,0.098611111111108762,-0.0606689453125,1.4344482421875,3.01409912109375
150,0.098611111111108762,0.31622314453125,1.245361328125,3.01458740234375
149,0.098611111111108762,-0.05462646484375,1.14141845703125,3.0191650390625
148,0.098611111111108762,0.128662109375,1.4332275390625,3.01898193359375
147,0.098611111111108762,0.179931640625,1.13934326171875,3.02178955078125
146,0.098611111111108762,-0.00994873046875,1.290771484375,3.02435302734375
145,0.098611111111108762,0.1580810546875,1.29315185546875,3.02532958984375
144,0.49861111111110912,-0.09014892578125,1.32208251953125,9.0631103515625
142,0.49861111111110912,-0.689453125,0.25421142578125,9.08599853515625
141,0.49861111111110912,0.61212158203125,0.962646484375,9.083251953125
139,0.49861111111110912,-0.26904296875,0.76898193359375,9.10455322265625
138,0.49861111111110912,0.57318115234375,0.3641357421875,9.10888671875
137,0.49861111111110912,-0.0550537109375,0.2110595703125,9.12091064453125
152,0.1055555555555534,0.10333251953125,0.99127197265625,3.15087890625
151,0.1055555555555534,-0.0703125,1.4437255859375,3.15228271484375
150,0.1055555555555534,0.3310546875,1.24237060546875,3.15277099609375
149,0.1055555555555534,-0.0638427734375,1.1317138671875,3.15765380859375
148,0.1055555555555534,0.13134765625,1.44244384765625,3.15740966796875
147,0.1055555555555534,0.1859130859375,1.1295166015625,3.16046142578125
146,0.1055555555555534,-0.01629638671875,1.290771484375,3.16314697265625
145,0.1055555555555534,0.16265869140625,1.29327392578125,3.16424560546875
144,0.50555555555555376,-0.09234619140625,1.304443359375,9.1632080078125
142,0.50555555555555376,-0.698974609375,0.2235107421875,9.18634033203125
141,0.50555555555555376,0.61859130859375,0.94061279296875,9.18359375
139,0.50555555555555376,-0.2734375,0.74456787109375,9.20513916015625
138,0.50555555555555376,0.5791015625,0.33477783203125,9.20953369140625
137,0.50555555555555376,-0.0567626953125,0.17987060546875,9.2216796875
152,0.11249999999999805,0.10430908203125,0.9727783203125,3.2862548828125
151,0.11249999999999805,-0.0797119140625,1.4522705078125,3.2877197265625
150,0.11249999999999805,0.3455810546875,1.2388916015625,3.28826904296875
149,0.11249999999999805,-0.0728759765625,1.12158203125,3.29345703125
148,0.11249999999999805,0.1339111328125,1.450927734375,3.293212890625
147,0.11249999999999805,0.1917724609375,1.1192626953125,3.29638671875
146,0.11249999999999805,-0.0224609375,1.29022216796875,3.29925537109375
145,0.11249999999999805,0.16717529296875,1.2928466796875,3.3004150390625
144,0.5124999999999984,-0.09454345703125,1.28631591796875,9.2633056640625
142,0.5124999999999984,-0.70849609375,0.19232177734375,9.2867431640625
141,0.5124999999999984,0.625,0.9180908203125,9.283935546875
139,0.5124999999999984,-0.27777099609375,0.7197265625,9.3057861328125
138,0.5124999999999984,0.58502197265625,0.304931640625,9.3101806640625
137,0.5124999999999984,-0.05853271484375,0.14813232421875,9.322509765625
152,0.11944444444444269,0.105224609375,0.95416259765625,3.4189453125
151,0.11944444444444269,-0.08892822265625,1.460205078125,3.42047119140625
150,0.11944444444444269,0.35986328125,1.2349853515625,3.42108154296875
149,0.11944444444444269,-0.081787109375,1.1112060546875,3.426513671875
148,0.11944444444444269,0.13653564453125,1.458740234375,3.42626953125
147,0.11944444444444269,0.19757080078125,1.1087646484375,3.42962646484375
146,0.11944444444444269,-0.028564453125,1.28912353515625,3.43267822265625
145,0.11944444444444269,0.17156982421875,1.29193115234375,3.43389892578125
144,0.519444444444443,-0.0966796875,1.2677001953125,9.3634033203125
142,0.519444444444443,-0.718017578125,0.16064453125,9.38714599609375
141,0.519444444444443,0.63140869140625,0.89501953125,9.38427734375
139,0.519444444444443,-0.28216552734375,0.6943359375,9.4063720703125
138,0.519444444444443,0.59100341796875,0.27459716796875,9.41082763671875
137,0.519444444444443,-0.06024169921875,0.11590576171875,9.42333984375
152,0.12638888888888733,0.10614013671875,0.9354248046875,3.5489501953125
151,0.12638888888888733,-0.0980224609375,1.4674072265625,3.55059814453125
150,0.12638888888888733,0.37384033203125,1.23065185546875,3.55120849609375
149,0.12638888888888733,-0.0904541015625,1.10052490234375,3.55694580078125
148,0.12638888888888733,0.1390380859375,1.46588134765625,3.556640625
147,0.12638888888888733,0.20318603515625,1.09796142578125,3.5601806640625
146,0.12638888888888733,-0.03448486328125,1.28759765625,3.5633544921875
145,0.12638888888888733,0.1759033203125,1.29052734375,3.56463623046875
144,0.52638888888888768,-0.098876953125,1.24859619140625,9.4635009765625
142,0.52638888888888768,-0.72747802734375,0.12841796875,9.48748779296875
141,0.52638888888888768,0.6378173828125,0.87152099609375,9.484619140625
139,0.52638888888888768,-0.2864990234375,0.66845703125,9.5069580078125
138,0.52638888888888768,0.596923828125,0.2437744140625,9.511474609375
137,0.52638888888888768,-0.06201171875,0.08319091796875,9.52410888671875
152,0.13333333333333108,0.10699462890625,0.91644287109375,3.67626953125
151,0.13333333333333108,-0.10687255859375,1.473876953125,3.677978515625
150,0.13333333333333108,0.3875732421875,1.225830078125,3.6785888671875
149,0.13333333333333108,-0.09893798828125,1.0894775390625,3.68463134765625
148,0.13333333333333108,0.1414794921875,1.4722900390625,3.684326171875
147,0.13333333333333108,0.208740234375,1.0867919921875,3.68804931640625
146,0.13333333333333108,-0.04034423828125,1.28546142578125,3.69140625
145,0.13333333333333108,0.18011474609375,1.28851318359375,3.69268798828125
144,0.53333333333333144,-0.10107421875,1.22900390625,9.5635986328125
142,0.53333333333333144,-0.73699951171875,0.09576416015625,9.587890625
141,0.53333333333333144,0.64422607421875,0.8475341796875,9.5849609375
139,0.53333333333333144,-0.2908935546875,0.64208984375,9.60760498046875
138,0.53333333333333144,0.6029052734375,0.21240234375,9.61212158203125
137,0.53333333333333144,-0.063720703125,0.04998779296875,9.62493896484375
152,0.14027777777777573,0.10791015625,0.89739990234375,3.8009033203125
151,0.14027777777777573,-0.11553955078125,1.47967529296875,3.80267333984375
150,0.14027777777777573,0.40093994140625,1.22052001953125,3.8033447265625
149,0.14027777777777573,-0.1072998046875,1.07806396484375,3.80963134765625
148,0.14027777777777573,0.1439208984375,1.47802734375,3.809326171875
147,0.14027777777777573,0.21417236328125,1.07525634765625,3.813232421875
146,0.14027777777777573,-0.0460205078125,1.2828369140625,3.81671142578125
145,0.14027777777777573,0.18426513671875,1.28607177734375,3.81805419921875
144,0.54027777777777608,-0.10321044921875,1.208984375,9.6636962890625
142,0.54027777777777608,-0.74652099609375,0.06268310546875,9.688232421875
141,0.54027777777777608,0.65069580078125,0.8231201171875,9.685302734375
139,0.54027777777777608,-0.29522705078125,0.61529541015625,9.70819091796875
138,0.54027777777777608,0.60882568359375,0.1806640625,9.71282958984375
137,0.53849062266494141,-0.0650634765625,0,9.69976806640625
152,0.14722222222222037,0.1087646484375,0.87811279296875,3.9228515625
151,0.14722222222222037,-0.12408447265625,1.48480224609375,3.9246826171875
150,0.14722222222222037,0.4140625,1.21478271484375,3.9254150390625
149,0.14722222222222037,-0.11541748046875,1.06634521484375,3.93194580078125
148,0.14722222222222037,0.146240234375,1.4830322265625,3.931640625
147,0.14722222222222037,0.219482421875,1.0634765625,3.9356689453125
146,0.14722222222222037,-0.0516357421875,1.27972412109375,3.93927001953125
145,0.14722222222222037,0.18829345703125,1.28302001953125,3.94073486328125
144,0.54722222222222072,-0.10540771484375,1.1884765625,9.7637939453125
142,0.54722222222222072,-0.75604248046875,0.02911376953125,9.78863525390625
141,0.54722222222222072,0.6571044921875,0.7982177734375,9.78564453125
139,0.54722222222222072,-0.29962158203125,0.5880126953125,9.80877685546875
138,0.54722222222222072,0.61480712890625,0.1484375,9.8134765625
152,0.154166666666665,0.10955810546875,0.858642578125,4.04205322265625
151,0.154166666666665,-0.13238525390625,1.48919677734375,4.04400634765625
150,0.154166666666665,0.4268798828125,1.20855712890625,4.04473876953125
149,0.154166666666665,-0.1234130859375,1.0543212890625,4.051513671875
148,0.154166666666665,0.1485595703125,1.48736572265625,4.05120849609375
147,0.154166666666665,0.22467041015625,1.05126953125,4.055419921875
146,0.154166666666665,-0.05712890625,1.2760009765625,4.0592041015625
145,0.154166666666665,0.1922607421875,1.27947998046875,4.0606689453125
144,0.55416666666666536,-0.1075439453125,1.16754150390625,9.8638916015625
142,0.54806004365560834,-0.7572021484375,0,9.80072021484375
141,0.55416666666666536,0.66351318359375,0.77288818359375,9.885986328125
139,0.55416666666666536,-0.303955078125,0.560302734375,9.909423828125
138,0.55416666666666536,0.6207275390625,0.11578369140625,9.91412353515625
152,0.16111111111110876,0.11041259765625,0.839111328125,4.15863037109375
151,0.16111111111110876,-0.1405029296875,1.49285888671875,4.16064453125
150,0.16111111111110876,0.439453125,1.201904296875,4.16143798828125
149,0.16111111111110876,-0.13116455078125,1.0419921875,4.16845703125
148,0.16111111111110876,0.15081787109375,1.49102783203125,4.16815185546875
147,0.16111111111110876,0.229736328125,1.038818359375,4.1724853515625
146,0.16111111111110876,-0.06243896484375,1.2718505859375,4.1763916015625
145,0.16111111111110876,0.1961669921875,1.27545166015625,4.177978515625
144,0.56111111111110912,-0.1097412109375,1.14605712890625,9.9639892578125
141,0.56111111111110912,0.669921875,0.74700927734375,9.986328125
139,0.56111111111110912,-0.308349609375,0.53204345703125,10.010009765625
138,0.56111111111110912,0.62664794921875,0.08258056640625,10.0147705078125
152,0.1680555555555534,0.1112060546875,0.8193359375,4.27252197265625
151,0.1680555555555534,-0.1484375,1.49591064453125,4.27459716796875
150,0.1680555555555534,0.45166015625,1.19482421875,4.275390625
149,0.1680555555555534,-0.1387939453125,1.029296875,4.28265380859375
148,0.1680555555555534,0.15301513671875,1.49395751953125,4.2823486328125
147,0.1680555555555534,0.23468017578125,1.0260009765625,4.286865234375
146,0.1680555555555534,-0.067626953125,1.26715087890625,4.2908935546875
145,0.1680555555555534,0.199951171875,1.2708740234375,4.29248046875
144,0.56805555555555376,-0.1119384765625,1.1241455078125,10.0640869140625
141,0.56805555555555376,0.6763916015625,0.720703125,10.086669921875
139,0.56805555555555376,-0.31268310546875,0.50335693359375,10.110595703125
138,0.56805555555555376,0.63262939453125,0.0489501953125,10.11541748046875
152,0.17499999999999805,0.11199951171875,0.7994384765625,4.38372802734375
151,0.17499999999999805,-0.1561279296875,1.4981689453125,4.3858642578125
150,0.17499999999999805,0.463623046875,1.18719482421875,4.38665771484375
149,0.17499999999999805,-0.146240234375,1.0162353515625,4.3941650390625
148,0.17499999999999805,0.15521240234375,1.49615478515625,4.39385986328125
147,0.17499999999999805,0.239501953125,1.01287841796875,4.39849853515625
146,0.17499999999999805,-0.07275390625,1.261962890625,4.4027099609375
145,0.17499999999999805,0.20361328125,1.26580810546875,4.40435791015625
144,0.5749999999999984,-0.11407470703125,1.10174560546875,10.1641845703125
141,0.5749999999999984,0.68280029296875,0.69390869140625,10.18701171875
139,0.5749999999999984,-0.31707763671875,0.47418212890625,10.211181640625
138,0.572927847104179,0.63677978515625,0,10.18603515625
152,0.18194444444444269,0.11273193359375,0.779296875,4.49224853515625
151,0.18194444444444269,-0.1636962890625,1.499755859375,4.49444580078125
150,0.18194444444444269,0.475341796875,1.17913818359375,4.4952392578125
149,0.18194444444444269,-0.1534423828125,1.00286865234375,4.50299072265625
148,0.18194444444444269,0.15728759765625,1.4976806640625,4.502685546875
147,0.18194444444444269,0.24420166015625,0.9993896484375,4.5074462890625
146,0.18194444444444269,-0.07769775390625,1.25616455078125,4.51177978515625
145,0.18194444444444269,0.20721435546875,1.26019287109375,4.51348876953125
144,0.581944444444443,-0.11627197265625,1.078857421875,10.2642822265625
141,0.581944444444443,0.689208984375,0.6666259765625,10.287353515625
139,0.581944444444443,-0.3214111328125,0.44451904296875,10.31182861328125
152,0.18888888888888733,0.11346435546875,0.75909423828125,4.5980224609375
151,0.18888888888888733,-0.17108154296875,1.50067138671875,4.600341796875
150,0.18888888888888733,0.4866943359375,1.170654296875,4.60113525390625
149,0.18888888888888733,-0.1605224609375,0.98919677734375,4.609130859375
148,0.18888888888888733,0.15936279296875,1.49853515625,4.6087646484375
147,0.18888888888888733,0.248779296875,0.98565673828125,4.61370849609375
146,0.18888888888888733,-0.08258056640625,1.24993896484375,4.6181640625
145,0.18888888888888733,0.21075439453125,1.2540283203125,4.61993408203125
144,0.58888888888888768,-0.11846923828125,1.0555419921875,10.3643798828125
141,0.58888888888888768,0.69561767578125,0.63885498046875,10.3876953125
139,0.58888888888888768,-0.3258056640625,0.4144287109375,10.41241455078125
152,0.19583333333333108,0.11419677734375,0.7386474609375,4.701171875
151,0.19583333333333108,-0.17828369140625,1.5008544921875,4.7034912109375
150,0.19583333333333108,0.497802734375,1.16168212890625,4.70440673828125
149,0.19583333333333108,-0.16741943359375,0.9752197265625,4.71258544921875
148,0.19583333333333108,0.16131591796875,1.4986572265625,4.71221923828125
147,0.19583333333333108,0.2532958984375,0.9715576171875,4.71728515625
146,0.19583333333333108,-0.0872802734375,1.24322509765625,4.72186279296875
145,0.19583333333333108,0.21417236328125,1.24737548828125,4.72369384765625
144,0.59583333333333144,-0.12060546875,1.03173828125,10.4644775390625
141,0.59583333333333144,0.70208740234375,0.61065673828125,10.488037109375
139,0.59583333333333144,-0.33013916015625,0.38385009765625,10.51300048828125
152,0.20277777777777573,0.11492919921875,0.71807861328125,4.80181884765625
151,0.20277777777777573,-0.185302734375,1.5003662109375,4.80419921875
150,0.20277777777777573,0.50860595703125,1.1522216796875,4.80511474609375
149,0.20277777777777573,-0.17413330078125,0.9608154296875,4.81353759765625
148,0.20277777777777573,0.16326904296875,1.49810791015625,4.81317138671875
147,0.20277777777777573,0.2576904296875,0.95709228515625,4.818359375
146,0.20277777777777573,-0.0919189453125,1.23590087890625,4.82305908203125
145,0.20277777777777573,0.217529296875,1.240234375,4.82489013671875
144,0.60277777777777608,-0.122802734375,1.0074462890625,10.5645751953125
141,0.60277777777777608,0.70849609375,0.58197021484375,10.58837890625
139,0.60277777777777608,-0.33453369140625,0.352783203125,10.6136474609375
152,0.20972222222222037,0.1156005859375,0.697021484375,4.9019775390625
151,0.20972222222222037,-0.1922607421875,1.49932861328125,4.90447998046875
150,0.20972222222222037,0.5194091796875,1.14227294921875,4.9053955078125
149,0.20972222222222037,-0.18084716796875,0.94598388671875,4.91400146484375
148,0.20972222222222037,0.16522216796875,1.4970703125,4.91363525390625
147,0.20972222222222037,0.26202392578125,0.942138671875,4.9189453125
146,0.20972222222222037,-0.09649658203125,1.22808837890625,4.92376708984375
145,0.20972222222222037,0.2208251953125,1.2325439453125,4.9256591796875
144,0.60972222222222072,-0.12493896484375,0.982666015625,10.6646728515625
141,0.60972222222222072,0.71490478515625,0.55279541015625,10.688720703125
139,0.60972222222222072,-0.3388671875,0.3212890625,10.7142333984375
152,0.216666666666665,0.1163330078125,0.675537109375,5.00213623046875
151,0.216666666666665,-0.19921875,1.49786376953125,5.00469970703125
150,0.216666666666665,0.5301513671875,1.13189697265625,5.005615234375
149,0.216666666666665,-0.18756103515625,0.93072509765625,5.01446533203125
148,0.216666666666665,0.16717529296875,1.49554443359375,5.01409912109375
147,0.216666666666665,0.266357421875,0.9267578125,5.01953125
146,0.216666666666665,-0.10107421875,1.21990966796875,5.02447509765625
145,0.216666666666665,0.22418212890625,1.22442626953125,5.02642822265625
144,0.61666666666666536,-0.12713623046875,0.95745849609375,10.7647705078125
141,0.61666666666666536,0.7213134765625,0.523193359375,10.7890625
139,0.61666666666666536,-0.34326171875,0.289306640625,10.8148193359375
152,0.22361111111110876,0.11700439453125,0.65362548828125,5.10235595703125
151,0.22361111111110876,-0.20623779296875,1.4959716796875,5.10491943359375
150,0.22361111111110876,0.54095458984375,1.12109375,5.10589599609375
149,0.22361111111110876,-0.1942138671875,0.91497802734375,5.11492919921875
148,0.22361111111110876,0.16912841796875,1.4935302734375,5.11456298828125
147,0.22361111111110876,0.270751953125,0.91094970703125,5.12017822265625
146,0.22361111111110876,-0.10565185546875,1.211181640625,5.12518310546875
145,0.22361111111110876,0.22747802734375,1.2158203125,5.127197265625
144,0.62361111111110912,-0.12933349609375,0.9317626953125,10.8648681640625
141,0.62361111111110912,0.72772216796875,0.49310302734375,10.889404296875
139,0.62361111111110912,-0.34759521484375,0.2568359375,10.91546630859375
152,0.2305555555555534,0.11773681640625,0.63116455078125,5.2025146484375
151,0.2305555555555534,-0.21319580078125,1.4935302734375,5.20513916015625
150,0.2305555555555534,0.55169677734375,1.1097412109375,5.20611572265625
149,0.2305555555555534,-0.200927734375,0.89874267578125,5.2154541015625
148,0.2305555555555534,0.1710205078125,1.49102783203125,5.21502685546875
147,0.2305555555555534,0.27508544921875,0.89459228515625,5.22076416015625
146,0.2305555555555534,-0.1102294921875,1.20196533203125,5.22589111328125
145,0.2305555555555534,0.2308349609375,1.20672607421875,5.22796630859375
144,0.63055555555555376,-0.1314697265625,0.90557861328125,10.9649658203125
141,0.63055555555555376,0.73419189453125,0.4625244140625,10.98980712890625
139,0.63055555555555376,-0.35198974609375,0.223876953125,11.01605224609375
152,0.23749999999999805,0.118408203125,0.60821533203125,5.30267333984375
151,0.23749999999999805,-0.22015380859375,1.4906005859375,5.30535888671875
150,0.23749999999999805,0.5625,1.097900390625,5.306396484375
149,0.23749999999999805,-0.20758056640625,0.88201904296875,5.31591796875
148,0.23749999999999805,0.1729736328125,1.488037109375,5.31549072265625
147,0.23749999999999805,0.2794189453125,0.8778076171875,5.32135009765625
146,0.23749999999999805,-0.1148681640625,1.19232177734375,5.32659912109375
145,0.23749999999999805,0.234130859375,1.1971435546875,5.3287353515625
144,0.6374999999999984,-0.1336669921875,0.87890625,11.0650634765625
141,0.6374999999999984,0.7406005859375,0.43145751953125,11.09014892578125
139,0.6374999999999984,-0.3563232421875,0.1904296875,11.11663818359375
152,0.24444444444444269,0.119140625,0.58489990234375,5.40283203125
151,0.24444444444444269,-0.22711181640625,1.48724365234375,5.4056396484375
150,0.24444444444444269,0.5732421875,1.08563232421875,5.40667724609375
149,0.24444444444444269,-0.21429443359375,0.8648681640625,5.4163818359375
148,0.24444444444444269,0.1749267578125,1.48468017578125,5.41595458984375
147,0.24444444444444269,0.2838134765625,0.86053466796875,5.42193603515625
146,0.24444444444444269,-0.11944580078125,1.18218994140625,5.42730712890625
145,0.24444444444444269,0.23748779296875,1.1871337890625,5.42950439453125
144,0.644444444444443,-0.1358642578125,0.851806640625,11.1651611328125
141,0.644444444444443,0.74700927734375,0.39996337890625,11.19049072265625
139,0.644444444444443,-0.3607177734375,0.15655517578125,11.21728515625
152,0.25138888888888733,0.11981201171875,0.56103515625,5.50299072265625
151,0.25138888888888733,-0.234130859375,1.4833984375,5.505859375
150,0.25138888888888733,0.58404541015625,1.07293701171875,5.50689697265625
149,0.25138888888888733,-0.22100830078125,0.84722900390625,5.516845703125
148,0.25138888888888733,0.1768798828125,1.48077392578125,5.51641845703125
147,0.25138888888888733,0.28814697265625,0.84283447265625,5.52252197265625
146,0.25138888888888733,-0.1240234375,1.17156982421875,5.528076171875
145,0.25138888888888733,0.24078369140625,1.17669677734375,5.5302734375
144,0.65138888888888768,-0.13800048828125,0.82421875,11.2652587890625
141,0.65138888888888768,0.75341796875,0.36798095703125,11.29083251953125
139,0.65138888888888768,-0.36505126953125,0.1221923828125,11.31787109375
152,0.25833333333333108,0.12054443359375,0.53668212890625,5.60321044921875
151,0.25833333333333108,-0.2410888671875,1.47906494140625,5.6060791015625
150,0.25833333333333108,0.59478759765625,1.0596923828125,5.607177734375
149,0.25833333333333108,-0.2276611328125,0.82916259765625,5.6173095703125
148,0.25833333333333108,0.1788330078125,1.47637939453125,5.6168212890625
147,0.25833333333333108,0.29248046875,0.8245849609375,5.62310791015625
146,0.25833333333333108,-0.12860107421875,1.1605224609375,5.6287841796875
145,0.25833333333333108,0.244140625,1.16571044921875,5.6309814453125
144,0.65833333333333144,-0.14019775390625,0.796142578125,11.3653564453125
141,0.65833333333333144,0.7598876953125,0.33544921875,11.39117431640625
139,0.65833333333333144,-0.36944580078125,0.08734130859375,11.41845703125
152,0.26527777777777573,0.1212158203125,0.5118408203125,5.703369140625
151,0.26527777777777573,-0.248046875,1.4742431640625,5.706298828125
150,0.26527777777777573,0.6055908203125,1.04595947265625,5.7073974609375
149,0.26527777777777573,-0.234375,0.810546875,5.7177734375
148,0.26527777777777573,0.18072509765625,1.47149658203125,5.71728515625
147,0.26527777777777573,0.296875,0.805908203125,5.72369384765625
146,0.26527777777777573,-0.1331787109375,1.14892578125,5.7294921875
145,0.26527777777777573,0.2474365234375,1.15423583984375,5.73175048828125
144,0.66527777777777608,-0.142333984375,0.767578125,11.4654541015625
141,0.66527777777777608,0.76629638671875,0.302490234375,11.49151611328125
139,0.66527777777777608,-0.373779296875,0.052001953125,11.51910400390625
152,0.27222222222222037,0.1219482421875,0.48663330078125,5.80352783203125
151,0.27222222222222037,-0.25506591796875,1.46905517578125,5.8065185546875
150,0.27222222222222037,0.6163330078125,1.03179931640625,5.80767822265625
149,0.27222222222222037,-0.2410888671875,0.79150390625,5.8182373046875
148,0.27222222222222037,0.18267822265625,1.46624755859375,5.8177490234375
147,0.27222222222222037,0.30120849609375,0.7867431640625,5.82427978515625
146,0.27222222222222037,-0.13775634765625,1.13690185546875,5.8302001953125
145,0.27222222222222037,0.25079345703125,1.142333984375,5.83251953125
144,0.67222222222222072,-0.14453125,0.73858642578125,11.5655517578125
141,0.67222222222222072,0.772705078125,0.26910400390625,11.59185791015625
139,0.67051810775383724,-0.3770751953125,0,11.59503173828125
152,0.279166666666665,0.12261962890625,0.46087646484375,5.9036865234375
151,0.279166666666665,-0.26202392578125,1.46331787109375,5.90679931640625
150,0.279166666666665,0.62713623046875,1.01715087890625,5.90789794921875
149,0.279166666666665,-0.24774169921875,0.77197265625,5.918701171875
148,0.279166666666665,0.18463134765625,1.46044921875,5.918212890625
147,0.279166666666665,0.3055419921875,0.76715087890625,5.9249267578125
146,0.279166666666665,-0.14239501953125,1.12445068359375,5.930908203125
145,0.279166666666665,0.25408935546875,1.12994384765625,5.93328857421875
144,0.67916666666666536,-0.146728515625,0.7091064453125,11.6656494140625
141,0.67916666666666536,0.77911376953125,0.2352294921875,11.69219970703125
152,0.28611111111110876,0.12335205078125,0.43463134765625,6.00384521484375
151,0.28611111111110876,-0.26898193359375,1.45709228515625,6.00701904296875
150,0.28611111111110876,0.63787841796875,1.0020751953125,6.0081787109375
149,0.28611111111110876,-0.25445556640625,0.751953125,6.01922607421875
148,0.28611111111110876,0.18658447265625,1.45416259765625,6.0186767578125
147,0.28611111111110876,0.3099365234375,0.74700927734375,6.0255126953125
146,0.28611111111110876,-0.14697265625,1.1114501953125,6.0316162109375
145,0.28611111111110876,0.2574462890625,1.1170654296875,6.0340576171875
144,0.68611111111110912,-0.14886474609375,0.67913818359375,11.7657470703125
141,0.68611111111110912,0.7855224609375,0.20086669921875,11.79254150390625
152,0.2930555555555534,0.1240234375,0.40789794921875,6.10406494140625
151,0.2930555555555534,-0.2760009765625,1.45037841796875,6.10723876953125
150,0.2930555555555534,0.648681640625,0.9864501953125,6.10845947265625
149,0.2930555555555534,-0.26116943359375,0.7314453125,6.11968994140625
148,0.2930555555555534,0.1884765625,1.4473876953125,6.119140625
147,0.2930555555555534,0.31427001953125,0.72637939453125,6.1260986328125
146,0.2930555555555534,-0.15155029296875,1.09796142578125,6.13232421875
145,0.2930555555555534,0.2607421875,1.10369873046875,6.13482666015625
144,0.69305555555555376,-0.15106201171875,0.648681640625,11.8658447265625
141,0.69305555555555376,0.7919921875,0.166015625,11.89288330078125
152,0.29999999999999805,0.124755859375,0.38079833984375,6.2042236328125
151,0.29999999999999805,-0.282958984375,1.4432373046875,6.20745849609375
150,0.29999999999999805,0.659423828125,0.97039794921875,6.20867919921875
149,0.29999999999999805,-0.267822265625,0.71051025390625,6.22015380859375
148,0.29999999999999805,0.1904296875,1.440185546875,6.2196044921875
147,0.29999999999999805,0.318603515625,0.70538330078125,6.2266845703125
146,0.29999999999999805,-0.1561279296875,1.08404541015625,6.2330322265625
145,0.29999999999999805,0.26409912109375,1.08990478515625,6.235595703125
144,0.6999999999999984,-0.15325927734375,0.6177978515625,11.9659423828125
141,0.6999999999999984,0.79840087890625,0.1307373046875,11.99322509765625
152,0.30694444444444269,0.12542724609375,0.3531494140625,6.30438232421875
151,0.30694444444444269,-0.2899169921875,1.43560791015625,6.3077392578125
150,0.30694444444444269,0.67022705078125,0.953857421875,6.3089599609375
149,0.30694444444444269,-0.2745361328125,0.6890869140625,6.32061767578125
148,0.30694444444444269,0.1923828125,1.43255615234375,6.320068359375
147,0.30694444444444269,0.322998046875,0.683837890625,6.3272705078125
146,0.30694444444444269,-0.16070556640625,1.0697021484375,6.333740234375
145,0.30694444444444269,0.26739501953125,1.07568359375,6.33636474609375
144,0.706944444444443,-0.1553955078125,0.58642578125,12.0660400390625
141,0.706944444444443,0.8048095703125,0.094970703125,12.09356689453125
152,0.31388888888888733,0.12615966796875,0.32501220703125,6.404541015625
151,0.31388888888888733,-0.29693603515625,1.42755126953125,6.407958984375
150,0.31388888888888733,0.68096923828125,0.9368896484375,6.4091796875
149,0.31388888888888733,-0.28125,0.66717529296875,6.42108154296875
148,0.31388888888888733,0.1943359375,1.42437744140625,6.4205322265625
147,0.31388888888888733,0.32733154296875,0.661865234375,6.4278564453125
146,0.31388888888888733,-0.165283203125,1.0548095703125,6.4344482421875
145,0.31388888888888733,0.270751953125,1.0609130859375,6.43707275390625
144,0.71388888888888768,-0.1575927734375,0.5545654296875,12.1661376953125
141,0.71388888888888768,0.81121826171875,0.0587158203125,12.19390869140625
152,0.32083333333333108,0.1268310546875,0.2965087890625,6.50469970703125
151,0.32083333333333108,-0.30389404296875,1.41900634765625,6.5081787109375
150,0.32083333333333108,0.6917724609375,0.91943359375,6.50946044921875
149,0.32083333333333108,-0.28790283203125,0.64483642578125,6.52154541015625
148,0.32083333333333108,0.1962890625,1.415771484375,6.52099609375
147,0.32083333333333108,0.3316650390625,0.639404296875,6.5284423828125
146,0.32083333333333108,-0.169921875,1.03948974609375,6.53521728515625
145,0.32083333333333108,0.2740478515625,1.04571533203125,6.537841796875
144,0.72083333333333144,-0.15972900390625,0.52227783203125,12.2662353515625
141,0.72026945906131223,0.817138671875,0,12.2861328125
152,0.32777777777777573,0.1275634765625,0.26739501953125,6.60491943359375
151,0.32777777777777573,-0.31085205078125,1.409912109375,6.6083984375
150,0.32777777777777573,0.7025146484375,0.90142822265625,6.6097412109375
149,0.32777777777777573,-0.29461669921875,0.6219482421875,6.62200927734375
148,0.32777777777777573,0.19818115234375,1.4066162109375,6.6214599609375
147,0.32777777777777573,0.3360595703125,0.616455078125,6.62908935546875
146,0.32777777777777573,-0.17449951171875,1.023681640625,6.63592529296875
145,0.32777777777777573,0.27740478515625,1.02996826171875,6.63861083984375
144,0.72777777777777608,-0.16192626953125,0.48944091796875,12.3663330078125
152,0.33472222222222037,0.12823486328125,0.23785400390625,6.705078125
151,0.33472222222222037,-0.31787109375,1.400390625,6.7086181640625
150,0.33472222222222037,0.71331787109375,0.88299560546875,6.7099609375
149,0.33472222222222037,-0.30133056640625,0.5986328125,6.72247314453125
148,0.33472222222222037,0.20013427734375,1.3970947265625,6.721923828125
147,0.33472222222222037,0.34039306640625,0.593017578125,6.72967529296875
146,0.33472222222222037,-0.1790771484375,1.00738525390625,6.73663330078125
145,0.33472222222222037,0.28070068359375,1.0137939453125,6.7393798828125
144,0.73472222222222072,-0.16412353515625,0.4561767578125,12.4664306640625
152,0.341666666666665,0.12896728515625,0.2078857421875,6.80523681640625
151,0.341666666666665,-0.3248291015625,1.39044189453125,6.80889892578125
150,0.341666666666665,0.72406005859375,0.86419677734375,6.81024169921875
149,0.341666666666665,-0.3079833984375,0.57489013671875,6.82293701171875
148,0.341666666666665,0.20208740234375,1.3870849609375,6.8223876953125
147,0.341666666666665,0.3447265625,0.5692138671875,6.83026123046875
146,0.341666666666665,-0.18365478515625,0.99066162109375,6.83734130859375
145,0.341666666666665,0.2840576171875,0.9971923828125,6.84014892578125
144,0.74166666666666536,-0.166259765625,0.4224853515625,12.5665283203125
152,0.34861111111110876,0.129638671875,0.17742919921875,6.9053955078125
151,0.34861111111110876,-0.331787109375,1.37994384765625,6.90911865234375
150,0.34861111111110876,0.73486328125,0.84478759765625,6.91046142578125
149,0.34861111111110876,-0.314697265625,0.55059814453125,6.9234619140625
148,0.34861111111110876,0.20404052734375,1.37652587890625,6.9228515625
147,0.34861111111110876,0.34912109375,0.5447998046875,6.93084716796875
146,0.34861111111110876,-0.188232421875,0.97344970703125,6.93804931640625
145,0.34861111111110876,0.287353515625,0.98004150390625,6.94091796875
144,0.74861111111110912,-0.16845703125,0.38824462890625,12.6666259765625
152,0.3555555555555534,0.13037109375,0.146484375,7.00555419921875
151,0.3555555555555534,-0.3387451171875,1.36907958984375,7.00933837890625
150,0.3555555555555534,0.74560546875,0.824951171875,7.0107421875
149,0.3555555555555534,-0.32135009765625,0.52587890625,7.02392578125
148,0.3555555555555534,0.2059326171875,1.36553955078125,7.0233154296875
147,0.3555555555555534,0.35345458984375,0.52001953125,7.03143310546875
146,0.3555555555555534,-0.19287109375,0.95574951171875,7.03875732421875
145,0.3555555555555534,0.29071044921875,0.96246337890625,7.04168701171875
144,0.75555555555555376,-0.170654296875,0.35357666015625,12.7667236328125
152,0.36249999999999805,0.13104248046875,0.11505126953125,7.10577392578125
151,0.36249999999999805,-0.34576416015625,1.357666015625,7.10955810546875
150,0.36249999999999805,0.75640869140625,0.80462646484375,7.1109619140625
149,0.36249999999999805,-0.32806396484375,0.50067138671875,7.1243896484375
148,0.36249999999999805,0.2078857421875,1.35406494140625,7.123779296875
147,0.36249999999999805,0.3577880859375,0.49468994140625,7.13201904296875
146,0.36249999999999805,-0.19744873046875,0.93756103515625,7.13946533203125
145,0.36249999999999805,0.29400634765625,0.9444580078125,7.1424560546875
144,0.7624999999999984,-0.17279052734375,0.31842041015625,12.8668212890625
152,0.36944444444444269,0.13177490234375,0.08319091796875,7.2059326171875
151,0.36944444444444269,-0.35272216796875,1.34576416015625,7.20977783203125
150,0.36944444444444269,0.76715087890625,0.78387451171875,7.21124267578125
149,0.36944444444444269,-0.33477783203125,0.4749755859375,7.224853515625
148,0.36944444444444269,0.2098388671875,1.3421630859375,7.2242431640625
147,0.36944444444444269,0.3621826171875,0.4688720703125,7.23260498046875
146,0.36944444444444269,-0.2020263671875,0.9189453125,7.24017333984375
145,0.36944444444444269,0.29736328125,0.9259033203125,7.2431640625
144,0.769444444444443,-0.17498779296875,0.28277587890625,12.9669189453125
152,0.37638888888888733,0.1324462890625,0.05084228515625,7.30609130859375
151,0.37638888888888733,-0.35968017578125,1.33343505859375,7.31005859375
150,0.37638888888888733,0.7779541015625,0.76263427734375,7.3115234375
149,0.37638888888888733,-0.3414306640625,0.4488525390625,7.3253173828125
148,0.37638888888888733,0.2117919921875,1.32977294921875,7.32470703125
147,0.37638888888888733,0.36651611328125,0.44268798828125,7.333251953125
146,0.37638888888888733,-0.20660400390625,0.89984130859375,7.34088134765625
145,0.37638888888888733,0.3006591796875,0.90692138671875,7.34393310546875
144,0.77638888888888768,-0.17718505859375,0.2467041015625,13.0670166015625
152,0.38185150724695383,0.13299560546875,0,7.3848876953125
151,0.38333333333333108,-0.36669921875,1.32061767578125,7.4102783203125
150,0.38333333333333108,0.7886962890625,0.74090576171875,7.4117431640625
149,0.38333333333333108,-0.34814453125,0.4222412109375,7.42578125
148,0.38333333333333108,0.2137451171875,1.31689453125,7.4251708984375
147,0.38333333333333108,0.370849609375,0.41595458984375,7.433837890625
146,0.38333333333333108,-0.211181640625,0.8802490234375,7.44158935546875
145,0.38333333333333108,0.30401611328125,0.887451171875,7.4447021484375
144,0.78333333333333144,-0.1793212890625,0.2100830078125,13.1671142578125
151,0.39027777777777573,-0.3736572265625,1.30731201171875,7.510498046875
150,0.39027777777777573,0.79949951171875,0.71868896484375,7.51202392578125
149,0.39027777777777573,-0.3548583984375,0.3951416015625,7.5262451171875
148,0.39027777777777573,0.21563720703125,1.30352783203125,7.525634765625
147,0.39027777777777573,0.375244140625,0.3887939453125,7.534423828125
146,0.39027777777777573,-0.21575927734375,0.8602294921875,7.5423583984375
145,0.39027777777777573,0.30731201171875,0.86749267578125,7.54547119140625
144,0.79027777777777608,-0.1815185546875,0.173095703125,13.2672119140625
151,0.39722222222222037,-0.380615234375,1.2935791015625,7.6107177734375
150,0.39722222222222037,0.81024169921875,0.696044921875,7.61224365234375
149,0.39722222222222037,-0.36151123046875,0.3675537109375,7.626708984375
148,0.39722222222222037,0.21759033203125,1.28973388671875,7.6260986328125
147,0.39722222222222037,0.37957763671875,0.361083984375,7.635009765625
146,0.39722222222222037,-0.22039794921875,0.83966064453125,7.64306640625
145,0.39722222222222037,0.3106689453125,0.8470458984375,7.646240234375
144,0.79722222222222072,-0.18365478515625,0.13555908203125,13.3673095703125
153,0,0.08746337890625,1.25909423828125,0.88604736328125
154,0,0.08746337890625,1.25909423828125,0.88604736328125
155,0,0.08746337890625,1.25909423828125,0.88604736328125
156,0,0.08746337890625,1.25909423828125,0.88604736328125
157,0,0.08746337890625,1.25909423828125,0.88604736328125
158,0,0.08746337890625,1.25909423828125,0.88604736328125
159,0,0.08746337890625,1.25909423828125,0.88604736328125
160,0,0.08746337890625,1.25909423828125,0.88604736328125
160,0.0041666666666646535,0.09808349609375,1.2633056640625,0.97698974609375
159,0.0041666666666646535,0.08349609375,1.25042724609375,0.97723388671875
158,0.0041666666666646535,0.08544921875,1.26837158203125,0.97723388671875
157,0.0041666666666646535,0.09515380859375,1.25506591796875,0.977294921875
156,0.0041666666666646535,0.08074951171875,1.25799560546875,0.97747802734375
155,0.0041666666666646535,0.09173583984375,1.26446533203125,0.97747802734375
154,0.0041666666666646535,0.0885009765625,1.25457763671875,0.97760009765625
153,0.0041666666666646535,0.08587646484375,1.26129150390625,0.9776611328125
151,0.404166666666665,-0.38763427734375,1.279296875,7.7109375
150,0.404166666666665,0.821044921875,0.6728515625,7.7125244140625
149,0.404166666666665,-0.36822509765625,0.3394775390625,7.7271728515625
148,0.404166666666665,0.21954345703125,1.275390625,7.7265625
147,0.404166666666665,0.3839111328125,0.33294677734375,7.735595703125
146,0.404166666666665,-0.2249755859375,0.818603515625,7.7437744140625
145,0.404166666666665,0.31396484375,0.82611083984375,7.74700927734375
144,0.80416666666666536,-0.18585205078125,0.0975341796875,13.4674072265625
160,0.011111111111108407,0.1158447265625,1.2703857421875,1.12860107421875
159,0.011111111111108407,0.076904296875,1.2359619140625,1.129150390625
158,0.011111111111108407,0.08203125,1.2838134765625,1.129150390625
157,0.011111111111108407,0.1080322265625,1.24835205078125,1.12939453125
156,0.011111111111108407,0.0694580078125,1.2562255859375,1.12982177734375
155,0.011111111111108407,0.098876953125,1.27349853515625,1.12982177734375
154,0.011111111111108407,0.09027099609375,1.24713134765625,1.13018798828125
153,0.011111111111108407,0.08331298828125,1.2650146484375,1.13037109375
151,0.41111111111110876,-0.39459228515625,1.26458740234375,7.81121826171875
150,0.41111111111110876,0.831787109375,0.64923095703125,7.81280517578125
149,0.41111111111110876,-0.37493896484375,0.31097412109375,7.82769775390625
148,0.41111111111110876,0.22149658203125,1.2606201171875,7.82696533203125
147,0.41111111111110876,0.3883056640625,0.3043212890625,7.836181640625
146,0.41111111111110876,-0.22955322265625,0.79718017578125,7.844482421875
145,0.41111111111110876,0.31732177734375,0.80474853515625,7.8477783203125
144,0.81111111111110912,-0.18804931640625,0.05908203125,13.5675048828125
160,0.018055555555553049,0.133544921875,1.2774658203125,1.2801513671875
159,0.018055555555553049,0.0703125,1.22149658203125,1.2811279296875
158,0.018055555555553049,0.07867431640625,1.29925537109375,1.2811279296875
157,0.018055555555553049,0.120849609375,1.2415771484375,1.281494140625
156,0.018055555555553049,0.0582275390625,1.25445556640625,1.28216552734375
155,0.018055555555553049,0.10595703125,1.282470703125,1.28216552734375
154,0.018055555555553049,0.092041015625,1.2396240234375,1.28277587890625
153,0.018055555555553049,0.0806884765625,1.2686767578125,1.2830810546875
151,0.4180555555555534,-0.40155029296875,1.2493896484375,7.91143798828125
150,0.4180555555555534,0.84259033203125,0.6251220703125,7.91302490234375
149,0.4180555555555534,-0.381591796875,0.281982421875,7.92816162109375
148,0.4180555555555534,0.223388671875,1.245361328125,7.92742919921875
147,0.4180555555555534,0.39263916015625,0.2752685546875,7.936767578125
146,0.4180555555555534,-0.234130859375,0.77520751953125,7.9451904296875
145,0.4180555555555534,0.32061767578125,0.782958984375,7.94854736328125
144,0.81718695587536094,-0.18994140625,0,13.65509033203125
160,0.024999999999997691,0.1512451171875,1.2845458984375,1.4317626953125
159,0.024999999999997691,0.06378173828125,1.20703125,1.43304443359375
158,0.024999999999997691,0.0753173828125,1.31475830078125,1.43310546875
157,0.024999999999997691,0.13372802734375,1.23486328125,1.43359375
156,0.024999999999997691,0.0469970703125,1.252685546875,1.43450927734375
155,0.024999999999997691,0.11309814453125,1.29150390625,1.43450927734375
154,0.024999999999997691,0.09375,1.232177734375,1.43536376953125
153,0.024999999999997691,0.07806396484375,1.27239990234375,1.435791015625
151,0.42499999999999805,-0.4085693359375,1.2337646484375,8.01165771484375
150,0.42499999999999805,0.85333251953125,0.60064697265625,8.0133056640625
149,0.42499999999999805,-0.3883056640625,0.2525634765625,8.02862548828125
148,0.42499999999999805,0.225341796875,1.22967529296875,8.02789306640625
147,0.42499999999999805,0.39697265625,0.2457275390625,8.037353515625
146,0.42499999999999805,-0.23870849609375,0.7528076171875,8.0458984375
145,0.42499999999999805,0.323974609375,0.76068115234375,8.04931640625
160,0.031944444444442333,0.16900634765625,1.2916259765625,1.58331298828125
159,0.031944444444442333,0.05718994140625,1.19256591796875,1.58502197265625
158,0.031944444444442333,0.0718994140625,1.3302001953125,1.58502197265625
157,0.031944444444442333,0.14654541015625,1.2281494140625,1.58563232421875
156,0.031944444444442333,0.0357666015625,1.25091552734375,1.58685302734375
155,0.031944444444442333,0.12017822265625,1.30047607421875,1.58685302734375
154,0.031944444444442333,0.09552001953125,1.22467041015625,1.58795166015625
153,0.031944444444442333,0.075439453125,1.27606201171875,1.5885009765625
151,0.43194444444444269,-0.41552734375,1.21759033203125,8.11187744140625
150,0.43194444444444269,0.8641357421875,0.5755615234375,8.113525390625
149,0.43194444444444269,-0.39501953125,0.22259521484375,8.12908935546875
148,0.43194444444444269,0.227294921875,1.2135009765625,8.12835693359375
147,0.43194444444444269,0.4013671875,0.21563720703125,8.13800048828125
146,0.43194444444444269,-0.2432861328125,0.72991943359375,8.1466064453125
145,0.43194444444444269,0.3272705078125,0.73785400390625,8.1500244140625
160,0.038888888888886974,0.18670654296875,1.29864501953125,1.73492431640625
159,0.038888888888886974,0.05059814453125,1.1781005859375,1.7369384765625
158,0.038888888888886974,0.06854248046875,1.34564208984375,1.73699951171875
157,0.038888888888886974,0.159423828125,1.221435546875,1.73773193359375
156,0.038888888888886974,0.0245361328125,1.24908447265625,1.73919677734375
155,0.038888888888886974,0.1273193359375,1.30950927734375,1.73919677734375
154,0.038888888888886974,0.0972900390625,1.21722412109375,1.74053955078125
153,0.038888888888886974,0.0728759765625,1.27978515625,1.7412109375
151,0.43888888888888733,-0.4224853515625,1.2010498046875,8.21209716796875
150,0.43888888888888733,0.8748779296875,0.550048828125,8.21380615234375
149,0.43888888888888733,-0.40167236328125,0.19219970703125,8.22955322265625
148,0.43888888888888733,0.229248046875,1.19683837890625,8.22882080078125
147,0.43888888888888733,0.40570068359375,0.1851806640625,8.23858642578125
146,0.43888888888888733,-0.2479248046875,0.70654296875,8.247314453125
145,0.43888888888888733,0.33062744140625,0.714599609375,8.25079345703125
160,0.045833333333330728,0.2044677734375,1.30572509765625,1.886474609375
159,0.045833333333330728,0.04400634765625,1.16363525390625,1.888916015625
158,0.045833333333330728,0.06512451171875,1.361083984375,1.88897705078125
157,0.045833333333330728,0.1722412109375,1.2147216796875,1.88983154296875
156,0.045833333333330728,0.0133056640625,1.247314453125,1.8916015625
155,0.045833333333330728,0.13446044921875,1.3184814453125,1.89154052734375
154,0.045833333333330728,0.0989990234375,1.209716796875,1.89312744140625
153,0.045833333333330728,0.07025146484375,1.283447265625,1.8939208984375
151,0.44583333333333108,-0.42950439453125,1.1839599609375,8.3123779296875
150,0.44583333333333108,0.88568115234375,0.5240478515625,8.31402587890625
149,0.44583333333333108,-0.40838623046875,0.16131591796875,8.33001708984375
148,0.44583333333333108,0.231201171875,1.1796875,8.32928466796875
147,0.44583333333333108,0.4100341796875,0.1541748046875,8.33917236328125
146,0.44583333333333108,-0.25250244140625,0.68267822265625,8.3480224609375
145,0.44583333333333108,0.333984375,0.69085693359375,8.3515625
160,0.05277777777777537,0.22216796875,1.31280517578125,2.0380859375
159,0.05277777777777537,0.03741455078125,1.149169921875,2.04083251953125
158,0.05277777777777537,0.061767578125,1.37652587890625,2.0408935546875
157,0.05277777777777537,0.18511962890625,1.20794677734375,2.04193115234375
156,0.05277777777777537,0.00201416015625,1.24554443359375,2.0439453125
155,0.05277777777777537,0.14154052734375,1.32745361328125,2.04388427734375
154,0.05277777777777537,0.10076904296875,1.2022705078125,2.04571533203125
153,0.05277777777777537,0.067626953125,1.28717041015625,2.046630859375
151,0.45277777777777573,-0.43646240234375,1.1663818359375,8.41259765625
150,0.45277777777777573,0.896484375,0.49761962890625,8.414306640625
149,0.45277777777777573,-0.41510009765625,0.12994384765625,8.43048095703125
148,0.45277777777777573,0.23309326171875,1.16204833984375,8.42974853515625
147,0.45277777777777573,0.4144287109375,0.12274169921875,8.43975830078125
146,0.45277777777777573,-0.257080078125,0.6583251953125,8.44873046875
145,0.45277777777777573,0.3372802734375,0.6666259765625,8.45233154296875
160,0.059722222222220012,0.23992919921875,1.31988525390625,2.18963623046875
159,0.059722222222220012,0.03082275390625,1.13470458984375,2.19281005859375
158,0.059722222222220012,0.058349609375,1.39202880859375,2.19287109375
157,0.059722222222220012,0.19793701171875,1.20123291015625,2.19403076171875
156,0.059722222222220012,-0.00921630859375,1.2437744140625,2.1962890625
155,0.059722222222220012,0.148681640625,1.33648681640625,2.19622802734375
154,0.059722222222220012,0.1025390625,1.19476318359375,2.19830322265625
153,0.059722222222220012,0.06500244140625,1.29083251953125,2.1993408203125
151,0.45972222222222037,-0.44342041015625,1.14837646484375,8.5128173828125
150,0.45972222222222037,0.9072265625,0.470703125,8.51458740234375
149,0.45972222222222037,-0.4217529296875,0.09814453125,8.53094482421875
148,0.45972222222222037,0.23504638671875,1.14404296875,8.53021240234375
147,0.45972222222222037,0.41876220703125,0.0908203125,8.54034423828125
146,0.45972222222222037,-0.26165771484375,0.63360595703125,8.54949951171875
145,0.45972222222222037,0.34063720703125,0.6419677734375,8.5531005859375
160,0.066666666666664653,0.25762939453125,1.326904296875,2.34124755859375
159,0.066666666666664653,0.02423095703125,1.1202392578125,2.3447265625
158,0.066666666666664653,0.05499267578125,1.407470703125,2.3448486328125
157,0.066666666666664653,0.2108154296875,1.19451904296875,2.3460693359375
156,0.066666666666664653,-0.02044677734375,1.24200439453125,2.3486328125
155,0.066666666666664653,0.15582275390625,1.345458984375,2.34857177734375
154,0.066666666666664653,0.104248046875,1.187255859375,2.350830078125
153,0.066666666666664653,0.0623779296875,1.2945556640625,2.35205078125
151,0.466666666666665,-0.450439453125,1.1298828125,8.613037109375
150,0.466666666666665,0.91802978515625,0.44329833984375,8.61480712890625
149,0.466666666666665,-0.428466796875,0.06585693359375,8.63140869140625
148,0.466666666666665,0.23699951171875,1.12548828125,8.63067626953125
147,0.466666666666665,0.423095703125,0.0584716796875,8.64093017578125
146,0.466666666666665,-0.2662353515625,0.60833740234375,8.65020751953125
145,0.466666666666665,0.34393310546875,0.6168212890625,8.65386962890625
160,0.073611111111108407,0.27520751953125,1.33367919921875,2.491455078125
159,0.073611111111108407,0.0177001953125,1.10565185546875,2.495361328125
158,0.073611111111108407,0.0516357421875,1.42254638671875,2.49542236328125
157,0.073611111111108407,0.22357177734375,1.1876220703125,2.496826171875
156,0.073611111111108407,-0.03155517578125,1.239990234375,2.4996337890625
155,0.073611111111108407,0.162841796875,1.3541259765625,2.49957275390625
154,0.073611111111108407,0.10601806640625,1.17962646484375,2.5020751953125
153,0.073611111111108407,0.059814453125,1.2979736328125,2.50341796875
151,0.47361111111110876,-0.4573974609375,1.11090087890625,8.7132568359375
150,0.47361111111110876,0.92877197265625,0.4154052734375,8.715087890625
149,0.47361111111110876,-0.43511962890625,0.0330810546875,8.73193359375
148,0.47361111111110876,0.23895263671875,1.1064453125,8.73114013671875
147,0.47361111111110876,0.427490234375,0.02557373046875,8.74151611328125
146,0.47361111111110876,-0.27081298828125,0.58258056640625,8.75091552734375
145,0.47361111111110876,0.3472900390625,0.59124755859375,8.754638671875
160,0.080555555555553049,0.29248046875,1.33990478515625,2.6390380859375
159,0.080555555555553049,0.01129150390625,1.09088134765625,2.64324951171875
158,0.080555555555553049,0.04833984375,1.4368896484375,2.64337158203125
157,0.080555555555553049,0.236083984375,1.180419921875,2.6448974609375
156,0.080555555555553049,-0.04254150390625,1.237548828125,2.64794921875
155,0.080555555555553049,0.1697998046875,1.36224365234375,2.64788818359375
154,0.080555555555553049,0.10772705078125,1.17169189453125,2.650634765625
153,0.080555555555553049,0.0572509765625,1.3009033203125,2.652099609375
151,0.4805555555555534,-0.46435546875,1.09149169921875,8.81353759765625
150,0.4805555555555534,0.9395751953125,0.3870849609375,8.8153076171875
149,0.47529561645992591,-0.436767578125,0,8.75628662109375
148,0.4805555555555534,0.2408447265625,1.0869140625,8.83160400390625
147,0.47372812349888332,0.42755126953125,0,8.74322509765625
146,0.4805555555555534,-0.27545166015625,0.556396484375,8.85162353515625
145,0.4805555555555534,0.3505859375,0.56512451171875,8.85540771484375
160,0.087499999999997691,0.30938720703125,1.345458984375,2.78387451171875
159,0.087499999999997691,0.0050048828125,1.07586669921875,2.78851318359375
158,0.087499999999997691,0.04510498046875,1.450439453125,2.78857421875
157,0.087499999999997691,0.24835205078125,1.1727294921875,2.79022216796875
156,0.087499999999997691,-0.05328369140625,1.234619140625,2.7935791015625
155,0.087499999999997691,0.17657470703125,1.36962890625,2.79345703125
154,0.087499999999997691,0.109375,1.163330078125,2.79644775390625
153,0.087499999999997691,0.0548095703125,1.30316162109375,2.79803466796875
151,0.48749999999999805,-0.4713134765625,1.07159423828125,8.91375732421875
150,0.48749999999999805,0.9503173828125,0.3582763671875,8.91558837890625
148,0.48749999999999805,0.2427978515625,1.06695556640625,8.93206787109375
146,0.48749999999999805,-0.280029296875,0.52972412109375,8.95233154296875
145,0.48749999999999805,0.35394287109375,0.53857421875,8.95611572265625
160,0.094444444444442333,0.32598876953125,1.35040283203125,2.92608642578125
159,0.094444444444442333,-0.00115966796875,1.0606689453125,2.9310302734375
158,0.094444444444442333,0.04193115234375,1.46331787109375,2.93115234375
157,0.094444444444442333,0.2603759765625,1.164794921875,2.93292236328125
156,0.094444444444442333,-0.06378173828125,1.2313232421875,2.93646240234375
155,0.094444444444442333,0.18328857421875,1.37640380859375,2.9364013671875
154,0.094444444444442333,0.11102294921875,1.1546630859375,2.9395751953125
153,0.094444444444442333,0.05230712890625,1.30499267578125,2.9412841796875
151,0.49444444444444269,-0.47833251953125,1.05120849609375,9.01397705078125
150,0.49444444444444269,0.96112060546875,0.3289794921875,9.015869140625
148,0.49444444444444269,0.2447509765625,1.04656982421875,9.03253173828125
146,0.49444444444444269,-0.28460693359375,0.5025634765625,9.05303955078125
145,0.49444444444444269,0.35723876953125,0.51153564453125,9.056884765625
160,0.10138888888888697,0.34234619140625,1.35479736328125,3.06561279296875
159,0.10138888888888697,-0.00726318359375,1.045166015625,3.07086181640625
158,0.10138888888888697,0.038818359375,1.47540283203125,3.07098388671875
157,0.10138888888888697,0.272216796875,1.15643310546875,3.0728759765625
156,0.10138888888888697,-0.07415771484375,1.2275390625,3.07666015625
155,0.10138888888888697,0.1898193359375,1.382568359375,3.07659912109375
154,0.10138888888888697,0.1126708984375,1.1456298828125,3.08001708984375
153,0.10138888888888697,0.0499267578125,1.3062744140625,3.08184814453125
151,0.50138888888888733,-0.48529052734375,1.03033447265625,9.11419677734375
150,0.50138888888888733,0.97186279296875,0.2991943359375,9.1160888671875
148,0.50138888888888733,0.2467041015625,1.025634765625,9.13299560546875
146,0.50138888888888733,-0.2891845703125,0.4749755859375,9.15374755859375
145,0.50138888888888733,0.360595703125,0.4840087890625,9.15765380859375
160,0.10833333333333073,0.35833740234375,1.35858154296875,3.202392578125
159,0.10833333333333073,-0.01318359375,1.02960205078125,3.2080078125
158,0.10833333333333073,0.0357666015625,1.48675537109375,3.2081298828125
157,0.10833333333333073,0.2838134765625,1.1478271484375,3.21014404296875
156,0.10833333333333073,-0.08428955078125,1.223388671875,3.21417236328125
155,0.10833333333333073,0.19622802734375,1.38812255859375,3.214111328125
154,0.10833333333333073,0.11419677734375,1.13629150390625,3.21771240234375
153,0.10833333333333073,0.047607421875,1.3070068359375,3.21966552734375
151,0.50833333333333108,-0.49224853515625,1.009033203125,9.2144775390625
150,0.50833333333333108,0.982666015625,0.26898193359375,9.21636962890625
148,0.50833333333333108,0.2486572265625,1.0042724609375,9.23345947265625
146,0.50833333333333108,-0.29376220703125,0.4468994140625,9.25445556640625
145,0.50833333333333108,0.3638916015625,0.4560546875,9.2584228515625
160,0.11527777777777537,0.3740234375,1.36175537109375,3.3365478515625
159,0.11527777777777537,-0.01904296875,1.013671875,3.34246826171875
158,0.11527777777777537,0.03277587890625,1.497314453125,3.34259033203125
157,0.11527777777777537,0.295166015625,1.13873291015625,3.3447265625
156,0.11527777777777537,-0.09423828125,1.21868896484375,3.3489990234375
155,0.11527777777777537,0.2025146484375,1.3929443359375,3.348876953125
154,0.11527777777777537,0.11578369140625,1.1265869140625,3.35272216796875
153,0.11527777777777537,0.0452880859375,1.30718994140625,3.35479736328125
151,0.51527777777777573,-0.499267578125,0.9871826171875,9.314697265625
150,0.51527777777777573,0.993408203125,0.23828125,9.31658935546875
148,0.51527777777777573,0.25054931640625,0.98236083984375,9.33392333984375
146,0.51527777777777573,-0.29840087890625,0.41827392578125,9.35516357421875
145,0.51527777777777573,0.36724853515625,0.42755126953125,9.35919189453125
160,0.12222222222222001,0.389404296875,1.36431884765625,3.46795654296875
159,0.12222222222222001,-0.02471923828125,0.99755859375,3.4742431640625
158,0.12222222222222001,0.02984619140625,1.5072021484375,3.474365234375
157,0.12222222222222001,0.30633544921875,1.12939453125,3.47662353515625
156,0.12222222222222001,-0.10400390625,1.213623046875,3.48114013671875
155,0.12222222222222001,0.20867919921875,1.397216796875,3.48101806640625
154,0.12222222222222001,0.1173095703125,1.11651611328125,3.48504638671875
153,0.12222222222222001,0.04302978515625,1.30682373046875,3.48724365234375
151,0.52222222222222037,-0.5062255859375,0.9649658203125,9.4149169921875
150,0.52222222222222037,1.00421142578125,0.20709228515625,9.4168701171875
148,0.52222222222222037,0.25250244140625,0.9600830078125,9.43438720703125
146,0.52222222222222037,-0.302978515625,0.3892822265625,9.45587158203125
145,0.52222222222222037,0.37054443359375,0.39862060546875,9.4599609375
160,0.12916666666666465,0.4044189453125,1.36627197265625,3.59674072265625
159,0.12916666666666465,-0.03033447265625,0.98126220703125,3.60333251953125
158,0.12916666666666465,0.0269775390625,1.51629638671875,3.60345458984375
157,0.12916666666666465,0.3172607421875,1.11962890625,3.6058349609375
156,0.12916666666666465,-0.113525390625,1.20806884765625,3.61053466796875
155,0.12916666666666465,0.21478271484375,1.40087890625,3.61041259765625
154,0.12916666666666465,0.1187744140625,1.10614013671875,3.61468505859375
153,0.12916666666666465,0.040771484375,1.30596923828125,3.616943359375
151,0.529166666666665,-0.51318359375,0.94219970703125,9.51513671875
150,0.529166666666665,1.01495361328125,0.1754150390625,9.51708984375
148,0.529166666666665,0.25445556640625,0.937255859375,9.53485107421875
146,0.529166666666665,-0.30755615234375,0.3597412109375,9.556640625
145,0.529166666666665,0.3739013671875,0.3692626953125,9.56072998046875
160,0.13611111111110841,0.419189453125,1.36773681640625,3.72283935546875
159,0.13611111111110841,-0.03582763671875,0.96478271484375,3.729736328125
158,0.13611111111110841,0.024169921875,1.52471923828125,3.7298583984375
157,0.13611111111110841,0.32794189453125,1.109619140625,3.7322998046875
156,0.13611111111110841,-0.12286376953125,1.2021484375,3.7373046875
155,0.13611111111110841,0.220703125,1.40386962890625,3.73712158203125
154,0.13611111111110841,0.1202392578125,1.095458984375,3.7415771484375
153,0.13611111111110841,0.03863525390625,1.3045654296875,3.74395751953125
151,0.53611111111110876,-0.52020263671875,0.91900634765625,9.6153564453125
150,0.53611111111110876,1.0257568359375,0.143310546875,9.61737060546875
148,0.53611111111110876,0.25640869140625,0.91400146484375,9.63531494140625
146,0.53611111111110876,-0.3121337890625,0.32977294921875,9.6573486328125
145,0.53611111111110876,0.377197265625,0.33941650390625,9.6614990234375
160,0.14305555555555305,0.43359375,1.3685302734375,3.84625244140625
159,0.14305555555555305,-0.0411376953125,0.94805908203125,3.8533935546875
158,0.14305555555555305,0.02142333984375,1.5323486328125,3.85357666015625
157,0.14305555555555305,0.33837890625,1.09918212890625,3.85614013671875
156,0.14305555555555305,-0.13201904296875,1.19573974609375,3.861328125
155,0.14305555555555305,0.2264404296875,1.40625,3.86114501953125
154,0.14305555555555305,0.12164306640625,1.08447265625,3.8658447265625
153,0.14305555555555305,0.0364990234375,1.3026123046875,3.8682861328125
151,0.5430555555555534,-0.52716064453125,0.895263671875,9.71563720703125
150,0.5430555555555534,1.0364990234375,0.1107177734375,9.7176513671875
148,0.5430555555555534,0.25830078125,0.89019775390625,9.73577880859375
146,0.5430555555555534,-0.31671142578125,0.29931640625,9.758056640625
145,0.5430555555555534,0.38055419921875,0.30902099609375,9.76220703125
160,0.14999999999999769,0.44775390625,1.36865234375,3.9669189453125
159,0.14999999999999769,-0.04638671875,0.9310302734375,3.97442626953125
158,0.14999999999999769,0.01873779296875,1.53912353515625,3.97454833984375
157,0.14999999999999769,0.3486328125,1.08831787109375,3.97723388671875
156,0.14999999999999769,-0.1409912109375,1.1888427734375,3.98260498046875
155,0.14999999999999769,0.23211669921875,1.407958984375,3.98248291015625
154,0.14999999999999769,0.123046875,1.072998046875,3.9873046875
153,0.14999999999999769,0.034423828125,1.300048828125,3.9898681640625
151,0.549999999999998,-0.53411865234375,0.87109375,9.81585693359375
150,0.549999999999998,1.04730224609375,0.07763671875,9.81787109375
148,0.549999999999998,0.26025390625,0.865966796875,9.83624267578125
146,0.549999999999998,-0.3212890625,0.26837158203125,9.8587646484375
145,0.549999999999998,0.38385009765625,0.2781982421875,9.86297607421875
160,0.15694444444444233,0.4615478515625,1.3682861328125,4.0849609375
159,0.15694444444444233,-0.051513671875,0.9139404296875,4.09271240234375
158,0.15694444444444233,0.01611328125,1.54534912109375,4.0928955078125
157,0.15694444444444233,0.358642578125,1.07720947265625,4.09564208984375
156,0.15694444444444233,-0.14971923828125,1.18157958984375,4.10125732421875
155,0.15694444444444233,0.2376708984375,1.4090576171875,4.10113525390625
154,0.15694444444444233,0.12445068359375,1.06134033203125,4.10614013671875
153,0.15694444444444233,0.03240966796875,1.297119140625,4.10882568359375
151,0.55694444444444269,-0.5411376953125,0.84649658203125,9.91607666015625
150,0.55694444444444269,1.05804443359375,0.04412841796875,9.91815185546875
148,0.55694444444444269,0.26220703125,0.84136962890625,9.9366455078125
146,0.55694444444444269,-0.325927734375,0.23699951171875,9.95947265625
145,0.55694444444444269,0.38720703125,0.2469482421875,9.9637451171875
160,0.16388888888888697,0.47503662109375,1.36724853515625,4.2003173828125
159,0.16388888888888697,-0.05657958984375,0.896484375,4.2083740234375
158,0.16388888888888697,0.0135498046875,1.5506591796875,4.20849609375
157,0.16388888888888697,0.368408203125,1.065673828125,4.21136474609375
156,0.16388888888888697,-0.15826416015625,1.173828125,4.2171630859375
155,0.16388888888888697,0.24310302734375,1.4095458984375,4.217041015625
154,0.16388888888888697,0.125732421875,1.0491943359375,4.22222900390625
153,0.16388888888888697,0.0303955078125,1.29351806640625,4.22503662109375
151,0.56388888888888733,-0.548095703125,0.82135009765625,10.01629638671875
150,0.56084229350679837,1.0640869140625,0,9.97442626953125
148,0.56388888888888733,0.26416015625,0.816162109375,10.037109375
146,0.56388888888888733,-0.33050537109375,0.20513916015625,10.0601806640625
145,0.56388888888888733,0.3905029296875,0.21514892578125,10.06451416015625
160,0.17083333333333073,0.48822021484375,1.36566162109375,4.31298828125
159,0.17083333333333073,-0.06146240234375,0.87890625,4.3212890625
158,0.17083333333333073,0.010986328125,1.5552978515625,4.32147216796875
157,0.17083333333333073,0.3779296875,1.05389404296875,4.32440185546875
156,0.17083333333333073,-0.1666259765625,1.1656494140625,4.3304443359375
155,0.17083333333333073,0.2484130859375,1.40936279296875,4.33026123046875
154,0.17083333333333073,0.1270751953125,1.03680419921875,4.33563232421875
153,0.17083333333333073,0.0284423828125,1.2894287109375,4.3385009765625
151,0.57083333333333108,-0.5550537109375,0.79583740234375,10.11651611328125
148,0.57083333333333108,0.26611328125,0.79052734375,10.1375732421875
146,0.57083333333333108,-0.3350830078125,0.17279052734375,10.160888671875
145,0.57083333333333108,0.39385986328125,0.18292236328125,10.165283203125
160,0.17777777777777537,0.50103759765625,1.36346435546875,4.4229736328125
159,0.17777777777777537,-0.06622314453125,0.861083984375,4.4315185546875
158,0.17777777777777537,0.008544921875,1.5592041015625,4.43170166015625
157,0.17777777777777537,0.38726806640625,1.04168701171875,4.43475341796875
156,0.17777777777777537,-0.1748046875,1.15704345703125,4.44097900390625
155,0.17777777777777537,0.2535400390625,1.4085693359375,4.4407958984375
154,0.17777777777777537,0.12835693359375,1.0240478515625,4.44635009765625
153,0.17777777777777537,0.02655029296875,1.28472900390625,4.44927978515625
151,0.57777777777777573,-0.56207275390625,0.769775390625,10.216796875
148,0.57777777777777573,0.26800537109375,0.764404296875,10.238037109375
146,0.57777777777777573,-0.33966064453125,0.13995361328125,10.2615966796875
145,0.57777777777777573,0.39715576171875,0.15020751953125,10.26605224609375
160,0.18472222222222,0.51361083984375,1.36065673828125,4.53021240234375
159,0.18472222222222,-0.07086181640625,0.84307861328125,4.5390625
158,0.18472222222222,0.00616455078125,1.56231689453125,4.53924560546875
157,0.18472222222222,0.3963623046875,1.02911376953125,4.54241943359375
156,0.18472222222222,-0.1827392578125,1.14794921875,4.54876708984375
155,0.18472222222222,0.25860595703125,1.4071044921875,4.54864501953125
154,0.18472222222222,0.12957763671875,1.010986328125,4.55438232421875
153,0.18472222222222,0.02471923828125,1.279541015625,4.557373046875
151,0.58472222222222037,-0.56903076171875,0.74322509765625,10.3170166015625
148,0.58472222222222037,0.26995849609375,0.73785400390625,10.3385009765625
146,0.58472222222222037,-0.34423828125,0.106689453125,10.3623046875
145,0.58472222222222037,0.4005126953125,0.1170654296875,10.3668212890625
160,0.19166666666666465,0.52581787109375,1.3572998046875,4.63482666015625
159,0.19166666666666465,-0.075439453125,0.8248291015625,4.6439208984375
158,0.19166666666666465,0.00384521484375,1.56475830078125,4.64410400390625
157,0.19166666666666465,0.40521240234375,1.0162353515625,4.64739990234375
156,0.19166666666666465,-0.19049072265625,1.13848876953125,4.6539306640625
155,0.19166666666666465,0.26348876953125,1.40509033203125,4.65374755859375
154,0.19166666666666465,0.13079833984375,0.99755859375,4.65966796875
153,0.19166666666666465,0.02288818359375,1.27386474609375,4.66278076171875
151,0.591666666666665,-0.57598876953125,0.7161865234375,10.417236328125
148,0.591666666666665,0.27191162109375,0.71075439453125,10.43896484375
146,0.591666666666665,-0.34881591796875,0.0728759765625,10.4630126953125
145,0.591666666666665,0.40380859375,0.0833740234375,10.46759033203125
160,0.19861111111110841,0.53778076171875,1.353271484375,4.73675537109375
159,0.19861111111110841,-0.079833984375,0.80633544921875,4.74609375
158,0.19861111111110841,0.00152587890625,1.56634521484375,4.74627685546875
157,0.19861111111110841,0.41387939453125,1.00286865234375,4.7496337890625
156,0.19861111111110841,-0.19805908203125,1.12847900390625,4.75640869140625
155,0.19861111111110841,0.268310546875,1.40234375,4.7562255859375
154,0.19861111111110841,0.1319580078125,0.9837646484375,4.76226806640625
153,0.19861111111110841,0.02117919921875,1.267578125,4.76544189453125
151,0.59861111111110876,-0.58294677734375,0.688720703125,10.5174560546875
148,0.59861111111110876,0.27386474609375,0.6832275390625,10.5394287109375
146,0.59861111111110876,-0.35345458984375,0.03863525390625,10.56378173828125
145,0.59861111111110876,0.40716552734375,0.04925537109375,10.56829833984375
160,0.20555555555555305,0.5494384765625,1.3487548828125,4.83685302734375
159,0.20555555555555305,-0.084228515625,0.78753662109375,4.846435546875
158,0.20555555555555305,-0.00067138671875,1.5673828125,4.84661865234375
157,0.20555555555555305,0.42236328125,0.9892578125,4.85003662109375
156,0.20555555555555305,-0.20550537109375,1.11810302734375,4.85699462890625
155,0.20555555555555305,0.27301025390625,1.39910888671875,4.8568115234375
154,0.20555555555555305,0.13311767578125,0.9696044921875,4.863037109375
153,0.20555555555555305,0.0194091796875,1.26080322265625,4.8663330078125
151,0.6055555555555534,-0.5899658203125,0.6607666015625,10.61767578125
148,0.6055555555555534,0.27581787109375,0.65521240234375,10.639892578125
146,0.60133518828352117,-0.355224609375,0,10.603271484375
145,0.60347589743184493,0.40948486328125,0,10.638916015625
160,0.21249999999999769,0.5611572265625,1.34375,4.9368896484375
159,0.21249999999999769,-0.08856201171875,0.76837158203125,4.94671630859375
158,0.21249999999999769,-0.0029296875,1.56793212890625,4.94696044921875
157,0.21249999999999769,0.43084716796875,0.97515869140625,4.950439453125
156,0.21249999999999769,-0.212890625,1.1072998046875,4.95751953125
155,0.21249999999999769,0.2777099609375,1.3953857421875,4.95733642578125
154,0.21249999999999769,0.13427734375,0.95501708984375,4.9637451171875
153,0.21249999999999769,0.0177001953125,1.25360107421875,4.96710205078125
151,0.612499999999998,-0.596923828125,0.63238525390625,10.71795654296875
148,0.612499999999998,0.2777099609375,0.62677001953125,10.7403564453125
160,0.21944444444444233,0.5728759765625,1.33819580078125,5.03692626953125
159,0.21944444444444233,-0.0928955078125,0.74859619140625,5.0469970703125
158,0.21944444444444233,-0.005126953125,1.56793212890625,5.0472412109375
157,0.21944444444444233,0.4393310546875,0.96051025390625,5.05084228515625
156,0.21944444444444233,-0.2203369140625,1.09588623046875,5.05810546875
155,0.21944444444444233,0.28240966796875,1.39111328125,5.05792236328125
154,0.21944444444444233,0.13543701171875,0.93988037109375,5.06439208984375
153,0.21944444444444233,0.0159912109375,1.24578857421875,5.06787109375
151,0.61944444444444269,-0.6038818359375,0.603515625,10.81817626953125
148,0.61944444444444269,0.2796630859375,0.59783935546875,10.8408203125
160,0.22638888888888697,0.58453369140625,1.332275390625,5.13702392578125
159,0.22638888888888697,-0.09722900390625,0.72845458984375,5.14727783203125
158,0.22638888888888697,-0.00738525390625,1.5675048828125,5.14752197265625
157,0.22638888888888697,0.44781494140625,0.9454345703125,5.15118408203125
156,0.22638888888888697,-0.22772216796875,1.0841064453125,5.15863037109375
155,0.22638888888888697,0.287109375,1.386474609375,5.158447265625
154,0.22638888888888697,0.1365966796875,0.92431640625,5.16510009765625
153,0.22638888888888697,0.0142822265625,1.23760986328125,5.168701171875
151,0.62638888888888733,-0.61090087890625,0.57415771484375,10.91839599609375
148,0.62638888888888733,0.2816162109375,0.56842041015625,10.9412841796875
160,0.23333333333333073,0.59625244140625,1.3258056640625,5.237060546875
159,0.23333333333333073,-0.10162353515625,0.707763671875,5.24755859375
158,0.23333333333333073,-0.00958251953125,1.56658935546875,5.247802734375
157,0.23333333333333073,0.456298828125,0.929931640625,5.2515869140625
156,0.23333333333333073,-0.23516845703125,1.07183837890625,5.25921630859375
155,0.23333333333333073,0.29180908203125,1.38128662109375,5.25897216796875
154,0.23333333333333073,0.13775634765625,0.90826416015625,5.26580810546875
153,0.23333333333333073,0.01251220703125,1.22894287109375,5.26947021484375
151,0.63333333333333108,-0.61785888671875,0.5443115234375,11.01861572265625
148,0.63333333333333108,0.2835693359375,0.53851318359375,11.041748046875
160,0.24027777777777537,0.60797119140625,1.31890869140625,5.33709716796875
159,0.24027777777777537,-0.10595703125,0.6866455078125,5.347900390625
158,0.24027777777777537,-0.0118408203125,1.565185546875,5.34808349609375
157,0.24027777777777537,0.46478271484375,0.91387939453125,5.3519287109375
156,0.24027777777777537,-0.2425537109375,1.05908203125,5.3597412109375
155,0.24027777777777537,0.29644775390625,1.3756103515625,5.35955810546875
154,0.24027777777777537,0.138916015625,0.8917236328125,5.36651611328125
153,0.24027777777777537,0.01080322265625,1.21978759765625,5.3702392578125
151,0.64027777777777573,-0.62481689453125,0.51397705078125,11.118896484375
148,0.64027777777777573,0.28546142578125,0.50811767578125,11.1422119140625
160,0.24722222222222,0.61962890625,1.3115234375,5.4371337890625
159,0.24722222222222,-0.11029052734375,0.66510009765625,5.44818115234375
158,0.24722222222222,-0.01409912109375,1.5633544921875,5.4483642578125
157,0.24722222222222,0.47320556640625,0.89739990234375,5.45233154296875
156,0.24722222222222,-0.25,1.04583740234375,5.4603271484375
155,0.24722222222222,0.3011474609375,1.36956787109375,5.4600830078125
154,0.24722222222222,0.14007568359375,0.874755859375,5.46722412109375
153,0.24722222222222,0.00909423828125,1.210205078125,5.47100830078125
151,0.64722222222222037,-0.6318359375,0.48321533203125,11.2191162109375
148,0.64722222222222037,0.28741455078125,0.47735595703125,11.24267578125
160,0.25416666666666465,0.63134765625,1.30364990234375,5.53717041015625
159,0.25416666666666465,-0.1146240234375,0.64300537109375,5.5484619140625
158,0.25416666666666465,-0.01629638671875,1.56103515625,5.5487060546875
157,0.25416666666666465,0.481689453125,0.8804931640625,5.552734375
156,0.25416666666666465,-0.25738525390625,1.03216552734375,5.56085205078125
155,0.25416666666666465,0.30584716796875,1.36297607421875,5.5606689453125
154,0.25416666666666465,0.14117431640625,0.8572998046875,5.56793212890625
153,0.25416666666666465,0.00738525390625,1.20013427734375,5.57183837890625
151,0.654166666666665,-0.6387939453125,0.45196533203125,11.3193359375
148,0.654166666666665,0.28936767578125,0.44598388671875,11.3431396484375
160,0.26111111111110841,0.64306640625,1.29534912109375,5.63720703125
159,0.26111111111110841,-0.11895751953125,0.6204833984375,5.64874267578125
158,0.26111111111110841,-0.0185546875,1.55828857421875,5.64898681640625
157,0.26111111111110841,0.49017333984375,0.863037109375,5.653076171875
156,0.26111111111110841,-0.26483154296875,1.01800537109375,5.66143798828125
155,0.26111111111110841,0.310546875,1.35589599609375,5.66119384765625
154,0.26111111111110841,0.142333984375,0.83941650390625,5.66864013671875
153,0.26111111111110841,0.00567626953125,1.1895751953125,5.672607421875
151,0.66111111111110876,-0.645751953125,0.42022705078125,11.4195556640625
148,0.66111111111110876,0.29132080078125,0.4141845703125,11.443603515625
160,0.26805555555555305,0.65472412109375,1.2864990234375,5.73724365234375
159,0.26805555555555305,-0.12335205078125,0.597412109375,5.7490234375
158,0.26805555555555305,-0.020751953125,1.55499267578125,5.749267578125
157,0.26805555555555305,0.4986572265625,0.8450927734375,5.75347900390625
156,0.26805555555555305,-0.272216796875,1.0032958984375,5.761962890625
155,0.26805555555555305,0.31524658203125,1.34832763671875,5.76171875
154,0.26805555555555305,0.14349365234375,0.82098388671875,5.76934814453125
153,0.26805555555555305,0.00390625,1.17852783203125,5.77337646484375
151,0.6680555555555534,-0.65277099609375,0.3880615234375,11.519775390625
148,0.6680555555555534,0.29327392578125,0.3819580078125,11.5440673828125
160,0.27499999999999769,0.66644287109375,1.27728271484375,5.8372802734375
159,0.27499999999999769,-0.127685546875,0.573974609375,5.84930419921875
158,0.27499999999999769,-0.02301025390625,1.55126953125,5.84954833984375
157,0.27499999999999769,0.50714111328125,0.82672119140625,5.85382080078125
156,0.27499999999999769,-0.2796630859375,0.98822021484375,5.862548828125
155,0.27499999999999769,0.3199462890625,1.34039306640625,5.8623046875
154,0.27499999999999769,0.1446533203125,0.8021240234375,5.87005615234375
153,0.27499999999999769,0.002197265625,1.16705322265625,5.87420654296875
151,0.674999999999998,-0.65972900390625,0.3553466796875,11.62005615234375
148,0.674999999999998,0.295166015625,0.3492431640625,11.64453125
160,0.28194444444444233,0.67816162109375,1.2674560546875,5.93731689453125
159,0.28194444444444233,-0.13201904296875,0.54998779296875,5.9495849609375
158,0.28194444444444233,-0.02520751953125,1.5469970703125,5.9498291015625
157,0.28194444444444233,0.515625,0.807861328125,5.9542236328125
156,0.28194444444444233,-0.28704833984375,0.97259521484375,5.96307373046875
155,0.28194444444444233,0.32464599609375,1.33184814453125,5.96282958984375
154,0.28194444444444233,0.14581298828125,0.78271484375,5.97076416015625
153,0.28194444444444233,0.00048828125,1.155029296875,5.9749755859375
151,0.68194444444444269,-0.66668701171875,0.32220458984375,11.72027587890625
148,0.68194444444444269,0.297119140625,0.3160400390625,11.7449951171875
160,0.288888888888887,0.6898193359375,1.2572021484375,6.03741455078125
159,0.288888888888887,-0.1363525390625,0.5255126953125,6.04986572265625
158,0.288888888888887,-0.0274658203125,1.54229736328125,6.05010986328125
157,0.288888888888887,0.52410888671875,0.78851318359375,6.05462646484375
156,0.288888888888887,-0.29449462890625,0.95654296875,6.0635986328125
155,0.288888888888887,0.329345703125,1.3228759765625,6.06341552734375
154,0.288888888888887,0.14697265625,0.76287841796875,6.07147216796875
153,0.288888888888887,-0.001220703125,1.142578125,6.07574462890625
151,0.68888888888888733,-0.6737060546875,0.28857421875,11.82049560546875
148,0.68888888888888733,0.299072265625,0.2823486328125,11.845458984375
160,0.29583333333333073,0.7015380859375,1.24658203125,6.137451171875
159,0.29583333333333073,-0.1407470703125,0.50067138671875,6.150146484375
158,0.29583333333333073,-0.02972412109375,1.53717041015625,6.15045166015625
157,0.29583333333333073,0.5325927734375,0.76873779296875,6.15496826171875
156,0.29583333333333073,-0.30194091796875,0.94000244140625,6.1641845703125
155,0.29583333333333073,0.33404541015625,1.31353759765625,6.1639404296875
154,0.29583333333333073,0.14813232421875,0.74261474609375,6.17218017578125
153,0.29583333333333073,-0.00299072265625,1.12969970703125,6.17657470703125
151,0.69583333333333108,-0.6806640625,0.2545166015625,11.92071533203125
148,0.69583333333333108,0.301025390625,0.2481689453125,11.9459228515625
160,0.30277777777777537,0.7132568359375,1.2353515625,6.23748779296875
159,0.30277777777777537,-0.14508056640625,0.4752197265625,6.25042724609375
158,0.30277777777777537,-0.03192138671875,1.531494140625,6.250732421875
157,0.30277777777777537,0.54107666015625,0.7484130859375,6.25537109375
156,0.30277777777777537,-0.309326171875,0.9229736328125,6.26470947265625
155,0.30277777777777537,0.3387451171875,1.3035888671875,6.26446533203125
154,0.30277777777777537,0.1492919921875,0.7218017578125,6.27288818359375
153,0.30277777777777537,-0.00469970703125,1.11627197265625,6.27734375
151,0.70277777777777573,-0.6876220703125,0.219970703125,12.02093505859375
148,0.70277777777777573,0.30291748046875,0.21356201171875,12.04638671875
160,0.30972222222222,0.72491455078125,1.2237548828125,6.3375244140625
159,0.30972222222222,-0.1494140625,0.44940185546875,6.3507080078125
158,0.30972222222222,-0.0341796875,1.525390625,6.35101318359375
157,0.30972222222222,0.549560546875,0.72772216796875,6.355712890625
156,0.30972222222222,-0.3167724609375,0.905517578125,6.36529541015625
155,0.30972222222222,0.34344482421875,1.293212890625,6.36505126953125
154,0.30972222222222,0.15045166015625,0.7005615234375,6.37359619140625
153,0.30972222222222,-0.00640869140625,1.10235595703125,6.37811279296875
151,0.70972222222222037,-0.694580078125,0.1849365234375,12.1212158203125
148,0.70972222222222037,0.30487060546875,0.17852783203125,12.1468505859375
160,0.31666666666666465,0.73663330078125,1.21160888671875,6.43756103515625
159,0.31666666666666465,-0.15374755859375,0.423095703125,6.4510498046875
158,0.31666666666666465,-0.036376953125,1.51885986328125,6.4512939453125
157,0.31666666666666465,0.55804443359375,0.70648193359375,6.45611572265625
156,0.31666666666666465,-0.32415771484375,0.8875732421875,6.4658203125
155,0.31666666666666465,0.34814453125,1.28240966796875,6.465576171875
154,0.31666666666666465,0.151611328125,0.6788330078125,6.47430419921875
153,0.31666666666666465,-0.00811767578125,1.0880126953125,6.47894287109375
151,0.716666666666665,-0.70159912109375,0.1494140625,12.221435546875
148,0.716666666666665,0.30682373046875,0.1429443359375,12.24725341796875
160,0.32361111111110841,0.74835205078125,1.19903564453125,6.53759765625
159,0.32361111111110841,-0.15814208984375,0.39630126953125,6.55133056640625
158,0.32361111111110841,-0.03863525390625,1.5118408203125,6.55157470703125
157,0.32361111111110841,0.5665283203125,0.684814453125,6.5565185546875
156,0.32361111111110841,-0.33160400390625,0.869140625,6.56640625
155,0.32361111111110841,0.35284423828125,1.2711181640625,6.56610107421875
154,0.32361111111110841,0.15277099609375,0.65673828125,6.57501220703125
153,0.32361111111110841,-0.00982666015625,1.0732421875,6.5797119140625
151,0.72361111111110876,-0.70855712890625,0.1134033203125,12.3216552734375
148,0.72361111111110876,0.30877685546875,0.10687255859375,12.34771728515625
160,0.33055555555555305,0.760009765625,1.18597412109375,6.63763427734375
159,0.33055555555555305,-0.1624755859375,0.3690185546875,6.651611328125
158,0.33055555555555305,-0.04083251953125,1.5042724609375,6.65185546875
157,0.33055555555555305,0.57501220703125,0.66259765625,6.6568603515625
156,0.33055555555555305,-0.3389892578125,0.8502197265625,6.66693115234375
155,0.33055555555555305,0.3575439453125,1.25927734375,6.66668701171875
154,0.33055555555555305,0.1539306640625,0.634033203125,6.67572021484375
153,0.33055555555555305,-0.0115966796875,1.05792236328125,6.68048095703125
151,0.7305555555555534,-0.71551513671875,0.07696533203125,12.421875
148,0.7305555555555534,0.31072998046875,0.07037353515625,12.44818115234375
160,0.33749999999999769,0.771728515625,1.17242431640625,6.7376708984375
159,0.33749999999999769,-0.16680908203125,0.34124755859375,6.75189208984375
158,0.33749999999999769,-0.0430908203125,1.49627685546875,6.752197265625
157,0.33749999999999769,0.58349609375,0.6400146484375,6.75726318359375
156,0.33749999999999769,-0.346435546875,0.83087158203125,6.76751708984375
155,0.33749999999999769,0.36224365234375,1.24700927734375,6.7672119140625
154,0.33749999999999769,0.15509033203125,0.61090087890625,6.77642822265625
153,0.33749999999999769,-0.0133056640625,1.04217529296875,6.78131103515625
151,0.737499999999998,-0.7225341796875,0.04010009765625,12.5220947265625
148,0.737499999999998,0.3126220703125,0.033447265625,12.54864501953125
160,0.34444444444444233,0.783447265625,1.158447265625,6.8377685546875
159,0.34444444444444233,-0.171142578125,0.31304931640625,6.8521728515625
158,0.34444444444444233,-0.04534912109375,1.48779296875,6.85247802734375
157,0.34444444444444233,0.59197998046875,0.61688232421875,6.85760498046875
156,0.34444444444444233,-0.35382080078125,0.81097412109375,6.8680419921875
155,0.34444444444444233,0.366943359375,1.23431396484375,6.8677978515625
154,0.34444444444444233,0.15625,0.5872802734375,6.87713623046875
153,0.34444444444444233,-0.0150146484375,1.02593994140625,6.882080078125
151,0.7403004349222384,-0.725341796875,0,12.56256103515625
148,0.73906306523066034,0.31304931640625,0,12.57122802734375
160,0.351388888888887,0.795166015625,1.14398193359375,6.93780517578125
159,0.351388888888887,-0.17547607421875,0.28436279296875,6.95245361328125
158,0.351388888888887,-0.04754638671875,1.4788818359375,6.9527587890625
157,0.351388888888887,0.6004638671875,0.59332275390625,6.9580078125
156,0.351388888888887,-0.36126708984375,0.79071044921875,6.9686279296875
155,0.351388888888887,0.37164306640625,1.22113037109375,6.96832275390625
154,0.351388888888887,0.15740966796875,0.563232421875,6.97784423828125
153,0.351388888888887,-0.0167236328125,1.00927734375,6.98284912109375
160,0.35833333333333073,0.80682373046875,1.1290283203125,7.037841796875
159,0.35833333333333073,-0.17987060546875,0.25518798828125,7.052734375
158,0.35833333333333073,-0.0498046875,1.46942138671875,7.05303955078125
157,0.35833333333333073,0.60894775390625,0.56927490234375,7.058349609375
156,0.35833333333333073,-0.36865234375,0.7698974609375,7.06915283203125
155,0.35833333333333073,0.3763427734375,1.2073974609375,7.06884765625
154,0.35833333333333073,0.1585693359375,0.53863525390625,7.07855224609375
153,0.35833333333333073,-0.01849365234375,0.9920654296875,7.08367919921875
160,0.36527777777777537,0.81854248046875,1.11358642578125,7.13787841796875
159,0.36527777777777537,-0.1842041015625,0.2255859375,7.15301513671875
158,0.36527777777777537,-0.052001953125,1.45953369140625,7.1533203125
157,0.36527777777777537,0.61737060546875,0.54473876953125,7.15875244140625
156,0.36527777777777537,-0.3760986328125,0.7486572265625,7.16973876953125
155,0.36527777777777537,0.38104248046875,1.19329833984375,7.16943359375
154,0.36527777777777537,0.15966796875,0.51361083984375,7.17926025390625
153,0.36527777777777537,-0.02020263671875,0.97442626953125,7.1844482421875
160,0.37222222222222,0.83026123046875,1.09771728515625,7.2379150390625
159,0.37222222222222,-0.18853759765625,0.19549560546875,7.2532958984375
158,0.37222222222222,-0.05426025390625,1.44921875,7.25360107421875
157,0.37222222222222,0.6258544921875,0.519775390625,7.2591552734375
156,0.37222222222222,-0.38348388671875,0.7269287109375,7.270263671875
155,0.37222222222222,0.3857421875,1.1787109375,7.26995849609375
154,0.37222222222222,0.16082763671875,0.4881591796875,7.27996826171875
153,0.37222222222222,-0.02191162109375,0.95635986328125,7.28521728515625
160,0.37916666666666465,0.8419189453125,1.08135986328125,7.33795166015625
159,0.37916666666666465,-0.19287109375,0.1649169921875,7.35357666015625
158,0.37916666666666465,-0.05645751953125,1.43841552734375,7.35394287109375
157,0.37916666666666465,0.63433837890625,0.4942626953125,7.3594970703125
156,0.37916666666666465,-0.39093017578125,0.7047119140625,7.37078857421875
155,0.37916666666666465,0.39044189453125,1.16357421875,7.37054443359375
154,0.37916666666666465,0.1619873046875,0.462158203125,7.38067626953125
153,0.37916666666666465,-0.02362060546875,0.937744140625,7.38604736328125
160,0.38611111111110841,0.8536376953125,1.06451416015625,7.43798828125
159,0.38611111111110841,-0.197265625,0.13385009765625,7.453857421875
158,0.38611111111110841,-0.0587158203125,1.4271240234375,7.4542236328125
157,0.38611111111110841,0.642822265625,0.4683837890625,7.45989990234375
156,0.38611111111110841,-0.3983154296875,0.68206787109375,7.47137451171875
155,0.38611111111110841,0.3951416015625,1.1480712890625,7.4710693359375
154,0.38611111111110841,0.16314697265625,0.435791015625,7.48138427734375
153,0.38611111111110841,-0.02532958984375,0.918701171875,7.48681640625
160,0.39305555555555305,0.8653564453125,1.0472412109375,7.53802490234375
159,0.39305555555555305,-0.20159912109375,0.10235595703125,7.55419921875
158,0.39305555555555305,-0.06097412109375,1.41534423828125,7.55450439453125
157,0.39305555555555305,0.65130615234375,0.44195556640625,7.56024169921875
156,0.39305555555555305,-0.40576171875,0.658935546875,7.5718994140625
155,0.39305555555555305,0.39984130859375,1.13201904296875,7.57159423828125
154,0.39305555555555305,0.164306640625,0.40887451171875,7.58209228515625
153,0.39305555555555305,-0.027099609375,0.899169921875,7.58758544921875
160,0.39999999999999769,0.87701416015625,1.0294189453125,7.6380615234375
159,0.39999999999999769,-0.2059326171875,0.07037353515625,7.65447998046875
158,0.39999999999999769,-0.06317138671875,1.403076171875,7.65478515625
157,0.39999999999999769,0.6597900390625,0.4150390625,7.66064453125
156,0.39999999999999769,-0.4132080078125,0.63525390625,7.6724853515625
155,0.39999999999999769,0.404541015625,1.115478515625,7.67218017578125
154,0.39999999999999769,0.16546630859375,0.3814697265625,7.68280029296875
153,0.39999999999999769,-0.02880859375,0.87908935546875,7.68841552734375
160,0.40694444444444233,0.88873291015625,1.0111083984375,7.7381591796875
159,0.40694444444444233,-0.21026611328125,0.037841796875,7.7547607421875
158,0.40694444444444233,-0.0654296875,1.39031982421875,7.75506591796875
157,0.40694444444444233,0.66827392578125,0.38763427734375,7.76104736328125
156,0.40694444444444233,-0.42059326171875,0.61114501953125,7.77301025390625
155,0.40694444444444233,0.40924072265625,1.0985107421875,7.772705078125
154,0.40694444444444233,0.1666259765625,0.35357666015625,7.783447265625
153,0.40694444444444233,-0.030517578125,0.85858154296875,7.7891845703125
160,0.413888888888887,0.90045166015625,0.992431640625,7.83819580078125
159,0.40965264883894048,-0.21197509765625,0,7.79388427734375
158,0.413888888888887,-0.067626953125,1.37713623046875,7.85540771484375
157,0.413888888888887,0.6767578125,0.35986328125,7.86138916015625
156,0.413888888888887,-0.42803955078125,0.58660888671875,7.87359619140625
155,0.413888888888887,0.4139404296875,1.0810546875,7.873291015625
154,0.413888888888887,0.16778564453125,0.32525634765625,7.8841552734375
153,0.413888888888887,-0.0322265625,0.837646484375,7.88995361328125
160,0.42083333333333162,0.912109375,0.97320556640625,7.938232421875
158,0.42083333333333162,-0.06988525390625,1.36346435546875,7.9556884765625
157,0.42083333333333162,0.68524169921875,0.33154296875,7.9617919921875
156,0.42083333333333162,-0.4354248046875,0.5615234375,7.97412109375
155,0.42083333333333162,0.41864013671875,1.0631103515625,7.97381591796875
154,0.42083333333333162,0.1689453125,0.29644775390625,7.98486328125
153,0.42083333333333162,-0.03399658203125,0.81622314453125,7.99078369140625
160,0.42777777777777626,0.923828125,0.95355224609375,8.03826904296875
158,0.42777777777777626,-0.07208251953125,1.34930419921875,8.05596923828125
157,0.42777777777777626,0.6937255859375,0.302734375,8.0621337890625
156,0.42777777777777626,-0.44287109375,0.5360107421875,8.07470703125
155,0.42777777777777626,0.42333984375,1.044677734375,8.0743408203125
154,0.42777777777777626,0.17010498046875,0.26715087890625,8.0855712890625
153,0.42777777777777626,-0.03570556640625,0.7943115234375,8.091552734375
160,0.43472222222221912,0.935546875,0.93341064453125,8.1383056640625
158,0.43472222222221912,-0.0743408203125,1.33477783203125,8.15625
157,0.43472222222221912,0.70220947265625,0.27349853515625,8.16253662109375
156,0.43472222222221912,-0.45025634765625,0.51007080078125,8.17523193359375
155,0.43472222222221912,0.42803955078125,1.02587890625,8.1749267578125
154,0.43472222222221912,0.1712646484375,0.2374267578125,8.186279296875
153,0.43472222222221912,-0.03741455078125,0.77197265625,8.19232177734375
160,0.44166666666666377,0.94720458984375,0.9127197265625,8.23834228515625
158,0.44166666666666377,-0.0765380859375,1.31964111328125,8.25653076171875
157,0.44166666666666377,0.710693359375,0.2437744140625,8.262939453125
156,0.44166666666666377,-0.45770263671875,0.48358154296875,8.27581787109375
155,0.44166666666666377,0.4327392578125,1.0064697265625,8.27545166015625
154,0.44166666666666377,0.17242431640625,0.20721435546875,8.2869873046875
153,0.44166666666666377,-0.03912353515625,0.74908447265625,8.29315185546875
160,0.44861111111110841,0.95892333984375,0.89166259765625,8.33837890625
158,0.44861111111110841,-0.07879638671875,1.3040771484375,8.3568115234375
157,0.44861111111110841,0.71917724609375,0.21356201171875,8.36328125
156,0.44861111111110841,-0.465087890625,0.45660400390625,8.3763427734375
155,0.44861111111110841,0.43743896484375,0.98663330078125,8.3759765625
154,0.44861111111110841,0.173583984375,0.176513671875,8.3876953125
153,0.44861111111110841,-0.04083251953125,0.72576904296875,8.3939208984375
160,0.45555555555555305,0.97064208984375,0.8701171875,8.43841552734375
158,0.45555555555555305,-0.0810546875,1.2880859375,8.4571533203125
157,0.45555555555555305,0.7276611328125,0.18292236328125,8.46368408203125
156,0.45555555555555305,-0.4725341796875,0.42926025390625,8.4769287109375
155,0.45555555555555305,0.442138671875,0.9664306640625,8.4765625
154,0.45555555555555305,0.17474365234375,0.1453857421875,8.4884033203125
153,0.45555555555555305,-0.0426025390625,0.7020263671875,8.49468994140625
160,0.46249999999999769,0.9822998046875,0.84808349609375,8.53851318359375
158,0.46249999999999769,-0.083251953125,1.27154541015625,8.55743408203125
157,0.46249999999999769,0.73614501953125,0.15179443359375,8.56402587890625
156,0.46249999999999769,-0.47991943359375,0.4013671875,8.57745361328125
155,0.46249999999999769,0.44683837890625,0.94561767578125,8.57708740234375
154,0.46249999999999769,0.1759033203125,0.11370849609375,8.589111328125
153,0.46249999999999769,-0.0443115234375,0.677734375,8.59552001953125
160,0.46944444444444233,0.9940185546875,0.8255615234375,8.6385498046875
158,0.46944444444444233,-0.08551025390625,1.25457763671875,8.65771484375
157,0.46944444444444233,0.74462890625,0.12017822265625,8.6644287109375
156,0.46944444444444233,-0.48736572265625,0.373046875,8.677978515625
155,0.46944444444444233,0.4515380859375,0.92437744140625,8.67767333984375
154,0.46944444444444233,0.17706298828125,0.08160400390625,8.6898193359375
153,0.46944444444444233,-0.0460205078125,0.65301513671875,8.6962890625
160,0.476388888888887,1.0057373046875,0.8026123046875,8.73858642578125
158,0.476388888888887,-0.08770751953125,1.23712158203125,8.75799560546875
157,0.476388888888887,0.7530517578125,0.08807373046875,8.76483154296875
156,0.476388888888887,-0.4947509765625,0.34417724609375,8.778564453125
155,0.476388888888887,0.45623779296875,0.9027099609375,8.7781982421875
154,0.476388888888887,0.17816162109375,0.04901123046875,8.79052734375
153,0.476388888888887,-0.0477294921875,0.6278076171875,8.79705810546875
160,0.48333333333333162,1.01739501953125,0.77911376953125,8.838623046875
158,0.48333333333333162,-0.0899658203125,1.21917724609375,8.8582763671875
157,0.48333333333333162,0.76153564453125,0.05548095703125,8.86517333984375
156,0.48333333333333162,-0.502197265625,0.31488037109375,8.87908935546875
155,0.48333333333333162,0.46087646484375,0.8804931640625,8.87872314453125
154,0.48142681424004508,0.17901611328125,0,8.86358642578125
153,0.48333333333333162,-0.04949951171875,0.60211181640625,8.89788818359375
160,0.49027777777777626,1.02911376953125,0.75518798828125,8.93865966796875
158,0.49027777777777626,-0.0921630859375,1.2008056640625,8.95855712890625
157,0.48975308658460381,0.76934814453125,0,8.9580078125
156,0.49027777777777626,-0.5096435546875,0.28515625,8.97967529296875
155,0.49027777777777626,0.465576171875,0.85784912109375,8.97930908203125
153,0.49027777777777626,-0.05120849609375,0.575927734375,8.9986572265625
160,0.49722222222221912,1.04083251953125,0.7308349609375,9.0386962890625
158,0.49722222222221912,-0.09442138671875,1.1820068359375,9.05889892578125
156,0.49722222222221912,-0.51702880859375,0.25494384765625,9.0802001953125
155,0.49722222222221912,0.47027587890625,0.834716796875,9.079833984375
153,0.49722222222221912,-0.05291748046875,0.54931640625,9.09942626953125
160,0.50416666666666377,1.052490234375,0.7059326171875,9.13873291015625
158,0.50416666666666377,-0.0966796875,1.16265869140625,9.1591796875
156,0.50416666666666377,-0.52447509765625,0.22418212890625,9.1807861328125
155,0.50416666666666377,0.4749755859375,0.8111572265625,9.180419921875
153,0.50416666666666377,-0.05462646484375,0.522216796875,9.20025634765625
160,0.51111111111110841,1.064208984375,0.68060302734375,9.23876953125
158,0.51111111111110841,-0.098876953125,1.142822265625,9.25946044921875
156,0.51111111111110841,-0.5318603515625,0.1929931640625,9.28131103515625
155,0.51111111111110841,0.47967529296875,0.78704833984375,9.28094482421875
153,0.51111111111110841,-0.056396484375,0.49462890625,9.301025390625
160,0.518055555555553,1.075927734375,0.65472412109375,9.33880615234375
158,0.518055555555553,-0.10113525390625,1.12249755859375,9.3597412109375
156,0.518055555555553,-0.539306640625,0.16131591796875,9.38189697265625
155,0.518055555555553,0.484375,0.762451171875,9.3814697265625
153,0.518055555555553,-0.05810546875,0.466552734375,9.40179443359375
160,0.52499999999999769,1.08758544921875,0.62841796875,9.43890380859375
158,0.52499999999999769,-0.10333251953125,1.10174560546875,9.46002197265625
156,0.52499999999999769,-0.54669189453125,0.129150390625,9.482421875
155,0.52499999999999769,0.48907470703125,0.73748779296875,9.4820556640625
153,0.52499999999999769,-0.059814453125,0.43804931640625,9.50262451171875
160,0.53194444444444233,1.09930419921875,0.6016845703125,9.5389404296875
158,0.53194444444444233,-0.1055908203125,1.08050537109375,9.560302734375
156,0.53194444444444233,-0.55413818359375,0.0965576171875,9.5830078125
155,0.53194444444444233,0.4937744140625,0.71197509765625,9.58258056640625
153,0.53194444444444233,-0.0615234375,0.4090576171875,9.6033935546875
160,0.538888888888887,1.11102294921875,0.574462890625,9.63897705078125
158,0.538888888888887,-0.1077880859375,1.058837890625,9.66064453125
156,0.538888888888887,-0.5615234375,0.06353759765625,9.68353271484375
155,0.538888888888887,0.49847412109375,0.68603515625,9.68310546875
153,0.538888888888887,-0.063232421875,0.379638671875,9.70416259765625
160,0.54583333333333162,1.1226806640625,0.5467529296875,9.739013671875
158,0.54583333333333162,-0.11004638671875,1.03662109375,9.76092529296875
156,0.54583333333333162,-0.5689697265625,0.02996826171875,9.78411865234375
155,0.54583333333333162,0.503173828125,0.65960693359375,9.78369140625
153,0.54583333333333162,-0.06500244140625,0.34967041015625,9.80499267578125
160,0.55277777777777626,1.1343994140625,0.5185546875,9.83905029296875
158,0.55277777777777626,-0.1123046875,1.01397705078125,9.8612060546875
156,0.546843886629178,-0.570068359375,0,9.79876708984375
155,0.55277777777777626,0.50787353515625,0.6326904296875,9.88421630859375
153,0.55277777777777626,-0.06671142578125,0.31927490234375,9.90576171875
160,0.55972222222221912,1.1461181640625,0.4898681640625,9.9390869140625
158,0.55972222222221912,-0.114501953125,0.99090576171875,9.96148681640625
155,0.55972222222221912,0.5125732421875,0.60528564453125,9.98480224609375
153,0.55972222222221912,-0.06842041015625,0.28839111328125,10.00653076171875
160,0.56666666666666377,1.15777587890625,0.4608154296875,10.03912353515625
158,0.56666666666666377,-0.11676025390625,0.96734619140625,10.061767578125
155,0.56666666666666377,0.51727294921875,0.5775146484375,10.0853271484375
153,0.56666666666666377,-0.07012939453125,0.257080078125,10.10736083984375
160,0.57361111111110841,1.16949462890625,0.43115234375,10.13916015625
158,0.57361111111110841,-0.11895751953125,0.9432373046875,10.162109375
155,0.57361111111110841,0.52197265625,0.54913330078125,10.18585205078125
153,0.57361111111110841,-0.0718994140625,0.2252197265625,10.2081298828125
160,0.580555555555553,1.18121337890625,0.401123046875,10.2392578125
158,0.580555555555553,-0.1212158203125,0.918701171875,10.26239013671875
155,0.580555555555553,0.52667236328125,0.52032470703125,10.28643798828125
153,0.580555555555553,-0.0736083984375,0.19287109375,10.30889892578125
160,0.58749999999999769,1.19287109375,0.37054443359375,10.33929443359375
158,0.58749999999999769,-0.1234130859375,0.8936767578125,10.3626708984375
155,0.58749999999999769,0.5313720703125,0.49102783203125,10.386962890625
153,0.58749999999999769,-0.0753173828125,0.16009521484375,10.40972900390625
160,0.59444444444444233,1.20458984375,0.33953857421875,10.4393310546875
158,0.59444444444444233,-0.12567138671875,0.86822509765625,10.46295166015625
155,0.59444444444444233,0.53607177734375,0.46136474609375,10.487548828125
153,0.59444444444444233,-0.0770263671875,0.12689208984375,10.510498046875
160,0.601388888888887,1.21630859375,0.30804443359375,10.53936767578125
158,0.601388888888887,-0.1279296875,0.84222412109375,10.563232421875
155,0.601388888888887,0.540771484375,0.43109130859375,10.58807373046875
153,0.601388888888887,-0.0787353515625,0.0931396484375,10.61126708984375
160,0.60833333333333162,1.22796630859375,0.27606201171875,10.639404296875
158,0.60833333333333162,-0.130126953125,0.8157958984375,10.66351318359375
155,0.60833333333333162,0.54547119140625,0.400390625,10.6885986328125
153,0.60833333333333162,-0.08050537109375,0.0589599609375,10.71209716796875
160,0.61527777777777626,1.23968505859375,0.24365234375,10.73944091796875
158,0.61527777777777626,-0.13238525390625,0.7889404296875,10.76385498046875
155,0.61527777777777626,0.5501708984375,0.3692626953125,10.7891845703125
153,0.61513351006350281,-0.0821533203125,0,10.810791015625
160,0.62222222222221912,1.25140380859375,0.21075439453125,10.8394775390625
158,0.62222222222221912,-0.13458251953125,0.7615966796875,10.8641357421875
155,0.62222222222221912,0.55487060546875,0.337646484375,10.88970947265625
160,0.62916666666666377,1.2630615234375,0.1773681640625,10.93951416015625
158,0.62916666666666377,-0.1368408203125,0.73370361328125,10.96441650390625
155,0.62916666666666377,0.5595703125,0.30548095703125,10.99029541015625
160,0.63611111111110841,1.2747802734375,0.14349365234375,11.03955078125
158,0.63611111111110841,-0.1390380859375,0.70538330078125,11.064697265625
155,0.63611111111110841,0.56427001953125,0.27294921875,11.0908203125
160,0.643055555555553,1.2864990234375,0.10919189453125,11.1396484375
158,0.643055555555553,-0.14129638671875,0.6766357421875,11.16497802734375
155,0.643055555555553,0.5689697265625,0.23992919921875,11.19134521484375
160,0.64999999999999769,1.29815673828125,0.07440185546875,11.23968505859375
158,0.64999999999999769,-0.1435546875,0.6473388671875,11.2652587890625
155,0.64999999999999769,0.57366943359375,0.20635986328125,11.29193115234375
160,0.65694444444444233,1.30987548828125,0.03912353515625,11.3397216796875
158,0.65694444444444233,-0.145751953125,0.61761474609375,11.3656005859375
155,0.65694444444444233,0.578369140625,0.17242431640625,11.3924560546875
160,0.6596889834887506,1.31451416015625,0,11.3792724609375
158,0.663888888888887,-0.14801025390625,0.58740234375,11.46588134765625
155,0.663888888888887,0.58306884765625,0.137939453125,11.49298095703125
158,0.67083333333333162,-0.15020751953125,0.55670166015625,11.566162109375
155,0.67083333333333162,0.5877685546875,0.10296630859375,11.59356689453125
158,0.67777777777777626,-0.1524658203125,0.52557373046875,11.66644287109375
155,0.67777777777777626,0.59246826171875,0.0675048828125,11.694091796875
158,0.68472222222221912,-0.1546630859375,0.49395751953125,11.7667236328125
155,0.68472222222221912,0.59716796875,0.03167724609375,11.794677734375
158,0.69166666666666377,-0.15692138671875,0.46185302734375,11.86700439453125
155,0.68599459338048474,0.5980224609375,0,11.8131103515625
158,0.69861111111110841,-0.1591796875,0.42926025390625,11.96734619140625
158,0.705555555555553,-0.161376953125,0.396240234375,12.067626953125
158,0.71249999999999769,-0.16363525390625,0.3626708984375,12.16790771484375
158,0.71944444444444233,-0.16583251953125,0.32867431640625,12.2681884765625
158,0.726388888888887,-0.1680908203125,0.29425048828125,12.36846923828125
158,0.73333333333333162,-0.1702880859375,0.25933837890625,12.46875
158,0.74027777777777626,-0.17254638671875,0.22393798828125,12.569091796875
158,0.74722222222221912,-0.1748046875,0.18804931640625,12.66937255859375
158,0.75416666666666377,-0.177001953125,0.15167236328125,12.7696533203125
158,0.76111111111110841,-0.17926025390625,0.1148681640625,12.86993408203125
158,0.768055555555553,-0.18145751953125,0.07757568359375,12.97021484375
158,0.77499999999999769,-0.1837158203125,0.039794921875,13.07049560546875
158,0.77768252680137884,-0.1845703125,0,13.1092529296875
