shot,ageSeconds,x,y,z
1,0,0.08746337890625,1.25909423828125,0.88604736328125
2,0,0.08746337890625,1.25909423828125,0.88604736328125
3,0,0.08746337890625,1.25909423828125,0.88604736328125
4,0,0.08746337890625,1.25909423828125,0.88604736328125
5,0,0.08746337890625,1.25909423828125,0.88604736328125
6,0,0.08746337890625,1.25909423828125,0.88604736328125
7,0,0.08746337890625,1.25909423828125,0.88604736328125
8,0,0.08746337890625,1.25909423828125,0.88604736328125
8,0.0083333333333333332,0.08770751953125,1.2381591796875,1.06817626953125
8,0.016666666666666666,0.0880126953125,1.21722412109375,1.25030517578125
7,0.0083333333333333332,0.07550048828125,1.275146484375,1.06829833984375
7,0.016666666666666666,0.0634765625,1.291259765625,1.25048828125
6,0.0083333333333333332,0.10693359375,1.25750732421875,1.068359375
6,0.016666666666666666,0.12646484375,1.255859375,1.2506103515625
5,0.0083333333333333332,0.0748291015625,1.25006103515625,1.0687255859375
5,0.016666666666666666,0.06219482421875,1.24102783203125,1.25140380859375
4,0.0083333333333333332,0.0916748046875,1.2742919921875,1.0687255859375
4,0.016666666666666666,0.09588623046875,1.28948974609375,1.2513427734375
3,0.0083333333333333332,0.0948486328125,1.24896240234375,1.0689697265625
3,0.016666666666666666,0.102294921875,1.23883056640625,1.2518310546875
2,0.0083333333333333332,0.0792236328125,1.2626953125,1.06915283203125
2,0.016666666666666666,0.071044921875,1.2662353515625,1.25225830078125
1,0.0083333333333333332,0.0936279296875,1.26220703125,1.06927490234375
1,0.016666666666666666,0.09979248046875,1.26531982421875,1.25244140625
8,0.025,0.0882568359375,1.1962890625,1.43243408203125
8,0.033333333333333333,0.0885009765625,1.17535400390625,1.61456298828125
7,0.025,0.051513671875,1.30731201171875,1.4327392578125
7,0.033333333333333333,0.03955078125,1.3233642578125,1.614990234375
6,0.025,0.14593505859375,1.2542724609375,1.43292236328125
6,0.033333333333333333,0.16546630859375,1.25262451171875,1.61517333984375
5,0.025,0.049560546875,1.2320556640625,1.43408203125
5,0.033333333333333333,0.03692626953125,1.2230224609375,1.61676025390625
4,0.025,0.10009765625,1.30474853515625,1.43402099609375
4,0.033333333333333333,0.10430908203125,1.3199462890625,1.61663818359375
3,0.025,0.10968017578125,1.22869873046875,1.43475341796875
3,0.033333333333333333,0.11712646484375,1.21856689453125,1.61767578125
2,0.025,0.06280517578125,1.26983642578125,1.43536376953125
2,0.033333333333333333,0.0545654296875,1.2734375,1.6185302734375
1,0.025,0.10595703125,1.2684326171875,1.4356689453125
1,0.033333333333333333,0.11212158203125,1.27154541015625,1.61883544921875
8,0.041666666666666664,0.0887451171875,1.15447998046875,1.79669189453125
8,0.049999999999999996,0.08905029296875,1.133544921875,1.9788818359375
7,0.041666666666666664,0.027587890625,1.3394775390625,1.7972412109375
7,0.049999999999999996,0.01556396484375,1.35552978515625,1.97943115234375
6,0.041666666666666664,0.1849365234375,1.25103759765625,1.7974853515625
6,0.049999999999999996,0.2044677734375,1.2493896484375,1.979736328125
5,0.041666666666666664,0.0242919921875,1.2139892578125,1.7994384765625
5,0.049999999999999996,0.01165771484375,1.2049560546875,1.98211669921875
4,0.041666666666666664,0.1085205078125,1.33514404296875,1.79931640625
4,0.049999999999999996,0.11273193359375,1.350341796875,1.98199462890625
3,0.041666666666666664,0.12451171875,1.20843505859375,1.800537109375
3,0.049999999999999996,0.1319580078125,1.19830322265625,1.98345947265625
2,0.041666666666666664,0.04638671875,1.2769775390625,1.8016357421875
2,0.049999999999999996,0.03814697265625,1.28057861328125,1.9847412109375
1,0.041666666666666664,0.1182861328125,1.274658203125,1.80206298828125
1,0.049999999999999996,0.12445068359375,1.2777099609375,1.98529052734375
8,0.058333333333333327,0.08929443359375,1.11260986328125,2.1610107421875
8,0.066666666666666666,0.08953857421875,1.0916748046875,2.3431396484375
7,0.058333333333333327,0.00360107421875,1.37158203125,2.16168212890625
7,0.066666666666666666,-0.00836181640625,1.3876953125,2.34393310546875
6,0.058333333333333327,0.22393798828125,1.247802734375,2.16204833984375
6,0.066666666666666666,0.24346923828125,1.24615478515625,2.3443603515625
5,0.058333333333333327,-0.00103759765625,1.19598388671875,2.164794921875
5,0.066666666666666666,-0.013671875,1.18695068359375,2.34747314453125
4,0.058333333333333327,0.116943359375,1.36553955078125,2.16461181640625
4,0.066666666666666666,0.12115478515625,1.3807373046875,2.3472900390625
3,0.058333333333333327,0.13934326171875,1.18817138671875,2.1663818359375
3,0.066666666666666666,0.14678955078125,1.17803955078125,2.3492431640625
2,0.058333333333333327,0.02996826171875,1.2841796875,2.1678466796875
2,0.066666666666666666,0.021728515625,1.2877197265625,2.3509521484375
1,0.058333333333333327,0.130615234375,1.28082275390625,2.16845703125
1,0.066666666666666666,0.13677978515625,1.283935546875,2.3516845703125
8,0.075,0.08978271484375,1.07061767578125,2.5233154296875
8,0.083333333333333329,0.090087890625,1.04937744140625,2.69964599609375
7,0.075,-0.02020263671875,1.4031982421875,2.52423095703125
7,0.083333333333333329,-0.03179931640625,1.41778564453125,2.70062255859375
6,0.075,0.26275634765625,1.24420166015625,2.524658203125
6,0.083333333333333329,0.2816162109375,1.24163818359375,2.701171875
5,0.075,-0.026123046875,1.17767333984375,2.5281982421875
5,0.083333333333333329,-0.03839111328125,1.16796875,2.70501708984375
4,0.075,0.12530517578125,1.39544677734375,2.5279541015625
4,0.083333333333333329,0.12939453125,1.4091796875,2.704833984375
3,0.075,0.15411376953125,1.1676025390625,2.53021240234375
3,0.083333333333333329,0.16131591796875,1.15679931640625,2.707275390625
2,0.075,0.01361083984375,1.29095458984375,2.5321044921875
2,0.083333333333333329,0.005615234375,1.29339599609375,2.70941162109375
1,0.075,0.14288330078125,1.28668212890625,2.532958984375
1,0.083333333333333329,0.14886474609375,1.2886962890625,2.71026611328125
8,0.09166666666666666,0.09033203125,1.02783203125,2.87213134765625
8,0.099999999999999992,0.090576171875,1.006103515625,3.04071044921875
7,0.09166666666666666,-0.04315185546875,1.43133544921875,2.8731689453125
7,0.099999999999999992,-0.05426025390625,1.44378662109375,3.0418701171875
6,0.09166666666666666,0.30010986328125,1.2384033203125,2.873779296875
6,0.099999999999999992,0.318115234375,1.23455810546875,3.04248046875
5,0.09166666666666666,-0.05035400390625,1.15771484375,2.87799072265625
5,0.099999999999999992,-0.06207275390625,1.14697265625,3.047119140625
4,0.09166666666666666,0.13336181640625,1.421875,2.87774658203125
4,0.099999999999999992,0.13726806640625,1.43359375,3.04681396484375
3,0.09166666666666666,0.1683349609375,1.1455078125,2.8804931640625
3,0.099999999999999992,0.1751708984375,1.13372802734375,3.0498046875
2,0.09166666666666666,-0.00213623046875,1.29510498046875,2.8828125
2,0.099999999999999992,-0.009765625,1.2960205078125,3.05230712890625
1,0.09166666666666666,0.15472412109375,1.2899169921875,2.8837890625
1,0.099999999999999992,0.160400390625,1.2904052734375,3.0533447265625
8,0.10833333333333332,0.0908203125,0.984130859375,3.2054443359375
8,0.11666666666666665,0.09100341796875,0.96185302734375,3.36627197265625
7,0.10833333333333332,-0.0650634765625,1.45526123046875,3.2066650390625
7,0.11666666666666665,-0.07568359375,1.4656982421875,3.36761474609375
6,0.10833333333333332,0.33575439453125,1.23004150390625,3.20733642578125
6,0.11666666666666665,0.35302734375,1.22479248046875,3.36834716796875
5,0.10833333333333332,-0.073486328125,1.1357421875,3.2122802734375
5,0.11666666666666665,-0.08465576171875,1.1240234375,3.37359619140625
4,0.10833333333333332,0.14111328125,1.44427490234375,3.2120361328125
4,0.11666666666666665,0.144775390625,1.45391845703125,3.37335205078125
3,0.10833333333333332,0.181884765625,1.12152099609375,3.2152099609375
3,0.11666666666666665,0.18841552734375,1.10882568359375,3.376708984375
2,0.10833333333333332,-0.0172119140625,1.29620361328125,3.2178955078125
2,0.11666666666666665,-0.0244140625,1.29559326171875,3.37957763671875
1,0.10833333333333332,0.166015625,1.2901611328125,3.21905517578125
1,0.11666666666666665,0.17144775390625,1.28912353515625,3.38079833984375
8,0.12499999999999999,0.09124755859375,0.93939208984375,3.52325439453125
8,0.13333333333333333,0.09149169921875,0.91668701171875,3.67633056640625
7,0.12499999999999999,-0.08599853515625,1.47515869140625,3.524658203125
7,0.13333333333333333,-0.0960693359375,1.4835205078125,3.6778564453125
6,0.12499999999999999,0.36981201171875,1.218994140625,3.52545166015625
6,0.13333333333333333,0.38616943359375,1.2125244140625,3.67864990234375
5,0.12499999999999999,-0.09552001953125,1.11187744140625,3.53106689453125
5,0.13333333333333333,-0.10614013671875,1.09912109375,3.68463134765625
4,0.12499999999999999,0.1484375,1.462646484375,3.53076171875
4,0.13333333333333333,0.1519775390625,1.47027587890625,3.68426513671875
3,0.12499999999999999,0.19482421875,1.095703125,3.53436279296875
3,0.13333333333333333,0.2010498046875,1.08203125,3.6881103515625
2,0.12499999999999999,-0.031494140625,1.2943115234375,3.53741455078125
2,0.13333333333333333,-0.0384521484375,1.29217529296875,3.69134521484375
1,0.12499999999999999,0.1767578125,1.28741455078125,3.5386962890625
1,0.13333333333333333,0.18194580078125,1.284912109375,3.6927490234375
8,0.14166666666666666,0.0916748046875,0.89373779296875,3.8255615234375
8,0.15,0.09185791015625,0.87054443359375,3.970947265625
7,0.14166666666666666,-0.10589599609375,1.49090576171875,3.82720947265625
7,0.15,-0.11541748046875,1.49725341796875,3.97265625
6,0.14166666666666666,0.40216064453125,1.20538330078125,3.8280029296875
6,0.15,0.417724609375,1.1976318359375,3.9735107421875
5,0.14166666666666666,-0.11651611328125,1.0859375,3.83428955078125
5,0.15,-0.1265869140625,1.072265625,3.9801025390625
4,0.14166666666666666,0.1553955078125,1.4769287109375,3.83392333984375
4,0.15,0.15875244140625,1.48260498046875,3.979736328125
3,0.14166666666666666,0.2071533203125,1.06793212890625,3.8380126953125
3,0.15,0.21307373046875,1.0533447265625,3.98394775390625
2,0.14166666666666666,-0.045166015625,1.289306640625,3.84136962890625
2,0.15,-0.05169677734375,1.28570556640625,3.987548828125
1,0.14166666666666666,0.18701171875,1.28167724609375,3.84283447265625
1,0.15,0.19189453125,1.27764892578125,3.98907470703125
8,0.15833333333333333,0.09210205078125,0.84716796875,4.1124267578125
8,0.16666666666666666,0.09228515625,0.82354736328125,4.25006103515625
7,0.15833333333333333,-0.124755859375,1.50262451171875,4.11419677734375
7,0.16666666666666666,-0.1337890625,1.5069580078125,4.25189208984375
6,0.15833333333333333,0.432861328125,1.18927001953125,4.1151123046875
6,0.16666666666666666,0.4476318359375,1.18023681640625,4.25286865234375
5,0.15833333333333333,-0.13641357421875,1.05816650390625,4.12200927734375
5,0.16666666666666666,-0.14599609375,1.04351806640625,4.26007080078125
4,0.15833333333333333,0.16204833984375,1.4873046875,4.12164306640625
4,0.16666666666666666,0.16522216796875,1.490966796875,4.2596435546875
3,0.15833333333333333,0.21881103515625,1.038330078125,4.12603759765625
3,0.16666666666666666,0.22442626953125,1.02288818359375,4.2642822265625
2,0.15833333333333333,-0.05810546875,1.2813720703125,4.12982177734375
2,0.16666666666666666,-0.0643310546875,1.2762451171875,4.2681884765625
1,0.15833333333333333,0.19671630859375,1.27294921875,4.13140869140625
1,0.16666666666666666,0.20135498046875,1.2674560546875,4.26983642578125
8,0.175,0.09246826171875,0.7996826171875,4.38385009765625
8,0.18333333333333332,0.0926513671875,0.77557373046875,4.51373291015625
7,0.175,-0.142578125,1.51025390625,4.3857421875
7,0.18333333333333332,-0.151123046875,1.51251220703125,4.51568603515625
6,0.175,0.4619140625,1.1705322265625,4.38671875
6,0.18333333333333332,0.475830078125,1.16015625,4.5167236328125
5,0.175,-0.1552734375,1.02838134765625,4.39422607421875
5,0.18333333333333332,-0.16424560546875,1.01275634765625,4.52447509765625
4,0.175,0.1683349609375,1.49365234375,4.393798828125
4,0.18333333333333332,0.17132568359375,1.49530029296875,4.5240478515625
3,0.175,0.2298583984375,1.0069580078125,4.3985595703125
3,0.18333333333333332,0.23516845703125,0.990478515625,4.52899169921875
2,0.175,-0.07037353515625,1.2703857421875,4.40264892578125
2,0.18333333333333332,-0.07623291015625,1.26373291015625,4.533203125
1,0.175,0.20587158203125,1.26129150390625,4.40435791015625
1,0.18333333333333332,0.2103271484375,1.2542724609375,4.53497314453125
8,0.19166666666666665,0.09283447265625,0.751220703125,4.63970947265625
8,0.19999999999999998,0.093017578125,0.72662353515625,4.76190185546875
7,0.19166666666666665,-0.159423828125,1.5137939453125,4.64178466796875
7,0.19999999999999998,-0.16741943359375,1.5140380859375,4.76397705078125
6,0.19166666666666665,0.48931884765625,1.14923095703125,4.642822265625
6,0.19999999999999998,0.50244140625,1.1375732421875,4.76507568359375
5,0.19166666666666665,-0.17303466796875,0.9967041015625,4.65087890625
5,0.19999999999999998,-0.1815185546875,0.9801025390625,4.77337646484375
4,0.19166666666666665,0.17425537109375,1.4959716796875,4.650390625
4,0.19999999999999998,0.17706298828125,1.49560546875,4.77288818359375
3,0.19166666666666665,0.24029541015625,0.97369384765625,4.65557861328125
3,0.19999999999999998,0.2452392578125,0.956298828125,4.7781982421875
2,0.19166666666666665,-0.0819091796875,1.25640869140625,4.659912109375
2,0.19999999999999998,-0.08740234375,1.24822998046875,4.78271484375
1,0.19166666666666665,0.21453857421875,1.24658203125,4.6617431640625
1,0.19999999999999998,0.21868896484375,1.23809814453125,4.78460693359375
8,0.20833333333333331,0.09320068359375,0.70159912109375,4.882080078125
8,0.21666666666666665,0.0933837890625,0.6759033203125,5.0023193359375
7,0.20833333333333331,-0.17535400390625,1.513427734375,4.88427734375
7,0.21666666666666665,-0.18328857421875,1.5120849609375,5.0045166015625
6,0.20833333333333331,0.5152587890625,1.12530517578125,4.8853759765625
6,0.21666666666666665,0.52813720703125,1.1123046875,5.0057373046875
5,0.20833333333333331,-0.1898193359375,0.962890625,4.8939208984375
5,0.21666666666666665,-0.19818115234375,0.945068359375,5.01446533203125
4,0.20833333333333331,0.17987060546875,1.49444580078125,4.8934326171875
4,0.21666666666666665,0.1826171875,1.4925537109375,5.01397705078125
3,0.20833333333333331,0.2501220703125,0.93841552734375,4.89892578125
3,0.21666666666666665,0.25506591796875,0.9197998046875,5.0196533203125
2,0.20833333333333331,-0.09283447265625,1.2393798828125,4.903564453125
2,0.21666666666666665,-0.0982666015625,1.22979736328125,5.0244140625
1,0.20833333333333331,0.2227783203125,1.22894287109375,4.905517578125
1,0.21666666666666665,0.22686767578125,1.2191162109375,5.02642822265625
8,0.22499999999999998,0.09356689453125,0.6494140625,5.12249755859375
8,0.23333333333333331,0.09368896484375,0.62237548828125,5.24273681640625
7,0.22499999999999998,-0.191162109375,1.51007080078125,5.12481689453125
7,0.23333333333333331,-0.1990966796875,1.5074462890625,5.2451171875
6,0.22499999999999998,0.541015625,1.0986328125,5.12603759765625
6,0.23333333333333331,0.55389404296875,1.08428955078125,5.246337890625
5,0.22499999999999998,-0.20654296875,0.92645263671875,5.13507080078125
5,0.23333333333333331,-0.21484375,0.90728759765625,5.255615234375
4,0.22499999999999998,0.1854248046875,1.489990234375,5.13458251953125
4,0.23333333333333331,0.18817138671875,1.48675537109375,5.255126953125
3,0.22499999999999998,0.25994873046875,0.90045166015625,5.140380859375
3,0.23333333333333331,0.26483154296875,0.88055419921875,5.2611083984375
2,0.22499999999999998,-0.10369873046875,1.21954345703125,5.145263671875
2,0.23333333333333331,-0.109130859375,1.20867919921875,5.26611328125
1,0.22499999999999998,0.23089599609375,1.20849609375,5.1473388671875
1,0.23333333333333331,0.2349853515625,1.19732666015625,5.26824951171875
8,0.24166666666666664,0.0938720703125,0.5946044921875,5.3629150390625
8,0.24999999999999997,0.09405517578125,0.566162109375,5.483154296875
7,0.24166666666666664,-0.20697021484375,1.50408935546875,5.3653564453125
7,0.24999999999999997,-0.21490478515625,1.5001220703125,5.48565673828125
6,0.24166666666666664,0.5667724609375,1.06927490234375,5.36663818359375
6,0.24999999999999997,0.57965087890625,1.0535888671875,5.4869384765625
5,0.24166666666666664,-0.22320556640625,0.8873291015625,5.376220703125
5,0.24999999999999997,-0.2315673828125,0.8668212890625,5.49676513671875
4,0.24166666666666664,0.19097900390625,1.48284912109375,5.37567138671875
4,0.24999999999999997,0.1937255859375,1.478271484375,5.4962158203125
3,0.24166666666666664,0.26971435546875,0.85986328125,5.38177490234375
3,0.24999999999999997,0.27459716796875,0.838623046875,5.50250244140625
2,0.24166666666666664,-0.114501953125,1.19708251953125,5.386962890625
2,0.24999999999999997,-0.11993408203125,1.184814453125,5.50787353515625
1,0.24166666666666664,0.23907470703125,1.18536376953125,5.38916015625
1,0.24999999999999997,0.24310302734375,1.1728515625,5.51007080078125
8,0.2583333333333333,0.09423828125,0.53704833984375,5.60333251953125
8,0.26666666666666666,0.09442138671875,0.50726318359375,5.72357177734375
7,0.2583333333333333,-0.2227783203125,1.495361328125,5.60589599609375
7,0.26666666666666666,-0.230712890625,1.489990234375,5.7261962890625
6,0.2583333333333333,0.592529296875,1.0372314453125,5.60723876953125
6,0.26666666666666666,0.6053466796875,1.0201416015625,5.7275390625
5,0.2583333333333333,-0.2398681640625,0.84552001953125,5.6173095703125
5,0.26666666666666666,-0.24822998046875,0.8236083984375,5.7379150390625
4,0.2583333333333333,0.196533203125,1.4730224609375,5.61676025390625
4,0.26666666666666666,0.19927978515625,1.467041015625,5.7373046875
3,0.2583333333333333,0.27947998046875,0.81658935546875,5.62322998046875
3,0.26666666666666666,0.284423828125,0.79388427734375,5.74395751953125
2,0.2583333333333333,-0.1253662109375,1.171875,5.62872314453125
2,0.26666666666666666,-0.13079833984375,1.15826416015625,5.74957275390625
1,0.2583333333333333,0.2471923828125,1.15960693359375,5.6309814453125
1,0.26666666666666666,0.25128173828125,1.1456298828125,5.751953125
8,0.275,0.0946044921875,0.476806640625,5.84375
8,0.28333333333333333,0.0947265625,0.445556640625,5.9639892578125
7,0.275,-0.23858642578125,1.48394775390625,5.846435546875
7,0.28333333333333333,-0.24652099609375,1.4771728515625,5.96673583984375
6,0.275,0.61822509765625,1.00244140625,5.847900390625
6,0.28333333333333333,0.631103515625,0.98394775390625,5.96820068359375
5,0.275,-0.256591796875,0.80096435546875,5.85845947265625
5,0.28333333333333333,-0.264892578125,0.777587890625,5.97900390625
4,0.275,0.20208740234375,1.46038818359375,5.85784912109375
4,0.28333333333333333,0.204833984375,1.45306396484375,5.9783935546875
3,0.275,0.289306640625,0.77056884765625,5.86468505859375
3,0.28333333333333333,0.294189453125,0.7464599609375,5.9853515625
2,0.275,-0.13623046875,1.1439208984375,5.87042236328125
2,0.28333333333333333,-0.14166259765625,1.12890625,5.99127197265625
1,0.275,0.25531005859375,1.13104248046875,5.87286376953125
1,0.28333333333333333,0.2593994140625,1.11566162109375,5.9937744140625
8,0.29166666666666669,0.09490966796875,0.41375732421875,6.08416748046875
8,0.3,0.0950927734375,0.3812255859375,6.20440673828125
7,0.29166666666666669,-0.25439453125,1.46978759765625,6.0870361328125
7,0.3,-0.2623291015625,1.46160888671875,6.207275390625
6,0.29166666666666669,0.64398193359375,0.96490478515625,6.0885009765625
6,0.3,0.6568603515625,0.94512939453125,6.20880126953125
5,0.29166666666666669,-0.27325439453125,0.753662109375,6.099609375
5,0.3,-0.2816162109375,0.72894287109375,6.22015380859375
4,0.29166666666666669,0.2076416015625,1.445068359375,6.09893798828125
4,0.3,0.21038818359375,1.4364013671875,6.21954345703125
3,0.29166666666666669,0.299072265625,0.7218017578125,6.1060791015625
3,0.3,0.303955078125,0.69635009765625,6.226806640625
2,0.29166666666666669,-0.1470947265625,1.11328125,6.11212158203125
2,0.3,-0.1524658203125,1.096923828125,6.23297119140625
1,0.29166666666666669,0.26348876953125,1.0997314453125,6.11468505859375
1,0.3,0.26751708984375,1.08306884765625,6.235595703125
8,0.30833333333333335,0.09527587890625,0.34796142578125,6.3245849609375
8,0.31666666666666665,0.095458984375,0.3140869140625,6.44482421875
7,0.30833333333333335,-0.27020263671875,1.45281982421875,6.32757568359375
7,0.31666666666666665,-0.27813720703125,1.443359375,6.44781494140625
6,0.30833333333333335,0.66973876953125,0.92462158203125,6.3291015625
6,0.31666666666666665,0.6826171875,0.90350341796875,6.44940185546875
5,0.30833333333333335,-0.2899169921875,0.70361328125,6.3406982421875
5,0.31666666666666665,-0.29827880859375,0.67755126953125,6.4613037109375
4,0.30833333333333335,0.21319580078125,1.427001953125,6.340087890625
4,0.31666666666666665,0.2159423828125,1.4169921875,6.46063232421875
3,0.30833333333333335,0.30889892578125,0.67022705078125,6.3475341796875
3,0.31666666666666665,0.31378173828125,0.64349365234375,6.46826171875
2,0.30833333333333335,-0.15789794921875,1.079833984375,6.35382080078125
2,0.31666666666666665,-0.163330078125,1.0621337890625,6.47467041015625
1,0.30833333333333335,0.2716064453125,1.065673828125,6.35650634765625
1,0.31666666666666665,0.27569580078125,1.04766845703125,6.4774169921875
8,0.325,0.0955810546875,0.279541015625,6.56500244140625
8,0.33333333333333331,0.09576416015625,0.2442626953125,6.68524169921875
7,0.325,-0.2860107421875,1.4332275390625,6.568115234375
7,0.33333333333333331,-0.2939453125,1.42242431640625,6.6883544921875
6,0.325,0.69549560546875,0.88165283203125,6.5697021484375
6,0.33333333333333331,0.70831298828125,0.85919189453125,6.6900634765625
5,0.325,-0.306640625,0.65087890625,6.58184814453125
5,0.33333333333333331,-0.31494140625,0.62347412109375,6.702392578125
4,0.325,0.21875,1.40625,6.5811767578125
4,0.33333333333333331,0.2215576171875,1.3948974609375,6.70172119140625
3,0.325,0.31866455078125,0.61602783203125,6.58892822265625
3,0.33333333333333331,0.32354736328125,0.58795166015625,6.70965576171875
2,0.325,-0.16876220703125,1.04376220703125,6.59552001953125
2,0.33333333333333331,-0.1741943359375,1.02471923828125,6.71636962890625
1,0.325,0.27978515625,1.0289306640625,6.59832763671875
1,0.33333333333333331,0.2838134765625,1.00958251953125,6.71923828125
8,0.34166666666666667,0.095947265625,0.2083740234375,6.805419921875
8,0.35,0.09613037109375,0.1717529296875,6.9256591796875
7,0.34166666666666667,-0.3018798828125,1.410888671875,6.80865478515625
7,0.35,-0.30975341796875,1.398681640625,6.928955078125
6,0.34166666666666667,0.72119140625,0.83599853515625,6.81036376953125
6,0.35,0.73406982421875,0.8121337890625,6.9306640625
5,0.34166666666666667,-0.32330322265625,0.595458984375,6.822998046875
5,0.35,-0.3316650390625,0.566650390625,6.94354248046875
4,0.34166666666666667,0.22430419921875,1.3828125,6.822265625
4,0.35,0.22711181640625,1.3699951171875,6.94281005859375
3,0.34166666666666667,0.32843017578125,0.55914306640625,6.83038330078125
3,0.35,0.33331298828125,0.52960205078125,6.95111083984375
2,0.34166666666666667,-0.17962646484375,1.00494384765625,6.8372802734375
2,0.35,-0.18505859375,0.9844970703125,6.9581298828125
1,0.34166666666666667,0.28790283203125,0.98956298828125,6.84014892578125
1,0.35,0.2919921875,0.96875,6.9610595703125
8,0.35833333333333334,0.0963134765625,0.13446044921875,7.04583740234375
8,0.36666666666666664,0.09649658203125,0.09649658203125,7.16607666015625
7,0.35833333333333334,-0.31768798828125,1.38580322265625,7.0491943359375
7,0.36666666666666664,-0.3255615234375,1.372314453125,7.16949462890625
6,0.35833333333333334,0.7469482421875,0.78753662109375,7.05096435546875
6,0.36666666666666664,0.75982666015625,0.76239013671875,7.1712646484375
5,0.35833333333333334,-0.3399658203125,0.5372314453125,7.0640869140625
5,0.36666666666666664,-0.34832763671875,0.50714111328125,7.1846923828125
4,0.35833333333333334,0.2298583984375,1.3565673828125,7.0633544921875
4,0.36666666666666664,0.232666015625,1.34246826171875,7.18389892578125
3,0.35833333333333334,0.3382568359375,0.49945068359375,7.07183837890625
3,0.36666666666666664,0.3431396484375,0.4686279296875,7.1925048828125
2,0.35833333333333334,-0.1904296875,0.96337890625,7.0789794921875
2,0.36666666666666664,-0.19586181640625,0.941650390625,7.1998291015625
1,0.35833333333333334,0.2960205078125,0.94732666015625,7.08197021484375
1,0.36666666666666664,0.30010986328125,0.92523193359375,7.202880859375
8,0.375,0.09661865234375,0.057861328125,7.2862548828125
8,0.38196428614900441,0.0968017578125,0,7.38671875
7,0.375,-0.33349609375,1.35809326171875,7.28973388671875
7,0.38333333333333336,-0.34136962890625,1.3431396484375,7.4100341796875
6,0.375,0.772705078125,0.7364501953125,7.29156494140625
6,0.38333333333333336,0.78558349609375,0.70989990234375,7.411865234375
5,0.375,-0.356689453125,0.47637939453125,7.30523681640625
5,0.38333333333333336,-0.364990234375,0.44488525390625,7.42578125
4,0.375,0.23541259765625,1.32769775390625,7.304443359375
4,0.38333333333333336,0.23822021484375,1.31219482421875,7.425048828125
3,0.375,0.3480224609375,0.4371337890625,7.313232421875
3,0.38333333333333336,0.3529052734375,0.4049072265625,7.4339599609375
2,0.375,-0.2012939453125,0.91912841796875,7.3206787109375
2,0.38333333333333336,-0.20672607421875,0.89599609375,7.4415283203125
1,0.375,0.30419921875,0.9024658203125,7.32379150390625
1,0.38333333333333336,0.3082275390625,0.8790283203125,7.4447021484375
9,0,0.08746337890625,1.25909423828125,0.88604736328125
10,0,0.08746337890625,1.25909423828125,0.88604736328125
11,0,0.08746337890625,1.25909423828125,0.88604736328125
12,0,0.08746337890625,1.25909423828125,0.88604736328125
13,0,0.08746337890625,1.25909423828125,0.88604736328125
14,0,0.08746337890625,1.25909423828125,0.88604736328125
15,0,0.08746337890625,1.25909423828125,0.88604736328125
16,0,0.08746337890625,1.25909423828125,0.88604736328125
7,0.39166666666666672,-0.34930419921875,1.3275146484375,7.53033447265625
7,0.4,-0.357177734375,1.311279296875,7.65057373046875
6,0.39166666666666672,0.79840087890625,0.68255615234375,7.5322265625
6,0.4,0.811279296875,0.6546630859375,7.65252685546875
5,0.39166666666666672,-0.37335205078125,0.4127197265625,7.54638671875
5,0.4,-0.3817138671875,0.3798828125,7.66693115234375
4,0.39166666666666672,0.240966796875,1.2960205078125,7.54559326171875
4,0.4,0.2437744140625,1.2791748046875,7.6661376953125
3,0.39166666666666672,0.3577880859375,0.3719482421875,7.5546875
3,0.4,0.36273193359375,0.33843994140625,7.6754150390625
2,0.39166666666666672,-0.212158203125,0.87213134765625,7.5623779296875
2,0.4,-0.21759033203125,0.84759521484375,7.6832275390625
1,0.39166666666666672,0.31231689453125,0.85479736328125,7.56561279296875
1,0.4,0.31640625,0.83001708984375,7.6865234375
16,0.00833333333333336,0.091796875,1.2384033203125,1.06817626953125
16,0.016666666666666663,0.09613037109375,1.21771240234375,1.250244140625
15,0.00833333333333336,0.07281494140625,1.2724609375,1.06829833984375
15,0.016666666666666663,0.0582275390625,1.28582763671875,1.25054931640625
14,0.00833333333333336,0.1070556640625,1.260986328125,1.06829833984375
14,0.016666666666666663,0.126708984375,1.2628173828125,1.2506103515625
13,0.00833333333333336,0.076904296875,1.2476806640625,1.0687255859375
13,0.016666666666666663,0.0662841796875,1.23626708984375,1.25140380859375
12,0.00833333333333336,0.08892822265625,1.274658203125,1.0687255859375
12,0.016666666666666663,0.09033203125,1.2901611328125,1.25140380859375
11,0.00833333333333336,0.0968017578125,1.25030517578125,1.06890869140625
11,0.016666666666666663,0.10614013671875,1.2415771484375,1.2518310546875
10,0.00833333333333336,0.078857421875,1.2608642578125,1.06915283203125
10,0.016666666666666663,0.07025146484375,1.2626953125,1.2523193359375
9,0.00833333333333336,0.09307861328125,1.26312255859375,1.06927490234375
9,0.016666666666666663,0.09869384765625,1.26715087890625,1.25244140625
7,0.40833333333333338,-0.3651123046875,1.2943115234375,7.7708740234375
7,0.41666666666666669,-0.37298583984375,1.2767333984375,7.89111328125
6,0.40833333333333338,0.82415771484375,0.6259765625,7.7728271484375
6,0.41666666666666669,0.8370361328125,0.59674072265625,7.89312744140625
5,0.40833333333333338,-0.3900146484375,0.34637451171875,7.7874755859375
5,0.41666666666666669,-0.39837646484375,0.31219482421875,7.9080810546875
4,0.40833333333333338,0.24652099609375,1.26165771484375,7.78668212890625
4,0.41666666666666669,0.24932861328125,1.24346923828125,7.9072265625
3,0.40833333333333338,0.36761474609375,0.30413818359375,7.796142578125
3,0.41666666666666669,0.37249755859375,0.269287109375,7.91680908203125
2,0.40833333333333338,-0.2230224609375,0.8223876953125,7.8040771484375
2,0.41666666666666669,-0.2283935546875,0.79656982421875,7.9249267578125
1,0.40833333333333338,0.3204345703125,0.804443359375,7.8074951171875
1,0.41666666666666669,0.32452392578125,0.7783203125,7.92840576171875
16,0.025000000000000022,0.10040283203125,1.197021484375,1.432373046875
16,0.033333333333333326,0.104736328125,1.17626953125,1.614501953125
15,0.025000000000000022,0.0435791015625,1.2991943359375,1.43280029296875
15,0.033333333333333326,0.02899169921875,1.31256103515625,1.6151123046875
14,0.025000000000000022,0.14630126953125,1.26470947265625,1.432861328125
14,0.033333333333333326,0.1658935546875,1.2666015625,1.6151123046875
13,0.025000000000000022,0.05572509765625,1.224853515625,1.43408203125
13,0.033333333333333326,0.045166015625,1.21343994140625,1.61676025390625
12,0.025000000000000022,0.091796875,1.30572509765625,1.43402099609375
12,0.033333333333333326,0.09326171875,1.32122802734375,1.61669921875
11,0.025000000000000022,0.115478515625,1.2327880859375,1.4346923828125
11,0.033333333333333326,0.124755859375,1.22406005859375,1.61761474609375
10,0.025000000000000022,0.06170654296875,1.26446533203125,1.4354248046875
10,0.033333333333333326,0.0531005859375,1.2662353515625,1.6185302734375
9,0.025000000000000022,0.1043701171875,1.2711181640625,1.4356689453125
9,0.033333333333333326,0.1099853515625,1.275146484375,1.61883544921875
7,0.42500000000000004,-0.38092041015625,1.25836181640625,8.01141357421875
7,0.43333333333333335,-0.3887939453125,1.2393798828125,8.13165283203125
6,0.42500000000000004,0.84991455078125,0.56671142578125,8.013427734375
6,0.43333333333333335,0.86279296875,0.53607177734375,8.13372802734375
5,0.42500000000000004,-0.40673828125,0.27734375,8.02862548828125
5,0.43333333333333335,-0.4150390625,0.24176025390625,8.149169921875
4,0.42500000000000004,0.2520751953125,1.224609375,8.02777099609375
4,0.43333333333333335,0.2548828125,1.20501708984375,8.1483154296875
3,0.42500000000000004,0.37738037109375,0.233642578125,8.03753662109375
3,0.43333333333333335,0.38226318359375,0.19732666015625,8.15826416015625
2,0.42500000000000004,-0.23382568359375,0.77001953125,8.0457763671875
2,0.43333333333333335,-0.2392578125,0.74273681640625,8.16668701171875
1,0.42500000000000004,0.32861328125,0.75146484375,8.04931640625
1,0.43333333333333335,0.3326416015625,0.723876953125,8.17022705078125
16,0.041666666666666685,0.10906982421875,1.15557861328125,1.79656982421875
16,0.049999999999999989,0.1134033203125,1.1348876953125,1.97869873046875
15,0.041666666666666685,0.01434326171875,1.32586669921875,1.79736328125
15,0.049999999999999989,-0.00030517578125,1.3392333984375,1.9796142578125
14,0.041666666666666685,0.18548583984375,1.2684326171875,1.79742431640625
14,0.049999999999999989,0.20513916015625,1.27032470703125,1.97967529296875
13,0.041666666666666685,0.0345458984375,1.2020263671875,1.79937744140625
13,0.049999999999999989,0.02398681640625,1.19061279296875,1.9820556640625
12,0.041666666666666685,0.09466552734375,1.3367919921875,1.79937744140625
12,0.049999999999999989,0.09613037109375,1.352294921875,1.9820556640625
11,0.041666666666666685,0.13409423828125,1.21527099609375,1.80047607421875
11,0.049999999999999989,0.1434326171875,1.20654296875,1.98333740234375
10,0.041666666666666685,0.04449462890625,1.26806640625,1.8016357421875
10,0.049999999999999989,0.035888671875,1.26983642578125,1.98480224609375
9,0.041666666666666685,0.1156005859375,1.2791748046875,1.80206298828125
9,0.049999999999999989,0.1212158203125,1.283203125,1.98529052734375
7,0.44166666666666671,-0.396728515625,1.21966552734375,8.251953125
7,0.45,-0.40460205078125,1.1993408203125,8.37225341796875
6,0.44166666666666671,0.87567138671875,0.504638671875,8.2540283203125
6,0.45,0.88848876953125,0.47265625,8.3743896484375
5,0.44166666666666671,-0.42340087890625,0.20550537109375,8.269775390625
5,0.45,-0.4317626953125,0.1685791015625,8.39031982421875
4,0.44166666666666671,0.25762939453125,1.1846923828125,8.26885986328125
4,0.45,0.26043701171875,1.163818359375,8.389404296875
3,0.44166666666666671,0.38714599609375,0.16033935546875,8.27899169921875
3,0.45,0.39208984375,0.1226806640625,8.39971923828125
2,0.44166666666666671,-0.24468994140625,0.71478271484375,8.28753662109375
2,0.45,-0.2501220703125,0.68621826171875,8.40838623046875
1,0.44166666666666671,0.33673095703125,0.69561767578125,8.2911376953125
1,0.45,0.3408203125,0.66668701171875,8.41204833984375
16,0.058333333333333348,0.11773681640625,1.11419677734375,2.16082763671875
16,0.066666666666666652,0.12200927734375,1.093505859375,2.34295654296875
15,0.058333333333333348,-0.014892578125,1.35260009765625,2.161865234375
15,0.066666666666666652,-0.029541015625,1.365966796875,2.3441162109375
14,0.058333333333333348,0.2247314453125,1.27215576171875,2.16192626953125
14,0.066666666666666652,0.24432373046875,1.2740478515625,2.34423828125
13,0.058333333333333348,0.013427734375,1.17919921875,2.16473388671875
13,0.066666666666666652,0.0028076171875,1.16778564453125,2.347412109375
12,0.058333333333333348,0.0975341796875,1.36785888671875,2.16473388671875
12,0.066666666666666652,0.0989990234375,1.3834228515625,2.347412109375
11,0.058333333333333348,0.15277099609375,1.19775390625,2.166259765625
11,0.066666666666666652,0.162109375,1.18902587890625,2.34912109375
10,0.058333333333333348,0.02734375,1.27166748046875,2.16790771484375
10,0.066666666666666652,0.01873779296875,1.2734375,2.35101318359375
9,0.058333333333333348,0.1268310546875,1.2872314453125,2.16845703125
9,0.066666666666666652,0.13250732421875,1.29119873046875,2.3516845703125
7,0.45833333333333337,-0.41253662109375,1.1783447265625,8.49249267578125
7,0.46666666666666667,-0.42047119140625,1.15655517578125,8.61279296875
6,0.45833333333333337,0.9013671875,0.43994140625,8.49468994140625
6,0.46666666666666667,0.91424560546875,0.40655517578125,8.614990234375
5,0.45833333333333337,-0.4400634765625,0.13104248046875,8.5108642578125
5,0.46666666666666667,-0.44842529296875,0.09271240234375,8.6314697265625
4,0.45833333333333337,0.26324462890625,1.1422119140625,8.510009765625
4,0.46666666666666667,0.2659912109375,1.11993408203125,8.63055419921875
3,0.45833333333333337,0.39697265625,0.08441162109375,8.5203857421875
3,0.46666666666666667,0.40185546875,0.04534912109375,8.64111328125
2,0.45833333333333337,-0.25555419921875,0.656982421875,8.52923583984375
2,0.46666666666666667,-0.260986328125,0.626953125,8.65008544921875
1,0.45833333333333337,0.34490966796875,0.63714599609375,8.532958984375
1,0.46666666666666667,0.34893798828125,0.60687255859375,8.65386962890625
16,0.075000000000000011,0.12628173828125,1.0726318359375,2.5230712890625
16,0.083333333333333315,0.1304931640625,1.0516357421875,2.69940185546875
15,0.075000000000000011,-0.04400634765625,1.37884521484375,2.52447509765625
15,0.083333333333333315,-0.05816650390625,1.39080810546875,2.700927734375
14,0.075000000000000011,0.26373291015625,1.2755126953125,2.5245361328125
14,0.083333333333333315,0.28271484375,1.2763671875,2.7010498046875
13,0.075000000000000011,-0.00762939453125,1.1561279296875,2.52813720703125
13,0.083333333333333315,-0.01788330078125,1.14410400390625,2.70501708984375
12,0.075000000000000011,0.10040283203125,1.39837646484375,2.52813720703125
12,0.083333333333333315,0.101806640625,1.4124755859375,2.7049560546875
11,0.075000000000000011,0.17132568359375,1.17999267578125,2.53009033203125
11,0.083333333333333315,0.18035888671875,1.1705322265625,2.7071533203125
10,0.075000000000000011,0.01025390625,1.27484130859375,2.5322265625
10,0.083333333333333315,0.00189208984375,1.27557373046875,2.70947265625
9,0.075000000000000011,0.1380615234375,1.29486083984375,2.53289794921875
9,0.083333333333333315,0.14349365234375,1.2977294921875,2.71026611328125
7,0.47500000000000003,-0.4283447265625,1.1341552734375,8.7330322265625
7,0.48333333333333334,-0.436279296875,1.111083984375,8.85333251953125
6,0.47500000000000003,0.9271240234375,0.3724365234375,8.73529052734375
6,0.48333333333333334,0.94000244140625,0.33770751953125,8.8555908203125
5,0.47500000000000003,-0.456787109375,0.05377197265625,8.75201416015625
5,0.48104102550613065,-0.46282958984375,0,8.83941650390625
4,0.47500000000000003,0.268798828125,1.096923828125,8.7510986328125
4,0.48333333333333334,0.27154541015625,1.07330322265625,8.87164306640625
3,0.47093189975810223,0.40435791015625,0,8.702880859375
2,0.47500000000000003,-0.266357421875,0.5963134765625,8.77093505859375
2,0.48333333333333334,-0.27178955078125,0.56500244140625,8.89178466796875
1,0.47500000000000003,0.35302734375,0.57586669921875,8.7747802734375
1,0.48333333333333334,0.35711669921875,0.54425048828125,8.89569091796875
16,0.091666666666666674,0.13458251953125,1.03033447265625,2.871826171875
16,0.099999999999999978,0.13861083984375,1.0087890625,3.0404052734375
15,0.091666666666666674,-0.072021484375,1.4017333984375,2.87347412109375
15,0.099999999999999978,-0.08551025390625,1.41168212890625,3.04217529296875
14,0.091666666666666674,0.30126953125,1.27642822265625,2.87359619140625
14,0.099999999999999978,0.31939697265625,1.27581787109375,3.04229736328125
13,0.091666666666666674,-0.02789306640625,1.131591796875,2.87799072265625
13,0.099999999999999978,-0.03765869140625,1.11865234375,3.04705810546875
12,0.091666666666666674,0.10321044921875,1.42547607421875,2.8779296875
12,0.099999999999999978,0.1044921875,1.4375,3.0469970703125
11,0.091666666666666674,0.189208984375,1.1605224609375,2.88031005859375
11,0.099999999999999978,0.19781494140625,1.1500244140625,3.049560546875
10,0.091666666666666674,-0.0062255859375,1.27557373046875,2.88287353515625
10,0.099999999999999978,-0.01416015625,1.27484130859375,3.0523681640625
9,0.091666666666666674,0.1488037109375,1.29986572265625,2.8837890625
9,0.099999999999999978,0.154052734375,1.3011474609375,3.0533447265625
7,0.4916666666666667,-0.44415283203125,1.08734130859375,8.97357177734375
7,0.5,-0.45208740234375,1.06292724609375,9.0938720703125
6,0.4916666666666667,0.952880859375,0.30224609375,8.97589111328125
6,0.5,0.96575927734375,0.26617431640625,9.09619140625
4,0.4916666666666667,0.27435302734375,1.0489501953125,8.9921875
4,0.5,0.277099609375,1.02398681640625,9.11273193359375
2,0.4916666666666667,-0.2772216796875,0.53302001953125,9.01263427734375
2,0.5,-0.28265380859375,0.50030517578125,9.13348388671875
1,0.4916666666666667,0.36114501953125,0.51190185546875,9.0166015625
1,0.5,0.365234375,0.47894287109375,9.13751220703125
16,0.10833333333333328,0.14251708984375,0.98699951171875,3.205078125
16,0.11666666666666659,0.14630126953125,0.9649658203125,3.36590576171875
15,0.10833333333333328,-0.0987548828125,1.42071533203125,3.20703125
15,0.11666666666666659,-0.1116943359375,1.42877197265625,3.36798095703125
14,0.10833333333333328,0.337158203125,1.2744140625,3.2071533203125
14,0.11666666666666659,0.3544921875,1.27227783203125,3.3681640625
13,0.10833333333333328,-0.0472412109375,1.10528564453125,3.2122802734375
13,0.11666666666666659,-0.05657958984375,1.0914306640625,3.37359619140625
12,0.10833333333333328,0.1058349609375,1.448486328125,3.21221923828125
12,0.11666666666666659,0.10711669921875,1.45843505859375,3.37353515625
11,0.10833333333333328,0.206298828125,1.1390380859375,3.2149658203125
11,0.11666666666666659,0.21453857421875,1.1275634765625,3.37652587890625
10,0.10833333333333328,-0.02197265625,1.2734375,3.218017578125
10,0.11666666666666659,-0.029541015625,1.271240234375,3.37969970703125
9,0.10833333333333328,0.15911865234375,1.3017578125,3.218994140625
9,0.11666666666666659,0.16412353515625,1.301513671875,3.38079833984375
7,0.5083333333333333,-0.4599609375,1.03778076171875,9.21417236328125
7,0.51666666666666661,-0.4678955078125,1.011962890625,9.33441162109375
6,0.5083333333333333,0.97857666015625,0.2293701171875,9.216552734375
6,0.51666666666666661,0.991455078125,0.19189453125,9.33685302734375
4,0.5083333333333333,0.2799072265625,0.998291015625,9.2332763671875
4,0.51666666666666661,0.28265380859375,0.971923828125,9.35382080078125
2,0.5083333333333333,-0.2880859375,0.46697998046875,9.25433349609375
2,0.51666666666666661,-0.29351806640625,0.43292236328125,9.375244140625
1,0.5083333333333333,0.36932373046875,0.4453125,9.2584228515625
1,0.51666666666666661,0.37335205078125,0.410888671875,9.37933349609375
16,0.12499999999999989,0.1500244140625,0.9427490234375,3.52288818359375
16,0.13333333333333319,0.1536865234375,0.92022705078125,3.67596435546875
15,0.12499999999999989,-0.124267578125,1.43585205078125,3.52508544921875
15,0.13333333333333319,-0.1365966796875,1.44195556640625,3.67828369140625
14,0.12499999999999989,0.37139892578125,1.26953125,3.52520751953125
14,0.13333333333333319,0.38787841796875,1.26593017578125,3.678466796875
13,0.12499999999999989,-0.06573486328125,1.07720947265625,3.531005859375
13,0.13333333333333319,-0.0745849609375,1.06243896484375,3.6845703125
12,0.12499999999999989,0.10833740234375,1.4674072265625,3.53094482421875
12,0.13333333333333319,0.10955810546875,1.475341796875,3.68450927734375
11,0.12499999999999989,0.2225341796875,1.1156005859375,3.53411865234375
11,0.13333333333333319,0.23040771484375,1.10308837890625,3.6878662109375
10,0.12499999999999989,-0.03692626953125,1.26837158203125,3.53753662109375
10,0.13333333333333319,-0.044189453125,1.2647705078125,3.69146728515625
9,0.12499999999999989,0.1689453125,1.30059814453125,3.5386962890625
9,0.13333333333333319,0.1737060546875,1.298828125,3.69268798828125
7,0.52499999999999991,-0.47576904296875,0.9854736328125,9.4547119140625
7,0.53333333333333321,-0.48370361328125,0.95831298828125,9.574951171875
6,0.52499999999999991,1.00433349609375,0.1536865234375,9.4571533203125
6,0.53333333333333321,1.0172119140625,0.1148681640625,9.57745361328125
4,0.52499999999999991,0.28546142578125,0.94482421875,9.474365234375
4,0.53333333333333321,0.2882080078125,0.91705322265625,9.594970703125
2,0.52499999999999991,-0.2989501953125,0.39813232421875,9.49609375
2,0.53333333333333321,-0.30438232421875,0.36273193359375,9.616943359375
1,0.52499999999999991,0.37744140625,0.3758544921875,9.500244140625
1,0.53333333333333321,0.38153076171875,0.340087890625,9.62115478515625
16,0.1416666666666665,0.1572265625,0.8974609375,3.8251953125
16,0.1499999999999998,0.16064453125,0.87445068359375,3.97052001953125
15,0.1416666666666665,-0.1485595703125,1.4471435546875,3.82763671875
15,0.1499999999999998,-0.16021728515625,1.4512939453125,3.97308349609375
14,0.1416666666666665,0.4039306640625,1.26171875,3.82781982421875
14,0.1499999999999998,0.4195556640625,1.2567138671875,3.9732666015625
13,0.1416666666666665,-0.083251953125,1.04730224609375,3.834228515625
13,0.1499999999999998,-0.09173583984375,1.03173828125,3.98004150390625
12,0.1416666666666665,0.1107177734375,1.4822998046875,3.83416748046875
12,0.1499999999999998,0.11187744140625,1.48822021484375,3.97998046875
11,0.1416666666666665,0.238037109375,1.09014892578125,3.83770751953125
11,0.1499999999999998,0.2454833984375,1.07666015625,3.98370361328125
10,0.1416666666666665,-0.05120849609375,1.26043701171875,3.841552734375
10,0.1499999999999998,-0.05804443359375,1.25537109375,3.9876708984375
9,0.1416666666666665,0.17828369140625,1.29632568359375,3.84283447265625
9,0.1499999999999998,0.18280029296875,1.29302978515625,3.98907470703125
7,0.54166666666666652,-0.4915771484375,0.93048095703125,9.69525146484375
7,0.54999999999999982,-0.49951171875,0.90191650390625,9.8155517578125
6,0.54166666666666652,1.03009033203125,0.0753173828125,9.69775390625
6,0.54999999999999982,1.04296875,0.03515625,9.81805419921875
4,0.54166666666666652,0.291015625,0.888671875,9.71551513671875
4,0.54999999999999982,0.29376220703125,0.85955810546875,9.8360595703125
2,0.54166666666666652,-0.30975341796875,0.32666015625,9.73779296875
2,0.54999999999999982,-0.315185546875,0.2899169921875,9.858642578125
1,0.54166666666666652,0.38555908203125,0.3037109375,9.7420654296875
1,0.54999999999999982,0.3896484375,0.26666259765625,9.863037109375
16,0.1583333333333331,0.16400146484375,0.85125732421875,4.11199951171875
16,0.16666666666666641,0.16729736328125,0.8277587890625,4.2496337890625
15,0.1583333333333331,-0.17156982421875,1.45452880859375,4.11468505859375
15,0.16666666666666641,-0.1826171875,1.45684814453125,4.25238037109375
14,0.1583333333333331,0.434814453125,1.25103759765625,4.1148681640625
14,0.16666666666666641,0.44964599609375,1.24462890625,4.25262451171875
13,0.1583333333333331,-0.09991455078125,1.0157470703125,4.1219482421875
13,0.16666666666666641,-0.10791015625,0.999267578125,4.260009765625
12,0.1583333333333331,0.113037109375,1.4931640625,4.12188720703125
12,0.16666666666666641,0.11407470703125,1.4970703125,4.25994873046875
11,0.1583333333333331,0.25274658203125,1.062744140625,4.125732421875
11,0.16666666666666641,0.259765625,1.04827880859375,4.26397705078125
10,0.1583333333333331,-0.06475830078125,1.2496337890625,4.12994384765625
10,0.16666666666666641,-0.07122802734375,1.2431640625,4.268310546875
9,0.1583333333333331,0.1871337890625,1.2890625,4.13134765625
9,0.16666666666666641,0.19140625,1.28424072265625,4.269775390625
7,0.55833333333333313,-0.50738525390625,0.87274169921875,9.935791015625
7,0.56666666666666643,-0.51531982421875,0.8428955078125,10.05609130859375
6,0.55207025391045039,1.046142578125,0,9.84796142578125
4,0.55833333333333313,0.29656982421875,0.829833984375,9.95660400390625
4,0.56666666666666643,0.29931640625,0.79937744140625,10.0771484375
2,0.55833333333333313,-0.32061767578125,0.25244140625,9.9794921875
2,0.56666666666666643,-0.3260498046875,0.21435546875,10.100341796875
1,0.55833333333333313,0.39373779296875,0.2288818359375,9.98394775390625
1,0.56666666666666643,0.3978271484375,0.19049072265625,10.1048583984375
16,0.17499999999999971,0.17047119140625,0.8040771484375,4.38336181640625
16,0.18333333333333302,0.17352294921875,0.78009033203125,4.51324462890625
15,0.17499999999999971,-0.193359375,1.45819091796875,4.38623046875
15,0.18333333333333302,-0.20379638671875,1.45849609375,4.5162353515625
14,0.17499999999999971,0.46405029296875,1.23748779296875,4.386474609375
14,0.18333333333333302,0.47802734375,1.2296142578125,4.5164794921875
13,0.17499999999999971,-0.11572265625,0.982421875,4.3941650390625
13,0.18333333333333302,-0.12322998046875,0.965087890625,4.5244140625
12,0.17499999999999971,0.11517333984375,1.5,4.39404296875
12,0.18333333333333302,0.1162109375,1.50189208984375,4.52435302734375
11,0.17499999999999971,0.26666259765625,1.03338623046875,4.39825439453125
11,0.18333333333333302,0.2733154296875,1.0179443359375,4.5286865234375
10,0.17499999999999971,-0.0775146484375,1.23602294921875,4.40283203125
10,0.18333333333333302,-0.08367919921875,1.22808837890625,4.53338623046875
9,0.17499999999999971,0.195556640625,1.27874755859375,4.40435791015625
9,0.18333333333333302,0.1995849609375,1.27239990234375,4.53497314453125
7,0.57499999999999973,-0.523193359375,0.81231689453125,10.17633056640625
7,0.583333333333333,-0.5311279296875,0.78106689453125,10.296630859375
4,0.57499999999999973,0.3021240234375,0.76824951171875,10.19769287109375
4,0.583333333333333,0.30487060546875,0.73638916015625,10.3182373046875
2,0.57499999999999973,-0.33148193359375,0.175537109375,10.22119140625
2,0.583333333333333,-0.3369140625,0.13604736328125,10.342041015625
1,0.57499999999999973,0.40185546875,0.15130615234375,10.22576904296875
1,0.583333333333333,0.40594482421875,0.11151123046875,10.3466796875
16,0.19166666666666632,0.176513671875,0.7559814453125,4.63922119140625
16,0.19999999999999962,0.179443359375,0.73150634765625,4.7613525390625
15,0.19166666666666632,-0.21392822265625,1.4578857421875,4.642333984375
15,0.19999999999999962,-0.2237548828125,1.456298828125,4.7645263671875
14,0.19166666666666632,0.4915771484375,1.22113037109375,4.642578125
14,0.19999999999999962,0.50469970703125,1.2117919921875,4.7647705078125
13,0.19166666666666632,-0.13055419921875,0.94732666015625,4.65081787109375
13,0.19999999999999962,-0.13763427734375,0.92913818359375,4.7733154296875
12,0.19166666666666632,0.1171875,1.5028076171875,4.65069580078125
12,0.19999999999999962,0.1181640625,1.50262451171875,4.773193359375
11,0.19166666666666632,0.27978515625,1.00201416015625,4.65521240234375
11,0.19999999999999962,0.2860107421875,0.985595703125,4.77789306640625
10,0.19166666666666632,-0.089599609375,1.219482421875,4.66009521484375
10,0.19999999999999962,-0.09539794921875,1.21014404296875,4.78289794921875
9,0.19166666666666632,0.20343017578125,1.26531982421875,4.6617431640625
9,0.19999999999999962,0.20721435546875,1.2574462890625,4.78460693359375
7,0.59166666666666634,-0.5390625,0.74908447265625,10.4168701171875
7,0.59999999999999964,-0.54693603515625,0.71649169921875,10.53717041015625
4,0.59166666666666634,0.30767822265625,0.70391845703125,10.43878173828125
4,0.59999999999999964,0.31048583984375,0.67071533203125,10.559326171875
2,0.59166666666666634,-0.34234619140625,0.0958251953125,10.462890625
2,0.59999999999999964,-0.34771728515625,0.05499267578125,10.583740234375
1,0.59166666666666634,0.4100341796875,0.071044921875,10.46759033203125
1,0.59999999999999964,0.4140625,0.02984619140625,10.5885009765625
16,0.20833333333333293,0.1822509765625,0.7066650390625,4.88153076171875
16,0.21666666666666623,0.18511962890625,0.68109130859375,5.001708984375
15,0.20833333333333293,-0.2333984375,1.453857421875,4.88482666015625
15,0.21666666666666623,-0.2430419921875,1.4508056640625,5.005126953125
14,0.20833333333333293,0.51763916015625,1.2017822265625,4.88507080078125
14,0.21666666666666623,0.53057861328125,1.191162109375,5.00537109375
13,0.20833333333333293,-0.1446533203125,0.910400390625,4.89385986328125
13,0.21666666666666623,-0.151611328125,0.89093017578125,5.014404296875
12,0.20833333333333293,0.11907958984375,1.50164794921875,4.893798828125
12,0.21666666666666623,0.12005615234375,1.5,5.01434326171875
11,0.20833333333333293,0.29217529296875,0.96856689453125,4.8985595703125
11,0.21666666666666623,0.29833984375,0.950927734375,5.019287109375
10,0.20833333333333293,-0.10101318359375,1.2000732421875,4.90374755859375
10,0.21666666666666623,-0.106689453125,1.18939208984375,5.024658203125
9,0.20833333333333293,0.2109375,1.2489013671875,4.905517578125
9,0.21666666666666623,0.21466064453125,1.2396240234375,5.02642822265625
7,0.608333333333333,-0.55487060546875,0.6832275390625,10.657470703125
7,0.61666666666666625,-0.562744140625,0.6492919921875,10.7777099609375
4,0.608333333333333,0.313232421875,0.63690185546875,10.67987060546875
4,0.61666666666666625,0.3160400390625,0.60235595703125,10.80047607421875
2,0.60601960790365039,-0.35162353515625,0,10.67108154296875
1,0.60096350342556781,0.41455078125,0,10.60247802734375
16,0.22499999999999953,0.18798828125,0.65478515625,5.1219482421875
16,0.23333333333333284,0.1907958984375,0.62786865234375,5.24212646484375
15,0.22499999999999953,-0.252685546875,1.44696044921875,5.12542724609375
15,0.23333333333333284,-0.2623291015625,1.44256591796875,5.2457275390625
14,0.22499999999999953,0.54351806640625,1.17974853515625,5.12567138671875
14,0.23333333333333284,0.55645751953125,1.167724609375,5.2459716796875
13,0.22499999999999953,-0.1585693359375,0.87078857421875,5.135009765625
13,0.23333333333333284,-0.16558837890625,0.8499755859375,5.25555419921875
12,0.22499999999999953,0.12103271484375,1.49761962890625,5.1348876953125
12,0.23333333333333284,0.1219482421875,1.49462890625,5.2554931640625
11,0.22499999999999953,0.30450439453125,0.9324951171875,5.13995361328125
11,0.23333333333333284,0.3106689453125,0.9134521484375,5.26068115234375
10,0.22499999999999953,-0.11236572265625,1.17791748046875,5.1455078125
10,0.23333333333333284,-0.1180419921875,1.16583251953125,5.266357421875
9,0.22499999999999953,0.2183837890625,1.22967529296875,5.1473388671875
9,0.23333333333333284,0.22210693359375,1.21905517578125,5.26824951171875
7,0.62499999999999956,-0.5706787109375,0.6146240234375,10.89801025390625
7,0.63333333333333286,-0.57855224609375,0.57928466796875,11.01824951171875
4,0.62499999999999956,0.31878662109375,0.56707763671875,10.9210205078125
4,0.63333333333333286,0.32159423828125,0.53125,11.04156494140625
16,0.24166666666666614,0.19366455078125,0.6002197265625,5.3623046875
16,0.24999999999999944,0.196533203125,0.57196044921875,5.48248291015625
15,0.24166666666666614,-0.27197265625,1.4373779296875,5.36602783203125
15,0.24999999999999944,-0.2816162109375,1.431640625,5.48626708984375
14,0.24166666666666614,0.5694580078125,1.15496826171875,5.36627197265625
14,0.24999999999999944,0.5823974609375,1.1416015625,5.486572265625
13,0.24166666666666614,-0.17254638671875,0.8284912109375,5.3760986328125
13,0.24999999999999944,-0.1795654296875,0.80633544921875,5.4967041015625
12,0.24166666666666614,0.1229248046875,1.49090576171875,5.37603759765625
12,0.24999999999999944,0.12384033203125,1.486572265625,5.49658203125
11,0.24166666666666614,0.3167724609375,0.8936767578125,5.38140869140625
11,0.24999999999999944,0.32293701171875,0.87335205078125,5.5020751953125
10,0.24166666666666614,-0.12371826171875,1.153076171875,5.38720703125
10,0.24999999999999944,-0.12939453125,1.1396484375,5.508056640625
9,0.24166666666666614,0.22576904296875,1.20770263671875,5.38916015625
9,0.24999999999999944,0.2294921875,1.19580078125,5.51007080078125
7,0.64166666666666616,-0.58648681640625,0.54327392578125,11.1385498046875
7,0.64999999999999947,-0.5943603515625,0.506591796875,11.2587890625
4,0.64166666666666616,0.3243408203125,0.49462890625,11.162109375
4,0.64999999999999947,0.3271484375,0.4573974609375,11.28265380859375
16,0.25833333333333275,0.19940185546875,0.54302978515625,5.60272216796875
16,0.26666666666666605,0.20220947265625,0.51336669921875,5.722900390625
15,0.25833333333333275,-0.29132080078125,1.42510986328125,5.6065673828125
15,0.26666666666666605,-0.30096435546875,1.41796875,5.72686767578125
14,0.25833333333333275,0.5953369140625,1.1275634765625,5.60687255859375
14,0.26666666666666605,0.6082763671875,1.11279296875,5.7271728515625
13,0.25833333333333275,-0.1865234375,0.78350830078125,5.61724853515625
13,0.26666666666666605,-0.1934814453125,0.760009765625,5.73779296875
12,0.25833333333333275,0.12481689453125,1.4815673828125,5.61712646484375
12,0.26666666666666605,0.125732421875,1.475830078125,5.73773193359375
11,0.25833333333333275,0.3291015625,0.85223388671875,5.622802734375
11,0.26666666666666605,0.33526611328125,0.8304443359375,5.7435302734375
10,0.25833333333333275,-0.13507080078125,1.12548828125,5.62890625
10,0.26666666666666605,-0.1407470703125,1.1107177734375,5.74981689453125
9,0.25833333333333275,0.23321533203125,1.18310546875,5.6309814453125
9,0.26666666666666605,0.2369384765625,1.1697998046875,5.75189208984375
7,0.65833333333333277,-0.602294921875,0.46923828125,11.37908935546875
7,0.66666666666666607,-0.61016845703125,0.43121337890625,11.4993896484375
4,0.65833333333333277,0.32989501953125,0.41943359375,11.4031982421875
4,0.66666666666666607,0.33270263671875,0.380859375,11.52374267578125
16,0.27499999999999936,0.205078125,0.4830322265625,5.84307861328125
16,0.28333333333333266,0.20794677734375,0.45196533203125,5.9632568359375
15,0.27499999999999936,-0.31060791015625,1.41009521484375,5.84716796875
15,0.28333333333333266,-0.32025146484375,1.4014892578125,5.96746826171875
14,0.27499999999999936,0.6212158203125,1.09735107421875,5.84747314453125
14,0.28333333333333266,0.6341552734375,1.0811767578125,5.9677734375
13,0.27499999999999936,-0.20050048828125,0.73577880859375,5.8583984375
13,0.28333333333333266,-0.20745849609375,0.71087646484375,5.97894287109375
12,0.27499999999999936,0.126708984375,1.46942138671875,5.8582763671875
12,0.28333333333333266,0.127685546875,1.4622802734375,5.97882080078125
11,0.27499999999999936,0.3414306640625,0.80804443359375,5.86419677734375
11,0.28333333333333266,0.34759521484375,0.78485107421875,5.98492431640625
10,0.27499999999999936,-0.14642333984375,1.09521484375,5.87066650390625
10,0.28333333333333266,-0.152099609375,1.07904052734375,5.99151611328125
9,0.27499999999999936,0.24066162109375,1.15576171875,5.872802734375
9,0.28333333333333266,0.244384765625,1.14105224609375,5.9937744140625
7,0.67499999999999938,-0.61810302734375,0.39239501953125,11.61962890625
7,0.68333333333333268,-0.6259765625,0.35302734375,11.73992919921875
4,0.67499999999999938,0.33544921875,0.34149169921875,11.644287109375
4,0.68333333333333268,0.3382568359375,0.30157470703125,11.76483154296875
16,0.29166666666666596,0.2108154296875,0.4202880859375,6.08343505859375
16,0.29999999999999927,0.213623046875,0.38787841796875,6.20367431640625
15,0.29166666666666596,-0.32989501953125,1.392333984375,6.0877685546875
15,0.29999999999999927,-0.33953857421875,1.38238525390625,6.20806884765625
14,0.29166666666666596,0.6470947265625,1.064453125,6.08807373046875
14,0.29999999999999927,0.6600341796875,1.04693603515625,6.2083740234375
13,0.29166666666666596,-0.2144775390625,0.685302734375,6.0994873046875
13,0.29999999999999927,-0.221435546875,0.6590576171875,6.22003173828125
12,0.29166666666666596,0.12860107421875,1.45452880859375,6.099365234375
12,0.29999999999999927,0.12957763671875,1.446044921875,6.219970703125
11,0.29166666666666596,0.353759765625,0.76104736328125,6.1055908203125
11,0.29999999999999927,0.35992431640625,0.73651123046875,6.226318359375
10,0.29166666666666596,-0.15777587890625,1.06219482421875,6.11236572265625
10,0.29999999999999927,-0.16339111328125,1.04461669921875,6.23321533203125
9,0.29166666666666596,0.24810791015625,1.12567138671875,6.11468505859375
9,0.29999999999999927,0.25177001953125,1.10955810546875,6.235595703125
7,0.691666666666666,-0.6339111328125,0.31292724609375,11.86016845703125
7,0.69999999999999929,-0.64178466796875,0.27215576171875,11.98046875
4,0.691666666666666,0.34100341796875,0.2608642578125,11.8853759765625
4,0.69999999999999929,0.34381103515625,0.219482421875,12.0059814453125
16,0.30833333333333257,0.21649169921875,0.3548583984375,6.3238525390625
16,0.31666666666666587,0.2193603515625,0.32110595703125,6.44403076171875
15,0.30833333333333257,-0.34918212890625,1.371826171875,6.32830810546875
15,0.31666666666666587,-0.35888671875,1.36053466796875,6.4486083984375
14,0.30833333333333257,0.6729736328125,1.02874755859375,6.32867431640625
14,0.31666666666666587,0.6859130859375,1.0098876953125,6.448974609375
13,0.30833333333333257,-0.2283935546875,0.63214111328125,6.34063720703125
13,0.31666666666666587,-0.23541259765625,0.6044921875,6.461181640625
12,0.30833333333333257,0.1304931640625,1.4368896484375,6.34051513671875
12,0.31666666666666587,0.1314697265625,1.42706298828125,6.4610595703125
11,0.30833333333333257,0.3660888671875,0.71136474609375,6.3470458984375
11,0.31666666666666587,0.37225341796875,0.68548583984375,6.46771240234375
10,0.30833333333333257,-0.1690673828125,1.02642822265625,6.3541259765625
10,0.31666666666666587,-0.17474365234375,1.00750732421875,6.4749755859375
9,0.30833333333333257,0.2554931640625,1.09283447265625,6.35650634765625
9,0.31666666666666587,0.25921630859375,1.07537841796875,6.4774169921875
7,0.70833333333333259,-0.64971923828125,0.230712890625,12.1007080078125
7,0.7166666666666659,-0.65765380859375,0.18853759765625,12.22100830078125
4,0.70833333333333259,0.3465576171875,0.177490234375,12.12652587890625
4,0.7166666666666659,0.349365234375,0.134765625,12.2470703125
16,0.32499999999999918,0.22216796875,0.28668212890625,6.564208984375
16,0.33333333333333248,0.22503662109375,0.2515869140625,6.6844482421875
15,0.32499999999999918,-0.3685302734375,1.3486328125,6.56890869140625
15,0.33333333333333248,-0.378173828125,1.33599853515625,6.689208984375
14,0.32499999999999918,0.6988525390625,0.9903564453125,6.56927490234375
14,0.33333333333333248,0.7117919921875,0.97021484375,6.6895751953125
13,0.32499999999999918,-0.24237060546875,0.57623291015625,6.58172607421875
13,0.33333333333333248,-0.2493896484375,0.5472412109375,6.70233154296875
12,0.32499999999999918,0.1324462890625,1.41656494140625,6.5816650390625
12,0.33333333333333248,0.13336181640625,1.4053955078125,6.70220947265625
11,0.32499999999999918,0.37835693359375,0.658935546875,6.58843994140625
11,0.33333333333333248,0.384521484375,0.63177490234375,6.70916748046875
10,0.32499999999999918,-0.180419921875,0.9879150390625,6.5958251953125
10,0.33333333333333248,-0.18609619140625,0.96771240234375,6.7166748046875
9,0.32499999999999918,0.262939453125,1.05731201171875,6.59832763671875
9,0.33333333333333248,0.26666259765625,1.03851318359375,6.71923828125
7,0.7249999999999992,-0.66552734375,0.145751953125,12.34130859375
7,0.7333333333333325,-0.6734619140625,0.10223388671875,12.4615478515625
4,0.7249999999999992,0.3521728515625,0.0914306640625,12.36761474609375
4,0.7333333333333325,0.35491943359375,0.04730224609375,12.4881591796875
16,0.34166666666666579,0.2279052734375,0.2158203125,6.80462646484375
16,0.34999999999999909,0.23077392578125,0.17938232421875,6.9248046875
15,0.34166666666666579,-0.3878173828125,1.32275390625,6.80950927734375
15,0.34999999999999909,-0.3974609375,1.3087158203125,6.9298095703125
14,0.34166666666666579,0.7247314453125,0.9493408203125,6.80987548828125
14,0.34999999999999909,0.7376708984375,0.927734375,6.93017578125
13,0.34166666666666579,-0.25634765625,0.51763916015625,6.8228759765625
13,0.34999999999999909,-0.2633056640625,0.4873046875,6.94342041015625
12,0.34166666666666579,0.13433837890625,1.3935546875,6.82275390625
12,0.34999999999999909,0.13525390625,1.3809814453125,6.94329833984375
11,0.34166666666666579,0.39068603515625,0.6038818359375,6.829833984375
11,0.34999999999999909,0.3968505859375,0.57525634765625,6.9505615234375
10,0.34166666666666579,-0.1917724609375,0.94677734375,6.8375244140625
10,0.34999999999999909,-0.19744873046875,0.9251708984375,6.95843505859375
9,0.34166666666666579,0.2703857421875,1.01910400390625,6.84014892578125
9,0.34999999999999909,0.27410888671875,0.9989013671875,6.9610595703125
7,0.74166666666666581,-0.68133544921875,0.05810546875,12.58184814453125
7,0.7478140592970951,-0.68719482421875,0,12.6705322265625
4,0.73749089258253442,0.3563232421875,0,12.54827880859375
16,0.35833333333333239,0.23358154296875,0.1422119140625,7.04498291015625
16,0.3666666666666657,0.2364501953125,0.10443115234375,7.16522216796875
15,0.35833333333333239,-0.4071044921875,1.2940673828125,7.05010986328125
15,0.3666666666666657,-0.416748046875,1.27874755859375,7.17034912109375
14,0.35833333333333239,0.7506103515625,0.90545654296875,7.05047607421875
14,0.3666666666666657,0.7635498046875,0.88262939453125,7.1707763671875
13,0.35833333333333239,-0.27032470703125,0.45623779296875,7.06402587890625
13,0.3666666666666657,-0.27728271484375,0.42462158203125,7.1845703125
12,0.35833333333333239,0.13623046875,1.36773681640625,7.06390380859375
12,0.3666666666666657,0.13720703125,1.3538818359375,7.1844482421875
11,0.35833333333333239,0.40301513671875,0.54595947265625,7.07122802734375
11,0.3666666666666657,0.4091796875,0.51611328125,7.19195556640625
10,0.35833333333333239,-0.203125,0.90283203125,7.07928466796875
10,0.3666666666666657,-0.20880126953125,0.8798828125,7.20013427734375
9,0.35833333333333239,0.27777099609375,0.97802734375,7.08197021484375
9,0.3666666666666657,0.281494140625,0.95660400390625,7.202880859375
16,0.374999999999999,0.23931884765625,0.06591796875,7.285400390625
16,0.3833333333333323,0.2421875,0.0267333984375,7.40557861328125
15,0.374999999999999,-0.4263916015625,1.26275634765625,7.2906494140625
15,0.3833333333333323,-0.43609619140625,1.24603271484375,7.41094970703125
14,0.374999999999999,0.7764892578125,0.8590087890625,7.29107666015625
14,0.3833333333333323,0.7894287109375,0.834716796875,7.411376953125
13,0.374999999999999,-0.2843017578125,0.3922119140625,7.30511474609375
13,0.3833333333333323,-0.291259765625,0.35919189453125,7.42572021484375
12,0.374999999999999,0.13812255859375,1.33929443359375,7.30499267578125
12,0.3833333333333323,0.13909912109375,1.32403564453125,7.425537109375
11,0.374999999999999,0.41534423828125,0.4854736328125,7.31268310546875
11,0.3833333333333323,0.4215087890625,0.45416259765625,7.433349609375
10,0.374999999999999,-0.2144775390625,0.85626220703125,7.32098388671875
10,0.3833333333333323,-0.22015380859375,0.8319091796875,7.44183349609375
9,0.374999999999999,0.28521728515625,0.93438720703125,7.32379150390625
9,0.3833333333333323,0.2889404296875,0.91156005859375,7.4447021484375
17,0,0.08746337890625,1.25909423828125,0.88604736328125
18,0,0.08746337890625,1.25909423828125,0.88604736328125
19,0,0.08746337890625,1.25909423828125,0.88604736328125
20,0,0.08746337890625,1.25909423828125,0.88604736328125
21,0,0.08746337890625,1.25909423828125,0.88604736328125
22,0,0.08746337890625,1.25909423828125,0.88604736328125
23,0,0.08746337890625,1.25909423828125,0.88604736328125
24,0,0.08746337890625,1.25909423828125,0.88604736328125
16,0.38369266029182253,0.2423095703125,0,7.4107666015625
15,0.39166666666666561,-0.44573974609375,1.22857666015625,7.53125
15,0.39999999999999891,-0.45538330078125,1.2105712890625,7.65155029296875
14,0.39166666666666561,0.8023681640625,0.8096923828125,7.53167724609375
14,0.39999999999999891,0.8153076171875,0.7840576171875,7.6519775390625
13,0.39166666666666561,-0.2982177734375,0.32537841796875,7.5462646484375
13,0.39999999999999891,-0.30523681640625,0.291015625,7.66680908203125
12,0.39166666666666561,0.1400146484375,1.30804443359375,7.546142578125
12,0.39999999999999891,0.1409912109375,1.29144287109375,7.66668701171875
11,0.39166666666666561,0.42767333984375,0.42218017578125,7.5540771484375
11,0.39999999999999891,0.43377685546875,0.3895263671875,7.6748046875
10,0.39166666666666561,-0.22576904296875,0.80682373046875,7.562744140625
10,0.39999999999999891,-0.2314453125,0.78118896484375,7.68359375
9,0.39166666666666561,0.29266357421875,0.887939453125,7.56561279296875
9,0.39999999999999891,0.29638671875,0.86376953125,7.6865234375
24,0.0083333333333333037,0.100341796875,1.24163818359375,1.068115234375
24,0.016666666666666607,0.11328125,1.2242431640625,1.2501220703125
23,0.0083333333333333037,0.06903076171875,1.26483154296875,1.068359375
23,0.016666666666666607,0.050537109375,1.2705078125,1.25067138671875
22,0.0083333333333333037,0.10491943359375,1.2685546875,1.06829833984375
22,0.016666666666666607,0.12237548828125,1.2779541015625,1.25054931640625
21,0.0083333333333333037,0.08294677734375,1.24395751953125,1.0687255859375
21,0.016666666666666607,0.07843017578125,1.228759765625,1.2513427734375
20,0.0083333333333333037,0.08270263671875,1.2734375,1.06878662109375
20,0.016666666666666607,0.0780029296875,1.28778076171875,1.25146484375
19,0.0083333333333333037,0.0999755859375,1.25457763671875,1.06890869140625
19,0.016666666666666607,0.11248779296875,1.2501220703125,1.25177001953125
18,0.0083333333333333037,0.07928466796875,1.25677490234375,1.0692138671875
18,0.016666666666666607,0.07110595703125,1.25445556640625,1.2523193359375
17,0.0083333333333333037,0.09130859375,1.26470947265625,1.06927490234375
17,0.016666666666666607,0.09515380859375,1.27032470703125,1.25244140625
15,0.40833333333333222,-0.46502685546875,1.1917724609375,7.7718505859375
15,0.41666666666666552,-0.47467041015625,1.17242431640625,7.89215087890625
14,0.40833333333333222,0.8282470703125,0.75775146484375,7.77227783203125
14,0.41666666666666552,0.8411865234375,0.73077392578125,7.892578125
13,0.40833333333333222,-0.31219482421875,0.25592041015625,7.78741455078125
13,0.41666666666666552,-0.31915283203125,0.22015380859375,7.907958984375
12,0.40833333333333222,0.1419677734375,1.27410888671875,7.7872314453125
12,0.41666666666666552,0.14288330078125,1.25616455078125,7.90777587890625
11,0.40833333333333222,0.43994140625,0.35614013671875,7.79547119140625
11,0.41666666666666552,0.44610595703125,0.3221435546875,7.91619873046875
10,0.40833333333333222,-0.23712158203125,0.7547607421875,7.804443359375
10,0.41666666666666552,-0.2427978515625,0.727783203125,7.92529296875
9,0.40833333333333222,0.30010986328125,0.83880615234375,7.80743408203125
9,0.41666666666666552,0.30377197265625,0.813232421875,7.9283447265625
24,0.024999999999999911,0.12615966796875,1.206787109375,1.43218994140625
24,0.033333333333333215,0.1390380859375,1.18939208984375,1.6142578125
23,0.024999999999999911,0.0321044921875,1.2762451171875,1.4329833984375
23,0.033333333333333215,0.01361083984375,1.281982421875,1.61529541015625
22,0.024999999999999911,0.13983154296875,1.28741455078125,1.43280029296875
22,0.033333333333333215,0.15728759765625,1.296875,1.61505126953125
21,0.024999999999999911,0.07391357421875,1.213623046875,1.43402099609375
21,0.033333333333333215,0.06939697265625,1.198486328125,1.61663818359375
20,0.024999999999999911,0.0732421875,1.30218505859375,1.4342041015625
20,0.033333333333333215,0.0684814453125,1.3165283203125,1.61688232421875
19,0.024999999999999911,0.125,1.24560546875,1.4345703125
19,0.033333333333333215,0.13751220703125,1.24114990234375,1.617431640625
18,0.024999999999999911,0.06292724609375,1.25213623046875,1.43548583984375
18,0.033333333333333215,0.05474853515625,1.24981689453125,1.61859130859375
17,0.024999999999999911,0.0989990234375,1.27587890625,1.4356689453125
17,0.033333333333333215,0.10284423828125,1.281494140625,1.618896484375
15,0.42499999999999882,-0.48431396484375,1.15228271484375,8.012451171875
15,0.43333333333333213,-0.49395751953125,1.13153076171875,8.1326904296875
14,0.42499999999999882,0.8541259765625,0.70306396484375,8.01287841796875
14,0.43333333333333213,0.8670654296875,0.6746826171875,8.1331787109375
13,0.42499999999999882,-0.326171875,0.1837158203125,8.02850341796875
13,0.43333333333333213,-0.3331298828125,0.14654541015625,8.1490478515625
12,0.42499999999999882,0.14385986328125,1.23748779296875,8.02838134765625
12,0.43333333333333213,0.144775390625,1.2181396484375,8.14892578125
11,0.42499999999999882,0.4522705078125,0.2874755859375,8.036865234375
11,0.43333333333333213,0.45843505859375,0.2520751953125,8.1575927734375
10,0.42499999999999882,-0.24847412109375,0.70001220703125,8.046142578125
10,0.43333333333333213,-0.254150390625,0.67156982421875,8.16705322265625
9,0.42499999999999882,0.3074951171875,0.7869873046875,8.04925537109375
9,0.43333333333333213,0.31121826171875,0.760009765625,8.170166015625
24,0.041666666666666519,0.15191650390625,1.17193603515625,1.7962646484375
24,0.049999999999999822,0.16485595703125,1.154541015625,1.97833251953125
23,0.041666666666666519,-0.00482177734375,1.28765869140625,1.797607421875
23,0.049999999999999822,-0.0233154296875,1.29339599609375,1.97991943359375
22,0.041666666666666519,0.17474365234375,1.30633544921875,1.79730224609375
22,0.049999999999999822,0.19219970703125,1.31573486328125,1.97955322265625
21,0.041666666666666519,0.06488037109375,1.183349609375,1.79931640625
21,0.049999999999999822,0.0604248046875,1.16815185546875,1.98193359375
20,0.041666666666666519,0.06378173828125,1.33087158203125,1.79962158203125
20,0.049999999999999822,0.05902099609375,1.34521484375,1.9822998046875
19,0.041666666666666519,0.1500244140625,1.23663330078125,1.80029296875
19,0.049999999999999822,0.16253662109375,1.232177734375,1.983154296875
18,0.041666666666666519,0.04656982421875,1.24749755859375,1.8017578125
18,0.049999999999999822,0.0384521484375,1.2452392578125,1.98486328125
17,0.041666666666666519,0.106689453125,1.287109375,1.80206298828125
17,0.049999999999999822,0.11053466796875,1.292724609375,1.98529052734375
15,0.44166666666666543,-0.503662109375,1.1099853515625,8.25299072265625
15,0.44999999999999873,-0.5133056640625,1.087890625,8.373291015625
14,0.44166666666666543,0.8800048828125,0.6456298828125,8.25347900390625
14,0.44999999999999873,0.8929443359375,0.61590576171875,8.373779296875
13,0.44166666666666543,-0.34014892578125,0.10870361328125,8.2696533203125
13,0.44999999999999873,-0.34710693359375,0.07025146484375,8.39019775390625
12,0.44166666666666543,0.145751953125,1.19805908203125,8.26947021484375
12,0.44999999999999873,0.146728515625,1.1773681640625,8.39007568359375
11,0.44166666666666543,0.464599609375,0.2159423828125,8.2783203125
11,0.44999999999999873,0.47076416015625,0.17926025390625,8.39898681640625
10,0.44166666666666543,-0.25982666015625,0.6424560546875,8.28790283203125
10,0.44999999999999873,-0.2655029296875,0.6126708984375,8.40875244140625
9,0.44166666666666543,0.31494140625,0.73236083984375,8.2911376953125
9,0.44999999999999873,0.31866455078125,0.70404052734375,8.41204833984375
24,0.058333333333333126,0.177734375,1.1370849609375,2.160400390625
24,0.06666666666666643,0.19061279296875,1.11962890625,2.3424072265625
23,0.058333333333333126,-0.041748046875,1.29913330078125,2.1622314453125
23,0.06666666666666643,-0.0601806640625,1.3048095703125,2.34454345703125
22,0.058333333333333126,0.20965576171875,1.3251953125,2.161865234375
22,0.06666666666666643,0.22711181640625,1.33465576171875,2.3441162109375
21,0.058333333333333126,0.055908203125,1.15301513671875,2.16461181640625
21,0.06666666666666643,0.0513916015625,1.13787841796875,2.34722900390625
20,0.058333333333333126,0.0543212890625,1.35955810546875,2.1650390625
20,0.06666666666666643,0.049560546875,1.37396240234375,2.34771728515625
19,0.058333333333333126,0.175048828125,1.2276611328125,2.166015625
19,0.06666666666666643,0.18756103515625,1.22320556640625,2.348876953125
18,0.058333333333333126,0.0302734375,1.242919921875,2.16802978515625
18,0.06666666666666643,0.0220947265625,1.2406005859375,2.35113525390625
17,0.058333333333333126,0.1143798828125,1.29833984375,2.16851806640625
17,0.06666666666666643,0.11822509765625,1.30389404296875,2.3516845703125
15,0.45833333333333204,-0.52294921875,1.0650634765625,8.49359130859375
15,0.46666666666666534,-0.5325927734375,1.04156494140625,8.6138916015625
14,0.45833333333333204,0.9058837890625,0.58551025390625,8.49407958984375
14,0.46666666666666534,0.9188232421875,0.55438232421875,8.6143798828125
13,0.45833333333333204,-0.35406494140625,0.03106689453125,8.5107421875
13,0.45959928502009545,-0.3551025390625,0,8.529052734375
12,0.45833333333333204,0.14764404296875,1.156005859375,8.5106201171875
12,0.46666666666666534,0.14862060546875,1.1339111328125,8.63116455078125
11,0.45833333333333204,0.4769287109375,0.141845703125,8.51971435546875
11,0.46666666666666534,0.48309326171875,0.10369873046875,8.64044189453125
10,0.45833333333333204,-0.27117919921875,0.58221435546875,8.52960205078125
10,0.46666666666666534,-0.27685546875,0.55108642578125,8.65045166015625
9,0.45833333333333204,0.3223876953125,0.67510986328125,8.532958984375
9,0.46666666666666534,0.32611083984375,0.6453857421875,8.65386962890625
24,0.074999999999999734,0.203369140625,1.10205078125,2.52252197265625
24,0.083333333333333037,0.21588134765625,1.08416748046875,2.69879150390625
23,0.074999999999999734,-0.0784912109375,1.31011962890625,2.52490234375
23,0.083333333333333037,-0.0963134765625,1.31463623046875,2.701416015625
22,0.074999999999999734,0.244384765625,1.3436279296875,2.5244140625
22,0.083333333333333037,0.26129150390625,1.351806640625,2.70086669921875
21,0.074999999999999734,0.04693603515625,1.12249755859375,2.5279541015625
21,0.083333333333333037,0.04254150390625,1.10687255859375,2.70477294921875
20,0.074999999999999734,0.04486083984375,1.38775634765625,2.52850341796875
20,0.083333333333333037,0.040283203125,1.40069580078125,2.70538330078125
19,0.074999999999999734,0.19989013671875,1.2183837890625,2.52978515625
19,0.083333333333333037,0.2120361328125,1.21307373046875,2.706787109375
18,0.074999999999999734,0.01397705078125,1.2379150390625,2.5323486328125
18,0.083333333333333037,0.006103515625,1.23468017578125,2.70965576171875
17,0.074999999999999734,0.1220703125,1.30908203125,2.532958984375
17,0.083333333333333037,0.12579345703125,1.31353759765625,2.7103271484375
15,0.47499999999999865,-0.542236328125,1.017333984375,8.73419189453125
15,0.48333333333333195,-0.5518798828125,0.99249267578125,8.8544921875
14,0.47499999999999865,0.9317626953125,0.5225830078125,8.73468017578125
14,0.48333333333333195,0.9447021484375,0.49017333984375,8.85498046875
12,0.47499999999999865,0.1495361328125,1.11114501953125,8.751708984375
12,0.48333333333333195,0.1505126953125,1.08770751953125,8.872314453125
11,0.47499999999999865,0.4892578125,0.06488037109375,8.7611083984375
11,0.48333333333333195,0.495361328125,0.02545166015625,8.8818359375
10,0.47499999999999865,-0.28253173828125,0.51922607421875,8.77130126953125
10,0.48333333333333195,-0.28814697265625,0.48675537109375,8.8922119140625
9,0.47499999999999865,0.32977294921875,0.614990234375,8.7747802734375
9,0.48333333333333195,0.33349609375,0.583984375,8.89569091796875
24,0.091666666666666341,0.22808837890625,1.06597900390625,2.87115478515625
24,0.099999999999999645,0.24005126953125,1.0474853515625,3.0396728515625
23,0.091666666666666341,-0.11383056640625,1.318359375,2.8740234375
23,0.099999999999999645,-0.13092041015625,1.3212890625,3.04278564453125
22,0.091666666666666341,0.27783203125,1.3590087890625,2.8734130859375
22,0.099999999999999645,0.29400634765625,1.36541748046875,3.0421142578125
21,0.091666666666666341,0.03826904296875,1.0908203125,2.87774658203125
21,0.099999999999999645,0.03411865234375,1.07440185546875,3.04681396484375
20,0.091666666666666341,0.0357666015625,1.41259765625,2.87835693359375
20,0.099999999999999645,0.03143310546875,1.4234619140625,3.0474853515625
19,0.091666666666666341,0.223876953125,1.20709228515625,2.87994384765625
19,0.099999999999999645,0.2354736328125,1.2005615234375,3.0491943359375
18,0.091666666666666341,-0.00164794921875,1.2308349609375,2.883056640625
18,0.099999999999999645,-0.00921630859375,1.22625732421875,3.05255126953125
17,0.091666666666666341,0.12939453125,1.317138671875,2.8837890625
17,0.099999999999999645,0.13299560546875,1.3199462890625,3.05340576171875
15,0.49166666666666525,-0.5615234375,0.9669189453125,8.9747314453125
15,0.49999999999999856,-0.5711669921875,0.940673828125,9.09503173828125
14,0.49166666666666525,0.9576416015625,0.45703125,8.97528076171875
14,0.49999999999999856,0.9705810546875,0.4232177734375,9.0955810546875
12,0.49166666666666525,0.15142822265625,1.0635986328125,8.99285888671875
12,0.49999999999999856,0.15240478515625,1.038818359375,9.1134033203125
11,0.48342451851507756,0.49542236328125,0,8.8831787109375
10,0.49166666666666525,-0.2938232421875,0.45355224609375,9.0130615234375
10,0.49999999999999856,-0.29949951171875,0.419677734375,9.1339111328125
9,0.49166666666666525,0.33721923828125,0.55224609375,9.0166015625
9,0.49999999999999856,0.3409423828125,0.5198974609375,9.13751220703125
24,0.10833333333333295,0.251708984375,1.02862548828125,3.20428466796875
24,0.11666666666666625,0.2630615234375,1.00946044921875,3.36505126953125
23,0.10833333333333295,-0.1475830078125,1.32342529296875,3.20770263671875
23,0.11666666666666625,-0.16387939453125,1.32464599609375,3.36871337890625
22,0.10833333333333295,0.30975341796875,1.37091064453125,3.20697021484375
22,0.11666666666666625,0.3251953125,1.37542724609375,3.367919921875
21,0.10833333333333295,0.030029296875,1.0576171875,3.21197509765625
21,0.11666666666666625,0.02606201171875,1.04046630859375,3.373291015625
20,0.10833333333333295,0.027099609375,1.43341064453125,3.21270751953125
20,0.11666666666666625,0.02294921875,1.44232177734375,3.37408447265625
19,0.10833333333333295,0.24676513671875,1.19342041015625,3.21453857421875
19,0.11666666666666625,0.2578125,1.1856689453125,3.37603759765625
18,0.10833333333333295,-0.0166015625,1.22113037109375,3.21820068359375
18,0.11666666666666625,-0.02386474609375,1.21533203125,3.3798828125
17,0.10833333333333295,0.136474609375,1.32196044921875,3.21905517578125
17,0.11666666666666625,0.13983154296875,1.3231201171875,3.380859375
15,0.50833333333333186,-0.58087158203125,0.913818359375,9.21533203125
15,0.51666666666666516,-0.59051513671875,0.88616943359375,9.33563232421875
14,0.50833333333333186,0.9835205078125,0.38873291015625,9.21588134765625
14,0.51666666666666516,0.99652099609375,0.35357666015625,9.336181640625
12,0.50833333333333186,0.15338134765625,1.01336669921875,9.23394775390625
12,0.51666666666666516,0.154296875,0.9871826171875,9.35455322265625
10,0.50833333333333186,-0.30517578125,0.38519287109375,9.2547607421875
10,0.51666666666666516,-0.31085205078125,0.34991455078125,9.3756103515625
9,0.50833333333333186,0.34466552734375,0.48681640625,9.2584228515625
9,0.51666666666666516,0.348388671875,0.4530029296875,9.37933349609375
24,0.12499999999999956,0.274169921875,0.99005126953125,3.52197265625
24,0.13333333333333286,0.2850341796875,0.97027587890625,3.67498779296875
23,0.12499999999999956,-0.1798095703125,1.3251953125,3.52581787109375
23,0.13333333333333286,-0.1953125,1.32489013671875,3.6790771484375
22,0.12499999999999956,0.3402099609375,1.37921142578125,3.5250244140625
22,0.13333333333333286,0.35491943359375,1.38201904296875,3.67822265625
21,0.12499999999999956,0.02215576171875,1.02301025390625,3.53070068359375
21,0.13333333333333286,0.01837158203125,1.005126953125,3.68426513671875
20,0.12499999999999956,0.01885986328125,1.45025634765625,3.53155517578125
20,0.13333333333333286,0.014892578125,1.45721435546875,3.68511962890625
19,0.12499999999999956,0.26861572265625,1.17742919921875,3.53363037109375
19,0.13333333333333286,0.27911376953125,1.16851806640625,3.68731689453125
18,0.12499999999999956,-0.0308837890625,1.20892333984375,3.5377197265625
18,0.13333333333333286,-0.03778076171875,1.20184326171875,3.69171142578125
17,0.12499999999999956,0.1431884765625,1.32354736328125,3.53875732421875
17,0.13333333333333286,0.14642333984375,1.3231201171875,3.69281005859375
15,0.52499999999999847,-0.60015869140625,0.85791015625,9.4559326171875
15,0.53333333333333177,-0.60980224609375,0.82891845703125,9.57623291015625
14,0.52499999999999847,1.00946044921875,0.31768798828125,9.45648193359375
14,0.53333333333333177,1.02239990234375,0.2811279296875,9.5767822265625
12,0.52499999999999847,0.1552734375,0.9603271484375,9.47509765625
12,0.53333333333333177,0.15618896484375,0.93280029296875,9.59564208984375
10,0.52499999999999847,-0.3165283203125,0.31396484375,9.49652099609375
10,0.53333333333333177,-0.32220458984375,0.27740478515625,9.61737060546875
9,0.52499999999999847,0.35211181640625,0.4185791015625,9.500244140625
9,0.53333333333333177,0.35577392578125,0.3834228515625,9.62115478515625
24,0.14166666666666616,0.29559326171875,0.9501953125,3.82415771484375
24,0.14999999999999947,0.305908203125,0.9298095703125,3.969482421875
23,0.14166666666666616,-0.21044921875,1.32373046875,3.82843017578125
23,0.14999999999999947,-0.22515869140625,1.32183837890625,3.97393798828125
22,0.14166666666666616,0.36920166015625,1.3839111328125,3.8275146484375
22,0.14999999999999947,0.38311767578125,1.385009765625,3.9730224609375
21,0.14166666666666616,0.0146484375,0.9869384765625,3.83392333984375
21,0.14999999999999947,0.01104736328125,0.9683837890625,3.97967529296875
20,0.14166666666666616,0.010986328125,1.46319580078125,3.8348388671875
20,0.14999999999999947,0.0072021484375,1.46820068359375,3.98065185546875
19,0.14166666666666616,0.28936767578125,1.1590576171875,3.837158203125
19,0.14999999999999947,0.29931640625,1.14898681640625,3.98309326171875
18,0.14166666666666616,-0.04443359375,1.19415283203125,3.84173583984375
18,0.14999999999999947,-0.05096435546875,1.18585205078125,3.9879150390625
17,0.14166666666666616,0.1495361328125,1.3218994140625,3.8428955078125
17,0.14999999999999947,0.152587890625,1.3199462890625,3.9891357421875
15,0.54166666666666508,-0.61944580078125,0.79931640625,9.696533203125
15,0.54999999999999838,-0.62908935546875,0.76898193359375,9.8167724609375
14,0.54166666666666508,1.03533935546875,0.243896484375,9.69708251953125
14,0.54999999999999838,1.04827880859375,0.20599365234375,9.8173828125
12,0.54166666666666508,0.15716552734375,0.90460205078125,9.71624755859375
12,0.54999999999999838,0.15814208984375,0.875732421875,9.8367919921875
10,0.54166666666666508,-0.327880859375,0.2401123046875,9.73822021484375
10,0.54999999999999838,-0.33355712890625,0.20220947265625,9.85906982421875
9,0.54166666666666508,0.3594970703125,0.34765625,9.7420654296875
9,0.54999999999999838,0.36322021484375,0.3111572265625,9.86297607421875
24,0.15833333333333277,0.31591796875,0.90911865234375,4.11090087890625
24,0.16666666666666607,0.32568359375,0.88818359375,4.24847412109375
23,0.15833333333333277,-0.239501953125,1.31915283203125,4.1156005859375
23,0.16666666666666607,-0.25347900390625,1.315673828125,4.25335693359375
22,0.15833333333333277,0.396728515625,1.38519287109375,4.1146240234375
22,0.16666666666666607,0.409912109375,1.384521484375,4.2523193359375
21,0.15833333333333277,0.007568359375,0.949462890625,4.12158203125
21,0.16666666666666607,0.004150390625,0.93017578125,4.25958251953125
20,0.15833333333333277,0.0035400390625,1.47216796875,4.12261962890625
20,0.16666666666666607,-6.103515625E-05,1.4752197265625,4.26068115234375
19,0.15833333333333277,0.30908203125,1.13836669921875,4.1251220703125
19,0.16666666666666607,0.31854248046875,1.12713623046875,4.2633056640625
18,0.15833333333333277,-0.05731201171875,1.1768798828125,4.13018798828125
18,0.16666666666666607,-0.0634765625,1.1673583984375,4.2685546875
17,0.15833333333333277,0.15557861328125,1.317138671875,4.1314697265625
17,0.16666666666666607,0.15850830078125,1.31353759765625,4.2698974609375
15,0.55833333333333168,-0.63873291015625,0.738037109375,9.93707275390625
15,0.566666666666665,-0.6484375,0.70635986328125,10.057373046875
14,0.55833333333333168,1.06121826171875,0.16748046875,9.93768310546875
14,0.566666666666665,1.07415771484375,0.12823486328125,10.0579833984375
12,0.55833333333333168,0.1590576171875,0.84619140625,9.95733642578125
12,0.566666666666665,0.1600341796875,0.81597900390625,10.077880859375
10,0.55833333333333168,-0.3392333984375,0.16357421875,9.97991943359375
10,0.566666666666665,-0.34490966796875,0.124267578125,10.100830078125
9,0.55833333333333168,0.366943359375,0.2740478515625,9.98388671875
9,0.566666666666665,0.37066650390625,0.2362060546875,10.10479736328125
24,0.17499999999999938,0.33514404296875,0.86688232421875,4.38214111328125
24,0.18333333333333268,0.3443603515625,0.84521484375,4.511962890625
23,0.17499999999999938,-0.26702880859375,1.31134033203125,4.38726806640625
23,0.18333333333333268,-0.2801513671875,1.30621337890625,4.51727294921875
22,0.17499999999999938,0.4227294921875,1.38299560546875,4.38616943359375
22,0.18333333333333268,0.4351806640625,1.3804931640625,4.51611328125
21,0.17499999999999938,0.0008544921875,0.91058349609375,4.39373779296875
21,0.18333333333333268,-0.00238037109375,0.89056396484375,4.52398681640625
20,0.17499999999999938,-0.0035400390625,1.477294921875,4.39483642578125
20,0.18333333333333268,-0.00689697265625,1.478271484375,4.525146484375
19,0.17499999999999938,0.32769775390625,1.1153564453125,4.3975830078125
19,0.18333333333333268,0.33660888671875,1.10296630859375,4.5279541015625
18,0.17499999999999938,-0.06951904296875,1.15716552734375,4.403076171875
18,0.18333333333333268,-0.0753173828125,1.14630126953125,4.53369140625
17,0.17499999999999938,0.16131591796875,1.3092041015625,4.4044189453125
17,0.18333333333333268,0.1640625,1.303955078125,4.53509521484375
15,0.57499999999999829,-0.6580810546875,0.67401123046875,10.17767333984375
15,0.58333333333333159,-0.667724609375,0.64093017578125,10.2979736328125
14,0.57499999999999829,1.08709716796875,0.0882568359375,10.17828369140625
14,0.58333333333333159,1.10003662109375,0.047607421875,10.298583984375
12,0.57499999999999829,0.16094970703125,0.7850341796875,10.198486328125
12,0.58333333333333159,0.16192626953125,0.75341796875,10.31903076171875
10,0.57499999999999829,-0.35052490234375,0.08428955078125,10.2216796875
10,0.58333333333333159,-0.356201171875,0.0435791015625,10.342529296875
9,0.57499999999999829,0.3743896484375,0.1976318359375,10.2257080078125
9,0.58333333333333159,0.37811279296875,0.158447265625,10.34661865234375
24,0.19166666666666599,0.353271484375,0.8233642578125,4.637939453125
24,0.19999999999999929,0.36187744140625,0.80108642578125,4.760009765625
23,0.19166666666666599,-0.29296875,1.30035400390625,4.64337158203125
23,0.19999999999999929,-0.3052978515625,1.29364013671875,4.765625
22,0.19166666666666599,0.447265625,1.377197265625,4.6422119140625
22,0.19999999999999929,0.45892333984375,1.37298583984375,4.76446533203125
21,0.19166666666666599,-0.0054931640625,0.8702392578125,4.65032958984375
21,0.19999999999999929,-0.008544921875,0.84954833984375,4.7728271484375
20,0.19166666666666599,-0.01019287109375,1.4783935546875,4.65155029296875
20,0.19999999999999929,-0.01336669921875,1.47747802734375,4.77410888671875
19,0.19166666666666599,0.34527587890625,1.09002685546875,4.65447998046875
19,0.19999999999999929,0.3536376953125,1.07647705078125,4.777099609375
18,0.19166666666666599,-0.08099365234375,1.1348876953125,4.660400390625
18,0.19999999999999929,-0.08648681640625,1.12274169921875,4.783203125
17,0.19166666666666599,0.166748046875,1.29803466796875,4.661865234375
17,0.19999999999999929,0.1693115234375,1.29119873046875,4.78472900390625
15,0.5916666666666649,-0.6773681640625,0.60723876953125,10.41827392578125
15,0.5999999999999982,-0.68701171875,0.57281494140625,10.53857421875
14,0.58789694256311653,1.10711669921875,0,10.36444091796875
12,0.5916666666666649,0.16290283203125,0.72113037109375,10.4395751953125
12,0.5999999999999982,0.163818359375,0.68817138671875,10.56011962890625
10,0.587072271132897,-0.3587646484375,0,10.396728515625
9,0.5916666666666649,0.38177490234375,0.1185302734375,10.467529296875
9,0.5999999999999982,0.385498046875,0.0780029296875,10.5885009765625
24,0.20833333333333259,0.37042236328125,0.77838134765625,4.880126953125
24,0.2166666666666659,0.37890625,0.75494384765625,5.00030517578125
23,0.20833333333333259,-0.3175048828125,1.28619384765625,4.885986328125
23,0.2166666666666659,-0.3297119140625,1.27801513671875,5.00628662109375
22,0.20833333333333259,0.470458984375,1.36798095703125,4.884765625
22,0.2166666666666659,0.48199462890625,1.3623046875,5.0050048828125
21,0.20833333333333259,-0.011474609375,0.82830810546875,4.89337158203125
21,0.2166666666666659,-0.01446533203125,0.806396484375,5.013916015625
20,0.20833333333333259,-0.0164794921875,1.4757080078125,4.8946533203125
20,0.2166666666666659,-0.0196533203125,1.4732666015625,5.0152587890625
19,0.20833333333333259,0.3619384765625,1.062255859375,4.8978271484375
19,0.2166666666666659,0.37017822265625,1.04742431640625,5.01849365234375
18,0.20833333333333259,-0.09185791015625,1.1099853515625,4.904052734375
18,0.2166666666666659,-0.09722900390625,1.0965576171875,5.02490234375
17,0.20833333333333259,0.171875,1.28369140625,4.9056396484375
17,0.2166666666666659,0.17437744140625,1.27545166015625,5.02655029296875
15,0.60833333333333151,-0.6966552734375,0.5377197265625,10.6588134765625
15,0.61666666666666481,-0.706298828125,0.50201416015625,10.77911376953125
12,0.60833333333333151,0.164794921875,0.654541015625,10.68072509765625
12,0.61666666666666481,0.16571044921875,0.6202392578125,10.80126953125
9,0.60833333333333151,0.38922119140625,0.0367431640625,10.70941162109375
9,0.610668124149815,0.3902587890625,0,10.7432861328125
24,0.2249999999999992,0.387451171875,0.7308349609375,5.1204833984375
24,0.2333333333333325,0.39593505859375,0.7060546875,5.2406005859375
23,0.2249999999999992,-0.34185791015625,1.2691650390625,5.12664794921875
23,0.2333333333333325,-0.35406494140625,1.25970458984375,5.2469482421875
22,0.2249999999999992,0.4935302734375,1.35589599609375,5.12530517578125
22,0.2333333333333325,0.50506591796875,1.348876953125,5.24560546875
21,0.2249999999999992,-0.0174560546875,0.78375244140625,5.134521484375
21,0.2333333333333325,-0.02044677734375,0.760498046875,5.25506591796875
20,0.2249999999999992,-0.02276611328125,1.47015380859375,5.1358642578125
20,0.2333333333333325,-0.02587890625,1.46636962890625,5.2564697265625
19,0.2249999999999992,0.37841796875,1.03179931640625,5.13916015625
19,0.2333333333333325,0.38671875,1.015625,5.25982666015625
18,0.2249999999999992,-0.1026611328125,1.0823974609375,5.14581298828125
18,0.2333333333333325,-0.1080322265625,1.067626953125,5.26666259765625
17,0.2249999999999992,0.17694091796875,1.26654052734375,5.1474609375
17,0.2333333333333325,0.17950439453125,1.25701904296875,5.26837158203125
15,0.62499999999999811,-0.7159423828125,0.46551513671875,10.8994140625
15,0.63333333333333142,-0.72564697265625,0.428466796875,11.01971435546875
12,0.62499999999999811,0.16668701171875,0.585205078125,10.92181396484375
12,0.63333333333333142,0.16766357421875,0.549560546875,11.0423583984375
24,0.24166666666666581,0.40447998046875,0.68060302734375,5.36077880859375
24,0.24999999999999911,0.4129638671875,0.65447998046875,5.48089599609375
23,0.24166666666666581,-0.3662109375,1.24951171875,5.3673095703125
23,0.24999999999999911,-0.37841796875,1.23870849609375,5.48760986328125
22,0.24166666666666581,0.51654052734375,1.3411865234375,5.36590576171875
22,0.24999999999999911,0.528076171875,1.33282470703125,5.4862060546875
21,0.24166666666666581,-0.02337646484375,0.73651123046875,5.3756103515625
21,0.24999999999999911,-0.0263671875,0.7119140625,5.49615478515625
20,0.24166666666666581,-0.02899169921875,1.46185302734375,5.37701416015625
20,0.24999999999999911,-0.03216552734375,1.45672607421875,5.49761962890625
19,0.24166666666666581,0.39495849609375,0.9986572265625,5.3804931640625
19,0.24999999999999911,0.4031982421875,0.9810791015625,5.501220703125
18,0.24166666666666581,-0.11346435546875,1.0521240234375,5.38751220703125
18,0.24999999999999911,-0.11883544921875,1.0360107421875,5.5084228515625
17,0.24166666666666581,0.1820068359375,1.2467041015625,5.3892822265625
17,0.24999999999999911,0.1845703125,1.23583984375,5.51019287109375
15,0.64166666666666472,-0.73529052734375,0.390625,11.1400146484375
15,0.649999999999998,-0.74493408203125,0.3521728515625,11.26031494140625
12,0.64166666666666472,0.1685791015625,0.51318359375,11.1629638671875
12,0.649999999999998,0.1695556640625,0.47613525390625,11.28350830078125
24,0.25833333333333242,0.4215087890625,0.627685546875,5.60107421875
24,0.26666666666666572,0.42999267578125,0.60015869140625,5.72119140625
23,0.25833333333333242,-0.390625,1.22711181640625,5.60791015625
23,0.26666666666666572,-0.40277099609375,1.21490478515625,5.728271484375
22,0.25833333333333242,0.53961181640625,1.32373046875,5.6064453125
22,0.26666666666666572,0.5511474609375,1.31396484375,5.72674560546875
21,0.25833333333333242,-0.02935791015625,0.68658447265625,5.61669921875
21,0.26666666666666572,-0.0323486328125,0.66064453125,5.73724365234375
20,0.25833333333333242,-0.0352783203125,1.45086669921875,5.61822509765625
20,0.26666666666666572,-0.03839111328125,1.44439697265625,5.73876953125
19,0.25833333333333242,0.41143798828125,0.96282958984375,5.62188720703125
19,0.26666666666666572,0.41973876953125,0.94384765625,5.7425537109375
18,0.25833333333333242,-0.12420654296875,1.0191650390625,5.6292724609375
18,0.26666666666666572,-0.129638671875,1.00164794921875,5.7501220703125
17,0.25833333333333242,0.18707275390625,1.22418212890625,5.631103515625
17,0.26666666666666572,0.18963623046875,1.2119140625,5.75201416015625
15,0.65833333333333133,-0.75457763671875,0.31298828125,11.380615234375
15,0.66666666666666463,-0.76422119140625,0.273193359375,11.5008544921875
12,0.65833333333333133,0.17047119140625,0.43841552734375,11.404052734375
12,0.66666666666666463,0.17144775390625,0.4000244140625,11.524658203125
24,0.274999999999999,0.43853759765625,0.572021484375,5.84136962890625
24,0.28333333333333233,0.447021484375,0.5430908203125,5.96148681640625
23,0.274999999999999,-0.41497802734375,1.2020263671875,5.84857177734375
23,0.28333333333333233,-0.4271240234375,1.18841552734375,5.96893310546875
22,0.274999999999999,0.5626220703125,1.30352783203125,5.8470458984375
22,0.28333333333333233,0.57415771484375,1.2923583984375,5.96734619140625
21,0.274999999999999,-0.03533935546875,0.63397216796875,5.8577880859375
21,0.28333333333333233,-0.03826904296875,0.6065673828125,5.97833251953125
20,0.274999999999999,-0.04150390625,1.43719482421875,5.859375
20,0.28333333333333233,-0.044677734375,1.42926025390625,5.97998046875
19,0.274999999999999,0.427978515625,0.92425537109375,5.86322021484375
19,0.28333333333333233,0.43621826171875,0.90386962890625,5.98394775390625
18,0.274999999999999,-0.135009765625,0.98345947265625,5.87103271484375
18,0.28333333333333233,-0.140380859375,0.96453857421875,5.99188232421875
17,0.274999999999999,0.19219970703125,1.198974609375,5.8729248046875
17,0.28333333333333233,0.1947021484375,1.18524169921875,5.993896484375
15,0.67499999999999793,-0.77386474609375,0.23260498046875,11.62115478515625
15,0.68333333333333124,-0.78350830078125,0.19146728515625,11.741455078125
12,0.67499999999999793,0.17242431640625,0.36090087890625,11.64520263671875
12,0.68333333333333124,0.17333984375,0.32122802734375,11.7657470703125
24,0.29166666666666563,0.45550537109375,0.51361083984375,6.0816650390625
24,0.29999999999999893,0.46405029296875,0.48333740234375,6.2017822265625
23,0.29166666666666563,-0.4393310546875,1.1741943359375,6.0892333984375
23,0.29999999999999893,-0.4515380859375,1.1591796875,6.20953369140625
22,0.29166666666666563,0.585693359375,1.28057861328125,6.087646484375
22,0.29999999999999893,0.59722900390625,1.26806640625,6.2078857421875
21,0.29166666666666563,-0.041259765625,0.57855224609375,6.098876953125
21,0.29999999999999893,-0.04425048828125,0.5498046875,6.21942138671875
20,0.29166666666666563,-0.04779052734375,1.42071533203125,6.1005859375
20,0.29999999999999893,-0.0509033203125,1.4114990234375,6.22113037109375
19,0.29166666666666563,0.4444580078125,0.8829345703125,6.1046142578125
19,0.29999999999999893,0.4527587890625,0.8612060546875,6.22528076171875
18,0.29166666666666563,-0.14581298828125,0.94500732421875,6.11273193359375
18,0.29999999999999893,-0.15118408203125,0.92474365234375,6.233642578125
17,0.29166666666666563,0.197265625,1.17095947265625,6.11480712890625
17,0.29999999999999893,0.19976806640625,1.1558837890625,6.2357177734375
15,0.69166666666666454,-0.793212890625,0.1495361328125,11.86175537109375
15,0.69999999999999785,-0.8028564453125,0.10699462890625,11.9820556640625
12,0.69166666666666454,0.17431640625,0.28076171875,11.88629150390625
12,0.69999999999999785,0.17523193359375,0.2396240234375,12.00689697265625
24,0.30833333333333224,0.4725341796875,0.45245361328125,6.32196044921875
24,0.31666666666666554,0.4810791015625,0.42083740234375,6.442138671875
23,0.30833333333333224,-0.46368408203125,1.1435546875,6.32989501953125
23,0.31666666666666554,-0.47589111328125,1.12725830078125,6.4501953125
22,0.30833333333333224,0.6087646484375,1.25494384765625,6.32818603515625
22,0.31666666666666554,0.6202392578125,1.2410888671875,6.448486328125
21,0.30833333333333224,-0.0472412109375,0.5203857421875,6.3399658203125
21,0.31666666666666554,-0.0501708984375,0.49029541015625,6.46051025390625
20,0.30833333333333224,-0.05401611328125,1.40155029296875,6.34173583984375
20,0.31666666666666554,-0.05712890625,1.39093017578125,6.46234130859375
19,0.30833333333333224,0.46099853515625,0.8388671875,6.345947265625
19,0.31666666666666554,0.46923828125,0.8157958984375,6.4666748046875
18,0.30833333333333224,-0.1566162109375,0.90380859375,6.3544921875
18,0.31666666666666554,-0.1619873046875,0.8822021484375,6.475341796875
17,0.30833333333333224,0.20233154296875,1.14019775390625,6.35662841796875
17,0.31666666666666554,0.204833984375,1.123779296875,6.4775390625
15,0.70833333333333115,-0.8125,0.063720703125,12.10235595703125
15,0.71568382100816275,-0.82098388671875,0,12.20849609375
12,0.70833333333333115,0.17620849609375,0.19781494140625,12.12744140625
12,0.71666666666666445,0.1771240234375,0.15533447265625,12.24798583984375
24,0.32499999999999885,0.48956298828125,0.38861083984375,6.562255859375
24,0.33333333333333215,0.49810791015625,0.355712890625,6.68243408203125
23,0.32499999999999885,-0.488037109375,1.11029052734375,6.570556640625
23,0.33333333333333215,-0.500244140625,1.0926513671875,6.69085693359375
22,0.32499999999999885,0.63177490234375,1.2265625,6.56878662109375
22,0.33333333333333215,0.643310546875,1.21136474609375,6.6890869140625
21,0.32499999999999885,-0.05316162109375,0.4595947265625,6.5810546875
21,0.33333333333333215,-0.05615234375,0.42816162109375,6.70166015625
20,0.32499999999999885,-0.060302734375,1.379638671875,6.5828857421875
20,0.33333333333333215,-0.06341552734375,1.36773681640625,6.7034912109375
19,0.32499999999999885,0.4775390625,0.7921142578125,6.58734130859375
19,0.33333333333333215,0.48577880859375,0.7677001953125,6.7080078125
18,0.32499999999999885,-0.1673583984375,0.85992431640625,6.59625244140625
18,0.33333333333333215,-0.17279052734375,0.83697509765625,6.71710205078125
17,0.32499999999999885,0.2073974609375,1.10675048828125,6.59844970703125
17,0.33333333333333215,0.2099609375,1.08905029296875,6.7193603515625
12,0.72499999999999776,0.1781005859375,0.1121826171875,12.3685302734375
12,0.73333333333333106,0.1790771484375,0.06829833984375,12.4891357421875
24,0.34166666666666545,0.506591796875,0.32208251953125,6.80255126953125
24,0.34999999999999876,0.51513671875,0.28778076171875,6.9227294921875
23,0.34166666666666545,-0.512451171875,1.07427978515625,6.81121826171875
23,0.34999999999999876,-0.52459716796875,1.05523681640625,6.9315185546875
22,0.34166666666666545,0.65484619140625,1.19549560546875,6.80938720703125
22,0.34999999999999876,0.66632080078125,1.17889404296875,6.92962646484375
21,0.34166666666666545,-0.05914306640625,0.39605712890625,6.82220458984375
21,0.34999999999999876,-0.0621337890625,0.36322021484375,6.9427490234375
20,0.34166666666666545,-0.0665283203125,1.3551025390625,6.8240966796875
20,0.34999999999999876,-0.06964111328125,1.34173583984375,6.9447021484375
19,0.34166666666666545,0.4940185546875,0.74261474609375,6.82867431640625
19,0.34999999999999876,0.50225830078125,0.71685791015625,6.94940185546875
18,0.34166666666666545,-0.17816162109375,0.8133544921875,6.83795166015625
18,0.34999999999999876,-0.18353271484375,0.78900146484375,6.9588623046875
17,0.34166666666666545,0.21246337890625,1.07061767578125,6.84027099609375
17,0.34999999999999876,0.21502685546875,1.051513671875,6.961181640625
12,0.74144032961658435,0.17999267578125,0,12.60638427734375
24,0.35833333333333206,0.52362060546875,0.25274658203125,7.0428466796875
24,0.36666666666666536,0.53216552734375,0.2171630859375,7.16302490234375
23,0.35833333333333206,-0.53680419921875,1.0355224609375,7.05181884765625
23,0.36666666666666536,-0.5489501953125,1.01519775390625,7.17218017578125
22,0.35833333333333206,0.6778564453125,1.16162109375,7.0499267578125
22,0.36666666666666536,0.68939208984375,1.14373779296875,7.17022705078125
21,0.35833333333333206,-0.0650634765625,0.3297119140625,7.06329345703125
21,0.36666666666666536,-0.06805419921875,0.29559326171875,7.183837890625
20,0.35833333333333206,-0.07281494140625,1.32769775390625,7.06524658203125
20,0.36666666666666536,-0.075927734375,1.31304931640625,7.18585205078125
19,0.35833333333333206,0.51055908203125,0.69036865234375,7.070068359375
19,0.36666666666666536,0.518798828125,0.663330078125,7.19073486328125
18,0.35833333333333206,-0.18896484375,0.76397705078125,7.0797119140625
18,0.36666666666666536,-0.1943359375,0.73834228515625,7.2005615234375
17,0.35833333333333206,0.217529296875,1.03167724609375,7.08209228515625
17,0.36666666666666536,0.2200927734375,1.01129150390625,7.20306396484375
24,0.37499999999999867,0.5406494140625,0.1807861328125,7.28314208984375
24,0.38333333333333197,0.54913330078125,0.143798828125,7.4033203125
23,0.37499999999999867,-0.5611572265625,0.994140625,7.29248046875
23,0.38333333333333197,-0.5733642578125,0.972412109375,7.412841796875
22,0.37499999999999867,0.700927734375,1.12518310546875,7.29052734375
22,0.38333333333333197,0.71240234375,1.10589599609375,7.41082763671875
21,0.37499999999999867,-0.071044921875,0.2607421875,7.30438232421875
21,0.38333333333333197,-0.07403564453125,0.2252197265625,7.4249267578125
20,0.37499999999999867,-0.07904052734375,1.2977294921875,7.30645751953125
20,0.38333333333333197,-0.0821533203125,1.28167724609375,7.427001953125
19,0.37499999999999867,0.52703857421875,0.635498046875,7.3114013671875
19,0.38333333333333197,0.5352783203125,0.6070556640625,7.43212890625
18,0.37499999999999867,-0.19976806640625,0.71197509765625,7.32147216796875
18,0.38333333333333197,-0.20513916015625,0.6849365234375,7.44232177734375
17,0.37499999999999867,0.22265625,0.99017333984375,7.323974609375
17,0.38333333333333197,0.22515869140625,0.96832275390625,7.44488525390625
25,0,0.08746337890625,1.25909423828125,0.88604736328125
26,0,0.08746337890625,1.25909423828125,0.88604736328125
27,0,0.08746337890625,1.25909423828125,0.88604736328125
28,0,0.08746337890625,1.25909423828125,0.88604736328125
29,0,0.08746337890625,1.25909423828125,0.88604736328125
30,0,0.08746337890625,1.25909423828125,0.88604736328125
31,0,0.08746337890625,1.25909423828125,0.88604736328125
32,0,0.08746337890625,1.25909423828125,0.88604736328125
24,0.39166666666666528,0.55767822265625,0.10601806640625,7.52349853515625
24,0.39999999999999858,0.566162109375,0.06768798828125,7.64361572265625
23,0.39166666666666528,-0.58551025390625,0.94989013671875,7.53314208984375
23,0.39999999999999858,-0.59771728515625,0.92681884765625,7.65350341796875
22,0.39166666666666528,0.72393798828125,1.08587646484375,7.53106689453125
22,0.39999999999999858,0.7354736328125,1.06524658203125,7.6513671875
21,0.39166666666666528,-0.07696533203125,0.18902587890625,7.54547119140625
21,0.39999999999999858,-0.0799560546875,0.15216064453125,7.666015625
20,0.39166666666666528,-0.0853271484375,1.264892578125,7.547607421875
20,0.39999999999999858,-0.08843994140625,1.24749755859375,7.668212890625
19,0.39166666666666528,0.5435791015625,0.57781982421875,7.55279541015625
19,0.39999999999999858,0.55181884765625,0.54803466796875,7.6734619140625
18,0.39166666666666528,-0.21051025390625,0.65716552734375,7.563232421875
18,0.39999999999999858,-0.2159423828125,0.6287841796875,7.68408203125
17,0.39166666666666528,0.22772216796875,0.94580078125,7.5657958984375
17,0.39999999999999858,0.230224609375,0.922607421875,7.68670654296875
32,0.0083333333333333037,0.09173583984375,1.2384033203125,1.06817626953125
32,0.016666666666666385,0.09600830078125,1.21771240234375,1.250244140625
31,0.0083333333333333037,0.0728759765625,1.2724609375,1.06829833984375
31,0.016666666666666385,0.05828857421875,1.285888671875,1.25054931640625
30,0.0083333333333333037,0.1070556640625,1.26092529296875,1.06829833984375
30,0.016666666666666385,0.126708984375,1.26275634765625,1.2506103515625
29,0.0083333333333333037,0.07684326171875,1.2476806640625,1.0687255859375
29,0.016666666666666385,0.0662841796875,1.236328125,1.25140380859375
28,0.0083333333333333037,0.08892822265625,1.274658203125,1.0687255859375
28,0.016666666666666385,0.09039306640625,1.2901611328125,1.25140380859375
27,0.0083333333333333037,0.0968017578125,1.25030517578125,1.06890869140625
27,0.016666666666666385,0.1060791015625,1.24151611328125,1.2518310546875
26,0.0083333333333333037,0.078857421875,1.26092529296875,1.06915283203125
26,0.016666666666666385,0.0703125,1.2626953125,1.2523193359375
25,0.0083333333333333037,0.09307861328125,1.26312255859375,1.06927490234375
25,0.016666666666666385,0.0987548828125,1.26708984375,1.25244140625
24,0.40833333333333188,0.57470703125,0.028564453125,7.7637939453125
24,0.40907948691541463,0.575439453125,0,7.7745361328125
23,0.40833333333333188,-0.60986328125,0.90301513671875,7.7738037109375
23,0.41666666666666519,-0.6220703125,0.87860107421875,7.89410400390625
22,0.40833333333333188,0.74700927734375,1.04388427734375,7.77166748046875
22,0.41666666666666519,0.758544921875,1.02191162109375,7.8919677734375
21,0.40833333333333188,-0.08294677734375,0.11456298828125,7.78656005859375
21,0.41666666666666519,-0.0859375,0.07635498046875,7.9071044921875
20,0.40833333333333188,-0.091552734375,1.22943115234375,7.788818359375
20,0.41666666666666519,-0.09466552734375,1.210693359375,7.90936279296875
19,0.40833333333333188,0.56005859375,0.5174560546875,7.79412841796875
19,0.41666666666666519,0.568359375,0.48626708984375,7.91485595703125
18,0.40833333333333188,-0.2213134765625,0.59967041015625,7.804931640625
18,0.41666666666666519,-0.22674560546875,0.5699462890625,7.92578125
17,0.40833333333333188,0.2327880859375,0.89874267578125,7.8076171875
17,0.41666666666666519,0.2353515625,0.87420654296875,7.92852783203125
32,0.024999999999999689,0.10028076171875,1.19696044921875,1.432373046875
32,0.033333333333332993,0.1046142578125,1.17626953125,1.614501953125
31,0.024999999999999689,0.04364013671875,1.29925537109375,1.43280029296875
31,0.033333333333332993,0.029052734375,1.3126220703125,1.6151123046875
30,0.024999999999999689,0.14630126953125,1.26458740234375,1.432861328125
30,0.033333333333332993,0.1658935546875,1.26641845703125,1.6151123046875
29,0.024999999999999689,0.0556640625,1.22491455078125,1.43408203125
29,0.033333333333332993,0.0450439453125,1.2135009765625,1.61676025390625
28,0.024999999999999689,0.09185791015625,1.30572509765625,1.43402099609375
28,0.033333333333332993,0.09332275390625,1.32122802734375,1.61669921875
27,0.024999999999999689,0.11541748046875,1.2327880859375,1.4346923828125
27,0.033333333333332993,0.12469482421875,1.2239990234375,1.61761474609375
26,0.024999999999999689,0.06170654296875,1.2645263671875,1.4354248046875
26,0.033333333333332993,0.0531005859375,1.266357421875,1.6185302734375
25,0.024999999999999689,0.1043701171875,1.2711181640625,1.4356689453125
25,0.033333333333332993,0.1099853515625,1.275146484375,1.61883544921875
23,0.42499999999999849,-0.63427734375,0.85345458984375,8.01446533203125
23,0.43333333333333179,-0.64642333984375,0.82757568359375,8.134765625
22,0.42499999999999849,0.77001953125,0.99920654296875,8.01226806640625
22,0.43333333333333179,0.78155517578125,0.97589111328125,8.13250732421875
21,0.42499999999999849,-0.08892822265625,0.03741455078125,8.02764892578125
21,0.42760914242279469,-0.08984375,0,8.06536865234375
20,0.42499999999999849,-0.09783935546875,1.19122314453125,8.02996826171875
20,0.43333333333333179,-0.1009521484375,1.17108154296875,8.15057373046875
19,0.42499999999999849,0.57659912109375,0.45440673828125,8.0355224609375
19,0.43333333333333179,0.5848388671875,0.42181396484375,8.15618896484375
18,0.42499999999999849,-0.23211669921875,0.5394287109375,8.04669189453125
18,0.43333333333333179,-0.23748779296875,0.50830078125,8.16754150390625
17,0.42499999999999849,0.23785400390625,0.8489990234375,8.0494384765625
17,0.43333333333333179,0.24041748046875,0.8231201171875,8.17034912109375
32,0.0416666666666663,0.10888671875,1.15557861328125,1.79656982421875
32,0.0499999999999996,0.1131591796875,1.1348876953125,1.97869873046875
31,0.0416666666666663,0.01446533203125,1.3260498046875,1.79736328125
31,0.0499999999999996,-0.0001220703125,1.33941650390625,1.9796142578125
30,0.0416666666666663,0.18548583984375,1.26824951171875,1.79742431640625
30,0.0499999999999996,0.20513916015625,1.2701416015625,1.97967529296875
29,0.0416666666666663,0.03448486328125,1.2021484375,1.79937744140625
29,0.0499999999999996,0.02386474609375,1.19073486328125,1.9820556640625
28,0.0416666666666663,0.09478759765625,1.3367919921875,1.79937744140625
28,0.0499999999999996,0.09625244140625,1.352294921875,1.9820556640625
27,0.0416666666666663,0.134033203125,1.2152099609375,1.80047607421875
27,0.0499999999999996,0.14337158203125,1.2064208984375,1.98333740234375
26,0.0416666666666663,0.04449462890625,1.26812744140625,1.8016357421875
26,0.0499999999999996,0.03594970703125,1.26995849609375,1.98480224609375
25,0.0416666666666663,0.11566162109375,1.27911376953125,1.80206298828125
25,0.0499999999999996,0.12127685546875,1.28314208984375,1.98529052734375
23,0.4416666666666651,-0.65863037109375,0.801025390625,8.255126953125
23,0.4499999999999984,-0.6707763671875,0.77386474609375,8.37542724609375
22,0.4416666666666651,0.7930908203125,0.9517822265625,8.2528076171875
22,0.4499999999999984,0.80462646484375,0.92706298828125,8.37310791015625
20,0.4416666666666651,-0.10406494140625,1.15020751953125,8.2711181640625
20,0.4499999999999984,-0.107177734375,1.1287841796875,8.3917236328125
19,0.4416666666666651,0.59307861328125,0.3885498046875,8.27685546875
19,0.4499999999999984,0.60137939453125,0.3546142578125,8.3975830078125
18,0.4416666666666651,-0.242919921875,0.4764404296875,8.2884521484375
18,0.4499999999999984,-0.248291015625,0.4439697265625,8.4093017578125
17,0.4416666666666651,0.242919921875,0.79644775390625,8.291259765625
17,0.4499999999999984,0.2454833984375,0.76922607421875,8.4122314453125
32,0.058333333333332904,0.117431640625,1.1141357421875,2.16082763671875
32,0.066666666666666208,0.1217041015625,1.09344482421875,2.34295654296875
31,0.058333333333332904,-0.0147705078125,1.352783203125,2.161865234375
31,0.066666666666666208,-0.02935791015625,1.3662109375,2.3441162109375
30,0.058333333333332904,0.2247314453125,1.27197265625,2.16192626953125
30,0.066666666666666208,0.24432373046875,1.2738037109375,2.34423828125
29,0.058333333333332904,0.01324462890625,1.17938232421875,2.16473388671875
29,0.066666666666666208,0.002685546875,1.16796875,2.347412109375
28,0.058333333333332904,0.09771728515625,1.36785888671875,2.16473388671875
28,0.066666666666666208,0.0992431640625,1.3834228515625,2.347412109375
27,0.058333333333332904,0.15264892578125,1.19769287109375,2.166259765625
27,0.066666666666666208,0.1619873046875,1.18890380859375,2.34912109375
26,0.058333333333332904,0.02734375,1.27178955078125,2.16790771484375
26,0.066666666666666208,0.01873779296875,1.2735595703125,2.35101318359375
25,0.058333333333332904,0.12689208984375,1.28717041015625,2.16845703125
25,0.066666666666666208,0.13250732421875,1.2911376953125,2.3516845703125
23,0.45833333333333171,-0.6829833984375,0.74603271484375,8.4957275390625
23,0.466666666666665,-0.6951904296875,0.71746826171875,8.6160888671875
22,0.45833333333333171,0.81610107421875,0.90167236328125,8.493408203125
22,0.466666666666665,0.82763671875,0.87554931640625,8.61370849609375
20,0.45833333333333171,-0.1103515625,1.10662841796875,8.5123291015625
20,0.466666666666665,-0.11346435546875,1.083740234375,8.6329345703125
19,0.45833333333333171,0.609619140625,0.320068359375,8.51824951171875
19,0.466666666666665,0.61785888671875,0.28472900390625,8.638916015625
18,0.45833333333333171,-0.253662109375,0.41082763671875,8.5301513671875
18,0.466666666666665,-0.25909423828125,0.376953125,8.65106201171875
17,0.45833333333333171,0.248046875,0.74127197265625,8.53314208984375
17,0.466666666666665,0.25054931640625,0.712646484375,8.654052734375
32,0.074999999999999512,0.1259765625,1.0726318359375,2.52313232421875
32,0.083333333333332815,0.130126953125,1.05157470703125,2.69940185546875
31,0.074999999999999512,-0.04376220703125,1.37908935546875,2.52447509765625
31,0.083333333333332815,-0.05792236328125,1.39105224609375,2.700927734375
30,0.074999999999999512,0.26373291015625,1.2752685546875,2.5245361328125
30,0.083333333333332815,0.28271484375,1.27606201171875,2.7010498046875
29,0.074999999999999512,-0.0078125,1.15631103515625,2.52813720703125
29,0.083333333333332815,-0.01806640625,1.14434814453125,2.70501708984375
28,0.074999999999999512,0.10064697265625,1.39837646484375,2.52813720703125
28,0.083333333333332815,0.10211181640625,1.4124755859375,2.7049560546875
27,0.074999999999999512,0.17120361328125,1.17987060546875,2.53009033203125
27,0.083333333333332815,0.18017578125,1.17041015625,2.7071533203125
26,0.074999999999999512,0.01025390625,1.2750244140625,2.5322265625
26,0.083333333333332815,0.001953125,1.2757568359375,2.70947265625
25,0.074999999999999512,0.13812255859375,1.29473876953125,2.53289794921875
25,0.083333333333332815,0.1435546875,1.29766845703125,2.71026611328125
23,0.47499999999999831,-0.70733642578125,0.68817138671875,8.73638916015625
23,0.48333333333333162,-0.71954345703125,0.65826416015625,8.85675048828125
22,0.47499999999999831,0.83917236328125,0.8487548828125,8.7340087890625
22,0.48333333333333162,0.8507080078125,0.8212890625,8.854248046875
20,0.47499999999999831,-0.1165771484375,1.0601806640625,8.75347900390625
20,0.48333333333333162,-0.11968994140625,1.0360107421875,8.87408447265625
19,0.47499999999999831,0.6260986328125,0.248779296875,8.75958251953125
19,0.48333333333333162,0.6343994140625,0.21209716796875,8.88031005859375
18,0.47499999999999831,-0.26446533203125,0.3424072265625,8.77191162109375
18,0.48333333333333162,-0.2698974609375,0.30718994140625,8.89276123046875
17,0.47499999999999831,0.25311279296875,0.68328857421875,8.77496337890625
17,0.48333333333333162,0.255615234375,0.6533203125,8.8958740234375
32,0.091666666666666119,0.1341552734375,1.0302734375,2.871826171875
32,0.099999999999999423,0.13812255859375,1.00872802734375,3.0404052734375
31,0.091666666666666119,-0.07177734375,1.40203857421875,2.87347412109375
31,0.099999999999999423,-0.08526611328125,1.41204833984375,3.04217529296875
30,0.091666666666666119,0.30126953125,1.27606201171875,2.87359619140625
30,0.099999999999999423,0.3194580078125,1.275390625,3.0423583984375
29,0.091666666666666119,-0.02813720703125,1.1318359375,2.87799072265625
29,0.099999999999999423,-0.0379638671875,1.118896484375,3.04705810546875
28,0.091666666666666119,0.10345458984375,1.42547607421875,2.8779296875
28,0.099999999999999423,0.1048583984375,1.43743896484375,3.0469970703125
27,0.091666666666666119,0.18902587890625,1.16033935546875,2.88031005859375
27,0.099999999999999423,0.1976318359375,1.14984130859375,3.04962158203125
26,0.091666666666666119,-0.0062255859375,1.2757568359375,2.88287353515625
26,0.099999999999999423,-0.01416015625,1.27508544921875,3.0523681640625
25,0.091666666666666119,0.14892578125,1.29974365234375,2.8837890625
25,0.099999999999999423,0.15411376953125,1.30108642578125,3.0533447265625
23,0.49166666666666492,-0.731689453125,0.627685546875,8.97705078125
23,0.49999999999999822,-0.743896484375,0.596435546875,9.097412109375
22,0.49166666666666492,0.8621826171875,0.79315185546875,8.97454833984375
22,0.49999999999999822,0.87371826171875,0.764404296875,9.0948486328125
20,0.49166666666666492,-0.12286376953125,1.0111083984375,8.99468994140625
20,0.49999999999999822,-0.1259765625,0.98553466796875,9.115234375
19,0.49166666666666492,0.64263916015625,0.1748046875,9.0009765625
19,0.49999999999999822,0.65087890625,0.13677978515625,9.12164306640625
18,0.49166666666666492,-0.2752685546875,0.27130126953125,9.013671875
18,0.49999999999999822,-0.2806396484375,0.2347412109375,9.134521484375
17,0.49166666666666492,0.2581787109375,0.6226806640625,9.01678466796875
17,0.49999999999999822,0.2607421875,0.59130859375,9.1376953125
32,0.10833333333333273,0.1419677734375,0.9869384765625,3.205078125
32,0.11666666666666603,0.145751953125,0.96490478515625,3.36590576171875
31,0.10833333333333273,-0.09844970703125,1.42108154296875,3.20703125
31,0.11666666666666603,-0.11138916015625,1.42913818359375,3.36798095703125
30,0.10833333333333273,0.337158203125,1.27398681640625,3.2071533203125
30,0.11666666666666603,0.3544921875,1.2718505859375,3.3681640625
29,0.10833333333333273,-0.04754638671875,1.10552978515625,3.2122802734375
29,0.11666666666666603,-0.056884765625,1.0916748046875,3.37359619140625
28,0.10833333333333273,0.10614013671875,1.448486328125,3.21221923828125
28,0.11666666666666603,0.10748291015625,1.45843505859375,3.37353515625
27,0.10833333333333273,0.2060546875,1.13885498046875,3.2149658203125
27,0.11666666666666603,0.21429443359375,1.1273193359375,3.37652587890625
26,0.10833333333333273,-0.02191162109375,1.273681640625,3.218017578125
26,0.11666666666666603,-0.02947998046875,1.271484375,3.37969970703125
25,0.10833333333333273,0.1591796875,1.3016357421875,3.218994140625
25,0.11666666666666603,0.1641845703125,1.3013916015625,3.38079833984375
23,0.50833333333333153,-0.756103515625,0.56451416015625,9.21771240234375
23,0.51666666666666483,-0.76824951171875,0.53179931640625,9.3380126953125
22,0.50833333333333153,0.88525390625,0.73492431640625,9.21514892578125
22,0.51666666666666483,0.89678955078125,0.7047119140625,9.33544921875
20,0.50833333333333153,-0.12908935546875,0.95928955078125,9.23583984375
20,0.51666666666666483,-0.1322021484375,0.932373046875,9.3564453125
19,0.50833333333333153,0.65911865234375,0.09808349609375,9.2423095703125
19,0.51666666666666483,0.66741943359375,0.0587158203125,9.363037109375
18,0.50833333333333153,-0.28607177734375,0.197509765625,9.25537109375
18,0.51666666666666483,-0.29144287109375,0.1595458984375,9.37628173828125
17,0.50833333333333153,0.26324462890625,0.559326171875,9.25860595703125
17,0.51666666666666483,0.26580810546875,0.52655029296875,9.3795166015625
32,0.12499999999999933,0.14947509765625,0.942626953125,3.52288818359375
32,0.13333333333333264,0.153076171875,0.92010498046875,3.67596435546875
31,0.12499999999999933,-0.12396240234375,1.436279296875,3.52508544921875
31,0.13333333333333264,-0.13623046875,1.4423828125,3.67828369140625
30,0.12499999999999933,0.37139892578125,1.26904296875,3.52520751953125
30,0.13333333333333264,0.38787841796875,1.26544189453125,3.678466796875
29,0.12499999999999933,-0.0660400390625,1.0775146484375,3.531005859375
29,0.13333333333333264,-0.074951171875,1.06280517578125,3.6845703125
28,0.12499999999999933,0.10870361328125,1.4674072265625,3.53094482421875
28,0.13333333333333264,0.1099853515625,1.475341796875,3.68450927734375
27,0.12499999999999933,0.2222900390625,1.1153564453125,3.53411865234375
27,0.13333333333333264,0.23016357421875,1.1029052734375,3.6878662109375
26,0.12499999999999933,-0.03692626953125,1.26861572265625,3.53753662109375
26,0.13333333333333264,-0.04412841796875,1.2650146484375,3.69146728515625
25,0.12499999999999933,0.1690673828125,1.30047607421875,3.5386962890625
25,0.13333333333333264,0.17376708984375,1.2987060546875,3.69268798828125
23,0.52499999999999813,-0.78045654296875,0.49847412109375,9.4583740234375
23,0.53333333333333144,-0.7926025390625,0.4644775390625,9.57867431640625
22,0.52499999999999813,0.9083251953125,0.673828125,9.4556884765625
22,0.53333333333333144,0.9197998046875,0.64227294921875,9.57598876953125
20,0.52499999999999813,-0.1353759765625,0.90472412109375,9.47705078125
20,0.53333333333333144,-0.13848876953125,0.87640380859375,9.59759521484375
19,0.52367072585585839,0.67431640625,0,9.4644775390625
18,0.52499999999999813,-0.29681396484375,0.12091064453125,9.49713134765625
18,0.53333333333333144,-0.30224609375,0.08160400390625,9.61798095703125
17,0.52499999999999813,0.268310546875,0.4931640625,9.50042724609375
17,0.53333333333333144,0.2708740234375,0.4591064453125,9.62139892578125
32,0.14166666666666594,0.15655517578125,0.8973388671875,3.8251953125
32,0.14999999999999925,0.15997314453125,0.87432861328125,3.97052001953125
31,0.14166666666666594,-0.148193359375,1.44757080078125,3.82763671875
31,0.14999999999999925,-0.15985107421875,1.4517822265625,3.97308349609375
30,0.14166666666666594,0.4039306640625,1.26116943359375,3.82781982421875
30,0.14999999999999925,0.41961669921875,1.25616455078125,3.9732666015625
29,0.14166666666666594,-0.0836181640625,1.04766845703125,3.834228515625
29,0.14999999999999925,-0.09210205078125,1.0321044921875,3.98004150390625
28,0.14166666666666594,0.11114501953125,1.4822998046875,3.83416748046875
28,0.14999999999999925,0.11236572265625,1.48822021484375,3.97998046875
27,0.14166666666666594,0.23779296875,1.08990478515625,3.83770751953125
27,0.14999999999999925,0.24517822265625,1.076416015625,3.98370361328125
26,0.14166666666666594,-0.0511474609375,1.26068115234375,3.841552734375
26,0.14999999999999925,-0.05804443359375,1.25567626953125,3.9876708984375
25,0.14166666666666594,0.17840576171875,1.29620361328125,3.84283447265625
25,0.14999999999999925,0.182861328125,1.29290771484375,3.98907470703125
23,0.54166666666666474,-0.8048095703125,0.4298095703125,9.69903564453125
23,0.549999999999998,-0.8170166015625,0.39447021484375,9.8193359375
22,0.54166666666666474,0.93133544921875,0.61004638671875,9.6962890625
22,0.549999999999998,0.94287109375,0.5771484375,9.81658935546875
20,0.54166666666666474,-0.1416015625,0.847412109375,9.71820068359375
20,0.549999999999998,-0.14471435546875,0.8177490234375,9.83880615234375
18,0.54166666666666474,-0.3076171875,0.0416259765625,9.7388916015625
18,0.545072572482719,-0.309814453125,0,9.78826904296875
17,0.54166666666666474,0.2734375,0.42431640625,9.7423095703125
17,0.549999999999998,0.27593994140625,0.388916015625,9.86322021484375
32,0.15833333333333255,0.163330078125,0.85113525390625,4.11199951171875
32,0.16666666666666585,0.16656494140625,0.82769775390625,4.2496337890625
31,0.15833333333333255,-0.17120361328125,1.455078125,4.11468505859375
31,0.16666666666666585,-0.18218994140625,1.45733642578125,4.25238037109375
30,0.15833333333333255,0.434814453125,1.25042724609375,4.1148681640625
30,0.16666666666666585,0.44964599609375,1.2440185546875,4.25262451171875
29,0.15833333333333255,-0.100341796875,1.01611328125,4.1219482421875
29,0.16666666666666585,-0.10833740234375,0.99969482421875,4.260009765625
28,0.15833333333333255,0.11346435546875,1.49310302734375,4.12188720703125
28,0.16666666666666585,0.1146240234375,1.4970703125,4.25994873046875
27,0.15833333333333255,0.25244140625,1.06243896484375,4.12579345703125
27,0.16666666666666585,0.25946044921875,1.04803466796875,4.26397705078125
26,0.15833333333333255,-0.064697265625,1.24993896484375,4.12994384765625
26,0.16666666666666585,-0.0711669921875,1.2435302734375,4.268310546875
25,0.15833333333333255,0.187255859375,1.28887939453125,4.13134765625
25,0.16666666666666585,0.1915283203125,1.28411865234375,4.269775390625
23,0.55833333333333135,-0.82916259765625,0.3583984375,9.939697265625
23,0.56666666666666465,-0.84136962890625,0.32171630859375,10.05999755859375
22,0.55833333333333135,0.95440673828125,0.5435791015625,9.9368896484375
22,0.56666666666666465,0.96588134765625,0.5093994140625,10.05712890625
20,0.55833333333333135,-0.1478271484375,0.7874755859375,9.9593505859375
20,0.56666666666666465,-0.1510009765625,0.7564697265625,10.0799560546875
17,0.55833333333333135,0.27850341796875,0.352783203125,9.984130859375
17,0.56666666666666465,0.281005859375,0.3160400390625,10.10504150390625
32,0.17499999999999916,0.169677734375,0.803955078125,4.38336181640625
32,0.18333333333333246,0.1727294921875,0.780029296875,4.51324462890625
31,0.17499999999999916,-0.19293212890625,1.45867919921875,4.38623046875
31,0.18333333333333246,-0.203369140625,1.45904541015625,4.5162353515625
30,0.17499999999999916,0.46405029296875,1.23687744140625,4.386474609375
30,0.18333333333333246,0.47802734375,1.22894287109375,4.5164794921875
29,0.17499999999999916,-0.1160888671875,0.98284912109375,4.3941650390625
29,0.18333333333333246,-0.1236572265625,0.96551513671875,4.5244140625
28,0.17499999999999916,0.11566162109375,1.5,4.39404296875
28,0.18333333333333246,0.11669921875,1.5018310546875,4.52435302734375
27,0.17499999999999916,0.26629638671875,1.0330810546875,4.39825439453125
27,0.18333333333333246,0.27294921875,1.01763916015625,4.5286865234375
26,0.17499999999999916,-0.0775146484375,1.236328125,4.40283203125
26,0.18333333333333246,-0.0836181640625,1.2283935546875,4.53338623046875
25,0.17499999999999916,0.1956787109375,1.278564453125,4.40435791015625
25,0.18333333333333246,0.19970703125,1.272216796875,4.53497314453125
23,0.574999999999998,-0.853515625,0.2843017578125,10.1802978515625
23,0.58333333333333126,-0.86572265625,0.2462158203125,10.3006591796875
22,0.574999999999998,0.9774169921875,0.47442626953125,10.17742919921875
22,0.58333333333333126,0.98895263671875,0.43878173828125,10.2977294921875
20,0.574999999999998,-0.15411376953125,0.7247314453125,10.2005615234375
20,0.58333333333333126,-0.1572265625,0.69232177734375,10.3211669921875
17,0.574999999999998,0.2835693359375,0.27850341796875,10.2259521484375
17,0.58333333333333126,0.2861328125,0.2403564453125,10.34686279296875
32,0.19166666666666576,0.17572021484375,0.755859375,4.63922119140625
32,0.19999999999999907,0.1785888671875,0.73138427734375,4.7613525390625
31,0.19166666666666576,-0.21343994140625,1.45849609375,4.642333984375
31,0.19999999999999907,-0.2232666015625,1.4569091796875,4.7645263671875
30,0.19166666666666576,0.49163818359375,1.22039794921875,4.642578125
30,0.19999999999999907,0.5047607421875,1.2110595703125,4.76483154296875
29,0.19166666666666576,-0.1309814453125,0.94775390625,4.65081787109375
29,0.19999999999999907,-0.13812255859375,0.9295654296875,4.7733154296875
28,0.19166666666666576,0.11773681640625,1.50274658203125,4.65069580078125
28,0.19999999999999907,0.11871337890625,1.50262451171875,4.773193359375
27,0.19166666666666576,0.2794189453125,1.001708984375,4.65521240234375
27,0.19999999999999907,0.28564453125,0.98529052734375,4.77789306640625
26,0.19166666666666576,-0.08953857421875,1.2198486328125,4.66009521484375
26,0.19999999999999907,-0.0953369140625,1.21051025390625,4.78289794921875
25,0.19166666666666576,0.20355224609375,1.26513671875,4.6617431640625
25,0.19999999999999907,0.20733642578125,1.25726318359375,4.78460693359375
23,0.59166666666666456,-0.8779296875,0.20745849609375,10.42095947265625
23,0.59999999999999787,-0.89007568359375,0.16796875,10.54132080078125
22,0.59166666666666456,1.00048828125,0.4024658203125,10.41802978515625
22,0.59999999999999787,1.01202392578125,0.365478515625,10.538330078125
20,0.59166666666666456,-0.16033935546875,0.6593017578125,10.44171142578125
20,0.59999999999999787,-0.16351318359375,0.62554931640625,10.56231689453125
17,0.59166666666666456,0.28863525390625,0.2015380859375,10.4677734375
17,0.59999999999999787,0.29119873046875,0.1619873046875,10.58868408203125
32,0.20833333333333237,0.181396484375,0.70648193359375,4.88153076171875
32,0.21666666666666567,0.18426513671875,0.68096923828125,5.001708984375
31,0.20833333333333237,-0.23291015625,1.45452880859375,4.88482666015625
31,0.21666666666666567,-0.24249267578125,1.451416015625,5.005126953125
30,0.20833333333333237,0.5177001953125,1.2010498046875,4.88507080078125
30,0.21666666666666567,0.5306396484375,1.19036865234375,5.00537109375
29,0.20833333333333237,-0.1451416015625,0.91082763671875,4.89385986328125
29,0.21666666666666567,-0.152099609375,0.89141845703125,5.014404296875
28,0.20833333333333237,0.11968994140625,1.50164794921875,4.893798828125
28,0.21666666666666567,0.12066650390625,1.5,5.01434326171875
27,0.20833333333333237,0.29180908203125,0.96826171875,4.8985595703125
27,0.21666666666666567,0.29791259765625,0.9505615234375,5.019287109375
26,0.20833333333333237,-0.10101318359375,1.200439453125,4.90374755859375
26,0.21666666666666567,-0.106689453125,1.18975830078125,5.024658203125
25,0.20833333333333237,0.2110595703125,1.24871826171875,4.905517578125
25,0.21666666666666567,0.21478271484375,1.23944091796875,5.02642822265625
23,0.60833333333333117,-0.90228271484375,0.12786865234375,10.66162109375
23,0.61666666666666448,-0.9144287109375,0.08709716796875,10.781982421875
22,0.60833333333333117,1.02349853515625,0.32781982421875,10.65863037109375
22,0.61666666666666448,1.0350341796875,0.28948974609375,10.77886962890625
20,0.60833333333333117,-0.1666259765625,0.59112548828125,10.68292236328125
20,0.61666666666666448,-0.16973876953125,0.5560302734375,10.803466796875
17,0.60833333333333117,0.293701171875,0.121826171875,10.7095947265625
17,0.61666666666666448,0.2962646484375,0.0809326171875,10.83056640625
32,0.22499999999999898,0.18707275390625,0.6546630859375,5.1219482421875
32,0.23333333333333228,0.18988037109375,0.62774658203125,5.24212646484375
31,0.22499999999999898,-0.25213623046875,1.4476318359375,5.12542724609375
31,0.23333333333333228,-0.26177978515625,1.4432373046875,5.2457275390625
30,0.22499999999999898,0.5435791015625,1.178955078125,5.12567138671875
30,0.23333333333333228,0.5565185546875,1.16693115234375,5.2459716796875
29,0.22499999999999898,-0.15911865234375,0.87127685546875,5.135009765625
29,0.23333333333333228,-0.16607666015625,0.85052490234375,5.25555419921875
28,0.22499999999999898,0.12164306640625,1.49761962890625,5.1348876953125
28,0.23333333333333228,0.12261962890625,1.49462890625,5.25543212890625
27,0.22499999999999898,0.3040771484375,0.93212890625,5.13995361328125
27,0.23333333333333228,0.31024169921875,0.9130859375,5.26068115234375
26,0.22499999999999898,-0.11236572265625,1.1783447265625,5.1455078125
26,0.23333333333333228,-0.11798095703125,1.166259765625,5.266357421875
25,0.22499999999999898,0.218505859375,1.22943115234375,5.1473388671875
25,0.23333333333333228,0.22222900390625,1.2188720703125,5.26824951171875
23,0.62499999999999778,-0.9266357421875,0.04559326171875,10.90228271484375
23,0.62907246334055467,-0.9326171875,0,10.9610595703125
22,0.62499999999999778,1.04656982421875,0.25048828125,10.899169921875
22,0.63333333333333108,1.05810546875,0.2108154296875,11.01947021484375
20,0.62499999999999778,-0.1728515625,0.52020263671875,10.924072265625
20,0.63333333333333108,-0.176025390625,0.48382568359375,11.044677734375
17,0.62499999999999778,0.298828125,0.03936767578125,10.95147705078125
17,0.62783646849358166,0.2996826171875,0,10.99261474609375
32,0.24166666666666559,0.1927490234375,0.60009765625,5.3623046875
32,0.24999999999999889,0.195556640625,0.57183837890625,5.48248291015625
31,0.24166666666666559,-0.27142333984375,1.4381103515625,5.365966796875
31,0.24999999999999889,-0.28106689453125,1.43231201171875,5.48626708984375
30,0.24166666666666559,0.5694580078125,1.1541748046875,5.36627197265625
30,0.24999999999999889,0.5823974609375,1.14080810546875,5.486572265625
29,0.24166666666666559,-0.173095703125,0.8289794921875,5.3760986328125
29,0.24999999999999889,-0.18011474609375,0.806884765625,5.4967041015625
28,0.24166666666666559,0.12359619140625,1.49090576171875,5.37603759765625
28,0.24999999999999889,0.12451171875,1.486572265625,5.49658203125
27,0.24166666666666559,0.31640625,0.893310546875,5.38140869140625
27,0.24999999999999889,0.322509765625,0.87298583984375,5.5020751953125
26,0.24166666666666559,-0.1236572265625,1.15350341796875,5.38720703125
26,0.24999999999999889,-0.12933349609375,1.14007568359375,5.508056640625
25,0.24166666666666559,0.2259521484375,1.20751953125,5.38916015625
25,0.24999999999999889,0.22967529296875,1.195556640625,5.51007080078125
22,0.64166666666666439,1.069580078125,0.17041015625,11.1397705078125
22,0.64999999999999769,1.08111572265625,0.12933349609375,11.26007080078125
20,0.64166666666666439,-0.17913818359375,0.4466552734375,11.165283203125
20,0.64999999999999769,-0.1822509765625,0.4088134765625,11.28582763671875
32,0.25833333333333219,0.1983642578125,0.5428466796875,5.60272216796875
32,0.2666666666666655,0.201171875,0.51318359375,5.722900390625
31,0.25833333333333219,-0.29071044921875,1.42584228515625,5.6065673828125
31,0.2666666666666655,-0.30035400390625,1.418701171875,5.72686767578125
30,0.25833333333333219,0.5953369140625,1.12664794921875,5.60687255859375
30,0.2666666666666655,0.60833740234375,1.11187744140625,5.7271728515625
29,0.25833333333333219,-0.18707275390625,0.7840576171875,5.61724853515625
29,0.2666666666666655,-0.194091796875,0.76055908203125,5.73779296875
28,0.25833333333333219,0.12548828125,1.48150634765625,5.61712646484375
28,0.2666666666666655,0.12646484375,1.47576904296875,5.73773193359375
27,0.25833333333333219,0.32867431640625,0.85186767578125,5.622802734375
27,0.2666666666666655,0.3348388671875,0.830078125,5.7435302734375
26,0.25833333333333219,-0.135009765625,1.1259765625,5.62890625
26,0.2666666666666655,-0.14068603515625,1.11114501953125,5.74981689453125
25,0.25833333333333219,0.2333984375,1.18292236328125,5.6309814453125
25,0.2666666666666655,0.23712158203125,1.1695556640625,5.75189208984375
22,0.658333333333331,1.0926513671875,0.08758544921875,11.38031005859375
22,0.6666666666666643,1.10418701171875,0.045166015625,11.5006103515625
20,0.658333333333331,-0.18536376953125,0.37030029296875,11.40643310546875
20,0.6666666666666643,-0.18853759765625,0.3311767578125,11.52703857421875
32,0.2749999999999988,0.20404052734375,0.48284912109375,5.84307861328125
32,0.2833333333333321,0.20684814453125,0.4517822265625,5.9632568359375
31,0.2749999999999988,-0.30999755859375,1.410888671875,5.84716796875
31,0.2833333333333321,-0.319580078125,1.40228271484375,5.96746826171875
30,0.2749999999999988,0.62127685546875,1.096435546875,5.84747314453125
30,0.2833333333333321,0.63421630859375,1.08026123046875,5.9677734375
29,0.2749999999999988,-0.20111083984375,0.73638916015625,5.8583984375
29,0.2833333333333321,-0.20806884765625,0.71148681640625,5.97894287109375
28,0.2749999999999988,0.12744140625,1.4693603515625,5.8582763671875
28,0.2833333333333321,0.12841796875,1.46221923828125,5.97882080078125
27,0.2749999999999988,0.3409423828125,0.8076171875,5.86419677734375
27,0.2833333333333321,0.34710693359375,0.784423828125,5.98492431640625
26,0.2749999999999988,-0.1463623046875,1.095703125,5.87066650390625
26,0.2833333333333321,-0.15203857421875,1.07952880859375,5.99151611328125
25,0.2749999999999988,0.2408447265625,1.155517578125,5.872802734375
25,0.2833333333333321,0.24456787109375,1.14080810546875,5.9937744140625
22,0.670558698441285,1.10955810546875,0,11.55682373046875
20,0.6749999999999976,-0.191650390625,0.291259765625,11.6475830078125
20,0.68333333333333091,-0.19476318359375,0.250732421875,11.7681884765625
32,0.29166666666666541,0.20965576171875,0.420166015625,6.08349609375
32,0.29999999999999871,0.2125244140625,0.38775634765625,6.20367431640625
31,0.29166666666666541,-0.3292236328125,1.39312744140625,6.0877685546875
31,0.29999999999999871,-0.3388671875,1.38323974609375,6.2080078125
30,0.29166666666666541,0.64715576171875,1.0634765625,6.08807373046875
30,0.29999999999999871,0.66009521484375,1.04595947265625,6.2083740234375
29,0.29166666666666541,-0.215087890625,0.6859130859375,6.0994873046875
29,0.29999999999999871,-0.22210693359375,0.65966796875,6.2200927734375
28,0.29166666666666541,0.12939453125,1.4544677734375,6.099365234375
28,0.29999999999999871,0.13037109375,1.44598388671875,6.219970703125
27,0.29166666666666541,0.353271484375,0.7606201171875,6.10565185546875
27,0.29999999999999871,0.35943603515625,0.736083984375,6.226318359375
26,0.29166666666666541,-0.15771484375,1.06268310546875,6.11236572265625
26,0.29999999999999871,-0.16339111328125,1.045166015625,6.23321533203125
25,0.29166666666666541,0.24822998046875,1.12542724609375,6.11468505859375
25,0.29999999999999871,0.251953125,1.10931396484375,6.235595703125
20,0.69166666666666421,-0.1978759765625,0.20947265625,11.8887939453125
20,0.69999999999999751,-0.2010498046875,0.1676025390625,12.0093994140625
32,0.308333333333332,0.21533203125,0.35467529296875,6.3238525390625
32,0.31666666666666532,0.2181396484375,0.3209228515625,6.44403076171875
31,0.308333333333332,-0.3485107421875,1.3726806640625,6.32830810546875
31,0.31666666666666532,-0.358154296875,1.3614501953125,6.4486083984375
30,0.308333333333332,0.67303466796875,1.02777099609375,6.32867431640625
30,0.31666666666666532,0.68597412109375,1.00885009765625,6.448974609375
29,0.308333333333332,-0.22906494140625,0.63275146484375,6.34063720703125
29,0.31666666666666532,-0.236083984375,0.60516357421875,6.461181640625
28,0.308333333333332,0.13134765625,1.43682861328125,6.34051513671875
28,0.31666666666666532,0.13232421875,1.427001953125,6.4610595703125
27,0.308333333333332,0.36553955078125,0.71087646484375,6.3470458984375
27,0.31666666666666532,0.3717041015625,0.68505859375,6.46771240234375
26,0.308333333333332,-0.16900634765625,1.02691650390625,6.3541259765625
26,0.31666666666666532,-0.1746826171875,1.008056640625,6.4749755859375
25,0.308333333333332,0.25567626953125,1.09259033203125,6.35650634765625
25,0.31666666666666532,0.2593994140625,1.07513427734375,6.4774169921875
20,0.70833333333333082,-0.20416259765625,0.125,12.12994384765625
20,0.71666666666666412,-0.207275390625,0.08172607421875,12.25054931640625
32,0.32499999999999862,0.22100830078125,0.2864990234375,6.56427001953125
32,0.33333333333333193,0.22381591796875,0.25140380859375,6.6844482421875
31,0.32499999999999862,-0.3677978515625,1.3494873046875,6.56890869140625
31,0.33333333333333193,-0.37744140625,1.3369140625,6.689208984375
30,0.32499999999999862,0.69891357421875,0.98931884765625,6.56927490234375
30,0.33333333333333193,0.71185302734375,0.9691162109375,6.6895751953125
29,0.32499999999999862,-0.2430419921875,0.576904296875,6.58172607421875
29,0.33333333333333193,-0.25006103515625,0.54791259765625,6.70233154296875
28,0.32499999999999862,0.13323974609375,1.41650390625,6.58160400390625
28,0.33333333333333193,0.13421630859375,1.40533447265625,6.70220947265625
27,0.32499999999999862,0.37786865234375,0.65850830078125,6.58843994140625
27,0.33333333333333193,0.38397216796875,0.63128662109375,6.70916748046875
26,0.32499999999999862,-0.18035888671875,0.98846435546875,6.5958251953125
26,0.33333333333333193,-0.18603515625,0.96826171875,6.7166748046875
25,0.32499999999999862,0.26312255859375,1.0570068359375,6.59832763671875
25,0.33333333333333193,0.266845703125,1.03826904296875,6.71923828125
20,0.72499999999999742,-0.21038818359375,0.03778076171875,12.37115478515625
20,0.72738160276426678,-0.2113037109375,0,12.40557861328125
32,0.34166666666666523,0.22662353515625,0.21563720703125,6.80462646484375
32,0.34999999999999853,0.2294921875,0.17913818359375,6.9248046875
31,0.34166666666666523,-0.3870849609375,1.32366943359375,6.80950927734375
31,0.34999999999999853,-0.396728515625,1.3096923828125,6.9298095703125
30,0.34166666666666523,0.72479248046875,0.9482421875,6.80987548828125
30,0.34999999999999853,0.73773193359375,0.9266357421875,6.93017578125
29,0.34166666666666523,-0.257080078125,0.518310546875,6.8228759765625
29,0.34999999999999853,-0.2640380859375,0.48797607421875,6.94342041015625
28,0.34166666666666523,0.13519287109375,1.39349365234375,6.82275390625
28,0.34999999999999853,0.13616943359375,1.38092041015625,6.94329833984375
27,0.34166666666666523,0.39013671875,0.6033935546875,6.829833984375
27,0.34999999999999853,0.39630126953125,0.57476806640625,6.9505615234375
26,0.34166666666666523,-0.19171142578125,0.9473876953125,6.8375244140625
26,0.34999999999999853,-0.1973876953125,0.92572021484375,6.95843505859375
25,0.34166666666666523,0.27056884765625,1.018798828125,6.84014892578125
25,0.34999999999999853,0.2742919921875,0.99859619140625,6.9610595703125
32,0.35833333333333184,0.2322998046875,0.1419677734375,7.04498291015625
32,0.36666666666666514,0.235107421875,0.104248046875,7.16522216796875
31,0.35833333333333184,-0.40631103515625,1.29498291015625,7.050048828125
31,0.36666666666666514,-0.41595458984375,1.27972412109375,7.17034912109375
30,0.35833333333333184,0.75067138671875,0.90435791015625,7.05047607421875
30,0.36666666666666514,0.76361083984375,0.8814697265625,7.1707763671875
29,0.35833333333333184,-0.27105712890625,0.45697021484375,7.06402587890625
29,0.36666666666666514,-0.278076171875,0.42535400390625,7.1845703125
28,0.35833333333333184,0.13714599609375,1.36767578125,7.06390380859375
28,0.36666666666666514,0.13812255859375,1.35382080078125,7.1844482421875
27,0.35833333333333184,0.40240478515625,0.54547119140625,7.0712890625
27,0.36666666666666514,0.4085693359375,0.51556396484375,7.19195556640625
26,0.35833333333333184,-0.20306396484375,0.9034423828125,7.07928466796875
26,0.36666666666666514,-0.208740234375,0.8804931640625,7.20013427734375
25,0.35833333333333184,0.27801513671875,0.977783203125,7.08197021484375
25,0.36666666666666514,0.28173828125,0.956298828125,7.202880859375
32,0.37499999999999845,0.2379150390625,0.06573486328125,7.285400390625
32,0.38333333333333175,0.24078369140625,0.02655029296875,7.40557861328125
31,0.37499999999999845,-0.42559814453125,1.26373291015625,7.2906494140625
31,0.38333333333333175,-0.43524169921875,1.2470703125,7.41094970703125
30,0.37499999999999845,0.77655029296875,0.8577880859375,7.29107666015625
30,0.38333333333333175,0.78948974609375,0.83349609375,7.411376953125
29,0.37499999999999845,-0.2850341796875,0.39300537109375,7.30511474609375
29,0.38333333333333175,-0.29205322265625,0.35992431640625,7.42572021484375
28,0.37499999999999845,0.13909912109375,1.3392333984375,7.30499267578125
28,0.38333333333333175,0.14007568359375,1.323974609375,7.425537109375
27,0.37499999999999845,0.41473388671875,0.48492431640625,7.31268310546875
27,0.38333333333333175,0.4208984375,0.45361328125,7.433349609375
26,0.37499999999999845,-0.21435546875,0.85687255859375,7.32098388671875
26,0.38333333333333175,-0.22003173828125,0.83251953125,7.44183349609375
25,0.37499999999999845,0.28546142578125,0.93408203125,7.32379150390625
25,0.38333333333333175,0.2891845703125,0.9112548828125,7.4447021484375
33,0,0.08746337890625,1.25909423828125,0.88604736328125
34,0,0.08746337890625,1.25909423828125,0.88604736328125
35,0,0.08746337890625,1.25909423828125,0.88604736328125
36,0,0.08746337890625,1.25909423828125,0.88604736328125
37,0,0.08746337890625,1.25909423828125,0.88604736328125
38,0,0.08746337890625,1.25909423828125,0.88604736328125
39,0,0.08746337890625,1.25909423828125,0.88604736328125
40,0,0.08746337890625,1.25909423828125,0.88604736328125
32,0.38365443403007143,0.24090576171875,0,7.41021728515625
31,0.39166666666666505,-0.44488525390625,1.2296142578125,7.53125
31,0.39999999999999836,-0.45452880859375,1.21160888671875,7.65155029296875
30,0.39166666666666505,0.80242919921875,0.8084716796875,7.53167724609375
30,0.39999999999999836,0.81536865234375,0.7828369140625,7.6519775390625
29,0.39166666666666505,-0.29901123046875,0.326171875,7.5462646484375
29,0.39999999999999836,-0.3060302734375,0.29180908203125,7.66680908203125
28,0.39166666666666505,0.1409912109375,1.3079833984375,7.546142578125
28,0.39999999999999836,0.1419677734375,1.2913818359375,7.66668701171875
27,0.39166666666666505,0.427001953125,0.421630859375,7.5540771484375
27,0.39999999999999836,0.43316650390625,0.38897705078125,7.6748046875
26,0.39166666666666505,-0.2257080078125,0.8074951171875,7.562744140625
26,0.39999999999999836,-0.23138427734375,0.78179931640625,7.68359375
25,0.39166666666666505,0.2928466796875,0.88763427734375,7.56561279296875
25,0.39999999999999836,0.29656982421875,0.8634033203125,7.6865234375
40,0.0083333333333333037,0.11004638671875,1.25738525390625,1.0679931640625
40,0.016666666666666607,0.13262939453125,1.2557373046875,1.2498779296875
39,0.0083333333333333037,0.072265625,1.24786376953125,1.06842041015625
39,0.016666666666666607,0.05706787109375,1.2366943359375,1.25079345703125
38,0.0083333333333333037,0.0921630859375,1.27801513671875,1.068359375
38,0.016666666666666607,0.096923828125,1.29693603515625,1.2506103515625
37,0.0083333333333333037,0.09722900390625,1.24542236328125,1.068603515625
37,0.016666666666666607,0.10699462890625,1.23175048828125,1.25115966796875
36,0.0083333333333333037,0.07427978515625,1.26397705078125,1.06884765625
36,0.016666666666666607,0.0611572265625,1.26885986328125,1.25164794921875
35,0.0083333333333333037,0.09979248046875,1.26531982421875,1.06884765625
35,0.016666666666666607,0.1121826171875,1.27154541015625,1.25164794921875
34,0.0083333333333333037,0.08502197265625,1.250732421875,1.06915283203125
34,0.016666666666666607,0.08251953125,1.24237060546875,1.2523193359375
33,0.0083333333333333037,0.08648681640625,1.2650146484375,1.06927490234375
33,0.016666666666666607,0.0855712890625,1.27099609375,1.25250244140625
31,0.40833333333333166,-0.46417236328125,1.19287109375,7.7718505859375
31,0.41666666666666496,-0.47381591796875,1.17352294921875,7.89208984375
30,0.40833333333333166,0.82830810546875,0.7564697265625,7.77227783203125
30,0.41666666666666496,0.84124755859375,0.7294921875,7.892578125
29,0.40833333333333166,-0.31304931640625,0.2567138671875,7.78741455078125
29,0.41666666666666496,-0.32000732421875,0.22100830078125,7.907958984375
28,0.40833333333333166,0.1429443359375,1.2740478515625,7.7872314453125
28,0.41666666666666496,0.1439208984375,1.256103515625,7.90777587890625
27,0.40833333333333166,0.4393310546875,0.3555908203125,7.79547119140625
27,0.41666666666666496,0.4454345703125,0.32159423828125,7.91619873046875
26,0.40833333333333166,-0.237060546875,0.75543212890625,7.804443359375
26,0.41666666666666496,-0.24273681640625,0.72845458984375,7.92529296875
25,0.40833333333333166,0.30029296875,0.8385009765625,7.80743408203125
25,0.41666666666666496,0.30401611328125,0.81292724609375,7.9283447265625
40,0.024999999999999911,0.15521240234375,1.2540283203125,1.43182373046875
40,0.033333333333333215,0.17779541015625,1.25238037109375,1.61376953125
39,0.024999999999999911,0.0418701171875,1.2254638671875,1.43310546875
39,0.033333333333333215,0.02667236328125,1.21429443359375,1.615478515625
38,0.024999999999999911,0.10162353515625,1.3157958984375,1.43292236328125
38,0.033333333333333215,0.10638427734375,1.334716796875,1.615234375
37,0.024999999999999911,0.1168212890625,1.218017578125,1.4337158203125
37,0.033333333333333215,0.1265869140625,1.204345703125,1.61627197265625
36,0.024999999999999911,0.0479736328125,1.27374267578125,1.4344482421875
36,0.033333333333333215,0.0347900390625,1.27862548828125,1.61724853515625
35,0.024999999999999911,0.12451171875,1.27777099609375,1.43450927734375
35,0.033333333333333215,0.1368408203125,1.2840576171875,1.6173095703125
34,0.024999999999999911,0.080078125,1.2340087890625,1.4354248046875
34,0.033333333333333215,0.07757568359375,1.22564697265625,1.6185302734375
33,0.024999999999999911,0.0845947265625,1.27691650390625,1.43572998046875
33,0.033333333333333215,0.08367919921875,1.28289794921875,1.61895751953125
31,0.42499999999999827,-0.48345947265625,1.1534423828125,8.01239013671875
31,0.43333333333333157,-0.4930419921875,1.13262939453125,8.1326904296875
30,0.42499999999999827,0.854248046875,0.7017822265625,8.01287841796875
30,0.43333333333333157,0.8671875,0.67333984375,8.1331787109375
29,0.42499999999999827,-0.3270263671875,0.18450927734375,8.02850341796875
29,0.43333333333333157,-0.33404541015625,0.14739990234375,8.1490478515625
28,0.42499999999999827,0.1448974609375,1.2374267578125,8.02838134765625
28,0.43333333333333157,0.1458740234375,1.21807861328125,8.14892578125
27,0.42499999999999827,0.45159912109375,0.286865234375,8.03692626953125
27,0.43333333333333157,0.457763671875,0.25146484375,8.1575927734375
26,0.42499999999999827,-0.2484130859375,0.70068359375,8.046142578125
26,0.43333333333333157,-0.25408935546875,0.67230224609375,8.1669921875
25,0.42499999999999827,0.3077392578125,0.78662109375,8.04925537109375
25,0.43333333333333157,0.31146240234375,0.75970458984375,8.170166015625
40,0.041666666666666519,0.20037841796875,1.25067138671875,1.79571533203125
40,0.049999999999999822,0.22296142578125,1.2490234375,1.97760009765625
39,0.041666666666666519,0.011474609375,1.20306396484375,1.7978515625
39,0.049999999999999822,-0.00372314453125,1.19189453125,1.980224609375
38,0.041666666666666519,0.111083984375,1.3536376953125,1.79754638671875
38,0.049999999999999822,0.11578369140625,1.37255859375,1.97979736328125
37,0.041666666666666519,0.1363525390625,1.190673828125,1.798828125
37,0.049999999999999822,0.1461181640625,1.177001953125,1.98138427734375
36,0.041666666666666519,0.02166748046875,1.28350830078125,1.800048828125
36,0.049999999999999822,0.00848388671875,1.28839111328125,1.9827880859375
35,0.041666666666666519,0.14923095703125,1.290283203125,1.80010986328125
35,0.049999999999999822,0.16156005859375,1.2965087890625,1.98291015625
34,0.041666666666666519,0.07513427734375,1.21728515625,1.80169677734375
34,0.049999999999999822,0.07269287109375,1.20892333984375,1.98480224609375
33,0.041666666666666519,0.08270263671875,1.288818359375,1.80224609375
33,0.049999999999999822,0.081787109375,1.2947998046875,1.9854736328125
31,0.44166666666666488,-0.502685546875,1.11114501953125,8.25299072265625
31,0.44999999999999818,-0.5123291015625,1.08905029296875,8.373291015625
30,0.44166666666666488,0.880126953125,0.64422607421875,8.25347900390625
30,0.44999999999999818,0.89306640625,0.614501953125,8.373779296875
29,0.44166666666666488,-0.34100341796875,0.10955810546875,8.2696533203125
29,0.44999999999999818,-0.3480224609375,0.07110595703125,8.39019775390625
28,0.44166666666666488,0.1468505859375,1.197998046875,8.26947021484375
28,0.44999999999999818,0.1478271484375,1.17730712890625,8.3900146484375
27,0.44166666666666488,0.46392822265625,0.21533203125,8.2783203125
27,0.44999999999999818,0.47003173828125,0.1785888671875,8.39898681640625
26,0.44166666666666488,-0.259765625,0.64312744140625,8.28790283203125
26,0.44999999999999818,-0.265380859375,0.6134033203125,8.40875244140625
25,0.44166666666666488,0.315185546875,0.73199462890625,8.2911376953125
25,0.44999999999999818,0.31890869140625,0.7037353515625,8.41204833984375
40,0.058333333333333126,0.24554443359375,1.247314453125,2.1595458984375
40,0.06666666666666643,0.26812744140625,1.24566650390625,2.34149169921875
39,0.058333333333333126,-0.01898193359375,1.1806640625,2.16253662109375
39,0.06666666666666643,-0.0341796875,1.16943359375,2.34490966796875
38,0.058333333333333126,0.12054443359375,1.39141845703125,2.162109375
38,0.06666666666666643,0.125244140625,1.41033935546875,2.34442138671875
37,0.058333333333333126,0.1558837890625,1.163330078125,2.1639404296875
37,0.06666666666666643,0.16571044921875,1.14959716796875,2.3465576171875
36,0.058333333333333126,-0.00469970703125,1.293212890625,2.16558837890625
36,0.06666666666666643,-0.017822265625,1.298095703125,2.348388671875
35,0.058333333333333126,0.17388916015625,1.302734375,2.16571044921875
35,0.06666666666666643,0.186279296875,1.3089599609375,2.3485107421875
34,0.058333333333333126,0.0701904296875,1.2005615234375,2.16790771484375
34,0.06666666666666643,0.0677490234375,1.19219970703125,2.35107421875
33,0.058333333333333126,0.080810546875,1.30072021484375,2.168701171875
33,0.06666666666666643,0.07989501953125,1.30670166015625,2.3519287109375
31,0.45833333333333148,-0.52197265625,1.0662841796875,8.49359130859375
31,0.46666666666666479,-0.5316162109375,1.042724609375,8.6138916015625
30,0.45833333333333148,0.906005859375,0.5841064453125,8.49407958984375
30,0.46666666666666479,0.9189453125,0.552978515625,8.6143798828125
29,0.45833333333333148,-0.35498046875,0.031982421875,8.5107421875
29,0.45979070931215577,-0.356201171875,0,8.5318603515625
28,0.45833333333333148,0.1488037109375,1.156005859375,8.5106201171875
28,0.46666666666666479,0.14971923828125,1.1339111328125,8.63116455078125
27,0.45833333333333148,0.4761962890625,0.1412353515625,8.51971435546875
27,0.46666666666666479,0.48236083984375,0.10308837890625,8.64044189453125
26,0.45833333333333148,-0.27105712890625,0.58294677734375,8.52960205078125
26,0.46666666666666479,-0.2767333984375,0.55181884765625,8.65045166015625
25,0.45833333333333148,0.3226318359375,0.67474365234375,8.532958984375
25,0.46666666666666479,0.32635498046875,0.64501953125,8.65386962890625
40,0.074999999999999734,0.29052734375,1.24365234375,2.521484375
40,0.083333333333333037,0.3123779296875,1.24102783203125,2.6976318359375
39,0.074999999999999734,-0.0491943359375,1.15802001953125,2.52532958984375
39,0.083333333333333037,-0.06390380859375,1.14617919921875,2.701904296875
38,0.074999999999999734,0.12994384765625,1.4287109375,2.5247802734375
38,0.083333333333333037,0.134521484375,1.446044921875,2.70123291015625
37,0.074999999999999734,0.17535400390625,1.1357421875,2.52716064453125
37,0.083333333333333037,0.184814453125,1.12152099609375,2.70391845703125
36,0.074999999999999734,-0.0308837890625,1.30255126953125,2.52923583984375
36,0.083333333333333037,-0.0435791015625,1.30633544921875,2.70623779296875
35,0.074999999999999734,0.198486328125,1.31475830078125,2.5294189453125
35,0.083333333333333037,0.21044921875,1.31982421875,2.70635986328125
34,0.074999999999999734,0.0653076171875,1.18359375,2.5322265625
34,0.083333333333333037,0.06292724609375,1.17449951171875,2.70953369140625
33,0.074999999999999734,0.0789794921875,1.31219482421875,2.533203125
33,0.083333333333333037,0.07806396484375,1.3170166015625,2.71063232421875
31,0.47499999999999809,-0.541259765625,1.0185546875,8.734130859375
31,0.48333333333333139,-0.5509033203125,0.99371337890625,8.85443115234375
30,0.47499999999999809,0.931884765625,0.52117919921875,8.73468017578125
30,0.48333333333333139,0.94482421875,0.48870849609375,8.85498046875
28,0.47499999999999809,0.15069580078125,1.11114501953125,8.751708984375
28,0.48333333333333139,0.15167236328125,1.08770751953125,8.872314453125
27,0.47499999999999809,0.48846435546875,0.06427001953125,8.7611083984375
27,0.48328439081894753,0.49456787109375,0,8.881103515625
26,0.47499999999999809,-0.28240966796875,0.52001953125,8.77130126953125
26,0.48333333333333139,-0.2880859375,0.48748779296875,8.8922119140625
25,0.47499999999999809,0.330078125,0.61468505859375,8.7747802734375
25,0.48333333333333139,0.33380126953125,0.5836181640625,8.89569091796875
40,0.091666666666666341,0.333740234375,1.23773193359375,2.869873046875
40,0.099999999999999645,0.35467529296875,1.2337646484375,3.03826904296875
39,0.091666666666666341,-0.07830810546875,1.13385009765625,2.87457275390625
39,0.099999999999999645,-0.0924072265625,1.12109375,3.0433349609375
38,0.091666666666666341,0.13897705078125,1.46221923828125,2.87384033203125
38,0.099999999999999645,0.14337158203125,1.47735595703125,3.0426025390625
37,0.091666666666666341,0.194091796875,1.1068115234375,2.87677001953125
37,0.099999999999999645,0.203125,1.091796875,3.04571533203125
36,0.091666666666666341,-0.0560302734375,1.30926513671875,2.87933349609375
36,0.099999999999999645,-0.0682373046875,1.3114013671875,3.04852294921875
35,0.091666666666666341,0.22210693359375,1.32403564453125,2.87945556640625
35,0.099999999999999645,0.2335205078125,1.32745361328125,3.0487060546875
34,0.091666666666666341,0.06060791015625,1.16485595703125,2.8829345703125
34,0.099999999999999645,0.05828857421875,1.15472412109375,3.05242919921875
33,0.091666666666666341,0.0771484375,1.3209228515625,2.88409423828125
33,0.099999999999999645,0.0762939453125,1.32403564453125,3.0537109375
31,0.4916666666666647,-0.560546875,0.96820068359375,8.9747314453125
31,0.499999999999998,-0.5701904296875,0.94195556640625,9.09503173828125
30,0.4916666666666647,0.957763671875,0.45550537109375,8.97528076171875
30,0.499999999999998,0.970703125,0.42169189453125,9.0955810546875
28,0.4916666666666647,0.15264892578125,1.0635986328125,8.99285888671875
28,0.499999999999998,0.15362548828125,1.038818359375,9.1134033203125
26,0.4916666666666647,-0.29376220703125,0.454345703125,9.0130615234375
26,0.499999999999998,-0.2994384765625,0.42047119140625,9.1339111328125
25,0.4916666666666647,0.3375244140625,0.5518798828125,9.0166015625
25,0.499999999999998,0.3411865234375,0.51953125,9.13751220703125
40,0.10833333333333295,0.37506103515625,1.22918701171875,3.20281982421875
40,0.11666666666666625,0.39501953125,1.22393798828125,3.36346435546875
39,0.10833333333333295,-0.10614013671875,1.10791015625,3.208251953125
39,0.11666666666666625,-0.11956787109375,1.09423828125,3.36932373046875
38,0.10833333333333295,0.14764404296875,1.49139404296875,3.20745849609375
38,0.11666666666666625,0.15179443359375,1.5042724609375,3.36846923828125
37,0.10833333333333295,0.21197509765625,1.07635498046875,3.2108154296875
37,0.11666666666666625,0.2205810546875,1.06048583984375,3.3720703125
36,0.10833333333333295,-0.08013916015625,1.312744140625,3.21380615234375
36,0.11666666666666625,-0.091796875,1.313232421875,3.375244140625
35,0.10833333333333295,0.24468994140625,1.33001708984375,3.21405029296875
35,0.11666666666666625,0.255615234375,1.33172607421875,3.37548828125
34,0.10833333333333295,0.05609130859375,1.14410400390625,3.218017578125
34,0.11666666666666625,0.05389404296875,1.1329345703125,3.3797607421875
33,0.10833333333333295,0.075439453125,1.326416015625,3.21942138671875
33,0.11666666666666625,0.0745849609375,1.327880859375,3.3812255859375
31,0.50833333333333131,-0.57977294921875,0.91510009765625,9.21533203125
31,0.51666666666666461,-0.58941650390625,0.88751220703125,9.33563232421875
30,0.50833333333333131,0.983642578125,0.38720703125,9.21588134765625
30,0.51666666666666461,0.99658203125,0.35198974609375,9.336181640625
28,0.50833333333333131,0.15460205078125,1.01336669921875,9.23394775390625
28,0.51666666666666461,0.15557861328125,0.9871826171875,9.35455322265625
26,0.50833333333333131,-0.30511474609375,0.385986328125,9.2547607421875
26,0.51666666666666461,-0.310791015625,0.3507080078125,9.3756103515625
25,0.50833333333333131,0.34490966796875,0.4864501953125,9.2584228515625
25,0.51666666666666461,0.3486328125,0.45263671875,9.37933349609375
40,0.12499999999999956,0.41448974609375,1.21807861328125,3.520263671875
40,0.13333333333333286,0.4334716796875,1.2115478515625,3.6732177734375
39,0.12499999999999956,-0.1326904296875,1.0802001953125,3.5264892578125
39,0.13333333333333286,-0.14544677734375,1.065673828125,3.67974853515625
38,0.12499999999999956,0.1558837890625,1.51617431640625,3.52557373046875
38,0.13333333333333286,0.15985107421875,1.5269775390625,3.67877197265625
37,0.12499999999999956,0.22906494140625,1.0443115234375,3.5294189453125
37,0.13333333333333286,0.23724365234375,1.02764892578125,3.682861328125
36,0.12499999999999956,-0.10308837890625,1.31304931640625,3.5328369140625
36,0.13333333333333286,-0.11419677734375,1.31201171875,3.68646240234375
35,0.12499999999999956,0.2662353515625,1.33270263671875,3.53302001953125
35,0.13333333333333286,0.27667236328125,1.33282470703125,3.68670654296875
34,0.12499999999999956,0.0517578125,1.121337890625,3.53759765625
34,0.13333333333333286,0.0496826171875,1.10919189453125,3.6915283203125
33,0.12499999999999956,0.07373046875,1.32861328125,3.5391845703125
33,0.13333333333333286,0.07293701171875,1.3284912109375,3.69317626953125
31,0.52499999999999791,-0.59906005859375,0.8592529296875,9.4559326171875
31,0.53333333333333122,-0.60870361328125,0.830322265625,9.576171875
30,0.52499999999999791,1.009521484375,0.31610107421875,9.45648193359375
30,0.53333333333333122,1.0224609375,0.279541015625,9.5767822265625
28,0.52499999999999791,0.15655517578125,0.9603271484375,9.47509765625
28,0.53333333333333122,0.157470703125,0.93280029296875,9.59564208984375
26,0.52499999999999791,-0.31640625,0.3148193359375,9.49652099609375
26,0.53333333333333122,-0.32208251953125,0.27825927734375,9.61737060546875
25,0.52499999999999791,0.35235595703125,0.418212890625,9.500244140625
25,0.53333333333333122,0.3560791015625,0.383056640625,9.62115478515625
40,0.14166666666666616,0.45196533203125,1.20440673828125,3.822265625
40,0.14999999999999947,0.47003173828125,1.19659423828125,3.96746826171875
39,0.14166666666666616,-0.15789794921875,1.0506591796875,3.82916259765625
39,0.14999999999999947,-0.1700439453125,1.0352783203125,3.9747314453125
38,0.14166666666666616,0.1636962890625,1.53668212890625,3.82818603515625
38,0.14999999999999947,0.16748046875,1.5452880859375,3.9736328125
37,0.14166666666666616,0.2452392578125,1.01068115234375,3.83245849609375
37,0.14999999999999947,0.2530517578125,0.9932861328125,3.9781494140625
36,0.14166666666666616,-0.12493896484375,1.31024169921875,3.83624267578125
36,0.14999999999999947,-0.135498046875,1.30767822265625,3.98211669921875
35,0.14166666666666616,0.2867431640625,1.3321533203125,3.83648681640625
35,0.14999999999999947,0.296630859375,1.33062744140625,3.982421875
34,0.14166666666666616,0.04766845703125,1.0965576171875,3.84161376953125
34,0.14999999999999947,0.04571533203125,1.08343505859375,3.98773193359375
33,0.14166666666666616,0.07220458984375,1.32757568359375,3.84332275390625
33,0.14999999999999947,0.0714111328125,1.3258056640625,3.98956298828125
31,0.54166666666666452,-0.61834716796875,0.8006591796875,9.69647216796875
31,0.54999999999999782,-0.62799072265625,0.7703857421875,9.8167724609375
30,0.54166666666666452,1.035400390625,0.2423095703125,9.69708251953125
30,0.54999999999999782,1.04833984375,0.204345703125,9.8173828125
28,0.54166666666666452,0.158447265625,0.90460205078125,9.7161865234375
28,0.54999999999999782,0.159423828125,0.875732421875,9.8367919921875
26,0.54166666666666452,-0.3277587890625,0.240966796875,9.73822021484375
26,0.54999999999999782,-0.33343505859375,0.20306396484375,9.85906982421875
25,0.54166666666666452,0.35980224609375,0.34722900390625,9.7420654296875
25,0.54999999999999782,0.363525390625,0.310791015625,9.86297607421875
40,0.15833333333333277,0.487548828125,1.1881103515625,4.10882568359375
40,0.16666666666666607,0.504638671875,1.17901611328125,4.24627685546875
39,0.15833333333333277,-0.18182373046875,1.0194091796875,4.11639404296875
39,0.16666666666666607,-0.193359375,1.00311279296875,4.25421142578125
38,0.15833333333333277,0.171142578125,1.5528564453125,4.11529541015625
38,0.16666666666666607,0.1746826171875,1.559326171875,4.2530517578125
37,0.15833333333333277,0.26068115234375,0.9754638671875,4.1199951171875
37,0.16666666666666607,0.26806640625,0.95733642578125,4.2579345703125
36,0.15833333333333277,-0.14569091796875,1.3043212890625,4.1241455078125
36,0.16666666666666607,-0.1556396484375,1.3001708984375,4.26226806640625
35,0.15833333333333277,0.30621337890625,1.328369140625,4.12445068359375
35,0.16666666666666607,0.3155517578125,1.32525634765625,4.2625732421875
34,0.15833333333333277,0.0438232421875,1.06976318359375,4.1300048828125
34,0.16666666666666607,0.04193115234375,1.0556640625,4.26837158203125
33,0.15833333333333277,0.0706787109375,1.32330322265625,4.1319580078125
33,0.16666666666666607,0.07000732421875,1.32000732421875,4.2703857421875
31,0.55833333333333113,-0.63763427734375,0.73944091796875,9.93707275390625
31,0.56666666666666443,-0.64727783203125,0.70782470703125,10.057373046875
30,0.55833333333333113,1.061279296875,0.165771484375,9.93768310546875
30,0.56666666666666443,1.07421875,0.12652587890625,10.0579833984375
28,0.55833333333333113,0.160400390625,0.84619140625,9.95733642578125
28,0.56666666666666443,0.161376953125,0.81597900390625,10.077880859375
26,0.55833333333333113,-0.339111328125,0.1644287109375,9.97991943359375
26,0.56666666666666443,-0.34478759765625,0.12518310546875,10.100830078125
25,0.55833333333333113,0.36724853515625,0.27362060546875,9.98388671875
25,0.56666666666666443,0.3709716796875,0.23577880859375,10.10479736328125
40,0.17499999999999938,0.521240234375,1.1693115234375,4.3798828125
40,0.18333333333333268,0.537353515625,1.158935546875,4.5096435546875
39,0.17499999999999938,-0.2044677734375,0.98638916015625,4.38812255859375
39,0.18333333333333268,-0.21533203125,0.96923828125,4.5181884765625
38,0.17499999999999938,0.17816162109375,1.564697265625,4.38690185546875
38,0.18333333333333268,0.1815185546875,1.5689697265625,4.51690673828125
37,0.17499999999999938,0.27520751953125,0.93878173828125,4.39202880859375
37,0.18333333333333268,0.2822265625,0.91986083984375,4.522216796875
36,0.17499999999999938,-0.165283203125,1.2952880859375,4.396484375
36,0.18333333333333268,-0.1746826171875,1.28955078125,4.52685546875
35,0.17499999999999938,0.3245849609375,1.32135009765625,4.39678955078125
35,0.18333333333333268,0.33343505859375,1.31658935546875,4.52716064453125
34,0.17499999999999938,0.0401611328125,1.041015625,4.40289306640625
34,0.18333333333333268,0.03839111328125,1.02581787109375,4.533447265625
33,0.17499999999999938,0.06927490234375,1.31585693359375,4.40496826171875
33,0.18333333333333268,0.068603515625,1.3109130859375,4.53564453125
31,0.57499999999999774,-0.6568603515625,0.6754150390625,10.17767333984375
31,0.583333333333331,-0.66650390625,0.64239501953125,10.2979736328125
30,0.57499999999999774,1.087158203125,0.0865478515625,10.17828369140625
30,0.583333333333331,1.10015869140625,0.0458984375,10.298583984375
28,0.57499999999999774,0.162353515625,0.7850341796875,10.19842529296875
28,0.583333333333331,0.163330078125,0.75341796875,10.31903076171875
26,0.57499999999999774,-0.3504638671875,0.08514404296875,10.2216796875
26,0.583333333333331,-0.35614013671875,0.04449462890625,10.342529296875
25,0.57499999999999774,0.37469482421875,0.197265625,10.2257080078125
25,0.583333333333331,0.37841796875,0.15802001953125,10.34661865234375
40,0.19166666666666599,0.552978515625,1.14794921875,4.635498046875
40,0.19999999999999929,0.568115234375,1.13623046875,4.75750732421875
39,0.19166666666666599,-0.225830078125,0.95166015625,4.64434814453125
39,0.19999999999999929,-0.23602294921875,0.93353271484375,4.7666015625
38,0.19166666666666599,0.184814453125,1.57220458984375,4.64300537109375
38,0.19999999999999929,0.18798828125,1.5743408203125,4.7652587890625
37,0.19166666666666599,0.2889404296875,0.9005126953125,4.64849853515625
37,0.19999999999999929,0.2955322265625,0.88079833984375,4.77093505859375
36,0.19166666666666599,-0.18377685546875,1.2830810546875,4.6533203125
36,0.19999999999999929,-0.192626953125,1.27581787109375,4.77593994140625
35,0.19166666666666599,0.34197998046875,1.31103515625,4.6536865234375
35,0.19999999999999929,0.3502197265625,1.3046875,4.7762451171875
34,0.19166666666666599,0.03668212890625,1.01025390625,4.66015625
34,0.19999999999999929,0.0350341796875,0.99407958984375,4.782958984375
33,0.19166666666666599,0.06793212890625,1.30517578125,4.66241455078125
33,0.19999999999999929,0.06732177734375,1.29864501953125,4.7852783203125
31,0.59166666666666434,-0.6761474609375,0.60870361328125,10.418212890625
31,0.59999999999999765,-0.685791015625,0.5743408203125,10.53851318359375
30,0.587545544141846,1.106689453125,0,10.359375
28,0.59166666666666434,0.164306640625,0.72113037109375,10.4395751953125
28,0.59999999999999765,0.165283203125,0.68817138671875,10.56011962890625
26,0.58726243252819565,-0.35882568359375,0,10.3995361328125
25,0.59166666666666434,0.38214111328125,0.11810302734375,10.467529296875
25,0.59999999999999765,0.3858642578125,0.07757568359375,10.5885009765625
40,0.20833333333333259,0.5830078125,1.1239013671875,4.8775634765625
40,0.2166666666666659,0.597900390625,1.11090087890625,4.99761962890625
39,0.20833333333333259,-0.24609375,0.9149169921875,4.886962890625
39,0.2166666666666659,-0.256103515625,0.8956298828125,5.00732421875
38,0.20833333333333259,0.19110107421875,1.57562255859375,4.8856201171875
38,0.2166666666666659,0.1942138671875,1.576171875,5.00592041015625
37,0.20833333333333259,0.302001953125,0.86053466796875,4.89141845703125
37,0.2166666666666659,0.30841064453125,0.839599609375,5.01190185546875
36,0.20833333333333259,-0.2012939453125,1.267822265625,4.89654541015625
36,0.2166666666666659,-0.21002197265625,1.25909423828125,5.0172119140625
35,0.20833333333333259,0.3583984375,1.29754638671875,4.89691162109375
35,0.2166666666666659,0.36651611328125,1.289794921875,5.017578125
34,0.20833333333333259,0.03338623046875,0.977294921875,4.90380859375
34,0.2166666666666659,0.03173828125,0.95989990234375,5.02471923828125
33,0.20833333333333259,0.06671142578125,1.29132080078125,4.90618896484375
33,0.2166666666666659,0.06610107421875,1.2833251953125,5.02716064453125
31,0.608333333333331,-0.6954345703125,0.539306640625,10.6588134765625
31,0.61666666666666425,-0.705078125,0.5035400390625,10.77911376953125
28,0.608333333333331,0.16619873046875,0.654541015625,10.68072509765625
28,0.61666666666666425,0.16717529296875,0.6202392578125,10.80126953125
25,0.608333333333331,0.3895263671875,0.03631591796875,10.70941162109375
25,0.610579815394558,0.3905029296875,0,10.74200439453125
40,0.2249999999999992,0.61279296875,1.09716796875,5.11773681640625
40,0.2333333333333325,0.62774658203125,1.082763671875,5.23779296875
39,0.2249999999999992,-0.26617431640625,0.8756103515625,5.127685546875
39,0.2333333333333325,-0.27618408203125,0.85498046875,5.248046875
38,0.2249999999999992,0.19732666015625,1.5760498046875,5.126220703125
38,0.2333333333333325,0.200439453125,1.57525634765625,5.24652099609375
37,0.2249999999999992,0.31488037109375,0.81793212890625,5.13238525390625
37,0.2333333333333325,0.32135009765625,0.795654296875,5.25286865234375
36,0.2249999999999992,-0.21868896484375,1.24969482421875,5.13787841796875
36,0.2333333333333325,-0.22735595703125,1.23968505859375,5.25848388671875
35,0.2249999999999992,0.37469482421875,1.28125,5.13824462890625
35,0.2333333333333325,0.3828125,1.27215576171875,5.25885009765625
34,0.2249999999999992,0.0301513671875,0.9417724609375,5.14556884765625
34,0.2333333333333325,0.02850341796875,0.9229736328125,5.26641845703125
33,0.2249999999999992,0.0654296875,1.274658203125,5.1480712890625
33,0.2333333333333325,0.0648193359375,1.26531982421875,5.26898193359375
31,0.62499999999999756,-0.7147216796875,0.46710205078125,10.8994140625
31,0.63333333333333086,-0.724365234375,0.4300537109375,11.01971435546875
28,0.62499999999999756,0.16815185546875,0.585205078125,10.92181396484375
28,0.63333333333333086,0.16912841796875,0.549560546875,11.0423583984375
40,0.24166666666666581,0.64263916015625,1.06768798828125,5.35784912109375
40,0.24999999999999911,0.65753173828125,1.052001953125,5.4779052734375
39,0.24166666666666581,-0.28619384765625,0.8336181640625,5.368408203125
39,0.24999999999999911,-0.2962646484375,0.81158447265625,5.48876953125
38,0.24166666666666581,0.20355224609375,1.57373046875,5.3668212890625
38,0.24999999999999911,0.2066650390625,1.5716552734375,5.4871826171875
37,0.24166666666666581,0.32781982421875,0.77264404296875,5.37335205078125
37,0.24999999999999911,0.334228515625,0.7490234375,5.493896484375
36,0.24166666666666581,-0.236083984375,1.22894287109375,5.379150390625
36,0.24999999999999911,-0.2447509765625,1.217529296875,5.49981689453125
35,0.24166666666666581,0.3909912109375,1.26226806640625,5.3795166015625
35,0.24999999999999911,0.399169921875,1.2518310546875,5.50018310546875
34,0.24166666666666581,0.02691650390625,0.90350341796875,5.38726806640625
34,0.24999999999999911,0.0252685546875,0.88336181640625,5.50811767578125
33,0.24166666666666581,0.064208984375,1.25531005859375,5.38995361328125
33,0.24999999999999911,0.0635986328125,1.24462890625,5.5108642578125
31,0.64166666666666416,-0.7340087890625,0.39227294921875,11.1400146484375
31,0.64999999999999747,-0.74359130859375,0.353759765625,11.26025390625
28,0.64166666666666416,0.17010498046875,0.51318359375,11.1629638671875
28,0.64999999999999747,0.17108154296875,0.47613525390625,11.28350830078125
40,0.25833333333333242,0.67242431640625,1.03558349609375,5.5980224609375
40,0.26666666666666572,0.6873779296875,1.01849365234375,5.71807861328125
39,0.25833333333333242,-0.3062744140625,0.78887939453125,5.609130859375
39,0.26666666666666572,-0.31634521484375,0.7655029296875,5.7294921875
38,0.25833333333333242,0.20977783203125,1.56878662109375,5.60748291015625
38,0.26666666666666572,0.21295166015625,1.5653076171875,5.727783203125
37,0.25833333333333242,0.3406982421875,0.72467041015625,5.6143798828125
37,0.26666666666666572,0.34716796875,0.69964599609375,5.73486328125
36,0.25833333333333242,-0.25341796875,1.2054443359375,5.62042236328125
36,0.26666666666666572,-0.26214599609375,1.19268798828125,5.7410888671875
35,0.25833333333333242,0.40728759765625,1.2406005859375,5.620849609375
35,0.26666666666666572,0.41546630859375,1.22869873046875,5.74151611328125
34,0.25833333333333242,0.02362060546875,0.862548828125,5.6290283203125
34,0.26666666666666572,0.02203369140625,0.84100341796875,5.7498779296875
33,0.25833333333333242,0.06292724609375,1.23321533203125,5.6318359375
33,0.26666666666666572,0.06231689453125,1.22119140625,5.75274658203125
31,0.65833333333333077,-0.75323486328125,0.31463623046875,11.38055419921875
31,0.66666666666666408,-0.76287841796875,0.27484130859375,11.5008544921875
28,0.65833333333333077,0.17205810546875,0.43841552734375,11.404052734375
28,0.66666666666666408,0.17303466796875,0.4000244140625,11.52459716796875
40,0.274999999999999,0.7022705078125,1.000732421875,5.838134765625
40,0.28333333333333233,0.7171630859375,0.982177734375,5.958251953125
39,0.274999999999999,-0.32635498046875,0.741455078125,5.849853515625
39,0.28333333333333233,-0.33636474609375,0.7166748046875,5.97021484375
38,0.274999999999999,0.216064453125,1.56109619140625,5.84808349609375
38,0.28333333333333233,0.21917724609375,1.55621337890625,5.96844482421875
37,0.274999999999999,0.35357666015625,0.6739501953125,5.8553466796875
37,0.28333333333333233,0.36004638671875,0.64752197265625,5.975830078125
36,0.274999999999999,-0.27081298828125,1.17926025390625,5.86175537109375
36,0.28333333333333233,-0.27947998046875,1.1650390625,5.98236083984375
35,0.274999999999999,0.423583984375,1.2161865234375,5.8621826171875
35,0.28333333333333233,0.4317626953125,1.202880859375,5.9827880859375
34,0.274999999999999,0.0203857421875,0.81884765625,5.8707275390625
34,0.28333333333333233,0.01873779296875,0.79595947265625,5.9915771484375
33,0.274999999999999,0.06170654296875,1.20843505859375,5.8736572265625
33,0.28333333333333233,0.06109619140625,1.1949462890625,5.99462890625
31,0.67499999999999738,-0.77252197265625,0.23431396484375,11.62115478515625
31,0.68333333333333068,-0.78216552734375,0.193115234375,11.741455078125
28,0.67499999999999738,0.17401123046875,0.36090087890625,11.64520263671875
28,0.68333333333333068,0.1749267578125,0.3211669921875,11.7657470703125
40,0.29166666666666563,0.7320556640625,0.96307373046875,6.07830810546875
40,0.29999999999999893,0.74700927734375,0.9432373046875,6.1983642578125
39,0.29166666666666563,-0.346435546875,0.6912841796875,6.09051513671875
39,0.29999999999999893,-0.3564453125,0.66510009765625,6.21087646484375
38,0.29166666666666563,0.2222900390625,1.5506591796875,6.0887451171875
38,0.29999999999999893,0.22540283203125,1.54443359375,6.20904541015625
37,0.29166666666666563,0.36651611328125,0.6204833984375,6.0963134765625
37,0.29999999999999893,0.37298583984375,0.59271240234375,6.216796875
36,0.29166666666666563,-0.2882080078125,1.1502685546875,6.10302734375
36,0.29999999999999893,-0.296875,1.134765625,6.22369384765625
35,0.29166666666666563,0.43988037109375,1.18902587890625,6.10345458984375
35,0.29999999999999893,0.44805908203125,1.17437744140625,6.22412109375
34,0.29166666666666563,0.01715087890625,0.77239990234375,6.11248779296875
34,0.29999999999999893,0.0155029296875,0.7481689453125,6.23333740234375
33,0.29166666666666563,0.0604248046875,1.180908203125,6.11553955078125
33,0.29999999999999893,0.059814453125,1.16607666015625,6.23651123046875
31,0.691666666666664,-0.79180908203125,0.1512451171875,11.86175537109375
31,0.69999999999999729,-0.80145263671875,0.10870361328125,11.9820556640625
28,0.691666666666664,0.1759033203125,0.28070068359375,11.88629150390625
28,0.69999999999999729,0.1768798828125,0.23956298828125,12.0068359375
40,0.30833333333333224,0.76190185546875,0.9227294921875,6.31842041015625
40,0.31666666666666554,0.77679443359375,0.90155029296875,6.43853759765625
39,0.30833333333333224,-0.36651611328125,0.6383056640625,6.33123779296875
39,0.31666666666666554,-0.37652587890625,0.61083984375,6.45159912109375
38,0.30833333333333224,0.228515625,1.5374755859375,6.329345703125
38,0.31666666666666554,0.23162841796875,1.5299072265625,6.44970703125
37,0.30833333333333224,0.37939453125,0.56427001953125,6.3372802734375
37,0.31666666666666554,0.3858642578125,0.53515625,6.457763671875
36,0.30833333333333224,-0.3055419921875,1.11859130859375,6.34429931640625
36,0.31666666666666554,-0.31427001953125,1.1016845703125,6.4649658203125
35,0.30833333333333224,0.4561767578125,1.1590576171875,6.34478759765625
35,0.31666666666666554,0.46435546875,1.14312744140625,6.4654541015625
34,0.30833333333333224,0.01385498046875,0.72320556640625,6.35418701171875
34,0.31666666666666554,0.01226806640625,0.6976318359375,6.47503662109375
33,0.30833333333333224,0.0592041015625,1.15057373046875,6.357421875
33,0.31666666666666554,0.05859375,1.13446044921875,6.47833251953125
31,0.70833333333333059,-0.81109619140625,0.06549072265625,12.102294921875
31,0.716019935943662,-0.82000732421875,0,12.2132568359375
28,0.70833333333333059,0.1778564453125,0.19775390625,12.12744140625
28,0.7166666666666639,0.1788330078125,0.1552734375,12.24798583984375
40,0.32499999999999885,0.79168701171875,0.87969970703125,6.55859375
40,0.33333333333333215,0.80657958984375,0.85711669921875,6.67864990234375
39,0.32499999999999885,-0.38653564453125,0.58270263671875,6.57196044921875
39,0.33333333333333215,-0.3966064453125,0.55389404296875,6.69232177734375
38,0.32499999999999885,0.2347412109375,1.5216064453125,6.57000732421875
38,0.33333333333333215,0.23785400390625,1.5126953125,6.6903076171875
37,0.32499999999999885,0.392333984375,0.50537109375,6.5782470703125
37,0.33333333333333215,0.3988037109375,0.47491455078125,6.69879150390625
36,0.32499999999999885,-0.32293701171875,1.08416748046875,6.5855712890625
36,0.33333333333333215,-0.33160400390625,1.06597900390625,6.70623779296875
35,0.32499999999999885,0.47247314453125,1.12646484375,6.5860595703125
35,0.33333333333333215,0.48065185546875,1.10919189453125,6.70672607421875
34,0.32499999999999885,0.0106201171875,0.67138671875,6.59588623046875
34,0.33333333333333215,0.00897216796875,0.6444091796875,6.716796875
33,0.32499999999999885,0.05792236328125,1.11761474609375,6.59930419921875
33,0.33333333333333215,0.05731201171875,1.10009765625,6.72021484375
28,0.7249999999999972,0.1798095703125,0.11212158203125,12.3685302734375
28,0.73333333333333051,0.1807861328125,0.0682373046875,12.4891357421875
40,0.34166666666666545,0.821533203125,0.83392333984375,6.79876708984375
40,0.34999999999999876,0.83642578125,0.80999755859375,6.9188232421875
39,0.34166666666666545,-0.4066162109375,0.5244140625,6.81268310546875
39,0.34999999999999876,-0.41668701171875,0.494140625,6.93304443359375
38,0.34166666666666545,0.240966796875,1.5030517578125,6.81060791015625
38,0.34999999999999876,0.24407958984375,1.49267578125,6.930908203125
37,0.34166666666666545,0.40521240234375,0.44384765625,6.81927490234375
37,0.34999999999999876,0.41168212890625,0.4119873046875,6.93975830078125
36,0.34166666666666545,-0.34033203125,1.047119140625,6.826904296875
36,0.34999999999999876,-0.3489990234375,1.0274658203125,6.947509765625
35,0.34166666666666545,0.48876953125,1.0911865234375,6.827392578125
35,0.34999999999999876,0.4969482421875,1.072509765625,6.94805908203125
34,0.34166666666666545,0.00738525390625,0.6168212890625,6.837646484375
34,0.34999999999999876,0.0057373046875,0.58843994140625,6.95849609375
33,0.34166666666666545,0.05670166015625,1.08197021484375,6.8411865234375
33,0.34999999999999876,0.05609130859375,1.06304931640625,6.96209716796875
28,0.74142889873786466,0.1817626953125,0,12.60626220703125
40,0.35833333333333206,0.851318359375,0.785400390625,7.03887939453125
40,0.36666666666666536,0.8662109375,0.76019287109375,7.158935546875
39,0.35833333333333206,-0.42669677734375,0.4632568359375,7.05340576171875
39,0.36666666666666536,-0.43670654296875,0.4317626953125,7.17376708984375
38,0.35833333333333206,0.2471923828125,1.481689453125,7.05126953125
38,0.36666666666666536,0.25030517578125,1.47003173828125,7.17156982421875
37,0.35833333333333206,0.41815185546875,0.37945556640625,7.06024169921875
37,0.36666666666666536,0.424560546875,0.3463134765625,7.18072509765625
36,0.35833333333333206,-0.357666015625,1.0072021484375,7.06817626953125
36,0.36666666666666536,-0.36639404296875,0.986328125,7.1888427734375
35,0.35833333333333206,0.50506591796875,1.0531005859375,7.0687255859375
35,0.36666666666666536,0.51324462890625,1.0330810546875,7.1893310546875
34,0.35833333333333206,0.00408935546875,0.5594482421875,7.079345703125
34,0.36666666666666536,0.00250244140625,0.52978515625,7.20025634765625
33,0.35833333333333206,0.05548095703125,1.04345703125,7.0830078125
33,0.36666666666666536,0.0548095703125,1.0233154296875,7.2039794921875
40,0.37499999999999867,0.88116455078125,0.7342529296875,7.279052734375
40,0.38333333333333197,0.89605712890625,0.70758056640625,7.39910888671875
39,0.37499999999999867,-0.44677734375,0.3995361328125,7.29412841796875
39,0.38333333333333197,-0.456787109375,0.36663818359375,7.41448974609375
38,0.37499999999999867,0.25347900390625,1.45770263671875,7.2918701171875
38,0.38333333333333197,0.256591796875,1.44464111328125,7.41217041015625
37,0.37499999999999867,0.4310302734375,0.31243896484375,7.30120849609375
37,0.38333333333333197,0.4375,0.27789306640625,7.42169189453125
36,0.37499999999999867,-0.37506103515625,0.9647216796875,7.3094482421875
36,0.38333333333333197,-0.38372802734375,0.9423828125,7.43011474609375
35,0.37499999999999867,0.5213623046875,1.01239013671875,7.30999755859375
35,0.38333333333333197,0.529541015625,0.990966796875,7.4306640625
34,0.37499999999999867,0.0008544921875,0.49945068359375,7.32110595703125
34,0.38333333333333197,-0.000732421875,0.46844482421875,7.44195556640625
33,0.37499999999999867,0.05419921875,1.00238037109375,7.32489013671875
33,0.38333333333333197,0.0535888671875,0.98077392578125,7.44586181640625
41,0,0.08746337890625,1.25909423828125,0.88604736328125
42,0,0.08746337890625,1.25909423828125,0.88604736328125
43,0,0.08746337890625,1.25909423828125,0.88604736328125
44,0,0.08746337890625,1.25909423828125,0.88604736328125
45,0,0.08746337890625,1.25909423828125,0.88604736328125
46,0,0.08746337890625,1.25909423828125,0.88604736328125
47,0,0.08746337890625,1.25909423828125,0.88604736328125
48,0,0.08746337890625,1.25909423828125,0.88604736328125
40,0.39166666666666528,0.91094970703125,0.68023681640625,7.5191650390625
40,0.39999999999999858,0.92584228515625,0.65228271484375,7.6392822265625
39,0.39166666666666528,-0.46685791015625,0.3330078125,7.5347900390625
39,0.39999999999999858,-0.47686767578125,0.29876708984375,7.6551513671875
38,0.39166666666666528,0.25970458984375,1.430908203125,7.53253173828125
38,0.39999999999999858,0.2628173828125,1.41650390625,7.65283203125
37,0.39166666666666528,0.4439697265625,0.24261474609375,7.54217529296875
37,0.39999999999999858,0.45037841796875,0.20672607421875,7.66265869140625
36,0.39166666666666528,-0.3924560546875,0.91937255859375,7.55078125
36,0.39999999999999858,-0.401123046875,0.895751953125,7.67138671875
35,0.39166666666666528,0.5377197265625,0.9688720703125,7.55133056640625
35,0.39999999999999858,0.54583740234375,0.94610595703125,7.6719970703125
34,0.39166666666666528,-0.00238037109375,0.4366455078125,7.56280517578125
34,0.39999999999999858,-0.0040283203125,0.404296875,7.68365478515625
33,0.39166666666666528,0.052978515625,0.95849609375,7.5667724609375
33,0.39999999999999858,0.05230712890625,0.935546875,7.68768310546875
48,0.0083333333333333037,0.1063232421875,1.27215576171875,1.06793212890625
48,0.016666666666666607,0.12518310546875,1.28515625,1.24981689453125
47,0.0083333333333333037,0.0841064453125,1.2401123046875,1.068359375
47,0.016666666666666607,0.08074951171875,1.22113037109375,1.25067138671875
46,0.0083333333333333037,0.079345703125,1.27593994140625,1.06842041015625
46,0.016666666666666607,0.0711669921875,1.292724609375,1.25079345703125
45,0.0083333333333333037,0.10455322265625,1.25469970703125,1.06854248046875
45,0.016666666666666607,0.12164306640625,1.250244140625,1.25103759765625
44,0.0083333333333333037,0.0750732421875,1.25360107421875,1.06884765625
44,0.016666666666666607,0.06268310546875,1.248046875,1.251708984375
43,0.0083333333333333037,0.0933837890625,1.2713623046875,1.06884765625
43,0.016666666666666607,0.09930419921875,1.28363037109375,1.251708984375
42,0.0083333333333333037,0.09185791015625,1.2506103515625,1.06915283203125
42,0.016666666666666607,0.09619140625,1.2421875,1.252197265625
41,0.0083333333333333037,0.08355712890625,1.26239013671875,1.0693359375
41,0.016666666666666607,0.07965087890625,1.2657470703125,1.2525634765625
40,0.40833333333333188,0.9407958984375,0.62359619140625,7.75933837890625
40,0.41666666666666519,0.9556884765625,0.59429931640625,7.87939453125
39,0.40833333333333188,-0.48687744140625,0.26373291015625,7.7755126953125
39,0.41666666666666519,-0.4969482421875,0.2281494140625,7.8958740234375
38,0.40833333333333188,0.26593017578125,1.40142822265625,7.77313232421875
38,0.41666666666666519,0.26904296875,1.38568115234375,7.8934326171875
37,0.40833333333333188,0.45684814453125,0.17010498046875,7.783203125
37,0.41666666666666519,0.46331787109375,0.13287353515625,7.9036865234375
36,0.40833333333333188,-0.4097900390625,0.87139892578125,7.79205322265625
36,0.41666666666666519,-0.41845703125,0.84637451171875,7.9127197265625
35,0.40833333333333188,0.55401611328125,0.92266845703125,7.79266357421875
35,0.41666666666666519,0.5621337890625,0.8985595703125,7.91326904296875
34,0.40833333333333188,-0.005615234375,0.37115478515625,7.8045654296875
34,0.41666666666666519,-0.00726318359375,0.33746337890625,7.9254150390625
33,0.40833333333333188,0.05169677734375,0.911865234375,7.80865478515625
33,0.41666666666666519,0.05108642578125,0.88763427734375,7.9295654296875
48,0.024999999999999911,0.14404296875,1.2982177734375,1.43170166015625
48,0.033333333333333215,0.162841796875,1.311279296875,1.6136474609375
47,0.024999999999999911,0.077392578125,1.2021484375,1.4329833984375
47,0.033333333333333215,0.073974609375,1.1832275390625,1.61529541015625
46,0.024999999999999911,0.06304931640625,1.3095703125,1.43316650390625
46,0.033333333333333215,0.05487060546875,1.32635498046875,1.61553955078125
45,0.024999999999999911,0.13873291015625,1.245849609375,1.4334716796875
45,0.033333333333333215,0.15582275390625,1.24139404296875,1.615966796875
44,0.024999999999999911,0.05029296875,1.2425537109375,1.43450927734375
44,0.033333333333333215,0.037841796875,1.237060546875,1.61737060546875
43,0.024999999999999911,0.10528564453125,1.29595947265625,1.43450927734375
43,0.033333333333333215,0.1112060546875,1.3082275390625,1.61737060546875
42,0.024999999999999911,0.1005859375,1.23370361328125,1.435302734375
42,0.033333333333333215,0.10491943359375,1.22528076171875,1.618408203125
41,0.024999999999999911,0.0758056640625,1.26904296875,1.43585205078125
41,0.033333333333333215,0.0718994140625,1.27239990234375,1.61907958984375
40,0.42499999999999849,0.9705810546875,0.56427001953125,7.99945068359375
40,0.43333333333333179,0.9854736328125,0.53350830078125,8.11956787109375
39,0.42499999999999849,-0.5069580078125,0.19183349609375,8.0162353515625
39,0.43333333333333179,-0.5169677734375,0.15484619140625,8.1365966796875
38,0.42499999999999849,0.27215576171875,1.3692626953125,8.0137939453125
38,0.43333333333333179,0.2752685546875,1.35211181640625,8.13409423828125
37,0.42499999999999849,0.46978759765625,0.09490966796875,8.024169921875
37,0.43333333333333179,0.4761962890625,0.0562744140625,8.1446533203125
36,0.42499999999999849,-0.42718505859375,0.8206787109375,8.0333251953125
36,0.43333333333333179,-0.43585205078125,0.7943115234375,8.15399169921875
35,0.42499999999999849,0.5703125,0.87371826171875,8.033935546875
35,0.43333333333333179,0.57843017578125,0.8482666015625,8.15460205078125
34,0.42499999999999849,-0.0089111328125,0.30303955078125,8.0462646484375
34,0.43333333333333179,-0.010498046875,0.26788330078125,8.1671142578125
33,0.42499999999999849,0.05047607421875,0.86260986328125,8.050537109375
33,0.43333333333333179,0.0498046875,0.83697509765625,8.17144775390625
48,0.041666666666666519,0.18170166015625,1.3243408203125,1.7955322265625
48,0.049999999999999822,0.2005615234375,1.33734130859375,1.9774169921875
47,0.041666666666666519,0.07061767578125,1.16424560546875,1.797607421875
47,0.049999999999999822,0.0672607421875,1.145263671875,1.97998046875
46,0.041666666666666519,0.0467529296875,1.34320068359375,1.79791259765625
46,0.049999999999999822,0.03863525390625,1.3599853515625,1.9803466796875
45,0.041666666666666519,0.17291259765625,1.23699951171875,1.7984619140625
45,0.049999999999999822,0.19000244140625,1.2325439453125,1.98095703125
44,0.041666666666666519,0.02545166015625,1.2315673828125,1.8001708984375
44,0.049999999999999822,0.0130615234375,1.22601318359375,1.9830322265625
43,0.041666666666666519,0.11712646484375,1.32049560546875,1.8001708984375
43,0.049999999999999822,0.123046875,1.332763671875,1.98297119140625
42,0.041666666666666519,0.10931396484375,1.216796875,1.80145263671875
42,0.049999999999999822,0.1136474609375,1.2083740234375,1.98455810546875
41,0.041666666666666519,0.0679931640625,1.27569580078125,1.8023681640625
41,0.049999999999999822,0.0640869140625,1.279052734375,1.985595703125
40,0.4416666666666651,1.00042724609375,0.5020751953125,8.2396240234375
40,0.4499999999999984,1.01531982421875,0.47003173828125,8.35968017578125
39,0.4416666666666651,-0.52703857421875,0.11712646484375,8.2569580078125
39,0.4499999999999984,-0.53704833984375,0.07879638671875,8.3773193359375
38,0.4416666666666651,0.27838134765625,1.334228515625,8.25439453125
38,0.4499999999999984,0.281494140625,1.3157958984375,8.37469482421875
37,0.43995090456569086,0.4813232421875,0,8.2403564453125
36,0.4416666666666651,-0.44451904296875,0.7672119140625,8.274658203125
36,0.4499999999999984,-0.4532470703125,0.73944091796875,8.395263671875
35,0.4416666666666651,0.58660888671875,0.822021484375,8.2752685546875
35,0.4499999999999984,0.5947265625,0.79522705078125,8.39593505859375
34,0.4416666666666651,-0.01214599609375,0.2320556640625,8.28802490234375
34,0.4499999999999984,-0.0137939453125,0.195556640625,8.40887451171875
33,0.4416666666666651,0.0491943359375,0.810546875,8.2923583984375
33,0.4499999999999984,0.048583984375,0.78350830078125,8.413330078125
48,0.058333333333333126,0.21942138671875,1.35040283203125,2.1593017578125
48,0.06666666666666643,0.23828125,1.36346435546875,2.3411865234375
47,0.058333333333333126,0.06390380859375,1.12628173828125,2.16229248046875
47,0.06666666666666643,0.060546875,1.1072998046875,2.3446044921875
46,0.058333333333333126,0.03045654296875,1.3768310546875,2.1627197265625
46,0.06666666666666643,0.0223388671875,1.3936767578125,2.3450927734375
45,0.058333333333333126,0.20709228515625,1.2281494140625,2.16339111328125
45,0.06666666666666643,0.22418212890625,1.2237548828125,2.34588623046875
44,0.058333333333333126,0.00067138671875,1.22052001953125,2.16583251953125
44,0.06666666666666643,-0.01171875,1.21502685546875,2.34869384765625
43,0.058333333333333126,0.1290283203125,1.34503173828125,2.16583251953125
43,0.06666666666666643,0.13494873046875,1.35736083984375,2.3486328125
42,0.058333333333333126,0.1180419921875,1.19989013671875,2.16766357421875
42,0.06666666666666643,0.12237548828125,1.19140625,2.3507080078125
41,0.058333333333333126,0.0601806640625,1.2823486328125,2.16888427734375
41,0.06666666666666643,0.0562744140625,1.28570556640625,2.35211181640625
40,0.45833333333333171,1.03021240234375,0.43731689453125,8.479736328125
40,0.466666666666665,1.04510498046875,0.40386962890625,8.599853515625
39,0.45833333333333171,-0.547119140625,0.03973388671875,8.4976806640625
39,0.46142089093139244,-0.55084228515625,0,8.54229736328125
38,0.45833333333333171,0.28460693359375,1.296630859375,8.4949951171875
38,0.466666666666665,0.2877197265625,1.27679443359375,8.6153564453125
36,0.45833333333333171,-0.4619140625,0.7110595703125,8.51593017578125
36,0.466666666666665,-0.4705810546875,0.68194580078125,8.63653564453125
35,0.45833333333333171,0.6029052734375,0.7677001953125,8.51654052734375
35,0.466666666666665,0.61102294921875,0.739501953125,8.63720703125
34,0.45833333333333171,-0.015380859375,0.158447265625,8.52972412109375
34,0.466666666666665,-0.01702880859375,0.12054443359375,8.65057373046875
33,0.45833333333333171,0.0479736328125,0.755859375,8.53424072265625
33,0.466666666666665,0.04730224609375,0.7274169921875,8.6551513671875
48,0.074999999999999734,0.25689697265625,1.3759765625,2.52117919921875
48,0.083333333333333037,0.275146484375,1.38763427734375,2.697265625
47,0.074999999999999734,0.05718994140625,1.08819580078125,2.52496337890625
47,0.083333333333333037,0.053955078125,1.06884765625,2.70147705078125
46,0.074999999999999734,0.0142822265625,1.409912109375,2.5255126953125
46,0.083333333333333037,0.00640869140625,1.42523193359375,2.70208740234375
45,0.074999999999999734,0.2410888671875,1.218994140625,2.52642822265625
45,0.083333333333333037,0.25762939453125,1.2137451171875,2.703125
44,0.074999999999999734,-0.02398681640625,1.20916748046875,2.52960205078125
44,0.083333333333333037,-0.0360107421875,1.202880859375,2.70660400390625
43,0.074999999999999734,0.14080810546875,1.369140625,2.529541015625
43,0.083333333333333037,0.14654541015625,1.3800048828125,2.70654296875
42,0.074999999999999734,0.126708984375,1.18267822265625,2.5318603515625
42,0.083333333333333037,0.1309814453125,1.17352294921875,2.7091064453125
41,0.074999999999999734,0.05242919921875,1.28863525390625,2.533447265625
41,0.083333333333333037,0.04864501953125,1.29083251953125,2.71087646484375
40,0.47499999999999831,1.05999755859375,0.3697509765625,8.71990966796875
40,0.48333333333333162,1.074951171875,0.33489990234375,8.8399658203125
38,0.47499999999999831,0.29083251953125,1.2562255859375,8.73565673828125
38,0.48333333333333162,0.29400634765625,1.23504638671875,8.85595703125
36,0.47499999999999831,-0.47930908203125,0.65216064453125,8.7572021484375
36,0.48333333333333162,-0.48797607421875,0.62164306640625,8.87786865234375
35,0.47499999999999831,0.61920166015625,0.7105712890625,8.75787353515625
35,0.48333333333333162,0.6273193359375,0.68096923828125,8.8785400390625
34,0.47499999999999831,-0.0186767578125,0.08203125,8.77142333984375
34,0.48333333333333162,-0.020263671875,0.0428466796875,8.892333984375
33,0.47499999999999831,0.04669189453125,0.69830322265625,8.776123046875
33,0.48333333333333162,0.04608154296875,0.6685791015625,8.89703369140625
48,0.091666666666666341,0.29302978515625,1.3983154296875,2.8695068359375
48,0.099999999999999645,0.31048583984375,1.40802001953125,3.037841796875
47,0.091666666666666341,0.05078125,1.0491943359375,2.87408447265625
47,0.099999999999999645,0.04766845703125,1.02923583984375,3.0428466796875
46,0.091666666666666341,-0.0013427734375,1.439453125,2.874755859375
46,0.099999999999999645,-0.00885009765625,1.45263671875,3.0435791015625
45,0.091666666666666341,0.2738037109375,1.20782470703125,2.87591552734375
45,0.099999999999999645,0.28961181640625,1.20135498046875,3.0447998046875
44,0.091666666666666341,-0.0477294921875,1.1959228515625,2.87969970703125
44,0.099999999999999645,-0.0592041015625,1.1884765625,3.0489501953125
43,0.091666666666666341,0.15216064453125,1.38995361328125,2.879638671875
43,0.099999999999999645,0.15765380859375,1.39892578125,3.04888916015625
42,0.091666666666666341,0.13507080078125,1.163818359375,2.88250732421875
42,0.099999999999999645,0.13916015625,1.15362548828125,3.05194091796875
41,0.091666666666666341,0.04498291015625,1.29229736328125,2.8843994140625
41,0.099999999999999645,0.0413818359375,1.29296875,3.05401611328125
40,0.49166666666666492,1.08984375,0.2994384765625,8.9600830078125
40,0.49999999999999822,1.104736328125,0.2633056640625,9.08013916015625
38,0.49166666666666492,0.297119140625,1.213134765625,8.97625732421875
38,0.49999999999999822,0.30023193359375,1.19061279296875,9.09661865234375
36,0.49166666666666492,-0.49664306640625,0.59051513671875,8.99847412109375
36,0.49999999999999822,-0.50537109375,0.5587158203125,9.119140625
35,0.49166666666666492,0.635498046875,0.6507568359375,8.99920654296875
35,0.49999999999999822,0.64361572265625,0.61981201171875,9.11981201171875
34,0.48705657462191515,-0.02099609375,0,8.94635009765625
33,0.49166666666666492,0.04547119140625,0.63812255859375,9.01800537109375
33,0.49999999999999822,0.04486083984375,0.60699462890625,9.138916015625
48,0.10833333333333295,0.3275146484375,1.416748046875,3.20233154296875
48,0.11666666666666625,0.34417724609375,1.42449951171875,3.36297607421875
47,0.10833333333333295,0.04461669921875,1.009033203125,3.207763671875
47,0.11666666666666625,0.0416259765625,0.98846435546875,3.3687744140625
46,0.10833333333333295,-0.0162353515625,1.46478271484375,3.20849609375
46,0.11666666666666625,-0.0234375,1.47589111328125,3.36956787109375
45,0.10833333333333295,0.30511474609375,1.1943359375,3.2098388671875
45,0.11666666666666625,0.3201904296875,1.1866455078125,3.3709716796875
44,0.10833333333333295,-0.0704345703125,1.180419921875,3.21429443359375
44,0.11666666666666625,-0.08135986328125,1.1717529296875,3.375732421875
43,0.10833333333333295,0.16302490234375,1.406982421875,3.2142333984375
43,0.11666666666666625,0.16827392578125,1.4140625,3.37567138671875
42,0.10833333333333295,0.14306640625,1.14288330078125,3.217529296875
42,0.11666666666666625,0.14691162109375,1.13165283203125,3.37921142578125
41,0.10833333333333295,0.037841796875,1.29296875,3.21978759765625
41,0.11666666666666625,0.034423828125,1.2921142578125,3.381591796875
40,0.50833333333333153,1.11962890625,0.22650146484375,9.2001953125
40,0.51666666666666483,1.13458251953125,0.18896484375,9.32025146484375
38,0.50833333333333153,0.3033447265625,1.1673583984375,9.2169189453125
38,0.51666666666666483,0.30645751953125,1.1434326171875,9.33721923828125
36,0.50833333333333153,-0.5140380859375,0.5262451171875,9.23980712890625
36,0.51666666666666483,-0.522705078125,0.49298095703125,9.36041259765625
35,0.50833333333333153,0.65179443359375,0.5882568359375,9.240478515625
35,0.51666666666666483,0.65997314453125,0.555908203125,9.36114501953125
33,0.50833333333333153,0.044189453125,0.57525634765625,9.25982666015625
33,0.51666666666666483,0.0435791015625,0.542724609375,9.38079833984375
48,0.12499999999999956,0.36041259765625,1.43133544921875,3.519775390625
48,0.13333333333333286,0.376220703125,1.43719482421875,3.67266845703125
47,0.12499999999999956,0.0386962890625,0.96771240234375,3.52587890625
47,0.13333333333333286,0.035888671875,0.9466552734375,3.67913818359375
46,0.12499999999999956,-0.03045654296875,1.4859619140625,3.52679443359375
46,0.13333333333333286,-0.03729248046875,1.4949951171875,3.68011474609375
45,0.12499999999999956,0.33489990234375,1.17840576171875,3.52825927734375
45,0.13333333333333286,0.34930419921875,1.1695556640625,3.681640625
44,0.12499999999999956,-0.092041015625,1.16265869140625,3.5333251953125
44,0.13333333333333286,-0.10247802734375,1.15289306640625,3.68701171875
43,0.12499999999999956,0.17340087890625,1.42022705078125,3.53326416015625
43,0.13333333333333286,0.17840576171875,1.4254150390625,3.68695068359375
42,0.12499999999999956,0.15069580078125,1.11993408203125,3.53704833984375
42,0.13333333333333286,0.15435791015625,1.10772705078125,3.69091796875
41,0.12499999999999956,0.03106689453125,1.29058837890625,3.53955078125
41,0.13333333333333286,0.02777099609375,1.28826904296875,3.693603515625
40,0.52499999999999813,1.14947509765625,0.15069580078125,9.44036865234375
40,0.53333333333333144,1.16436767578125,0.11181640625,9.5604248046875
38,0.52499999999999813,0.3095703125,1.1187744140625,9.45751953125
38,0.53333333333333144,0.31268310546875,1.09344482421875,9.577880859375
36,0.52499999999999813,-0.53143310546875,0.4591064453125,9.4810791015625
36,0.53333333333333144,-0.54010009765625,0.424560546875,9.60174560546875
35,0.52499999999999813,0.6680908203125,0.52294921875,9.4818115234375
35,0.53333333333333144,0.67626953125,0.4892578125,9.60247802734375
33,0.52499999999999813,0.04296875,0.509521484375,9.501708984375
33,0.53333333333333144,0.0423583984375,0.4757080078125,9.6226806640625
48,0.14166666666666616,0.39166259765625,1.44207763671875,3.82171630859375
48,0.14999999999999947,0.40673828125,1.44598388671875,3.96685791015625
47,0.14166666666666616,0.03314208984375,0.92529296875,3.82855224609375
47,0.14999999999999947,0.03045654296875,0.9036865234375,3.97406005859375
46,0.14166666666666616,-0.0439453125,1.5029296875,3.82952880859375
46,0.14999999999999947,-0.05047607421875,1.5098876953125,3.97509765625
45,0.14166666666666616,0.36328125,1.16015625,3.8311767578125
45,0.14999999999999947,0.37689208984375,1.150146484375,3.976806640625
44,0.14166666666666616,-0.11260986328125,1.142578125,3.8367919921875
44,0.14999999999999947,-0.12255859375,1.1317138671875,3.98272705078125
43,0.14166666666666616,0.1832275390625,1.4296875,3.83673095703125
43,0.14999999999999947,0.18798828125,1.43304443359375,3.982666015625
42,0.14166666666666616,0.157958984375,1.094970703125,3.8409423828125
42,0.14999999999999947,0.16143798828125,1.081787109375,3.987060546875
41,0.14166666666666616,0.02459716796875,1.28515625,3.84375
41,0.14999999999999947,0.021484375,1.2813720703125,3.99005126953125
40,0.54166666666666474,1.17926025390625,0.072265625,9.68048095703125
40,0.549999999999998,1.1942138671875,0.03204345703125,9.80059814453125
38,0.54166666666666474,0.3157958984375,1.0675048828125,9.69818115234375
38,0.549999999999998,0.31890869140625,1.04083251953125,9.8184814453125
36,0.54166666666666474,-0.54876708984375,0.38934326171875,9.72235107421875
36,0.549999999999998,-0.5574951171875,0.3533935546875,9.843017578125
35,0.54166666666666474,0.68438720703125,0.45489501953125,9.72314453125
35,0.549999999999998,0.69256591796875,0.419921875,9.84375
33,0.54166666666666474,0.04168701171875,0.441162109375,9.74359130859375
33,0.549999999999998,0.04107666015625,0.40594482421875,9.864501953125
48,0.15833333333333277,0.42138671875,1.448974609375,4.10821533203125
48,0.16666666666666607,0.43560791015625,1.4510498046875,4.24566650390625
47,0.15833333333333277,0.02783203125,0.8818359375,4.11572265625
47,0.16666666666666607,0.0252685546875,0.85968017578125,4.25347900390625
46,0.15833333333333277,-0.0567626953125,1.515869140625,4.11676025390625
46,0.16666666666666607,-0.06292724609375,1.520751953125,4.25457763671875
45,0.15833333333333277,0.39019775390625,1.13958740234375,4.11859130859375
45,0.16666666666666607,0.40313720703125,1.12841796875,4.2564697265625
44,0.15833333333333277,-0.13214111328125,1.1202392578125,4.124755859375
44,0.16666666666666607,-0.14154052734375,1.1082763671875,4.262939453125
43,0.15833333333333277,0.192626953125,1.4354248046875,4.12469482421875
43,0.16666666666666607,0.19708251953125,1.4368896484375,4.2628173828125
42,0.15833333333333277,0.16485595703125,1.06805419921875,4.1292724609375
42,0.16666666666666607,0.16815185546875,1.0538330078125,4.26763916015625
41,0.15833333333333277,0.0184326171875,1.27679443359375,4.13238525390625
41,0.16666666666666607,0.0155029296875,1.271484375,4.2708740234375
40,0.55143283552634381,1.19677734375,0,9.82122802734375
38,0.55833333333333135,0.322021484375,1.0135498046875,9.93878173828125
38,0.56666666666666465,0.32513427734375,0.98553466796875,10.05908203125
36,0.55833333333333135,-0.566162109375,0.31683349609375,9.96368408203125
36,0.56666666666666465,-0.5748291015625,0.27960205078125,10.08428955078125
35,0.55833333333333135,0.70068359375,0.38421630859375,9.96441650390625
35,0.56666666666666465,0.7088623046875,0.347900390625,10.0850830078125
33,0.55833333333333135,0.04046630859375,0.3701171875,9.9854736328125
33,0.56666666666666465,0.03985595703125,0.33355712890625,10.10638427734375
48,0.17499999999999938,0.449462890625,1.4521484375,4.37921142578125
48,0.18333333333333268,0.462890625,1.45220947265625,4.5089111328125
47,0.17499999999999938,0.0228271484375,0.8372802734375,4.3873291015625
47,0.18333333333333268,0.0203857421875,0.81451416015625,4.51739501953125
46,0.17499999999999938,-0.06890869140625,1.52459716796875,4.38848876953125
46,0.18333333333333268,-0.07470703125,1.52740478515625,4.5185546875
45,0.17499999999999938,0.4156494140625,1.11669921875,4.3905029296875
45,0.18333333333333268,0.4278564453125,1.10430908203125,4.5206298828125
44,0.17499999999999938,-0.150634765625,1.09576416015625,4.397216796875
44,0.18333333333333268,-0.15948486328125,1.0826416015625,4.527587890625
43,0.17499999999999938,0.201416015625,1.43743896484375,4.3970947265625
43,0.18333333333333268,0.2056884765625,1.43695068359375,4.5274658203125
42,0.17499999999999938,0.17132568359375,1.0391845703125,4.402099609375
42,0.18333333333333268,0.1744384765625,1.02392578125,4.53265380859375
41,0.17499999999999938,0.01263427734375,1.26544189453125,4.40545654296875
41,0.18333333333333268,0.0098876953125,1.25860595703125,4.53619384765625
38,0.574999999999998,0.3282470703125,0.95684814453125,10.179443359375
38,0.58333333333333126,0.33135986328125,0.92742919921875,10.29974365234375
36,0.574999999999998,-0.58355712890625,0.24163818359375,10.2049560546875
36,0.58333333333333126,-0.59222412109375,0.20294189453125,10.3255615234375
35,0.574999999999998,0.71697998046875,0.310791015625,10.20574951171875
35,0.58333333333333126,0.72515869140625,0.2730712890625,10.326416015625
33,0.574999999999998,0.0391845703125,0.2962646484375,10.22735595703125
33,0.58333333333333126,0.03857421875,0.25836181640625,10.3482666015625
48,0.19166666666666599,0.4759521484375,1.451416015625,4.634765625
48,0.19999999999999929,0.48858642578125,1.44964599609375,4.75677490234375
47,0.19166666666666599,0.01806640625,0.79156494140625,4.64349365234375
47,0.19999999999999929,0.01580810546875,0.76824951171875,4.7657470703125
46,0.19166666666666599,-0.080322265625,1.5291748046875,4.644775390625
46,0.19999999999999929,-0.0858154296875,1.5299072265625,4.76708984375
45,0.19166666666666599,0.439697265625,1.0914306640625,4.6468505859375
45,0.19999999999999929,0.45111083984375,1.07794189453125,4.76922607421875
44,0.19166666666666599,-0.16802978515625,1.0689697265625,4.654052734375
44,0.19999999999999929,-0.1763916015625,1.0546875,4.77667236328125
43,0.19166666666666599,0.20977783203125,1.43560791015625,4.65399169921875
43,0.19999999999999929,0.2137451171875,1.43328857421875,4.77655029296875
42,0.19166666666666599,0.177490234375,1.00823974609375,4.65936279296875
42,0.19999999999999929,0.180419921875,0.99200439453125,4.7821044921875
41,0.19166666666666599,0.0072021484375,1.2510986328125,4.6629638671875
41,0.19999999999999929,0.00457763671875,1.24273681640625,4.785888671875
38,0.59166666666666456,0.33453369140625,0.89739990234375,10.4200439453125
38,0.59999999999999787,0.337646484375,0.86663818359375,10.54034423828125
36,0.59166666666666456,-0.60089111328125,0.16363525390625,10.44622802734375
36,0.59999999999999787,-0.609619140625,0.1236572265625,10.56689453125
35,0.59166666666666456,0.7332763671875,0.234619140625,10.447021484375
35,0.59999999999999787,0.741455078125,0.19549560546875,10.56768798828125
33,0.59166666666666456,0.0379638671875,0.2197265625,10.46917724609375
33,0.59999999999999787,0.037353515625,0.18048095703125,10.59014892578125
48,0.20833333333333259,0.50103759765625,1.447021484375,4.8768310546875
48,0.2166666666666659,0.51348876953125,1.4437255859375,4.99688720703125
47,0.20833333333333259,0.01361083984375,0.7445068359375,4.8861083984375
47,0.2166666666666659,0.01141357421875,0.7200927734375,5.00640869140625
46,0.20833333333333259,-0.0911865234375,1.52978515625,4.887451171875
46,0.2166666666666659,-0.0965576171875,1.52899169921875,5.0078125
45,0.20833333333333259,0.46240234375,1.06378173828125,4.88970947265625
45,0.2166666666666659,0.47369384765625,1.0489501953125,5.0101318359375
44,0.20833333333333259,-0.1845703125,1.03985595703125,4.8973388671875
44,0.2166666666666659,-0.1927490234375,1.0242919921875,5.01800537109375
43,0.20833333333333259,0.21771240234375,1.43017578125,4.897216796875
43,0.2166666666666659,0.22161865234375,1.4263916015625,5.01788330078125
42,0.20833333333333259,0.18328857421875,0.9752197265625,4.9029541015625
42,0.2166666666666659,0.1861572265625,0.95770263671875,5.0238037109375
41,0.20833333333333259,0.00201416015625,1.23370361328125,4.90679931640625
41,0.2166666666666659,-0.00054931640625,1.2239990234375,5.02777099609375
38,0.60833333333333117,0.34075927734375,0.83526611328125,10.66070556640625
38,0.61666666666666448,0.3438720703125,0.80316162109375,10.781005859375
36,0.60833333333333117,-0.6182861328125,0.0830078125,10.6875
36,0.61666666666666448,-0.626953125,0.0416259765625,10.80816650390625
35,0.60833333333333117,0.74957275390625,0.15576171875,10.6883544921875
35,0.61666666666666448,0.75775146484375,0.11529541015625,10.80902099609375
33,0.60833333333333117,0.03668212890625,0.1405029296875,10.7110595703125
33,0.61666666666666448,0.03607177734375,0.099853515625,10.83203125
48,0.2249999999999992,0.52593994140625,1.439697265625,5.11688232421875
48,0.2333333333333325,0.538330078125,1.43505859375,5.2369384765625
47,0.2249999999999992,0.0091552734375,0.6949462890625,5.12677001953125
47,0.2333333333333325,0.0069580078125,0.669189453125,5.2470703125
46,0.2249999999999992,-0.1019287109375,1.5274658203125,5.128173828125
46,0.2333333333333325,-0.1072998046875,1.52532958984375,5.24853515625
45,0.2249999999999992,0.4849853515625,1.03338623046875,5.13055419921875
45,0.2333333333333325,0.49627685546875,1.0172119140625,5.2509765625
44,0.2249999999999992,-0.200927734375,1.008056640625,5.138671875
44,0.2333333333333325,-0.2091064453125,0.99114990234375,5.25933837890625
43,0.2249999999999992,0.22552490234375,1.421875,5.1385498046875
43,0.2333333333333325,0.22943115234375,1.41668701171875,5.25921630859375
42,0.2249999999999992,0.18902587890625,0.93951416015625,5.1446533203125
42,0.2333333333333325,0.19195556640625,0.920654296875,5.26544189453125
41,0.2249999999999992,-0.003173828125,1.21356201171875,5.14874267578125
41,0.2333333333333325,-0.0057373046875,1.2025146484375,5.2696533203125
38,0.62499999999999778,0.34698486328125,0.7703857421875,10.90130615234375
38,0.63333333333333108,0.35009765625,0.7369384765625,11.0216064453125
36,0.61995887728856736,-0.63037109375,0,10.8558349609375
35,0.62499999999999778,0.765869140625,0.07415771484375,10.9296875
35,0.63333333333333108,0.7740478515625,0.0323486328125,11.05029296875
33,0.62499999999999778,0.03546142578125,0.05853271484375,10.95294189453125
33,0.63165213210614024,0.03497314453125,0,11.0494384765625
48,0.24166666666666581,0.55078125,1.4296875,5.35699462890625
48,0.24999999999999911,0.563232421875,1.4237060546875,5.47705078125
47,0.24166666666666581,0.00469970703125,0.6427001953125,5.367431640625
47,0.24999999999999911,0.00250244140625,0.6156005859375,5.48773193359375
46,0.24166666666666581,-0.1126708984375,1.52239990234375,5.368896484375
46,0.24999999999999911,-0.1180419921875,1.5189208984375,5.4892578125
45,0.24166666666666581,0.50750732421875,1.0003662109375,5.3714599609375
45,0.24999999999999911,0.518798828125,0.98284912109375,5.49188232421875
44,0.24166666666666581,-0.21728515625,0.97357177734375,5.3800048828125
44,0.24999999999999911,-0.2254638671875,0.955322265625,5.50067138671875
43,0.24166666666666581,0.23333740234375,1.41082763671875,5.3798828125
43,0.24999999999999911,0.23724365234375,1.40435791015625,5.50054931640625
42,0.24166666666666581,0.19482421875,0.901123046875,5.38629150390625
42,0.24999999999999911,0.19769287109375,0.88092041015625,5.50714111328125
41,0.24166666666666581,-0.00830078125,1.19073486328125,5.390625
41,0.24999999999999911,-0.0108642578125,1.1783447265625,5.5115966796875
38,0.64166666666666439,0.35321044921875,0.7027587890625,11.1419677734375
38,0.64999999999999769,0.3563232421875,0.66796875,11.26226806640625
35,0.63477250927706252,0.77545166015625,0,11.07110595703125
48,0.25833333333333242,0.57568359375,1.4169921875,5.59710693359375
48,0.26666666666666572,0.588134765625,1.40960693359375,5.7171630859375
47,0.25833333333333242,0.000244140625,0.58770751953125,5.60809326171875
47,0.26666666666666572,-0.001953125,0.5592041015625,5.7283935546875
46,0.25833333333333242,-0.1234130859375,1.51470947265625,5.60968017578125
46,0.26666666666666572,-0.1287841796875,1.50982666015625,5.73004150390625
45,0.25833333333333242,0.53009033203125,0.964599609375,5.6123046875
45,0.26666666666666572,0.5413818359375,0.9456787109375,5.73272705078125
44,0.25833333333333242,-0.233642578125,0.93634033203125,5.621337890625
44,0.26666666666666572,-0.2418212890625,0.916748046875,5.74200439453125
43,0.25833333333333242,0.2412109375,1.39715576171875,5.6212158203125
43,0.26666666666666572,0.2451171875,1.3892822265625,5.74188232421875
42,0.25833333333333242,0.2005615234375,0.86004638671875,5.62799072265625
42,0.26666666666666572,0.2034912109375,0.83843994140625,5.74884033203125
41,0.25833333333333242,-0.013427734375,1.16522216796875,5.63250732421875
41,0.26666666666666572,-0.0159912109375,1.15142822265625,5.75347900390625
38,0.658333333333331,0.35943603515625,0.6324462890625,11.382568359375
38,0.6666666666666643,0.362548828125,0.5963134765625,11.50286865234375
48,0.274999999999999,0.6005859375,1.40155029296875,5.83721923828125
48,0.28333333333333233,0.61297607421875,1.39276123046875,5.957275390625
47,0.274999999999999,-0.004150390625,0.530029296875,5.8487548828125
47,0.28333333333333233,-0.00640869140625,0.5001220703125,5.96905517578125
46,0.274999999999999,-0.1341552734375,1.5042724609375,5.85040283203125
46,0.28333333333333233,-0.1395263671875,1.49798583984375,5.97076416015625
45,0.274999999999999,0.5526123046875,0.92608642578125,5.85321044921875
45,0.28333333333333233,0.56390380859375,0.90582275390625,5.9736328125
44,0.274999999999999,-0.25,0.89642333984375,5.8626708984375
44,0.28333333333333233,-0.2581787109375,0.87542724609375,5.98333740234375
43,0.274999999999999,0.2490234375,1.38067626953125,5.862548828125
43,0.28333333333333233,0.2529296875,1.37139892578125,5.98321533203125
42,0.274999999999999,0.20635986328125,0.81622314453125,5.86962890625
42,0.28333333333333233,0.209228515625,0.793212890625,5.990478515625
41,0.274999999999999,-0.0185546875,1.136962890625,5.87445068359375
41,0.28333333333333233,-0.0211181640625,1.12176513671875,5.995361328125
38,0.6749999999999976,0.36566162109375,0.55938720703125,11.6231689453125
38,0.68333333333333091,0.3687744140625,0.52191162109375,11.7435302734375
48,0.29166666666666563,0.62542724609375,1.38336181640625,6.07733154296875
48,0.29999999999999893,0.63787841796875,1.37322998046875,6.1973876953125
47,0.29166666666666563,-0.00860595703125,0.4696044921875,6.08941650390625
47,0.29999999999999893,-0.0108642578125,0.4383544921875,6.209716796875
46,0.29166666666666563,-0.14495849609375,1.4910888671875,6.09112548828125
46,0.29999999999999893,-0.15032958984375,1.48345947265625,6.21148681640625
45,0.29166666666666563,0.5751953125,0.8848876953125,6.09405517578125
45,0.29999999999999893,0.58648681640625,0.86322021484375,6.21453857421875
44,0.29166666666666563,-0.266357421875,0.853759765625,6.10400390625
44,0.29999999999999893,-0.2745361328125,0.83135986328125,6.2247314453125
43,0.29166666666666563,0.2568359375,1.36151123046875,6.1038818359375
43,0.29999999999999893,0.2607421875,1.35089111328125,6.22454833984375
42,0.29166666666666563,0.21209716796875,0.7696533203125,6.111328125
42,0.29999999999999893,0.21502685546875,0.74530029296875,6.232177734375
41,0.29166666666666563,-0.02374267578125,1.10595703125,6.1163330078125
41,0.29999999999999893,-0.02630615234375,1.08941650390625,6.2373046875
38,0.69166666666666421,0.37188720703125,0.483642578125,11.86383056640625
38,0.69999999999999751,0.37506103515625,0.44476318359375,11.984130859375
48,0.30833333333333224,0.65032958984375,1.36248779296875,6.31744384765625
48,0.31666666666666554,0.66278076171875,1.35101318359375,6.43743896484375
47,0.30833333333333224,-0.0130615234375,0.4063720703125,6.330078125
47,0.31666666666666554,-0.0152587890625,0.373779296875,6.45037841796875
46,0.30833333333333224,-0.15570068359375,1.47509765625,6.33184814453125
46,0.31666666666666554,-0.16107177734375,1.46612548828125,6.45220947265625
45,0.30833333333333224,0.5977783203125,0.84088134765625,6.3349609375
45,0.31666666666666554,0.6090087890625,0.81787109375,6.45538330078125
44,0.30833333333333224,-0.28277587890625,0.808349609375,6.34539794921875
44,0.31666666666666554,-0.29095458984375,0.78460693359375,6.466064453125
43,0.30833333333333224,0.26470947265625,1.339599609375,6.34521484375
43,0.31666666666666554,0.26861572265625,1.32757568359375,6.46588134765625
42,0.30833333333333224,0.2178955078125,0.7203369140625,6.35296630859375
42,0.31666666666666554,0.22076416015625,0.6947021484375,6.47381591796875
41,0.30833333333333224,-0.02886962890625,1.07220458984375,6.35821533203125
41,0.31666666666666554,-0.03143310546875,1.0543212890625,6.47918701171875
38,0.70833333333333082,0.378173828125,0.4051513671875,12.10443115234375
38,0.71666666666666412,0.38128662109375,0.36492919921875,12.22479248046875
48,0.32499999999999885,0.67523193359375,1.3388671875,6.5574951171875
48,0.33333333333333215,0.6876220703125,1.3260498046875,6.67755126953125
47,0.32499999999999885,-0.01751708984375,0.34051513671875,6.57073974609375
47,0.33333333333333215,-0.01971435546875,0.30657958984375,6.6910400390625
46,0.32499999999999885,-0.16644287109375,1.45648193359375,6.5726318359375
46,0.33333333333333215,-0.17181396484375,1.4461669921875,6.6929931640625
45,0.32499999999999885,0.62030029296875,0.794189453125,6.5758056640625
45,0.33333333333333215,0.631591796875,0.7698974609375,6.6962890625
44,0.32499999999999885,-0.29913330078125,0.76025390625,6.58673095703125
44,0.33333333333333215,-0.30731201171875,0.73516845703125,6.7073974609375
43,0.32499999999999885,0.27252197265625,1.31494140625,6.5865478515625
43,0.33333333333333215,0.27642822265625,1.3016357421875,6.70721435546875
42,0.32499999999999885,0.2236328125,0.6683349609375,6.59466552734375
42,0.33333333333333215,0.22650146484375,0.641357421875,6.71551513671875
41,0.32499999999999885,-0.03399658203125,1.0357666015625,6.60015869140625
41,0.33333333333333215,-0.03656005859375,1.01654052734375,6.72113037109375
38,0.72499999999999742,0.3843994140625,0.323974609375,12.3450927734375
38,0.73333333333333073,0.38751220703125,0.28228759765625,12.46539306640625
48,0.34166666666666545,0.7000732421875,1.31256103515625,6.797607421875
48,0.34999999999999876,0.7125244140625,1.29833984375,6.91766357421875
47,0.34166666666666545,-0.02197265625,0.27197265625,6.8114013671875
47,0.34999999999999876,-0.024169921875,0.23663330078125,6.93170166015625
46,0.34166666666666545,-0.17718505859375,1.4351806640625,6.8133544921875
46,0.34999999999999876,-0.18255615234375,1.4234619140625,6.9337158203125
45,0.34166666666666545,0.64288330078125,0.744873046875,6.81671142578125
45,0.34999999999999876,0.6541748046875,0.7191162109375,6.9371337890625
44,0.34166666666666545,-0.31549072265625,0.70941162109375,6.82806396484375
44,0.34999999999999876,-0.32366943359375,0.6829833984375,6.94873046875
43,0.34166666666666545,0.28033447265625,1.28765869140625,6.827880859375
43,0.34999999999999876,0.2843017578125,1.27294921875,6.94854736328125
42,0.34166666666666545,0.22943115234375,0.6136474609375,6.83636474609375
42,0.34999999999999876,0.2322998046875,0.58526611328125,6.9571533203125
41,0.34166666666666545,-0.03912353515625,0.99664306640625,6.842041015625
41,0.34999999999999876,-0.04168701171875,0.97601318359375,6.9630126953125
38,0.741666666666664,0.390625,0.24005126953125,12.585693359375
38,0.74999999999999734,0.39373779296875,0.197021484375,12.7060546875
48,0.35833333333333206,0.7249755859375,1.283447265625,7.0377197265625
48,0.36666666666666536,0.7374267578125,1.2679443359375,7.15777587890625
47,0.35833333333333206,-0.0263671875,0.20062255859375,7.05206298828125
47,0.36666666666666536,-0.02862548828125,0.1639404296875,7.17236328125
46,0.35833333333333206,-0.18792724609375,1.41107177734375,7.0540771484375
46,0.36666666666666536,-0.19329833984375,1.3980712890625,7.1744384765625
45,0.35833333333333206,0.6654052734375,0.69268798828125,7.05755615234375
45,0.36666666666666536,0.67669677734375,0.6656494140625,7.17803955078125
44,0.35833333333333206,-0.33184814453125,0.65582275390625,7.06939697265625
44,0.36666666666666536,-0.34002685546875,0.62811279296875,7.1900634765625
43,0.35833333333333206,0.2882080078125,1.25750732421875,7.0692138671875
43,0.36666666666666536,0.2921142578125,1.24151611328125,7.18988037109375
42,0.35833333333333206,0.23516845703125,0.55615234375,7.0780029296875
42,0.36666666666666536,0.238037109375,0.5264892578125,7.1988525390625
41,0.35833333333333206,-0.0443115234375,0.95465087890625,7.083984375
41,0.36666666666666536,-0.046875,0.9327392578125,7.20489501953125
38,0.75833333333333064,0.3968505859375,0.15338134765625,12.82635498046875
38,0.76666666666666394,0.39996337890625,0.1090087890625,12.9466552734375
48,0.37499999999999867,0.7498779296875,1.251708984375,7.27783203125
48,0.38333333333333197,0.76226806640625,1.23480224609375,7.39788818359375
47,0.37499999999999867,-0.03082275390625,0.1265869140625,7.292724609375
47,0.38333333333333197,-0.0330810546875,0.08856201171875,7.41302490234375
46,0.37499999999999867,-0.19866943359375,1.38427734375,7.2947998046875
46,0.38333333333333197,-0.20404052734375,1.369873046875,7.41522216796875
45,0.37499999999999867,0.68798828125,0.637939453125,7.2984619140625
45,0.38333333333333197,0.69927978515625,0.6094970703125,7.41888427734375
44,0.37499999999999867,-0.34820556640625,0.599609375,7.31072998046875
44,0.38333333333333197,-0.35638427734375,0.5704345703125,7.431396484375
43,0.37499999999999867,0.2960205078125,1.22479248046875,7.310546875
43,0.38333333333333197,0.2999267578125,1.2073974609375,7.43121337890625
42,0.37499999999999867,0.240966796875,0.49603271484375,7.3197021484375
42,0.38333333333333197,0.24383544921875,0.4649658203125,7.4405517578125
41,0.37499999999999867,-0.0494384765625,0.91009521484375,7.32586669921875
41,0.38333333333333197,-0.052001953125,0.88677978515625,7.44683837890625
38,0.77499999999999725,0.403076171875,0.06402587890625,13.06695556640625
38,0.78210222337570678,0.40570068359375,0,13.16949462890625
49,0,0.08746337890625,1.25909423828125,0.88604736328125
50,0,0.08746337890625,1.25909423828125,0.88604736328125
51,0,0.08746337890625,1.25909423828125,0.88604736328125
52,0,0.08746337890625,1.25909423828125,0.88604736328125
53,0,0.08746337890625,1.25909423828125,0.88604736328125
54,0,0.08746337890625,1.25909423828125,0.88604736328125
55,0,0.08746337890625,1.25909423828125,0.88604736328125
56,0,0.08746337890625,1.25909423828125,0.88604736328125
48,0.39166666666666528,0.77471923828125,1.2171630859375,7.5179443359375
48,0.39999999999999858,0.78717041015625,1.19891357421875,7.637939453125
47,0.39166666666666528,-0.0352783203125,0.0498046875,7.53338623046875
47,0.39691472842029724,-0.03668212890625,0,7.609130859375
46,0.39166666666666528,-0.20941162109375,1.354736328125,7.53558349609375
46,0.39999999999999858,-0.21478271484375,1.3389892578125,7.65594482421875
45,0.39166666666666528,0.7105712890625,0.580322265625,7.539306640625
45,0.39999999999999858,0.7218017578125,0.550537109375,7.6597900390625
44,0.39166666666666528,-0.36456298828125,0.54058837890625,7.55206298828125
44,0.39999999999999858,-0.37274169921875,0.51007080078125,7.6727294921875
43,0.39166666666666528,0.3038330078125,1.189208984375,7.5518798828125
43,0.39999999999999858,0.30780029296875,1.17047119140625,7.67254638671875
42,0.39166666666666528,0.2467041015625,0.43310546875,7.56134033203125
42,0.39999999999999858,0.24957275390625,0.40069580078125,7.68218994140625
41,0.39166666666666528,-0.0545654296875,0.86273193359375,7.5677490234375
41,0.39999999999999858,-0.05712890625,0.83807373046875,7.688720703125
56,0.0083333333333333037,0.07330322265625,1.275146484375,1.068115234375
56,0.016666666666666607,0.05914306640625,1.291259765625,1.25018310546875
55,0.0083333333333333037,0.10870361328125,1.2587890625,1.06817626953125
55,0.016666666666666607,0.1298828125,1.258544921875,1.250244140625
54,0.0083333333333333037,0.07427978515625,1.2479248046875,1.06854248046875
54,0.016666666666666607,0.06103515625,1.23675537109375,1.2510986328125
53,0.0083333333333333037,0.0908203125,1.27642822265625,1.06854248046875
53,0.016666666666666607,0.09417724609375,1.2938232421875,1.2509765625
52,0.0083333333333333037,0.09698486328125,1.24761962890625,1.06878662109375
52,0.016666666666666607,0.10650634765625,1.236083984375,1.25152587890625
51,0.0083333333333333037,0.0762939453125,1.2625732421875,1.06903076171875
51,0.016666666666666607,0.06512451171875,1.26605224609375,1.251953125
50,0.0083333333333333037,0.09698486328125,1.26458740234375,1.06903076171875
50,0.016666666666666607,0.1065673828125,1.2701416015625,1.2520751953125
49,0.0083333333333333037,0.08685302734375,1.25445556640625,1.0693359375
49,0.016666666666666607,0.086181640625,1.24981689453125,1.2525634765625
48,0.40833333333333188,0.79962158203125,1.179931640625,7.75799560546875
48,0.41666666666666519,0.81207275390625,1.160400390625,7.8780517578125
46,0.40833333333333188,-0.22015380859375,1.322509765625,7.77630615234375
46,0.41666666666666519,-0.22552490234375,1.305419921875,7.89666748046875
45,0.40833333333333188,0.73309326171875,0.52001953125,7.78021240234375
45,0.41666666666666519,0.744384765625,0.48895263671875,7.900634765625
44,0.40833333333333188,-0.38092041015625,0.4788818359375,7.79339599609375
44,0.41666666666666519,-0.38909912109375,0.447021484375,7.9140625
43,0.40833333333333188,0.31170654296875,1.1510009765625,7.793212890625
43,0.41666666666666519,0.31561279296875,1.13092041015625,7.91387939453125
42,0.40833333333333188,0.25244140625,0.36749267578125,7.80303955078125
42,0.41666666666666519,0.25537109375,0.333740234375,7.92388916015625
41,0.40833333333333188,-0.0596923828125,0.81268310546875,7.8096923828125
41,0.41666666666666519,-0.062255859375,0.78668212890625,7.93060302734375
56,0.024999999999999911,0.04498291015625,1.30731201171875,1.4322509765625
56,0.033333333333333215,0.03082275390625,1.32342529296875,1.6143798828125
55,0.024999999999999911,0.151123046875,1.25823974609375,1.432373046875
55,0.033333333333333215,0.17236328125,1.25799560546875,1.61444091796875
54,0.024999999999999911,0.0478515625,1.2255859375,1.43359375
54,0.033333333333333215,0.03460693359375,1.21441650390625,1.6160888671875
53,0.024999999999999911,0.0975341796875,1.3111572265625,1.4334716796875
53,0.033333333333333215,0.10089111328125,1.32855224609375,1.615966796875
52,0.024999999999999911,0.11602783203125,1.224609375,1.4342041015625
52,0.033333333333333215,0.12554931640625,1.21307373046875,1.616943359375
51,0.024999999999999911,0.053955078125,1.26953125,1.4349365234375
51,0.033333333333333215,0.04278564453125,1.2730712890625,1.61785888671875
50,0.024999999999999911,0.1160888671875,1.275634765625,1.43505859375
50,0.033333333333333215,0.1256103515625,1.28118896484375,1.6180419921875
49,0.024999999999999911,0.0855712890625,1.2451171875,1.43585205078125
49,0.033333333333333215,0.08489990234375,1.240478515625,1.619140625
48,0.42499999999999849,0.82452392578125,1.14007568359375,7.99810791015625
48,0.43333333333333179,0.8369140625,1.11907958984375,8.1181640625
46,0.42499999999999849,-0.23089599609375,1.28759765625,8.01702880859375
46,0.43333333333333179,-0.23626708984375,1.26910400390625,8.13739013671875
45,0.42499999999999849,0.75567626953125,0.45709228515625,8.02105712890625
45,0.43333333333333179,0.7669677734375,0.424560546875,8.14154052734375
44,0.42499999999999849,-0.39727783203125,0.4144287109375,8.03472900390625
44,0.43333333333333179,-0.405517578125,0.3812255859375,8.1553955078125
43,0.42499999999999849,0.31951904296875,1.110107421875,8.0345458984375
43,0.43333333333333179,0.32342529296875,1.08856201171875,8.1551513671875
42,0.42499999999999849,0.25823974609375,0.29925537109375,8.04473876953125
42,0.43333333333333179,0.2611083984375,0.2640380859375,8.16552734375
41,0.42499999999999849,-0.06488037109375,0.75994873046875,8.05157470703125
41,0.43333333333333179,-0.06744384765625,0.7325439453125,8.17254638671875
56,0.041666666666666519,0.01666259765625,1.3394775390625,1.79644775390625
56,0.049999999999999822,0.00250244140625,1.35552978515625,1.978515625
55,0.041666666666666519,0.19354248046875,1.2576904296875,1.79656982421875
55,0.049999999999999822,0.21478271484375,1.2574462890625,1.9786376953125
54,0.041666666666666519,0.02142333984375,1.20330810546875,1.79864501953125
54,0.049999999999999822,0.00823974609375,1.192138671875,1.98114013671875
53,0.041666666666666519,0.104248046875,1.34588623046875,1.7984619140625
53,0.049999999999999822,0.10760498046875,1.36322021484375,1.98089599609375
52,0.041666666666666519,0.13507080078125,1.20159912109375,1.7996826171875
52,0.049999999999999822,0.14459228515625,1.19012451171875,1.982421875
51,0.041666666666666519,0.03167724609375,1.27655029296875,1.80084228515625
51,0.049999999999999822,0.0205078125,1.280029296875,1.98382568359375
50,0.041666666666666519,0.1351318359375,1.28668212890625,1.80108642578125
50,0.049999999999999822,0.14471435546875,1.292236328125,1.98406982421875
49,0.041666666666666519,0.08428955078125,1.23583984375,1.80242919921875
49,0.049999999999999822,0.0836181640625,1.231201171875,1.98565673828125
48,0.4416666666666651,0.849365234375,1.09735107421875,8.23822021484375
48,0.4499999999999984,0.86181640625,1.07501220703125,8.3582763671875
46,0.4416666666666651,-0.24163818359375,1.24981689453125,8.2578125
46,0.4499999999999984,-0.24700927734375,1.22998046875,8.378173828125
45,0.4416666666666651,0.7781982421875,0.39129638671875,8.261962890625
45,0.4499999999999984,0.78948974609375,0.357421875,8.38238525390625
44,0.4416666666666651,-0.4136962890625,0.34722900390625,8.27606201171875
44,0.4499999999999984,-0.421875,0.31268310546875,8.396728515625
43,0.4416666666666651,0.327392578125,1.06634521484375,8.27581787109375
43,0.4499999999999984,0.331298828125,1.04351806640625,8.396484375
42,0.4416666666666651,0.26397705078125,0.2281494140625,8.286376953125
42,0.4499999999999984,0.26690673828125,0.19158935546875,8.4072265625
41,0.4416666666666651,-0.07000732421875,0.70440673828125,8.29351806640625
41,0.4499999999999984,-0.07257080078125,0.6756591796875,8.4144287109375
56,0.058333333333333126,-0.01165771484375,1.37164306640625,2.16058349609375
56,0.06666666666666643,-0.0257568359375,1.3876953125,2.3426513671875
55,0.058333333333333126,0.23602294921875,1.25714111328125,2.1607666015625
55,0.06666666666666643,0.2572021484375,1.2568359375,2.34283447265625
54,0.058333333333333126,-0.0050048828125,1.18096923828125,2.16363525390625
54,0.06666666666666643,-0.0181884765625,1.1697998046875,2.34619140625
53,0.058333333333333126,0.1109619140625,1.380615234375,2.16339111328125
53,0.06666666666666643,0.11431884765625,1.39794921875,2.34588623046875
52,0.058333333333333126,0.15411376953125,1.1785888671875,2.16510009765625
52,0.06666666666666643,0.1636962890625,1.1671142578125,2.34783935546875
51,0.058333333333333126,0.00933837890625,1.28350830078125,2.166748046875
51,0.06666666666666643,-0.0018310546875,1.2869873046875,2.3497314453125
50,0.058333333333333126,0.15423583984375,1.2977294921875,2.16705322265625
50,0.06666666666666643,0.16375732421875,1.30328369140625,2.35003662109375
49,0.058333333333333126,0.0830078125,1.2265625,2.1689453125
49,0.06666666666666643,0.08233642578125,1.22186279296875,2.35223388671875
48,0.45833333333333171,0.874267578125,1.052001953125,8.47833251953125
48,0.466666666666665,0.88671875,1.02825927734375,8.598388671875
46,0.45833333333333171,-0.25244140625,1.20947265625,8.49853515625
46,0.466666666666665,-0.2578125,1.188232421875,8.618896484375
45,0.45833333333333171,0.80078125,0.32293701171875,8.5028076171875
45,0.466666666666665,0.81207275390625,0.28765869140625,8.623291015625
44,0.45833333333333171,-0.4300537109375,0.27740478515625,8.51739501953125
44,0.466666666666665,-0.438232421875,0.24139404296875,8.6380615234375
43,0.45833333333333171,0.335205078125,1.02001953125,8.51715087890625
43,0.466666666666665,0.339111328125,0.99578857421875,8.6378173828125
42,0.45833333333333171,0.269775390625,0.1544189453125,8.528076171875
42,0.466666666666665,0.27264404296875,0.116455078125,8.64886474609375
41,0.45833333333333171,-0.07513427734375,0.646240234375,8.535400390625
41,0.466666666666665,-0.07769775390625,0.6160888671875,8.6563720703125
56,0.074999999999999734,-0.039794921875,1.40325927734375,2.5228271484375
56,0.083333333333333037,-0.053466796875,1.4178466796875,2.6990966796875
55,0.074999999999999734,0.2781982421875,1.2562255859375,2.52301025390625
55,0.083333333333333037,0.29876708984375,1.2550048828125,2.6993408203125
54,0.074999999999999734,-0.03125,1.15838623046875,2.5267333984375
54,0.083333333333333037,-0.0440673828125,1.1466064453125,2.70343017578125
53,0.074999999999999734,0.11767578125,1.41473388671875,2.52642822265625
53,0.083333333333333037,0.12091064453125,1.43060302734375,2.70306396484375
52,0.074999999999999734,0.173095703125,1.15533447265625,2.52862548828125
52,0.083333333333333037,0.18231201171875,1.14324951171875,2.70550537109375
51,0.074999999999999734,-0.01287841796875,1.29010009765625,2.53076171875
51,0.083333333333333037,-0.023681640625,1.29248046875,2.7078857421875
50,0.074999999999999734,0.1732177734375,1.308349609375,2.5311279296875
50,0.083333333333333037,0.18243408203125,1.312744140625,2.70831298828125
49,0.074999999999999734,0.08172607421875,1.2169189453125,2.5335693359375
49,0.083333333333333037,0.0810546875,1.21142578125,2.71099853515625
48,0.47499999999999831,0.899169921875,1.00384521484375,8.71844482421875
48,0.48333333333333162,0.91156005859375,0.978759765625,8.8385009765625
46,0.47499999999999831,-0.26318359375,1.16632080078125,8.7392578125
46,0.48333333333333162,-0.2685546875,1.14373779296875,8.859619140625
45,0.47499999999999831,0.8233642578125,0.251708984375,8.74371337890625
45,0.48333333333333162,0.8345947265625,0.215087890625,8.8641357421875
44,0.47499999999999831,-0.4464111328125,0.20477294921875,8.75872802734375
44,0.48333333333333162,-0.45458984375,0.16741943359375,8.87939453125
43,0.47499999999999831,0.343017578125,0.9708251953125,8.75848388671875
43,0.48333333333333162,0.346923828125,0.94525146484375,8.879150390625
42,0.47499999999999831,0.2755126953125,0.077880859375,8.76971435546875
42,0.48333333333333162,0.2784423828125,0.03857421875,8.89056396484375
41,0.47499999999999831,-0.08026123046875,0.58526611328125,8.77728271484375
41,0.48333333333333162,-0.08282470703125,0.55377197265625,8.89825439453125
56,0.091666666666666341,-0.06689453125,1.43133544921875,2.8714599609375
56,0.099999999999999645,-0.08001708984375,1.44384765625,3.0400390625
55,0.091666666666666341,0.31884765625,1.25299072265625,2.87176513671875
55,0.099999999999999645,0.3385009765625,1.2503662109375,3.040283203125
54,0.091666666666666341,-0.05657958984375,1.13433837890625,2.87628173828125
54,0.099999999999999645,-0.06878662109375,1.12158203125,3.04522705078125
53,0.091666666666666341,0.12408447265625,1.4453125,2.8758544921875
53,0.099999999999999645,0.127197265625,1.458984375,3.0447998046875
52,0.091666666666666341,0.19134521484375,1.13067626953125,2.8785400390625
52,0.099999999999999645,0.20013427734375,1.11761474609375,3.04766845703125
51,0.091666666666666341,-0.03424072265625,1.2940673828125,2.881103515625
51,0.099999999999999645,-0.0445556640625,1.294921875,3.05047607421875
50,0.091666666666666341,0.19146728515625,1.3162841796875,2.881591796875
50,0.099999999999999645,0.20025634765625,1.3189697265625,3.05096435546875
49,0.091666666666666341,0.08050537109375,1.205322265625,2.884521484375
49,0.099999999999999645,0.07989501953125,1.19866943359375,3.05419921875
48,0.49166666666666492,0.92401123046875,0.9530029296875,8.95849609375
48,0.49999999999999822,0.93646240234375,0.92657470703125,9.07855224609375
46,0.49166666666666492,-0.27392578125,1.1204833984375,8.97998046875
46,0.49999999999999822,-0.279296875,1.0965576171875,9.10040283203125
45,0.49166666666666492,0.84588623046875,0.17779541015625,8.98455810546875
45,0.49999999999999822,0.857177734375,0.139892578125,9.10504150390625
44,0.49166666666666492,-0.4627685546875,0.12945556640625,9.00006103515625
44,0.49999999999999822,-0.470947265625,0.09075927734375,9.1207275390625
43,0.49166666666666492,0.35089111328125,0.91900634765625,8.99981689453125
43,0.49999999999999822,0.35479736328125,0.89208984375,9.1204833984375
42,0.486164627658037,0.2794189453125,0,8.931640625
41,0.49166666666666492,-0.08538818359375,0.5216064453125,9.01922607421875
41,0.49999999999999822,-0.0880126953125,0.48876953125,9.14013671875
56,0.10833333333333295,-0.09283447265625,1.455322265625,3.2047119140625
56,0.11666666666666625,-0.10528564453125,1.46575927734375,3.365478515625
55,0.10833333333333295,0.357666015625,1.2470703125,3.20501708984375
55,0.11666666666666625,0.37640380859375,1.2430419921875,3.36578369140625
54,0.10833333333333295,-0.08074951171875,1.10845947265625,3.21026611328125
54,0.11666666666666625,-0.0924072265625,1.0948486328125,3.3714599609375
53,0.10833333333333295,0.1302490234375,1.4716796875,3.20977783203125
53,0.11666666666666625,0.1331787109375,1.48321533203125,3.3709716796875
52,0.10833333333333295,0.208740234375,1.10418701171875,3.21295166015625
52,0.11666666666666625,0.2171630859375,1.0902099609375,3.374267578125
51,0.10833333333333295,-0.0546875,1.2950439453125,3.2159423828125
51,0.11666666666666625,-0.06451416015625,1.2943115234375,3.37750244140625
50,0.10833333333333295,0.20892333984375,1.3209228515625,3.2164306640625
50,0.11666666666666625,0.21734619140625,1.322021484375,3.3780517578125
49,0.10833333333333295,0.07928466796875,1.19140625,3.21990966796875
49,0.11666666666666625,0.0787353515625,1.1834716796875,3.38177490234375
48,0.50833333333333153,0.94891357421875,0.89947509765625,9.1986083984375
48,0.51666666666666483,0.96136474609375,0.87164306640625,9.31866455078125
46,0.50833333333333153,-0.28466796875,1.0718994140625,9.22076416015625
46,0.51666666666666483,-0.2900390625,1.04656982421875,9.34112548828125
45,0.50833333333333153,0.86846923828125,0.10125732421875,9.2254638671875
45,0.51666666666666483,0.8797607421875,0.0618896484375,9.34588623046875
44,0.50833333333333153,-0.4791259765625,0.0513916015625,9.24139404296875
44,0.51382367841573962,-0.4844970703125,0,9.3209228515625
43,0.50833333333333153,0.35870361328125,0.86444091796875,9.24114990234375
43,0.51666666666666483,0.36260986328125,0.83612060546875,9.36181640625
41,0.50833333333333153,-0.090576171875,0.45526123046875,9.2611083984375
41,0.51666666666666483,-0.0931396484375,0.4210205078125,9.382080078125
56,0.12499999999999956,-0.11749267578125,1.4752197265625,3.52239990234375
56,0.13333333333333286,-0.12939453125,1.48358154296875,3.67547607421875
55,0.12499999999999956,0.39471435546875,1.2384033203125,3.52276611328125
55,0.13333333333333286,0.41253662109375,1.2330322265625,3.67584228515625
54,0.12499999999999956,-0.103759765625,1.080810546875,3.52874755859375
54,0.13333333333333286,-0.1148681640625,1.0662841796875,3.68218994140625
53,0.12499999999999956,0.1361083984375,1.4937744140625,3.5281982421875
53,0.13333333333333286,0.138916015625,1.50323486328125,3.681640625
52,0.12499999999999956,0.22540283203125,1.075927734375,3.53179931640625
52,0.13333333333333286,0.2333984375,1.0611572265625,3.68536376953125
51,0.12499999999999956,-0.07415771484375,1.29290771484375,3.53521728515625
51,0.13333333333333286,-0.08355712890625,1.29071044921875,3.68896484375
50,0.12499999999999956,0.22552490234375,1.3223876953125,3.53582763671875
50,0.13333333333333286,0.23358154296875,1.3218994140625,3.68963623046875
49,0.12499999999999956,0.07818603515625,1.17510986328125,3.53973388671875
49,0.13333333333333286,0.07763671875,1.16607666015625,3.69378662109375
48,0.52499999999999813,0.97381591796875,0.84320068359375,9.438720703125
48,0.53333333333333144,0.9862060546875,0.81402587890625,9.55877685546875
46,0.52499999999999813,-0.29541015625,1.02056884765625,9.46148681640625
46,0.53333333333333144,-0.30078125,0.993896484375,9.58184814453125
45,0.52434197188377685,0.89007568359375,0,9.456787109375
43,0.52499999999999813,0.36651611328125,0.80712890625,9.48248291015625
43,0.53333333333333144,0.3704833984375,0.7774658203125,9.6031494140625
41,0.52499999999999813,-0.095703125,0.3861083984375,9.50299072265625
41,0.53333333333333144,-0.0982666015625,0.35052490234375,9.62396240234375
56,0.14166666666666616,-0.1409912109375,1.490966796875,3.82464599609375
56,0.14999999999999947,-0.15228271484375,1.497314453125,3.969970703125
55,0.14166666666666616,0.429931640625,1.22698974609375,3.8250732421875
55,0.14999999999999947,0.44683837890625,1.2203369140625,3.97039794921875
54,0.14166666666666616,-0.12567138671875,1.05133056640625,3.83172607421875
54,0.14999999999999947,-0.13623046875,1.03594970703125,3.9774169921875
53,0.14166666666666616,0.14166259765625,1.51165771484375,3.83111572265625
53,0.14999999999999947,0.14434814453125,1.51904296875,3.976806640625
52,0.14166666666666616,0.2412109375,1.0458984375,3.8350830078125
52,0.14999999999999947,0.248779296875,1.0302734375,3.98095703125
51,0.14166666666666616,-0.09271240234375,1.28778076171875,3.83892822265625
51,0.14999999999999947,-0.1015625,1.28411865234375,3.98492431640625
50,0.14166666666666616,0.24139404296875,1.32061767578125,3.839599609375
50,0.14999999999999947,0.2490234375,1.318603515625,3.98565673828125
49,0.14166666666666616,0.0771484375,1.15643310546875,3.84393310546875
49,0.14999999999999947,0.07659912109375,1.146240234375,3.990234375
48,0.54166666666666474,0.9986572265625,0.7841796875,9.6788330078125
48,0.549999999999998,1.0111083984375,0.753662109375,9.79888916015625
46,0.54166666666666474,-0.30615234375,0.966552734375,9.70220947265625
46,0.549999999999998,-0.3115234375,0.93853759765625,9.82257080078125
43,0.54166666666666474,0.3743896484375,0.74713134765625,9.72381591796875
43,0.549999999999998,0.3782958984375,0.716064453125,9.844482421875
41,0.54166666666666474,-0.100830078125,0.314208984375,9.74493408203125
41,0.549999999999998,-0.1033935546875,0.27728271484375,9.86590576171875
56,0.15833333333333277,-0.163330078125,1.502685546875,4.1114501953125
56,0.16666666666666607,-0.17401123046875,1.50701904296875,4.2490234375
55,0.15833333333333277,0.46331787109375,1.21295166015625,4.11187744140625
55,0.16666666666666607,0.4793701171875,1.2049560546875,4.24945068359375
54,0.15833333333333277,-0.146484375,1.0201416015625,4.11920166015625
54,0.16666666666666607,-0.156494140625,1.00390625,4.25714111328125
53,0.15833333333333277,0.14697265625,1.525390625,4.1185302734375
53,0.16666666666666607,0.14947509765625,1.53070068359375,4.25640869140625
52,0.15833333333333277,0.2562255859375,1.01416015625,4.12286376953125
52,0.16666666666666607,0.263427734375,0.9976806640625,4.260986328125
51,0.15833333333333277,-0.11029052734375,1.2796630859375,4.1270751953125
51,0.16666666666666607,-0.11871337890625,1.27447509765625,4.26531982421875
50,0.15833333333333277,0.25640869140625,1.31573486328125,4.1278076171875
50,0.16666666666666607,0.26361083984375,1.31207275390625,4.26611328125
49,0.15833333333333277,0.07611083984375,1.135498046875,4.13262939453125
49,0.16666666666666607,0.07562255859375,1.12420654296875,4.2711181640625
48,0.55833333333333135,1.0235595703125,0.72247314453125,9.9189453125
48,0.56666666666666465,1.0360107421875,0.69061279296875,10.03900146484375
46,0.55833333333333135,-0.31689453125,0.90985107421875,9.9429931640625
46,0.56666666666666465,-0.322265625,0.8804931640625,10.0633544921875
43,0.55833333333333135,0.3822021484375,0.68438720703125,9.96514892578125
43,0.56666666666666465,0.3861083984375,0.65203857421875,10.0858154296875
41,0.55833333333333135,-0.10595703125,0.23968505859375,9.98681640625
41,0.56666666666666465,-0.10858154296875,0.201416015625,10.1077880859375
56,0.17499999999999938,-0.18438720703125,1.51031494140625,4.38275146484375
56,0.18333333333333268,-0.19451904296875,1.5125732421875,4.5125732421875
55,0.17499999999999938,0.49493408203125,1.19622802734375,4.3831787109375
55,0.18333333333333268,0.51007080078125,1.18682861328125,4.5130615234375
54,0.17499999999999938,-0.16619873046875,0.98724365234375,4.39117431640625
54,0.18333333333333268,-0.17559814453125,0.97003173828125,4.52130126953125
53,0.17499999999999938,0.1519775390625,1.534912109375,4.39044189453125
53,0.18333333333333268,0.15435791015625,1.5380859375,4.52056884765625
52,0.17499999999999938,0.2703857421875,0.98077392578125,4.3951416015625
52,0.18333333333333268,0.2772216796875,0.96331787109375,4.52545166015625
51,0.17499999999999938,-0.12689208984375,1.2685546875,4.399658203125
51,0.18333333333333268,-0.13482666015625,1.2618408203125,4.5301513671875
50,0.17499999999999938,0.2706298828125,1.30767822265625,4.4005126953125
50,0.18333333333333268,0.27740478515625,1.3023681640625,4.531005859375
49,0.17499999999999938,0.07513427734375,1.1123046875,4.40570068359375
49,0.18333333333333268,0.07470703125,1.0997314453125,4.536376953125
48,0.574999999999998,1.0484619140625,0.65802001953125,10.15899658203125
48,0.58333333333333126,1.06085205078125,0.624755859375,10.279052734375
46,0.574999999999998,-0.32763671875,0.850341796875,10.1837158203125
46,0.58333333333333126,-0.3330078125,0.819580078125,10.3040771484375
43,0.574999999999998,0.3900146484375,0.61895751953125,10.20648193359375
43,0.58333333333333126,0.39398193359375,0.585205078125,10.3271484375
41,0.574999999999998,-0.11114501953125,0.16241455078125,10.228759765625
41,0.58333333333333126,-0.11370849609375,0.12274169921875,10.34967041015625
56,0.19166666666666599,-0.20428466796875,1.513916015625,4.6385498046875
56,0.19999999999999929,-0.21380615234375,1.51409912109375,4.76068115234375
55,0.19166666666666599,0.5247802734375,1.17681884765625,4.6390380859375
55,0.19999999999999929,0.53900146484375,1.16607666015625,4.76116943359375
54,0.19166666666666599,-0.18475341796875,0.9525146484375,4.6475830078125
54,0.19999999999999929,-0.193603515625,0.9344482421875,4.76995849609375
53,0.19166666666666599,0.15667724609375,1.540283203125,4.6468505859375
53,0.19999999999999929,0.158935546875,1.5413818359375,4.76922607421875
52,0.19166666666666599,0.2838134765625,0.945556640625,4.65185546875
52,0.19999999999999929,0.2901611328125,0.92730712890625,4.7744140625
51,0.19166666666666599,-0.142578125,1.25439453125,4.65673828125
51,0.19999999999999929,-0.15008544921875,1.2462158203125,4.7794189453125
50,0.19166666666666599,0.28399658203125,1.29638671875,4.6575927734375
50,0.19999999999999929,0.2904052734375,1.28955078125,4.78033447265625
49,0.19166666666666599,0.07427978515625,1.08673095703125,4.6632080078125
49,0.19999999999999929,0.0738525390625,1.07305908203125,4.78607177734375
48,0.59166666666666456,1.07330322265625,0.5908203125,10.39910888671875
48,0.59999999999999787,1.08575439453125,0.55621337890625,10.5191650390625
46,0.59166666666666456,-0.33837890625,0.78814697265625,10.4244384765625
46,0.59999999999999787,-0.34375,0.75604248046875,10.5447998046875
43,0.59166666666666456,0.39788818359375,0.55072021484375,10.44781494140625
43,0.59999999999999787,0.40179443359375,0.515625,10.5684814453125
41,0.59166666666666456,-0.11627197265625,0.0823974609375,10.47064208984375
41,0.59999999999999787,-0.11883544921875,0.0413818359375,10.59161376953125
56,0.20833333333333259,-0.22314453125,1.51348876953125,4.880859375
56,0.2166666666666659,-0.23248291015625,1.51220703125,5.0009765625
55,0.20833333333333259,0.552978515625,1.1546630859375,4.88134765625
55,0.2166666666666659,0.5670166015625,1.142578125,5.00152587890625
54,0.20833333333333259,-0.20233154296875,0.91583251953125,4.89044189453125
54,0.2166666666666659,-0.2110595703125,0.8966064453125,5.01092529296875
53,0.20833333333333259,0.1611328125,1.54156494140625,4.8896484375
53,0.2166666666666659,0.163330078125,1.5411376953125,5.01007080078125
52,0.20833333333333259,0.29644775390625,0.908447265625,4.89501953125
52,0.2166666666666659,0.302734375,0.88897705078125,5.015625
51,0.20833333333333259,-0.15740966796875,1.23724365234375,4.90020751953125
51,0.2166666666666659,-0.164794921875,1.2276611328125,5.02093505859375
50,0.20833333333333259,0.29669189453125,1.28192138671875,4.901123046875
50,0.2166666666666659,0.302978515625,1.273681640625,5.02191162109375
49,0.20833333333333259,0.07342529296875,1.0587158203125,4.90704345703125
49,0.2166666666666659,0.072998046875,1.04376220703125,5.02801513671875
48,0.60833333333333117,1.09820556640625,0.52093505859375,10.63922119140625
48,0.61666666666666448,1.11065673828125,0.4849853515625,10.75927734375
46,0.60833333333333117,-0.34912109375,0.7232666015625,10.6651611328125
46,0.61666666666666448,-0.3544921875,0.6898193359375,10.7855224609375
43,0.60833333333333117,0.40570068359375,0.4798583984375,10.68914794921875
43,0.61666666666666448,0.40960693359375,0.44342041015625,10.809814453125
41,0.60327232777781969,-0.11981201171875,0,10.63909912109375
56,0.2249999999999992,-0.2418212890625,1.51019287109375,5.12115478515625
56,0.2333333333333325,-0.25115966796875,1.507568359375,5.2413330078125
55,0.2249999999999992,0.58099365234375,1.1297607421875,5.1217041015625
55,0.2333333333333325,0.59503173828125,1.1163330078125,5.24188232421875
54,0.2249999999999992,-0.2197265625,0.8765869140625,5.13134765625
54,0.2333333333333325,-0.22845458984375,0.85595703125,5.2518310546875
53,0.2249999999999992,0.16558837890625,1.53997802734375,5.1304931640625
53,0.2333333333333325,0.16778564453125,1.5382080078125,5.25091552734375
52,0.2249999999999992,0.30902099609375,0.8687744140625,5.13623046875
52,0.2333333333333325,0.3153076171875,0.847900390625,5.2568359375
51,0.2249999999999992,-0.17218017578125,1.21734619140625,5.1417236328125
51,0.2333333333333325,-0.17950439453125,1.2064208984375,5.262451171875
50,0.2249999999999992,0.30926513671875,1.26470947265625,5.14263916015625
50,0.2333333333333325,0.31561279296875,1.25506591796875,5.263427734375
49,0.2249999999999992,0.07257080078125,1.028076171875,5.14898681640625
49,0.2333333333333325,0.0721435546875,1.01171875,5.26995849609375
48,0.62499999999999778,1.12310791015625,0.44830322265625,10.87933349609375
48,0.63333333333333108,1.135498046875,0.4110107421875,10.9993896484375
46,0.62499999999999778,-0.35992431640625,0.6556396484375,10.90594482421875
46,0.63333333333333108,-0.36529541015625,0.620849609375,11.02630615234375
43,0.62499999999999778,0.41357421875,0.40618896484375,10.93048095703125
43,0.63333333333333108,0.41748046875,0.368408203125,11.0511474609375
56,0.24166666666666581,-0.260498046875,1.504150390625,5.36151123046875
56,0.24999999999999911,-0.26983642578125,1.50018310546875,5.481689453125
55,0.24166666666666581,0.6090087890625,1.1021728515625,5.362060546875
55,0.24999999999999911,0.623046875,1.08740234375,5.4822998046875
54,0.24166666666666581,-0.2371826171875,0.83465576171875,5.372314453125
54,0.24999999999999911,-0.24591064453125,0.81268310546875,5.49273681640625
53,0.24166666666666581,0.16998291015625,1.53564453125,5.37139892578125
53,0.24999999999999911,0.1722412109375,1.53253173828125,5.4918212890625
52,0.24166666666666581,0.32159423828125,0.82635498046875,5.37738037109375
52,0.24999999999999911,0.327880859375,0.80419921875,5.49798583984375
51,0.24166666666666581,-0.1868896484375,1.1947021484375,5.3831787109375
51,0.24999999999999911,-0.19427490234375,1.18243408203125,5.50396728515625
50,0.24166666666666581,0.3218994140625,1.2447509765625,5.38421630859375
50,0.24999999999999911,0.32818603515625,1.23382568359375,5.5050048828125
49,0.24166666666666581,0.07171630859375,0.99468994140625,5.39093017578125
49,0.24999999999999911,0.0712890625,0.97705078125,5.5118408203125
48,0.64166666666666439,1.14794921875,0.373046875,11.11944580078125
48,0.64999999999999769,1.160400390625,0.3343505859375,11.239501953125
46,0.64166666666666439,-0.37066650390625,0.58526611328125,11.14666748046875
46,0.64999999999999769,-0.37603759765625,0.549072265625,11.26702880859375
43,0.64166666666666439,0.42138671875,0.32989501953125,11.17181396484375
43,0.64999999999999769,0.42529296875,0.29071044921875,11.29248046875
56,0.25833333333333242,-0.2791748046875,1.4954833984375,5.60186767578125
56,0.26666666666666572,-0.28851318359375,1.4901123046875,5.7220458984375
55,0.25833333333333242,0.63702392578125,1.0718994140625,5.60247802734375
55,0.26666666666666572,0.65106201171875,1.05572509765625,5.72265625
54,0.25833333333333242,-0.254638671875,0.78997802734375,5.61322021484375
54,0.26666666666666572,-0.2633056640625,0.7666015625,5.733642578125
53,0.25833333333333242,0.1744384765625,1.5286865234375,5.61224365234375
53,0.26666666666666572,0.1766357421875,1.52410888671875,5.732666015625
52,0.25833333333333242,0.33416748046875,0.78125,5.61859130859375
52,0.26666666666666572,0.3404541015625,0.7576904296875,5.73919677734375
51,0.25833333333333242,-0.20166015625,1.16943359375,5.62469482421875
51,0.26666666666666572,-0.208984375,1.15570068359375,5.7454833984375
50,0.25833333333333242,0.33447265625,1.22216796875,5.62579345703125
50,0.26666666666666572,0.34075927734375,1.20977783203125,5.74658203125
49,0.25833333333333242,0.07086181640625,0.95867919921875,5.6328125
49,0.26666666666666572,0.0704345703125,0.9395751953125,5.7537841796875
48,0.658333333333331,1.1728515625,0.29498291015625,11.35955810546875
48,0.6666666666666643,1.185302734375,0.25494384765625,11.47955322265625
46,0.658333333333331,-0.38140869140625,0.51220703125,11.38739013671875
46,0.6666666666666643,-0.38677978515625,0.47467041015625,11.50775146484375
43,0.658333333333331,0.42919921875,0.2508544921875,11.41314697265625
43,0.6666666666666643,0.43310546875,0.21026611328125,11.5338134765625
56,0.274999999999999,-0.2978515625,1.48406982421875,5.84222412109375
56,0.28333333333333233,-0.30718994140625,1.477294921875,5.96234130859375
55,0.274999999999999,0.6650390625,1.03887939453125,5.84283447265625
55,0.28333333333333233,0.6790771484375,1.02130126953125,5.9630126953125
54,0.274999999999999,-0.27203369140625,0.74261474609375,5.8541259765625
54,0.28333333333333233,-0.28076171875,0.71783447265625,5.974609375
53,0.274999999999999,0.17889404296875,1.5189208984375,5.8531494140625
53,0.28333333333333233,0.18109130859375,1.51300048828125,5.97357177734375
52,0.274999999999999,0.34674072265625,0.73345947265625,5.85980224609375
52,0.28333333333333233,0.35302734375,0.70843505859375,5.98040771484375
51,0.274999999999999,-0.21636962890625,1.141357421875,5.8662109375
51,0.28333333333333233,-0.2237548828125,1.12628173828125,5.98699951171875
50,0.274999999999999,0.3470458984375,1.19677734375,5.86737060546875
50,0.28333333333333233,0.35333251953125,1.18304443359375,5.9881591796875
49,0.274999999999999,0.07000732421875,0.91986083984375,5.874755859375
49,0.28333333333333233,0.069580078125,0.8994140625,5.9957275390625
48,0.6749999999999976,1.19775390625,0.21417236328125,11.599609375
48,0.68333333333333091,1.21014404296875,0.17279052734375,11.71966552734375
46,0.6749999999999976,-0.39215087890625,0.4364013671875,11.62811279296875
46,0.68333333333333091,-0.39752197265625,0.39752197265625,11.74853515625
43,0.6749999999999976,0.43707275390625,0.16900634765625,11.65447998046875
43,0.68333333333333091,0.44097900390625,0.12713623046875,11.775146484375
56,0.29166666666666563,-0.3165283203125,1.4698486328125,6.08251953125
56,0.29999999999999893,-0.32586669921875,1.46173095703125,6.20269775390625
55,0.29166666666666563,0.69305419921875,1.00311279296875,6.08319091796875
55,0.29999999999999893,0.70703125,0.98419189453125,6.203369140625
54,0.29166666666666563,-0.28948974609375,0.69244384765625,6.09503173828125
54,0.29999999999999893,-0.2982177734375,0.6663818359375,6.21551513671875
53,0.29166666666666563,0.18328857421875,1.50640869140625,6.093994140625
53,0.29999999999999893,0.185546875,1.4991455078125,6.21441650390625
52,0.29166666666666563,0.35931396484375,0.682861328125,6.10101318359375
52,0.29999999999999893,0.3656005859375,0.656494140625,6.22161865234375
51,0.29166666666666563,-0.2310791015625,1.110595703125,6.10772705078125
51,0.29999999999999893,-0.23846435546875,1.0941162109375,6.22845458984375
50,0.29166666666666563,0.359619140625,1.168701171875,6.10894775390625
50,0.29999999999999893,0.365966796875,1.153564453125,6.22967529296875
49,0.29166666666666563,0.06915283203125,0.8782958984375,6.11663818359375
49,0.29999999999999893,0.06878662109375,0.85650634765625,6.23760986328125
48,0.69166666666666421,1.22259521484375,0.13067626953125,11.8397216796875
48,0.69999999999999751,1.23504638671875,0.087890625,11.95977783203125
46,0.69166666666666421,-0.40289306640625,0.35791015625,11.868896484375
46,0.69999999999999751,-0.40826416015625,0.317626953125,11.9892578125
43,0.69166666666666421,0.44488525390625,0.08453369140625,11.89581298828125
43,0.69999999999999751,0.44879150390625,0.041259765625,12.0164794921875
56,0.30833333333333224,-0.33526611328125,1.45294189453125,6.3228759765625
56,0.31666666666666554,-0.3446044921875,1.4434814453125,6.44305419921875
55,0.30833333333333224,0.7210693359375,0.964599609375,6.3236083984375
55,0.31666666666666554,0.73504638671875,0.9443359375,6.44378662109375
54,0.30833333333333224,-0.30694580078125,0.63958740234375,6.33599853515625
54,0.31666666666666554,-0.31561279296875,0.61212158203125,6.4564208984375
53,0.30833333333333224,0.187744140625,1.4912109375,6.3348388671875
53,0.31666666666666554,0.18994140625,1.48260498046875,6.455322265625
52,0.30833333333333224,0.37188720703125,0.6295166015625,6.3421630859375
52,0.31666666666666554,0.378173828125,0.60186767578125,6.4627685546875
51,0.30833333333333224,-0.245849609375,1.0770263671875,6.3492431640625
51,0.31666666666666554,-0.253173828125,1.05926513671875,6.469970703125
50,0.30833333333333224,0.37225341796875,1.1378173828125,6.3504638671875
50,0.31666666666666554,0.3785400390625,1.12139892578125,6.47125244140625
49,0.30833333333333224,0.068359375,0.83404541015625,6.35858154296875
49,0.31666666666666554,0.06793212890625,0.8109130859375,6.47955322265625
48,0.70833333333333082,1.24749755859375,0.04443359375,12.079833984375
48,0.71200092192640729,1.25299072265625,0,12.1326904296875
46,0.70833333333333082,-0.41363525390625,0.276611328125,12.109619140625
46,0.71666666666666412,-0.41900634765625,0.2349853515625,12.22998046875
43,0.70307674513032881,0.45025634765625,0,12.06103515625
56,0.32499999999999885,-0.35394287109375,1.433349609375,6.563232421875
56,0.33333333333333215,-0.36328125,1.42254638671875,6.68341064453125
55,0.32499999999999885,0.74908447265625,0.92340087890625,6.56396484375
55,0.33333333333333215,0.7630615234375,0.90179443359375,6.68414306640625
54,0.32499999999999885,-0.3243408203125,0.58404541015625,6.576904296875
54,0.33333333333333215,-0.33306884765625,0.55523681640625,6.69732666015625
53,0.32499999999999885,0.192138671875,1.4732666015625,6.57574462890625
53,0.33333333333333215,0.19439697265625,1.46331787109375,6.6961669921875
52,0.32499999999999885,0.38446044921875,0.573486328125,6.5833740234375
52,0.33333333333333215,0.3907470703125,0.54449462890625,6.7039794921875
51,0.32499999999999885,-0.26055908203125,1.040771484375,6.59075927734375
51,0.33333333333333215,-0.2679443359375,1.02166748046875,6.71148681640625
50,0.32499999999999885,0.38482666015625,1.104248046875,6.592041015625
50,0.33333333333333215,0.39111328125,1.08648681640625,6.71282958984375
49,0.32499999999999885,0.0675048828125,0.78704833984375,6.60052490234375
49,0.33333333333333215,0.06707763671875,0.7625732421875,6.72149658203125
46,0.72499999999999742,-0.42437744140625,0.19268798828125,12.350341796875
46,0.73333333333333073,-0.42974853515625,0.149658203125,12.470703125
56,0.34166666666666545,-0.37261962890625,1.41107177734375,6.8035888671875
56,0.34999999999999876,-0.3819580078125,1.3988037109375,6.92376708984375
55,0.34166666666666545,0.777099609375,0.8795166015625,6.8043212890625
55,0.34999999999999876,0.79107666015625,0.85650634765625,6.92449951171875
54,0.34166666666666545,-0.341796875,0.5257568359375,6.81781005859375
54,0.34999999999999876,-0.35052490234375,0.49554443359375,6.93829345703125
53,0.34166666666666545,0.19659423828125,1.45269775390625,6.81658935546875
53,0.34999999999999876,0.19879150390625,1.4412841796875,6.93707275390625
52,0.34166666666666545,0.39703369140625,0.51483154296875,6.8245849609375
52,0.34999999999999876,0.4033203125,0.484375,6.9451904296875
51,0.34166666666666545,-0.27532958984375,1.00189208984375,6.832275390625
51,0.34999999999999876,-0.28265380859375,0.98138427734375,6.9530029296875
50,0.34166666666666545,0.39739990234375,1.06805419921875,6.8336181640625
50,0.34999999999999876,0.4036865234375,1.04888916015625,6.95440673828125
49,0.34166666666666545,0.066650390625,0.7374267578125,6.8424072265625
49,0.34999999999999876,0.06622314453125,0.71148681640625,6.96337890625
46,0.741666666666664,-0.43511962890625,0.10601806640625,12.59112548828125
46,0.74999999999999734,-0.44049072265625,0.0616455078125,12.71148681640625
56,0.35833333333333206,-0.39129638671875,1.38592529296875,7.04388427734375
56,0.36666666666666536,-0.400634765625,1.3724365234375,7.1640625
55,0.35833333333333206,0.80511474609375,0.83282470703125,7.044677734375
55,0.36666666666666536,0.819091796875,0.80853271484375,7.1649169921875
54,0.35833333333333206,-0.3592529296875,0.4647216796875,7.0587158203125
54,0.36666666666666536,-0.367919921875,0.4332275390625,7.17919921875
53,0.35833333333333206,0.2010498046875,1.42926025390625,7.0574951171875
53,0.36666666666666536,0.2032470703125,1.4166259765625,7.17791748046875
52,0.35833333333333206,0.40960693359375,0.45330810546875,7.0657958984375
52,0.36666666666666536,0.4158935546875,0.421630859375,7.1864013671875
51,0.35833333333333206,-0.2900390625,0.96014404296875,7.07373046875
51,0.36666666666666536,-0.29742431640625,0.9383544921875,7.19451904296875
50,0.35833333333333206,0.40997314453125,1.02899169921875,7.0751953125
50,0.36666666666666536,0.41632080078125,1.008544921875,7.1959228515625
49,0.35833333333333206,0.0657958984375,0.6849365234375,7.0843505859375
49,0.36666666666666536,0.06536865234375,0.65777587890625,7.205322265625
46,0.75677732671435272,-0.44488525390625,0,12.80938720703125
56,0.37499999999999867,-0.40997314453125,1.35821533203125,7.28424072265625
56,0.38333333333333197,-0.4193115234375,1.34332275390625,7.4044189453125
55,0.37499999999999867,0.83306884765625,0.783447265625,7.28509521484375
55,0.38333333333333197,0.84710693359375,0.75775146484375,7.4052734375
54,0.37499999999999867,-0.37664794921875,0.4010009765625,7.2996826171875
54,0.38333333333333197,-0.3853759765625,0.3681640625,7.42010498046875
53,0.37499999999999867,0.2054443359375,1.4031982421875,7.29833984375
53,0.38333333333333197,0.20770263671875,1.38916015625,7.41876220703125
52,0.37499999999999867,0.42218017578125,0.38916015625,7.30694580078125
52,0.38333333333333197,0.428466796875,0.3560791015625,7.42755126953125
51,0.37499999999999867,-0.30474853515625,0.91583251953125,7.31524658203125
51,0.38333333333333197,-0.3121337890625,0.892578125,7.43603515625
50,0.37499999999999867,0.422607421875,0.98736572265625,7.31671142578125
50,0.38333333333333197,0.42889404296875,0.9654541015625,7.4375
49,0.37499999999999867,0.06494140625,0.62982177734375,7.3262939453125
49,0.38333333333333197,0.06451416015625,0.60125732421875,7.44720458984375
57,0,0.08746337890625,1.25909423828125,0.88604736328125
58,0,0.08746337890625,1.25909423828125,0.88604736328125
59,0,0.08746337890625,1.25909423828125,0.88604736328125
60,0,0.08746337890625,1.25909423828125,0.88604736328125
61,0,0.08746337890625,1.25909423828125,0.88604736328125
62,0,0.08746337890625,1.25909423828125,0.88604736328125
63,0,0.08746337890625,1.25909423828125,0.88604736328125
64,0,0.08746337890625,1.25909423828125,0.88604736328125
56,0.39166666666666528,-0.42864990234375,1.32769775390625,7.52459716796875
56,0.39999999999999858,-0.43798828125,1.3114013671875,7.644775390625
55,0.39166666666666528,0.861083984375,0.7313232421875,7.52545166015625
55,0.39999999999999858,0.8751220703125,0.70428466796875,7.6456298828125
54,0.39166666666666528,-0.39410400390625,0.33453369140625,7.54058837890625
54,0.39999999999999858,-0.40283203125,0.30029296875,7.6610107421875
53,0.39166666666666528,0.20989990234375,1.3743896484375,7.53924560546875
53,0.39999999999999858,0.21209716796875,1.35894775390625,7.65966796875
52,0.39166666666666528,0.43475341796875,0.322265625,7.54815673828125
52,0.39999999999999858,0.4410400390625,0.28778076171875,7.66876220703125
51,0.39166666666666528,-0.31951904296875,0.86865234375,7.5567626953125
51,0.39999999999999858,-0.32684326171875,0.8441162109375,7.67755126953125
50,0.39166666666666528,0.4351806640625,0.94287109375,7.55828857421875
50,0.39999999999999858,0.44146728515625,0.919677734375,7.6790771484375
49,0.39166666666666528,0.0640869140625,0.57196044921875,7.56817626953125
49,0.39999999999999858,0.06365966796875,0.54205322265625,7.68914794921875
64,0.0083333333333333037,0.09197998046875,1.2384033203125,1.06817626953125
64,0.016666666666666607,0.096435546875,1.2177734375,1.250244140625
63,0.0083333333333333037,0.07275390625,1.2723388671875,1.06829833984375
63,0.016666666666666607,0.05804443359375,1.28558349609375,1.25054931640625
62,0.0083333333333333037,0.1070556640625,1.2611083984375,1.06829833984375
62,0.016666666666666607,0.12664794921875,1.26312255859375,1.2506103515625
61,0.0083333333333333037,0.07696533203125,1.24761962890625,1.0687255859375
61,0.016666666666666607,0.0665283203125,1.236083984375,1.25140380859375
60,0.0083333333333333037,0.08880615234375,1.274658203125,1.0687255859375
60,0.016666666666666607,0.090087890625,1.2901611328125,1.25140380859375
59,0.0083333333333333037,0.09686279296875,1.25042724609375,1.06890869140625
59,0.016666666666666607,0.10626220703125,1.24169921875,1.2518310546875
58,0.0083333333333333037,0.078857421875,1.26080322265625,1.06915283203125
58,0.016666666666666607,0.07025146484375,1.26251220703125,1.2523193359375
57,0.0083333333333333037,0.09307861328125,1.26312255859375,1.06927490234375
57,0.016666666666666607,0.09869384765625,1.2672119140625,1.25244140625
56,0.40833333333333188,-0.44732666015625,1.29443359375,7.76495361328125
56,0.41666666666666519,-0.45672607421875,1.27685546875,7.8851318359375
55,0.40833333333333188,0.88909912109375,0.676513671875,7.76580810546875
55,0.41666666666666519,0.90313720703125,0.64813232421875,7.885986328125
54,0.40833333333333188,-0.4114990234375,0.26531982421875,7.781494140625
54,0.41666666666666519,-0.42022705078125,0.22979736328125,7.9019775390625
53,0.40833333333333188,0.21435546875,1.34283447265625,7.78009033203125
53,0.41666666666666519,0.216552734375,1.32611083984375,7.9005126953125
52,0.40833333333333188,0.44732666015625,0.25262451171875,7.78936767578125
52,0.41666666666666519,0.45361328125,0.21685791015625,7.90997314453125
51,0.40833333333333188,-0.334228515625,0.81878662109375,7.79827880859375
51,0.41666666666666519,-0.34161376953125,0.79290771484375,7.91900634765625
50,0.40833333333333188,0.44775390625,0.895751953125,7.79986572265625
50,0.41666666666666519,0.45404052734375,0.87115478515625,7.920654296875
49,0.40833333333333188,0.06329345703125,0.5113525390625,7.81011962890625
49,0.41666666666666519,0.0628662109375,0.4801025390625,7.93109130859375
64,0.024999999999999911,0.1009521484375,1.19708251953125,1.432373046875
64,0.033333333333333215,0.10540771484375,1.1763916015625,1.614501953125
63,0.024999999999999911,0.04327392578125,1.298828125,1.432861328125
63,0.033333333333333215,0.028564453125,1.31201171875,1.6151123046875
62,0.024999999999999911,0.146240234375,1.26513671875,1.432861328125
62,0.033333333333333215,0.16583251953125,1.26715087890625,1.6151123046875
61,0.024999999999999911,0.0560302734375,1.224609375,1.43408203125
61,0.033333333333333215,0.0455322265625,1.21307373046875,1.61676025390625
60,0.024999999999999911,0.0914306640625,1.30572509765625,1.43408203125
60,0.033333333333333215,0.0927734375,1.32122802734375,1.61669921875
59,0.024999999999999911,0.11566162109375,1.2330322265625,1.4346923828125
59,0.033333333333333215,0.12506103515625,1.22430419921875,1.61761474609375
58,0.024999999999999911,0.0616455078125,1.26422119140625,1.4354248046875
58,0.033333333333333215,0.05303955078125,1.26593017578125,1.6185302734375
57,0.024999999999999911,0.104248046875,1.271240234375,1.4356689453125
57,0.033333333333333215,0.10986328125,1.27532958984375,1.61883544921875
56,0.42499999999999849,-0.466064453125,1.258544921875,8.00531005859375
56,0.43333333333333179,-0.47540283203125,1.23956298828125,8.12542724609375
55,0.42499999999999849,0.9171142578125,0.6190185546875,8.0062255859375
55,0.43333333333333179,0.93115234375,0.5892333984375,8.12640380859375
54,0.42499999999999849,-0.428955078125,0.1934814453125,8.02239990234375
54,0.43333333333333179,-0.43768310546875,0.156494140625,8.14288330078125
53,0.42499999999999849,0.21875,1.30865478515625,8.02099609375
53,0.43333333333333179,0.22100830078125,1.29046630859375,8.14141845703125
52,0.42499999999999849,0.45989990234375,0.1802978515625,8.03057861328125
52,0.43333333333333179,0.4661865234375,0.14312744140625,8.15118408203125
51,0.42499999999999849,-0.34893798828125,0.76629638671875,8.039794921875
51,0.43333333333333179,-0.3563232421875,0.739013671875,8.1605224609375
50,0.42499999999999849,0.46038818359375,0.84588623046875,8.04144287109375
50,0.43333333333333179,0.4666748046875,0.8199462890625,8.16217041015625
49,0.42499999999999849,0.06243896484375,0.4481201171875,8.052001953125
49,0.43333333333333179,0.06201171875,0.4154052734375,8.1729736328125
64,0.041666666666666519,0.10992431640625,1.15576171875,1.79656982421875
64,0.049999999999999822,0.1143798828125,1.13507080078125,1.97869873046875
63,0.041666666666666519,0.01385498046875,1.32525634765625,1.79736328125
63,0.049999999999999822,-0.0008544921875,1.3385009765625,1.9796142578125
62,0.041666666666666519,0.1854248046875,1.2691650390625,1.79742431640625
62,0.049999999999999822,0.205078125,1.27117919921875,1.97967529296875
61,0.041666666666666519,0.0350341796875,1.20159912109375,1.79937744140625
61,0.049999999999999822,0.02459716796875,1.1900634765625,1.9820556640625
60,0.041666666666666519,0.0941162109375,1.3367919921875,1.79937744140625
60,0.049999999999999822,0.09539794921875,1.35235595703125,1.9820556640625
59,0.041666666666666519,0.13446044921875,1.21563720703125,1.80047607421875
59,0.049999999999999822,0.1439208984375,1.2069091796875,1.98333740234375
58,0.041666666666666519,0.04443359375,1.2677001953125,1.8016357421875
58,0.049999999999999822,0.035888671875,1.2694091796875,1.98480224609375
57,0.041666666666666519,0.115478515625,1.27935791015625,1.80206298828125
57,0.049999999999999822,0.12109375,1.28338623046875,1.98529052734375
56,0.4416666666666651,-0.4847412109375,1.2198486328125,8.24560546875
56,0.4499999999999984,-0.49407958984375,1.19952392578125,8.36578369140625
55,0.4416666666666651,0.94512939453125,0.5587158203125,8.24658203125
55,0.4499999999999984,0.9591064453125,0.527587890625,8.36676025390625
54,0.4416666666666651,-0.4464111328125,0.11883544921875,8.26336669921875
54,0.4499999999999984,-0.45513916015625,0.08050537109375,8.3837890625
53,0.4416666666666651,0.22320556640625,1.2716064453125,8.2618408203125
53,0.4499999999999984,0.22540283203125,1.25213623046875,8.38226318359375
52,0.4416666666666651,0.47247314453125,0.105224609375,8.27178955078125
52,0.4499999999999984,0.478759765625,0.066650390625,8.392333984375
51,0.4416666666666651,-0.36370849609375,0.7109375,8.28131103515625
51,0.4499999999999984,-0.37109375,0.68231201171875,8.40203857421875
50,0.4416666666666651,0.47296142578125,0.79327392578125,8.282958984375
50,0.4499999999999984,0.479248046875,0.76593017578125,8.40374755859375
49,0.4416666666666651,0.06158447265625,0.38201904296875,8.2939453125
49,0.4499999999999984,0.0611572265625,0.3480224609375,8.4149169921875
64,0.058333333333333126,0.118896484375,1.1143798828125,2.16082763671875
64,0.06666666666666643,0.1234130859375,1.09368896484375,2.3428955078125
63,0.058333333333333126,-0.015625,1.35174560546875,2.161865234375
63,0.06666666666666643,-0.03033447265625,1.364990234375,2.3441162109375
62,0.058333333333333126,0.22467041015625,1.273193359375,2.16192626953125
62,0.06666666666666643,0.2442626953125,1.27520751953125,2.34423828125
61,0.058333333333333126,0.01409912109375,1.1785888671875,2.16473388671875
61,0.06666666666666643,0.00360107421875,1.16705322265625,2.347412109375
60,0.058333333333333126,0.09674072265625,1.36785888671875,2.16473388671875
60,0.06666666666666643,0.09808349609375,1.3834228515625,2.347412109375
59,0.058333333333333126,0.1533203125,1.1982421875,2.166259765625
59,0.06666666666666643,0.1627197265625,1.18951416015625,2.34912109375
58,0.058333333333333126,0.02728271484375,1.2711181640625,2.16790771484375
58,0.06666666666666643,0.0186767578125,1.2728271484375,2.35101318359375
57,0.058333333333333126,0.12664794921875,1.2874755859375,2.16845703125
57,0.06666666666666643,0.13226318359375,1.29150390625,2.3516845703125
56,0.45833333333333171,-0.50341796875,1.178466796875,8.4859619140625
56,0.466666666666665,-0.51275634765625,1.15673828125,8.60614013671875
55,0.45833333333333171,0.97314453125,0.49578857421875,8.4869384765625
55,0.466666666666665,0.98712158203125,0.4632568359375,8.60711669921875
54,0.45833333333333171,-0.46380615234375,0.04150390625,8.5042724609375
54,0.46179743569149578,-0.4674072265625,0,8.5543212890625
53,0.45833333333333171,0.22760009765625,1.23193359375,8.502685546875
53,0.466666666666665,0.2298583984375,1.2110595703125,8.6231689453125
52,0.45833333333333171,0.48504638671875,0.0274658203125,8.512939453125
52,0.45884478346505719,0.48541259765625,0,8.52032470703125
51,0.45833333333333171,-0.37841796875,0.65301513671875,8.5228271484375
51,0.466666666666665,-0.38580322265625,0.6229248046875,8.6435546875
50,0.45833333333333171,0.48553466796875,0.73797607421875,8.5245361328125
50,0.466666666666665,0.4918212890625,0.70928955078125,8.64532470703125
49,0.45833333333333171,0.06072998046875,0.3133544921875,8.535888671875
49,0.466666666666665,0.060302734375,0.27789306640625,8.6568603515625
64,0.074999999999999734,0.1278076171875,1.0728759765625,2.5230712890625
64,0.083333333333333037,0.1322021484375,1.0518798828125,2.69940185546875
63,0.074999999999999734,-0.04486083984375,1.377685546875,2.52447509765625
63,0.083333333333333037,-0.05914306640625,1.3895263671875,2.700927734375
62,0.074999999999999734,0.26361083984375,1.27685546875,2.5245361328125
62,0.083333333333333037,0.2825927734375,1.27783203125,2.70098876953125
61,0.074999999999999734,-0.00677490234375,1.15533447265625,2.52813720703125
61,0.083333333333333037,-0.01690673828125,1.1431884765625,2.70501708984375
60,0.074999999999999734,0.099365234375,1.3984375,2.52813720703125
60,0.083333333333333037,0.10064697265625,1.4124755859375,2.7049560546875
59,0.074999999999999734,0.1719970703125,1.18060302734375,2.53009033203125
59,0.083333333333333037,0.18109130859375,1.17120361328125,2.7071533203125
58,0.074999999999999734,0.0101318359375,1.274169921875,2.5322265625
58,0.083333333333333037,0.0018310546875,1.27484130859375,2.70947265625
57,0.074999999999999734,0.1378173828125,1.295166015625,2.53289794921875
57,0.083333333333333037,0.14324951171875,1.298095703125,2.71026611328125
56,0.47499999999999831,-0.5220947265625,1.13433837890625,8.726318359375
56,0.48333333333333162,-0.53143310546875,1.11126708984375,8.84649658203125
55,0.47499999999999831,1.00115966796875,0.4300537109375,8.727294921875
55,0.48333333333333162,1.01513671875,0.39617919921875,8.8475341796875
53,0.47499999999999831,0.2320556640625,1.18951416015625,8.74359130859375
53,0.48333333333333162,0.2342529296875,1.167236328125,8.864013671875
51,0.47499999999999831,-0.3931884765625,0.59222412109375,8.7642822265625
51,0.48333333333333162,-0.4005126953125,0.56085205078125,8.88507080078125
50,0.47499999999999831,0.49810791015625,0.67987060546875,8.76611328125
50,0.48333333333333162,0.50439453125,0.64984130859375,8.88690185546875
49,0.47499999999999831,0.05987548828125,0.2418212890625,8.77777099609375
49,0.48333333333333162,0.0594482421875,0.205078125,8.89874267578125
64,0.091666666666666341,0.13641357421875,1.0306396484375,2.871826171875
64,0.099999999999999645,0.14056396484375,1.00909423828125,3.0404052734375
63,0.091666666666666341,-0.07305908203125,1.400390625,2.87347412109375
63,0.099999999999999645,-0.08673095703125,1.41021728515625,3.04217529296875
62,0.091666666666666341,0.3011474609375,1.27801513671875,2.87359619140625
62,0.099999999999999645,0.3193359375,1.27752685546875,3.04229736328125
61,0.091666666666666341,-0.02685546875,1.130615234375,2.87799072265625
61,0.099999999999999645,-0.03656005859375,1.1175537109375,3.04705810546875
60,0.091666666666666341,0.1019287109375,1.42547607421875,2.8779296875
60,0.099999999999999645,0.1031494140625,1.4375,3.0469970703125
59,0.091666666666666341,0.19000244140625,1.1612548828125,2.88031005859375
59,0.099999999999999645,0.19873046875,1.15081787109375,3.049560546875
58,0.091666666666666341,-0.00628662109375,1.27471923828125,2.88287353515625
58,0.099999999999999645,-0.0142822265625,1.27392578125,3.0523681640625
57,0.091666666666666341,0.1485595703125,1.30023193359375,2.8837890625
57,0.099999999999999645,0.15374755859375,1.30157470703125,3.0533447265625
56,0.49166666666666492,-0.540771484375,1.0875244140625,8.9666748046875
56,0.49999999999999822,-0.55010986328125,1.0631103515625,9.08685302734375
55,0.49166666666666492,1.0291748046875,0.36163330078125,8.96771240234375
55,0.49999999999999822,1.04315185546875,0.326416015625,9.087890625
53,0.49166666666666492,0.23651123046875,1.14434814453125,8.98443603515625
53,0.49999999999999822,0.23870849609375,1.12078857421875,9.10491943359375
51,0.49166666666666492,-0.40789794921875,0.52880859375,9.00579833984375
51,0.49999999999999822,-0.415283203125,0.49603271484375,9.1265869140625
50,0.49166666666666492,0.5107421875,0.619140625,9.0076904296875
50,0.49999999999999822,0.51702880859375,0.5877685546875,9.12841796875
49,0.49166666666666492,0.05902099609375,0.1676025390625,9.01971435546875
49,0.49999999999999822,0.05859375,0.1295166015625,9.14068603515625
64,0.10833333333333295,0.1446533203125,0.98736572265625,3.205078125
64,0.11666666666666625,0.14862060546875,0.96533203125,3.36590576171875
63,0.10833333333333295,-0.10003662109375,1.41912841796875,3.20703125
63,0.11666666666666625,-0.113037109375,1.42706298828125,3.36798095703125
62,0.10833333333333295,0.3370361328125,1.27630615234375,3.2071533203125
62,0.11666666666666625,0.3543701171875,1.2742919921875,3.36810302734375
61,0.10833333333333295,-0.0460205078125,1.1041259765625,3.2122802734375
61,0.11666666666666625,-0.0552978515625,1.09014892578125,3.37359619140625
60,0.10833333333333295,0.10430908203125,1.448486328125,3.21221923828125
60,0.11666666666666625,0.10552978515625,1.45843505859375,3.37353515625
59,0.10833333333333295,0.20721435546875,1.139892578125,3.2149658203125
59,0.11666666666666625,0.21551513671875,1.12841796875,3.37646484375
58,0.10833333333333295,-0.02203369140625,1.2724609375,3.218017578125
58,0.11666666666666625,-0.0296630859375,1.27020263671875,3.3797607421875
57,0.10833333333333295,0.1588134765625,1.30218505859375,3.218994140625
57,0.11666666666666625,0.16375732421875,1.302001953125,3.38079833984375
56,0.50833333333333153,-0.5594482421875,1.0379638671875,9.20697021484375
56,0.51666666666666483,-0.56878662109375,1.01214599609375,9.3271484375
55,0.50833333333333153,1.05718994140625,0.29052734375,9.20806884765625
55,0.51666666666666483,1.0711669921875,0.25390625,9.3282470703125
53,0.50833333333333153,0.24090576171875,1.0965576171875,9.225341796875
53,0.51666666666666483,0.2431640625,1.071533203125,9.34576416015625
51,0.50833333333333153,-0.422607421875,0.462646484375,9.247314453125
51,0.51666666666666483,-0.42999267578125,0.42852783203125,9.36810302734375
50,0.50833333333333153,0.5233154296875,0.5556640625,9.24920654296875
50,0.51666666666666483,0.52960205078125,0.52288818359375,9.3699951171875
49,0.50833333333333153,0.05816650390625,0.09075927734375,9.26165771484375
49,0.51666666666666483,0.0577392578125,0.05126953125,9.382568359375
64,0.12499999999999956,0.1524658203125,0.943115234375,3.52288818359375
64,0.13333333333333286,0.15625,0.92059326171875,3.67596435546875
63,0.12499999999999956,-0.125732421875,1.43408203125,3.52508544921875
63,0.13333333333333286,-0.13812255859375,1.4400634765625,3.67828369140625
62,0.12499999999999956,0.3712158203125,1.2716064453125,3.52520751953125
62,0.13333333333333286,0.3876953125,1.2681884765625,3.678466796875
61,0.12499999999999956,-0.0643310546875,1.07586669921875,3.531005859375
61,0.13333333333333286,-0.0731201171875,1.06103515625,3.6845703125
60,0.12499999999999956,0.10662841796875,1.46746826171875,3.531005859375
60,0.13333333333333286,0.1077880859375,1.47540283203125,3.68450927734375
59,0.12499999999999956,0.2236328125,1.1165771484375,3.53411865234375
59,0.13333333333333286,0.2315673828125,1.1041259765625,3.6878662109375
58,0.12499999999999956,-0.03704833984375,1.26727294921875,3.53753662109375
58,0.13333333333333286,-0.0443115234375,1.26361083984375,3.6915283203125
57,0.12499999999999956,0.1685791015625,1.30108642578125,3.5386962890625
57,0.13333333333333286,0.17327880859375,1.29937744140625,3.69268798828125
56,0.52499999999999813,-0.57818603515625,0.98565673828125,9.44732666015625
56,0.53333333333333144,-0.5875244140625,0.95849609375,9.5675048828125
55,0.52499999999999813,1.085205078125,0.21661376953125,9.44842529296875
55,0.53333333333333144,1.09918212890625,0.17864990234375,9.568603515625
53,0.52499999999999813,0.245361328125,1.0458984375,9.4661865234375
53,0.53333333333333144,0.24755859375,1.01959228515625,9.586669921875
51,0.52499999999999813,-0.4373779296875,0.3936767578125,9.48883056640625
51,0.53333333333333144,-0.44476318359375,0.35821533203125,9.60955810546875
50,0.52499999999999813,0.535888671875,0.48944091796875,9.49078369140625
50,0.53333333333333144,0.54217529296875,0.45526123046875,9.611572265625
49,0.522106726903087,0.0574951171875,0,9.4615478515625
64,0.14166666666666616,0.159912109375,0.89788818359375,3.8251953125
64,0.14999999999999947,0.16351318359375,0.8748779296875,3.97052001953125
63,0.14166666666666616,-0.150146484375,1.44512939453125,3.82763671875
63,0.14999999999999947,-0.16192626953125,1.44921875,3.97308349609375
62,0.14166666666666616,0.40374755859375,1.2640380859375,3.82781982421875
62,0.14999999999999947,0.41943359375,1.25921630859375,3.9732666015625
61,0.14166666666666616,-0.08172607421875,1.04583740234375,3.834228515625
61,0.14999999999999947,-0.090087890625,1.0301513671875,3.98004150390625
60,0.14166666666666616,0.10882568359375,1.4822998046875,3.834228515625
60,0.14999999999999947,0.10992431640625,1.48828125,3.97998046875
59,0.14166666666666616,0.2392578125,1.0911865234375,3.83770751953125
59,0.14999999999999947,0.24676513671875,1.0777587890625,3.983642578125
58,0.14166666666666616,-0.05133056640625,1.25921630859375,3.841552734375
58,0.14999999999999947,-0.0582275390625,1.25408935546875,3.9876708984375
57,0.14166666666666616,0.1778564453125,1.296875,3.84283447265625
57,0.14999999999999947,0.18231201171875,1.29364013671875,3.98907470703125
56,0.54166666666666474,-0.59686279296875,0.9306640625,9.68768310546875
56,0.549999999999998,-0.606201171875,0.90216064453125,9.807861328125
55,0.54166666666666474,1.1131591796875,0.1400146484375,9.6888427734375
55,0.549999999999998,1.127197265625,0.1007080078125,9.80902099609375
53,0.54166666666666474,0.24981689453125,0.9925537109375,9.70709228515625
53,0.549999999999998,0.25201416015625,0.96490478515625,9.8275146484375
51,0.54166666666666474,-0.45208740234375,0.32208251953125,9.7303466796875
51,0.549999999999998,-0.45947265625,0.28521728515625,9.85107421875
50,0.54166666666666474,0.5484619140625,0.42047119140625,9.73236083984375
50,0.549999999999998,0.55474853515625,0.385009765625,9.8531494140625
64,0.15833333333333277,0.1669921875,0.8516845703125,4.11199951171875
64,0.16666666666666607,0.17041015625,0.8282470703125,4.24957275390625
63,0.15833333333333277,-0.17333984375,1.45233154296875,4.11468505859375
63,0.16666666666666607,-0.1844482421875,1.45452880859375,4.25244140625
62,0.15833333333333277,0.43463134765625,1.25360107421875,4.1148681640625
62,0.16666666666666607,0.449462890625,1.247314453125,4.25262451171875
61,0.15833333333333277,-0.09820556640625,1.01409912109375,4.1219482421875
61,0.16666666666666607,-0.10614013671875,0.99761962890625,4.260009765625
60,0.15833333333333277,0.11090087890625,1.4931640625,4.12188720703125
60,0.16666666666666607,0.1119384765625,1.49713134765625,4.25994873046875
59,0.15833333333333277,0.25408935546875,1.06390380859375,4.125732421875
59,0.16666666666666607,0.26116943359375,1.04949951171875,4.263916015625
58,0.15833333333333277,-0.06488037109375,1.248291015625,4.12994384765625
58,0.16666666666666607,-0.0714111328125,1.24176025390625,4.268310546875
57,0.15833333333333277,0.18670654296875,1.2896728515625,4.13134765625
57,0.16666666666666607,0.19091796875,1.284912109375,4.269775390625
56,0.55833333333333135,-0.61553955078125,0.87298583984375,9.92803955078125
56,0.56666666666666465,-0.6248779296875,0.84307861328125,10.0482177734375
55,0.55833333333333135,1.14117431640625,0.06072998046875,9.92919921875
55,0.56565565625777237,1.15350341796875,0,10.0347900390625
53,0.55833333333333135,0.25421142578125,0.93658447265625,9.94793701171875
53,0.56666666666666465,0.2564697265625,0.90753173828125,10.068359375
51,0.55833333333333135,-0.46685791015625,0.24774169921875,9.97186279296875
51,0.56666666666666465,-0.47418212890625,0.2095947265625,10.09259033203125
50,0.55833333333333135,0.56109619140625,0.348876953125,9.97393798828125
50,0.56666666666666465,0.5673828125,0.31201171875,10.0947265625
64,0.17499999999999938,0.1737060546875,0.80462646484375,4.38336181640625
64,0.18333333333333268,0.1768798828125,0.7806396484375,4.51318359375
63,0.17499999999999938,-0.1953125,1.45574951171875,4.38623046875
63,0.18333333333333268,-0.205810546875,1.45599365234375,4.5162353515625
62,0.17499999999999938,0.46380615234375,1.2403564453125,4.386474609375
62,0.18333333333333268,0.477783203125,1.2325439453125,4.51641845703125
61,0.17499999999999938,-0.11383056640625,0.98065185546875,4.3941650390625
61,0.18333333333333268,-0.121337890625,0.9632568359375,4.5244140625
60,0.17499999999999938,0.1129150390625,1.50006103515625,4.39410400390625
60,0.18333333333333268,0.11383056640625,1.50189208984375,4.52435302734375
59,0.17499999999999938,0.26806640625,1.03466796875,4.39825439453125
59,0.18333333333333268,0.2747802734375,1.01922607421875,4.5286865234375
58,0.17499999999999938,-0.07769775390625,1.23455810546875,4.40283203125
58,0.18333333333333268,-0.08380126953125,1.2265625,4.53338623046875
57,0.17499999999999938,0.195068359375,1.2794189453125,4.40435791015625
57,0.18333333333333268,0.19903564453125,1.2730712890625,4.53497314453125
56,0.574999999999998,-0.63421630859375,0.8125,10.1683349609375
56,0.58333333333333126,-0.6435546875,0.78125,10.28851318359375
53,0.574999999999998,0.2586669921875,0.8778076171875,10.1888427734375
53,0.58333333333333126,0.2608642578125,0.847412109375,10.30926513671875
51,0.574999999999998,-0.4815673828125,0.17071533203125,10.21337890625
51,0.58333333333333126,-0.48895263671875,0.131103515625,10.3341064453125
50,0.574999999999998,0.57366943359375,0.27447509765625,10.2154541015625
50,0.58333333333333126,0.5799560546875,0.23626708984375,10.33624267578125
64,0.19166666666666599,0.17999267578125,0.75653076171875,4.63922119140625
64,0.19999999999999929,0.18304443359375,0.73211669921875,4.7613525390625
63,0.19166666666666599,-0.21600341796875,1.455322265625,4.642333984375
63,0.19999999999999929,-0.225830078125,1.45361328125,4.76458740234375
62,0.19166666666666599,0.49139404296875,1.22412109375,4.642578125
62,0.19999999999999929,0.5045166015625,1.21490478515625,4.7647705078125
61,0.19166666666666599,-0.12860107421875,0.9454345703125,4.65081787109375
61,0.19999999999999929,-0.1356201171875,0.92718505859375,4.7733154296875
60,0.19166666666666599,0.11474609375,1.5028076171875,4.6507568359375
60,0.19999999999999929,0.11566162109375,1.502685546875,4.77325439453125
59,0.19166666666666599,0.28131103515625,1.00335693359375,4.65521240234375
59,0.19999999999999929,0.28759765625,0.98699951171875,4.77783203125
58,0.19166666666666599,-0.08978271484375,1.2178955078125,4.66009521484375
58,0.19999999999999929,-0.09552001953125,1.20849609375,4.78289794921875
57,0.19166666666666599,0.202880859375,1.26605224609375,4.6617431640625
57,0.19999999999999929,0.2066650390625,1.25823974609375,4.78460693359375
56,0.59166666666666456,-0.65289306640625,0.74932861328125,10.40869140625
56,0.59999999999999787,-0.6622314453125,0.71673583984375,10.52886962890625
53,0.59166666666666456,0.2630615234375,0.81634521484375,10.4296875
53,0.59999999999999787,0.26531982421875,0.7845458984375,10.55010986328125
51,0.59166666666666456,-0.49627685546875,0.09088134765625,10.454833984375
51,0.59999999999999787,-0.503662109375,0.04998779296875,10.57562255859375
50,0.59166666666666456,0.58624267578125,0.19732666015625,10.45703125
50,0.59999999999999787,0.592529296875,0.15777587890625,10.57781982421875
64,0.20833333333333259,0.18597412109375,0.70721435546875,4.88153076171875
64,0.2166666666666659,0.18896484375,0.681640625,5.001708984375
63,0.20833333333333259,-0.235595703125,1.451171875,4.8848876953125
63,0.2166666666666659,-0.24530029296875,1.447998046875,5.005126953125
62,0.20833333333333259,0.5174560546875,1.20501708984375,4.88507080078125
62,0.2166666666666659,0.5303955078125,1.1944580078125,5.00537109375
61,0.20833333333333259,-0.14251708984375,0.90838623046875,4.89385986328125
61,0.2166666666666659,-0.1494140625,0.88885498046875,5.014404296875
60,0.20833333333333259,0.11651611328125,1.501708984375,4.893798828125
60,0.2166666666666659,0.117431640625,1.50006103515625,5.01434326171875
59,0.20833333333333259,0.2938232421875,0.97003173828125,4.8985595703125
59,0.2166666666666659,0.29998779296875,0.952392578125,5.019287109375
58,0.20833333333333259,-0.1011962890625,1.19842529296875,4.90374755859375
58,0.2166666666666659,-0.10687255859375,1.1876220703125,5.024658203125
57,0.20833333333333259,0.21038818359375,1.24969482421875,4.905517578125
57,0.2166666666666659,0.21405029296875,1.24041748046875,5.02642822265625
56,0.60833333333333117,-0.67156982421875,0.6834716796875,10.6490478515625
56,0.61666666666666448,-0.680908203125,0.64947509765625,10.76922607421875
53,0.60833333333333117,0.26751708984375,0.75213623046875,10.67059326171875
53,0.61666666666666448,0.26971435546875,0.71905517578125,10.791015625
51,0.60499999990292108,-0.50811767578125,0,10.6480712890625
50,0.60833333333333117,0.59881591796875,0.1175537109375,10.6986083984375
50,0.61666666666666448,0.6051025390625,0.07666015625,10.81939697265625
64,0.2249999999999992,0.19189453125,0.6553955078125,5.12188720703125
64,0.2333333333333325,0.19488525390625,0.62847900390625,5.2420654296875
63,0.2249999999999992,-0.2550048828125,1.444091796875,5.12542724609375
63,0.2333333333333325,-0.26470947265625,1.4395751953125,5.2457275390625
62,0.2249999999999992,0.5433349609375,1.18316650390625,5.12567138671875
62,0.2333333333333325,0.5562744140625,1.17120361328125,5.2459716796875
61,0.2249999999999992,-0.1563720703125,0.86865234375,5.135009765625
61,0.2333333333333325,-0.16326904296875,0.8477783203125,5.25555419921875
60,0.2249999999999992,0.1182861328125,1.4976806640625,5.13494873046875
60,0.2333333333333325,0.119140625,1.49468994140625,5.2554931640625
59,0.2249999999999992,0.30621337890625,0.93402099609375,5.13995361328125
59,0.2333333333333325,0.31243896484375,0.9150390625,5.26068115234375
58,0.2249999999999992,-0.112548828125,1.1761474609375,5.1455078125
58,0.2333333333333325,-0.11822509765625,1.16400146484375,5.266357421875
57,0.2249999999999992,0.2177734375,1.23046875,5.1473388671875
57,0.2333333333333325,0.221435546875,1.21990966796875,5.26824951171875
56,0.62499999999999778,-0.6903076171875,0.61480712890625,10.889404296875
56,0.63333333333333108,-0.69964599609375,0.57952880859375,11.00958251953125
53,0.62499999999999778,0.27197265625,0.6851806640625,10.91143798828125
53,0.63333333333333108,0.274169921875,0.6507568359375,11.0318603515625
50,0.62499999999999778,0.6114501953125,0.03497314453125,10.940185546875
50,0.62696531779049169,0.6129150390625,0,10.96868896484375
64,0.24166666666666581,0.19781494140625,0.60089111328125,5.3623046875
64,0.24999999999999911,0.2008056640625,0.5726318359375,5.48248291015625
63,0.24166666666666581,-0.2744140625,1.434326171875,5.36602783203125
63,0.24999999999999911,-0.2841796875,1.428466796875,5.486328125
62,0.24166666666666581,0.5692138671875,1.1585693359375,5.36627197265625
62,0.24999999999999911,0.58209228515625,1.14532470703125,5.486572265625
61,0.24166666666666581,-0.17022705078125,0.82623291015625,5.3760986328125
61,0.24999999999999911,-0.1771240234375,0.8040771484375,5.4967041015625
60,0.24166666666666581,0.1199951171875,1.490966796875,5.37603759765625
60,0.24999999999999911,0.12091064453125,1.48663330078125,5.49658203125
59,0.24166666666666581,0.31866455078125,0.89532470703125,5.38134765625
59,0.24999999999999911,0.3248291015625,0.875,5.5020751953125
58,0.24166666666666581,-0.1239013671875,1.15118408203125,5.38720703125
58,0.24999999999999911,-0.12957763671875,1.1376953125,5.508056640625
57,0.24166666666666581,0.22515869140625,1.2086181640625,5.38916015625
57,0.24999999999999911,0.22882080078125,1.19671630859375,5.51007080078125
56,0.64166666666666439,-0.708984375,0.54351806640625,11.1297607421875
56,0.64999999999999769,-0.71832275390625,0.5068359375,11.2498779296875
53,0.64166666666666439,0.2763671875,0.6156005859375,11.15228271484375
53,0.64999999999999769,0.27862548828125,0.5797119140625,11.27276611328125
64,0.25833333333333242,0.2037353515625,0.543701171875,5.6026611328125
64,0.26666666666666572,0.20672607421875,0.5140380859375,5.72283935546875
63,0.25833333333333242,-0.29388427734375,1.421875,5.60662841796875
63,0.26666666666666572,-0.3035888671875,1.41461181640625,5.7269287109375
62,0.25833333333333242,0.59503173828125,1.13134765625,5.60687255859375
62,0.26666666666666572,0.60797119140625,1.11669921875,5.7271728515625
61,0.25833333333333242,-0.18402099609375,0.7811279296875,5.61724853515625
61,0.26666666666666572,-0.19097900390625,0.757568359375,5.73779296875
60,0.25833333333333242,0.12176513671875,1.48162841796875,5.6171875
60,0.26666666666666572,0.12261962890625,1.47589111328125,5.73773193359375
59,0.25833333333333242,0.3310546875,0.85394287109375,5.622802734375
59,0.26666666666666572,0.3372802734375,0.83221435546875,5.74346923828125
58,0.25833333333333242,-0.13525390625,1.12353515625,5.62896728515625
58,0.26666666666666572,-0.14093017578125,1.108642578125,5.74981689453125
57,0.25833333333333242,0.2325439453125,1.18402099609375,5.6309814453125
57,0.26666666666666572,0.23626708984375,1.17071533203125,5.75189208984375
56,0.658333333333331,-0.7276611328125,0.469482421875,11.37005615234375
56,0.6666666666666643,-0.73699951171875,0.43145751953125,11.490234375
53,0.658333333333331,0.28082275390625,0.543212890625,11.3931884765625
53,0.6666666666666643,0.28302001953125,0.50604248046875,11.51361083984375
64,0.274999999999999,0.20965576171875,0.4837646484375,5.843017578125
64,0.28333333333333233,0.212646484375,0.45269775390625,5.9632568359375
63,0.274999999999999,-0.31329345703125,1.40667724609375,5.84722900390625
63,0.28333333333333233,-0.322998046875,1.3980712890625,5.96746826171875
62,0.274999999999999,0.62091064453125,1.101318359375,5.84747314453125
62,0.28333333333333233,0.63385009765625,1.08526611328125,5.9677734375
61,0.274999999999999,-0.1978759765625,0.7332763671875,5.85833740234375
61,0.28333333333333233,-0.20477294921875,0.70831298828125,5.97894287109375
60,0.274999999999999,0.12353515625,1.469482421875,5.8582763671875
60,0.28333333333333233,0.1243896484375,1.46234130859375,5.97882080078125
59,0.274999999999999,0.34344482421875,0.809814453125,5.86419677734375
59,0.28333333333333233,0.34967041015625,0.78668212890625,5.98486328125
58,0.274999999999999,-0.1466064453125,1.0931396484375,5.87066650390625
58,0.28333333333333233,-0.15228271484375,1.076904296875,5.99151611328125
57,0.274999999999999,0.23992919921875,1.15673828125,5.872802734375
57,0.28333333333333233,0.24365234375,1.14202880859375,5.9937744140625
56,0.6749999999999976,-0.746337890625,0.39263916015625,11.61041259765625
56,0.68333333333333091,-0.75567626953125,0.353271484375,11.7305908203125
53,0.6749999999999976,0.2852783203125,0.46807861328125,11.634033203125
53,0.68333333333333091,0.2874755859375,0.4295654296875,11.7545166015625
64,0.29166666666666563,0.21563720703125,0.42108154296875,6.08343505859375
64,0.29999999999999893,0.21856689453125,0.388671875,6.20361328125
63,0.29166666666666563,-0.332763671875,1.3887939453125,6.0877685546875
63,0.29999999999999893,-0.34246826171875,1.3787841796875,6.20806884765625
62,0.29166666666666563,0.64678955078125,1.068603515625,6.08807373046875
62,0.29999999999999893,0.65972900390625,1.05120849609375,6.2083740234375
61,0.29166666666666563,-0.21173095703125,0.6827392578125,6.0994873046875
61,0.29999999999999893,-0.2186279296875,0.6563720703125,6.22003173828125
60,0.29166666666666563,0.125244140625,1.45458984375,6.09942626953125
60,0.29999999999999893,0.12615966796875,1.44610595703125,6.219970703125
59,0.29166666666666563,0.35589599609375,0.762939453125,6.1055908203125
59,0.29999999999999893,0.362060546875,0.73846435546875,6.226318359375
58,0.29166666666666563,-0.157958984375,1.05999755859375,6.11236572265625
58,0.29999999999999893,-0.16363525390625,1.04241943359375,6.2332763671875
57,0.29166666666666563,0.247314453125,1.126708984375,6.11468505859375
57,0.29999999999999893,0.25103759765625,1.11065673828125,6.235595703125
56,0.69166666666666421,-0.7650146484375,0.31317138671875,11.85076904296875
56,0.69999999999999751,-0.77435302734375,0.27239990234375,11.970947265625
53,0.69166666666666421,0.2896728515625,0.39031982421875,11.87493896484375
53,0.69999999999999751,0.29193115234375,0.35040283203125,11.995361328125
64,0.30833333333333224,0.2215576171875,0.35565185546875,6.32379150390625
64,0.31666666666666554,0.2244873046875,0.3218994140625,6.44403076171875
63,0.30833333333333224,-0.3521728515625,1.36810302734375,6.328369140625
63,0.31666666666666554,-0.36187744140625,1.35675048828125,6.44866943359375
62,0.30833333333333224,0.67266845703125,1.03314208984375,6.32867431640625
62,0.31666666666666554,0.68560791015625,1.01434326171875,6.448974609375
61,0.30833333333333224,-0.22552490234375,0.62939453125,6.34063720703125
61,0.31666666666666554,-0.23248291015625,0.6016845703125,6.461181640625
60,0.30833333333333224,0.12701416015625,1.43695068359375,6.34051513671875
60,0.31666666666666554,0.12786865234375,1.4271240234375,6.46112060546875
59,0.30833333333333224,0.3682861328125,0.71331787109375,6.34698486328125
59,0.31666666666666554,0.37451171875,0.6875,6.46771240234375
58,0.30833333333333224,-0.1693115234375,1.02410888671875,6.3541259765625
58,0.31666666666666554,-0.17498779296875,1.00518798828125,6.4749755859375
57,0.30833333333333224,0.25469970703125,1.0938720703125,6.35650634765625
57,0.31666666666666554,0.2584228515625,1.07647705078125,6.4774169921875
56,0.70833333333333082,-0.78369140625,0.23095703125,12.09112548828125
56,0.71666666666666412,-0.79302978515625,0.1888427734375,12.2113037109375
53,0.70833333333333082,0.29412841796875,0.30975341796875,12.11578369140625
53,0.71666666666666412,0.29632568359375,0.26849365234375,12.2362060546875
64,0.32499999999999885,0.22747802734375,0.2874755859375,6.564208984375
64,0.33333333333333215,0.23040771484375,0.25244140625,6.68438720703125
63,0.32499999999999885,-0.37164306640625,1.3447265625,6.5689697265625
63,0.33333333333333215,-0.38134765625,1.33203125,6.68927001953125
62,0.32499999999999885,0.69854736328125,0.99493408203125,6.56927490234375
62,0.33333333333333215,0.71148681640625,0.974853515625,6.6895751953125
61,0.32499999999999885,-0.2393798828125,0.5733642578125,6.58172607421875
61,0.33333333333333215,-0.24627685546875,0.54437255859375,6.70233154296875
60,0.32499999999999885,0.1287841796875,1.4166259765625,6.5816650390625
60,0.33333333333333215,0.129638671875,1.40545654296875,6.70220947265625
59,0.32499999999999885,0.3807373046875,0.6610107421875,6.58843994140625
59,0.33333333333333215,0.38690185546875,0.63385009765625,6.7091064453125
58,0.32499999999999885,-0.1806640625,0.98553466796875,6.5958251953125
58,0.33333333333333215,-0.18634033203125,0.96527099609375,6.7166748046875
57,0.32499999999999885,0.26214599609375,1.05841064453125,6.59832763671875
57,0.33333333333333215,0.26580810546875,1.0396728515625,6.71923828125
56,0.72499999999999742,-0.8023681640625,0.14599609375,12.3314208984375
56,0.73333333333333073,-0.811767578125,0.10247802734375,12.45159912109375
53,0.72499999999999742,0.298583984375,0.2265625,12.356689453125
53,0.73333333333333073,0.30078125,0.183837890625,12.47711181640625
64,0.34166666666666545,0.2333984375,0.2166748046875,6.8045654296875
64,0.34999999999999876,0.236328125,0.18023681640625,6.9248046875
63,0.34166666666666545,-0.39105224609375,1.31866455078125,6.80950927734375
63,0.34999999999999876,-0.4007568359375,1.30462646484375,6.9298095703125
62,0.34166666666666545,0.72442626953125,0.9541015625,6.80987548828125
62,0.34999999999999876,0.73736572265625,0.9326171875,6.93017578125
61,0.34166666666666545,-0.25323486328125,0.5146484375,6.8228759765625
61,0.34999999999999876,-0.2601318359375,0.4842529296875,6.94342041015625
60,0.34166666666666545,0.1304931640625,1.39361572265625,6.82275390625
60,0.34999999999999876,0.13140869140625,1.38104248046875,6.943359375
59,0.34166666666666545,0.39312744140625,0.60601806640625,6.829833984375
59,0.34999999999999876,0.39935302734375,0.57745361328125,6.95050048828125
58,0.34166666666666545,-0.1920166015625,0.94427490234375,6.83758544921875
58,0.34999999999999876,-0.19769287109375,0.922607421875,6.95843505859375
57,0.34166666666666545,0.26953125,1.020263671875,6.84014892578125
57,0.34999999999999876,0.273193359375,1.00006103515625,6.9610595703125
56,0.741666666666664,-0.82110595703125,0.058349609375,12.57177734375
56,0.747859410991465,-0.82806396484375,0,12.66107177734375
53,0.741666666666664,0.302978515625,0.14056396484375,12.5975341796875
53,0.74999999999999734,0.30517578125,0.0965576171875,12.71795654296875
64,0.35833333333333206,0.23931884765625,0.14306640625,7.04498291015625
64,0.36666666666666536,0.2423095703125,0.1053466796875,7.1651611328125
63,0.35833333333333206,-0.41046142578125,1.28985595703125,7.05010986328125
63,0.36666666666666536,-0.42022705078125,1.27447509765625,7.17041015625
62,0.35833333333333206,0.750244140625,0.910400390625,7.05047607421875
62,0.36666666666666536,0.76318359375,0.88763427734375,7.1707763671875
61,0.35833333333333206,-0.26702880859375,0.453125,7.06402587890625
61,0.36666666666666536,-0.27398681640625,0.42144775390625,7.1845703125
60,0.35833333333333206,0.13226318359375,1.3677978515625,7.06390380859375
60,0.36666666666666536,0.13311767578125,1.35394287109375,7.1844482421875
59,0.35833333333333206,0.405517578125,0.5482177734375,7.07122802734375
59,0.36666666666666536,0.4117431640625,0.51837158203125,7.19195556640625
58,0.35833333333333206,-0.203369140625,0.9002685546875,7.07928466796875
58,0.36666666666666536,-0.20904541015625,0.87725830078125,7.20013427734375
57,0.35833333333333206,0.27691650390625,0.979248046875,7.08197021484375
57,0.36666666666666536,0.28057861328125,0.95782470703125,7.202880859375
53,0.75833333333333064,0.30743408203125,0.05181884765625,12.83843994140625
53,0.76325930880230464,0.3087158203125,0,12.90960693359375
64,0.37499999999999867,0.2452392578125,0.06683349609375,7.28533935546875
64,0.38333333333333197,0.24822998046875,0.0277099609375,7.405517578125
63,0.37499999999999867,-0.429931640625,1.25836181640625,7.29071044921875
63,0.38333333333333197,-0.43963623046875,1.2415771484375,7.4110107421875
62,0.37499999999999867,0.776123046875,0.8641357421875,7.29107666015625
62,0.38333333333333197,0.7890625,0.8399658203125,7.411376953125
61,0.37499999999999867,-0.2808837890625,0.38897705078125,7.30511474609375
61,0.38333333333333197,-0.287841796875,0.35589599609375,7.4256591796875
60,0.37499999999999867,0.134033203125,1.33935546875,7.3050537109375
60,0.38333333333333197,0.1348876953125,1.3240966796875,7.42559814453125
59,0.37499999999999867,0.41796875,0.48779296875,7.3126220703125
59,0.38333333333333197,0.42413330078125,0.45654296875,7.433349609375
58,0.37499999999999867,-0.2147216796875,0.85357666015625,7.32098388671875
58,0.38333333333333197,-0.22039794921875,0.82916259765625,7.44189453125
57,0.37499999999999867,0.2843017578125,0.9356689453125,7.32379150390625
57,0.38333333333333197,0.28802490234375,0.912841796875,7.4447021484375
65,0,0.08746337890625,1.25909423828125,0.88604736328125
66,0,0.08746337890625,1.25909423828125,0.88604736328125
67,0,0.08746337890625,1.25909423828125,0.88604736328125
68,0,0.08746337890625,1.25909423828125,0.88604736328125
69,0,0.08746337890625,1.25909423828125,0.88604736328125
70,0,0.08746337890625,1.25909423828125,0.88604736328125
71,0,0.08746337890625,1.25909423828125,0.88604736328125
72,0,0.08746337890625,1.25909423828125,0.88604736328125
64,0.38389653389273104,0.2484130859375,0,7.41363525390625
63,0.39166666666666528,-0.4493408203125,1.22406005859375,7.53131103515625
63,0.39999999999999858,-0.45904541015625,1.2059326171875,7.651611328125
62,0.39166666666666528,0.802001953125,0.8150634765625,7.53167724609375
62,0.39999999999999858,0.81494140625,0.78955078125,7.6519775390625
61,0.39166666666666528,-0.29473876953125,0.32208251953125,7.5462646484375
61,0.39999999999999858,-0.3016357421875,0.28759765625,7.66680908203125
60,0.39166666666666528,0.1357421875,1.30810546875,7.546142578125
60,0.39999999999999858,0.13665771484375,1.29150390625,7.66668701171875
59,0.39166666666666528,0.43035888671875,0.424560546875,7.5540771484375
59,0.39999999999999858,0.43658447265625,0.3919677734375,7.67474365234375
58,0.39166666666666528,-0.22607421875,0.8040771484375,7.562744140625
58,0.39999999999999858,-0.23175048828125,0.7783203125,7.68359375
57,0.39166666666666528,0.29168701171875,0.88922119140625,7.56561279296875
57,0.39999999999999858,0.29541015625,0.86505126953125,7.6865234375
72,0.0083333333333333037,0.06689453125,1.25970458984375,1.0682373046875
72,0.016666666666666607,0.04632568359375,1.2603759765625,1.25042724609375
71,0.0083333333333333037,0.1033935546875,1.2734375,1.068115234375
71,0.016666666666666607,0.1192626953125,1.287841796875,1.25018310546875
70,0.0083333333333333037,0.08697509765625,1.24127197265625,1.06854248046875
70,0.016666666666666607,0.08648681640625,1.2235107421875,1.2509765625
69,0.0083333333333333037,0.0782470703125,1.27313232421875,1.068603515625
69,0.016666666666666607,0.069091796875,1.287109375,1.25115966796875
68,0.0083333333333333037,0.1031494140625,1.25726318359375,1.0687255859375
68,0.016666666666666607,0.11883544921875,1.25543212890625,1.2513427734375
67,0.0083333333333333037,0.0780029296875,1.2530517578125,1.06903076171875
67,0.016666666666666607,0.0684814453125,1.2469482421875,1.25201416015625
66,0.0083333333333333037,0.091064453125,1.26922607421875,1.069091796875
66,0.016666666666666607,0.0946044921875,1.279296875,1.2520751953125
65,0.0083333333333333037,0.09112548828125,1.25482177734375,1.06927490234375
65,0.016666666666666607,0.0948486328125,1.25054931640625,1.2525634765625
63,0.40833333333333188,-0.46881103515625,1.18707275390625,7.7718505859375
63,0.41666666666666519,-0.478515625,1.1676025390625,7.89215087890625
62,0.40833333333333188,0.827880859375,0.76324462890625,7.77227783203125
62,0.41666666666666519,0.8408203125,0.73638916015625,7.892578125
61,0.40833333333333188,-0.30859375,0.25244140625,7.787353515625
61,0.41666666666666519,-0.31549072265625,0.21661376953125,7.907958984375
60,0.40833333333333188,0.13751220703125,1.274169921875,7.78729248046875
60,0.41666666666666519,0.13836669921875,1.2562255859375,7.9078369140625
59,0.40833333333333188,0.4427490234375,0.358642578125,7.79547119140625
59,0.41666666666666519,0.448974609375,0.32470703125,7.9161376953125
58,0.40833333333333188,-0.2374267578125,0.75189208984375,7.804443359375
58,0.41666666666666519,-0.24310302734375,0.72479248046875,7.92529296875
57,0.40833333333333188,0.299072265625,0.84014892578125,7.80743408203125
57,0.41666666666666519,0.30279541015625,0.81463623046875,7.9283447265625
72,0.024999999999999911,0.0257568359375,1.260986328125,1.43255615234375
72,0.033333333333333215,0.00518798828125,1.2615966796875,1.61474609375
71,0.024999999999999911,0.13519287109375,1.30218505859375,1.4322509765625
71,0.033333333333333215,0.15106201171875,1.31658935546875,1.6143798828125
70,0.024999999999999911,0.08599853515625,1.2056884765625,1.4334716796875
70,0.033333333333333215,0.08551025390625,1.1878662109375,1.61590576171875
69,0.024999999999999911,0.05987548828125,1.3011474609375,1.4337158203125
69,0.033333333333333215,0.0506591796875,1.31512451171875,1.6163330078125
68,0.024999999999999911,0.13458251953125,1.25360107421875,1.43402099609375
68,0.033333333333333215,0.1502685546875,1.25177001953125,1.61663818359375
67,0.024999999999999911,0.05902099609375,1.24090576171875,1.43499755859375
67,0.033333333333333215,0.04949951171875,1.23480224609375,1.61798095703125
66,0.024999999999999911,0.09820556640625,1.2894287109375,1.43511962890625
66,0.033333333333333215,0.10174560546875,1.299560546875,1.61810302734375
65,0.024999999999999911,0.0985107421875,1.24627685546875,1.435791015625
65,0.033333333333333215,0.10223388671875,1.24200439453125,1.6190185546875
63,0.42499999999999849,-0.48822021484375,1.1474609375,8.012451171875
63,0.43333333333333179,-0.4979248046875,1.1265869140625,8.13275146484375
62,0.42499999999999849,0.853759765625,0.70880126953125,8.01287841796875
62,0.43333333333333179,0.86669921875,0.6805419921875,8.1331787109375
61,0.42499999999999849,-0.3223876953125,0.18011474609375,8.02850341796875
61,0.43333333333333179,-0.329345703125,0.1429443359375,8.1490478515625
60,0.42499999999999849,0.1392822265625,1.237548828125,8.02838134765625
60,0.43333333333333179,0.14013671875,1.21820068359375,8.14892578125
59,0.42499999999999849,0.4552001953125,0.2900390625,8.036865234375
59,0.43333333333333179,0.46142578125,0.25469970703125,8.1575927734375
58,0.42499999999999849,-0.248779296875,0.697021484375,8.04620361328125
58,0.43333333333333179,-0.25445556640625,0.66851806640625,8.16705322265625
57,0.42499999999999849,0.30645751953125,0.78839111328125,8.04925537109375
57,0.43333333333333179,0.3101806640625,0.761474609375,8.170166015625
72,0.041666666666666519,-0.015380859375,1.26220703125,1.79693603515625
72,0.049999999999999822,-0.03594970703125,1.26287841796875,1.9791259765625
71,0.041666666666666519,0.1669921875,1.3309326171875,1.79644775390625
71,0.049999999999999822,0.182861328125,1.3453369140625,1.978515625
70,0.041666666666666519,0.08502197265625,1.17010498046875,1.79840087890625
70,0.049999999999999822,0.08453369140625,1.15228271484375,1.9808349609375
69,0.041666666666666519,0.04150390625,1.32916259765625,1.79888916015625
69,0.049999999999999822,0.03228759765625,1.3431396484375,1.9814453125
68,0.041666666666666519,0.16595458984375,1.24993896484375,1.79931640625
68,0.049999999999999822,0.181640625,1.24810791015625,1.98193359375
67,0.041666666666666519,0.0400390625,1.228759765625,1.80096435546875
67,0.049999999999999822,0.030517578125,1.22265625,1.98394775390625
66,0.041666666666666519,0.1053466796875,1.30963134765625,1.8011474609375
66,0.049999999999999822,0.10888671875,1.31976318359375,1.98419189453125
65,0.041666666666666519,0.10589599609375,1.2376708984375,1.80230712890625
65,0.049999999999999822,0.109619140625,1.2333984375,1.98553466796875
63,0.4416666666666651,-0.50762939453125,1.10498046875,8.2530517578125
63,0.4499999999999984,-0.51739501953125,1.082763671875,8.37335205078125
62,0.4416666666666651,0.879638671875,0.65155029296875,8.25347900390625
62,0.4499999999999984,0.892578125,0.62188720703125,8.373779296875
61,0.4416666666666651,-0.33624267578125,0.10498046875,8.2696533203125
61,0.4499999999999984,-0.3431396484375,0.06646728515625,8.39019775390625
60,0.4416666666666651,0.1409912109375,1.19818115234375,8.26953125
60,0.4499999999999984,0.14190673828125,1.177490234375,8.39007568359375
59,0.4416666666666651,0.46759033203125,0.2186279296875,8.27825927734375
59,0.4499999999999984,0.47381591796875,0.18194580078125,8.39898681640625
58,0.4416666666666651,-0.2601318359375,0.63934326171875,8.28790283203125
58,0.4499999999999984,-0.26580810546875,0.60955810546875,8.40875244140625
57,0.4416666666666651,0.31390380859375,0.7337646484375,8.2911376953125
57,0.4499999999999984,0.31756591796875,0.70550537109375,8.41204833984375
72,0.058333333333333126,-0.0565185546875,1.26348876953125,2.1612548828125
72,0.06666666666666643,-0.07708740234375,1.26409912109375,2.34344482421875
71,0.058333333333333126,0.19879150390625,1.35968017578125,2.16058349609375
71,0.06666666666666643,0.21466064453125,1.37408447265625,2.3426513671875
70,0.058333333333333126,0.08404541015625,1.13446044921875,2.163330078125
70,0.06666666666666643,0.0836181640625,1.11669921875,2.34576416015625
69,0.058333333333333126,0.0230712890625,1.357177734375,2.16400146484375
69,0.06666666666666643,0.013916015625,1.37115478515625,2.3465576171875
68,0.058333333333333126,0.1973876953125,1.24627685546875,2.16461181640625
68,0.06666666666666643,0.21307373046875,1.24444580078125,2.34722900390625
67,0.058333333333333126,0.02105712890625,1.21661376953125,2.16693115234375
67,0.06666666666666643,0.01153564453125,1.21051025390625,2.34991455078125
66,0.058333333333333126,0.11248779296875,1.32989501953125,2.16717529296875
66,0.06666666666666643,0.1160888671875,1.3399658203125,2.3502197265625
65,0.058333333333333126,0.11328125,1.2291259765625,2.16876220703125
65,0.06666666666666643,0.11700439453125,1.224853515625,2.35198974609375
63,0.45833333333333171,-0.527099609375,1.05987548828125,8.49365234375
63,0.466666666666665,-0.53680419921875,1.0362548828125,8.61395263671875
62,0.45833333333333171,0.905517578125,0.59161376953125,8.49407958984375
62,0.466666666666665,0.91845703125,0.56060791015625,8.6143798828125
61,0.45833333333333171,-0.35009765625,0.0272216796875,8.5107421875
61,0.45879459709464765,-0.3504638671875,0,8.51739501953125
60,0.45833333333333171,0.14276123046875,1.1561279296875,8.5106201171875
60,0.466666666666665,0.14361572265625,1.134033203125,8.6312255859375
59,0.45833333333333171,0.48004150390625,0.14459228515625,8.51971435546875
59,0.466666666666665,0.4862060546875,0.10650634765625,8.640380859375
58,0.45833333333333171,-0.271484375,0.57904052734375,8.52960205078125
58,0.466666666666665,-0.27716064453125,0.5478515625,8.6505126953125
57,0.45833333333333171,0.3212890625,0.67657470703125,8.532958984375
57,0.466666666666665,0.324951171875,0.64691162109375,8.65386962890625
72,0.074999999999999734,-0.097412109375,1.26434326171875,2.523681640625
72,0.083333333333333037,-0.11737060546875,1.26397705078125,2.7000732421875
71,0.074999999999999734,0.23040771484375,1.387939453125,2.5228271484375
71,0.083333333333333037,0.24578857421875,1.40087890625,2.6990966796875
70,0.074999999999999734,0.0831298828125,1.09869384765625,2.52630615234375
70,0.083333333333333037,0.0826416015625,1.08050537109375,2.70294189453125
69,0.074999999999999734,0.00482177734375,1.3846435546875,2.5272216796875
69,0.083333333333333037,-0.00408935546875,1.397216796875,2.70391845703125
68,0.074999999999999734,0.22857666015625,1.24224853515625,2.5279541015625
68,0.083333333333333037,0.2437744140625,1.239501953125,2.70477294921875
67,0.074999999999999734,0.00213623046875,1.20416259765625,2.531005859375
67,0.083333333333333037,-0.00701904296875,1.19732666015625,2.7081298828125
66,0.074999999999999734,0.11962890625,1.349609375,2.53125
66,0.083333333333333037,0.123046875,1.35845947265625,2.70843505859375
65,0.074999999999999734,0.12066650390625,1.22027587890625,2.5333251953125
65,0.083333333333333037,0.12420654296875,1.21514892578125,2.710693359375
63,0.47499999999999831,-0.5465087890625,1.011962890625,8.73419189453125
63,0.48333333333333162,-0.5562744140625,0.98699951171875,8.8544921875
62,0.47499999999999831,0.93133544921875,0.5289306640625,8.73468017578125
62,0.48333333333333162,0.94427490234375,0.49658203125,8.85498046875
60,0.47499999999999831,0.14453125,1.11126708984375,8.75177001953125
60,0.48333333333333162,0.1453857421875,1.08782958984375,8.872314453125
59,0.47499999999999831,0.492431640625,0.0677490234375,8.7611083984375
59,0.48333333333333162,0.4986572265625,0.0283203125,8.88177490234375
58,0.47499999999999831,-0.2828369140625,0.51593017578125,8.7713623046875
58,0.48333333333333162,-0.28851318359375,0.4833984375,8.8922119140625
57,0.47499999999999831,0.32867431640625,0.6165771484375,8.7747802734375
57,0.48333333333333162,0.33233642578125,0.58551025390625,8.89569091796875
72,0.091666666666666341,-0.1368408203125,1.26287841796875,2.87255859375
72,0.099999999999999645,-0.1558837890625,1.26104736328125,3.04119873046875
71,0.091666666666666341,0.2608642578125,1.41278076171875,2.8714599609375
71,0.099999999999999645,0.27557373046875,1.4237060546875,3.03997802734375
70,0.091666666666666341,0.08221435546875,1.06195068359375,2.875732421875
70,0.099999999999999645,0.08172607421875,1.0430908203125,3.04461669921875
69,0.091666666666666341,-0.0128173828125,1.4088134765625,2.8768310546875
69,0.099999999999999645,-0.02130126953125,1.41937255859375,3.0457763671875
68,0.091666666666666341,0.2586669921875,1.23602294921875,2.87774658203125
68,0.099999999999999645,0.273193359375,1.23199462890625,3.04681396484375
67,0.091666666666666341,-0.0159912109375,1.1898193359375,2.88140869140625
67,0.099999999999999645,-0.0247802734375,1.18182373046875,3.05078125
66,0.091666666666666341,0.12646484375,1.3663330078125,2.88177490234375
66,0.099999999999999645,0.1297607421875,1.373291015625,3.0511474609375
65,0.091666666666666341,0.127685546875,1.20941162109375,2.88421630859375
65,0.099999999999999645,0.131103515625,1.20306396484375,3.0538330078125
63,0.49166666666666492,-0.56597900390625,0.96136474609375,8.97479248046875
63,0.49999999999999822,-0.57568359375,0.93511962890625,9.0950927734375
62,0.49166666666666492,0.95721435546875,0.4635009765625,8.97528076171875
62,0.49999999999999822,0.97015380859375,0.4298095703125,9.0955810546875
60,0.49166666666666492,0.146240234375,1.063720703125,8.99285888671875
60,0.49999999999999822,0.14715576171875,1.0389404296875,9.11346435546875
59,0.48402080141476,0.4991455078125,0,8.8917236328125
58,0.49166666666666492,-0.294189453125,0.45013427734375,9.0130615234375
58,0.49999999999999822,-0.29986572265625,0.416259765625,9.1339111328125
57,0.49166666666666492,0.3360595703125,0.5538330078125,9.0166015625
57,0.49999999999999822,0.33978271484375,0.521484375,9.13751220703125
72,0.10833333333333295,-0.1744384765625,1.25860595703125,3.2059326171875
72,0.11666666666666625,-0.192626953125,1.25537109375,3.3668212890625
71,0.10833333333333295,0.2899169921875,1.43365478515625,3.20465087890625
71,0.11666666666666625,0.303955078125,1.44256591796875,3.365478515625
70,0.10833333333333295,0.081298828125,1.02392578125,3.20965576171875
70,0.11666666666666625,0.08087158203125,1.00439453125,3.37078857421875
69,0.10833333333333295,-0.0296630859375,1.42901611328125,3.2109375
69,0.11666666666666625,-0.03778076171875,1.43756103515625,3.37213134765625
68,0.10833333333333295,0.28741455078125,1.22723388671875,3.21197509765625
68,0.11666666666666625,0.30126953125,1.22186279296875,3.373291015625
67,0.10833333333333295,-0.03338623046875,1.17327880859375,3.21624755859375
67,0.11666666666666625,-0.041748046875,1.1641845703125,3.37786865234375
66,0.10833333333333295,0.13299560546875,1.37939453125,3.2166748046875
66,0.11666666666666625,0.13616943359375,1.384521484375,3.3782958984375
65,0.10833333333333295,0.13446044921875,1.19610595703125,3.21954345703125
65,0.11666666666666625,0.1376953125,1.18853759765625,3.38140869140625
63,0.50833333333333153,-0.58538818359375,0.90814208984375,9.21539306640625
63,0.51666666666666483,-0.5950927734375,0.88043212890625,9.335693359375
62,0.50833333333333153,0.98309326171875,0.39544677734375,9.21588134765625
62,0.51666666666666483,0.99603271484375,0.3603515625,9.336181640625
60,0.50833333333333153,0.14801025390625,1.01348876953125,9.2340087890625
60,0.51666666666666483,0.14886474609375,0.9873046875,9.35455322265625
58,0.50833333333333153,-0.3055419921875,0.38165283203125,9.2547607421875
58,0.51666666666666483,-0.31121826171875,0.34637451171875,9.37567138671875
57,0.50833333333333153,0.34344482421875,0.48846435546875,9.2584228515625
57,0.51666666666666483,0.34716796875,0.4547119140625,9.37933349609375
72,0.12499999999999956,-0.2103271484375,1.25152587890625,3.5238037109375
72,0.13333333333333286,-0.2276611328125,1.24688720703125,3.67694091796875
71,0.12499999999999956,0.31768798828125,1.4505615234375,3.52239990234375
71,0.13333333333333286,0.3310546875,1.45751953125,3.67547607421875
70,0.12499999999999956,0.0804443359375,0.98468017578125,3.528076171875
70,0.13333333333333286,0.080078125,0.964599609375,3.68145751953125
69,0.12499999999999956,-0.04571533203125,1.44525146484375,3.52947998046875
69,0.13333333333333286,-0.05340576171875,1.451904296875,3.6829833984375
68,0.12499999999999956,0.3148193359375,1.21588134765625,3.53070068359375
68,0.13333333333333286,0.3280029296875,1.209228515625,3.68426513671875
67,0.12499999999999956,-0.0499267578125,1.154541015625,3.53558349609375
67,0.13333333333333286,-0.05792236328125,1.144287109375,3.68939208984375
66,0.12499999999999956,0.13922119140625,1.38885498046875,3.53607177734375
66,0.13333333333333286,0.1422119140625,1.3922119140625,3.68988037109375
65,0.12499999999999956,0.14093017578125,1.18048095703125,3.53936767578125
65,0.13333333333333286,0.14398193359375,1.1717529296875,3.693359375
63,0.52499999999999813,-0.6048583984375,0.85205078125,9.45599365234375
63,0.53333333333333144,-0.61456298828125,0.822998046875,9.5762939453125
62,0.52499999999999813,1.00897216796875,0.3245849609375,9.45648193359375
62,0.53333333333333144,1.02191162109375,0.2880859375,9.5767822265625
60,0.52499999999999813,0.1497802734375,0.96044921875,9.47515869140625
60,0.53333333333333144,0.150634765625,0.93292236328125,9.595703125
58,0.52499999999999813,-0.31689453125,0.3104248046875,9.49652099609375
58,0.53333333333333144,-0.32257080078125,0.27374267578125,9.61737060546875
57,0.52499999999999813,0.350830078125,0.4202880859375,9.500244140625
57,0.53333333333333144,0.35455322265625,0.3851318359375,9.62115478515625
72,0.14166666666666616,-0.2445068359375,1.24163818359375,3.82623291015625
72,0.14999999999999947,-0.26092529296875,1.23565673828125,3.97161865234375
71,0.14166666666666616,0.34405517578125,1.4635009765625,3.82464599609375
71,0.14999999999999947,0.35675048828125,1.468505859375,3.969970703125
70,0.14166666666666616,0.07965087890625,0.9442138671875,3.8309326171875
70,0.14999999999999947,0.07928466796875,0.92352294921875,3.9765625
69,0.14166666666666616,-0.06097412109375,1.45758056640625,3.83251953125
69,0.14999999999999947,-0.06829833984375,1.4622802734375,3.978271484375
68,0.14166666666666616,0.34088134765625,1.201904296875,3.83392333984375
68,0.14999999999999947,0.3533935546875,1.1939697265625,3.97967529296875
67,0.14166666666666616,-0.065673828125,1.133544921875,3.83935546875
67,0.14999999999999947,-0.07330322265625,1.1221923828125,3.98541259765625
66,0.14166666666666616,0.1451416015625,1.39471435546875,3.83984375
66,0.14999999999999947,0.14801025390625,1.39630126953125,3.9859619140625
65,0.14166666666666616,0.14703369140625,1.1624755859375,3.843505859375
65,0.14999999999999947,0.14996337890625,1.152587890625,3.98980712890625
63,0.54166666666666474,-0.624267578125,0.79327392578125,9.696533203125
63,0.549999999999998,-0.63397216796875,0.76287841796875,9.81683349609375
62,0.54166666666666474,1.03485107421875,0.2509765625,9.69708251953125
62,0.549999999999998,1.04779052734375,0.21319580078125,9.8173828125
60,0.54166666666666474,0.1514892578125,0.90472412109375,9.71624755859375
60,0.549999999999998,0.15234375,0.8758544921875,9.8367919921875
58,0.54166666666666474,-0.3282470703125,0.2364501953125,9.73822021484375
58,0.549999999999998,-0.33392333984375,0.19842529296875,9.85906982421875
57,0.54166666666666474,0.35821533203125,0.349365234375,9.7420654296875
57,0.549999999999998,0.3619384765625,0.31292724609375,9.86297607421875
72,0.15833333333333277,-0.27691650390625,1.22900390625,4.1131591796875
72,0.16666666666666607,-0.29241943359375,1.2216796875,4.25079345703125
71,0.15833333333333277,0.369140625,1.4725341796875,4.11138916015625
71,0.16666666666666607,0.381103515625,1.4755859375,4.2490234375
70,0.15833333333333277,0.07891845703125,0.90252685546875,4.11834716796875
70,0.16666666666666607,0.07855224609375,0.88128662109375,4.2562255859375
69,0.15833333333333277,-0.075439453125,1.466064453125,4.1201171875
69,0.16666666666666607,-0.0823974609375,1.46881103515625,4.258056640625
68,0.15833333333333277,0.3656005859375,1.1854248046875,4.12158203125
68,0.16666666666666607,0.37744140625,1.17620849609375,4.25958251953125
67,0.15833333333333277,-0.08062744140625,1.1103515625,4.1275634765625
67,0.16666666666666607,-0.08782958984375,1.09796142578125,4.26580810546875
66,0.15833333333333277,0.15081787109375,1.39703369140625,4.12811279296875
66,0.16666666666666607,0.15350341796875,1.3968505859375,4.26641845703125
65,0.15833333333333277,0.15283203125,1.14208984375,4.13214111328125
65,0.16666666666666607,0.1556396484375,1.13104248046875,4.2706298828125
63,0.55833333333333135,-0.6436767578125,0.7318115234375,9.9371337890625
63,0.56666666666666465,-0.6534423828125,0.70013427734375,10.05743408203125
62,0.55833333333333135,1.06072998046875,0.17474365234375,9.93768310546875
62,0.56666666666666465,1.07366943359375,0.1356201171875,10.0579833984375
60,0.55833333333333135,0.15325927734375,0.8463134765625,9.9573974609375
60,0.56666666666666465,0.15411376953125,0.81610107421875,10.07794189453125
58,0.55833333333333135,-0.339599609375,0.1597900390625,9.97998046875
58,0.56666666666666465,-0.34527587890625,0.12042236328125,10.100830078125
57,0.55833333333333135,0.36566162109375,0.27581787109375,9.98388671875
57,0.56666666666666465,0.36932373046875,0.238037109375,10.10479736328125
72,0.17499999999999938,-0.30755615234375,1.213623046875,4.38458251953125
72,0.18333333333333268,-0.32220458984375,1.204833984375,4.5145263671875
71,0.17499999999999938,0.392822265625,1.47760009765625,4.3826904296875
71,0.18333333333333268,0.4041748046875,1.4786376953125,4.5125732421875
70,0.17499999999999938,0.07818603515625,0.8597412109375,4.39019775390625
70,0.18333333333333268,0.07781982421875,0.83782958984375,4.52032470703125
69,0.17499999999999938,-0.08917236328125,1.47064208984375,4.39208984375
69,0.18333333333333268,-0.095703125,1.47137451171875,4.52227783203125
68,0.17499999999999938,0.38897705078125,1.1663818359375,4.39373779296875
68,0.18333333333333268,0.40020751953125,1.1558837890625,4.52398681640625
67,0.17499999999999938,-0.09478759765625,1.08502197265625,4.40020751953125
67,0.18333333333333268,-0.1015625,1.07147216796875,4.53070068359375
66,0.17499999999999938,0.1561279296875,1.39581298828125,4.40081787109375
66,0.18333333333333268,0.15869140625,1.393798828125,4.53131103515625
65,0.17499999999999938,0.1583251953125,1.11944580078125,4.4051513671875
65,0.18333333333333268,0.16094970703125,1.107177734375,4.53582763671875
63,0.574999999999998,-0.66314697265625,0.66766357421875,10.177734375
63,0.58333333333333126,-0.6728515625,0.634521484375,10.29803466796875
62,0.574999999999998,1.08660888671875,0.095703125,10.17828369140625
62,0.58333333333333126,1.0994873046875,0.05517578125,10.298583984375
60,0.574999999999998,0.15496826171875,0.78515625,10.198486328125
60,0.58333333333333126,0.1558837890625,0.7535400390625,10.31903076171875
58,0.574999999999998,-0.3509521484375,0.08038330078125,10.2216796875
58,0.58333333333333126,-0.35662841796875,0.03961181640625,10.342529296875
57,0.574999999999998,0.373046875,0.199462890625,10.2257080078125
57,0.58333333333333126,0.376708984375,0.1602783203125,10.34661865234375
72,0.19166666666666599,-0.33642578125,1.19549560546875,4.64056396484375
72,0.19999999999999929,-0.3502197265625,1.185302734375,4.76275634765625
71,0.19166666666666599,0.4151611328125,1.478759765625,4.6385498046875
71,0.19999999999999929,0.42578125,1.47784423828125,4.7606201171875
70,0.19166666666666599,0.0775146484375,0.815673828125,4.64654541015625
70,0.19999999999999929,0.0771484375,0.79315185546875,4.7689208984375
69,0.19166666666666599,-0.10205078125,1.47125244140625,4.64862060546875
69,0.19999999999999929,-0.10821533203125,1.4700927734375,4.77105712890625
68,0.19166666666666599,0.4110107421875,1.144775390625,4.650390625
68,0.19999999999999929,0.42156982421875,1.13299560546875,4.7728271484375
67,0.19166666666666599,-0.10809326171875,1.05743408203125,4.65728759765625
67,0.19999999999999929,-0.114501953125,1.04278564453125,4.780029296875
66,0.19166666666666599,0.1611328125,1.39093017578125,4.657958984375
66,0.19999999999999929,0.16357421875,1.38714599609375,4.78070068359375
65,0.19166666666666599,0.16351318359375,1.0943603515625,4.66265869140625
65,0.19999999999999929,0.166015625,1.0809326171875,4.7855224609375
63,0.59166666666666456,-0.68255615234375,0.6007080078125,10.4183349609375
63,0.59999999999999787,-0.6922607421875,0.56622314453125,10.53857421875
62,0.58943456744137757,1.10894775390625,0,10.38665771484375
60,0.59166666666666456,0.15673828125,0.72125244140625,10.43963623046875
60,0.59999999999999787,0.1575927734375,0.68829345703125,10.5601806640625
58,0.58627335291378779,-0.358642578125,0,10.38519287109375
57,0.59166666666666456,0.38043212890625,0.12042236328125,10.46759033203125
57,0.59999999999999787,0.38409423828125,0.07989501953125,10.5885009765625
72,0.20833333333333259,-0.36383056640625,1.17449951171875,4.8829345703125
72,0.2166666666666659,-0.37738037109375,1.16302490234375,5.003173828125
71,0.20833333333333259,0.436279296875,1.47613525390625,4.88079833984375
71,0.2166666666666659,0.44677734375,1.47369384765625,5.0009765625
70,0.20833333333333259,0.07684326171875,0.77020263671875,4.88934326171875
70,0.2166666666666659,0.0765380859375,0.74652099609375,5.009765625
69,0.20833333333333259,-0.11431884765625,1.4681396484375,4.89154052734375
69,0.2166666666666659,-0.120361328125,1.4654541015625,5.01202392578125
68,0.20833333333333259,0.43194580078125,1.12054443359375,4.89337158203125
68,0.2166666666666659,0.44232177734375,1.107421875,5.01397705078125
67,0.20833333333333259,-0.1207275390625,1.027587890625,4.9007568359375
67,0.2166666666666659,-0.12701416015625,1.01165771484375,5.02154541015625
66,0.20833333333333259,0.1658935546875,1.38262939453125,4.9014892578125
66,0.2166666666666659,0.16827392578125,1.37738037109375,5.02227783203125
65,0.20833333333333259,0.16845703125,1.06689453125,4.906494140625
65,0.2166666666666659,0.1708984375,1.05218505859375,5.02740478515625
63,0.60833333333333117,-0.7020263671875,0.53106689453125,10.65887451171875
63,0.61666666666666448,-0.71173095703125,0.4952392578125,10.7791748046875
60,0.60833333333333117,0.15850830078125,0.6546630859375,10.68072509765625
60,0.61666666666666448,0.15936279296875,0.62042236328125,10.80133056640625
57,0.60833333333333117,0.3878173828125,0.0386962890625,10.70941162109375
57,0.61105685115541264,0.3890380859375,0,10.7489013671875
72,0.2249999999999992,-0.39093017578125,1.15081787109375,5.1234130859375
72,0.2333333333333325,-0.404541015625,1.13800048828125,5.24365234375
71,0.2249999999999992,0.457275390625,1.4705810546875,5.12115478515625
71,0.2333333333333325,0.4677734375,1.466796875,5.2413330078125
70,0.2249999999999992,0.07623291015625,0.72216796875,5.13018798828125
70,0.2333333333333325,0.07586669921875,0.6971435546875,5.25067138671875
69,0.2249999999999992,-0.12646484375,1.46209716796875,5.13250732421875
69,0.2333333333333325,-0.13250732421875,1.45806884765625,5.2530517578125
68,0.2249999999999992,0.45263671875,1.09356689453125,5.134521484375
68,0.2333333333333325,0.4630126953125,1.0791015625,5.25506591796875
67,0.2249999999999992,-0.13330078125,0.9949951171875,5.142333984375
67,0.2333333333333325,-0.1395263671875,0.977783203125,5.26312255859375
66,0.2249999999999992,0.170654296875,1.3714599609375,5.14306640625
66,0.2333333333333325,0.1729736328125,1.3648681640625,5.26385498046875
65,0.2249999999999992,0.17333984375,1.03668212890625,5.14837646484375
65,0.2333333333333325,0.17578125,1.0206298828125,5.269287109375
63,0.62499999999999778,-0.721435546875,0.45867919921875,10.89947509765625
63,0.63333333333333108,-0.73114013671875,0.4215087890625,11.019775390625
60,0.62499999999999778,0.16021728515625,0.58538818359375,10.921875
60,0.63333333333333108,0.1611328125,0.54974365234375,11.04241943359375
72,0.24166666666666581,-0.4180908203125,1.1243896484375,5.3638916015625
72,0.24999999999999911,-0.43170166015625,1.1102294921875,5.484130859375
71,0.24166666666666581,0.478271484375,1.4622802734375,5.3614501953125
71,0.24999999999999911,0.48876953125,1.45721435546875,5.48162841796875
70,0.24166666666666581,0.0755615234375,0.67144775390625,5.37109375
70,0.24999999999999911,0.07525634765625,0.64508056640625,5.49151611328125
69,0.24166666666666581,-0.13861083984375,1.453369140625,5.37353515625
69,0.24999999999999911,-0.1446533203125,1.447998046875,5.4940185546875
68,0.24166666666666581,0.473388671875,1.06396484375,5.3756103515625
68,0.24999999999999911,0.4837646484375,1.04815673828125,5.49615478515625
67,0.24166666666666581,-0.14581298828125,0.95977783203125,5.38385009765625
67,0.24999999999999911,-0.15203857421875,0.941162109375,5.504638671875
66,0.24166666666666581,0.17535400390625,1.3575439453125,5.3846435546875
66,0.24999999999999911,0.177734375,1.34967041015625,5.50543212890625
65,0.24166666666666581,0.17816162109375,1.00384521484375,5.3902587890625
65,0.24999999999999911,0.18060302734375,0.9864501953125,5.51116943359375
63,0.64166666666666439,-0.74090576171875,0.3836669921875,11.14007568359375
63,0.64999999999999769,-0.7506103515625,0.3450927734375,11.2603759765625
60,0.64166666666666439,0.1619873046875,0.51336669921875,11.1629638671875
60,0.64999999999999769,0.162841796875,0.476318359375,11.2835693359375
72,0.25833333333333242,-0.44525146484375,1.0953369140625,5.6043701171875
72,0.26666666666666572,-0.45880126953125,1.07977294921875,5.724609375
71,0.25833333333333242,0.499267578125,1.45135498046875,5.601806640625
71,0.26666666666666572,0.509765625,1.44488525390625,5.72198486328125
70,0.25833333333333242,0.074951171875,0.6180419921875,5.6119384765625
70,0.26666666666666572,0.0745849609375,0.59027099609375,5.73236083984375
69,0.25833333333333242,-0.15069580078125,1.44195556640625,5.614501953125
69,0.26666666666666572,-0.15679931640625,1.4351806640625,5.7349853515625
68,0.25833333333333242,0.49407958984375,1.0316162109375,5.61669921875
68,0.26666666666666572,0.50445556640625,1.014404296875,5.73724365234375
67,0.25833333333333242,-0.1583251953125,0.921875,5.62542724609375
67,0.26666666666666572,-0.16461181640625,0.90185546875,5.74615478515625
66,0.25833333333333242,0.1800537109375,1.34100341796875,5.626220703125
66,0.26666666666666572,0.18243408203125,1.3316650390625,5.7470703125
65,0.25833333333333242,0.18304443359375,0.96826171875,5.63214111328125
65,0.26666666666666572,0.18548583984375,0.949462890625,5.7530517578125
63,0.658333333333331,-0.76031494140625,0.30584716796875,11.38067626953125
63,0.6666666666666643,-0.77001953125,0.26593017578125,11.50091552734375
60,0.658333333333331,0.16375732421875,0.4385986328125,11.40411376953125
60,0.6666666666666643,0.16461181640625,0.40020751953125,11.524658203125
72,0.274999999999999,-0.472412109375,1.0634765625,5.8448486328125
72,0.28333333333333233,-0.4859619140625,1.0465087890625,5.965087890625
71,0.274999999999999,0.520263671875,1.43768310546875,5.8421630859375
71,0.28333333333333233,0.53076171875,1.42974853515625,5.96234130859375
70,0.274999999999999,0.07427978515625,0.5618896484375,5.852783203125
70,0.28333333333333233,0.073974609375,0.53271484375,5.97320556640625
69,0.274999999999999,-0.162841796875,1.427734375,5.85546875
69,0.28333333333333233,-0.1689453125,1.41961669921875,5.97601318359375
68,0.274999999999999,0.51483154296875,0.99652099609375,5.8577880859375
68,0.28333333333333233,0.52520751953125,0.97796630859375,5.97833251953125
67,0.274999999999999,-0.17083740234375,0.88116455078125,5.866943359375
67,0.28333333333333233,-0.1771240234375,0.85980224609375,5.98773193359375
66,0.274999999999999,0.184814453125,1.32171630859375,5.86785888671875
66,0.28333333333333233,0.1871337890625,1.31097412109375,5.9886474609375
65,0.274999999999999,0.18792724609375,0.92999267578125,5.8740234375
65,0.28333333333333233,0.19036865234375,0.90972900390625,5.99493408203125
63,0.6749999999999976,-0.77972412109375,0.22528076171875,11.6212158203125
63,0.68333333333333091,-0.78948974609375,0.18402099609375,11.74151611328125
60,0.6749999999999976,0.16546630859375,0.361083984375,11.645263671875
60,0.68333333333333091,0.1663818359375,0.32135009765625,11.76580810546875
72,0.29166666666666563,-0.49957275390625,1.0289306640625,6.0853271484375
72,0.29999999999999893,-0.51312255859375,1.0106201171875,6.20556640625
71,0.29166666666666563,0.541259765625,1.4212646484375,6.08251953125
71,0.29999999999999893,0.5517578125,1.4119873046875,6.20269775390625
70,0.29166666666666563,0.07366943359375,0.50299072265625,6.0936279296875
70,0.29999999999999893,0.07330322265625,0.47247314453125,6.21405029296875
69,0.29166666666666563,-0.17498779296875,1.41082763671875,6.09649658203125
69,0.29999999999999893,-0.18109130859375,1.4013671875,6.21697998046875
68,0.29166666666666563,0.53558349609375,0.958740234375,6.098876953125
68,0.29999999999999893,0.5458984375,0.93878173828125,6.21942138671875
67,0.29166666666666563,-0.18341064453125,0.8377685546875,6.1085205078125
67,0.29999999999999893,-0.18963623046875,0.8150634765625,6.229248046875
66,0.29166666666666563,0.18951416015625,1.29962158203125,6.10943603515625
66,0.29999999999999893,0.19189453125,1.28759765625,6.230224609375
65,0.29166666666666563,0.19281005859375,0.888916015625,6.11590576171875
65,0.29999999999999893,0.19525146484375,0.86737060546875,6.23681640625
63,0.69166666666666421,-0.7991943359375,0.14202880859375,11.86181640625
63,0.69999999999999751,-0.80889892578125,0.099365234375,11.98211669921875
60,0.69166666666666421,0.167236328125,0.2808837890625,11.8863525390625
60,0.69999999999999751,0.1680908203125,0.23974609375,12.00689697265625
72,0.30833333333333224,-0.5267333984375,0.99163818359375,6.3258056640625
72,0.31666666666666554,-0.540283203125,0.971923828125,6.446044921875
71,0.30833333333333224,0.562255859375,1.402099609375,6.32281494140625
71,0.31666666666666554,0.57275390625,1.3914794921875,6.4429931640625
70,0.30833333333333224,0.072998046875,0.44134521484375,6.33447265625
70,0.31666666666666554,0.07269287109375,0.40948486328125,6.45489501953125
69,0.30833333333333224,-0.1871337890625,1.39117431640625,6.33746337890625
69,0.31666666666666554,-0.1932373046875,1.38037109375,6.45794677734375
68,0.30833333333333224,0.5562744140625,0.91815185546875,6.3399658203125
68,0.31666666666666554,0.566650390625,0.8968505859375,6.4605712890625
67,0.30833333333333224,-0.1959228515625,0.7916259765625,6.35003662109375
67,0.31666666666666554,-0.2021484375,0.76751708984375,6.4708251953125
66,0.30833333333333224,0.1942138671875,1.27484130859375,6.35101318359375
66,0.31666666666666554,0.19659423828125,1.26141357421875,6.4718017578125
65,0.30833333333333224,0.19769287109375,0.84515380859375,6.3577880859375
65,0.31666666666666554,0.20013427734375,0.82220458984375,6.47869873046875
63,0.70833333333333082,-0.818603515625,0.05609130859375,12.1024169921875
63,0.71421867755737534,-0.825439453125,0,12.1873779296875
60,0.70833333333333082,0.16900634765625,0.19793701171875,12.12750244140625
60,0.71666666666666412,0.16986083984375,0.15545654296875,12.248046875
72,0.32499999999999885,-0.5538330078125,0.95159912109375,6.5662841796875
72,0.33333333333333215,-0.56744384765625,0.93060302734375,6.6865234375
71,0.32499999999999885,0.58319091796875,1.3802490234375,6.56317138671875
71,0.33333333333333215,0.59368896484375,1.3682861328125,6.683349609375
70,0.32499999999999885,0.0723876953125,0.37701416015625,6.57537841796875
70,0.33333333333333215,0.072021484375,0.34381103515625,6.69580078125
69,0.32499999999999885,-0.19927978515625,1.36883544921875,6.57843017578125
69,0.33333333333333215,-0.20538330078125,1.356689453125,6.698974609375
68,0.32499999999999885,0.5770263671875,0.8748779296875,6.58111572265625
68,0.33333333333333215,0.58734130859375,0.852294921875,6.70166015625
67,0.32499999999999885,-0.20843505859375,0.7427978515625,6.591552734375
67,0.33333333333333215,-0.2147216796875,0.71734619140625,6.71234130859375
66,0.32499999999999885,0.198974609375,1.24737548828125,6.59259033203125
66,0.33333333333333215,0.2012939453125,1.23260498046875,6.71337890625
65,0.32499999999999885,0.20257568359375,0.79864501953125,6.59967041015625
65,0.33333333333333215,0.2049560546875,0.7744140625,6.7205810546875
60,0.72499999999999742,0.17071533203125,0.1123046875,12.36859130859375
60,0.73333333333333073,0.171630859375,0.06842041015625,12.4891357421875
72,0.34166666666666545,-0.58099365234375,0.908935546875,6.80670166015625
72,0.34999999999999876,-0.5946044921875,0.886474609375,6.92694091796875
71,0.34166666666666545,0.60418701171875,1.35565185546875,6.80352783203125
71,0.34999999999999876,0.61468505859375,1.34234619140625,6.9237060546875
70,0.34166666666666545,0.07171630859375,0.30999755859375,6.81622314453125
70,0.34999999999999876,0.0714111328125,0.275390625,6.9366455078125
69,0.34166666666666545,-0.21142578125,1.34381103515625,6.8194580078125
69,0.34999999999999876,-0.21746826171875,1.33026123046875,6.93994140625
68,0.34166666666666545,0.59771728515625,0.8289794921875,6.82220458984375
68,0.34999999999999876,0.60809326171875,0.804931640625,6.9427490234375
67,0.34166666666666545,-0.220947265625,0.69122314453125,6.8331298828125
67,0.34999999999999876,-0.22723388671875,0.6644287109375,6.95391845703125
66,0.34166666666666545,0.20367431640625,1.2171630859375,6.83416748046875
66,0.34999999999999876,0.20599365234375,1.2010498046875,6.9549560546875
65,0.34166666666666545,0.2073974609375,0.74951171875,6.841552734375
65,0.34999999999999876,0.2098388671875,0.72381591796875,6.96246337890625
60,0.74146319218396839,0.1724853515625,0,12.6068115234375
72,0.35833333333333206,-0.608154296875,0.8634033203125,7.04718017578125
72,0.36666666666666536,-0.6217041015625,0.8397216796875,7.16741943359375
71,0.35833333333333206,0.62518310546875,1.32830810546875,7.04388427734375
71,0.36666666666666536,0.63568115234375,1.313720703125,7.1640625
70,0.35833333333333206,0.07110595703125,0.24017333984375,7.05706787109375
70,0.36666666666666536,0.07080078125,0.20428466796875,7.177490234375
69,0.35833333333333206,-0.22357177734375,1.31597900390625,7.0604248046875
69,0.36666666666666536,-0.2296142578125,1.3011474609375,7.180908203125
68,0.35833333333333206,0.61846923828125,0.78021240234375,7.06329345703125
68,0.36666666666666536,0.62884521484375,0.7548828125,7.183837890625
67,0.35833333333333206,-0.2335205078125,0.63690185546875,7.07464599609375
67,0.36666666666666536,-0.23974609375,0.6087646484375,7.1954345703125
66,0.35833333333333206,0.2083740234375,1.1842041015625,7.07574462890625
66,0.36666666666666536,0.21075439453125,1.166748046875,7.196533203125
65,0.35833333333333206,0.2122802734375,0.697509765625,7.08343505859375
65,0.36666666666666536,0.2147216796875,0.67059326171875,7.20440673828125
72,0.37499999999999867,-0.63531494140625,0.8153076171875,7.28765869140625
72,0.38333333333333197,-0.64886474609375,0.79022216796875,7.40789794921875
71,0.37499999999999867,0.64617919921875,1.29833984375,7.2841796875
71,0.38333333333333197,0.65667724609375,1.2823486328125,7.40435791015625
70,0.37499999999999867,0.0704345703125,0.167724609375,7.29791259765625
70,0.38333333333333197,0.07012939453125,0.13043212890625,7.4183349609375
69,0.37499999999999867,-0.2357177734375,1.2855224609375,7.3013916015625
69,0.38333333333333197,-0.24176025390625,1.269287109375,7.421875
68,0.37499999999999867,0.63916015625,0.72882080078125,7.30438232421875
68,0.38333333333333197,0.6495361328125,0.7021484375,7.4249267578125
67,0.37499999999999867,-0.24603271484375,0.5799560546875,7.31622314453125
67,0.38333333333333197,-0.25225830078125,0.5504150390625,7.43695068359375
66,0.37499999999999867,0.21307373046875,1.14862060546875,7.31732177734375
66,0.38333333333333197,0.2154541015625,1.1297607421875,7.4381103515625
65,0.37499999999999867,0.2171630859375,0.64288330078125,7.3253173828125
65,0.38333333333333197,0.2196044921875,0.61456298828125,7.4462890625
73,0,0.08746337890625,1.25909423828125,0.88604736328125
74,0,0.08746337890625,1.25909423828125,0.88604736328125
75,0,0.08746337890625,1.25909423828125,0.88604736328125
76,0,0.08746337890625,1.25909423828125,0.88604736328125
77,0,0.08746337890625,1.25909423828125,0.88604736328125
78,0,0.08746337890625,1.25909423828125,0.88604736328125
79,0,0.08746337890625,1.25909423828125,0.88604736328125
80,0,0.08746337890625,1.25909423828125,0.88604736328125
72,0.39166666666666528,-0.6624755859375,0.76434326171875,7.52813720703125
72,0.39999999999999858,-0.676025390625,0.7379150390625,7.64837646484375
71,0.39166666666666528,0.66717529296875,1.26556396484375,7.5245361328125
71,0.39999999999999858,0.67767333984375,1.2481689453125,7.64471435546875
70,0.39166666666666528,0.06982421875,0.09246826171875,7.53875732421875
70,0.39999999999999858,0.06951904296875,0.0538330078125,7.6591796875
69,0.39166666666666528,-0.24786376953125,1.25225830078125,7.54241943359375
69,0.39999999999999858,-0.25390625,1.23468017578125,7.66290283203125
68,0.39166666666666528,0.659912109375,0.6746826171875,7.54547119140625
68,0.39999999999999858,0.6702880859375,0.6466064453125,7.666015625
67,0.39166666666666528,-0.258544921875,0.5201416015625,7.5577392578125
67,0.39999999999999858,-0.26483154296875,0.48931884765625,7.67852783203125
66,0.39166666666666528,0.21783447265625,1.11016845703125,7.5589599609375
66,0.39999999999999858,0.22015380859375,1.09002685546875,7.67974853515625
65,0.39166666666666528,0.2220458984375,0.58551025390625,7.56719970703125
65,0.39999999999999858,0.2244873046875,0.55584716796875,7.68817138671875
80,0.0083333333333333037,0.07989501953125,1.27960205078125,1.06805419921875
80,0.016666666666666607,0.072265625,1.3001708984375,1.25006103515625
79,0.0083333333333333037,0.10699462890625,1.25164794921875,1.06817626953125
79,0.016666666666666607,0.12646484375,1.244140625,1.25030517578125
78,0.0083333333333333037,0.0709228515625,1.25384521484375,1.06854248046875
78,0.016666666666666607,0.054443359375,1.2486572265625,1.2510986328125
77,0.0083333333333333037,0.0966796875,1.2745361328125,1.0684814453125
77,0.016666666666666607,0.10589599609375,1.2899169921875,1.2509765625
76,0.0083333333333333037,0.092041015625,1.245361328125,1.06878662109375
76,0.016666666666666607,0.09661865234375,1.23162841796875,1.2515869140625
75,0.0083333333333333037,0.078125,1.26678466796875,1.0689697265625
75,0.016666666666666607,0.06878662109375,1.2745361328125,1.25189208984375
74,0.0083333333333333037,0.09814453125,1.26123046875,1.06903076171875
74,0.016666666666666607,0.10888671875,1.263427734375,1.2520751953125
73,0.0083333333333333037,0.08502197265625,1.25543212890625,1.0693359375
73,0.016666666666666607,0.08258056640625,1.25177001953125,1.25262451171875
72,0.40833333333333188,-0.68963623046875,0.71075439453125,7.76861572265625
72,0.41666666666666519,-0.70318603515625,0.6829833984375,7.88885498046875
71,0.40833333333333188,0.68817138671875,1.2301025390625,7.764892578125
71,0.41666666666666519,0.69866943359375,1.21136474609375,7.88507080078125
70,0.406110247427052,0.06927490234375,0,7.74749755859375
69,0.40833333333333188,-0.260009765625,1.21630859375,7.78338623046875
69,0.41666666666666519,-0.26605224609375,1.1973876953125,7.90386962890625
68,0.40833333333333188,0.68060302734375,0.6177978515625,7.78656005859375
68,0.41666666666666519,0.69097900390625,0.58837890625,7.90716552734375
67,0.40833333333333188,-0.27105712890625,0.45770263671875,7.79931640625
67,0.41666666666666519,-0.27734375,0.42547607421875,7.9200439453125
66,0.40833333333333188,0.2225341796875,1.069091796875,7.800537109375
66,0.41666666666666519,0.22491455078125,1.04754638671875,7.92132568359375
65,0.40833333333333188,0.2269287109375,0.525390625,7.80908203125
65,0.41666666666666519,0.2293701171875,0.494384765625,7.9300537109375
80,0.024999999999999911,0.064697265625,1.3206787109375,1.43212890625
80,0.033333333333333215,0.05706787109375,1.3411865234375,1.6141357421875
79,0.024999999999999911,0.14599609375,1.2366943359375,1.43243408203125
79,0.033333333333333215,0.16552734375,1.229248046875,1.6146240234375
78,0.024999999999999911,0.03790283203125,1.243408203125,1.43359375
78,0.033333333333333215,0.0213623046875,1.23822021484375,1.6160888671875
77,0.024999999999999911,0.11505126953125,1.30535888671875,1.43341064453125
77,0.033333333333333215,0.124267578125,1.32080078125,1.6158447265625
76,0.024999999999999911,0.10113525390625,1.21795654296875,1.434326171875
76,0.033333333333333215,0.105712890625,1.2042236328125,1.6170654296875
75,0.024999999999999911,0.0594482421875,1.2822265625,1.43487548828125
75,0.033333333333333215,0.05010986328125,1.2899169921875,1.6177978515625
74,0.024999999999999911,0.11956787109375,1.26556396484375,1.43505859375
74,0.033333333333333215,0.13031005859375,1.2677001953125,1.61810302734375
73,0.024999999999999911,0.080078125,1.24810791015625,1.4359130859375
73,0.033333333333333215,0.07763671875,1.244384765625,1.619140625
72,0.42499999999999849,-0.71673583984375,0.6544189453125,8.00909423828125
72,0.43333333333333179,-0.7303466796875,0.625244140625,8.12933349609375
71,0.42499999999999849,0.70916748046875,1.19195556640625,8.0052490234375
71,0.43333333333333179,0.71966552734375,1.17181396484375,8.1253662109375
69,0.42499999999999849,-0.2720947265625,1.17767333984375,8.02435302734375
69,0.43333333333333179,-0.2781982421875,1.1573486328125,8.14483642578125
68,0.42499999999999849,0.70135498046875,0.5582275390625,8.0277099609375
68,0.43333333333333179,0.71173095703125,0.5274658203125,8.14825439453125
67,0.42499999999999849,-0.2835693359375,0.392578125,8.04083251953125
67,0.43333333333333179,-0.28985595703125,0.35894775390625,8.16162109375
66,0.42499999999999849,0.22723388671875,1.02532958984375,8.0421142578125
66,0.43333333333333179,0.2296142578125,1.00238037109375,8.16290283203125
65,0.42499999999999849,0.2318115234375,0.462646484375,8.05096435546875
65,0.43333333333333179,0.23419189453125,0.43023681640625,8.17193603515625
80,0.041666666666666519,0.04949951171875,1.36175537109375,1.796142578125
80,0.049999999999999822,0.0418701171875,1.38226318359375,1.9781494140625
79,0.041666666666666519,0.18505859375,1.22174072265625,1.7967529296875
79,0.049999999999999822,0.20452880859375,1.21429443359375,1.9788818359375
78,0.041666666666666519,0.0048828125,1.23297119140625,1.798583984375
78,0.049999999999999822,-0.01165771484375,1.22772216796875,1.98114013671875
77,0.041666666666666519,0.13348388671875,1.336181640625,1.79827880859375
77,0.049999999999999822,0.1427001953125,1.35162353515625,1.98077392578125
76,0.041666666666666519,0.11029052734375,1.19049072265625,1.79986572265625
76,0.049999999999999822,0.1148681640625,1.1767578125,1.98260498046875
75,0.041666666666666519,0.040771484375,1.297607421875,1.80072021484375
75,0.049999999999999822,0.03143310546875,1.30535888671875,1.983642578125
74,0.041666666666666519,0.1409912109375,1.2698974609375,1.80108642578125
74,0.049999999999999822,0.15167236328125,1.27203369140625,1.98406982421875
73,0.041666666666666519,0.0751953125,1.24072265625,1.80242919921875
73,0.049999999999999822,0.07275390625,1.237060546875,1.9857177734375
72,0.4416666666666651,-0.743896484375,0.5953369140625,8.24957275390625
72,0.4499999999999984,-0.75750732421875,0.5648193359375,8.36981201171875
71,0.4416666666666651,0.7301025390625,1.1510009765625,8.24554443359375
71,0.4499999999999984,0.7406005859375,1.1295166015625,8.36572265625
69,0.4416666666666651,-0.28424072265625,1.13623046875,8.265380859375
69,0.4499999999999984,-0.29034423828125,1.11456298828125,8.3858642578125
68,0.4416666666666651,0.72210693359375,0.49591064453125,8.268798828125
68,0.4499999999999984,0.732421875,0.4637451171875,8.38934326171875
67,0.4416666666666651,-0.296142578125,0.32464599609375,8.2823486328125
67,0.4499999999999984,-0.3023681640625,0.2896728515625,8.40313720703125
66,0.4416666666666651,0.23199462890625,0.97869873046875,8.28369140625
66,0.4499999999999984,0.23431396484375,0.9544677734375,8.40447998046875
65,0.4416666666666651,0.23663330078125,0.39703369140625,8.2928466796875
65,0.4499999999999984,0.23907470703125,0.36328125,8.413818359375
80,0.058333333333333126,0.0343017578125,1.40277099609375,2.16021728515625
80,0.06666666666666643,0.02667236328125,1.42333984375,2.34222412109375
79,0.058333333333333126,0.22406005859375,1.20684814453125,2.1610107421875
79,0.06666666666666643,0.24359130859375,1.1993408203125,2.3431396484375
78,0.058333333333333126,-0.0281982421875,1.2225341796875,2.16363525390625
78,0.06666666666666643,-0.044677734375,1.21728515625,2.34613037109375
77,0.058333333333333126,0.15185546875,1.36700439453125,2.1632080078125
77,0.06666666666666643,0.16107177734375,1.3824462890625,2.34564208984375
76,0.058333333333333126,0.11944580078125,1.16302490234375,2.1654052734375
76,0.06666666666666643,0.12396240234375,1.1492919921875,2.34814453125
75,0.058333333333333126,0.0220947265625,1.31304931640625,2.16656494140625
75,0.06666666666666643,0.01275634765625,1.32073974609375,2.3494873046875
74,0.058333333333333126,0.16241455078125,1.274169921875,2.1671142578125
74,0.06666666666666643,0.173095703125,1.27630615234375,2.35009765625
73,0.058333333333333126,0.0703125,1.2333984375,2.16900634765625
73,0.06666666666666643,0.06781005859375,1.229736328125,2.352294921875
72,0.45833333333333171,-0.77105712890625,0.5335693359375,8.49005126953125
72,0.466666666666665,-0.78460693359375,0.50164794921875,8.61029052734375
71,0.45833333333333171,0.7510986328125,1.10736083984375,8.48590087890625
71,0.466666666666665,0.7615966796875,1.08453369140625,8.6060791015625
69,0.45833333333333171,-0.29638671875,1.0921630859375,8.50634765625
69,0.466666666666665,-0.302490234375,1.069091796875,8.6268310546875
68,0.45833333333333171,0.7427978515625,0.430908203125,8.5098876953125
68,0.466666666666665,0.753173828125,0.3973388671875,8.63043212890625
67,0.45833333333333171,-0.30865478515625,0.2540283203125,8.52392578125
67,0.466666666666665,-0.31494140625,0.21771240234375,8.64471435546875
66,0.45833333333333171,0.2366943359375,0.92950439453125,8.5252685546875
66,0.466666666666665,0.23907470703125,0.90380859375,8.64605712890625
65,0.45833333333333171,0.24151611328125,0.328857421875,8.53472900390625
65,0.466666666666665,0.24395751953125,0.293701171875,8.65570068359375
80,0.074999999999999734,0.0191650390625,1.44329833984375,2.5223388671875
80,0.083333333333333037,0.01177978515625,1.462158203125,2.69854736328125
79,0.074999999999999734,0.26287841796875,1.19158935546875,2.52337646484375
79,0.083333333333333037,0.28179931640625,1.18341064453125,2.69970703125
78,0.074999999999999734,-0.06103515625,1.2117919921875,2.5267333984375
78,0.083333333333333037,-0.0770263671875,1.20574951171875,2.70343017578125
77,0.074999999999999734,0.170166015625,1.3973388671875,2.52618408203125
77,0.083333333333333037,0.1790771484375,1.41131591796875,2.70281982421875
76,0.074999999999999734,0.12847900390625,1.1353759765625,2.52899169921875
76,0.083333333333333037,0.1329345703125,1.12109375,2.70587158203125
75,0.074999999999999734,0.0035400390625,1.3280029296875,2.530517578125
75,0.083333333333333037,-0.00555419921875,1.33453369140625,2.70758056640625
74,0.074999999999999734,0.1837158203125,1.278076171875,2.53118896484375
74,0.083333333333333037,0.19403076171875,1.27923583984375,2.7083740234375
73,0.074999999999999734,0.0654296875,1.2257080078125,2.53363037109375
73,0.083333333333333037,0.06304931640625,1.22119140625,2.7110595703125
72,0.47499999999999831,-0.7982177734375,0.46905517578125,8.73046875
72,0.48333333333333162,-0.811767578125,0.435791015625,8.8507080078125
71,0.47499999999999831,0.7720947265625,1.06097412109375,8.72625732421875
71,0.48333333333333162,0.7825927734375,1.03680419921875,8.846435546875
69,0.47499999999999831,-0.30853271484375,1.0452880859375,8.747314453125
69,0.48333333333333162,-0.31463623046875,1.0208740234375,8.8677978515625
68,0.47499999999999831,0.7635498046875,0.3631591796875,8.7509765625
68,0.48333333333333162,0.77386474609375,0.3282470703125,8.87152099609375
67,0.47499999999999831,-0.3211669921875,0.1806640625,8.76544189453125
67,0.48333333333333162,-0.32745361328125,0.1429443359375,8.88623046875
66,0.47499999999999831,0.24139404296875,0.87750244140625,8.766845703125
66,0.48333333333333162,0.2437744140625,0.8504638671875,8.88763427734375
65,0.47499999999999831,0.24639892578125,0.2578125,8.776611328125
65,0.48333333333333162,0.24884033203125,0.2213134765625,8.8975830078125
80,0.091666666666666341,0.004638671875,1.47991943359375,2.87091064453125
80,0.099999999999999645,-0.00244140625,1.49652099609375,3.03936767578125
79,0.091666666666666341,0.30029296875,1.17462158203125,2.87213134765625
79,0.099999999999999645,0.318359375,1.16534423828125,3.040771484375
78,0.091666666666666341,-0.09271240234375,1.1990966796875,2.876220703125
78,0.099999999999999645,-0.10797119140625,1.19189453125,3.045166015625
77,0.091666666666666341,0.18780517578125,1.4241943359375,2.87554931640625
77,0.099999999999999645,0.19635009765625,1.43609619140625,3.04443359375
76,0.091666666666666341,0.13726806640625,1.10638427734375,2.87896728515625
76,0.099999999999999645,0.1414794921875,1.09130859375,3.048095703125
75,0.091666666666666341,-0.01434326171875,1.340087890625,2.88079833984375
75,0.099999999999999645,-0.02301025390625,1.3448486328125,3.0501708984375
74,0.091666666666666341,0.2042236328125,1.279541015625,2.88165283203125
74,0.099999999999999645,0.214111328125,1.2791748046875,3.051025390625
73,0.091666666666666341,0.06072998046875,1.21600341796875,2.88458251953125
73,0.099999999999999645,0.0584716796875,1.210205078125,3.05426025390625
72,0.49166666666666492,-0.82537841796875,0.40185546875,8.970947265625
72,0.49999999999999822,-0.83892822265625,0.3671875,9.0911865234375
71,0.49166666666666492,0.7930908203125,1.01190185546875,8.96661376953125
71,0.49999999999999822,0.8035888671875,0.986328125,9.08673095703125
69,0.49166666666666492,-0.3206787109375,0.9957275390625,8.98834228515625
69,0.49999999999999822,-0.32672119140625,0.96990966796875,9.10882568359375
68,0.49166666666666492,0.78424072265625,0.29266357421875,8.9920654296875
68,0.49999999999999822,0.79461669921875,0.25640869140625,9.11260986328125
67,0.49166666666666492,-0.33367919921875,0.1046142578125,9.00701904296875
67,0.49999999999999822,-0.3399658203125,0.0655517578125,9.12774658203125
66,0.49166666666666492,0.24615478515625,0.82275390625,9.0084228515625
66,0.49999999999999822,0.24847412109375,0.79443359375,9.12921142578125
65,0.49166666666666492,0.25128173828125,0.18414306640625,9.01849365234375
65,0.49999999999999822,0.25372314453125,0.146240234375,9.13946533203125
80,0.10833333333333295,-0.00927734375,1.51202392578125,3.2039794921875
80,0.11666666666666625,-0.0159912109375,1.5263671875,3.36474609375
79,0.10833333333333295,0.33599853515625,1.155517578125,3.2054443359375
79,0.11666666666666625,0.35321044921875,1.1451416015625,3.3663330078125
78,0.10833333333333295,-0.1229248046875,1.18408203125,3.210205078125
78,0.11666666666666625,-0.13751220703125,1.17572021484375,3.37139892578125
77,0.10833333333333295,0.20465087890625,1.44696044921875,3.20947265625
77,0.11666666666666625,0.2127685546875,1.456787109375,3.37060546875
76,0.10833333333333295,0.1456298828125,1.07586669921875,3.21337890625
76,0.11666666666666625,0.149658203125,1.0599365234375,3.37481689453125
75,0.10833333333333295,-0.03143310546875,1.3487548828125,3.215576171875
75,0.11666666666666625,-0.03973388671875,1.351806640625,3.37713623046875
74,0.10833333333333295,0.22381591796875,1.278076171875,3.216552734375
74,0.11666666666666625,0.23321533203125,1.27618408203125,3.378173828125
73,0.10833333333333295,0.05621337890625,1.203857421875,3.22003173828125
73,0.11666666666666625,0.0540771484375,1.19683837890625,3.3818359375
72,0.50833333333333153,-0.85247802734375,0.3319091796875,9.21142578125
72,0.51666666666666483,-0.8660888671875,0.2958984375,9.3316650390625
71,0.50833333333333153,0.8140869140625,0.96014404296875,9.2069091796875
71,0.51666666666666483,0.8245849609375,0.93316650390625,9.32708740234375
69,0.50833333333333153,-0.33282470703125,0.9434814453125,9.22930908203125
69,0.51666666666666483,-0.3388671875,0.916259765625,9.34979248046875
68,0.50833333333333153,0.80499267578125,0.219482421875,9.233154296875
68,0.51666666666666483,0.81536865234375,0.18182373046875,9.35369873046875
67,0.50833333333333153,-0.34625244140625,0.02581787109375,9.24853515625
67,0.50849949625102076,-0.34637451171875,0,9.25091552734375
66,0.50833333333333153,0.2508544921875,0.765380859375,9.25
66,0.51666666666666483,0.25323486328125,0.73565673828125,9.370849609375
65,0.50833333333333153,0.25616455078125,0.10772705078125,9.2603759765625
65,0.51666666666666483,0.25860595703125,0.0684814453125,9.38134765625
80,0.12499999999999956,-0.0225830078125,1.5396728515625,3.5216064453125
80,0.13333333333333286,-0.0289306640625,1.55181884765625,3.67462158203125
79,0.12499999999999956,0.37005615234375,1.13433837890625,3.5233154296875
79,0.13333333333333286,0.38641357421875,1.1229248046875,3.6763916015625
78,0.12499999999999956,-0.1517333984375,1.16680908203125,3.5286865234375
78,0.13333333333333286,-0.1656494140625,1.15728759765625,3.68212890625
77,0.12499999999999956,0.220703125,1.4656982421875,3.52783203125
77,0.13333333333333286,0.22845458984375,1.4735107421875,3.68121337890625
76,0.12499999999999956,0.153564453125,1.04376220703125,3.5323486328125
76,0.13333333333333286,0.15740966796875,1.027099609375,3.68597412109375
75,0.12499999999999956,-0.0477294921875,1.35406494140625,3.5347900390625
75,0.13333333333333286,-0.05560302734375,1.35540771484375,3.6885986328125
74,0.12499999999999956,0.24249267578125,1.27362060546875,3.535888671875
74,0.13333333333333286,0.25146484375,1.27032470703125,3.689697265625
73,0.12499999999999956,0.05194091796875,1.18927001953125,3.53985595703125
73,0.13333333333333286,0.04986572265625,1.1810302734375,3.69390869140625
72,0.52499999999999813,-0.879638671875,0.25921630859375,9.451904296875
72,0.53333333333333144,-0.89324951171875,0.2218017578125,9.5721435546875
71,0.52499999999999813,0.8350830078125,0.90557861328125,9.447265625
71,0.53333333333333144,0.8455810546875,0.87725830078125,9.56744384765625
69,0.52499999999999813,-0.344970703125,0.888427734375,9.47027587890625
69,0.53333333333333144,-0.35101318359375,0.85986328125,9.59075927734375
68,0.52499999999999813,0.82568359375,0.1435546875,9.47430419921875
68,0.53333333333333144,0.8360595703125,0.10455322265625,9.5948486328125
66,0.52499999999999813,0.25555419921875,0.7052001953125,9.49163818359375
66,0.53333333333333144,0.2579345703125,0.674072265625,9.6124267578125
65,0.52499999999999813,0.260986328125,0.028564453125,9.50225830078125
65,0.52572822798939645,0.26116943359375,0,9.5128173828125
80,0.14166666666666616,-0.03515625,1.5628662109375,3.82379150390625
80,0.14999999999999947,-0.041259765625,1.57275390625,3.96905517578125
79,0.14166666666666616,0.40240478515625,1.11102294921875,3.82562255859375
79,0.14999999999999947,0.41802978515625,1.09857177734375,3.97100830078125
78,0.14166666666666616,-0.17919921875,1.147216796875,3.8316650390625
78,0.14999999999999947,-0.1923828125,1.13653564453125,3.97735595703125
77,0.14166666666666616,0.2359619140625,1.4803466796875,3.8306884765625
77,0.14999999999999947,0.24334716796875,1.4862060546875,3.976318359375
76,0.14166666666666616,0.1611328125,1.010009765625,3.835693359375
76,0.14999999999999947,0.164794921875,0.99261474609375,3.9815673828125
75,0.14166666666666616,-0.063232421875,1.35589599609375,3.8385009765625
75,0.14999999999999947,-0.0706787109375,1.3555908203125,3.9844970703125
74,0.14166666666666616,0.26025390625,1.26629638671875,3.83966064453125
74,0.14999999999999947,0.268798828125,1.26153564453125,3.9857177734375
73,0.14166666666666616,0.0478515625,1.1722412109375,3.84405517578125
73,0.14999999999999947,0.0458984375,1.162841796875,3.9903564453125
72,0.54166666666666474,-0.90679931640625,0.18377685546875,9.6923828125
72,0.549999999999998,-0.92041015625,0.14508056640625,9.8126220703125
71,0.54166666666666474,0.8560791015625,0.84832763671875,9.6876220703125
71,0.549999999999998,0.8665771484375,0.81866455078125,9.80780029296875
69,0.54166666666666474,-0.35711669921875,0.8306884765625,9.7113037109375
69,0.549999999999998,-0.3631591796875,0.80078125,9.831787109375
68,0.54166666666666474,0.846435546875,0.06488037109375,9.71539306640625
68,0.54990166513241567,0.856689453125,0,9.83453369140625
66,0.54166666666666474,0.26031494140625,0.642333984375,9.73321533203125
66,0.549999999999998,0.26263427734375,0.60986328125,9.85400390625
80,0.15833333333333277,-0.047119140625,1.58154296875,4.1104736328125
80,0.16666666666666607,-0.0528564453125,1.5892333984375,4.24798583984375
79,0.15833333333333277,0.43316650390625,1.08563232421875,4.112548828125
79,0.16666666666666607,0.44793701171875,1.07220458984375,4.2501220703125
78,0.15833333333333277,-0.2052001953125,1.1253662109375,4.119140625
78,0.16666666666666607,-0.21771240234375,1.11358642578125,4.257080078125
77,0.15833333333333277,0.25048828125,1.49102783203125,4.1180419921875
77,0.16666666666666607,0.2574462890625,1.494873046875,4.25592041015625
76,0.15833333333333277,0.1683349609375,0.97479248046875,4.12353515625
76,0.16666666666666607,0.17181396484375,0.95660400390625,4.26165771484375
75,0.15833333333333277,-0.07794189453125,1.35443115234375,4.1265869140625
75,0.16666666666666607,-0.08502197265625,1.35247802734375,4.26483154296875
74,0.15833333333333277,0.277099609375,1.25604248046875,4.1279296875
74,0.16666666666666607,0.28515625,1.2498779296875,4.26617431640625
73,0.15833333333333277,0.04400634765625,1.15283203125,4.13275146484375
73,0.16666666666666607,0.04217529296875,1.14227294921875,4.271240234375
72,0.55833333333333135,-0.9339599609375,0.105712890625,9.932861328125
72,0.56666666666666465,-0.947509765625,0.065673828125,10.0531005859375
71,0.55833333333333135,0.8770751953125,0.788330078125,9.927978515625
71,0.56666666666666465,0.88751220703125,0.75738525390625,10.048095703125
69,0.55833333333333135,-0.3692626953125,0.770263671875,9.9522705078125
69,0.56666666666666465,-0.37530517578125,0.739013671875,10.07275390625
66,0.55833333333333135,0.2650146484375,0.57672119140625,9.97479248046875
66,0.56666666666666465,0.26739501953125,0.54296875,10.0955810546875
80,0.17499999999999938,-0.0584716796875,1.5958251953125,4.38165283203125
80,0.18333333333333268,-0.0638427734375,1.60125732421875,4.511474609375
79,0.17499999999999938,0.46221923828125,1.0582275390625,4.3839111328125
79,0.18333333333333268,0.47613525390625,1.043701171875,4.5137939453125
78,0.17499999999999938,-0.22979736328125,1.10125732421875,4.39111328125
78,0.18333333333333268,-0.2415771484375,1.08831787109375,4.521240234375
77,0.17499999999999938,0.26416015625,1.49774169921875,4.389892578125
77,0.18333333333333268,0.270751953125,1.49951171875,4.52001953125
76,0.17499999999999938,0.1751708984375,0.93804931640625,4.3958740234375
76,0.18333333333333268,0.17840576171875,0.9190673828125,4.52618408203125
75,0.17499999999999938,-0.09185791015625,1.349609375,4.399169921875
75,0.18333333333333268,-0.0985107421875,1.34588623046875,4.52960205078125
74,0.17499999999999938,0.29302978515625,1.24298095703125,4.40057373046875
74,0.18333333333333268,0.3006591796875,1.23529052734375,4.5311279296875
73,0.17499999999999938,0.04034423828125,1.131103515625,4.40582275390625
73,0.18333333333333268,0.03857421875,1.1192626953125,4.53656005859375
72,0.57496512270003108,-0.9610595703125,0,10.1728515625
71,0.574999999999998,0.89801025390625,0.72564697265625,10.16827392578125
71,0.58333333333333126,0.90850830078125,0.69329833984375,10.2884521484375
69,0.574999999999998,-0.38134765625,0.70709228515625,10.1932373046875
69,0.58333333333333126,-0.387451171875,0.6744384765625,10.313720703125
66,0.574999999999998,0.26971435546875,0.5084228515625,10.21636962890625
66,0.58333333333333126,0.2720947265625,0.47320556640625,10.337158203125
80,0.19166666666666599,-0.06915283203125,1.60565185546875,4.63739013671875
80,0.19999999999999929,-0.07421875,1.60888671875,4.75946044921875
79,0.19166666666666599,0.48968505859375,1.0286865234375,4.63983154296875
79,0.19999999999999929,0.50274658203125,1.01312255859375,4.761962890625
78,0.19166666666666599,-0.2530517578125,1.07489013671875,4.64752197265625
78,0.19999999999999929,-0.26409912109375,1.06085205078125,4.7698974609375
77,0.19166666666666599,0.277099609375,1.5003662109375,4.646240234375
77,0.19999999999999929,0.28326416015625,1.5001220703125,4.76861572265625
76,0.19166666666666599,0.18157958984375,0.89971923828125,4.65264892578125
76,0.19999999999999929,0.18463134765625,0.8800048828125,4.77520751953125
75,0.19166666666666599,-0.10498046875,1.3414306640625,4.65618896484375
75,0.19999999999999929,-0.11126708984375,1.33599853515625,4.77886962890625
74,0.19166666666666599,0.30810546875,1.22698974609375,4.65771484375
74,0.19999999999999929,0.31524658203125,1.21783447265625,4.78045654296875
73,0.19166666666666599,0.03692626953125,1.10687255859375,4.663330078125
73,0.19999999999999929,0.0352783203125,1.0938720703125,4.7862548828125
71,0.59166666666666456,0.91900634765625,0.66021728515625,10.40863037109375
71,0.59999999999999787,0.92950439453125,0.62652587890625,10.52880859375
69,0.59166666666666456,-0.39349365234375,0.64117431640625,10.43426513671875
69,0.59999999999999787,-0.39959716796875,0.607177734375,10.55474853515625
66,0.59166666666666456,0.27447509765625,0.4373779296875,10.45794677734375
66,0.59999999999999787,0.27679443359375,0.40081787109375,10.5787353515625
80,0.20833333333333259,-0.0792236328125,1.6112060546875,4.87957763671875
80,0.2166666666666659,-0.084228515625,1.61285400390625,4.999755859375
79,0.20833333333333259,0.515625,0.9969482421875,4.88214111328125
79,0.2166666666666659,0.52850341796875,0.98016357421875,5.00238037109375
78,0.20833333333333259,-0.2750244140625,1.046142578125,4.890380859375
78,0.2166666666666659,-0.285888671875,1.03082275390625,5.01080322265625
77,0.20833333333333259,0.28936767578125,1.49908447265625,4.8890380859375
77,0.2166666666666659,0.29541015625,1.497314453125,5.00946044921875
76,0.20833333333333259,0.1876220703125,0.85968017578125,4.8958740234375
76,0.2166666666666659,0.190673828125,0.8387451171875,5.0164794921875
75,0.20833333333333259,-0.117431640625,1.32989501953125,4.89959716796875
75,0.2166666666666659,-0.12359619140625,1.32305908203125,5.02032470703125
74,0.20833333333333259,0.32232666015625,1.20806884765625,4.9012451171875
74,0.2166666666666659,0.32940673828125,1.19757080078125,5.02203369140625
73,0.20833333333333259,0.03363037109375,1.0802001953125,4.9072265625
73,0.2166666666666659,0.03204345703125,1.06591796875,5.0281982421875
71,0.60833333333333117,0.94000244140625,0.59210205078125,10.64898681640625
71,0.61666666666666448,0.95050048828125,0.5570068359375,10.7691650390625
69,0.60833333333333117,-0.4056396484375,0.57257080078125,10.67523193359375
69,0.61666666666666448,-0.4117431640625,0.5372314453125,10.79571533203125
66,0.60833333333333117,0.2791748046875,0.36358642578125,10.69952392578125
66,0.61666666666666448,0.28155517578125,0.32574462890625,10.8203125
80,0.2249999999999992,-0.08929443359375,1.61376953125,5.119873046875
80,0.2333333333333325,-0.09429931640625,1.61407470703125,5.239990234375
79,0.2249999999999992,0.5413818359375,0.96258544921875,5.12261962890625
79,0.2333333333333325,0.55426025390625,0.94439697265625,5.2427978515625
78,0.2249999999999992,-0.29681396484375,1.01470947265625,5.13128662109375
78,0.2333333333333325,-0.3077392578125,0.998046875,5.25177001953125
77,0.2249999999999992,0.301513671875,1.494873046875,5.1298828125
77,0.2333333333333325,0.30755615234375,1.4918212890625,5.25030517578125
76,0.2249999999999992,0.19366455078125,0.8170166015625,5.1370849609375
76,0.2333333333333325,0.1966552734375,0.79473876953125,5.2576904296875
75,0.2249999999999992,-0.1297607421875,1.31549072265625,5.14105224609375
75,0.2333333333333325,-0.13592529296875,1.307373046875,5.26177978515625
74,0.2249999999999992,0.33648681640625,1.18634033203125,5.142822265625
74,0.2333333333333325,0.343505859375,1.17449951171875,5.26361083984375
73,0.2249999999999992,0.0303955078125,1.05084228515625,5.149169921875
73,0.2333333333333325,0.02880859375,1.03515625,5.27008056640625
71,0.62499999999999778,0.96099853515625,0.521240234375,10.8892822265625
71,0.63333333333333108,0.97149658203125,0.48480224609375,11.00946044921875
69,0.62499999999999778,-0.41778564453125,0.501220703125,10.91619873046875
69,0.63333333333333108,-0.42388916015625,0.46453857421875,11.03668212890625
66,0.62499999999999778,0.28387451171875,0.287109375,10.94110107421875
66,0.63333333333333108,0.2862548828125,0.24786376953125,11.06195068359375
80,0.24166666666666581,-0.09930419921875,1.6136474609375,5.36016845703125
80,0.24999999999999911,-0.10430908203125,1.61260986328125,5.48028564453125
79,0.24166666666666581,0.567138671875,0.92547607421875,5.363037109375
79,0.24999999999999911,0.58001708984375,0.906005859375,5.48321533203125
78,0.24166666666666581,-0.318603515625,0.9805908203125,5.3721923828125
78,0.24999999999999911,-0.32952880859375,0.96258544921875,5.49267578125
77,0.24166666666666581,0.31365966796875,1.488037109375,5.3707275390625
77,0.24999999999999911,0.3197021484375,1.48358154296875,5.49114990234375
76,0.24166666666666581,0.19970703125,0.771728515625,5.37835693359375
76,0.24999999999999911,0.20269775390625,0.748046875,5.49896240234375
75,0.24166666666666581,-0.14208984375,1.2984619140625,5.382568359375
75,0.24999999999999911,-0.14825439453125,1.28900146484375,5.5032958984375
74,0.24166666666666581,0.3505859375,1.1619873046875,5.3843994140625
74,0.24999999999999911,0.357666015625,1.1488037109375,5.50518798828125
73,0.24166666666666581,0.02716064453125,1.01873779296875,5.39105224609375
73,0.24999999999999911,0.02557373046875,1.00177001953125,5.51202392578125
71,0.64166666666666439,0.98199462890625,0.44769287109375,11.129638671875
71,0.64999999999999769,0.99249267578125,0.40985107421875,11.24981689453125
69,0.64166666666666439,-0.429931640625,0.42718505859375,11.1572265625
69,0.64999999999999769,-0.43597412109375,0.38909912109375,11.2777099609375
66,0.64166666666666439,0.28863525390625,0.20794677734375,11.1827392578125
66,0.64999999999999769,0.29095458984375,0.16729736328125,11.30352783203125
80,0.25833333333333242,-0.10931396484375,1.61083984375,5.60040283203125
80,0.26666666666666572,-0.11431884765625,1.60833740234375,5.72052001953125
79,0.25833333333333242,0.5928955078125,0.8857421875,5.60345458984375
79,0.26666666666666572,0.60577392578125,0.86480712890625,5.7236328125
78,0.25833333333333242,-0.3404541015625,0.94378662109375,5.61309814453125
78,0.26666666666666572,-0.351318359375,0.92437744140625,5.73358154296875
77,0.25833333333333242,0.3258056640625,1.47845458984375,5.611572265625
77,0.26666666666666572,0.33184814453125,1.47265625,5.73199462890625
76,0.25833333333333242,0.20574951171875,0.72369384765625,5.61956787109375
76,0.26666666666666572,0.208740234375,0.6986083984375,5.740234375
75,0.25833333333333242,-0.1544189453125,1.27874755859375,5.6240234375
75,0.26666666666666572,-0.16058349609375,1.267822265625,5.7447509765625
74,0.25833333333333242,0.36474609375,1.1348876953125,5.6259765625
74,0.26666666666666572,0.37176513671875,1.120361328125,5.74676513671875
73,0.25833333333333242,0.02392578125,0.9840087890625,5.63299560546875
73,0.26666666666666572,0.0223388671875,0.965576171875,5.75396728515625
71,0.658333333333331,1.00299072265625,0.37139892578125,11.3699951171875
71,0.6666666666666643,1.01348876953125,0.33221435546875,11.49017333984375
69,0.658333333333331,-0.44207763671875,0.35040283203125,11.398193359375
69,0.6666666666666643,-0.4481201171875,0.31097412109375,11.5186767578125
66,0.658333333333331,0.2933349609375,0.1259765625,11.42431640625
66,0.6666666666666643,0.29571533203125,0.08404541015625,11.54510498046875
80,0.274999999999999,-0.119384765625,1.605224609375,5.8406982421875
80,0.28333333333333233,-0.1243896484375,1.60137939453125,5.9608154296875
79,0.274999999999999,0.61865234375,0.84320068359375,5.8438720703125
79,0.28333333333333233,0.63153076171875,0.8209228515625,5.96405029296875
78,0.274999999999999,-0.36224365234375,0.90423583984375,5.85406494140625
78,0.28333333333333233,-0.3731689453125,0.8834228515625,5.9744873046875
77,0.274999999999999,0.33795166015625,1.4661865234375,5.8524169921875
77,0.28333333333333233,0.343994140625,1.45892333984375,5.9727783203125
76,0.274999999999999,0.21173095703125,0.67291259765625,5.86083984375
76,0.28333333333333233,0.21478271484375,0.646484375,5.9814453125
75,0.274999999999999,-0.166748046875,1.25628662109375,5.865478515625
75,0.28333333333333233,-0.17291259765625,1.24395751953125,5.9862060546875
74,0.274999999999999,0.37884521484375,1.1051025390625,5.86749267578125
74,0.28333333333333233,0.38592529296875,1.089111328125,5.98828125
73,0.274999999999999,0.02069091796875,0.946533203125,5.87493896484375
73,0.28333333333333233,0.01904296875,0.92669677734375,5.99591064453125
71,0.6749999999999976,1.02398681640625,0.29229736328125,11.6103515625
71,0.68333333333333091,1.03448486328125,0.2518310546875,11.73052978515625
69,0.6749999999999976,-0.4542236328125,0.2708740234375,11.63916015625
69,0.68333333333333091,-0.46026611328125,0.2301025390625,11.7596435546875
66,0.6749999999999976,0.29803466796875,0.04132080078125,11.6658935546875
66,0.67813614995743776,0.2989501953125,0,11.71136474609375
80,0.29166666666666563,-0.12939453125,1.596923828125,6.0809326171875
80,0.29999999999999893,-0.1343994140625,1.59173583984375,6.20111083984375
79,0.29166666666666563,0.6444091796875,0.7979736328125,6.08428955078125
79,0.29999999999999893,0.65728759765625,0.7742919921875,6.2044677734375
78,0.29166666666666563,-0.384033203125,0.8619384765625,6.094970703125
78,0.29999999999999893,-0.39495849609375,0.83978271484375,6.21539306640625
77,0.29166666666666563,0.35009765625,1.45111083984375,6.09320068359375
77,0.29999999999999893,0.35614013671875,1.44256591796875,6.213623046875
76,0.29166666666666563,0.2177734375,0.619384765625,6.10205078125
76,0.29999999999999893,0.22076416015625,0.59161376953125,6.22271728515625
75,0.29166666666666563,-0.1790771484375,1.23101806640625,6.10693359375
75,0.29999999999999893,-0.18524169921875,1.2174072265625,6.22772216796875
74,0.29166666666666563,0.39300537109375,1.07257080078125,6.10906982421875
74,0.29999999999999893,0.4000244140625,1.05523681640625,6.2298583984375
73,0.29166666666666563,0.0174560546875,0.90625,6.11688232421875
73,0.29999999999999893,0.01580810546875,0.8851318359375,6.23785400390625
71,0.69166666666666421,1.044921875,0.2105712890625,11.85064697265625
71,0.69999999999999751,1.055419921875,0.168701171875,11.9708251953125
69,0.69166666666666421,-0.46636962890625,0.18865966796875,11.88018798828125
69,0.69999999999999751,-0.472412109375,0.146484375,12.00067138671875
80,0.30833333333333224,-0.139404296875,1.58587646484375,6.32122802734375
80,0.31666666666666554,-0.1444091796875,1.579345703125,6.44134521484375
79,0.30833333333333224,0.67022705078125,0.74993896484375,6.32470703125
79,0.31666666666666554,0.68310546875,0.7249755859375,6.4449462890625
78,0.30833333333333224,-0.4058837890625,0.81689453125,6.33587646484375
78,0.31666666666666554,-0.416748046875,0.79339599609375,6.45635986328125
77,0.30833333333333224,0.36224365234375,1.433349609375,6.33404541015625
77,0.31666666666666554,0.36834716796875,1.42340087890625,6.4544677734375
76,0.30833333333333224,0.22381591796875,0.56317138671875,6.34332275390625
76,0.31666666666666554,0.226806640625,0.53399658203125,6.46392822265625
75,0.30833333333333224,-0.19140625,1.20306396484375,6.34844970703125
75,0.31666666666666554,-0.19757080078125,1.18804931640625,6.46917724609375
74,0.30833333333333224,0.4071044921875,1.0372314453125,6.35064697265625
74,0.31666666666666554,0.4141845703125,1.0185546875,6.471435546875
73,0.30833333333333224,0.01422119140625,0.86328125,6.3587646484375
73,0.31666666666666554,0.0125732421875,0.84075927734375,6.479736328125
71,0.70833333333333082,1.06591796875,0.1260986328125,12.09100341796875
71,0.71666666666666412,1.076416015625,0.0828857421875,12.211181640625
69,0.70833333333333082,-0.478515625,0.10369873046875,12.12115478515625
69,0.71666666666666412,-0.48455810546875,0.0601806640625,12.24163818359375
80,0.32499999999999885,-0.14947509765625,1.5721435546875,6.56146240234375
80,0.33333333333333215,-0.15447998046875,1.56427001953125,6.681640625
79,0.32499999999999885,0.69598388671875,0.69927978515625,6.56512451171875
79,0.33333333333333215,0.7088623046875,0.67291259765625,6.68536376953125
78,0.32499999999999885,-0.42767333984375,0.76922607421875,6.5767822265625
78,0.33333333333333215,-0.4385986328125,0.74432373046875,6.697265625
77,0.32499999999999885,0.3743896484375,1.412841796875,6.57489013671875
77,0.33333333333333215,0.3804931640625,1.401611328125,6.6953125
76,0.32499999999999885,0.2298583984375,0.50421142578125,6.5845947265625
76,0.33333333333333215,0.23284912109375,0.47369384765625,6.7052001953125
75,0.32499999999999885,-0.2037353515625,1.17242431640625,6.58990478515625
75,0.33333333333333215,-0.20989990234375,1.15606689453125,6.71063232421875
74,0.32499999999999885,0.4212646484375,0.999267578125,6.59222412109375
74,0.33333333333333215,0.42828369140625,0.979248046875,6.7130126953125
73,0.32499999999999885,0.010986328125,0.81756591796875,6.6007080078125
73,0.33333333333333215,0.00933837890625,0.79376220703125,6.7216796875
71,0.72499999999999742,1.0869140625,0.0389404296875,12.33135986328125
71,0.72759790504232857,1.0902099609375,0,12.36883544921875
69,0.72329880338233954,-0.4893798828125,0,12.3375244140625
80,0.34166666666666545,-0.15948486328125,1.55572509765625,6.8017578125
80,0.34999999999999876,-0.16448974609375,1.54644775390625,6.921875
79,0.34166666666666545,0.72174072265625,0.64593505859375,6.8055419921875
79,0.34999999999999876,0.734619140625,0.6181640625,6.92578125
78,0.34166666666666545,-0.449462890625,0.71881103515625,6.81768798828125
78,0.34999999999999876,-0.46038818359375,0.6925048828125,6.93817138671875
77,0.34166666666666545,0.38653564453125,1.3896484375,6.81573486328125
77,0.34999999999999876,0.39263916015625,1.37701416015625,6.9361572265625
76,0.34166666666666545,0.23583984375,0.44256591796875,6.8258056640625
76,0.34999999999999876,0.2388916015625,0.41070556640625,6.9464111328125
75,0.34166666666666545,-0.216064453125,1.1390380859375,6.83135986328125
75,0.34999999999999876,-0.22222900390625,1.121337890625,6.95208740234375
74,0.34166666666666545,0.43536376953125,0.95855712890625,6.83380126953125
74,0.34999999999999876,0.44244384765625,0.93719482421875,6.95458984375
73,0.34166666666666545,0.00775146484375,0.76922607421875,6.8426513671875
73,0.34999999999999876,0.006103515625,0.74395751953125,6.963623046875
80,0.35833333333333206,-0.16949462890625,1.5364990234375,7.04205322265625
80,0.36666666666666536,-0.17449951171875,1.52593994140625,7.16217041015625
79,0.35833333333333206,0.74749755859375,0.5897216796875,7.04595947265625
79,0.36666666666666536,0.7603759765625,0.5606689453125,7.16619873046875
78,0.35833333333333206,-0.4713134765625,0.66558837890625,7.05865478515625
78,0.36666666666666536,-0.482177734375,0.63800048828125,7.1790771484375
77,0.35833333333333206,0.398681640625,1.36370849609375,7.05657958984375
77,0.36666666666666536,0.40478515625,1.34979248046875,7.177001953125
76,0.35833333333333206,0.24188232421875,0.37811279296875,7.06707763671875
76,0.36666666666666536,0.244873046875,0.344970703125,7.18768310546875
75,0.35833333333333206,-0.2283935546875,1.1029052734375,7.07281494140625
75,0.36666666666666536,-0.23455810546875,1.0838623046875,7.193603515625
74,0.35833333333333206,0.44952392578125,0.91510009765625,7.07537841796875
74,0.36666666666666536,0.45660400390625,0.89239501953125,7.1961669921875
73,0.35833333333333206,0.0045166015625,0.71807861328125,7.0845947265625
73,0.36666666666666536,0.00286865234375,0.6915283203125,7.20556640625
80,0.37499999999999867,-0.1795654296875,1.5146484375,7.28228759765625
80,0.38333333333333197,-0.1845703125,1.502685546875,7.40240478515625
79,0.37499999999999867,0.77325439453125,0.53094482421875,7.286376953125
79,0.38333333333333197,0.7861328125,0.50048828125,7.4066162109375
78,0.37499999999999867,-0.49310302734375,0.6097412109375,7.299560546875
78,0.38333333333333197,-0.5040283203125,0.58074951171875,7.41998291015625
77,0.37499999999999867,0.41082763671875,1.3350830078125,7.29742431640625
77,0.38333333333333197,0.41693115234375,1.31976318359375,7.4178466796875
76,0.37499999999999867,0.2479248046875,0.31103515625,7.30828857421875
76,0.38333333333333197,0.25091552734375,0.2764892578125,7.428955078125
75,0.37499999999999867,-0.24066162109375,1.06414794921875,7.3143310546875
75,0.38333333333333197,-0.246826171875,1.043701171875,7.43505859375
74,0.37499999999999867,0.463623046875,0.8690185546875,7.31695556640625
74,0.38333333333333197,0.470703125,0.84490966796875,7.437744140625
73,0.37499999999999867,0.00128173828125,0.66424560546875,7.3265380859375
73,0.38333333333333197,-0.0003662109375,0.6363525390625,7.44744873046875
81,0,0.08746337890625,1.25909423828125,0.88604736328125
82,0,0.08746337890625,1.25909423828125,0.88604736328125
83,0,0.08746337890625,1.25909423828125,0.88604736328125
84,0,0.08746337890625,1.25909423828125,0.88604736328125
85,0,0.08746337890625,1.25909423828125,0.88604736328125
86,0,0.08746337890625,1.25909423828125,0.88604736328125
87,0,0.08746337890625,1.25909423828125,0.88604736328125
88,0,0.08746337890625,1.25909423828125,0.88604736328125
80,0.39166666666666528,-0.1895751953125,1.489990234375,7.5225830078125
80,0.39999999999999858,-0.194580078125,1.4766845703125,7.6427001953125
79,0.39166666666666528,0.79901123046875,0.46929931640625,7.52685546875
79,0.39999999999999858,0.8118896484375,0.4375,7.64703369140625
78,0.39166666666666528,-0.514892578125,0.55108642578125,7.54046630859375
78,0.39999999999999858,-0.52581787109375,0.520751953125,7.660888671875
77,0.39166666666666528,0.4229736328125,1.3037109375,7.53826904296875
77,0.39999999999999858,0.4290771484375,1.28704833984375,7.65863037109375
76,0.39166666666666528,0.25396728515625,0.2412109375,7.549560546875
76,0.39999999999999858,0.2569580078125,0.20526123046875,7.670166015625
75,0.39166666666666528,-0.25299072265625,1.02252197265625,7.5557861328125
75,0.39999999999999858,-0.2591552734375,1.00079345703125,7.676513671875
74,0.39166666666666528,0.477783203125,0.820068359375,7.55853271484375
74,0.39999999999999858,0.48486328125,0.79461669921875,7.6793212890625
73,0.39166666666666528,-0.001953125,0.607666015625,7.56842041015625
73,0.39999999999999858,-0.00360107421875,0.578369140625,7.68939208984375
88,0.0083333333333333037,0.109619140625,1.2548828125,1.0679931640625
88,0.016666666666667052,0.13177490234375,1.250732421875,1.24993896484375
87,0.0083333333333333037,0.07098388671875,1.2498779296875,1.06842041015625
87,0.016666666666667052,0.05450439453125,1.24066162109375,1.25079345703125
86,0.0083333333333333037,0.09429931640625,1.2774658203125,1.068359375
86,0.016666666666667052,0.10113525390625,1.2957763671875,1.2506103515625
85,0.0083333333333333037,0.09552001953125,1.2445068359375,1.068603515625
85,0.016666666666667052,0.103515625,1.2298583984375,1.251220703125
84,0.0083333333333333037,0.07489013671875,1.265625,1.06884765625
84,0.016666666666667052,0.06231689453125,1.27215576171875,1.25164794921875
83,0.0083333333333333037,0.10040283203125,1.26397705078125,1.06884765625
83,0.016666666666667052,0.11328125,1.26885986328125,1.25164794921875
82,0.0083333333333333037,0.083984375,1.251220703125,1.06915283203125
82,0.016666666666667052,0.0804443359375,1.24334716796875,1.2523193359375
81,0.0083333333333333037,0.087158203125,1.2652587890625,1.06927490234375
81,0.016666666666667052,0.08685302734375,1.27142333984375,1.25250244140625
80,0.40833333333333233,-0.1995849609375,1.462646484375,7.7628173828125
80,0.41666666666666607,-0.20458984375,1.447998046875,7.8829345703125
79,0.40833333333333233,0.82476806640625,0.405029296875,7.76727294921875
79,0.41666666666666607,0.837646484375,0.37188720703125,7.887451171875
78,0.40833333333333233,-0.53668212890625,0.48974609375,7.7813720703125
78,0.41666666666666607,-0.547607421875,0.45806884765625,7.90185546875
77,0.40833333333333233,0.43511962890625,1.26959228515625,7.779052734375
77,0.41666666666666607,0.44122314453125,1.2515869140625,7.89947509765625
76,0.40833333333333233,0.25994873046875,0.16864013671875,7.790771484375
76,0.41666666666666607,0.26300048828125,0.13134765625,7.91143798828125
75,0.40833333333333233,-0.26531982421875,0.978271484375,7.7972412109375
75,0.41666666666666607,-0.271484375,0.95513916015625,7.91796875
74,0.40833333333333233,0.49188232421875,0.76849365234375,7.80010986328125
74,0.41666666666666607,0.49896240234375,0.74169921875,7.9208984375
73,0.40833333333333233,-0.00518798828125,0.54833984375,7.81036376953125
73,0.41666666666666607,-0.0068359375,0.51776123046875,7.93133544921875
88,0.0250000000000008,0.1539306640625,1.24652099609375,1.431884765625
88,0.033333333333333659,0.17608642578125,1.2423095703125,1.61383056640625
87,0.0250000000000008,0.03802490234375,1.2314453125,1.43310546875
87,0.033333333333333659,0.021484375,1.22222900390625,1.615478515625
86,0.0250000000000008,0.10797119140625,1.31414794921875,1.43292236328125
86,0.033333333333333659,0.11480712890625,1.33251953125,1.61517333984375
85,0.0250000000000008,0.111572265625,1.21527099609375,1.43377685546875
85,0.033333333333333659,0.11956787109375,1.20068359375,1.6163330078125
84,0.0250000000000008,0.04974365234375,1.2786865234375,1.43438720703125
84,0.033333333333333659,0.03717041015625,1.28515625,1.6171875
83,0.0250000000000008,0.126220703125,1.27374267578125,1.43450927734375
83,0.033333333333333659,0.13916015625,1.278564453125,1.6173095703125
82,0.0250000000000008,0.07696533203125,1.2354736328125,1.4354248046875
82,0.033333333333333659,0.07342529296875,1.2275390625,1.61859130859375
81,0.0250000000000008,0.08648681640625,1.27752685546875,1.43572998046875
81,0.033333333333333659,0.086181640625,1.28369140625,1.61895751953125
80,0.42499999999999982,-0.2095947265625,1.4326171875,8.00311279296875
80,0.43333333333333357,-0.21466064453125,1.41656494140625,8.12322998046875
79,0.42499999999999982,0.85052490234375,0.3380126953125,8.0076904296875
79,0.43333333333333357,0.8634033203125,0.303466796875,8.12786865234375
78,0.42499999999999982,-0.55853271484375,0.42572021484375,8.02227783203125
78,0.43333333333333357,-0.56939697265625,0.39263916015625,8.14276123046875
77,0.42499999999999982,0.447265625,1.23284912109375,8.0198974609375
77,0.43333333333333357,0.453369140625,1.21343994140625,8.14031982421875
76,0.42499999999999982,0.2659912109375,0.0933837890625,8.03204345703125
76,0.43333333333333357,0.26898193359375,0.05474853515625,8.15264892578125
75,0.42499999999999982,-0.27764892578125,0.93133544921875,8.03875732421875
75,0.43333333333333357,-0.2838134765625,0.90679931640625,8.15948486328125
74,0.42499999999999982,0.50604248046875,0.71417236328125,8.0416259765625
74,0.43333333333333357,0.51312255859375,0.68603515625,8.16241455078125
73,0.42499999999999982,-0.0084228515625,0.48638916015625,8.05230712890625
73,0.43333333333333357,-0.01007080078125,0.454345703125,8.17327880859375
88,0.041666666666667407,0.1982421875,1.2381591796875,1.7957763671875
88,0.050000000000000266,0.22039794921875,1.23394775390625,1.97772216796875
87,0.041666666666667407,0.0050048828125,1.2130126953125,1.7978515625
87,0.050000000000000266,-0.011474609375,1.20379638671875,1.980224609375
86,0.041666666666667407,0.12164306640625,1.35089111328125,1.7974853515625
86,0.050000000000000266,0.12847900390625,1.36920166015625,1.979736328125
85,0.041666666666667407,0.12762451171875,1.18609619140625,1.79888916015625
85,0.050000000000000266,0.1356201171875,1.17144775390625,1.98150634765625
84,0.041666666666667407,0.02459716796875,1.29168701171875,1.79998779296875
84,0.050000000000000266,0.01202392578125,1.2982177734375,1.9827880859375
83,0.041666666666667407,0.15203857421875,1.283447265625,1.80010986328125
83,0.050000000000000266,0.16497802734375,1.288330078125,1.98291015625
82,0.041666666666667407,0.0699462890625,1.21966552734375,1.80169677734375
82,0.050000000000000266,0.06646728515625,1.2117919921875,1.98480224609375
81,0.041666666666667407,0.08587646484375,1.28985595703125,1.80218505859375
81,0.050000000000000266,0.0855712890625,1.2960205078125,1.98541259765625
80,0.44166666666666732,-0.21966552734375,1.3997802734375,8.24334716796875
80,0.45000000000000018,-0.22467041015625,1.38238525390625,8.363525390625
79,0.44166666666666732,0.87628173828125,0.26824951171875,8.24810791015625
79,0.45000000000000018,0.88916015625,0.23236083984375,8.3682861328125
78,0.44166666666666732,-0.580322265625,0.35888671875,8.26318359375
78,0.45000000000000018,-0.59124755859375,0.324462890625,8.3836669921875
77,0.44166666666666732,0.45941162109375,1.1932373046875,8.2607421875
77,0.45000000000000018,0.46551513671875,1.1724853515625,8.38116455078125
76,0.43961816273831422,0.27130126953125,0,8.24365234375
75,0.44166666666666732,-0.28997802734375,0.881591796875,8.28021240234375
75,0.45000000000000018,-0.296142578125,0.855712890625,8.40093994140625
74,0.44166666666666732,0.5201416015625,0.6571044921875,8.283203125
74,0.45000000000000018,0.5272216796875,0.6275634765625,8.40399169921875
73,0.44166666666666732,-0.01171875,0.421630859375,8.29425048828125
73,0.45000000000000018,-0.0133056640625,0.38824462890625,8.41522216796875
88,0.058333333333334014,0.2425537109375,1.22979736328125,2.15960693359375
88,0.066666666666666874,0.26470947265625,1.2255859375,2.341552734375
87,0.058333333333334014,-0.0279541015625,1.194580078125,2.16253662109375
87,0.066666666666666874,-0.04443359375,1.1854248046875,2.34490966796875
86,0.058333333333334014,0.13531494140625,1.3875732421875,2.16204833984375
86,0.066666666666666874,0.14215087890625,1.40594482421875,2.34429931640625
85,0.058333333333334014,0.1436767578125,1.1568603515625,2.1640625
85,0.066666666666666874,0.15167236328125,1.14227294921875,2.34661865234375
84,0.058333333333334014,-0.00054931640625,1.30474853515625,2.16552734375
84,0.066666666666666874,-0.01312255859375,1.311279296875,2.34832763671875
83,0.058333333333334014,0.17791748046875,1.293212890625,2.16571044921875
83,0.066666666666666874,0.1907958984375,1.298095703125,2.34857177734375
82,0.058333333333334014,0.06292724609375,1.20391845703125,2.16796875
82,0.066666666666666874,0.0594482421875,1.196044921875,2.35107421875
81,0.058333333333334014,0.08526611328125,1.30218505859375,2.16864013671875
81,0.066666666666666874,0.08489990234375,1.30828857421875,2.35186767578125
80,0.45833333333333393,-0.22967529296875,1.36431884765625,8.483642578125
80,0.46666666666666679,-0.23468017578125,1.34552001953125,8.603759765625
79,0.45833333333333393,0.90203857421875,0.19580078125,8.488525390625
79,0.46666666666666679,0.9149169921875,0.1585693359375,8.60870361328125
78,0.45833333333333393,-0.60211181640625,0.2894287109375,8.504150390625
78,0.46666666666666679,-0.613037109375,0.25360107421875,8.62457275390625
77,0.45833333333333393,0.4715576171875,1.15106201171875,8.5015869140625
77,0.46666666666666679,0.4776611328125,1.12884521484375,8.62200927734375
75,0.45833333333333393,-0.30230712890625,0.82916259765625,8.52166748046875
75,0.46666666666666679,-0.3084716796875,0.80194091796875,8.64239501953125
74,0.45833333333333393,0.5343017578125,0.597412109375,8.5247802734375
74,0.46666666666666679,0.5413818359375,0.56646728515625,8.64556884765625
73,0.45833333333333393,-0.01495361328125,0.35418701171875,8.5361328125
73,0.46666666666666679,-0.01654052734375,0.3194580078125,8.6571044921875
88,0.075000000000000622,0.28668212890625,1.2210693359375,2.5216064453125
88,0.083333333333333481,0.30810546875,1.216064453125,2.69775390625
87,0.075000000000000622,-0.06072998046875,1.1759033203125,2.52532958984375
87,0.083333333333333481,-0.07672119140625,1.166015625,2.701904296875
86,0.075000000000000622,0.14892578125,1.4237060546875,2.524658203125
86,0.083333333333333481,0.155517578125,1.44049072265625,2.701171875
85,0.075000000000000622,0.15966796875,1.12744140625,2.52728271484375
85,0.083333333333333481,0.16741943359375,1.1123046875,2.70404052734375
84,0.075000000000000622,-0.02557373046875,1.31732177734375,2.5291748046875
84,0.083333333333333481,-0.0377197265625,1.32269287109375,2.70611572265625
83,0.075000000000000622,0.20361328125,1.30255126953125,2.5294189453125
83,0.083333333333333481,0.21612548828125,1.3062744140625,2.7064208984375
82,0.075000000000000622,0.05596923828125,1.1878662109375,2.53228759765625
82,0.083333333333333481,0.05255126953125,1.17926025390625,2.7095947265625
81,0.075000000000000622,0.0845947265625,1.31402587890625,2.53314208984375
81,0.083333333333333481,0.08428955078125,1.31903076171875,2.7105712890625
80,0.47500000000000053,-0.23968505859375,1.3260498046875,8.723876953125
80,0.48333333333333339,-0.2447509765625,1.305908203125,8.84405517578125
79,0.47500000000000053,0.92779541015625,0.12060546875,8.72894287109375
79,0.48333333333333339,0.940673828125,0.08197021484375,8.84918212890625
78,0.47500000000000053,-0.62396240234375,0.2171630859375,8.74505615234375
78,0.48333333333333339,-0.63482666015625,0.17999267578125,8.865478515625
77,0.47500000000000053,0.48370361328125,1.10601806640625,8.742431640625
77,0.48333333333333339,0.48980712890625,1.08251953125,8.86285400390625
75,0.47500000000000053,-0.31463623046875,0.77398681640625,8.76312255859375
75,0.48333333333333339,-0.32080078125,0.745361328125,8.88385009765625
74,0.47500000000000053,0.54840087890625,0.53485107421875,8.766357421875
74,0.48333333333333339,0.55548095703125,0.50262451171875,8.88714599609375
73,0.47500000000000053,-0.0181884765625,0.28399658203125,8.778076171875
73,0.48333333333333339,-0.019775390625,0.24786376953125,8.8990478515625
88,0.091666666666667229,0.3291015625,1.21038818359375,2.8699951171875
88,0.10000000000000009,0.349609375,1.2041015625,3.03839111328125
87,0.091666666666667229,-0.09234619140625,1.15557861328125,2.87457275390625
87,0.10000000000000009,-0.10760498046875,1.14471435546875,3.0433349609375
86,0.091666666666667229,0.1619873046875,1.4561767578125,2.87371826171875
86,0.10000000000000009,0.1683349609375,1.47076416015625,3.04248046875
85,0.091666666666667229,0.17498779296875,1.0968017578125,2.87689208984375
85,0.10000000000000009,0.18243408203125,1.08087158203125,3.0458984375
84,0.091666666666667229,-0.04962158203125,1.3271484375,2.87921142578125
84,0.10000000000000009,-0.061279296875,1.330810546875,3.04840087890625
83,0.091666666666667229,0.22833251953125,1.3092041015625,2.8795166015625
83,0.10000000000000009,0.24029541015625,1.31134033203125,3.0487060546875
82,0.091666666666667229,0.04925537109375,1.17010498046875,2.88299560546875
82,0.10000000000000009,0.0460205078125,1.160400390625,3.052490234375
81,0.091666666666667229,0.083984375,1.3231201171875,2.884033203125
81,0.10000000000000009,0.083740234375,1.32647705078125,3.05364990234375
80,0.49166666666666714,-0.249755859375,1.28509521484375,8.96417236328125
80,0.5,-0.2547607421875,1.26361083984375,9.08428955078125
79,0.49166666666666714,0.95355224609375,0.04266357421875,8.9693603515625
79,0.49535168156356074,0.959228515625,0,9.02252197265625
78,0.49166666666666714,-0.645751953125,0.1422119140625,8.9859619140625
78,0.5,-0.65667724609375,0.10369873046875,9.1064453125
77,0.49166666666666714,0.495849609375,1.058349609375,8.9832763671875
77,0.5,0.501953125,1.033447265625,9.10369873046875
75,0.49166666666666714,-0.32696533203125,0.71612548828125,9.004638671875
75,0.5,-0.3331298828125,0.6861572265625,9.1253662109375
74,0.49166666666666714,0.56256103515625,0.46966552734375,9.0079345703125
74,0.5,0.56964111328125,0.43603515625,9.12872314453125
73,0.49166666666666714,-0.02142333984375,0.2110595703125,9.02001953125
73,0.5,-0.02301025390625,0.17364501953125,9.1409912109375
88,0.10833333333333384,0.36962890625,1.197265625,3.20294189453125
88,0.1166666666666667,0.38922119140625,1.18975830078125,3.3636474609375
87,0.10833333333333384,-0.12249755859375,1.13330078125,3.208251953125
87,0.1166666666666667,-0.1370849609375,1.12139892578125,3.36932373046875
86,0.10833333333333384,0.17449951171875,1.48431396484375,3.20733642578125
86,0.1166666666666667,0.1805419921875,1.49676513671875,3.3682861328125
85,0.10833333333333384,0.189697265625,1.06463623046875,3.21099853515625
85,0.1166666666666667,0.19677734375,1.04791259765625,3.37225341796875
84,0.10833333333333384,-0.0726318359375,1.33367919921875,3.21368408203125
84,0.1166666666666667,-0.083740234375,1.33563232421875,3.3751220703125
83,0.10833333333333384,0.25201416015625,1.31268310546875,3.21405029296875
83,0.1166666666666667,0.263427734375,1.313232421875,3.37548828125
82,0.10833333333333384,0.0428466796875,1.15020751953125,3.21807861328125
82,0.1166666666666667,0.03973388671875,1.13946533203125,3.37982177734375
81,0.10833333333333384,0.08343505859375,1.3289794921875,3.2193603515625
81,0.1166666666666667,0.0831298828125,1.33062744140625,3.38116455078125
80,0.50833333333333375,-0.259765625,1.241455078125,9.2044677734375
80,0.51666666666666661,-0.2647705078125,1.21856689453125,9.3245849609375
78,0.50833333333333375,-0.66754150390625,0.0645751953125,9.22686767578125
78,0.51659276306554991,-0.6783447265625,0,9.34625244140625
77,0.50833333333333375,0.50799560546875,1.0079345703125,9.22412109375
77,0.51666666666666661,0.51409912109375,0.981689453125,9.34454345703125
75,0.50833333333333375,-0.33929443359375,0.655517578125,9.24609375
75,0.51666666666666661,-0.345458984375,0.62420654296875,9.3668212890625
74,0.50833333333333375,0.57666015625,0.4017333984375,9.24951171875
74,0.51666666666666661,0.583740234375,0.36676025390625,9.37030029296875
73,0.50833333333333375,-0.024658203125,0.135498046875,9.261962890625
73,0.51666666666666661,-0.0262451171875,0.09661865234375,9.3829345703125
88,0.12500000000000044,0.4083251953125,1.1817626953125,3.52044677734375
88,0.13333333333333419,0.42694091796875,1.17315673828125,3.67340087890625
87,0.12500000000000044,-0.1512451171875,1.10906982421875,3.5264892578125
87,0.13333333333333419,-0.16510009765625,1.09619140625,3.67974853515625
86,0.12500000000000044,0.18646240234375,1.5081787109375,3.525390625
86,0.13333333333333419,0.19219970703125,1.51849365234375,3.67864990234375
85,0.12500000000000044,0.2037353515625,1.03094482421875,3.52960205078125
85,0.13333333333333419,0.21044921875,1.0135498046875,3.68310546875
84,0.12500000000000044,-0.0946044921875,1.33685302734375,3.53265380859375
84,0.13333333333333419,-0.10516357421875,1.33721923828125,3.68634033203125
83,0.12500000000000044,0.2745361328125,1.31298828125,3.5330810546875
83,0.13333333333333419,0.285400390625,1.31201171875,3.68670654296875
82,0.12500000000000044,0.0367431640625,1.1282958984375,3.53765869140625
82,0.13333333333333419,0.0338134765625,1.11651611328125,3.69158935546875
81,0.12500000000000044,0.0828857421875,1.33154296875,3.53912353515625
81,0.13333333333333419,0.0826416015625,1.33154296875,3.693115234375
80,0.52500000000000036,-0.269775390625,1.19500732421875,9.4447021484375
80,0.5333333333333341,-0.27484130859375,1.1707763671875,9.5648193359375
77,0.52500000000000036,0.5201416015625,0.95477294921875,9.46490478515625
77,0.5333333333333341,0.5262451171875,0.9271240234375,9.5853271484375
75,0.52500000000000036,-0.35162353515625,0.5921630859375,9.487548828125
75,0.5333333333333341,-0.3577880859375,0.5594482421875,9.6082763671875
74,0.52500000000000036,0.5908203125,0.3310546875,9.4910888671875
74,0.5333333333333341,0.597900390625,0.294677734375,9.61187744140625
73,0.52500000000000036,-0.02789306640625,0.05712890625,9.50390625
73,0.531654021520817,-0.0291748046875,0,9.6004638671875
88,0.14166666666666794,0.445068359375,1.16387939453125,3.82244873046875
88,0.1500000000000008,0.4627685546875,1.15411376953125,3.9676513671875
87,0.14166666666666794,-0.17864990234375,1.08282470703125,3.82916259765625
87,0.1500000000000008,-0.1917724609375,1.06903076171875,3.9747314453125
86,0.14166666666666794,0.19775390625,1.5277099609375,3.8280029296875
86,0.1500000000000008,0.2032470703125,1.535888671875,3.9735107421875
85,0.14166666666666794,0.217041015625,0.99578857421875,3.83270263671875
85,0.1500000000000008,0.22344970703125,0.9776611328125,3.9783935546875
84,0.14166666666666794,-0.115478515625,1.33673095703125,3.8360595703125
84,0.1500000000000008,-0.12548828125,1.33551025390625,3.98199462890625
83,0.14166666666666794,0.29595947265625,1.3101806640625,3.8365478515625
83,0.1500000000000008,0.3062744140625,1.3076171875,3.982421875
82,0.14166666666666794,0.0308837890625,1.10430908203125,3.8416748046875
82,0.1500000000000008,0.02813720703125,1.091552734375,3.98779296875
81,0.14166666666666794,0.08233642578125,1.330810546875,3.84326171875
81,0.1500000000000008,0.08209228515625,1.3292236328125,3.989501953125
80,0.54166666666666785,-0.27984619140625,1.1458740234375,9.68499755859375
80,0.55000000000000071,-0.28485107421875,1.12030029296875,9.80511474609375
77,0.54166666666666785,0.53228759765625,0.89886474609375,9.70574951171875
77,0.55000000000000071,0.53839111328125,0.86993408203125,9.826171875
75,0.54166666666666785,-0.36395263671875,0.526123046875,9.72900390625
75,0.55000000000000071,-0.3701171875,0.4920654296875,9.84979248046875
74,0.54166666666666785,0.60491943359375,0.2576904296875,9.732666015625
74,0.55000000000000071,0.61199951171875,0.219970703125,9.85345458984375
88,0.15833333333333455,0.47998046875,1.1436767578125,4.1090087890625
88,0.16666666666666741,0.4967041015625,1.1326904296875,4.24652099609375
87,0.15833333333333455,-0.20458984375,1.0546875,4.11639404296875
87,0.16666666666666741,-0.217041015625,1.0399169921875,4.25421142578125
86,0.15833333333333455,0.20855712890625,1.54302978515625,4.1151123046875
86,0.16666666666666741,0.21368408203125,1.549072265625,4.2528076171875
85,0.15833333333333455,0.22967529296875,0.95916748046875,4.1202392578125
85,0.16666666666666741,0.23577880859375,0.9403076171875,4.2581787109375
84,0.15833333333333455,-0.13525390625,1.33343505859375,4.12396240234375
84,0.16666666666666741,-0.144775390625,1.33050537109375,4.2620849609375
83,0.15833333333333455,0.31634521484375,1.30426025390625,4.12445068359375
83,0.16666666666666741,0.32611083984375,1.30010986328125,4.2625732421875
82,0.15833333333333455,0.025390625,1.0782470703125,4.13006591796875
82,0.16666666666666741,0.02276611328125,1.06451416015625,4.26849365234375
81,0.15833333333333455,0.08184814453125,1.326904296875,4.1318359375
81,0.16666666666666741,0.08160400390625,1.32373046875,4.27032470703125
80,0.55833333333333446,-0.28985595703125,1.09405517578125,9.92523193359375
80,0.56666666666666732,-0.29486083984375,1.067138671875,10.04541015625
77,0.55833333333333446,0.54443359375,0.84033203125,9.94659423828125
77,0.56666666666666732,0.550537109375,0.80999755859375,10.0670166015625
75,0.55833333333333446,-0.37628173828125,0.45733642578125,9.97052001953125
75,0.56666666666666732,-0.3824462890625,0.4219970703125,10.09124755859375
74,0.55833333333333446,0.61907958984375,0.18157958984375,9.9742431640625
74,0.56666666666666732,0.62615966796875,0.142578125,10.094970703125
88,0.17500000000000115,0.51300048828125,1.12115478515625,4.380126953125
88,0.18333333333333401,0.52880859375,1.10894775390625,4.5098876953125
87,0.17500000000000115,-0.22918701171875,1.024658203125,4.38812255859375
87,0.18333333333333401,-0.24090576171875,1.0089111328125,4.5181884765625
86,0.17500000000000115,0.21875,1.5540771484375,4.38671875
86,0.18333333333333401,0.2236328125,1.55792236328125,4.5167236328125
85,0.17500000000000115,0.24163818359375,0.92108154296875,4.39227294921875
85,0.18333333333333401,0.24737548828125,0.9014892578125,4.5224609375
84,0.17500000000000115,-0.15399169921875,1.32684326171875,4.39630126953125
84,0.18333333333333401,-0.1629638671875,1.322265625,4.52667236328125
83,0.17500000000000115,0.3355712890625,1.29522705078125,4.3968505859375
83,0.18333333333333401,0.34478759765625,1.28948974609375,4.5272216796875
82,0.17500000000000115,0.02020263671875,1.05023193359375,4.4029541015625
82,0.18333333333333401,0.0177001953125,1.035400390625,4.5335693359375
81,0.17500000000000115,0.08135986328125,1.31976318359375,4.40484619140625
81,0.18333333333333401,0.0811767578125,1.31494140625,4.5355224609375
80,0.57500000000000107,-0.29986572265625,1.03948974609375,10.16552734375
80,0.58333333333333393,-0.304931640625,1.01116943359375,10.28564453125
77,0.57500000000000107,0.55657958984375,0.77899169921875,10.18743896484375
77,0.58333333333333393,0.56268310546875,0.747314453125,10.307861328125
75,0.57500000000000107,-0.38861083984375,0.3858642578125,10.21197509765625
75,0.58333333333333393,-0.394775390625,0.34906005859375,10.33270263671875
74,0.57500000000000107,0.6331787109375,0.102783203125,10.21575927734375
74,0.58333333333333393,0.6402587890625,0.06231689453125,10.3365478515625
88,0.19166666666666776,0.54412841796875,1.09625244140625,4.6357421875
88,0.20000000000000062,0.55902099609375,1.0828857421875,4.75775146484375
87,0.19166666666666776,-0.2523193359375,0.99267578125,4.64434814453125
87,0.20000000000000062,-0.26336669921875,0.9759521484375,4.7666015625
86,0.19166666666666776,0.22833251953125,1.560791015625,4.642822265625
86,0.20000000000000062,0.23291015625,1.56256103515625,4.76507568359375
85,0.19166666666666776,0.2529296875,0.88153076171875,4.6488037109375
85,0.20000000000000062,0.25830078125,0.8612060546875,4.771240234375
84,0.19166666666666776,-0.17169189453125,1.31695556640625,4.65313720703125
84,0.20000000000000062,-0.18011474609375,1.310791015625,4.77569580078125
83,0.19166666666666776,0.353759765625,1.28302001953125,4.6536865234375
83,0.20000000000000062,0.3624267578125,1.27569580078125,4.77630615234375
82,0.19166666666666776,0.0152587890625,1.02008056640625,4.6602783203125
82,0.20000000000000062,0.01287841796875,1.0042724609375,4.7830810546875
81,0.19166666666666776,0.0809326171875,1.309326171875,4.66229248046875
81,0.20000000000000062,0.08074951171875,1.30291748046875,4.78515625
80,0.59166666666666767,-0.3099365234375,0.982177734375,10.40576171875
80,0.60000000000000053,-0.31494140625,0.9525146484375,10.52593994140625
77,0.59166666666666767,0.5687255859375,0.7149658203125,10.42828369140625
77,0.60000000000000053,0.5748291015625,0.681884765625,10.5487060546875
75,0.59166666666666767,-0.40093994140625,0.3116455078125,10.45343017578125
75,0.60000000000000053,-0.4071044921875,0.27349853515625,10.57415771484375
74,0.59089020768601352,0.64666748046875,0,10.44610595703125
88,0.20833333333333437,0.5736083984375,1.06884765625,4.8778076171875
88,0.21666666666666723,0.5882568359375,1.05419921875,4.9979248046875
87,0.20833333333333437,-0.2742919921875,0.95867919921875,4.886962890625
87,0.21666666666666723,-0.28515625,0.940673828125,5.00732421875
86,0.20833333333333437,0.2374267578125,1.5634765625,4.8853759765625
86,0.21666666666666723,0.241943359375,1.56365966796875,5.00567626953125
85,0.20833333333333437,0.26361083984375,0.84033203125,4.8917236328125
85,0.21666666666666723,0.2689208984375,0.81878662109375,5.01220703125
84,0.20833333333333437,-0.18841552734375,1.3038330078125,4.8963623046875
84,0.21666666666666723,-0.19671630859375,1.2962646484375,5.0169677734375
83,0.20833333333333437,0.37091064453125,1.2677001953125,4.89697265625
83,0.21666666666666723,0.37945556640625,1.259033203125,5.01763916015625
82,0.20833333333333437,0.0106201171875,0.98779296875,4.9039306640625
82,0.21666666666666723,0.00830078125,0.970703125,5.0247802734375
81,0.20833333333333437,0.08050537109375,1.2957763671875,4.9061279296875
81,0.21666666666666723,0.080322265625,1.28790283203125,5.02703857421875
80,0.60833333333333428,-0.3199462890625,0.92218017578125,10.64605712890625
80,0.61666666666666714,-0.324951171875,0.89117431640625,10.76617431640625
77,0.60833333333333428,0.58087158203125,0.648193359375,10.66912841796875
77,0.61666666666666714,0.58697509765625,0.61383056640625,10.78955078125
75,0.60833333333333428,-0.41326904296875,0.2347412109375,10.6949462890625
75,0.61666666666666714,-0.41943359375,0.19525146484375,10.815673828125
88,0.22500000000000098,0.60284423828125,1.038818359375,5.11798095703125
88,0.23333333333333384,0.61749267578125,1.02276611328125,5.23809814453125
87,0.22500000000000098,-0.2960205078125,0.92193603515625,5.127685546875
87,0.23333333333333384,-0.30694580078125,0.90264892578125,5.248046875
86,0.22500000000000098,0.2464599609375,1.5631103515625,5.1259765625
86,0.23333333333333384,0.2509765625,1.56201171875,5.24627685546875
85,0.22500000000000098,0.27423095703125,0.7965087890625,5.13275146484375
85,0.23333333333333384,0.279541015625,0.77362060546875,5.25323486328125
84,0.22500000000000098,-0.20501708984375,1.28790283203125,5.13763427734375
84,0.23333333333333384,-0.21331787109375,1.27899169921875,5.25830078125
83,0.22500000000000098,0.38800048828125,1.2496337890625,5.13824462890625
83,0.23333333333333384,0.396484375,1.23956298828125,5.2589111328125
82,0.22500000000000098,0.0059814453125,0.952880859375,5.1456298828125
82,0.23333333333333384,0.003662109375,0.9344482421875,5.26654052734375
81,0.22500000000000098,0.080078125,1.27935791015625,5.14794921875
81,0.23333333333333384,0.07989501953125,1.2701416015625,5.2689208984375
80,0.62500000000000089,-0.3299560546875,0.85943603515625,10.8863525390625
80,0.63333333333333375,-0.33502197265625,0.82708740234375,11.0064697265625
77,0.62500000000000089,0.593017578125,0.57867431640625,10.90997314453125
77,0.63333333333333375,0.59912109375,0.54296875,11.0303955078125
75,0.62500000000000089,-0.42559814453125,0.155029296875,10.9364013671875
75,0.63333333333333375,-0.4317626953125,0.1142578125,11.05712890625
88,0.24166666666666758,0.63214111328125,1.00604248046875,5.358154296875
88,0.25000000000000044,0.646728515625,0.98870849609375,5.478271484375
87,0.24166666666666758,-0.31781005859375,0.882568359375,5.368408203125
87,0.25000000000000044,-0.32867431640625,0.8619384765625,5.48876953125
86,0.24166666666666758,0.2554931640625,1.56011962890625,5.3665771484375
86,0.25000000000000044,0.260009765625,1.55767822265625,5.48687744140625
85,0.24166666666666758,0.2847900390625,0.75,5.37371826171875
85,0.25000000000000044,0.29010009765625,0.72576904296875,5.49420166015625
84,0.24166666666666758,-0.22161865234375,1.269287109375,5.37890625
84,0.25000000000000044,-0.22991943359375,1.259033203125,5.49957275390625
83,0.24166666666666758,0.405029296875,1.22882080078125,5.37957763671875
83,0.25000000000000044,0.41357421875,1.21746826171875,5.500244140625
82,0.24166666666666758,0.0013427734375,0.91522216796875,5.38739013671875
82,0.25000000000000044,-0.0009765625,0.89544677734375,5.50823974609375
81,0.24166666666666758,0.07965087890625,1.26025390625,5.38983154296875
81,0.25000000000000044,0.0794677734375,1.24969482421875,5.5107421875
80,0.6416666666666675,-0.34002685546875,0.79400634765625,11.1265869140625
80,0.65000000000000036,-0.34503173828125,0.76025390625,11.2467041015625
77,0.6416666666666675,0.60516357421875,0.50653076171875,11.1507568359375
77,0.65000000000000036,0.61126708984375,0.46942138671875,11.27117919921875
75,0.6416666666666675,-0.43792724609375,0.07269287109375,11.1778564453125
75,0.65000000000000036,-0.444091796875,0.03045654296875,11.298583984375
88,0.25833333333333419,0.661376953125,0.97064208984375,5.59832763671875
88,0.26666666666666705,0.67596435546875,0.95184326171875,5.7183837890625
87,0.25833333333333419,-0.33953857421875,0.84051513671875,5.609130859375
87,0.26666666666666705,-0.3504638671875,0.81842041015625,5.7294921875
86,0.25833333333333419,0.26446533203125,1.554443359375,5.607177734375
86,0.26666666666666705,0.26898193359375,1.55059814453125,5.7275390625
85,0.25833333333333419,0.29541015625,0.7008056640625,5.61474609375
85,0.26666666666666705,0.30072021484375,0.6751708984375,5.7352294921875
84,0.25833333333333419,-0.23822021484375,1.24798583984375,5.62017822265625
84,0.26666666666666705,-0.2464599609375,1.236328125,5.7408447265625
83,0.25833333333333419,0.422119140625,1.205322265625,5.62091064453125
83,0.26666666666666705,0.43060302734375,1.19256591796875,5.7415771484375
82,0.25833333333333419,-0.0032958984375,0.87493896484375,5.629150390625
82,0.26666666666666705,-0.005615234375,0.853759765625,5.75
81,0.25833333333333419,0.07928466796875,1.23846435546875,5.6317138671875
81,0.26666666666666705,0.07904052734375,1.22650146484375,5.75262451171875
80,0.6583333333333341,-0.35003662109375,0.725830078125,11.36688232421875
80,0.666666666666667,-0.35504150390625,0.69073486328125,11.48699951171875
77,0.6583333333333341,0.6173095703125,0.43157958984375,11.3916015625
77,0.666666666666667,0.6234130859375,0.39312744140625,11.51202392578125
75,0.65105887949848174,-0.44488525390625,0,11.31390380859375
88,0.2750000000000008,0.69061279296875,0.93243408203125,5.8385009765625
88,0.28333333333333366,0.70526123046875,0.91229248046875,5.95855712890625
87,0.2750000000000008,-0.361328125,0.79571533203125,5.849853515625
87,0.28333333333333366,-0.3721923828125,0.772216796875,5.97021484375
86,0.2750000000000008,0.27349853515625,1.5460205078125,5.84783935546875
86,0.28333333333333366,0.27801513671875,1.540771484375,5.9681396484375
85,0.2750000000000008,0.3060302734375,0.64886474609375,5.855712890625
85,0.28333333333333366,0.31134033203125,0.621826171875,5.9761962890625
84,0.2750000000000008,-0.2547607421875,1.22393798828125,5.8614501953125
84,0.28333333333333366,-0.2630615234375,1.21087646484375,5.98211669921875
83,0.2750000000000008,0.43914794921875,1.17913818359375,5.8621826171875
83,0.28333333333333366,0.44769287109375,1.16497802734375,5.98284912109375
82,0.2750000000000008,-0.0079345703125,0.8319091796875,5.870849609375
82,0.28333333333333366,-0.01019287109375,0.80926513671875,5.99169921875
81,0.2750000000000008,0.078857421875,1.21392822265625,5.87353515625
81,0.28333333333333366,0.07861328125,1.2005615234375,5.9945068359375
80,0.67500000000000071,-0.36004638671875,0.6549072265625,11.60711669921875
80,0.68333333333333357,-0.3651123046875,0.61846923828125,11.727294921875
77,0.67500000000000071,0.62945556640625,0.35394287109375,11.6324462890625
77,0.68333333333333357,0.63555908203125,0.31414794921875,11.75286865234375
88,0.29166666666666741,0.7198486328125,0.8914794921875,6.07867431640625
88,0.30000000000000027,0.7344970703125,0.8699951171875,6.19873046875
87,0.29166666666666741,-0.38311767578125,0.74810791015625,6.09051513671875
87,0.30000000000000027,-0.39398193359375,0.72332763671875,6.21087646484375
86,0.29166666666666741,0.28253173828125,1.53485107421875,6.08843994140625
86,0.30000000000000027,0.28704833984375,1.52825927734375,6.208740234375
85,0.29166666666666741,0.31658935546875,0.59417724609375,6.09674072265625
85,0.30000000000000027,0.3218994140625,0.5657958984375,6.21722412109375
84,0.29166666666666741,-0.2713623046875,1.1971435546875,6.10272216796875
84,0.30000000000000027,-0.2796630859375,1.1827392578125,6.223388671875
83,0.29166666666666741,0.4561767578125,1.150146484375,6.103515625
83,0.30000000000000027,0.4647216796875,1.1346435546875,6.22418212890625
82,0.29166666666666741,-0.01251220703125,0.78607177734375,6.11260986328125
82,0.30000000000000027,-0.01483154296875,0.76214599609375,6.23345947265625
81,0.29166666666666741,0.07843017578125,1.1866455078125,6.11541748046875
81,0.30000000000000027,0.07818603515625,1.17193603515625,6.236328125
80,0.69166666666666732,-0.3701171875,0.581298828125,11.847412109375
80,0.70000000000000018,-0.3751220703125,0.54345703125,11.967529296875
77,0.69166666666666732,0.6416015625,0.2735595703125,11.873291015625
77,0.70000000000000018,0.647705078125,0.23236083984375,11.99371337890625
88,0.308333333333334,0.74908447265625,0.84783935546875,6.31878662109375
88,0.31666666666666687,0.76373291015625,0.82501220703125,6.43890380859375
87,0.308333333333334,-0.40484619140625,0.69781494140625,6.33123779296875
87,0.31666666666666687,-0.41571044921875,0.67169189453125,6.45159912109375
86,0.308333333333334,0.29156494140625,1.52093505859375,6.32904052734375
86,0.31666666666666687,0.29608154296875,1.51300048828125,6.4493408203125
85,0.308333333333334,0.32720947265625,0.53680419921875,6.33770751953125
85,0.31666666666666687,0.33251953125,0.507080078125,6.45819091796875
84,0.308333333333334,-0.2879638671875,1.1676025390625,6.343994140625
84,0.31666666666666687,-0.2962646484375,1.15185546875,6.46466064453125
83,0.308333333333334,0.4732666015625,1.11846923828125,6.3448486328125
83,0.31666666666666687,0.4818115234375,1.1015625,6.46551513671875
82,0.308333333333334,-0.01715087890625,0.737548828125,6.35430908203125
82,0.31666666666666687,-0.01947021484375,0.71221923828125,6.47515869140625
81,0.308333333333334,0.0780029296875,1.1566162109375,6.3572998046875
81,0.31666666666666687,0.07781982421875,1.140625,6.47821044921875
80,0.70833333333333393,-0.380126953125,0.50494384765625,12.087646484375
80,0.71666666666666679,-0.3851318359375,0.46575927734375,12.20782470703125
77,0.70833333333333393,0.65374755859375,0.19049072265625,12.1141357421875
77,0.71666666666666679,0.65985107421875,0.14794921875,12.23455810546875
88,0.32500000000000062,0.77838134765625,0.80145263671875,6.5589599609375
88,0.33333333333333348,0.79296875,0.77728271484375,6.6790771484375
87,0.32500000000000062,-0.4266357421875,0.64483642578125,6.57196044921875
87,0.33333333333333348,-0.4375,0.6173095703125,6.69232177734375
86,0.32500000000000062,0.30059814453125,1.50433349609375,6.56964111328125
86,0.33333333333333348,0.30511474609375,1.49505615234375,6.69000244140625
85,0.32500000000000062,0.33782958984375,0.4766845703125,6.5787353515625
85,0.33333333333333348,0.34307861328125,0.44561767578125,6.69921875
84,0.32500000000000062,-0.3045654296875,1.1353759765625,6.58526611328125
84,0.33333333333333348,-0.3128662109375,1.1182861328125,6.7059326171875
83,0.32500000000000062,0.49029541015625,1.08404541015625,6.58612060546875
83,0.33333333333333348,0.49884033203125,1.06585693359375,6.706787109375
82,0.32500000000000062,-0.02178955078125,0.686279296875,6.5960693359375
82,0.33333333333333348,-0.02410888671875,0.65966796875,6.7169189453125
81,0.32500000000000062,0.07757568359375,1.1239013671875,6.59918212890625
81,0.33333333333333348,0.077392578125,1.1065673828125,6.7200927734375
80,0.72500000000000053,-0.39013671875,0.4259033203125,12.32794189453125
80,0.73333333333333339,-0.3951416015625,0.38531494140625,12.44805908203125
77,0.72500000000000053,0.6658935546875,0.10467529296875,12.35498046875
77,0.73333333333333339,0.6719970703125,0.06072998046875,12.47540283203125
88,0.34166666666666723,0.8076171875,0.75244140625,6.79913330078125
88,0.35000000000000009,0.82220458984375,0.726806640625,6.919189453125
87,0.34166666666666723,-0.4483642578125,0.58917236328125,6.81268310546875
87,0.35000000000000009,-0.45928955078125,0.56024169921875,6.93304443359375
86,0.34166666666666723,0.30963134765625,1.48504638671875,6.810302734375
86,0.35000000000000009,0.31414794921875,1.47430419921875,6.93060302734375
85,0.34166666666666723,0.348388671875,0.41387939453125,6.8197021484375
85,0.35000000000000009,0.35369873046875,0.38140869140625,6.940185546875
84,0.34166666666666723,-0.3211669921875,1.1004638671875,6.82659912109375
84,0.35000000000000009,-0.3294677734375,1.08197021484375,6.94720458984375
83,0.34166666666666723,0.50738525390625,1.0469970703125,6.82745361328125
83,0.35000000000000009,0.515869140625,1.02734375,6.9481201171875
82,0.34166666666666723,-0.02642822265625,0.63238525390625,6.8377685546875
82,0.35000000000000009,-0.02874755859375,0.60430908203125,6.9586181640625
81,0.34166666666666723,0.0771484375,1.0885009765625,6.84100341796875
81,0.35000000000000009,0.07696533203125,1.06976318359375,6.96197509765625
80,0.74166666666666714,-0.40020751953125,0.3441162109375,12.5682373046875
80,0.75,-0.40521240234375,0.30218505859375,12.6883544921875
77,0.74001369928121563,0.67681884765625,0,12.57196044921875
88,0.35833333333333384,0.83685302734375,0.7005615234375,7.039306640625
88,0.3666666666666667,0.85150146484375,0.6737060546875,7.15936279296875
87,0.35833333333333384,-0.47015380859375,0.53070068359375,7.05340576171875
87,0.3666666666666667,-0.48101806640625,0.50048828125,7.17376708984375
86,0.35833333333333384,0.318603515625,1.46295166015625,7.0509033203125
86,0.3666666666666667,0.3231201171875,1.450927734375,7.17120361328125
85,0.35833333333333384,0.3590087890625,0.3482666015625,7.06072998046875
85,0.3666666666666667,0.36431884765625,0.31451416015625,7.18121337890625
84,0.35833333333333384,-0.3377685546875,1.062744140625,7.06787109375
84,0.3666666666666667,-0.3460693359375,1.04296875,7.1884765625
83,0.35833333333333384,0.5244140625,1.007080078125,7.06878662109375
83,0.3666666666666667,0.532958984375,0.9862060546875,7.189453125
82,0.35833333333333384,-0.031005859375,0.57562255859375,7.07952880859375
82,0.3666666666666667,-0.0333251953125,0.54632568359375,7.20037841796875
81,0.35833333333333384,0.0767822265625,1.05029296875,7.0828857421875
81,0.3666666666666667,0.0765380859375,1.0302734375,7.20379638671875
80,0.75833333333333375,-0.41021728515625,0.25958251953125,12.8084716796875
80,0.76666666666666661,-0.41522216796875,0.21630859375,12.9285888671875
88,0.37500000000000044,0.8660888671875,0.64605712890625,7.27947998046875
88,0.38333333333333419,0.8807373046875,0.6177978515625,7.3995361328125
87,0.37500000000000044,-0.49188232421875,0.46954345703125,7.29412841796875
87,0.38333333333333419,-0.5028076171875,0.43798828125,7.41448974609375
86,0.37500000000000044,0.32763671875,1.438232421875,7.29150390625
86,0.38333333333333419,0.3321533203125,1.4248046875,7.41180419921875
85,0.37500000000000044,0.36962890625,0.280029296875,7.30169677734375
85,0.38333333333333419,0.3748779296875,0.244873046875,7.42218017578125
84,0.37500000000000044,-0.3543701171875,1.02239990234375,7.30914306640625
84,0.38333333333333419,-0.3626708984375,1.001220703125,7.42974853515625
83,0.37500000000000044,0.54150390625,0.96453857421875,7.31005859375
83,0.38333333333333419,0.54998779296875,0.9422607421875,7.43072509765625
82,0.37500000000000044,-0.03564453125,0.51629638671875,7.32122802734375
82,0.38333333333333419,-0.0379638671875,0.48553466796875,7.442138671875
81,0.37500000000000044,0.07635498046875,1.00946044921875,7.32476806640625
81,0.38333333333333419,0.07611083984375,0.988037109375,7.4456787109375
80,0.77500000000000036,-0.42022705078125,0.17236328125,13.04876708984375
80,0.7833333333333341,-0.42523193359375,0.127685546875,13.16888427734375
89,0,0.08746337890625,1.25909423828125,0.88604736328125
90,0,0.08746337890625,1.25909423828125,0.88604736328125
91,0,0.08746337890625,1.25909423828125,0.88604736328125
92,0,0.08746337890625,1.25909423828125,0.88604736328125
93,0,0.08746337890625,1.25909423828125,0.88604736328125
94,0,0.08746337890625,1.25909423828125,0.88604736328125
95,0,0.08746337890625,1.25909423828125,0.88604736328125
96,0,0.08746337890625,1.25909423828125,0.88604736328125
88,0.39166666666666794,0.89532470703125,0.58880615234375,7.51959228515625
88,0.4000000000000008,0.90997314453125,0.5592041015625,7.63970947265625
87,0.39166666666666794,-0.513671875,0.4056396484375,7.5347900390625
87,0.4000000000000008,-0.5245361328125,0.37274169921875,7.6551513671875
86,0.39166666666666794,0.336669921875,1.41070556640625,7.5321044921875
86,0.4000000000000008,0.3411865234375,1.39593505859375,7.6524658203125
85,0.39166666666666794,0.38018798828125,0.208984375,7.542724609375
85,0.4000000000000008,0.385498046875,0.1724853515625,7.6632080078125
84,0.39166666666666794,-0.3709716796875,0.979248046875,7.5504150390625
84,0.4000000000000008,-0.3792724609375,0.95672607421875,7.6710205078125
83,0.39166666666666794,0.55853271484375,0.91925048828125,7.5513916015625
83,0.4000000000000008,0.56707763671875,0.8956298828125,7.67205810546875
82,0.39166666666666794,-0.040283203125,0.4541015625,7.56298828125
82,0.4000000000000008,-0.0426025390625,0.42205810546875,7.683837890625
81,0.39166666666666794,0.075927734375,0.9658203125,7.56658935546875
81,0.4000000000000008,0.07568359375,0.94305419921875,7.68756103515625
80,0.79166666666666785,-0.4302978515625,0.0823974609375,13.28900146484375
80,0.80000000000000071,-0.435302734375,0.036376953125,13.40911865234375
96,0.0083333333333337478,0.07281494140625,1.24493408203125,1.0682373046875
96,0.016666666666667496,0.05816650390625,1.23077392578125,1.25042724609375
95,0.0083333333333337478,0.0899658203125,1.2799072265625,1.06817626953125
95,0.016666666666667496,0.092529296875,1.30072021484375,1.25030517578125
94,0.0083333333333337478,0.10003662109375,1.2452392578125,1.06842041015625
94,0.016666666666667496,0.1126708984375,1.23138427734375,1.25079345703125
93,0.0083333333333337478,0.07196044921875,1.262451171875,1.06866455078125
93,0.016666666666667496,0.056396484375,1.26580810546875,1.2513427734375
92,0.0083333333333337478,0.1009521484375,1.2679443359375,1.06866455078125
92,0.016666666666667496,0.11444091796875,1.27679443359375,1.25128173828125
91,0.0083333333333337478,0.08544921875,1.24761962890625,1.06903076171875
91,0.016666666666667496,0.08349609375,1.23614501953125,1.251953125
90,0.0083333333333337478,0.08392333984375,1.26837158203125,1.069091796875
90,0.016666666666667496,0.08038330078125,1.27764892578125,1.252197265625
89,0.0083333333333337478,0.0938720703125,1.2579345703125,1.06927490234375
89,0.016666666666667496,0.10028076171875,1.2568359375,1.25250244140625
88,0.40833333333333455,0.92462158203125,0.52880859375,7.759765625
88,0.41666666666666741,0.939208984375,0.49786376953125,7.8798828125
87,0.40833333333333455,-0.53546142578125,0.33905029296875,7.7755126953125
87,0.41666666666666741,-0.54632568359375,0.30474853515625,7.8958740234375
86,0.40833333333333455,0.345703125,1.3804931640625,7.77276611328125
86,0.41666666666666741,0.3502197265625,1.3643798828125,7.89306640625
85,0.40833333333333455,0.39080810546875,0.13525390625,7.78369140625
85,0.41666666666666741,0.3961181640625,0.097412109375,7.9041748046875
84,0.40833333333333455,-0.3875732421875,0.93341064453125,7.79168701171875
84,0.41666666666666741,-0.3958740234375,0.9095458984375,7.91229248046875
83,0.40833333333333455,0.5755615234375,0.8712158203125,7.792724609375
83,0.41666666666666741,0.5841064453125,0.84625244140625,7.91339111328125
82,0.40833333333333455,-0.044921875,0.3892822265625,7.8046875
82,0.41666666666666741,-0.0472412109375,0.3558349609375,7.92559814453125
81,0.40833333333333455,0.07550048828125,0.91949462890625,7.8084716796875
81,0.41666666666666741,0.0753173828125,0.8953857421875,7.92938232421875
80,0.80203097722571,-0.4365234375,0,13.43841552734375
96,0.025000000000001243,0.04351806640625,1.21661376953125,1.4326171875
96,0.0333333333333341,0.02886962890625,1.20245361328125,1.61480712890625
95,0.025000000000001243,0.09503173828125,1.321533203125,1.43243408203125
95,0.0333333333333341,0.09759521484375,1.34234619140625,1.61456298828125
94,0.025000000000001243,0.125244140625,1.217529296875,1.43316650390625
94,0.0333333333333341,0.13787841796875,1.20367431640625,1.61553955078125
93,0.025000000000001243,0.0408935546875,1.26922607421875,1.4339599609375
93,0.0333333333333341,0.025390625,1.2725830078125,1.61663818359375
92,0.025000000000001243,0.12786865234375,1.28570556640625,1.43389892578125
92,0.0333333333333341,0.141357421875,1.2945556640625,1.61651611328125
91,0.025000000000001243,0.08148193359375,1.22467041015625,1.4349365234375
91,0.0333333333333341,0.07952880859375,1.21319580078125,1.617919921875
90,0.025000000000001243,0.07684326171875,1.28692626953125,1.43524169921875
90,0.0333333333333341,0.07330322265625,1.29620361328125,1.6182861328125
89,0.025000000000001243,0.10662841796875,1.25567626953125,1.43572998046875
89,0.0333333333333341,0.113037109375,1.2545166015625,1.618896484375
88,0.42500000000000115,0.953857421875,0.4661865234375,7.99993896484375
88,0.433333333333334,0.968505859375,0.43377685546875,8.12005615234375
87,0.42500000000000115,-0.55718994140625,0.269775390625,8.0162353515625
87,0.433333333333334,-0.56805419921875,0.23406982421875,8.1365966796875
86,0.42500000000000115,0.354736328125,1.34759521484375,8.01336669921875
86,0.433333333333334,0.3592529296875,1.330078125,8.1336669921875
85,0.42500000000000115,0.4013671875,0.058837890625,8.02471923828125
85,0.43218247842269814,0.40594482421875,0,8.1285400390625
84,0.42500000000000115,-0.4041748046875,0.8848876953125,8.032958984375
84,0.433333333333334,-0.4124755859375,0.859619140625,8.153564453125
83,0.42500000000000115,0.5926513671875,0.820556640625,8.03399658203125
83,0.433333333333334,0.60113525390625,0.79412841796875,8.1546630859375
82,0.42500000000000115,-0.049560546875,0.32171630859375,8.04644775390625
82,0.433333333333334,-0.05181884765625,0.28692626953125,8.16729736328125
81,0.42500000000000115,0.0750732421875,0.8704833984375,8.05035400390625
81,0.433333333333334,0.07489013671875,0.844970703125,8.1712646484375
96,0.041666666666667851,0.01416015625,1.188232421875,1.79705810546875
96,0.050000000000000711,-0.00048828125,1.174072265625,1.979248046875
95,0.041666666666667851,0.10009765625,1.3631591796875,1.79669189453125
95,0.050000000000000711,0.10260009765625,1.38397216796875,1.97882080078125
94,0.041666666666667851,0.15045166015625,1.1898193359375,1.79791259765625
94,0.050000000000000711,0.1630859375,1.17596435546875,1.98028564453125
93,0.041666666666667851,0.0098876953125,1.27593994140625,1.79925537109375
93,0.050000000000000711,-0.00567626953125,1.279296875,1.98193359375
92,0.041666666666667851,0.15484619140625,1.30340576171875,1.79913330078125
92,0.050000000000000711,0.1683349609375,1.312255859375,1.9818115234375
91,0.041666666666667851,0.0775146484375,1.20172119140625,1.80084228515625
91,0.050000000000000711,0.07550048828125,1.19024658203125,1.98382568359375
90,0.041666666666667851,0.06976318359375,1.305419921875,1.8013916015625
90,0.050000000000000711,0.06622314453125,1.314697265625,1.98443603515625
89,0.041666666666667851,0.11944580078125,1.25335693359375,1.8021240234375
89,0.050000000000000711,0.1258544921875,1.25225830078125,1.9853515625
88,0.44166666666666776,0.98309326171875,0.40069580078125,8.2401123046875
88,0.45000000000000062,0.99774169921875,0.36700439453125,8.36016845703125
87,0.44166666666666776,-0.5789794921875,0.1976318359375,8.2569580078125
87,0.45000000000000062,-0.58984375,0.16064453125,8.3773193359375
86,0.44166666666666776,0.36376953125,1.3118896484375,8.25396728515625
86,0.45000000000000062,0.36822509765625,1.29302978515625,8.374267578125
84,0.44166666666666776,-0.4207763671875,0.83355712890625,8.27423095703125
84,0.45000000000000062,-0.4290771484375,0.80694580078125,8.3948974609375
83,0.44166666666666776,0.60968017578125,0.76702880859375,8.27532958984375
83,0.45000000000000062,0.61822509765625,0.73931884765625,8.39599609375
82,0.44166666666666776,-0.05413818359375,0.25140380859375,8.28814697265625
82,0.45000000000000062,-0.05645751953125,0.21527099609375,8.4090576171875
81,0.44166666666666776,0.07464599609375,0.81866455078125,8.29217529296875
81,0.45000000000000062,0.074462890625,0.79180908203125,8.41314697265625
96,0.058333333333334458,-0.01513671875,1.159912109375,2.16143798828125
96,0.066666666666667318,-0.02978515625,1.145751953125,2.3436279296875
95,0.058333333333334458,0.10516357421875,1.40478515625,2.16094970703125
95,0.066666666666667318,0.107666015625,1.42559814453125,2.34307861328125
94,0.058333333333334458,0.1756591796875,1.162109375,2.16265869140625
94,0.066666666666667318,0.18829345703125,1.14825439453125,2.34503173828125
93,0.058333333333334458,-0.02117919921875,1.28271484375,2.16455078125
93,0.066666666666667318,-0.03668212890625,1.28607177734375,2.34722900390625
92,0.058333333333334458,0.1817626953125,1.32110595703125,2.1644287109375
92,0.066666666666667318,0.19525146484375,1.3299560546875,2.3470458984375
91,0.058333333333334458,0.07354736328125,1.1788330078125,2.16680908203125
91,0.066666666666667318,0.071533203125,1.1673583984375,2.3497314453125
90,0.058333333333334458,0.06268310546875,1.323974609375,2.16748046875
90,0.066666666666667318,0.05914306640625,1.333251953125,2.3505859375
89,0.058333333333334458,0.1322021484375,1.2510986328125,2.1685791015625
89,0.066666666666667318,0.13861083984375,1.24993896484375,2.351806640625
88,0.45833333333333437,1.0123291015625,0.3326416015625,8.48028564453125
88,0.46666666666666723,1.0269775390625,0.2974853515625,8.600341796875
87,0.45833333333333437,-0.6007080078125,0.1229248046875,8.4976806640625
87,0.46666666666666723,-0.61163330078125,0.08453369140625,8.6180419921875
86,0.45833333333333437,0.37274169921875,1.2735595703125,8.49456787109375
86,0.46666666666666723,0.37725830078125,1.2532958984375,8.6148681640625
84,0.45833333333333437,-0.4373779296875,0.77960205078125,8.5155029296875
84,0.46666666666666723,-0.4456787109375,0.7515869140625,8.63616943359375
83,0.45833333333333437,0.62677001953125,0.7109375,8.51666259765625
83,0.46666666666666723,0.63525390625,0.6817626953125,8.6373291015625
82,0.45833333333333437,-0.05877685546875,0.17840576171875,8.5299072265625
82,0.46666666666666723,-0.06109619140625,0.140869140625,8.6507568359375
81,0.45833333333333437,0.07421875,0.7642822265625,8.5340576171875
81,0.46666666666666723,0.07403564453125,0.7359619140625,8.65496826171875
96,0.075000000000001066,-0.04425048828125,1.13140869140625,2.52386474609375
96,0.083333333333333925,-0.0584716796875,1.11669921875,2.70025634765625
95,0.075000000000001066,0.11016845703125,1.44586181640625,2.5233154296875
95,0.083333333333333925,0.11260986328125,1.46502685546875,2.6995849609375
94,0.075000000000001066,0.20074462890625,1.1341552734375,2.52545166015625
94,0.083333333333333925,0.21295166015625,1.1197509765625,2.7020263671875
93,0.075000000000001066,-0.05206298828125,1.2890625,2.52789306640625
93,0.083333333333333925,-0.06707763671875,1.29132080078125,2.7047119140625
92,0.075000000000001066,0.2086181640625,1.33837890625,2.5277099609375
92,0.083333333333333925,0.22161865234375,1.34600830078125,2.70452880859375
91,0.075000000000001066,0.069580078125,1.1556396484375,2.53076171875
91,0.083333333333333925,0.067626953125,1.1435546875,2.7078857421875
90,0.075000000000001066,0.0556640625,1.342041015625,2.53167724609375
90,0.083333333333333925,0.05224609375,1.35003662109375,2.70892333984375
89,0.075000000000001066,0.14495849609375,1.24847412109375,2.5330810546875
89,0.083333333333333925,0.151123046875,1.24639892578125,2.71044921875
88,0.475000000000001,1.0416259765625,0.26171875,8.720458984375
88,0.48333333333333384,1.05621337890625,0.22528076171875,8.84051513671875
87,0.475000000000001,-0.62249755859375,0.04541015625,8.7384033203125
87,0.47927147239683004,-0.6280517578125,0,8.80010986328125
86,0.475000000000001,0.38177490234375,1.23236083984375,8.7352294921875
86,0.48333333333333384,0.38629150390625,1.2108154296875,8.85552978515625
84,0.475000000000001,-0.4539794921875,0.72283935546875,8.75677490234375
84,0.48333333333333384,-0.4622802734375,0.6934814453125,8.87744140625
83,0.475000000000001,0.643798828125,0.6519775390625,8.7579345703125
83,0.48333333333333384,0.65234375,0.62152099609375,8.87860107421875
82,0.475000000000001,-0.06341552734375,0.1026611328125,8.7716064453125
82,0.48333333333333384,-0.06573486328125,0.06378173828125,8.89251708984375
81,0.475000000000001,0.0738525390625,0.70703125,8.77593994140625
81,0.48333333333333384,0.0736083984375,0.6773681640625,8.8968505859375
96,0.091666666666667673,-0.07232666015625,1.1015625,2.872802734375
96,0.10000000000000053,-0.08587646484375,1.0860595703125,3.04144287109375
95,0.091666666666667673,0.114990234375,1.4830322265625,2.8720703125
95,0.10000000000000053,0.1173095703125,1.4998779296875,3.0406494140625
94,0.091666666666667673,0.22491455078125,1.10491943359375,2.87469482421875
94,0.10000000000000053,0.236572265625,1.0897216796875,3.04351806640625
93,0.091666666666667673,-0.081787109375,1.29278564453125,2.877685546875
93,0.10000000000000053,-0.09613037109375,1.2935791015625,3.0467529296875
92,0.091666666666667673,0.234375,1.3526611328125,2.87744140625
92,0.10000000000000053,0.24688720703125,1.3585205078125,3.04644775390625
91,0.091666666666667673,0.06573486328125,1.1309814453125,2.88116455078125
91,0.10000000000000053,0.06390380859375,1.11798095703125,3.05047607421875
90,0.091666666666667673,0.04888916015625,1.35711669921875,2.88226318359375
90,0.10000000000000053,0.04559326171875,1.36334228515625,3.05169677734375
89,0.091666666666667673,0.15716552734375,1.24359130859375,2.8839111328125
89,0.10000000000000053,0.1630859375,1.2401123046875,3.05352783203125
88,0.49166666666666758,1.07086181640625,0.1881103515625,8.9605712890625
88,0.50000000000000044,1.08544921875,0.15032958984375,9.0806884765625
86,0.49166666666666758,0.39080810546875,1.18853759765625,8.975830078125
86,0.50000000000000044,0.39532470703125,1.1656494140625,9.09613037109375
84,0.49166666666666758,-0.4705810546875,0.66339111328125,8.998046875
84,0.50000000000000044,-0.47882080078125,0.6326904296875,9.11871337890625
83,0.49166666666666758,0.66082763671875,0.59033203125,8.999267578125
83,0.50000000000000044,0.66937255859375,0.55853271484375,9.11993408203125
82,0.49148947216393118,-0.0679931640625,0,9.01080322265625
81,0.49166666666666758,0.07342529296875,0.6470947265625,9.01776123046875
81,0.50000000000000044,0.07318115234375,0.6160888671875,9.13873291015625
96,0.10833333333333428,-0.09918212890625,1.0701904296875,3.20623779296875
96,0.11666666666666714,-0.11212158203125,1.05389404296875,3.36712646484375
95,0.10833333333333428,0.11962890625,1.51568603515625,3.20538330078125
95,0.11666666666666714,0.121826171875,1.5302734375,3.3662109375
94,0.10833333333333428,0.2479248046875,1.07415771484375,3.20849609375
94,0.11666666666666714,0.25909423828125,1.05810546875,3.3695068359375
93,0.10833333333333428,-0.11016845703125,1.2935791015625,3.2119140625
93,0.11666666666666714,-0.1239013671875,1.292724609375,3.37322998046875
92,0.10833333333333428,0.259033203125,1.36346435546875,3.21160888671875
92,0.11666666666666714,0.27093505859375,1.36749267578125,3.3729248046875
91,0.10833333333333428,0.0621337890625,1.10455322265625,3.2159423828125
91,0.11666666666666714,0.06036376953125,1.09063720703125,3.3775634765625
90,0.10833333333333428,0.0423583984375,1.36865234375,3.21728515625
90,0.11666666666666714,0.03924560546875,1.373046875,3.37890625
89,0.10833333333333428,0.16888427734375,1.236083984375,3.21923828125
89,0.11666666666666714,0.174560546875,1.23126220703125,3.38104248046875
88,0.50833333333333419,1.10009765625,0.11187744140625,9.20074462890625
88,0.516666666666667,1.11474609375,0.0726318359375,9.32086181640625
86,0.50833333333333419,0.39984130859375,1.14202880859375,9.2164306640625
86,0.516666666666667,0.40435791015625,1.11773681640625,9.33673095703125
84,0.50833333333333419,-0.48712158203125,0.60125732421875,9.23931884765625
84,0.516666666666667,-0.49542236328125,0.56915283203125,9.3599853515625
83,0.50833333333333419,0.67791748046875,0.52606201171875,9.2406005859375
83,0.516666666666667,0.68646240234375,0.4927978515625,9.3612060546875
81,0.50833333333333419,0.072998046875,0.58447265625,9.2596435546875
81,0.516666666666667,0.07275390625,0.55206298828125,9.38055419921875
96,0.12500000000000089,-0.124755859375,1.03729248046875,3.524169921875
96,0.13333333333333375,-0.13702392578125,1.020263671875,3.67730712890625
95,0.12500000000000089,0.1240234375,1.5438232421875,3.523193359375
95,0.13333333333333375,0.12615966796875,1.55621337890625,3.67626953125
94,0.12500000000000089,0.26995849609375,1.04180908203125,3.5267333984375
94,0.13333333333333375,0.280517578125,1.0250244140625,3.67999267578125
93,0.12500000000000089,-0.13726806640625,1.291259765625,3.5306396484375
93,0.13333333333333375,-0.15032958984375,1.2889404296875,3.68414306640625
92,0.12500000000000089,0.2825927734375,1.3707275390625,3.53033447265625
92,0.13333333333333375,0.29388427734375,1.373046875,3.683837890625
91,0.12500000000000089,0.05865478515625,1.07635498046875,3.53521728515625
91,0.13333333333333375,0.05694580078125,1.06158447265625,3.68902587890625
90,0.12500000000000089,0.03619384765625,1.37664794921875,3.53668212890625
90,0.13333333333333375,0.03326416015625,1.37933349609375,3.69061279296875
89,0.12500000000000089,0.1800537109375,1.22589111328125,3.5389404296875
89,0.13333333333333375,0.1854248046875,1.21978759765625,3.69293212890625
88,0.5250000000000008,1.12933349609375,0.03277587890625,9.44091796875
88,0.526596385332514,1.13214111328125,0,9.46392822265625
86,0.5250000000000008,0.40887451171875,1.09271240234375,9.45703125
86,0.53333333333333366,0.41339111328125,1.06707763671875,9.57733154296875
84,0.5250000000000008,-0.50372314453125,0.536376953125,9.4805908203125
84,0.53333333333333366,-0.51202392578125,0.50286865234375,9.60125732421875
83,0.5250000000000008,0.6949462890625,0.45892333984375,9.48187255859375
83,0.53333333333333366,0.7034912109375,0.42437744140625,9.6025390625
81,0.5250000000000008,0.07257080078125,0.51904296875,9.50152587890625
81,0.53333333333333366,0.0723876953125,0.48529052734375,9.6224365234375
96,0.1416666666666675,-0.1490478515625,1.00286865234375,3.82659912109375
96,0.15000000000000036,-0.1607666015625,0.985107421875,3.97198486328125
95,0.1416666666666675,0.12823486328125,1.56744384765625,3.82550048828125
95,0.15000000000000036,0.1302490234375,1.57757568359375,3.97088623046875
94,0.1416666666666675,0.29083251953125,1.00787353515625,3.8294677734375
94,0.15000000000000036,0.3009033203125,0.99029541015625,3.9749755859375
93,0.1416666666666675,-0.16302490234375,1.28594970703125,3.83380126953125
93,0.15000000000000036,-0.1754150390625,1.28216552734375,3.97955322265625
92,0.1416666666666675,0.304931640625,1.37451171875,3.83343505859375
92,0.15000000000000036,0.315673828125,1.3751220703125,3.979248046875
91,0.1416666666666675,0.05535888671875,1.04638671875,3.8389892578125
91,0.15000000000000036,0.05377197265625,1.03076171875,3.9849853515625
90,0.1416666666666675,0.03033447265625,1.381103515625,3.840576171875
90,0.15000000000000036,0.02752685546875,1.382080078125,3.9866943359375
89,0.1416666666666675,0.190673828125,1.21307373046875,3.84307861328125
89,0.15000000000000036,0.19580078125,1.2056884765625,3.98931884765625
86,0.54166666666666741,0.41790771484375,1.04071044921875,9.69769287109375
86,0.55000000000000027,0.42236328125,1.01373291015625,9.8179931640625
84,0.54166666666666741,-0.52032470703125,0.46875,9.721923828125
84,0.55000000000000027,-0.52862548828125,0.43389892578125,9.842529296875
83,0.54166666666666741,0.7120361328125,0.38916015625,9.72320556640625
83,0.55000000000000027,0.72052001953125,0.35321044921875,9.8438720703125
81,0.54166666666666741,0.0721435546875,0.450927734375,9.74334716796875
81,0.55000000000000027,0.07196044921875,0.41583251953125,9.86431884765625
96,0.1583333333333341,-0.172119140625,0.9669189453125,4.113525390625
96,0.16666666666666696,-0.1832275390625,0.94842529296875,4.251220703125
95,0.1583333333333341,0.1322021484375,1.58660888671875,4.11236572265625
95,0.16666666666666696,0.13409423828125,1.59454345703125,4.25
94,0.1583333333333341,0.31072998046875,0.972412109375,4.11669921875
94,0.16666666666666696,0.32025146484375,0.9541015625,4.2545166015625
93,0.1583333333333341,-0.1875,1.27764892578125,4.1214599609375
93,0.16666666666666696,-0.19921875,1.2723388671875,4.25946044921875
92,0.1583333333333341,0.326171875,1.3748779296875,4.12109375
92,0.16666666666666696,0.33636474609375,1.373779296875,4.25909423828125
91,0.1583333333333341,0.05218505859375,1.01470947265625,4.12713623046875
91,0.16666666666666696,0.05072021484375,0.99822998046875,4.265380859375
90,0.1583333333333341,0.0247802734375,1.38214111328125,4.12890625
90,0.16666666666666696,0.0220947265625,1.38128662109375,4.26727294921875
89,0.1583333333333341,0.20074462890625,1.1976318359375,4.13165283203125
89,0.16666666666666696,0.20556640625,1.18896484375,4.27008056640625
86,0.558333333333334,0.4268798828125,0.98602294921875,9.93829345703125
86,0.56666666666666687,0.431396484375,0.95770263671875,10.05859375
84,0.558333333333334,-0.53692626953125,0.3984375,9.96319580078125
84,0.56666666666666687,-0.54522705078125,0.36224365234375,10.08380126953125
83,0.558333333333334,0.72906494140625,0.316650390625,9.96453857421875
83,0.56666666666666687,0.73760986328125,0.2794189453125,10.085205078125
81,0.558333333333334,0.07171630859375,0.380126953125,9.9852294921875
81,0.56666666666666687,0.071533203125,0.34368896484375,10.106201171875
96,0.17500000000000071,-0.1939697265625,0.9295654296875,4.385009765625
96,0.18333333333333357,-0.20440673828125,0.91021728515625,4.51495361328125
95,0.17500000000000071,0.135986328125,1.601318359375,4.38372802734375
95,0.18333333333333357,0.13775634765625,1.60699462890625,4.51361083984375
94,0.17500000000000071,0.3294677734375,0.93548583984375,4.388427734375
94,0.18333333333333357,0.3385009765625,0.9163818359375,4.51849365234375
93,0.17500000000000071,-0.2105712890625,1.266357421875,4.39361572265625
93,0.18333333333333357,-0.2216796875,1.259521484375,4.52386474609375
92,0.17500000000000071,0.34625244140625,1.37176513671875,4.3931884765625
92,0.18333333333333357,0.3558349609375,1.368896484375,4.5234375
91,0.17500000000000071,0.04925537109375,0.9813232421875,4.39971923828125
91,0.18333333333333357,0.04779052734375,0.96392822265625,4.53021240234375
90,0.17500000000000071,0.01947021484375,1.379638671875,4.40167236328125
90,0.18333333333333357,0.0169677734375,1.37701416015625,4.5322265625
89,0.17500000000000071,0.21026611328125,1.17962646484375,4.4046630859375
89,0.18333333333333357,0.21484375,1.16961669921875,4.5352783203125
86,0.57500000000000062,0.4359130859375,0.9285888671875,10.17889404296875
86,0.58333333333333348,0.4404296875,0.89886474609375,10.2991943359375
84,0.57500000000000062,-0.55352783203125,0.32537841796875,10.2044677734375
84,0.58333333333333348,-0.56182861328125,0.28778076171875,10.3250732421875
83,0.57500000000000062,0.74615478515625,0.24139404296875,10.205810546875
83,0.58333333333333348,0.754638671875,0.2027587890625,10.32647705078125
81,0.57500000000000062,0.0712890625,0.30657958984375,10.22711181640625
81,0.58333333333333348,0.07110595703125,0.26873779296875,10.3480224609375
96,0.19166666666666732,-0.21453857421875,0.89056396484375,4.6409912109375
96,0.20000000000000018,-0.224365234375,0.87054443359375,4.76318359375
95,0.19166666666666732,0.1395263671875,1.611572265625,4.6396484375
95,0.20000000000000018,0.1412353515625,1.61492919921875,4.76177978515625
94,0.19166666666666732,0.34716796875,0.89697265625,4.6446533203125
94,0.20000000000000018,0.35565185546875,0.87713623046875,4.7669677734375
93,0.19166666666666732,-0.232421875,1.2520751953125,4.65020751953125
93,0.20000000000000018,-0.2427978515625,1.2437744140625,4.772705078125
92,0.19166666666666732,0.36517333984375,1.36517333984375,4.6497802734375
92,0.20000000000000018,0.37420654296875,1.36053466796875,4.77227783203125
91,0.19166666666666732,0.04644775390625,0.9461669921875,4.65679931640625
91,0.20000000000000018,0.04510498046875,0.92791748046875,4.77947998046875
90,0.19166666666666732,0.0145263671875,1.37359619140625,4.65887451171875
90,0.20000000000000018,0.01214599609375,1.3692626953125,4.78167724609375
89,0.19166666666666732,0.21923828125,1.15899658203125,4.66204833984375
89,0.20000000000000018,0.2235107421875,1.14764404296875,4.784912109375
86,0.59166666666666723,0.4449462890625,0.868408203125,10.41949462890625
86,0.60000000000000009,0.449462890625,0.83734130859375,10.539794921875
84,0.59166666666666723,-0.57012939453125,0.24957275390625,10.44573974609375
84,0.60000000000000009,-0.57843017578125,0.21063232421875,10.56634521484375
83,0.59166666666666723,0.76318359375,0.1634521484375,10.4471435546875
83,0.60000000000000009,0.771728515625,0.12347412109375,10.56781005859375
81,0.59166666666666723,0.0709228515625,0.23028564453125,10.468994140625
81,0.60000000000000009,0.0706787109375,0.191162109375,10.58990478515625
96,0.20833333333333393,-0.23406982421875,0.8499755859375,4.8834228515625
96,0.21666666666666679,-0.24371337890625,0.82867431640625,5.00372314453125
95,0.20833333333333393,0.14288330078125,1.617431640625,4.8819580078125
95,0.21666666666666679,0.14453125,1.6192626953125,5.002197265625
94,0.20833333333333393,0.36395263671875,0.85675048828125,4.8873291015625
94,0.21666666666666679,0.37225341796875,0.835693359375,5.0076904296875
93,0.20833333333333393,-0.2530517578125,1.2347412109375,4.89324951171875
93,0.21666666666666679,-0.2633056640625,1.22509765625,5.0137939453125
92,0.20833333333333393,0.38311767578125,1.35516357421875,4.89276123046875
92,0.21666666666666679,0.3919677734375,1.34912109375,5.0133056640625
91,0.20833333333333393,0.0438232421875,0.90911865234375,4.9002685546875
91,0.21666666666666679,0.04248046875,0.8896484375,5.02099609375
90,0.20833333333333393,0.00982666015625,1.3641357421875,4.9024658203125
90,0.21666666666666679,0.0074462890625,1.3583984375,5.0233154296875
89,0.20833333333333393,0.227783203125,1.13568115234375,4.9058837890625
89,0.21666666666666679,0.23199462890625,1.123046875,5.02679443359375
86,0.60833333333333384,0.4539794921875,0.8055419921875,10.66015625
86,0.6166666666666667,0.45849609375,0.7730712890625,10.78045654296875
84,0.60833333333333384,-0.58673095703125,0.17108154296875,10.68701171875
84,0.6166666666666667,-0.59503173828125,0.13079833984375,10.8076171875
83,0.60833333333333384,0.78021240234375,0.082763671875,10.6884765625
83,0.6166666666666667,0.78875732421875,0.04144287109375,10.80914306640625
81,0.60833333333333384,0.07049560546875,0.15130615234375,10.7108154296875
81,0.6166666666666667,0.07025146484375,0.11083984375,10.831787109375
96,0.22500000000000053,-0.25341796875,0.80670166015625,5.12396240234375
96,0.23333333333333428,-0.2630615234375,0.78411865234375,5.24420166015625
95,0.22500000000000053,0.14617919921875,1.62042236328125,5.12237548828125
95,0.23333333333333428,0.14788818359375,1.62091064453125,5.24261474609375
94,0.22500000000000053,0.380615234375,0.81390380859375,5.1280517578125
94,0.23333333333333428,0.388916015625,0.79150390625,5.2484130859375
93,0.22500000000000053,-0.2735595703125,1.21466064453125,5.13433837890625
93,0.23333333333333428,-0.2838134765625,1.20361328125,5.2548828125
92,0.22500000000000053,0.40087890625,1.34234619140625,5.13385009765625
92,0.23333333333333428,0.4097900390625,1.3349609375,5.25439453125
91,0.22500000000000053,0.0411376953125,0.86944580078125,5.14178466796875
91,0.23333333333333428,0.03985595703125,0.8486328125,5.26251220703125
90,0.22500000000000053,0.005126953125,1.35186767578125,5.14410400390625
90,0.23333333333333428,0.0028076171875,1.3447265625,5.26495361328125
89,0.22500000000000053,0.2362060546875,1.109619140625,5.147705078125
89,0.23333333333333428,0.24041748046875,1.09564208984375,5.26861572265625
86,0.62500000000000044,0.4630126953125,0.73992919921875,10.9007568359375
86,0.63333333333333419,0.467529296875,0.70611572265625,11.02105712890625
84,0.62500000000000044,-0.60333251953125,0.08984375,10.92828369140625
84,0.63333333333333419,-0.61163330078125,0.0482177734375,11.04888916015625
83,0.61992259299181562,0.7921142578125,0,10.85626220703125
81,0.62500000000000044,0.070068359375,0.069580078125,10.95269775390625
81,0.63333333333333419,0.06982421875,0.02777099609375,11.0736083984375
96,0.24166666666666803,-0.27276611328125,0.76080322265625,5.36444091796875
96,0.25000000000000089,-0.28240966796875,0.73687744140625,5.48468017578125
95,0.24166666666666803,0.1495361328125,1.62066650390625,5.36279296875
95,0.25000000000000089,0.15118408203125,1.61981201171875,5.4830322265625
94,0.24166666666666803,0.397216796875,0.76837158203125,5.3687744140625
94,0.25000000000000089,0.405517578125,0.74462890625,5.4891357421875
93,0.24166666666666803,-0.29400634765625,1.19189453125,5.37542724609375
93,0.25000000000000089,-0.30426025390625,1.17950439453125,5.4959716796875
92,0.24166666666666803,0.41864013671875,1.32684326171875,5.37493896484375
92,0.25000000000000089,0.42755126953125,1.31805419921875,5.49542236328125
91,0.24166666666666803,0.03851318359375,0.82708740234375,5.38330078125
91,0.25000000000000089,0.0372314453125,0.804931640625,5.5040283203125
90,0.24166666666666803,0.00048828125,1.33685302734375,5.38580322265625
90,0.25000000000000089,-0.00189208984375,1.32843017578125,5.506591796875
89,0.24166666666666803,0.24462890625,1.0809326171875,5.3895263671875
89,0.25000000000000089,0.24884033203125,1.0655517578125,5.510498046875
86,0.64166666666666794,0.47198486328125,0.671630859375,11.141357421875
86,0.6500000000000008,0.47650146484375,0.63641357421875,11.26165771484375
84,0.6379052427308598,-0.6162109375,0,11.1151123046875
81,0.63387297016431754,0.06982421875,0,11.0814208984375
96,0.25833333333333464,-0.2921142578125,0.712158203125,5.60491943359375
96,0.2666666666666675,-0.3017578125,0.68682861328125,5.7252197265625
95,0.25833333333333464,0.15289306640625,1.61822509765625,5.60321044921875
95,0.2666666666666675,0.154541015625,1.615966796875,5.72344970703125
94,0.25833333333333464,0.41387939453125,0.72021484375,5.60955810546875
94,0.2666666666666675,0.42218017578125,0.695068359375,5.72991943359375
93,0.25833333333333464,-0.31451416015625,1.16644287109375,5.61651611328125
93,0.2666666666666675,-0.32476806640625,1.15264892578125,5.737060546875
92,0.25833333333333464,0.43646240234375,1.30859375,5.615966796875
92,0.2666666666666675,0.4453125,1.2984619140625,5.73651123046875
91,0.25833333333333464,0.035888671875,0.78204345703125,5.62481689453125
91,0.2666666666666675,0.03460693359375,0.75848388671875,5.74554443359375
90,0.25833333333333464,-0.00421142578125,1.3192138671875,5.62744140625
90,0.2666666666666675,-0.00653076171875,1.309326171875,5.74822998046875
89,0.25833333333333464,0.2530517578125,1.04949951171875,5.63140869140625
89,0.2666666666666675,0.25732421875,1.03277587890625,5.7523193359375
86,0.65833333333333455,0.48101806640625,0.6005859375,11.3819580078125
86,0.66666666666666741,0.48553466796875,0.56402587890625,11.50225830078125
96,0.27500000000000124,-0.31146240234375,0.66082763671875,5.845458984375
96,0.2833333333333341,-0.32110595703125,0.63409423828125,5.9656982421875
95,0.27500000000000124,0.15618896484375,1.613037109375,5.8436279296875
95,0.2833333333333341,0.15789794921875,1.609375,5.9638671875
94,0.27500000000000124,0.43048095703125,0.66925048828125,5.85028076171875
94,0.2833333333333341,0.4388427734375,0.6427001953125,5.97064208984375
93,0.27500000000000124,-0.33502197265625,1.13824462890625,5.85760498046875
93,0.2833333333333341,-0.34527587890625,1.123046875,5.9781494140625
92,0.27500000000000124,0.4542236328125,1.28765869140625,5.8570556640625
92,0.2833333333333341,0.463134765625,1.276123046875,5.9775390625
91,0.27500000000000124,0.03326416015625,0.7342529296875,5.8663330078125
91,0.2833333333333341,0.031982421875,0.70928955078125,5.987060546875
90,0.27500000000000124,-0.0089111328125,1.29876708984375,5.86907958984375
90,0.2833333333333341,-0.01123046875,1.28753662109375,5.9898681640625
89,0.27500000000000124,0.26153564453125,1.01531982421875,5.87322998046875
89,0.2833333333333341,0.2657470703125,0.9971923828125,5.99420166015625
86,0.67500000000000115,0.49005126953125,0.52679443359375,11.62255859375
86,0.683333333333334,0.49456787109375,0.4888916015625,11.742919921875
96,0.29166666666666785,-0.330810546875,0.60675048828125,6.0859375
96,0.30000000000000071,-0.3404541015625,0.57867431640625,6.2061767578125
95,0.29166666666666785,0.1595458984375,1.6051025390625,6.08404541015625
95,0.30000000000000071,0.16119384765625,1.60009765625,6.2042236328125
94,0.29166666666666785,0.4471435546875,0.61553955078125,6.09100341796875
94,0.30000000000000071,0.4554443359375,0.587646484375,6.21136474609375
93,0.29166666666666785,-0.35546875,1.1072998046875,6.09869384765625
93,0.30000000000000071,-0.36572265625,1.09075927734375,6.21923828125
92,0.29166666666666785,0.4720458984375,1.263916015625,6.09808349609375
92,0.30000000000000071,0.48089599609375,1.25103759765625,6.2186279296875
91,0.29166666666666785,0.0306396484375,0.6837158203125,6.10784912109375
91,0.30000000000000071,0.02935791015625,0.65740966796875,6.22857666015625
90,0.29166666666666785,-0.0135498046875,1.275634765625,6.1107177734375
90,0.30000000000000071,-0.015869140625,1.26300048828125,6.23150634765625
89,0.29166666666666785,0.26995849609375,0.97845458984375,6.1151123046875
89,0.30000000000000071,0.274169921875,0.95892333984375,6.23602294921875
86,0.69166666666666776,0.49908447265625,0.4503173828125,11.86322021484375
86,0.70000000000000062,0.50360107421875,0.4110107421875,11.9835205078125
96,0.30833333333333446,-0.35009765625,0.54986572265625,6.326416015625
96,0.31666666666666732,-0.35980224609375,0.52044677734375,6.44671630859375
95,0.30833333333333446,0.16290283203125,1.59442138671875,6.324462890625
95,0.31666666666666732,0.16455078125,1.588134765625,6.44464111328125
94,0.30833333333333446,0.4637451171875,0.55908203125,6.33172607421875
94,0.31666666666666732,0.47210693359375,0.5299072265625,6.45208740234375
93,0.30833333333333446,-0.3759765625,1.0736083984375,6.33978271484375
93,0.31666666666666732,-0.38623046875,1.05572509765625,6.4603271484375
92,0.30833333333333446,0.48980712890625,1.23748779296875,6.33917236328125
92,0.31666666666666732,0.49871826171875,1.2232666015625,6.459716796875
91,0.30833333333333446,0.02801513671875,0.63043212890625,6.34930419921875
91,0.31666666666666732,0.0267333984375,0.602783203125,6.4700927734375
90,0.30833333333333446,-0.01824951171875,1.24969482421875,6.35235595703125
90,0.31666666666666732,-0.02056884765625,1.23577880859375,6.47320556640625
89,0.30833333333333446,0.27838134765625,0.93878173828125,6.35693359375
89,0.31666666666666732,0.28265380859375,0.91790771484375,6.47784423828125
86,0.70833333333333437,0.50811767578125,0.37109375,12.10382080078125
86,0.71666666666666723,0.51263427734375,0.3304443359375,12.22412109375
96,0.32500000000000107,-0.36944580078125,0.4903564453125,6.56695556640625
96,0.33333333333333393,-0.379150390625,0.4595947265625,6.68719482421875
95,0.32500000000000107,0.16619873046875,1.58111572265625,6.56488037109375
95,0.33333333333333393,0.1678466796875,1.57342529296875,6.68505859375
94,0.32500000000000107,0.48040771484375,0.5,6.57244873046875
94,0.33333333333333393,0.48870849609375,0.46942138671875,6.69281005859375
93,0.32500000000000107,-0.396484375,1.0372314453125,6.58087158203125
93,0.33333333333333393,-0.40673828125,1.01800537109375,6.701416015625
92,0.32500000000000107,0.507568359375,1.2083740234375,6.5802001953125
92,0.33333333333333393,0.5164794921875,1.19281005859375,6.70074462890625
91,0.32500000000000107,0.025390625,0.57440185546875,6.5908203125
91,0.33333333333333393,0.02410888671875,0.54541015625,6.71160888671875
90,0.32500000000000107,-0.02288818359375,1.22113037109375,6.593994140625
90,0.33333333333333393,-0.0252685546875,1.205810546875,6.71484375
89,0.32500000000000107,0.286865234375,0.89642333984375,6.59881591796875
89,0.33333333333333393,0.29107666015625,0.874267578125,6.7197265625
86,0.725000000000001,0.51715087890625,0.2891845703125,12.34442138671875
86,0.73333333333333384,0.5216064453125,0.24713134765625,12.4647216796875
96,0.34166666666666767,-0.3887939453125,0.42816162109375,6.80743408203125
96,0.35000000000000053,-0.39849853515625,0.39593505859375,6.92767333984375
95,0.34166666666666767,0.1695556640625,1.5650634765625,6.8052978515625
95,0.35000000000000053,0.17120361328125,1.55596923828125,6.92547607421875
94,0.34166666666666767,0.4970703125,0.43817138671875,6.81317138671875
94,0.35000000000000053,0.50537109375,0.40618896484375,6.93359375
93,0.34166666666666767,-0.41693115234375,0.9981689453125,6.82196044921875
93,0.35000000000000053,-0.42718505859375,0.9775390625,6.9425048828125
92,0.34166666666666767,0.525390625,1.176513671875,6.8212890625
92,0.35000000000000053,0.5343017578125,1.1595458984375,6.94183349609375
91,0.34166666666666767,0.02276611328125,0.5157470703125,6.83233642578125
91,0.35000000000000053,0.021484375,0.4853515625,6.953125
90,0.34166666666666767,-0.027587890625,1.1898193359375,6.83563232421875
90,0.35000000000000053,-0.0299072265625,1.17315673828125,6.95648193359375
89,0.34166666666666767,0.2952880859375,0.85137939453125,6.84063720703125
89,0.35000000000000053,0.29949951171875,0.82781982421875,6.9615478515625
86,0.74166666666666758,0.526123046875,0.2044677734375,12.58502197265625
86,0.75000000000000044,0.5306396484375,0.1611328125,12.70538330078125
96,0.35833333333333428,-0.40814208984375,0.36309814453125,7.04791259765625
96,0.36666666666666714,-0.4178466796875,0.32965087890625,7.168212890625
95,0.35833333333333428,0.1728515625,1.54620361328125,7.04571533203125
95,0.36666666666666714,0.174560546875,1.53582763671875,7.1658935546875
94,0.35833333333333428,0.513671875,0.37353515625,7.053955078125
94,0.36666666666666714,0.52197265625,0.34033203125,7.17431640625
93,0.35833333333333428,-0.43743896484375,0.95623779296875,7.06304931640625
93,0.36666666666666714,-0.44769287109375,0.93438720703125,7.18359375
92,0.35833333333333428,0.54315185546875,1.14190673828125,7.06231689453125
92,0.36666666666666714,0.55206298828125,1.1236572265625,7.182861328125
91,0.35833333333333428,0.0201416015625,0.45428466796875,7.0738525390625
91,0.36666666666666714,0.01885986328125,0.422607421875,7.19464111328125
90,0.35833333333333428,-0.0322265625,1.15576171875,7.0772705078125
90,0.36666666666666714,-0.03460693359375,1.13775634765625,7.1981201171875
89,0.35833333333333428,0.3037109375,0.8035888671875,7.08245849609375
89,0.36666666666666714,0.30792236328125,0.7786865234375,7.20343017578125
86,0.75833333333333419,0.53515625,0.1170654296875,12.82568359375
86,0.766666666666667,0.5396728515625,0.0723876953125,12.94598388671875
96,0.37500000000000089,-0.427490234375,0.29547119140625,7.2884521484375
96,0.38333333333333375,-0.43719482421875,0.2606201171875,7.40869140625
95,0.37500000000000089,0.17620849609375,1.52471923828125,7.2861328125
95,0.38333333333333375,0.1778564453125,1.512939453125,7.40631103515625
94,0.37500000000000089,0.53033447265625,0.30633544921875,7.294677734375
94,0.38333333333333375,0.53863525390625,0.27166748046875,7.4150390625
93,0.37500000000000089,-0.45794677734375,0.9117431640625,7.30413818359375
93,0.38333333333333375,-0.46820068359375,0.88848876953125,7.4246826171875
92,0.37500000000000089,0.56097412109375,1.10467529296875,7.30340576171875
92,0.38333333333333375,0.56982421875,1.08502197265625,7.4239501953125
91,0.37500000000000089,0.01751708984375,0.39019775390625,7.31536865234375
91,0.38333333333333375,0.0162353515625,0.35711669921875,7.4361572265625
90,0.37500000000000089,-0.03692626953125,1.1190185546875,7.31890869140625
90,0.38333333333333375,-0.03924560546875,1.09967041015625,7.43975830078125
89,0.37500000000000089,0.31219482421875,0.75311279296875,7.3243408203125
89,0.38333333333333375,0.31640625,0.72686767578125,7.44525146484375
86,0.7750000000000008,0.544189453125,0.0269775390625,13.0662841796875
86,0.7753554081824825,0.54437255859375,0,13.0714111328125
97,0,0.08746337890625,1.25909423828125,0.88604736328125
98,0,0.08746337890625,1.25909423828125,0.88604736328125
99,0,0.08746337890625,1.25909423828125,0.88604736328125
100,0,0.08746337890625,1.25909423828125,0.88604736328125
101,0,0.08746337890625,1.25909423828125,0.88604736328125
102,0,0.08746337890625,1.25909423828125,0.88604736328125
103,0,0.08746337890625,1.25909423828125,0.88604736328125
104,0,0.08746337890625,1.25909423828125,0.88604736328125
96,0.3916666666666675,-0.44683837890625,0.2249755859375,7.5289306640625
96,0.40000000000000036,-0.45654296875,0.18878173828125,7.649169921875
95,0.3916666666666675,0.1795654296875,1.50042724609375,7.5264892578125
95,0.40000000000000036,0.18121337890625,1.4873046875,7.646728515625
94,0.3916666666666675,0.54693603515625,0.23626708984375,7.535400390625
94,0.40000000000000036,0.55523681640625,0.20025634765625,7.65576171875
93,0.3916666666666675,-0.4783935546875,0.86444091796875,7.54522705078125
93,0.40000000000000036,-0.4886474609375,0.83984375,7.665771484375
92,0.3916666666666675,0.5787353515625,1.0645751953125,7.54449462890625
92,0.40000000000000036,0.587646484375,1.0435791015625,7.66497802734375
91,0.3916666666666675,0.014892578125,0.32330322265625,7.556884765625
91,0.40000000000000036,0.01361083984375,0.28887939453125,7.67767333984375
90,0.3916666666666675,-0.04156494140625,1.07952880859375,7.56060791015625
90,0.40000000000000036,-0.0439453125,1.05877685546875,7.681396484375
89,0.3916666666666675,0.32061767578125,0.6998291015625,7.566162109375
89,0.40000000000000036,0.3248291015625,0.6722412109375,7.6871337890625
104,0.0083333333333337478,0.0675048828125,1.254638671875,1.0682373046875
104,0.016666666666666607,0.04754638671875,1.250244140625,1.25042724609375
103,0.0083333333333337478,0.0997314453125,1.27655029296875,1.068115234375
103,0.016666666666666607,0.112060546875,1.29400634765625,1.250244140625
102,0.0083333333333337478,0.09136962890625,1.241455078125,1.0684814453125
102,0.016666666666666607,0.09521484375,1.22381591796875,1.25091552734375
101,0.0083333333333337478,0.075439453125,1.27032470703125,1.06866455078125
101,0.016666666666666607,0.06341552734375,1.28155517578125,1.251220703125
100,0.0083333333333337478,0.10333251953125,1.2607421875,1.06866455078125
100,0.016666666666666607,0.1192626953125,1.26239013671875,1.2513427734375
99,0.0083333333333337478,0.079833984375,1.250732421875,1.06903076171875
99,0.016666666666666607,0.072265625,1.24237060546875,1.25201416015625
98,0.0083333333333337478,0.0887451171875,1.26953125,1.069091796875
98,0.016666666666666607,0.090087890625,1.27996826171875,1.25213623046875
97,0.0083333333333337478,0.09222412109375,1.25555419921875,1.06927490234375
97,0.016666666666666607,0.0970458984375,1.25201416015625,1.25250244140625
96,0.4083333333333341,-0.4661865234375,0.15185546875,7.76947021484375
96,0.41666666666666696,-0.47589111328125,0.11431884765625,7.88970947265625
95,0.4083333333333341,0.182861328125,1.47344970703125,7.76690673828125
95,0.41666666666666696,0.1845703125,1.45904541015625,7.88714599609375
94,0.4083333333333341,0.5635986328125,0.16351318359375,7.776123046875
94,0.41666666666666696,0.5718994140625,0.12615966796875,7.896484375
93,0.4083333333333341,-0.4989013671875,0.814453125,7.78631591796875
93,0.41666666666666696,-0.5091552734375,0.78851318359375,7.9068603515625
92,0.4083333333333341,0.59649658203125,1.0218505859375,7.7855224609375
92,0.41666666666666696,0.60540771484375,0.99951171875,7.90606689453125
91,0.4083333333333341,0.01226806640625,0.25372314453125,7.79840087890625
91,0.41666666666666696,0.01092529296875,0.21795654296875,7.919189453125
90,0.4083333333333341,-0.0462646484375,1.03729248046875,7.80224609375
90,0.41666666666666696,-0.048583984375,1.0152587890625,7.92303466796875
89,0.4083333333333341,0.32904052734375,0.6439208984375,7.80804443359375
89,0.41666666666666696,0.333251953125,0.61492919921875,7.928955078125
104,0.025000000000000355,0.027587890625,1.24578857421875,1.4326171875
104,0.033333333333333215,0.0076904296875,1.2413330078125,1.61480712890625
103,0.025000000000000355,0.12432861328125,1.31146240234375,1.43231201171875
103,0.033333333333333215,0.1365966796875,1.32891845703125,1.6143798828125
102,0.025000000000000355,0.09912109375,1.20611572265625,1.433349609375
102,0.033333333333333215,0.10302734375,1.1884765625,1.61578369140625
101,0.025000000000000355,0.0513916015625,1.29278564453125,1.433837890625
101,0.033333333333333215,0.03936767578125,1.30401611328125,1.61639404296875
100,0.025000000000000355,0.1351318359375,1.26409912109375,1.4339599609375
100,0.033333333333333215,0.1510009765625,1.2657470703125,1.6165771484375
99,0.025000000000000355,0.06463623046875,1.2340087890625,1.43499755859375
99,0.033333333333333215,0.0570068359375,1.22564697265625,1.61798095703125
98,0.025000000000000355,0.09136962890625,1.2904052734375,1.43511962890625
98,0.033333333333333215,0.0926513671875,1.30084228515625,1.6181640625
97,0.025000000000000355,0.101806640625,1.24853515625,1.43572998046875
97,0.033333333333333215,0.10662841796875,1.2449951171875,1.6190185546875
96,0.42500000000000071,-0.48553466796875,0.0760498046875,8.00994873046875
96,0.43333333333333357,-0.49517822265625,0.03704833984375,8.13018798828125
95,0.42500000000000071,0.18621826171875,1.44384765625,8.00732421875
95,0.43333333333333357,0.1878662109375,1.427978515625,8.1275634765625
94,0.42500000000000071,0.5802001953125,0.088134765625,8.016845703125
94,0.43333333333333357,0.58856201171875,0.04937744140625,8.13720703125
93,0.42500000000000071,-0.5194091796875,0.76177978515625,8.02740478515625
93,0.43333333333333357,-0.5296630859375,0.73443603515625,8.14794921875
92,0.42500000000000071,0.61431884765625,0.9764404296875,8.026611328125
92,0.43333333333333357,0.62322998046875,0.95263671875,8.1470947265625
91,0.42500000000000071,0.0096435546875,0.18145751953125,8.0399169921875
91,0.43333333333333357,0.00830078125,0.144287109375,8.16064453125
90,0.42500000000000071,-0.05096435546875,0.992431640625,8.04388427734375
90,0.43333333333333357,-0.05328369140625,0.96893310546875,8.1646728515625
89,0.42500000000000071,0.33746337890625,0.58526611328125,8.04986572265625
89,0.43333333333333357,0.34173583984375,0.55487060546875,8.1707763671875
104,0.041666666666666963,-0.01226806640625,1.23687744140625,1.7969970703125
104,0.049999999999999822,-0.0322265625,1.23248291015625,1.97918701171875
103,0.041666666666666963,0.14892578125,1.346435546875,1.79644775390625
103,0.049999999999999822,0.16119384765625,1.3638916015625,1.97857666015625
102,0.041666666666666963,0.10693359375,1.17083740234375,1.7982177734375
102,0.049999999999999822,0.11077880859375,1.1531982421875,1.980712890625
101,0.041666666666666963,0.02734375,1.31524658203125,1.79901123046875
101,0.049999999999999822,0.01531982421875,1.32647705078125,1.98162841796875
100,0.041666666666666963,0.16693115234375,1.26739501953125,1.79925537109375
100,0.049999999999999822,0.18280029296875,1.26904296875,1.98187255859375
99,0.041666666666666963,0.0494384765625,1.21728515625,1.80096435546875
99,0.049999999999999822,0.04180908203125,1.20892333984375,1.98394775390625
98,0.041666666666666963,0.093994140625,1.311279296875,1.80120849609375
98,0.049999999999999822,0.09527587890625,1.32171630859375,1.9842529296875
97,0.041666666666666963,0.11138916015625,1.241455078125,1.80224609375
97,0.049999999999999822,0.11614990234375,1.2379150390625,1.9854736328125
96,0.4358615384695122,-0.49810791015625,0,8.16668701171875
95,0.44166666666666732,0.18951416015625,1.411376953125,8.24774169921875
95,0.45000000000000018,0.19122314453125,1.3941650390625,8.36798095703125
94,0.43847501269106059,0.59368896484375,0,8.21148681640625
93,0.44166666666666732,-0.53985595703125,0.706298828125,8.26849365234375
93,0.45000000000000018,-0.55010986328125,0.6776123046875,8.3890380859375
92,0.44166666666666732,0.632080078125,0.92816162109375,8.26763916015625
92,0.45000000000000018,0.6409912109375,0.903076171875,8.38818359375
91,0.44166666666666732,0.00701904296875,0.10638427734375,8.28143310546875
91,0.45000000000000018,0.00567626953125,0.06787109375,8.40216064453125
90,0.44166666666666732,-0.05560302734375,0.9447021484375,8.2855224609375
90,0.45000000000000018,-0.05792236328125,0.919921875,8.40631103515625
89,0.44166666666666732,0.345947265625,0.5238037109375,8.291748046875
89,0.45000000000000018,0.35015869140625,0.49212646484375,8.41265869140625
104,0.05833333333333357,-0.05218505859375,1.22802734375,2.161376953125
104,0.06666666666666643,-0.0721435546875,1.22357177734375,2.34356689453125
103,0.05833333333333357,0.1734619140625,1.38134765625,2.16064453125
103,0.06666666666666643,0.185791015625,1.3988037109375,2.34271240234375
102,0.05833333333333357,0.11468505859375,1.135498046875,2.16314697265625
102,0.06666666666666643,0.11859130859375,1.11785888671875,2.3455810546875
101,0.05833333333333357,0.0032958984375,1.33770751953125,2.1641845703125
101,0.06666666666666643,-0.00872802734375,1.34893798828125,2.3468017578125
100,0.05833333333333357,0.19866943359375,1.27069091796875,2.16448974609375
100,0.06666666666666643,0.21453857421875,1.27239990234375,2.34710693359375
99,0.05833333333333357,0.0341796875,1.20062255859375,2.16693115234375
99,0.06666666666666643,0.02655029296875,1.1922607421875,2.34991455078125
98,0.05833333333333357,0.09661865234375,1.3321533203125,2.16729736328125
98,0.06666666666666643,0.097900390625,1.34259033203125,2.35028076171875
97,0.05833333333333357,0.1209716796875,1.234375,2.168701171875
97,0.06666666666666643,0.125732421875,1.2308349609375,2.3519287109375
95,0.45833333333333393,0.19287109375,1.37628173828125,8.4881591796875
95,0.46666666666666679,0.19451904296875,1.357666015625,8.6083984375
93,0.45833333333333393,-0.56036376953125,0.648193359375,8.50958251953125
93,0.46666666666666679,-0.57061767578125,0.6180419921875,8.630126953125
92,0.45833333333333393,0.64990234375,0.8773193359375,8.50872802734375
92,0.46666666666666679,0.65875244140625,0.850830078125,8.6292724609375
91,0.45833333333333393,0.00439453125,0.0286865234375,8.52294921875
91,0.45910040788031115,0.0042724609375,0,8.5340576171875
90,0.45833333333333393,-0.060302734375,0.8944091796875,8.52716064453125
90,0.46666666666666679,-0.0626220703125,0.8681640625,8.64801025390625
89,0.45833333333333393,0.3543701171875,0.459716796875,8.5335693359375
89,0.46666666666666679,0.35858154296875,0.4266357421875,8.65447998046875
104,0.075000000000000178,-0.09185791015625,1.21881103515625,2.5238037109375
104,0.083333333333333925,-0.1112060546875,1.21356201171875,2.7001953125
103,0.075000000000000178,0.19793701171875,1.41571044921875,2.52288818359375
103,0.083333333333333925,0.2098388671875,1.431640625,2.69915771484375
102,0.075000000000000178,0.1224365234375,1.10003662109375,2.52606201171875
102,0.083333333333333925,0.126220703125,1.08197021484375,2.70269775390625
101,0.075000000000000178,-0.0206298828125,1.3597412109375,2.5274658203125
101,0.083333333333333925,-0.03228759765625,1.36962890625,2.7042236328125
100,0.075000000000000178,0.23028564453125,1.27362060546875,2.52783203125
100,0.083333333333333925,0.24566650390625,1.2742919921875,2.70465087890625
99,0.075000000000000178,0.01904296875,1.18359375,2.53094482421875
99,0.083333333333333925,0.01165771484375,1.174560546875,2.7081298828125
98,0.075000000000000178,0.09918212890625,1.3525390625,2.5313720703125
98,0.083333333333333925,0.1004638671875,1.36163330078125,2.70855712890625
97,0.075000000000000178,0.1304931640625,1.22698974609375,2.533203125
97,0.083333333333333925,0.1351318359375,1.22259521484375,2.71063232421875
95,0.47500000000000053,0.19622802734375,1.33837890625,8.72857666015625
95,0.48333333333333428,0.1978759765625,1.31842041015625,8.8487548828125
93,0.47500000000000053,-0.58087158203125,0.5872802734375,8.75067138671875
93,0.48333333333333428,-0.59112548828125,0.5557861328125,8.8712158203125
92,0.47500000000000053,0.66766357421875,0.82366943359375,8.749755859375
92,0.48333333333333428,0.67657470703125,0.7957763671875,8.87030029296875
90,0.47500000000000053,-0.06494140625,0.84124755859375,8.768798828125
90,0.48333333333333428,-0.06732177734375,0.813720703125,8.8896484375
89,0.47500000000000053,0.36279296875,0.39288330078125,8.77545166015625
89,0.48333333333333428,0.36700439453125,0.3583984375,8.8963623046875
104,0.091666666666667673,-0.13006591796875,1.2076416015625,2.87274169921875
104,0.10000000000000053,-0.1485595703125,1.201171875,3.0413818359375
103,0.091666666666667673,0.221435546875,1.44647216796875,2.87158203125
103,0.10000000000000053,0.23284912109375,1.46026611328125,3.04010009765625
102,0.091666666666667673,0.1298828125,1.06353759765625,2.87542724609375
102,0.10000000000000053,0.13348388671875,1.0447998046875,3.0443115234375
101,0.091666666666667673,-0.043701171875,1.3785400390625,2.87713623046875
101,0.10000000000000053,-0.0548095703125,1.38653564453125,3.046142578125
100,0.091666666666667673,0.26068115234375,1.274169921875,2.8775634765625
100,0.10000000000000053,0.275390625,1.2733154296875,3.046630859375
99,0.091666666666667673,0.00445556640625,1.1649169921875,2.88140869140625
99,0.10000000000000053,-0.0025634765625,1.15478515625,3.05078125
98,0.091666666666667673,0.1016845703125,1.36981201171875,2.88189697265625
98,0.10000000000000053,0.1029052734375,1.3770751953125,3.05133056640625
97,0.091666666666667673,0.1396484375,1.217529296875,2.8841552734375
97,0.10000000000000053,0.14404296875,1.2119140625,3.0537109375
95,0.49166666666666803,0.19952392578125,1.29779052734375,8.968994140625
95,0.50000000000000089,0.20123291015625,1.2764892578125,9.08917236328125
93,0.49166666666666803,-0.601318359375,0.523681640625,8.9918212890625
93,0.50000000000000089,-0.611572265625,0.4908447265625,9.11236572265625
92,0.49166666666666803,0.68548583984375,0.76727294921875,8.9908447265625
92,0.50000000000000089,0.6943359375,0.73809814453125,9.11138916015625
90,0.49166666666666803,-0.06964111328125,0.78546142578125,9.01043701171875
90,0.50000000000000089,-0.07196044921875,0.75653076171875,9.13128662109375
89,0.49166666666666803,0.37127685546875,0.32330322265625,9.01727294921875
89,0.50000000000000089,0.37548828125,0.28753662109375,9.13818359375
104,0.10833333333333428,-0.16656494140625,1.194091796875,3.20611572265625
104,0.11666666666666714,-0.1842041015625,1.1864013671875,3.36700439453125
103,0.10833333333333428,0.24395751953125,1.4730224609375,3.20477294921875
103,0.11666666666666714,0.2547607421875,1.484619140625,3.3656005859375
102,0.10833333333333428,0.13702392578125,1.02581787109375,3.20928955078125
102,0.11666666666666714,0.14044189453125,1.00640869140625,3.37042236328125
101,0.10833333333333428,-0.065673828125,1.3936767578125,3.21124267578125
101,0.11666666666666714,-0.0762939453125,1.3997802734375,3.37249755859375
100,0.10833333333333428,0.289794921875,1.271728515625,3.2117919921875
100,0.11666666666666714,0.3038330078125,1.2694091796875,3.37310791015625
99,0.10833333333333428,-0.00946044921875,1.1441650390625,3.21624755859375
99,0.11666666666666714,-0.01617431640625,1.13299560546875,3.37786865234375
98,0.10833333333333428,0.10406494140625,1.38348388671875,3.21685791015625
98,0.11666666666666714,0.105224609375,1.388916015625,3.37847900390625
97,0.10833333333333428,0.14837646484375,1.2056884765625,3.219482421875
97,0.11666666666666714,0.15264892578125,1.19879150390625,3.38128662109375
95,0.50833333333333464,0.202880859375,1.2545166015625,9.20941162109375
95,0.5166666666666675,0.20452880859375,1.23187255859375,9.32958984375
93,0.50833333333333464,-0.621826171875,0.4573974609375,9.23291015625
93,0.5166666666666675,-0.632080078125,0.42315673828125,9.35345458984375
92,0.50833333333333464,0.7032470703125,0.708251953125,9.23187255859375
92,0.5166666666666675,0.712158203125,0.67767333984375,9.3524169921875
90,0.50833333333333464,-0.07427978515625,0.7269287109375,9.2520751953125
90,0.5166666666666675,-0.07666015625,0.6966552734375,9.3729248046875
89,0.50833333333333464,0.37969970703125,0.25103759765625,9.25909423828125
89,0.5166666666666675,0.3839111328125,0.2138671875,9.38006591796875
104,0.12500000000000089,-0.201416015625,1.17816162109375,3.5240478515625
104,0.13333333333333375,-0.2181396484375,1.1693115234375,3.67718505859375
103,0.12500000000000089,0.265380859375,1.49530029296875,3.52252197265625
103,0.13333333333333375,0.27569580078125,1.50482177734375,3.67559814453125
102,0.12500000000000089,0.143798828125,0.98681640625,3.52764892578125
102,0.13333333333333375,0.1470947265625,0.96685791015625,3.6810302734375
101,0.12500000000000089,-0.086669921875,1.40509033203125,3.5299072265625
101,0.13333333333333375,-0.0968017578125,1.409423828125,3.683349609375
100,0.12500000000000089,0.3175048828125,1.2664794921875,3.530517578125
100,0.13333333333333375,0.33087158203125,1.26275634765625,3.68402099609375
99,0.12500000000000089,-0.022705078125,1.12139892578125,3.5355224609375
99,0.13333333333333375,-0.02911376953125,1.1092529296875,3.68939208984375
98,0.12500000000000089,0.1063232421875,1.39349365234375,3.5362548828125
98,0.13333333333333375,0.107421875,1.39715576171875,3.6900634765625
97,0.12500000000000089,0.15673828125,1.19134521484375,3.5391845703125
97,0.13333333333333375,0.1607666015625,1.1832275390625,3.6932373046875
95,0.52500000000000124,0.20623779296875,1.20849609375,9.4498291015625
95,0.5333333333333341,0.2078857421875,1.1844482421875,9.57000732421875
93,0.52500000000000124,-0.642333984375,0.3883056640625,9.4739990234375
93,0.5333333333333341,-0.652587890625,0.35272216796875,9.59454345703125
92,0.52500000000000124,0.72100830078125,0.6463623046875,9.47296142578125
92,0.5333333333333341,0.72991943359375,0.61444091796875,9.593505859375
90,0.52500000000000124,-0.0789794921875,0.6656494140625,9.49371337890625
90,0.5333333333333341,-0.081298828125,0.63397216796875,9.61456298828125
89,0.52500000000000124,0.38812255859375,0.17596435546875,9.5009765625
89,0.5333333333333341,0.392333984375,0.137451171875,9.62188720703125
104,0.1416666666666675,-0.2344970703125,1.159912109375,3.82647705078125
104,0.15000000000000036,-0.25042724609375,1.14990234375,3.971923828125
103,0.1416666666666675,0.2857666015625,1.51336669921875,3.82476806640625
103,0.15000000000000036,0.29559326171875,1.52081298828125,3.9700927734375
102,0.1416666666666675,0.1502685546875,0.94659423828125,3.83050537109375
102,0.15000000000000036,0.15338134765625,0.926025390625,3.97613525390625
101,0.1416666666666675,-0.10662841796875,1.412841796875,3.8330078125
101,0.15000000000000036,-0.1162109375,1.415283203125,3.97869873046875
100,0.1416666666666675,0.3438720703125,1.25830078125,3.83367919921875
100,0.15000000000000036,0.3565673828125,1.253173828125,3.97943115234375
99,0.1416666666666675,-0.03533935546875,1.09661865234375,3.83929443359375
99,0.15000000000000036,-0.04144287109375,1.08349609375,3.9853515625
98,0.1416666666666675,0.1085205078125,1.39990234375,3.840087890625
98,0.15000000000000036,0.10955810546875,1.40179443359375,3.98614501953125
97,0.1416666666666675,0.1646728515625,1.174560546875,3.8433837890625
97,0.15000000000000036,0.16851806640625,1.165283203125,3.9896240234375
95,0.54166666666666785,0.20953369140625,1.15972900390625,9.69024658203125
95,0.55000000000000071,0.21124267578125,1.13433837890625,9.8104248046875
93,0.54166666666666785,-0.66278076171875,0.3165283203125,9.715087890625
93,0.55000000000000071,-0.67303466796875,0.27960205078125,9.83563232421875
92,0.54166666666666785,0.73883056640625,0.58184814453125,9.71405029296875
92,0.55000000000000071,0.7476806640625,0.548583984375,9.83453369140625
90,0.54166666666666785,-0.0836181640625,0.60162353515625,9.73541259765625
90,0.55000000000000071,-0.08599853515625,0.56866455078125,9.856201171875
89,0.54166666666666785,0.39654541015625,0.0982666015625,9.7427978515625
89,0.55000000000000071,0.40081787109375,0.058349609375,9.86376953125
104,0.1583333333333341,-0.26593017578125,1.1392822265625,4.11346435546875
104,0.16666666666666696,-0.281005859375,1.12811279296875,4.2510986328125
103,0.1583333333333341,0.30511474609375,1.5272216796875,4.111572265625
103,0.16666666666666696,0.31439208984375,1.53265380859375,4.2491455078125
102,0.1583333333333341,0.1563720703125,0.9051513671875,4.11785888671875
102,0.16666666666666696,0.1593017578125,0.884033203125,4.2557373046875
101,0.1583333333333341,-0.12554931640625,1.4168701171875,4.12054443359375
101,0.16666666666666696,-0.1346435546875,1.4176025390625,4.258544921875
100,0.1583333333333341,0.368896484375,1.247314453125,4.121337890625
100,0.16666666666666696,0.38092041015625,1.24072265625,4.25933837890625
99,0.1583333333333341,-0.04736328125,1.06988525390625,4.12750244140625
99,0.16666666666666696,-0.0531005859375,1.05572509765625,4.2657470703125
98,0.1583333333333341,0.11053466796875,1.4027099609375,4.12835693359375
98,0.16666666666666696,0.111572265625,1.40283203125,4.26666259765625
97,0.1583333333333341,0.1722412109375,1.1553955078125,4.1319580078125
97,0.16666666666666696,0.17584228515625,1.1448974609375,4.27044677734375
95,0.55833333333333446,0.212890625,1.1082763671875,9.9306640625
95,0.56666666666666732,0.21453857421875,1.08154296875,10.05084228515625
93,0.55833333333333446,-0.68328857421875,0.2420654296875,9.9561767578125
93,0.56666666666666732,-0.69354248046875,0.20379638671875,10.07672119140625
92,0.55833333333333446,0.756591796875,0.5146484375,9.955078125
92,0.56666666666666732,0.7655029296875,0.48004150390625,10.07562255859375
90,0.55833333333333446,-0.08831787109375,0.53497314453125,9.97705078125
90,0.56666666666666732,-0.09063720703125,0.5006103515625,10.09783935546875
89,0.55685492006888893,0.404296875,0,9.9632568359375
104,0.17500000000000071,-0.295654296875,1.11639404296875,4.3848876953125
104,0.18333333333333357,-0.30987548828125,1.10400390625,4.51483154296875
103,0.17500000000000071,0.32342529296875,1.5369873046875,4.38287353515625
103,0.18333333333333357,0.33221435546875,1.54022216796875,4.51275634765625
102,0.17500000000000071,0.16217041015625,0.862548828125,4.38970947265625
102,0.18333333333333357,0.16497802734375,0.84075927734375,4.519775390625
101,0.17500000000000071,-0.14349365234375,1.4173583984375,4.39263916015625
101,0.18333333333333357,-0.15203857421875,1.4161376953125,4.5228271484375
100,0.17500000000000071,0.392578125,1.23345947265625,4.3934326171875
100,0.18333333333333357,0.4039306640625,1.2254638671875,4.523681640625
99,0.17500000000000071,-0.0587158203125,1.0411376953125,4.400146484375
99,0.18333333333333357,-0.06414794921875,1.02593994140625,4.5306396484375
98,0.17500000000000071,0.11248779296875,1.4019775390625,4.40106201171875
98,0.18333333333333357,0.1134033203125,1.40020751953125,4.53155517578125
97,0.17500000000000071,0.17938232421875,1.1337890625,4.40496826171875
97,0.18333333333333357,0.1827392578125,1.1220703125,4.53564453125
95,0.57500000000000107,0.2161865234375,1.0540771484375,10.1710205078125
95,0.58333333333333393,0.2178955078125,1.02593994140625,10.291259765625
93,0.57500000000000107,-0.70379638671875,0.164794921875,10.197265625
93,0.58333333333333393,-0.7139892578125,0.12518310546875,10.31781005859375
92,0.57500000000000107,0.7744140625,0.44464111328125,10.1961669921875
92,0.58333333333333393,0.78326416015625,0.40863037109375,10.316650390625
90,0.57500000000000107,-0.093017578125,0.46551513671875,10.21868896484375
90,0.58333333333333393,-0.0953369140625,0.4298095703125,10.3394775390625
104,0.19166666666666732,-0.32366943359375,1.09112548828125,4.640869140625
104,0.20000000000000018,-0.33709716796875,1.07757568359375,4.7630615234375
103,0.19166666666666732,0.3406982421875,1.54248046875,4.63873291015625
103,0.20000000000000018,0.34893798828125,1.54364013671875,4.76080322265625
102,0.19166666666666732,0.16766357421875,0.8187255859375,4.64599609375
102,0.20000000000000018,0.17022705078125,0.79632568359375,4.76837158203125
101,0.19166666666666732,-0.160400390625,1.4140625,4.649169921875
101,0.20000000000000018,-0.16845703125,1.41107177734375,4.7716064453125
100,0.19166666666666732,0.4149169921875,1.21673583984375,4.65008544921875
100,0.20000000000000018,0.425537109375,1.20733642578125,4.77252197265625
99,0.19166666666666732,-0.06939697265625,1.01031494140625,4.6572265625
99,0.20000000000000018,-0.074462890625,0.994140625,4.77996826171875
98,0.19166666666666732,0.11431884765625,1.3975830078125,4.658203125
98,0.20000000000000018,0.115234375,1.39404296875,4.78094482421875
97,0.19166666666666732,0.18609619140625,1.10980224609375,4.6624755859375
97,0.20000000000000018,0.18927001953125,1.09686279296875,4.78533935546875
95,0.59166666666666767,0.21954345703125,0.99713134765625,10.41143798828125
95,0.60000000000000053,0.22119140625,0.9676513671875,10.53167724609375
93,0.59166666666666767,-0.7242431640625,0.0848388671875,10.4383544921875
93,0.60000000000000053,-0.7344970703125,0.04388427734375,10.55889892578125
92,0.59166666666666767,0.79217529296875,0.3719482421875,10.43719482421875
92,0.60000000000000053,0.80108642578125,0.3345947265625,10.5577392578125
90,0.59166666666666767,-0.09765625,0.39337158203125,10.4603271484375
90,0.60000000000000053,-0.0999755859375,0.35626220703125,10.5811767578125
104,0.20833333333333393,-0.3502197265625,1.06341552734375,4.88330078125
104,0.21666666666666679,-0.3634033203125,1.048583984375,5.0035400390625
103,0.20833333333333393,0.3570556640625,1.5439453125,4.8809814453125
103,0.21666666666666679,0.36517333984375,1.54351806640625,5.00115966796875
102,0.20833333333333393,0.17279052734375,0.7734375,4.8887939453125
102,0.21666666666666679,0.1754150390625,0.7498779296875,5.00921630859375
101,0.20833333333333393,-0.1763916015625,1.4072265625,4.89215087890625
101,0.21666666666666679,-0.184326171875,1.40277099609375,5.01263427734375
100,0.20833333333333393,0.43603515625,1.19720458984375,4.89306640625
100,0.21666666666666679,0.446533203125,1.1864013671875,5.01361083984375
99,0.20833333333333393,-0.07952880859375,0.9774169921875,4.9007568359375
99,0.21666666666666679,-0.08453369140625,0.96002197265625,5.021484375
98,0.20833333333333393,0.1160888671875,1.38970947265625,4.9017333984375
98,0.21666666666666679,0.116943359375,1.38470458984375,5.0225830078125
97,0.20833333333333393,0.19244384765625,1.08331298828125,4.90625
97,0.21666666666666679,0.19561767578125,1.069091796875,5.0272216796875
95,0.60833333333333428,0.222900390625,0.93756103515625,10.65185546875
95,0.61666666666666714,0.22454833984375,0.90673828125,10.7720947265625
93,0.603772571588077,-0.7391357421875,0,10.61346435546875
92,0.60833333333333428,0.8099365234375,0.29656982421875,10.67828369140625
92,0.61666666666666714,0.81884765625,0.2578125,10.798828125
90,0.60833333333333428,-0.10235595703125,0.3184814453125,10.70196533203125
90,0.61666666666666714,-0.10467529296875,0.28009033203125,10.82281494140625
104,0.22500000000000053,-0.3765869140625,1.03302001953125,5.123779296875
104,0.23333333333333339,-0.38970947265625,1.016845703125,5.2440185546875
103,0.22500000000000053,0.373291015625,1.54241943359375,5.121337890625
103,0.23333333333333339,0.38134765625,1.54071044921875,5.24151611328125
102,0.22500000000000053,0.177978515625,0.7255859375,5.12957763671875
102,0.23333333333333339,0.1805419921875,0.70074462890625,5.25
101,0.22500000000000053,-0.1922607421875,1.39752197265625,5.1331787109375
101,0.23333333333333339,-0.2001953125,1.3917236328125,5.253662109375
100,0.22500000000000053,0.45703125,1.17486572265625,5.1341552734375
100,0.23333333333333339,0.46746826171875,1.16265869140625,5.25469970703125
99,0.22500000000000053,-0.08953857421875,0.94183349609375,5.14227294921875
99,0.23333333333333339,-0.0946044921875,0.923095703125,5.2630615234375
98,0.22500000000000053,0.1177978515625,1.37890625,5.14337158203125
98,0.23333333333333339,0.11865234375,1.37255859375,5.26416015625
97,0.22500000000000053,0.19879150390625,1.05413818359375,5.14813232421875
97,0.23333333333333339,0.201904296875,1.03857421875,5.26910400390625
95,0.62500000000000089,0.2261962890625,0.87518310546875,10.89227294921875
95,0.63333333333333375,0.2279052734375,0.843017578125,11.01251220703125
92,0.62500000000000089,0.8277587890625,0.2183837890625,10.9193115234375
92,0.63333333333333375,0.83660888671875,0.1783447265625,11.03985595703125
90,0.62500000000000089,-0.10699462890625,0.24090576171875,10.943603515625
90,0.63333333333333375,-0.10931396484375,0.20111083984375,11.064453125
104,0.24166666666666714,-0.40289306640625,0.99993896484375,5.36431884765625
104,0.25,-0.41607666015625,0.982421875,5.48455810546875
103,0.24166666666666714,0.38946533203125,1.53826904296875,5.3616943359375
103,0.25,0.3975830078125,1.53521728515625,5.48187255859375
102,0.24166666666666714,0.18310546875,0.67510986328125,5.37042236328125
102,0.25,0.1856689453125,0.64886474609375,5.4908447265625
101,0.24166666666666714,-0.2081298828125,1.3851318359375,5.37420654296875
101,0.25,-0.216064453125,1.37799072265625,5.49468994140625
100,0.24166666666666714,0.47796630859375,1.1497802734375,5.375244140625
100,0.25,0.48846435546875,1.13629150390625,5.49578857421875
99,0.24166666666666714,-0.099609375,0.903564453125,5.3837890625
99,0.25,-0.1046142578125,0.88348388671875,5.50457763671875
98,0.24166666666666714,0.1195068359375,1.365478515625,5.38494873046875
98,0.25,0.120361328125,1.3577880859375,5.5057373046875
97,0.24166666666666714,0.205078125,1.02227783203125,5.3900146484375
97,0.25,0.208251953125,1.00531005859375,5.51092529296875
95,0.6416666666666675,0.22955322265625,0.81011962890625,11.1326904296875
95,0.65000000000000036,0.231201171875,0.77655029296875,11.2529296875
92,0.6416666666666675,0.84552001953125,0.1375732421875,11.160400390625
92,0.65000000000000036,0.85443115234375,0.09613037109375,11.28094482421875
90,0.6416666666666675,-0.1116943359375,0.16058349609375,11.18524169921875
90,0.65000000000000036,-0.114013671875,0.11944580078125,11.30609130859375
104,0.25833333333333375,-0.42926025390625,0.96417236328125,5.60479736328125
104,0.26666666666666661,-0.4423828125,0.94525146484375,5.72503662109375
103,0.25833333333333375,0.40570068359375,1.53143310546875,5.60205078125
103,0.26666666666666661,0.413818359375,1.52691650390625,5.72222900390625
102,0.25833333333333375,0.188232421875,0.62188720703125,5.61126708984375
102,0.26666666666666661,0.1907958984375,0.59423828125,5.73162841796875
101,0.25833333333333375,-0.2239990234375,1.37005615234375,5.615234375
101,0.26666666666666661,-0.23193359375,1.36151123046875,5.7357177734375
100,0.25833333333333375,0.49896240234375,1.1220703125,5.6163330078125
100,0.26666666666666661,0.50946044921875,1.107177734375,5.73687744140625
99,0.25833333333333375,-0.10968017578125,0.8626708984375,5.6253662109375
99,0.26666666666666661,-0.11468505859375,0.84112548828125,5.74609375
98,0.25833333333333375,0.1212158203125,1.349365234375,5.6265869140625
98,0.26666666666666661,0.1220703125,1.34027099609375,5.74737548828125
97,0.25833333333333375,0.21136474609375,0.9876708984375,5.63189697265625
97,0.26666666666666661,0.21453857421875,0.9693603515625,5.7528076171875
95,0.6583333333333341,0.23291015625,0.7423095703125,11.37310791015625
95,0.666666666666667,0.23455810546875,0.7073974609375,11.49334716796875
92,0.6583333333333341,0.86334228515625,0.05401611328125,11.4014892578125
92,0.66397435840800945,0.86932373046875,0,11.4830322265625
90,0.6583333333333341,-0.1163330078125,0.07757568359375,11.4268798828125
90,0.666666666666667,-0.11871337890625,0.0350341796875,11.5477294921875
104,0.27500000000000036,-0.45556640625,0.9256591796875,5.84527587890625
104,0.28333333333333321,-0.46875,0.90533447265625,5.96551513671875
103,0.27500000000000036,0.42193603515625,1.52178955078125,5.8424072265625
103,0.28333333333333321,0.4300537109375,1.51593017578125,5.96258544921875
102,0.27500000000000036,0.193359375,0.56591796875,5.85205078125
102,0.28333333333333321,0.1959228515625,0.536865234375,5.97247314453125
101,0.27500000000000036,-0.2398681640625,1.35223388671875,5.85626220703125
101,0.28333333333333321,-0.247802734375,1.34228515625,5.97674560546875
100,0.27500000000000036,0.5198974609375,1.09161376953125,5.857421875
100,0.28333333333333321,0.5303955078125,1.0753173828125,5.97796630859375
99,0.27500000000000036,-0.11968994140625,0.8189697265625,5.86688232421875
99,0.28333333333333321,-0.12469482421875,0.79608154296875,5.9876708984375
98,0.27500000000000036,0.1229248046875,1.3304443359375,5.8681640625
98,0.28333333333333321,0.12384033203125,1.3199462890625,5.98895263671875
97,0.27500000000000036,0.21771240234375,0.95037841796875,5.873779296875
97,0.28333333333333321,0.22088623046875,0.9306640625,5.99468994140625
95,0.67500000000000071,0.2362060546875,0.6717529296875,11.613525390625
95,0.68333333333333357,0.23785400390625,0.635498046875,11.73370361328125
90,0.66859661479811716,-0.1192626953125,0,11.57574462890625
104,0.29166666666666696,-0.48193359375,0.8843994140625,6.08575439453125
104,0.29999999999999982,-0.49505615234375,0.86273193359375,6.20599365234375
103,0.29166666666666696,0.43817138671875,1.50946044921875,6.082763671875
103,0.29999999999999982,0.44622802734375,1.50225830078125,6.20294189453125
102,0.29166666666666696,0.198486328125,0.5072021484375,6.0928955078125
102,0.29999999999999982,0.2010498046875,0.476806640625,6.21331787109375
101,0.29166666666666696,-0.2557373046875,1.3316650390625,6.09722900390625
101,0.29999999999999982,-0.263671875,1.3203125,6.2177734375
100,0.29166666666666696,0.5408935546875,1.05841064453125,6.0985107421875
100,0.29999999999999982,0.5513916015625,1.040771484375,6.218994140625
99,0.29166666666666696,-0.1297607421875,0.77252197265625,6.1083984375
99,0.29999999999999982,-0.134765625,0.748291015625,6.22918701171875
98,0.29166666666666696,0.12469482421875,1.308837890625,6.1097412109375
98,0.29999999999999982,0.12554931640625,1.2969970703125,6.2305908203125
97,0.29166666666666696,0.2239990234375,0.91033935546875,6.1156005859375
97,0.29999999999999982,0.2271728515625,0.88922119140625,6.236572265625
95,0.69166666666666732,0.23956298828125,0.5985107421875,11.85394287109375
95,0.70000000000000018,0.2412109375,0.56085205078125,11.97412109375
104,0.30833333333333357,-0.50823974609375,0.84039306640625,6.32623291015625
104,0.31666666666666643,-0.52142333984375,0.8173828125,6.446533203125
103,0.30833333333333357,0.454345703125,1.494384765625,6.3231201171875
103,0.31666666666666643,0.46246337890625,1.48577880859375,6.44329833984375
102,0.30833333333333357,0.20361328125,0.44580078125,6.33367919921875
102,0.31666666666666643,0.2061767578125,0.4140625,6.4541015625
101,0.30833333333333357,-0.2716064453125,1.308349609375,6.3382568359375
101,0.31666666666666643,-0.279541015625,1.295654296875,6.45880126953125
100,0.30833333333333357,0.5618896484375,1.0224609375,6.33953857421875
100,0.31666666666666643,0.57232666015625,1.00347900390625,6.4600830078125
99,0.30833333333333357,-0.1397705078125,0.723388671875,6.3499755859375
99,0.31666666666666643,-0.14483642578125,0.69775390625,6.47076416015625
98,0.30833333333333357,0.12640380859375,1.28448486328125,6.35137939453125
98,0.31666666666666643,0.12725830078125,1.27130126953125,6.47216796875
97,0.30833333333333357,0.2303466796875,0.86749267578125,6.35748291015625
97,0.31666666666666643,0.2335205078125,0.8450927734375,6.47845458984375
95,0.70833333333333393,0.24285888671875,0.5225830078125,12.0943603515625
95,0.71666666666666679,0.24456787109375,0.48358154296875,12.21453857421875
104,0.32500000000000018,-0.5345458984375,0.793701171875,6.5667724609375
104,0.33333333333333393,-0.5477294921875,0.76934814453125,6.68701171875
103,0.32500000000000018,0.4705810546875,1.4765625,6.5634765625
103,0.33333333333333393,0.47869873046875,1.4666748046875,6.68365478515625
102,0.32500000000000018,0.208740234375,0.38165283203125,6.57452392578125
102,0.33333333333333393,0.21136474609375,0.34857177734375,6.6949462890625
101,0.32500000000000018,-0.2874755859375,1.2823486328125,6.57928466796875
101,0.33333333333333393,-0.29547119140625,1.268310546875,6.6998291015625
100,0.32500000000000018,0.58282470703125,0.98382568359375,6.58062744140625
100,0.33333333333333393,0.59332275390625,0.9635009765625,6.701171875
99,0.32500000000000018,-0.14984130859375,0.6715087890625,6.59149169921875
99,0.33333333333333393,-0.15484619140625,0.64453125,6.7122802734375
98,0.32500000000000018,0.12811279296875,1.25738525390625,6.59295654296875
98,0.33333333333333393,0.12896728515625,1.24285888671875,6.7137451171875
97,0.32500000000000018,0.23663330078125,0.822021484375,6.599365234375
97,0.33333333333333393,0.23980712890625,0.79827880859375,6.7203369140625
95,0.72500000000000053,0.2462158203125,0.44390869140625,12.33477783203125
95,0.73333333333333428,0.24786376953125,0.40350341796875,12.4549560546875
104,0.34166666666666767,-0.5609130859375,0.74432373046875,6.8072509765625
104,0.35000000000000053,-0.5740966796875,0.71856689453125,6.927490234375
103,0.34166666666666767,0.48681640625,1.45611572265625,6.8038330078125
103,0.35000000000000053,0.49493408203125,1.44482421875,6.92401123046875
102,0.34166666666666767,0.21392822265625,0.3148193359375,6.81536865234375
102,0.35000000000000053,0.21649169921875,0.28033447265625,6.93572998046875
101,0.34166666666666767,-0.30340576171875,1.253662109375,6.8203125
101,0.35000000000000053,-0.31134033203125,1.23822021484375,6.94085693359375
100,0.34166666666666767,0.60382080078125,0.9425048828125,6.82171630859375
100,0.35000000000000053,0.61431884765625,0.9207763671875,6.9422607421875
99,0.34166666666666767,-0.159912109375,0.616943359375,6.83306884765625
99,0.35000000000000053,-0.1649169921875,0.588623046875,6.95379638671875
98,0.34166666666666767,0.12982177734375,1.2276611328125,6.8345947265625
98,0.35000000000000053,0.13067626953125,1.21173095703125,6.95538330078125
97,0.34166666666666767,0.24298095703125,0.77386474609375,6.84124755859375
97,0.35000000000000053,0.24615478515625,0.7486572265625,6.962158203125
95,0.741666666666668,0.24957275390625,0.36248779296875,12.5751953125
95,0.75000000000000089,0.251220703125,0.32073974609375,12.69537353515625
104,0.35833333333333428,-0.58721923828125,0.692138671875,7.0477294921875
104,0.36666666666666714,-0.60040283203125,0.66510009765625,7.16796875
103,0.35833333333333428,0.50299072265625,1.432861328125,7.044189453125
103,0.36666666666666714,0.5111083984375,1.4202880859375,7.16436767578125
102,0.35833333333333428,0.21905517578125,0.24517822265625,7.05615234375
102,0.36666666666666714,0.22161865234375,0.20941162109375,7.17657470703125
101,0.35833333333333428,-0.31927490234375,1.22216796875,7.06134033203125
101,0.36666666666666714,-0.32720947265625,1.2054443359375,7.181884765625
100,0.35833333333333428,0.624755859375,0.89837646484375,7.06280517578125
100,0.36666666666666714,0.63525390625,0.8753662109375,7.183349609375
99,0.35833333333333428,-0.169921875,0.5595703125,7.0745849609375
99,0.36666666666666714,-0.1749267578125,0.52996826171875,7.19537353515625
98,0.35833333333333428,0.13153076171875,1.19512939453125,7.076171875
98,0.36666666666666714,0.1324462890625,1.17791748046875,7.19696044921875
97,0.35833333333333428,0.249267578125,0.72283935546875,7.0831298828125
97,0.36666666666666714,0.25244140625,0.6964111328125,7.20404052734375
95,0.75833333333333464,0.25286865234375,0.2783203125,12.81561279296875
95,0.7666666666666675,0.25457763671875,0.2352294921875,12.935791015625
104,0.37500000000000089,-0.61358642578125,0.6373291015625,7.2882080078125
104,0.38333333333333375,-0.626708984375,0.60888671875,7.408447265625
103,0.37500000000000089,0.51922607421875,1.40692138671875,7.2845458984375
103,0.38333333333333375,0.52734375,1.3929443359375,7.40472412109375
102,0.37500000000000089,0.22418212890625,0.17291259765625,7.2969970703125
102,0.38333333333333375,0.22674560546875,0.1357421875,7.41741943359375
101,0.37500000000000089,-0.33514404296875,1.18804931640625,7.3023681640625
101,0.38333333333333375,-0.34307861328125,1.169921875,7.42291259765625
100,0.37500000000000089,0.645751953125,0.85162353515625,7.30389404296875
100,0.38333333333333375,0.65625,0.82720947265625,7.4244384765625
99,0.37500000000000089,-0.17999267578125,0.4996337890625,7.31610107421875
99,0.38333333333333375,-0.18499755859375,0.46856689453125,7.4368896484375
98,0.37500000000000089,0.13330078125,1.159912109375,7.3177490234375
98,0.38333333333333375,0.1341552734375,1.14129638671875,7.4385986328125
97,0.37500000000000089,0.255615234375,0.66925048828125,7.32501220703125
97,0.38333333333333375,0.2587890625,0.64141845703125,7.4459228515625
95,0.77500000000000124,0.2562255859375,0.19146728515625,13.05596923828125
95,0.7833333333333341,0.25787353515625,0.14697265625,13.17620849609375
105,0,0.08746337890625,1.25909423828125,0.88604736328125
106,0,0.08746337890625,1.25909423828125,0.88604736328125
107,0,0.08746337890625,1.25909423828125,0.88604736328125
108,0,0.08746337890625,1.25909423828125,0.88604736328125
109,0,0.08746337890625,1.25909423828125,0.88604736328125
110,0,0.08746337890625,1.25909423828125,0.88604736328125
111,0,0.08746337890625,1.25909423828125,0.88604736328125
112,0,0.08746337890625,1.25909423828125,0.88604736328125
104,0.3916666666666675,-0.639892578125,0.5797119140625,7.52874755859375
104,0.40000000000000036,-0.653076171875,0.5499267578125,7.64898681640625
103,0.3916666666666675,0.53546142578125,1.37823486328125,7.52490234375
103,0.40000000000000036,0.5435791015625,1.3629150390625,7.64508056640625
102,0.3916666666666675,0.22930908203125,0.097900390625,7.53778076171875
102,0.40000000000000036,0.23187255859375,0.05938720703125,7.658203125
101,0.3916666666666675,-0.35101318359375,1.151123046875,7.54339599609375
101,0.40000000000000036,-0.35894775390625,1.13165283203125,7.66387939453125
100,0.3916666666666675,0.666748046875,0.80206298828125,7.54498291015625
100,0.40000000000000036,0.67718505859375,0.7762451171875,7.66552734375
99,0.3916666666666675,-0.19000244140625,0.43682861328125,7.55767822265625
99,0.40000000000000036,-0.195068359375,0.4044189453125,7.67840576171875
98,0.3916666666666675,0.135009765625,1.1219482421875,7.55938720703125
98,0.40000000000000036,0.1358642578125,1.10198974609375,7.68017578125
97,0.3916666666666675,0.26190185546875,0.61285400390625,7.56689453125
97,0.40000000000000036,0.26507568359375,0.5836181640625,7.68780517578125
95,0.79166666666666785,0.259521484375,0.10186767578125,13.29638671875
95,0.80000000000000071,0.26123046875,0.05609130859375,13.4166259765625
112,0.0083333333333337478,0.109619140625,1.2647705078125,1.06793212890625
112,0.016666666666666607,0.1317138671875,1.27044677734375,1.2498779296875
111,0.0083333333333337478,0.07720947265625,1.24310302734375,1.06842041015625
111,0.016666666666666607,0.06695556640625,1.22711181640625,1.250732421875
110,0.0083333333333337478,0.08587646484375,1.2781982421875,1.068359375
110,0.016666666666666607,0.08428955078125,1.2972412109375,1.250732421875
109,0.0083333333333337478,0.1015625,1.2491455078125,1.06854248046875
109,0.016666666666666607,0.11566162109375,1.2392578125,1.2510986328125
108,0.0083333333333337478,0.07373046875,1.25897216796875,1.06884765625
108,0.016666666666666607,0.05999755859375,1.2587890625,1.251708984375
107,0.0083333333333337478,0.0972900390625,1.268798828125,1.06884765625
107,0.016666666666666607,0.10711669921875,1.27850341796875,1.25164794921875
106,0.0083333333333337478,0.0882568359375,1.25006103515625,1.06915283203125
106,0.016666666666666607,0.08905029296875,1.24102783203125,1.25225830078125
105,0.0083333333333337478,0.08489990234375,1.2640380859375,1.06927490234375
105,0.016666666666666607,0.082275390625,1.26904296875,1.2525634765625
104,0.4083333333333341,-0.666259765625,0.5194091796875,7.76922607421875
104,0.41666666666666696,-0.67938232421875,0.48828125,7.88946533203125
103,0.4083333333333341,0.55169677734375,1.34686279296875,7.7652587890625
103,0.41666666666666696,0.559814453125,1.3302001953125,7.88543701171875
102,0.40729911916193873,0.234130859375,0,7.763671875
101,0.4083333333333341,-0.36688232421875,1.11151123046875,7.784423828125
101,0.41666666666666696,-0.37481689453125,1.0906982421875,7.9049072265625
100,0.4083333333333341,0.68768310546875,0.749755859375,7.7860107421875
100,0.41666666666666696,0.69818115234375,0.72265625,7.90655517578125
99,0.4083333333333341,-0.2000732421875,0.371337890625,7.7991943359375
99,0.41666666666666696,-0.205078125,0.337646484375,7.91998291015625
98,0.4083333333333341,0.13671875,1.081298828125,7.80096435546875
98,0.41666666666666696,0.1375732421875,1.05999755859375,7.9217529296875
97,0.4083333333333341,0.26824951171875,0.5537109375,7.8087158203125
97,0.41666666666666696,0.27142333984375,0.523193359375,7.9296875
95,0.80557599634298838,0.2623291015625,0,13.49700927734375
112,0.025000000000000355,0.15386962890625,1.276123046875,1.4317626953125
112,0.033333333333333215,0.176025390625,1.28179931640625,1.6136474609375
111,0.025000000000000355,0.05670166015625,1.211181640625,1.43310546875
111,0.033333333333333215,0.04644775390625,1.1951904296875,1.61541748046875
110,0.025000000000000355,0.0826416015625,1.31634521484375,1.43304443359375
110,0.033333333333333215,0.0810546875,1.33538818359375,1.6153564453125
109,0.025000000000000355,0.1297607421875,1.22930908203125,1.43359375
109,0.033333333333333215,0.14385986328125,1.2193603515625,1.61614990234375
108,0.025000000000000355,0.0462646484375,1.2586669921875,1.43450927734375
108,0.033333333333333215,0.03253173828125,1.258544921875,1.6173095703125
107,0.025000000000000355,0.11700439453125,1.2882080078125,1.43450927734375
107,0.033333333333333215,0.1268310546875,1.29791259765625,1.6173095703125
106,0.025000000000000355,0.08984375,1.23199462890625,1.43536376953125
106,0.033333333333333215,0.090576171875,1.2230224609375,1.61846923828125
105,0.025000000000000355,0.0797119140625,1.27398681640625,1.435791015625
105,0.033333333333333215,0.07708740234375,1.2789306640625,1.6190185546875
104,0.42500000000000071,-0.69256591796875,0.4564208984375,8.00970458984375
104,0.43333333333333357,-0.70574951171875,0.42388916015625,8.12994384765625
103,0.42500000000000071,0.56787109375,1.312744140625,8.005615234375
103,0.43333333333333357,0.57598876953125,1.294677734375,8.12579345703125
101,0.42500000000000071,-0.38275146484375,1.0692138671875,8.02545166015625
101,0.43333333333333357,-0.39068603515625,1.0469970703125,8.14593505859375
100,0.42500000000000071,0.70867919921875,0.69482421875,8.027099609375
100,0.43333333333333357,0.71917724609375,0.66632080078125,8.14764404296875
99,0.42500000000000071,-0.21014404296875,0.30316162109375,8.040771484375
99,0.43333333333333357,-0.21514892578125,0.26806640625,8.1614990234375
98,0.42500000000000071,0.138427734375,1.03790283203125,8.0426025390625
98,0.43333333333333357,0.1392822265625,1.01519775390625,8.16339111328125
97,0.42500000000000071,0.2745361328125,0.491943359375,8.05059814453125
97,0.43333333333333357,0.2777099609375,0.46002197265625,8.17156982421875
112,0.041666666666666963,0.1981201171875,1.2874755859375,1.79559326171875
112,0.049999999999999822,0.22027587890625,1.29315185546875,1.97747802734375
111,0.041666666666666963,0.0361328125,1.17919921875,1.79779052734375
111,0.049999999999999822,0.02587890625,1.1632080078125,1.9801025390625
110,0.041666666666666963,0.0794677734375,1.3544921875,1.7977294921875
110,0.049999999999999822,0.077880859375,1.37353515625,1.98004150390625
109,0.041666666666666963,0.157958984375,1.20947265625,1.79864501953125
109,0.049999999999999822,0.17205810546875,1.19952392578125,1.98114013671875
108,0.041666666666666963,0.018798828125,1.25836181640625,1.80010986328125
108,0.049999999999999822,0.00506591796875,1.25823974609375,1.98297119140625
107,0.041666666666666963,0.13665771484375,1.30755615234375,1.80010986328125
107,0.049999999999999822,0.146484375,1.3172607421875,1.98291015625
106,0.041666666666666963,0.09136962890625,1.2139892578125,1.80157470703125
106,0.049999999999999822,0.0921630859375,1.2049560546875,1.98468017578125
105,0.041666666666666963,0.07452392578125,1.283935546875,1.80230712890625
105,0.049999999999999822,0.0718994140625,1.28887939453125,1.98553466796875
104,0.44166666666666732,-0.71893310546875,0.390625,8.25018310546875
104,0.45000000000000018,-0.7320556640625,0.35675048828125,8.37042236328125
103,0.44166666666666732,0.5841064453125,1.27587890625,8.2459716796875
103,0.45000000000000018,0.59222412109375,1.2564697265625,8.36614990234375
101,0.44166666666666732,-0.39862060546875,1.02410888671875,8.2664794921875
101,0.45000000000000018,-0.40655517578125,1.00054931640625,8.386962890625
100,0.44166666666666732,0.72967529296875,0.6370849609375,8.2681884765625
100,0.45000000000000018,0.7401123046875,0.60723876953125,8.38873291015625
99,0.44166666666666732,-0.22015380859375,0.23223876953125,8.28228759765625
99,0.45000000000000018,-0.22515869140625,0.19573974609375,8.403076171875
98,0.44166666666666732,0.14013671875,0.99176025390625,8.2841796875
98,0.45000000000000018,0.14105224609375,0.96771240234375,8.40496826171875
97,0.44166666666666732,0.2808837890625,0.4273681640625,8.29248046875
97,0.45000000000000018,0.2840576171875,0.39404296875,8.41339111328125
112,0.05833333333333357,0.242431640625,1.298828125,2.15936279296875
112,0.06666666666666643,0.2645263671875,1.30450439453125,2.34124755859375
111,0.05833333333333357,0.015625,1.147216796875,2.1624755859375
111,0.06666666666666643,0.00537109375,1.13128662109375,2.3448486328125
110,0.05833333333333357,0.07623291015625,1.39263916015625,2.162353515625
110,0.06666666666666643,0.07464599609375,1.41168212890625,2.3447265625
109,0.05833333333333357,0.1861572265625,1.1895751953125,2.1636962890625
109,0.06666666666666643,0.20025634765625,1.1796875,2.34619140625
108,0.05833333333333357,-0.00872802734375,1.258056640625,2.165771484375
108,0.06666666666666643,-0.0224609375,1.2579345703125,2.34857177734375
107,0.05833333333333357,0.15631103515625,1.32696533203125,2.16571044921875
107,0.06666666666666643,0.1661376953125,1.336669921875,2.34857177734375
106,0.05833333333333357,0.09295654296875,1.1959228515625,2.16778564453125
106,0.06666666666666643,0.09375,1.1868896484375,2.3509521484375
105,0.05833333333333357,0.0693359375,1.2938232421875,2.16876220703125
105,0.06666666666666643,0.0667724609375,1.298828125,2.35205078125
104,0.45833333333333393,-0.7452392578125,0.32220458984375,8.49066162109375
104,0.46666666666666679,-0.7584228515625,0.28692626953125,8.61090087890625
103,0.45833333333333393,0.600341796875,1.23638916015625,8.486328125
103,0.46666666666666679,0.60845947265625,1.215576171875,8.60650634765625
101,0.45833333333333393,-0.41448974609375,0.97637939453125,8.50750732421875
101,0.46666666666666679,-0.42242431640625,0.951416015625,8.62799072265625
100,0.45833333333333393,0.7506103515625,0.57672119140625,8.50927734375
100,0.46666666666666679,0.7611083984375,0.54547119140625,8.62982177734375
99,0.45833333333333393,-0.230224609375,0.15863037109375,8.5238037109375
99,0.46666666666666679,-0.2352294921875,0.12078857421875,8.64459228515625
98,0.45833333333333393,0.14190673828125,0.9429931640625,8.5257568359375
98,0.46666666666666679,0.14276123046875,0.91754150390625,8.6466064453125
97,0.45833333333333393,0.28717041015625,0.360107421875,8.53436279296875
97,0.46666666666666679,0.29034423828125,0.325439453125,8.6552734375
112,0.075000000000000178,0.28643798828125,1.30975341796875,2.521240234375
112,0.083333333333333037,0.307861328125,1.3143310546875,2.69732666015625
111,0.075000000000000178,-0.0047607421875,1.1151123046875,2.52520751953125
111,0.083333333333333037,-0.01470947265625,1.0986328125,2.7017822265625
110,0.075000000000000178,0.07305908203125,1.43017578125,2.52508544921875
110,0.083333333333333037,0.071533203125,1.44769287109375,2.70159912109375
109,0.075000000000000178,0.2142333984375,1.16949462890625,2.52679443359375
109,0.083333333333333037,0.2279052734375,1.15887451171875,2.7034912109375
108,0.075000000000000178,-0.0360107421875,1.2574462890625,2.52947998046875
108,0.083333333333333037,-0.04931640625,1.25628662109375,2.70648193359375
107,0.075000000000000178,0.1759033203125,1.34588623046875,2.5294189453125
107,0.083333333333333037,0.1854248046875,1.35430908203125,2.7064208984375
106,0.075000000000000178,0.09454345703125,1.1776123046875,2.5321044921875
106,0.083333333333333037,0.09527587890625,1.16790771484375,2.7093505859375
105,0.075000000000000178,0.064208984375,1.3033447265625,2.5333251953125
105,0.083333333333333037,0.0616455078125,1.30718994140625,2.71075439453125
104,0.47500000000000053,-0.77154541015625,0.2509765625,8.731201171875
104,0.48333333333333339,-0.78472900390625,0.21435546875,8.8514404296875
103,0.47500000000000053,0.6165771484375,1.19403076171875,8.72662353515625
103,0.48333333333333339,0.6246337890625,1.171875,8.8468017578125
101,0.47500000000000053,-0.43035888671875,0.92584228515625,8.74853515625
101,0.48333333333333339,-0.43829345703125,0.8995361328125,8.8690185546875
100,0.47500000000000053,0.7716064453125,0.5135498046875,8.7503662109375
100,0.48333333333333339,0.7821044921875,0.48095703125,8.87091064453125
99,0.47500000000000053,-0.240234375,0.08221435546875,8.765380859375
99,0.48333333333333339,-0.24530029296875,0.04302978515625,8.8861083984375
98,0.47500000000000053,0.14361572265625,0.891357421875,8.76739501953125
98,0.48333333333333339,0.14447021484375,0.86456298828125,8.88818359375
97,0.47500000000000053,0.29351806640625,0.29010009765625,8.7762451171875
97,0.48333333333333339,0.296630859375,0.25408935546875,8.89715576171875
112,0.091666666666666785,0.328857421875,1.3179931640625,2.86956787109375
112,0.099999999999999645,0.349365234375,1.32086181640625,3.0379638671875
111,0.091666666666666785,-0.0244140625,1.081787109375,2.87445068359375
111,0.099999999999999645,-0.033935546875,1.06463623046875,3.043212890625
110,0.091666666666666785,0.07000732421875,1.46405029296875,2.874267578125
110,0.099999999999999645,0.06854248046875,1.47930908203125,3.04302978515625
109,0.091666666666666785,0.2412109375,1.14776611328125,2.8763427734375
109,0.099999999999999645,0.2542724609375,1.13623046875,3.0452880859375
108,0.091666666666666785,-0.06231689453125,1.25445556640625,2.87957763671875
108,0.099999999999999645,-0.0750732421875,1.251953125,3.04876708984375
107,0.091666666666666785,0.1947021484375,1.36181640625,2.8795166015625
107,0.099999999999999645,0.203857421875,1.368408203125,3.0487060546875
106,0.091666666666666785,0.09600830078125,1.15765380859375,2.88275146484375
106,0.099999999999999645,0.09674072265625,1.14691162109375,3.05224609375
105,0.091666666666666785,0.0592041015625,1.3101806640625,2.88427734375
105,0.099999999999999645,0.05682373046875,1.3123779296875,3.05389404296875
104,0.49166666666666714,-0.79791259765625,0.17706298828125,8.9716796875
104,0.5,-0.81109619140625,0.13909912109375,9.0919189453125
103,0.49166666666666714,0.63275146484375,1.1490478515625,8.96697998046875
103,0.5,0.640869140625,1.12554931640625,9.087158203125
101,0.49166666666666714,-0.44622802734375,0.87261962890625,8.98956298828125
101,0.5,-0.45416259765625,0.844970703125,9.11004638671875
100,0.49166666666666714,0.79254150390625,0.44769287109375,8.991455078125
100,0.5,0.80303955078125,0.41375732421875,9.11199951171875
99,0.48709480102414071,-0.24755859375,0,8.94061279296875
98,0.49166666666666714,0.14532470703125,0.83709716796875,9.00897216796875
98,0.5,0.14617919921875,0.8089599609375,9.1297607421875
97,0.49166666666666714,0.2998046875,0.2174072265625,9.01812744140625
97,0.5,0.302978515625,0.17999267578125,9.1390380859375
112,0.10833333333333339,0.369384765625,1.32293701171875,3.20245361328125
112,0.11666666666666625,0.388916015625,1.32415771484375,3.36309814453125
111,0.10833333333333339,-0.043212890625,1.047119140625,3.2081298828125
111,0.11666666666666625,-0.05224609375,1.02923583984375,3.369140625
110,0.10833333333333339,0.06707763671875,1.4935302734375,3.20794677734375
110,0.11666666666666625,0.065673828125,1.506591796875,3.36895751953125
109,0.10833333333333339,0.26702880859375,1.12420654296875,3.2103271484375
109,0.11666666666666625,0.27947998046875,1.11163330078125,3.37152099609375
108,0.10833333333333339,-0.08746337890625,1.248779296875,3.214111328125
108,0.11666666666666625,-0.099609375,1.244873046875,3.37554931640625
107,0.10833333333333339,0.21270751953125,1.37408447265625,3.21405029296875
107,0.11666666666666625,0.221435546875,1.37890625,3.37548828125
106,0.10833333333333339,0.09747314453125,1.13568115234375,3.21783447265625
106,0.11666666666666625,0.09814453125,1.1239013671875,3.3795166015625
105,0.10833333333333339,0.05450439453125,1.3138427734375,3.2196044921875
105,0.11666666666666625,0.05218505859375,1.314453125,3.38140869140625
104,0.50833333333333375,-0.82421875,0.1004638671875,9.212158203125
104,0.51666666666666661,-0.83740234375,0.06109619140625,9.3323974609375
103,0.50833333333333375,0.64898681640625,1.10137939453125,9.20733642578125
103,0.51666666666666661,0.6571044921875,1.07647705078125,9.3275146484375
101,0.50833333333333375,-0.46209716796875,0.816650390625,9.23052978515625
101,0.51666666666666661,-0.47003173828125,0.78765869140625,9.35107421875
100,0.50833333333333375,0.81353759765625,0.379150390625,9.2325439453125
100,0.51666666666666661,0.82403564453125,0.34381103515625,9.35302734375
98,0.50833333333333375,0.14703369140625,0.7801513671875,9.2506103515625
98,0.51666666666666661,0.14788818359375,0.7506103515625,9.37139892578125
97,0.50833333333333375,0.30615234375,0.1419677734375,9.25994873046875
97,0.51666666666666661,0.30926513671875,0.10321044921875,9.38092041015625
112,0.125,0.407958984375,1.32464599609375,3.5198974609375
112,0.13333333333333286,0.42657470703125,1.3243408203125,3.67279052734375
111,0.125,-0.06109619140625,1.01104736328125,3.52630615234375
111,0.13333333333333286,-0.06976318359375,0.99249267578125,3.67962646484375
110,0.125,0.06427001953125,1.51861572265625,3.52606201171875
110,0.13333333333333286,0.06292724609375,1.529541015625,3.67938232421875
109,0.125,0.2916259765625,1.09869384765625,3.52880859375
109,0.13333333333333286,0.30352783203125,1.085205078125,3.6822509765625
108,0.125,-0.1114501953125,1.2403564453125,3.53314208984375
108,0.13333333333333286,-0.12298583984375,1.235107421875,3.68682861328125
107,0.125,0.22991943359375,1.38287353515625,3.5330810546875
107,0.13333333333333286,0.2381591796875,1.3858642578125,3.68670654296875
106,0.125,0.09881591796875,1.11175537109375,3.537353515625
106,0.13333333333333286,0.0994873046875,1.09906005859375,3.6912841796875
105,0.125,0.04998779296875,1.3143310546875,3.53936767578125
105,0.13333333333333286,0.04779052734375,1.3133544921875,3.69342041015625
104,0.524176829756775,-0.84930419921875,0,9.44073486328125
103,0.52500000000000036,0.66522216796875,1.05084228515625,9.44769287109375
103,0.53333333333333321,0.67333984375,1.02459716796875,9.56787109375
101,0.52500000000000036,-0.47796630859375,0.7579345703125,9.4715576171875
101,0.53333333333333321,-0.4859619140625,0.72760009765625,9.59210205078125
100,0.52500000000000036,0.83453369140625,0.30780029296875,9.47357177734375
100,0.53333333333333321,0.844970703125,0.2711181640625,9.5941162109375
98,0.52500000000000036,0.14874267578125,0.7203369140625,9.4921875
98,0.53333333333333321,0.149658203125,0.689453125,9.61297607421875
97,0.52500000000000036,0.31243896484375,0.06378173828125,9.5018310546875
97,0.53305682471328175,0.31549072265625,0,9.6187744140625
112,0.14166666666666661,0.44476318359375,1.32318115234375,3.82183837890625
112,0.14999999999999947,0.46240234375,1.32122802734375,3.967041015625
111,0.14166666666666661,-0.078125,0.9736328125,3.82904052734375
111,0.14999999999999947,-0.08636474609375,0.95440673828125,3.97454833984375
110,0.14166666666666661,0.0616455078125,1.53936767578125,3.8287353515625
110,0.14999999999999947,0.06036376953125,1.54815673828125,3.97430419921875
109,0.14166666666666661,0.3150634765625,1.0712890625,3.831787109375
109,0.14999999999999947,0.3262939453125,1.056884765625,3.97747802734375
108,0.14166666666666661,-0.13427734375,1.22918701171875,3.83660888671875
108,0.14999999999999947,-0.14520263671875,1.22259521484375,3.9825439453125
107,0.14166666666666661,0.2462158203125,1.38800048828125,3.8365478515625
107,0.14999999999999947,0.25408935546875,1.3892822265625,3.982421875
106,0.14166666666666661,0.10009765625,1.0858154296875,3.84130859375
106,0.14999999999999947,0.10076904296875,1.0721435546875,3.98748779296875
105,0.14166666666666661,0.045654296875,1.3116455078125,3.84356689453125
105,0.14999999999999947,0.0435791015625,1.30914306640625,3.98980712890625
103,0.541666666666667,0.68145751953125,0.9976806640625,9.68804931640625
103,0.54999999999999982,0.68951416015625,0.9700927734375,9.8082275390625
101,0.541666666666667,-0.493896484375,0.696533203125,9.71258544921875
101,0.54999999999999982,-0.5018310546875,0.66485595703125,9.8331298828125
100,0.541666666666667,0.85546875,0.2337646484375,9.71466064453125
100,0.54999999999999982,0.865966796875,0.19573974609375,9.835205078125
98,0.541666666666667,0.1505126953125,0.65789794921875,9.7337646484375
98,0.54999999999999982,0.1513671875,0.62567138671875,9.8546142578125
112,0.15833333333333321,0.4796142578125,1.3184814453125,4.10833740234375
112,0.16666666666666607,0.496337890625,1.31500244140625,4.24578857421875
111,0.15833333333333321,-0.09429931640625,0.934814453125,4.1162109375
111,0.16666666666666607,-0.10205078125,0.91497802734375,4.2540283203125
110,0.15833333333333321,0.05914306640625,1.5557861328125,4.11590576171875
110,0.16666666666666607,0.05792236328125,1.56243896484375,4.25372314453125
109,0.15833333333333321,0.3372802734375,1.0419921875,4.1192626953125
109,0.16666666666666607,0.347900390625,1.02667236328125,4.2572021484375
108,0.15833333333333321,-0.1558837890625,1.21533203125,4.12457275390625
108,0.16666666666666607,-0.166259765625,1.2073974609375,4.2626953125
107,0.15833333333333321,0.26171875,1.38970947265625,4.12445068359375
107,0.16666666666666607,0.2691650390625,1.38922119140625,4.2625732421875
106,0.15833333333333321,0.10137939453125,1.05804443359375,4.12969970703125
106,0.16666666666666607,0.1019287109375,1.04339599609375,4.26806640625
105,0.15833333333333321,0.04156494140625,1.30584716796875,4.13214111328125
105,0.16666666666666607,0.03961181640625,1.30181884765625,4.2706298828125
103,0.55833333333333357,0.6976318359375,0.94183349609375,9.92840576171875
103,0.56666666666666643,0.70574951171875,0.91290283203125,10.048583984375
101,0.55833333333333357,-0.509765625,0.6324462890625,9.95361328125
101,0.56666666666666643,-0.5177001953125,0.59942626953125,10.07415771484375
100,0.55833333333333357,0.87646484375,0.156982421875,9.95574951171875
100,0.56666666666666643,0.886962890625,0.11761474609375,10.0762939453125
98,0.55833333333333357,0.1522216796875,0.5927734375,9.97540283203125
98,0.56666666666666643,0.153076171875,0.5592041015625,10.09619140625
112,0.17499999999999982,0.5125732421875,1.3106689453125,4.37939453125
112,0.18333333333333357,0.52838134765625,1.30548095703125,4.50909423828125
111,0.17499999999999982,-0.109619140625,0.89471435546875,4.387939453125
111,0.18333333333333357,-0.116943359375,0.8741455078125,4.5179443359375
110,0.17499999999999982,0.05670166015625,1.56793212890625,4.38763427734375
110,0.18333333333333357,0.05560302734375,1.57232666015625,4.51763916015625
109,0.17499999999999982,0.3582763671875,1.01092529296875,4.3912353515625
109,0.18333333333333357,0.36834716796875,0.99462890625,4.52142333984375
108,0.17499999999999982,-0.17633056640625,1.19879150390625,4.39697265625
108,0.18333333333333357,-0.1861572265625,1.18951416015625,4.52734375
107,0.17499999999999982,0.2763671875,1.3878173828125,4.3968505859375
107,0.18333333333333357,0.28338623046875,1.38555908203125,4.5272216796875
106,0.17499999999999982,0.1025390625,1.02825927734375,4.40252685546875
106,0.18333333333333357,0.10308837890625,1.01263427734375,4.53314208984375
105,0.17499999999999982,0.0377197265625,1.29693603515625,4.40521240234375
105,0.18333333333333357,0.035888671875,1.291259765625,4.535888671875
103,0.57500000000000018,0.7138671875,0.88323974609375,10.16876220703125
103,0.58333333333333393,0.72198486328125,0.85284423828125,10.2889404296875
101,0.57500000000000018,-0.525634765625,0.56561279296875,10.19464111328125
101,0.58333333333333393,-0.5335693359375,0.53118896484375,10.315185546875
100,0.57500000000000018,0.89739990234375,0.0775146484375,10.19683837890625
100,0.58333333333333393,0.90789794921875,0.0367431640625,10.3173828125
98,0.57500000000000018,0.1539306640625,0.52484130859375,10.21697998046875
98,0.58333333333333393,0.15478515625,0.4898681640625,10.3377685546875
112,0.19166666666666732,0.543701171875,1.29962158203125,4.63494873046875
112,0.20000000000000018,0.55853271484375,1.2928466796875,4.7569580078125
111,0.19166666666666732,-0.1240234375,0.853271484375,4.64410400390625
111,0.20000000000000018,-0.13092041015625,0.83197021484375,4.76641845703125
110,0.19166666666666732,0.05450439453125,1.57568359375,4.643798828125
110,0.20000000000000018,0.05340576171875,1.57794189453125,4.76605224609375
109,0.19166666666666732,0.37811279296875,0.9779052734375,4.647705078125
109,0.20000000000000018,0.3875732421875,0.960693359375,4.77008056640625
108,0.19166666666666732,-0.1956787109375,1.1795654296875,4.65380859375
108,0.20000000000000018,-0.20489501953125,1.1689453125,4.77642822265625
107,0.19166666666666732,0.29022216796875,1.3824462890625,4.6536865234375
107,0.20000000000000018,0.29681396484375,1.37835693359375,4.77630615234375
106,0.19166666666666732,0.1036376953125,0.99652099609375,4.6597900390625
106,0.20000000000000018,0.10418701171875,0.97991943359375,4.7825927734375
105,0.19166666666666732,0.0340576171875,1.284912109375,4.66265869140625
105,0.20000000000000018,0.0323486328125,1.27764892578125,4.78558349609375
103,0.59166666666666767,0.7301025390625,0.82183837890625,10.40911865234375
103,0.60000000000000053,0.73822021484375,0.7901611328125,10.529296875
101,0.59166666666666767,-0.54150390625,0.49603271484375,10.4356689453125
101,0.60000000000000053,-0.5494384765625,0.46026611328125,10.55621337890625
100,0.58569219411077056,0.910888671875,0,10.35150146484375
98,0.59166666666666767,0.1556396484375,0.4542236328125,10.4586181640625
98,0.60000000000000053,0.156494140625,0.41790771484375,10.57940673828125
112,0.20833333333333393,0.5731201171875,1.285400390625,4.87701416015625
112,0.21666666666666679,0.5877685546875,1.2772216796875,4.9970703125
111,0.20833333333333393,-0.1376953125,0.8101806640625,4.88671875
111,0.21666666666666679,-0.14447021484375,0.7877197265625,5.007080078125
110,0.20833333333333393,0.0523681640625,1.57928466796875,4.88641357421875
110,0.21666666666666679,0.05126953125,1.5799560546875,5.0067138671875
109,0.20833333333333393,0.3968505859375,0.94293212890625,4.89056396484375
109,0.21666666666666679,0.40618896484375,0.92449951171875,5.010986328125
108,0.20833333333333393,-0.21392822265625,1.1575927734375,4.8970947265625
108,0.21666666666666679,-0.2230224609375,1.14556884765625,5.01776123046875
107,0.20833333333333393,0.30328369140625,1.37353515625,4.89697265625
107,0.21666666666666679,0.30975341796875,1.3680419921875,5.017578125
106,0.20833333333333393,0.10467529296875,0.9627685546875,4.9034423828125
106,0.21666666666666679,0.10516357421875,0.94488525390625,5.0242919921875
105,0.20833333333333393,0.0306396484375,1.26971435546875,4.906494140625
105,0.21666666666666679,0.0289306640625,1.2611083984375,5.0274658203125
103,0.60833333333333428,0.74627685546875,0.7578125,10.64947509765625
103,0.61666666666666714,0.75439453125,0.72479248046875,10.7696533203125
101,0.60833333333333428,-0.557373046875,0.42376708984375,10.67669677734375
101,0.61666666666666714,-0.5653076171875,0.38665771484375,10.79718017578125
98,0.60833333333333428,0.1573486328125,0.38092041015625,10.7001953125
98,0.61666666666666714,0.158203125,0.34326171875,10.82098388671875
112,0.22500000000000053,0.60235595703125,1.268310546875,5.11712646484375
112,0.23333333333333339,0.616943359375,1.25885009765625,5.2371826171875
111,0.22500000000000053,-0.15118408203125,0.76458740234375,5.12744140625
111,0.23333333333333339,-0.157958984375,0.74078369140625,5.247802734375
110,0.22500000000000053,0.05023193359375,1.5799560546875,5.1270751953125
110,0.23333333333333339,0.0491943359375,1.57928466796875,5.2474365234375
109,0.22500000000000053,0.41546630859375,0.9052734375,5.1314697265625
109,0.23333333333333339,0.4248046875,0.885498046875,5.251953125
108,0.22500000000000053,-0.2320556640625,1.13287353515625,5.13836669921875
108,0.23333333333333339,-0.24114990234375,1.1195068359375,5.259033203125
107,0.22500000000000053,0.3162841796875,1.36181640625,5.13824462890625
107,0.23333333333333339,0.32275390625,1.35498046875,5.2589111328125
106,0.22500000000000053,0.105712890625,0.92626953125,5.1451416015625
106,0.23333333333333339,0.106201171875,0.9071044921875,5.26605224609375
105,0.22500000000000053,0.0272216796875,1.251708984375,5.14837646484375
105,0.23333333333333339,0.0255126953125,1.24176025390625,5.26934814453125
103,0.62500000000000089,0.76251220703125,0.6910400390625,10.88983154296875
103,0.63333333333333375,0.7706298828125,0.6566162109375,11.010009765625
101,0.62500000000000089,-0.5732421875,0.3487548828125,10.917724609375
101,0.63333333333333375,-0.5811767578125,0.310302734375,11.0382080078125
98,0.62500000000000089,0.15911865234375,0.3048095703125,10.9417724609375
98,0.63333333333333375,0.15997314453125,0.26580810546875,11.0626220703125
112,0.24166666666666714,0.631591796875,1.24859619140625,5.35723876953125
112,0.25,0.64617919921875,1.23779296875,5.477294921875
111,0.24166666666666714,-0.16473388671875,0.71624755859375,5.3681640625
111,0.25,-0.1715087890625,0.69110107421875,5.48846435546875
110,0.24166666666666714,0.04815673828125,1.577880859375,5.36773681640625
110,0.25,0.04705810546875,1.57586669921875,5.48809814453125
109,0.24166666666666714,0.43408203125,0.864990234375,5.37237548828125
109,0.25,0.44342041015625,0.84381103515625,5.49285888671875
108,0.24166666666666714,-0.25018310546875,1.10546875,5.37969970703125
108,0.25,-0.25927734375,1.09075927734375,5.5003662109375
107,0.24166666666666714,0.32928466796875,1.34735107421875,5.37957763671875
107,0.25,0.33575439453125,1.33917236328125,5.500244140625
106,0.24166666666666714,0.10675048828125,0.88714599609375,5.38690185546875
106,0.25,0.10723876953125,0.86663818359375,5.50775146484375
105,0.24166666666666714,0.0238037109375,1.2310791015625,5.3902587890625
105,0.25,0.0220947265625,1.2197265625,5.51123046875
103,0.6416666666666675,0.77874755859375,0.62152099609375,11.13018798828125
103,0.65000000000000036,0.786865234375,0.58575439453125,11.2503662109375
101,0.6416666666666675,-0.589111328125,0.27105712890625,11.15875244140625
101,0.65000000000000036,-0.5970458984375,0.231201171875,11.27923583984375
98,0.6416666666666675,0.16082763671875,0.22607421875,11.18341064453125
98,0.65000000000000036,0.16168212890625,0.1856689453125,11.30419921875
112,0.25833333333333375,0.66082763671875,1.2261962890625,5.59735107421875
112,0.26666666666666661,0.6754150390625,1.2139892578125,5.7174072265625
111,0.25833333333333375,-0.17828369140625,0.66522216796875,5.60882568359375
111,0.26666666666666661,-0.18505859375,0.63873291015625,5.72918701171875
110,0.25833333333333375,0.0460205078125,1.57318115234375,5.6083984375
110,0.26666666666666661,0.04498291015625,1.56976318359375,5.728759765625
109,0.25833333333333375,0.45269775390625,0.82196044921875,5.61334228515625
109,0.26666666666666661,0.4620361328125,0.79937744140625,5.7337646484375
108,0.25833333333333375,-0.268310546875,1.07537841796875,5.62103271484375
108,0.26666666666666661,-0.27740478515625,1.05926513671875,5.74169921875
107,0.25833333333333375,0.34222412109375,1.33026123046875,5.62091064453125
107,0.26666666666666661,0.3487548828125,1.3206787109375,5.74151611328125
106,0.25833333333333375,0.1077880859375,0.8453369140625,5.62860107421875
106,0.26666666666666661,0.1082763671875,0.8233642578125,5.74945068359375
105,0.25833333333333375,0.0203857421875,1.20770263671875,5.63214111328125
105,0.26666666666666661,0.0186767578125,1.19500732421875,5.75311279296875
103,0.6583333333333341,0.79498291015625,0.54931640625,11.37054443359375
103,0.666666666666667,0.8031005859375,0.51220703125,11.49072265625
101,0.6583333333333341,-0.60498046875,0.19061279296875,11.3997802734375
101,0.666666666666667,-0.6129150390625,0.1494140625,11.520263671875
98,0.6583333333333341,0.16253662109375,0.14459228515625,11.42498779296875
98,0.666666666666667,0.16339111328125,0.10284423828125,11.5457763671875
112,0.27500000000000036,0.69000244140625,1.2010498046875,5.83746337890625
112,0.28333333333333321,0.70465087890625,1.1873779296875,5.95751953125
111,0.27500000000000036,-0.19183349609375,0.61151123046875,5.84954833984375
111,0.28333333333333321,-0.1986083984375,0.58355712890625,5.96990966796875
110,0.27500000000000036,0.04388427734375,1.565673828125,5.84912109375
110,0.28333333333333321,0.0428466796875,1.56085205078125,5.96942138671875
109,0.27500000000000036,0.4713134765625,0.77618408203125,5.854248046875
109,0.28333333333333321,0.48065185546875,0.75225830078125,5.9747314453125
108,0.27500000000000036,-0.2864990234375,1.04248046875,5.86236572265625
108,0.28333333333333321,-0.2955322265625,1.0250244140625,5.9830322265625
107,0.27500000000000036,0.355224609375,1.3104248046875,5.8621826171875
107,0.28333333333333321,0.3616943359375,1.2994384765625,5.98284912109375
106,0.27500000000000036,0.10882568359375,0.80078125,5.87030029296875
106,0.28333333333333321,0.10931396484375,0.77740478515625,5.99114990234375
105,0.27500000000000036,0.0169677734375,1.18157958984375,5.8740234375
105,0.28333333333333321,0.0152587890625,1.16748046875,5.9949951171875
103,0.67500000000000071,0.8111572265625,0.474365234375,11.61090087890625
103,0.68333333333333357,0.81927490234375,0.43585205078125,11.7310791015625
101,0.67500000000000071,-0.620849609375,0.107421875,11.64080810546875
101,0.68333333333333357,-0.6287841796875,0.06488037109375,11.76129150390625
98,0.67500000000000071,0.16424560546875,0.060302734375,11.6666259765625
98,0.68182483522813175,0.1649169921875,0,11.76556396484375
112,0.29166666666666696,0.71923828125,1.17315673828125,6.07757568359375
112,0.29999999999999982,0.73382568359375,1.15814208984375,6.1976318359375
111,0.29166666666666696,-0.20538330078125,0.55499267578125,6.0902099609375
111,0.29999999999999982,-0.212158203125,0.5257568359375,6.2105712890625
110,0.29166666666666696,0.04180908203125,1.55548095703125,6.08978271484375
110,0.29999999999999982,0.04071044921875,1.54931640625,6.21014404296875
109,0.29166666666666696,0.48992919921875,0.7276611328125,6.09515380859375
109,0.29999999999999982,0.499267578125,0.702392578125,6.21563720703125
108,0.29166666666666696,-0.30462646484375,1.00689697265625,6.10369873046875
108,0.29999999999999982,-0.31365966796875,0.98809814453125,6.22430419921875
107,0.29166666666666696,0.36822509765625,1.287841796875,6.103515625
107,0.29999999999999982,0.37469482421875,1.27545166015625,6.22418212890625
106,0.29166666666666696,0.10986328125,0.75347900390625,6.11199951171875
106,0.29999999999999982,0.1103515625,0.728759765625,6.23284912109375
105,0.29166666666666696,0.0135498046875,1.15277099609375,6.115966796875
105,0.29999999999999982,0.0118408203125,1.1373291015625,6.23687744140625
103,0.69166666666666732,0.827392578125,0.39666748046875,11.85125732421875
103,0.70000000000000018,0.83551025390625,0.3568115234375,11.971435546875
101,0.69100000087078439,-0.6361083984375,0,11.8721923828125
112,0.30833333333333357,0.74847412109375,1.14251708984375,6.31768798828125
112,0.31666666666666643,0.7630615234375,1.12615966796875,6.437744140625
111,0.30833333333333357,-0.21893310546875,0.49578857421875,6.3309326171875
111,0.31666666666666643,-0.2257080078125,0.46514892578125,6.4512939453125
110,0.30833333333333357,0.0396728515625,1.54248046875,6.3304443359375
110,0.31666666666666643,0.03863525390625,1.5350341796875,6.4508056640625
109,0.30833333333333357,0.508544921875,0.67645263671875,6.33612060546875
109,0.31666666666666643,0.517822265625,0.6497802734375,6.45654296875
108,0.30833333333333357,-0.32275390625,0.96856689453125,6.344970703125
108,0.31666666666666643,-0.331787109375,0.94842529296875,6.46563720703125
107,0.30833333333333357,0.3812255859375,1.262451171875,6.3448486328125
107,0.31666666666666643,0.3876953125,1.248779296875,6.4654541015625
106,0.30833333333333357,0.11090087890625,0.703369140625,6.35369873046875
106,0.31666666666666643,0.11138916015625,0.6773681640625,6.47454833984375
105,0.30833333333333357,0.0101318359375,1.12115478515625,6.35784912109375
105,0.31666666666666643,0.0084228515625,1.1043701171875,6.478759765625
103,0.70833333333333393,0.8436279296875,0.3162841796875,12.09161376953125
103,0.71666666666666679,0.85174560546875,0.27508544921875,12.2117919921875
112,0.32500000000000018,0.7777099609375,1.109130859375,6.55780029296875
112,0.33333333333333304,0.79229736328125,1.09149169921875,6.6778564453125
111,0.32500000000000018,-0.23248291015625,0.433837890625,6.5716552734375
111,0.33333333333333304,-0.2392578125,0.40185546875,6.69195556640625
110,0.32500000000000018,0.03753662109375,1.52685546875,6.57110595703125
110,0.33333333333333304,0.0364990234375,1.51800537109375,6.69146728515625
109,0.32500000000000018,0.52716064453125,0.62249755859375,6.5770263671875
109,0.33333333333333304,0.53643798828125,0.59454345703125,6.697509765625
108,0.32500000000000018,-0.34088134765625,0.92755126953125,6.5863037109375
108,0.33333333333333304,-0.34991455078125,0.906005859375,6.70697021484375
107,0.32500000000000018,0.3941650390625,1.23443603515625,6.58612060546875
107,0.33333333333333304,0.40069580078125,1.21942138671875,6.706787109375
106,0.32500000000000018,0.1119384765625,0.650634765625,6.59539794921875
106,0.33333333333333304,0.1124267578125,0.623291015625,6.71624755859375
105,0.32500000000000018,0.0067138671875,1.0869140625,6.5997314453125
105,0.33333333333333304,0.0050048828125,1.0687255859375,6.72064208984375
103,0.72500000000000053,0.85986328125,0.23321533203125,12.33197021484375
103,0.73333333333333339,0.86798095703125,0.19061279296875,12.4521484375
112,0.34166666666666679,0.806884765625,1.0731201171875,6.79791259765625
112,0.34999999999999964,0.821533203125,1.0540771484375,6.91796875
111,0.34166666666666679,-0.24603271484375,0.3692626953125,6.81231689453125
111,0.34999999999999964,-0.2528076171875,0.33587646484375,6.93267822265625
110,0.34166666666666679,0.03546142578125,1.50848388671875,6.81182861328125
110,0.34999999999999964,0.034423828125,1.498291015625,6.93212890625
109,0.34166666666666679,0.5457763671875,0.56585693359375,6.81793212890625
109,0.34999999999999964,0.5550537109375,0.5364990234375,6.93841552734375
108,0.34166666666666679,-0.3590087890625,0.88385009765625,6.82763671875
108,0.34999999999999964,-0.3680419921875,0.86090087890625,6.94830322265625
107,0.34166666666666679,0.40716552734375,1.2037353515625,6.82745361328125
107,0.34999999999999964,0.41363525390625,1.18731689453125,6.9481201171875
106,0.34166666666666679,0.11297607421875,0.59521484375,6.83709716796875
106,0.34999999999999964,0.11346435546875,0.56646728515625,6.95794677734375
105,0.34166666666666679,0.0032958984375,1.0499267578125,6.84161376953125
105,0.34999999999999964,0.0015869140625,1.0303955078125,6.9625244140625
103,0.74166666666666714,0.87603759765625,0.1473388671875,12.57232666015625
103,0.75,0.8841552734375,0.1033935546875,12.6925048828125
112,0.35833333333333339,0.83612060546875,1.0343017578125,7.03802490234375
112,0.36666666666666625,0.8507080078125,1.013916015625,7.1580810546875
111,0.35833333333333339,-0.25958251953125,0.30181884765625,7.05303955078125
111,0.36666666666666625,-0.266357421875,0.26715087890625,7.17340087890625
110,0.35833333333333339,0.0333251953125,1.48736572265625,7.052490234375
110,0.36666666666666625,0.03228759765625,1.475830078125,7.1728515625
109,0.35833333333333339,0.56439208984375,0.5064697265625,7.05889892578125
109,0.36666666666666625,0.57366943359375,0.47576904296875,7.1793212890625
108,0.35833333333333339,-0.37713623046875,0.83734130859375,7.0689697265625
108,0.36666666666666625,-0.38623046875,0.8131103515625,7.18963623046875
107,0.35833333333333339,0.420166015625,1.170166015625,7.0687255859375
107,0.36666666666666625,0.4266357421875,1.1524658203125,7.18939208984375
106,0.35833333333333339,0.114013671875,0.5369873046875,7.07879638671875
106,0.36666666666666625,0.114501953125,0.50689697265625,7.19964599609375
105,0.35833333333333339,-0.0001220703125,1.0101318359375,7.08349609375
105,0.36666666666666625,-0.0018310546875,0.98931884765625,7.20440673828125
103,0.75833333333333375,0.89227294921875,0.05877685546875,12.8126220703125
103,0.76454627184617718,0.8983154296875,0,12.9022216796875
112,0.375,0.8653564453125,0.99285888671875,7.27813720703125
112,0.38333333333333286,0.87994384765625,0.9710693359375,7.398193359375
111,0.375,-0.27313232421875,0.23175048828125,7.293701171875
111,0.38333333333333286,-0.2799072265625,0.19573974609375,7.4140625
110,0.375,0.03125,1.46356201171875,7.29315185546875
110,0.38333333333333286,0.0301513671875,1.45068359375,7.41351318359375
109,0.375,0.5830078125,0.44439697265625,7.2998046875
109,0.38333333333333286,0.59228515625,0.41229248046875,7.4202880859375
108,0.375,-0.395263671875,0.7882080078125,7.31024169921875
108,0.38333333333333286,-0.40435791015625,0.7625732421875,7.430908203125
107,0.375,0.43316650390625,1.134033203125,7.31005859375
107,0.38333333333333286,0.43963623046875,1.11492919921875,7.43072509765625
106,0.375,0.11505126953125,0.47613525390625,7.32049560546875
106,0.38333333333333286,0.11553955078125,0.44464111328125,7.44134521484375
105,0.375,-0.0035400390625,0.9677734375,7.32537841796875
105,0.38333333333333286,-0.0052490234375,0.945556640625,7.4462890625
113,0,0.08746337890625,1.25909423828125,0.88604736328125
114,0,0.08746337890625,1.25909423828125,0.88604736328125
115,0,0.08746337890625,1.25909423828125,0.88604736328125
116,0,0.08746337890625,1.25909423828125,0.88604736328125
117,0,0.08746337890625,1.25909423828125,0.88604736328125
118,0,0.08746337890625,1.25909423828125,0.88604736328125
119,0,0.08746337890625,1.25909423828125,0.88604736328125
120,0,0.08746337890625,1.25909423828125,0.88604736328125
112,0.39166666666666661,0.89459228515625,0.9486083984375,7.51824951171875
112,0.39999999999999947,0.9091796875,0.92547607421875,7.6383056640625
111,0.39166666666666661,-0.28668212890625,0.158935546875,7.534423828125
111,0.39999999999999947,-0.29345703125,0.12152099609375,7.65478515625
110,0.39166666666666661,0.02911376953125,1.43701171875,7.5338134765625
110,0.39999999999999947,0.028076171875,1.4227294921875,7.6541748046875
109,0.39166666666666661,0.60162353515625,0.3795166015625,7.54071044921875
109,0.39999999999999947,0.61090087890625,0.34613037109375,7.66119384765625
108,0.39166666666666661,-0.41339111328125,0.73626708984375,7.55157470703125
108,0.39999999999999947,-0.4224853515625,0.70928955078125,7.6722412109375
107,0.39166666666666661,0.44610595703125,1.0950927734375,7.5513916015625
107,0.39999999999999947,0.45263671875,1.07464599609375,7.67205810546875
106,0.39166666666666661,0.1160888671875,0.4124755859375,7.56219482421875
106,0.39999999999999947,0.1165771484375,0.379638671875,7.68304443359375
105,0.39166666666666661,-0.0069580078125,0.92254638671875,7.5672607421875
105,0.39999999999999947,-0.0086669921875,0.89898681640625,7.688232421875
120,0.0083333333333337478,0.0693359375,1.269775390625,1.06817626953125
120,0.016666666666665719,0.0511474609375,1.2803955078125,1.25030517578125
119,0.0083333333333337478,0.1080322265625,1.26507568359375,1.068115234375
119,0.016666666666665719,0.1285400390625,1.27099609375,1.25018310546875
118,0.0083333333333337478,0.07861328125,1.244140625,1.06854248046875
118,0.016666666666665719,0.0697021484375,1.2291259765625,1.25103759765625
117,0.0083333333333337478,0.0855712890625,1.2763671875,1.06854248046875
117,0.016666666666665719,0.083740234375,1.2935791015625,1.25103759765625
116,0.0083333333333337478,0.100341796875,1.25079345703125,1.0687255859375
116,0.016666666666665719,0.11322021484375,1.24249267578125,1.25140380859375
115,0.0083333333333337478,0.0760498046875,1.2586669921875,1.06903076171875
115,0.016666666666665719,0.06463623046875,1.25830078125,1.25201416015625
114,0.0083333333333337478,0.0950927734375,1.2669677734375,1.06903076171875
114,0.016666666666665719,0.102783203125,1.27484130859375,1.2520751953125
113,0.0083333333333337478,0.08856201171875,1.254150390625,1.0693359375
113,0.016666666666665719,0.08966064453125,1.249267578125,1.2525634765625
112,0.40833333333333321,0.92376708984375,0.90167236328125,7.75836181640625
112,0.41666666666666607,0.93841552734375,0.877197265625,7.87841796875
111,0.40833333333333321,-0.30023193359375,0.0833740234375,7.775146484375
111,0.41666666666666607,-0.3070068359375,0.044677734375,7.89544677734375
110,0.40833333333333321,0.0269775390625,1.40777587890625,7.7745361328125
110,0.41666666666666607,0.02593994140625,1.39215087890625,7.89483642578125
109,0.40833333333333321,0.6202392578125,0.31195068359375,7.78167724609375
109,0.41666666666666607,0.6295166015625,0.2772216796875,7.902099609375
108,0.40833333333333321,-0.4315185546875,0.68157958984375,7.79290771484375
108,0.41666666666666607,-0.44061279296875,0.6533203125,7.91357421875
107,0.40833333333333321,0.4591064453125,1.053466796875,7.79266357421875
107,0.41666666666666607,0.465576171875,1.03167724609375,7.913330078125
106,0.40833333333333321,0.11712646484375,0.3460693359375,7.80389404296875
106,0.41666666666666607,0.11761474609375,0.31195068359375,7.92474365234375
105,0.40833333333333321,-0.0103759765625,0.87469482421875,7.80914306640625
105,0.41666666666666607,-0.0120849609375,0.8497314453125,7.93011474609375
120,0.024999999999999467,0.03302001953125,1.29107666015625,1.43243408203125
120,0.033333333333333215,0.014892578125,1.30169677734375,1.61456298828125
119,0.024999999999999467,0.14910888671875,1.2769775390625,1.43231201171875
119,0.033333333333333215,0.16961669921875,1.28289794921875,1.6143798828125
118,0.024999999999999467,0.06085205078125,1.21417236328125,1.43353271484375
118,0.033333333333333215,0.05194091796875,1.19915771484375,1.6160888671875
117,0.024999999999999467,0.08184814453125,1.31085205078125,1.43359375
117,0.033333333333333215,0.08001708984375,1.328125,1.6160888671875
116,0.024999999999999467,0.12603759765625,1.234130859375,1.43414306640625
116,0.033333333333333215,0.138916015625,1.225830078125,1.6168212890625
115,0.024999999999999467,0.05316162109375,1.25787353515625,1.43499755859375
115,0.033333333333333215,0.041748046875,1.2574462890625,1.61798095703125
114,0.024999999999999467,0.11041259765625,1.28277587890625,1.43505859375
114,0.033333333333333215,0.1180419921875,1.2906494140625,1.6180419921875
113,0.024999999999999467,0.0906982421875,1.24432373046875,1.43585205078125
113,0.033333333333333215,0.091796875,1.23944091796875,1.61907958984375
112,0.42499999999999982,0.9530029296875,0.85198974609375,7.99847412109375
112,0.43333333333333357,0.96759033203125,0.826171875,8.1185302734375
111,0.42081658902940144,-0.31036376953125,0,7.95538330078125
110,0.42499999999999982,0.02490234375,1.37579345703125,8.01519775390625
110,0.43333333333333357,0.02386474609375,1.3587646484375,8.13555908203125
109,0.42499999999999982,0.63885498046875,0.24176025390625,8.0225830078125
109,0.43333333333333357,0.64813232421875,0.20556640625,8.14306640625
108,0.42499999999999982,-0.44964599609375,0.624267578125,8.03424072265625
108,0.43333333333333357,-0.458740234375,0.5946044921875,8.1549072265625
107,0.42499999999999982,0.47210693359375,1.00909423828125,8.03399658203125
107,0.43333333333333357,0.47857666015625,0.98590087890625,8.1546630859375
106,0.42499999999999982,0.1181640625,0.27703857421875,8.04559326171875
106,0.43333333333333357,0.11865234375,0.24151611328125,8.16650390625
105,0.42499999999999982,-0.0137939453125,0.8240966796875,8.051025390625
105,0.43333333333333357,-0.0155029296875,0.79779052734375,8.1719970703125
120,0.041666666666666963,-0.00323486328125,1.3123779296875,1.796630859375
120,0.049999999999999822,-0.02142333984375,1.322998046875,1.978759765625
119,0.041666666666666963,0.190185546875,1.28887939453125,1.79644775390625
119,0.049999999999999822,0.21075439453125,1.2947998046875,1.978515625
118,0.041666666666666963,0.0430908203125,1.1842041015625,1.798583984375
118,0.049999999999999822,0.03424072265625,1.16925048828125,1.9810791015625
117,0.041666666666666963,0.078125,1.3453369140625,1.798583984375
117,0.049999999999999822,0.07623291015625,1.36260986328125,1.9810791015625
116,0.041666666666666963,0.15179443359375,1.217529296875,1.79949951171875
116,0.049999999999999822,0.1646728515625,1.209228515625,1.982177734375
115,0.041666666666666963,0.03033447265625,1.257080078125,1.8009033203125
115,0.049999999999999822,0.0189208984375,1.25665283203125,1.98388671875
114,0.041666666666666963,0.125732421875,1.29852294921875,1.80108642578125
114,0.049999999999999822,0.13336181640625,1.306396484375,1.98406982421875
113,0.041666666666666963,0.0928955078125,1.2344970703125,1.8023681640625
113,0.049999999999999822,0.093994140625,1.22955322265625,1.98565673828125
112,0.44166666666666732,0.98223876953125,0.799560546875,8.23858642578125
112,0.45000000000000018,0.996826171875,0.77239990234375,8.358642578125
110,0.44166666666666732,0.02276611328125,1.341064453125,8.255859375
110,0.45000000000000018,0.021728515625,1.32269287109375,8.376220703125
109,0.44166666666666732,0.657470703125,0.168701171875,8.26348876953125
109,0.45000000000000018,0.666748046875,0.1312255859375,8.38397216796875
108,0.44166666666666732,-0.46783447265625,0.56414794921875,8.27557373046875
108,0.45000000000000018,-0.47686767578125,0.53314208984375,8.39617919921875
107,0.44166666666666732,0.485107421875,0.96197509765625,8.27532958984375
107,0.45000000000000018,0.4915771484375,0.93743896484375,8.39599609375
106,0.44166666666666732,0.11920166015625,0.2052001953125,8.287353515625
106,0.45000000000000018,0.11968994140625,0.16827392578125,8.408203125
105,0.44166666666666732,-0.0172119140625,0.77069091796875,8.29290771484375
105,0.45000000000000018,-0.0189208984375,0.7430419921875,8.41387939453125
120,0.05833333333333357,-0.03955078125,1.33367919921875,2.160888671875
120,0.06666666666666643,-0.05767822265625,1.3443603515625,2.343017578125
119,0.05833333333333357,0.23126220703125,1.30078125,2.16064453125
119,0.06666666666666643,0.2518310546875,1.3067626953125,2.34271240234375
118,0.05833333333333357,0.02532958984375,1.15423583984375,2.16357421875
118,0.06666666666666643,0.0164794921875,1.1392822265625,2.3460693359375
117,0.05833333333333357,0.07440185546875,1.3798828125,2.16363525390625
117,0.06666666666666643,0.072509765625,1.3970947265625,2.34613037109375
116,0.05833333333333357,0.177490234375,1.20086669921875,2.1649169921875
116,0.06666666666666643,0.19036865234375,1.19256591796875,2.34759521484375
115,0.05833333333333357,0.00750732421875,1.2562255859375,2.1668701171875
115,0.06666666666666643,-0.00396728515625,1.255859375,2.349853515625
114,0.05833333333333357,0.1409912109375,1.3143310546875,2.16705322265625
114,0.06666666666666643,0.14862060546875,1.32220458984375,2.35009765625
113,0.05833333333333357,0.0950927734375,1.22467041015625,2.16888427734375
113,0.06666666666666643,0.09619140625,1.2197265625,2.3521728515625
112,0.45833333333333393,1.01141357421875,0.7445068359375,8.47869873046875
112,0.46666666666666679,1.02606201171875,0.71588134765625,8.5987548828125
110,0.45833333333333393,0.02069091796875,1.30364990234375,8.49658203125
110,0.46666666666666679,0.01959228515625,1.28387451171875,8.61688232421875
109,0.45833333333333393,0.67608642578125,0.093017578125,8.50445556640625
109,0.46666666666666679,0.68536376953125,0.05413818359375,8.62493896484375
108,0.45833333333333393,-0.4859619140625,0.50140380859375,8.516845703125
108,0.46666666666666679,-0.4949951171875,0.46893310546875,8.63751220703125
107,0.45833333333333393,0.498046875,0.9122314453125,8.5166015625
107,0.46666666666666679,0.50457763671875,0.88629150390625,8.63726806640625
106,0.45833333333333393,0.1202392578125,0.1307373046875,8.529052734375
106,0.46666666666666679,0.1207275390625,0.0924072265625,8.64990234375
105,0.45833333333333393,-0.0206298828125,0.7147216796875,8.5347900390625
105,0.46666666666666679,-0.0223388671875,0.68560791015625,8.65576171875
120,0.075000000000000178,-0.07562255859375,1.3544921875,2.523193359375
120,0.083333333333333037,-0.09320068359375,1.36383056640625,2.69952392578125
119,0.075000000000000178,0.27215576171875,1.312255859375,2.5228271484375
119,0.083333333333333037,0.29205322265625,1.31707763671875,2.6990966796875
118,0.075000000000000178,0.0076904296875,1.12408447265625,2.52667236328125
118,0.083333333333333037,-0.00091552734375,1.108642578125,2.703369140625
117,0.075000000000000178,0.0706787109375,1.413818359375,2.52667236328125
117,0.083333333333333037,0.06884765625,1.4295654296875,2.703369140625
116,0.075000000000000178,0.203125,1.1839599609375,2.5283203125
116,0.083333333333333037,0.215576171875,1.1749267578125,2.7052001953125
115,0.075000000000000178,-0.0152587890625,1.25506591796875,2.5308837890625
115,0.083333333333333037,-0.02630615234375,1.25372314453125,2.7080078125
114,0.075000000000000178,0.15618896484375,1.32965087890625,2.5311279296875
114,0.083333333333333037,0.16363525390625,1.3363037109375,2.70831298828125
113,0.075000000000000178,0.09722900390625,1.2144775390625,2.533447265625
113,0.083333333333333037,0.0982666015625,1.208740234375,2.71087646484375
112,0.47500000000000053,1.0406494140625,0.6866455078125,8.71881103515625
112,0.48333333333333339,1.0552978515625,0.65667724609375,8.8388671875
110,0.47500000000000053,0.0185546875,1.26348876953125,8.73724365234375
110,0.48333333333333339,0.01751708984375,1.24237060546875,8.8575439453125
109,0.47279404213895593,0.69219970703125,0,8.7135009765625
108,0.47500000000000053,-0.50408935546875,0.43585205078125,8.7581787109375
108,0.48333333333333339,-0.51312255859375,0.40203857421875,8.87884521484375
107,0.47500000000000053,0.51104736328125,0.85968017578125,8.7579345703125
107,0.48333333333333339,0.51751708984375,0.83233642578125,8.87860107421875
106,0.47500000000000053,0.1212158203125,0.053466796875,8.770751953125
106,0.48097692290720445,0.12158203125,0,8.857421875
105,0.47500000000000053,-0.0240478515625,0.6558837890625,8.77667236328125
105,0.48333333333333339,-0.0257568359375,0.62548828125,8.89764404296875
120,0.091666666666666785,-0.1103515625,1.37225341796875,2.8719482421875
120,0.099999999999999645,-0.12713623046875,1.37969970703125,3.04052734375
119,0.091666666666666785,0.3115234375,1.32098388671875,2.87152099609375
119,0.099999999999999645,0.33050537109375,1.3240966796875,3.0400390625
118,0.091666666666666785,-0.00927734375,1.09271240234375,2.87615966796875
118,0.099999999999999645,-0.01751708984375,1.07647705078125,3.04510498046875
117,0.091666666666666785,0.06707763671875,1.44415283203125,2.876220703125
117,0.099999999999999645,0.06536865234375,1.457763671875,3.045166015625
116,0.091666666666666785,0.22772216796875,1.16534423828125,2.878173828125
116,0.099999999999999645,0.23968505859375,1.1552734375,3.04730224609375
115,0.091666666666666785,-0.037109375,1.2515869140625,2.88128662109375
115,0.099999999999999645,-0.04766845703125,1.24884033203125,3.0506591796875
114,0.091666666666666785,0.17083740234375,1.342041015625,2.881591796875
114,0.099999999999999645,0.17791748046875,1.34698486328125,3.05096435546875
113,0.091666666666666785,0.09930419921875,1.202392578125,2.8843994140625
113,0.099999999999999645,0.100341796875,1.1954345703125,3.0540771484375
112,0.49166666666666714,1.06988525390625,0.6260986328125,8.95892333984375
112,0.5,1.08447265625,0.59478759765625,9.0789794921875
110,0.49166666666666714,0.01641845703125,1.2205810546875,8.9779052734375
110,0.5,0.015380859375,1.19818115234375,9.0982666015625
108,0.49166666666666714,-0.522216796875,0.36761474609375,8.99951171875
108,0.5,-0.53125,0.33245849609375,9.12017822265625
107,0.49166666666666714,0.5240478515625,0.80438232421875,8.999267578125
107,0.5,0.530517578125,0.7757568359375,9.11993408203125
105,0.49166666666666714,-0.0274658203125,0.59442138671875,9.0185546875
105,0.5,-0.0291748046875,0.5626220703125,9.1395263671875
120,0.10833333333333339,-0.1435546875,1.38629150390625,3.20526123046875
120,0.11666666666666625,-0.15960693359375,1.39190673828125,3.3660888671875
119,0.10833333333333339,0.34912109375,1.32647705078125,3.2047119140625
119,0.11666666666666625,0.36724853515625,1.32794189453125,3.36553955078125
118,0.10833333333333339,-0.0255126953125,1.05987548828125,3.21014404296875
118,0.11666666666666625,-0.03338623046875,1.04290771484375,3.371337890625
117,0.10833333333333339,0.06365966796875,1.4703369140625,3.210205078125
117,0.11666666666666625,0.06201171875,1.48175048828125,3.37139892578125
116,0.10833333333333339,0.25128173828125,1.14471435546875,3.2125244140625
116,0.11666666666666625,0.26263427734375,1.13360595703125,3.37384033203125
115,0.10833333333333339,-0.05804443359375,1.24542236328125,3.21612548828125
115,0.11666666666666625,-0.068115234375,1.24127197265625,3.37774658203125
114,0.10833333333333339,0.18487548828125,1.35107421875,3.21649169921875
114,0.11666666666666625,0.19158935546875,1.354248046875,3.37811279296875
113,0.10833333333333339,0.101318359375,1.18792724609375,3.21978759765625
113,0.11666666666666625,0.102294921875,1.1798095703125,3.38165283203125
112,0.50833333333333375,1.09912109375,0.5628662109375,9.19903564453125
112,0.51666666666666661,1.11370849609375,0.5301513671875,9.319091796875
110,0.50833333333333375,0.01434326171875,1.175048828125,9.21856689453125
110,0.51666666666666661,0.01324462890625,1.15118408203125,9.33892822265625
108,0.50833333333333375,-0.54034423828125,0.29669189453125,9.2408447265625
108,0.51666666666666661,-0.54937744140625,0.2601318359375,9.36151123046875
107,0.50833333333333375,0.53704833984375,0.7464599609375,9.24053955078125
107,0.51666666666666661,0.54351806640625,0.7164306640625,9.3612060546875
105,0.50833333333333375,-0.0308837890625,0.53021240234375,9.260498046875
105,0.51666666666666661,-0.0325927734375,0.4970703125,9.38140869140625
120,0.125,-0.17523193359375,1.396728515625,3.5230712890625
120,0.13333333333333286,-0.19049072265625,1.40057373046875,3.6761474609375
119,0.125,0.38494873046875,1.32867431640625,3.5224609375
119,0.13333333333333286,0.4022216796875,1.32855224609375,3.675537109375
118,0.125,-0.041015625,1.02557373046875,3.52862548828125
118,0.13333333333333286,-0.0484619140625,1.00787353515625,3.6820068359375
117,0.125,0.0604248046875,1.49224853515625,3.5286865234375
117,0.13333333333333286,0.058837890625,1.50164794921875,3.68212890625
116,0.125,0.27374267578125,1.12200927734375,3.53131103515625
116,0.13333333333333286,0.2845458984375,1.10992431640625,3.68487548828125
115,0.125,-0.07794189453125,1.23651123046875,3.53546142578125
115,0.13333333333333286,-0.08758544921875,1.2310791015625,3.68927001953125
114,0.125,0.19818115234375,1.35662841796875,3.53582763671875
114,0.13333333333333286,0.20465087890625,1.358154296875,3.68963623046875
113,0.125,0.10321044921875,1.17120361328125,3.53961181640625
113,0.13333333333333286,0.1041259765625,1.16192626953125,3.69366455078125
112,0.52500000000000036,1.1282958984375,0.49676513671875,9.43914794921875
112,0.53333333333333321,1.1429443359375,0.4627685546875,9.5592041015625
110,0.52500000000000036,0.01220703125,1.12664794921875,9.45928955078125
110,0.53333333333333321,0.01116943359375,1.10150146484375,9.57958984375
108,0.52500000000000036,-0.5584716796875,0.222900390625,9.48211669921875
108,0.53333333333333321,-0.56756591796875,0.18505859375,9.602783203125
107,0.52500000000000036,0.54998779296875,0.68572998046875,9.48187255859375
107,0.53333333333333321,0.5565185546875,0.65435791015625,9.6025390625
105,0.52500000000000036,-0.0343017578125,0.46319580078125,9.50238037109375
105,0.53333333333333321,-0.0360107421875,0.4287109375,9.623291015625
120,0.14166666666666661,-0.205322265625,1.40350341796875,3.82537841796875
120,0.14999999999999947,-0.2198486328125,1.405517578125,3.97076416015625
119,0.14166666666666661,0.4190673828125,1.32763671875,3.82470703125
119,0.14999999999999947,0.43548583984375,1.325927734375,3.97003173828125
118,0.14166666666666661,-0.05572509765625,0.98980712890625,3.83154296875
118,0.14999999999999947,-0.06280517578125,0.97137451171875,3.97723388671875
117,0.14166666666666661,0.05731201171875,1.50994873046875,3.8316650390625
117,0.14999999999999947,0.05584716796875,1.51727294921875,3.977294921875
116,0.14166666666666661,0.29510498046875,1.0972900390625,3.8345947265625
116,0.14999999999999947,0.30535888671875,1.08416748046875,3.98040771484375
115,0.14166666666666661,-0.096923828125,1.22491455078125,3.83917236328125
115,0.14999999999999947,-0.1060791015625,1.2181396484375,3.9852294921875
114,0.14166666666666661,0.21087646484375,1.35882568359375,3.839599609375
114,0.14999999999999947,0.21697998046875,1.358642578125,3.98565673828125
113,0.14166666666666661,0.10504150390625,1.152099609375,3.84381103515625
113,0.14999999999999947,0.10589599609375,1.14166259765625,3.9901123046875
112,0.541666666666667,1.15753173828125,0.42803955078125,9.67926025390625
112,0.54999999999999982,1.17218017578125,0.3927001953125,9.79931640625
110,0.541666666666667,0.0101318359375,1.07562255859375,9.699951171875
110,0.54999999999999982,0.009033203125,1.049072265625,9.82025146484375
108,0.541666666666667,-0.57659912109375,0.146484375,9.72344970703125
108,0.54999999999999982,-0.585693359375,0.1072998046875,9.8441162109375
107,0.541666666666667,0.56298828125,0.62225341796875,9.72320556640625
107,0.54999999999999982,0.5694580078125,0.58953857421875,9.8438720703125
105,0.541666666666667,-0.0377197265625,0.3935546875,9.7442626953125
105,0.54999999999999982,-0.0394287109375,0.357666015625,9.86517333984375
120,0.15833333333333321,-0.23394775390625,1.40667724609375,4.11224365234375
120,0.16666666666666607,-0.24761962890625,1.40692138671875,4.24981689453125
119,0.15833333333333321,0.451416015625,1.3233642578125,4.11151123046875
119,0.16666666666666607,0.4669189453125,1.320068359375,4.24908447265625
118,0.15833333333333321,-0.0697021484375,0.95257568359375,4.1190185546875
118,0.16666666666666607,-0.076416015625,0.9334716796875,4.25689697265625
117,0.15833333333333321,0.05438232421875,1.52349853515625,4.11907958984375
117,0.16666666666666607,0.052978515625,1.52874755859375,4.25701904296875
116,0.15833333333333321,0.31536865234375,1.07061767578125,4.122314453125
116,0.16666666666666607,0.3250732421875,1.0565185546875,4.2603759765625
115,0.15833333333333321,-0.11492919921875,1.210693359375,4.12738037109375
115,0.16666666666666607,-0.12353515625,1.20257568359375,4.265625
114,0.15833333333333321,0.22296142578125,1.35760498046875,4.12786865234375
114,0.16666666666666607,0.22869873046875,1.35577392578125,4.26611328125
113,0.15833333333333321,0.10675048828125,1.1307373046875,4.1324462890625
113,0.16666666666666607,0.1075439453125,1.11920166015625,4.27093505859375
112,0.55833333333333357,1.186767578125,0.35662841796875,9.91937255859375
112,0.56666666666666643,1.20135498046875,0.31988525390625,10.0394287109375
110,0.55833333333333357,0.00799560546875,1.0218505859375,9.94061279296875
110,0.56666666666666643,0.0069580078125,0.9940185546875,10.06097412109375
108,0.55833333333333357,-0.5947265625,0.0673828125,9.96478271484375
108,0.56666666666666643,-0.60382080078125,0.02685546875,10.08544921875
107,0.55833333333333357,0.57598876953125,0.55615234375,9.9644775390625
107,0.56666666666666643,0.58245849609375,0.5220947265625,10.08514404296875
105,0.55833333333333357,-0.0411376953125,0.3211669921875,9.98614501953125
105,0.56666666666666643,-0.0428466796875,0.28399658203125,10.1070556640625
120,0.17499999999999982,-0.260986328125,1.40625,4.38360595703125
120,0.18333333333333268,-0.27392578125,1.40460205078125,4.51348876953125
119,0.17499999999999982,0.4820556640625,1.31597900390625,4.3828125
119,0.18333333333333268,0.4967041015625,1.31097412109375,4.51263427734375
118,0.17499999999999982,-0.08294677734375,0.91400146484375,4.39093017578125
118,0.18333333333333268,-0.08929443359375,0.89410400390625,4.5211181640625
117,0.17499999999999982,0.05157470703125,1.532958984375,4.39105224609375
117,0.18333333333333268,0.05023193359375,1.5360107421875,4.52117919921875
116,0.17499999999999982,0.33453369140625,1.04193115234375,4.39453125
116,0.18333333333333268,0.34368896484375,1.0267333984375,4.52484130859375
115,0.17499999999999982,-0.1319580078125,1.19378662109375,4.4000244140625
115,0.18333333333333268,-0.14007568359375,1.18426513671875,4.53045654296875
114,0.17499999999999982,0.23431396484375,1.35308837890625,4.4005126953125
114,0.18333333333333268,0.23980712890625,1.3494873046875,4.531005859375
113,0.17499999999999982,0.10833740234375,1.10711669921875,4.405517578125
113,0.18333333333333268,0.109130859375,1.0943603515625,4.53619384765625
112,0.57500000000000018,1.21600341796875,0.282470703125,10.15948486328125
112,0.583333333333333,1.2305908203125,0.24432373046875,10.279541015625
110,0.57500000000000018,0.005859375,0.96539306640625,10.1812744140625
110,0.583333333333333,0.00482177734375,0.93609619140625,10.3016357421875
108,0.56703840451056586,-0.604248046875,0,10.0908203125
107,0.57500000000000018,0.5889892578125,0.4873046875,10.205810546875
107,0.583333333333333,0.595458984375,0.45184326171875,10.32647705078125
105,0.57500000000000018,-0.0445556640625,0.24603271484375,10.22802734375
105,0.583333333333333,-0.0462646484375,0.20745849609375,10.34893798828125
120,0.19166666666666643,-0.28643798828125,1.40216064453125,4.63946533203125
120,0.19999999999999929,-0.29864501953125,1.39874267578125,4.7615966796875
119,0.19166666666666643,0.51092529296875,1.3052978515625,4.63861083984375
119,0.19999999999999929,0.524658203125,1.2987060546875,4.7607421875
118,0.19166666666666643,-0.09539794921875,0.8739013671875,4.6473388671875
118,0.19999999999999929,-0.10137939453125,0.853271484375,4.769775390625
117,0.19166666666666643,0.0489501953125,1.53814697265625,4.6474609375
117,0.19999999999999929,0.0477294921875,1.53912353515625,4.76983642578125
116,0.19166666666666643,0.35260009765625,1.01116943359375,4.6512451171875
116,0.19999999999999929,0.3612060546875,0.99505615234375,4.77374267578125
115,0.19166666666666643,-0.14801025390625,1.17413330078125,4.6571044921875
115,0.19999999999999929,-0.1556396484375,1.163330078125,4.77978515625
114,0.19166666666666643,0.24505615234375,1.3450927734375,4.65765380859375
114,0.19999999999999929,0.25018310546875,1.33984375,4.7803955078125
113,0.19166666666666643,0.10986328125,1.08111572265625,4.66302490234375
113,0.19999999999999929,0.110595703125,1.0672607421875,4.785888671875
112,0.59166666666666679,1.24517822265625,0.20556640625,10.39959716796875
112,0.59999999999999964,1.25982666015625,0.16607666015625,10.5196533203125
110,0.59166666666666679,0.0037841796875,0.90618896484375,10.4219970703125
110,0.59999999999999964,0.002685546875,0.87554931640625,10.54229736328125
107,0.59166666666666679,0.6019287109375,0.41571044921875,10.4471435546875
107,0.59999999999999964,0.60845947265625,0.37890625,10.56781005859375
105,0.59166666666666679,-0.0479736328125,0.168212890625,10.46990966796875
105,0.59999999999999964,-0.0496826171875,0.1282958984375,10.5908203125
120,0.20833333333333304,-0.31060791015625,1.39453125,4.88177490234375
120,0.2166666666666659,-0.32257080078125,1.38970947265625,5.00201416015625
119,0.20833333333333304,0.5382080078125,1.29144287109375,4.88092041015625
119,0.2166666666666659,0.55181884765625,1.283447265625,5.0010986328125
118,0.20833333333333304,-0.10723876953125,0.8321533203125,4.89019775390625
118,0.2166666666666659,-0.11309814453125,0.81036376953125,5.01068115234375
117,0.20833333333333304,0.0465087890625,1.539306640625,4.89031982421875
117,0.2166666666666659,0.04522705078125,1.53875732421875,5.01080322265625
116,0.20833333333333304,0.3697509765625,0.97833251953125,4.894287109375
116,0.2166666666666659,0.37823486328125,0.9609375,5.014892578125
115,0.20833333333333304,-0.1632080078125,1.15185546875,4.90057373046875
115,0.2166666666666659,-0.1707763671875,1.1396484375,5.02130126953125
114,0.20833333333333304,0.2552490234375,1.33380126953125,4.901123046875
114,0.2166666666666659,0.26031494140625,1.3271484375,5.02191162109375
113,0.20833333333333304,0.111328125,1.05279541015625,4.9068603515625
113,0.2166666666666659,0.112060546875,1.03765869140625,5.02783203125
112,0.60833333333333339,1.2744140625,0.1259765625,10.63970947265625
112,0.61666666666666625,1.2890625,0.08514404296875,10.759765625
110,0.60833333333333339,0.00164794921875,0.84423828125,10.66265869140625
110,0.61666666666666625,0.0006103515625,0.812255859375,10.782958984375
107,0.60833333333333339,0.61492919921875,0.34136962890625,10.68841552734375
107,0.61666666666666625,0.62139892578125,0.30322265625,10.80908203125
105,0.60833333333333339,-0.0513916015625,0.087646484375,10.7117919921875
105,0.61666666666666625,-0.0531005859375,0.04638671875,10.832763671875
120,0.22499999999999964,-0.33453369140625,1.38409423828125,5.1221923828125
120,0.2333333333333325,-0.34649658203125,1.37786865234375,5.242431640625
119,0.22499999999999964,0.56536865234375,1.2747802734375,5.12127685546875
119,0.2333333333333325,0.57891845703125,1.26544189453125,5.241455078125
118,0.22499999999999964,-0.11895751953125,0.78790283203125,5.131103515625
118,0.2333333333333325,-0.12481689453125,0.7647705078125,5.2515869140625
117,0.22499999999999964,0.04400634765625,1.53753662109375,5.1312255859375
117,0.2333333333333325,0.04278564453125,1.53570556640625,5.251708984375
116,0.22499999999999964,0.38671875,0.94281005859375,5.135498046875
116,0.2333333333333325,0.39520263671875,0.924072265625,5.25604248046875
115,0.22499999999999964,-0.17828369140625,1.12677001953125,5.14208984375
115,0.2333333333333325,-0.18585205078125,1.11322021484375,5.2628173828125
114,0.22499999999999964,0.265380859375,1.3197021484375,5.1427001953125
114,0.2333333333333325,0.2703857421875,1.3116455078125,5.26348876953125
113,0.22499999999999964,0.11273193359375,1.02178955078125,5.14874267578125
113,0.2333333333333325,0.11346435546875,1.00531005859375,5.26971435546875
112,0.625,1.30364990234375,0.0435791015625,10.87982177734375
112,0.62867391274499207,1.31005859375,0,10.9327392578125
110,0.625,-0.00042724609375,0.77960205078125,10.9033203125
110,0.63333333333333286,-0.00152587890625,0.74627685546875,11.023681640625
107,0.625,0.6279296875,0.26434326171875,10.92974853515625
107,0.63333333333333286,0.6343994140625,0.224853515625,11.0504150390625
105,0.62090843004728413,-0.053955078125,0,10.894287109375
120,0.24166666666666625,-0.35845947265625,1.37091064453125,5.36260986328125
120,0.24999999999999911,-0.3704833984375,1.36334228515625,5.4827880859375
119,0.24166666666666625,0.59246826171875,1.25537109375,5.361572265625
119,0.24999999999999911,0.60601806640625,1.2447509765625,5.48175048828125
118,0.24166666666666625,-0.13067626953125,0.74090576171875,5.37200927734375
118,0.24999999999999911,-0.136474609375,0.7164306640625,5.49249267578125
117,0.24166666666666625,0.04156494140625,1.5330810546875,5.37213134765625
117,0.24999999999999911,0.04034423828125,1.5299072265625,5.49261474609375
116,0.24166666666666625,0.4036865234375,0.90460205078125,5.37664794921875
116,0.24999999999999911,0.41217041015625,0.884521484375,5.4971923828125
115,0.24166666666666625,-0.193359375,1.0989990234375,5.38360595703125
115,0.24999999999999911,-0.200927734375,1.08416748046875,5.50439453125
114,0.24166666666666625,0.27545166015625,1.3028564453125,5.38427734375
114,0.24999999999999911,0.280517578125,1.29351806640625,5.50506591796875
113,0.24166666666666625,0.11419677734375,0.988037109375,5.39068603515625
113,0.24999999999999911,0.11492919921875,0.97021484375,5.51165771484375
110,0.64166666666666661,-0.0025634765625,0.71221923828125,11.14398193359375
110,0.64999999999999947,-0.00360107421875,0.677490234375,11.26434326171875
107,0.64166666666666661,0.64093017578125,0.18463134765625,11.17108154296875
107,0.64999999999999947,0.64739990234375,0.14373779296875,11.291748046875
120,0.25833333333333286,-0.3824462890625,1.3551025390625,5.60302734375
120,0.26666666666666572,-0.3944091796875,1.34613037109375,5.72320556640625
119,0.25833333333333286,0.61962890625,1.23333740234375,5.6019287109375
119,0.26666666666666572,0.6331787109375,1.2213134765625,5.72210693359375
118,0.25833333333333286,-0.142333984375,0.69122314453125,5.6129150390625
118,0.26666666666666572,-0.148193359375,0.66534423828125,5.7333984375
117,0.25833333333333286,0.0390625,1.52593994140625,5.613037109375
117,0.26666666666666572,0.037841796875,1.5213623046875,5.7335205078125
116,0.25833333333333286,0.420654296875,0.86370849609375,5.6177978515625
116,0.26666666666666572,0.42913818359375,0.84228515625,5.73834228515625
115,0.25833333333333286,-0.20843505859375,1.06854248046875,5.6251220703125
115,0.26666666666666572,-0.21600341796875,1.05230712890625,5.74591064453125
114,0.25833333333333286,0.2855224609375,1.28338623046875,5.6258544921875
114,0.26666666666666572,0.29058837890625,1.2725830078125,5.74664306640625
113,0.25833333333333286,0.1156005859375,0.95166015625,5.632568359375
113,0.26666666666666572,0.1163330078125,0.93243408203125,5.7535400390625
110,0.65833333333333321,-0.00469970703125,0.64215087890625,11.38470458984375
110,0.66666666666666607,-0.0057373046875,0.6060791015625,11.5050048828125
107,0.65833333333333321,0.65386962890625,0.1021728515625,11.412353515625
107,0.66666666666666607,0.660400390625,0.05987548828125,11.53302001953125
120,0.27499999999999947,-0.4063720703125,1.33648681640625,5.8433837890625
120,0.28333333333333321,-0.4183349609375,1.32611083984375,5.963623046875
119,0.27499999999999947,0.646728515625,1.20855712890625,5.84228515625
119,0.28333333333333321,0.6602783203125,1.195068359375,5.96246337890625
118,0.27499999999999947,-0.154052734375,0.6387939453125,5.85382080078125
118,0.28333333333333321,-0.159912109375,0.61151123046875,5.97430419921875
117,0.27499999999999947,0.03662109375,1.51605224609375,5.85400390625
117,0.28333333333333321,0.035400390625,1.51007080078125,5.97442626953125
116,0.27499999999999947,0.4376220703125,0.82012939453125,5.85894775390625
116,0.28333333333333321,0.4461669921875,0.7972412109375,5.9794921875
115,0.27499999999999947,-0.2235107421875,1.03533935546875,5.86669921875
115,0.28333333333333321,-0.2310791015625,1.0177001953125,5.9874267578125
114,0.27499999999999947,0.295654296875,1.26116943359375,5.867431640625
114,0.28333333333333321,0.3006591796875,1.24896240234375,5.98822021484375
113,0.27499999999999947,0.1170654296875,0.9124755859375,5.87451171875
113,0.28333333333333321,0.1177978515625,0.891845703125,5.99542236328125
110,0.67499999999999982,-0.00677490234375,0.56927490234375,11.6253662109375
110,0.68333333333333357,-0.00787353515625,0.53192138671875,11.74566650390625
107,0.67342803091477,0.6656494140625,0,11.63092041015625
120,0.29166666666666696,-0.43035888671875,1.315185546875,6.08380126953125
120,0.29999999999999982,-0.44232177734375,1.303466796875,6.2039794921875
119,0.29166666666666696,0.673828125,1.1810302734375,6.0826416015625
119,0.29999999999999982,0.6873779296875,1.16619873046875,6.20281982421875
118,0.29166666666666696,-0.165771484375,0.5836181640625,6.0947265625
118,0.29999999999999982,-0.171630859375,0.55499267578125,6.2152099609375
117,0.29166666666666696,0.0341796875,1.50347900390625,6.09490966796875
117,0.29999999999999982,0.03289794921875,1.49609375,6.21533203125
116,0.29166666666666696,0.45465087890625,0.77374267578125,6.10009765625
116,0.29999999999999982,0.463134765625,0.74951171875,6.22064208984375
115,0.29166666666666696,-0.23858642578125,0.9993896484375,6.10821533203125
115,0.29999999999999982,-0.24615478515625,0.98040771484375,6.22894287109375
114,0.29166666666666696,0.30572509765625,1.23614501953125,6.10894775390625
114,0.29999999999999982,0.310791015625,1.22259521484375,6.229736328125
113,0.29166666666666696,0.11846923828125,0.87060546875,6.11639404296875
113,0.29999999999999982,0.11920166015625,0.8486328125,6.23736572265625
110,0.69166666666666732,-0.0089111328125,0.4937744140625,11.86602783203125
110,0.70000000000000018,-0.00994873046875,0.4549560546875,11.98638916015625
120,0.30833333333333357,-0.45428466796875,1.29107666015625,6.32421875
120,0.31666666666666643,-0.46624755859375,1.27801513671875,6.44439697265625
119,0.30833333333333357,0.70098876953125,1.1507568359375,6.322998046875
119,0.31666666666666643,0.71453857421875,1.13458251953125,6.44317626953125
118,0.30833333333333357,-0.177490234375,0.52569580078125,6.33563232421875
118,0.31666666666666643,-0.183349609375,0.4957275390625,6.45611572265625
117,0.30833333333333357,0.03167724609375,1.48809814453125,6.3358154296875
117,0.31666666666666643,0.03045654296875,1.4793701171875,6.45623779296875
116,0.30833333333333357,0.47161865234375,0.724609375,6.34124755859375
116,0.31666666666666643,0.4801025390625,0.69903564453125,6.4617919921875
115,0.30833333333333357,-0.25372314453125,0.96075439453125,6.3497314453125
115,0.31666666666666643,-0.26123046875,0.94036865234375,6.47052001953125
114,0.30833333333333357,0.31585693359375,1.20843505859375,6.35052490234375
114,0.31666666666666643,0.32086181640625,1.19354248046875,6.4713134765625
113,0.30833333333333357,0.11993408203125,0.82598876953125,6.35833740234375
113,0.31666666666666643,0.12066650390625,0.8026123046875,6.479248046875
110,0.70833333333333393,-0.01104736328125,0.41546630859375,12.106689453125
110,0.71666666666666679,-0.0120849609375,0.3753662109375,12.22705078125
120,0.32500000000000018,-0.47821044921875,1.2642822265625,6.56463623046875
120,0.33333333333333304,-0.490234375,1.24993896484375,6.684814453125
119,0.32500000000000018,0.72808837890625,1.11773681640625,6.5633544921875
119,0.33333333333333304,0.74163818359375,1.10028076171875,6.68353271484375
118,0.32500000000000018,-0.189208984375,0.465087890625,6.5765380859375
118,0.33333333333333304,-0.195068359375,0.43377685546875,6.697021484375
117,0.32500000000000018,0.02923583984375,1.47003173828125,6.57672119140625
117,0.33333333333333304,0.02801513671875,1.4599609375,6.6971435546875
116,0.32500000000000018,0.48858642578125,0.67279052734375,6.5823974609375
116,0.33333333333333304,0.4970703125,0.6458740234375,6.70294189453125
115,0.32500000000000018,-0.268798828125,0.91937255859375,6.59124755859375
115,0.33333333333333304,-0.27630615234375,0.89764404296875,6.7120361328125
114,0.32500000000000018,0.325927734375,1.177978515625,6.59210205078125
114,0.33333333333333304,0.33099365234375,1.16180419921875,6.712890625
113,0.32500000000000018,0.121337890625,0.77862548828125,6.6002197265625
113,0.33333333333333304,0.1220703125,0.75396728515625,6.72119140625
110,0.72500000000000053,-0.01312255859375,0.33453369140625,12.347412109375
110,0.73333333333333339,-0.01416015625,0.29296875,12.46771240234375
120,0.34166666666666679,-0.502197265625,1.23486328125,6.80499267578125
120,0.34999999999999964,-0.51416015625,1.21905517578125,6.92523193359375
119,0.34166666666666679,0.75518798828125,1.08209228515625,6.8037109375
119,0.34999999999999964,0.76873779296875,1.063232421875,6.923828125
118,0.34166666666666679,-0.200927734375,0.40179443359375,6.81744384765625
118,0.34999999999999964,-0.206787109375,0.36907958984375,6.93792724609375
117,0.34166666666666679,0.0267333984375,1.44927978515625,6.817626953125
117,0.34999999999999964,0.0255126953125,1.4378662109375,6.9381103515625
116,0.34166666666666679,0.50555419921875,0.6182861328125,6.82354736328125
116,0.34999999999999964,0.5140380859375,0.5899658203125,6.944091796875
115,0.34166666666666679,-0.28387451171875,0.87530517578125,6.832763671875
115,0.34999999999999964,-0.2913818359375,0.85223388671875,6.95355224609375
114,0.34166666666666679,0.33599853515625,1.1448974609375,6.83367919921875
114,0.34999999999999964,0.341064453125,1.12725830078125,6.9544677734375
113,0.34166666666666679,0.122802734375,0.7286376953125,6.84210205078125
113,0.34999999999999964,0.12353515625,0.70257568359375,6.96307373046875
110,0.74166666666666714,-0.0152587890625,0.25079345703125,12.58807373046875
110,0.75,-0.01629638671875,0.20794677734375,12.7083740234375
120,0.35833333333333339,-0.526123046875,1.20257568359375,7.04541015625
120,0.36666666666666625,-0.5380859375,1.185546875,7.16558837890625
119,0.35833333333333339,0.7823486328125,1.04364013671875,7.04400634765625
119,0.36666666666666625,0.7958984375,1.0234375,7.1641845703125
118,0.35833333333333339,-0.212646484375,0.335693359375,7.058349609375
118,0.36666666666666625,-0.218505859375,0.30169677734375,7.1788330078125
117,0.35833333333333339,0.0242919921875,1.42572021484375,7.05853271484375
117,0.36666666666666625,0.0230712890625,1.41302490234375,7.17901611328125
116,0.35833333333333339,0.5225830078125,0.56097412109375,7.064697265625
116,0.36666666666666625,0.53106689453125,0.53143310546875,7.185302734375
115,0.35833333333333339,-0.2989501953125,0.82843017578125,7.0743408203125
115,0.36666666666666625,-0.30645751953125,0.8040771484375,7.195068359375
114,0.35833333333333339,0.34613037109375,1.10894775390625,7.07525634765625
114,0.36666666666666625,0.35113525390625,1.090087890625,7.196044921875
113,0.35833333333333339,0.124267578125,0.67578125,7.08404541015625
113,0.36666666666666625,0.12493896484375,0.6484375,7.20501708984375
110,0.75833333333333375,-0.017333984375,0.16436767578125,12.8287353515625
110,0.76666666666666661,-0.0184326171875,0.1201171875,12.9490966796875
120,0.375,-0.550048828125,1.167724609375,7.28582763671875
120,0.38333333333333286,-0.56207275390625,1.14923095703125,7.406005859375
119,0.375,0.8094482421875,1.0025634765625,7.28436279296875
119,0.38333333333333286,0.822998046875,0.98095703125,7.404541015625
118,0.375,-0.224365234375,0.2669677734375,7.29925537109375
118,0.38333333333333286,-0.230224609375,0.23162841796875,7.41973876953125
117,0.375,0.0218505859375,1.3995361328125,7.2994384765625
117,0.38333333333333286,0.02056884765625,1.38543701171875,7.419921875
116,0.375,0.53955078125,0.5010986328125,7.30584716796875
116,0.38333333333333286,0.54803466796875,0.4700927734375,7.42645263671875
115,0.375,-0.31402587890625,0.7789306640625,7.31585693359375
115,0.38333333333333286,-0.321533203125,0.753173828125,7.43658447265625
114,0.375,0.356201171875,1.0704345703125,7.3167724609375
114,0.38333333333333286,0.36126708984375,1.05010986328125,7.43756103515625
113,0.375,0.12567138671875,0.620361328125,7.325927734375
113,0.38333333333333286,0.12640380859375,0.59161376953125,7.4468994140625
110,0.77500000000000036,-0.01947021484375,0.07525634765625,13.06939697265625
110,0.78333333333333321,-0.0205078125,0.02960205078125,13.18975830078125
121,0,0.08746337890625,1.25909423828125,0.88604736328125
122,0,0.08746337890625,1.25909423828125,0.88604736328125
123,0,0.08746337890625,1.25909423828125,0.88604736328125
124,0,0.08746337890625,1.25909423828125,0.88604736328125
125,0,0.08746337890625,1.25909423828125,0.88604736328125
126,0,0.08746337890625,1.25909423828125,0.88604736328125
127,0,0.08746337890625,1.25909423828125,0.88604736328125
128,0,0.08746337890625,1.25909423828125,0.88604736328125
120,0.39166666666666661,-0.57403564453125,1.1300048828125,7.52618408203125
120,0.39999999999999947,-0.58599853515625,1.11016845703125,7.64642333984375
119,0.39166666666666661,0.8365478515625,0.95867919921875,7.52471923828125
119,0.39999999999999947,0.85009765625,0.93572998046875,7.6448974609375
118,0.39166666666666661,-0.236083984375,0.19549560546875,7.5401611328125
118,0.39999999999999947,-0.241943359375,0.15875244140625,7.66064453125
117,0.39166666666666661,0.01934814453125,1.37054443359375,7.54034423828125
117,0.39999999999999947,0.01812744140625,1.3551025390625,7.66082763671875
116,0.39166666666666661,0.5565185546875,0.4383544921875,7.5469970703125
116,0.39999999999999947,0.56500244140625,0.406005859375,7.6676025390625
115,0.39166666666666661,-0.3291015625,0.7266845703125,7.557373046875
115,0.39999999999999947,-0.336669921875,0.69952392578125,7.67816162109375
114,0.39166666666666661,0.3663330078125,1.02911376953125,7.558349609375
114,0.39999999999999947,0.371337890625,1.0074462890625,7.67913818359375
113,0.39166666666666661,0.12713623046875,0.5621337890625,7.56787109375
113,0.39999999999999947,0.1278076171875,0.531982421875,7.68878173828125
110,0.784160070203385,-0.0206298828125,0,13.20172119140625
128,0.0083333333333337478,0.0833740234375,1.23876953125,1.06817626953125
128,0.016666666666665719,0.07928466796875,1.21844482421875,1.2503662109375
127,0.0083333333333337478,0.078857421875,1.2774658203125,1.0682373046875
127,0.016666666666665719,0.07025146484375,1.2958984375,1.25048828125
126,0.0083333333333337478,0.10614013671875,1.2537841796875,1.068359375
126,0.016666666666665719,0.124755859375,1.24847412109375,1.25067138671875
125,0.0083333333333337478,0.0731201171875,1.2530517578125,1.0687255859375
125,0.016666666666665719,0.058837890625,1.24700927734375,1.25140380859375
124,0.0083333333333337478,0.09454345703125,1.27337646484375,1.06866455078125
124,0.016666666666665719,0.10162353515625,1.28765869140625,1.2513427734375
123,0.0083333333333337478,0.092529296875,1.2479248046875,1.0689697265625
123,0.016666666666665719,0.09765625,1.2366943359375,1.25189208984375
122,0.0083333333333337478,0.08001708984375,1.2645263671875,1.06915283203125
122,0.016666666666665719,0.07257080078125,1.2698974609375,1.25225830078125
121,0.0083333333333337478,0.093994140625,1.2611083984375,1.06927490234375
121,0.016666666666665719,0.1005859375,1.26312255859375,1.25244140625
120,0.40833333333333321,-0.59796142578125,1.08966064453125,7.7666015625
120,0.41666666666666607,-0.60992431640625,1.0684814453125,7.8868408203125
119,0.40833333333333321,0.86370849609375,0.91204833984375,7.76507568359375
119,0.41666666666666607,0.87725830078125,0.8878173828125,7.88525390625
118,0.40833333333333321,-0.247802734375,0.12127685546875,7.78106689453125
118,0.41666666666666607,-0.253662109375,0.08319091796875,7.90155029296875
117,0.40833333333333321,0.01690673828125,1.3388671875,7.78125
117,0.41666666666666607,0.01568603515625,1.32208251953125,7.9017333984375
116,0.40833333333333321,0.573486328125,0.3729248046875,7.78814697265625
116,0.41666666666666607,0.58197021484375,0.3392333984375,7.90875244140625
115,0.40833333333333321,-0.34417724609375,0.67169189453125,7.79888916015625
115,0.41666666666666607,-0.35174560546875,0.6431884765625,7.919677734375
114,0.40833333333333321,0.37640380859375,0.98504638671875,7.7999267578125
114,0.41666666666666607,0.3814697265625,0.9620361328125,7.92071533203125
113,0.40833333333333321,0.1285400390625,0.50115966796875,7.80975341796875
113,0.41666666666666607,0.1292724609375,0.4697265625,7.93072509765625
128,0.024999999999999467,0.07513427734375,1.1981201171875,1.4324951171875
128,0.033333333333332327,0.071044921875,1.1778564453125,1.61468505859375
127,0.024999999999999467,0.06170654296875,1.31427001953125,1.43267822265625
127,0.033333333333332327,0.0531005859375,1.33270263671875,1.6148681640625
126,0.024999999999999467,0.1434326171875,1.2431640625,1.4329833984375
126,0.033333333333332327,0.16204833984375,1.2379150390625,1.61529541015625
125,0.024999999999999467,0.04449462890625,1.240966796875,1.43408203125
125,0.033333333333332327,0.0301513671875,1.23492431640625,1.61676025390625
124,0.024999999999999467,0.10870361328125,1.30194091796875,1.4339599609375
124,0.033333333333332327,0.11578369140625,1.316162109375,1.6165771484375
123,0.024999999999999467,0.10272216796875,1.22552490234375,1.434814453125
123,0.033333333333332327,0.1077880859375,1.21429443359375,1.61773681640625
122,0.024999999999999467,0.06512451171875,1.27532958984375,1.43536376953125
122,0.033333333333332327,0.05767822265625,1.28070068359375,1.61846923828125
121,0.024999999999999467,0.10711669921875,1.26519775390625,1.4356689453125
121,0.033333333333332327,0.1136474609375,1.2672119140625,1.618896484375
120,0.42499999999999982,-0.6219482421875,1.04656982421875,8.00701904296875
120,0.43333333333333268,-0.6339111328125,1.02398681640625,8.127197265625
119,0.42499999999999982,0.89080810546875,0.86279296875,8.00543212890625
119,0.43333333333333268,0.90435791015625,0.837158203125,8.1256103515625
118,0.42499999999999982,-0.25946044921875,0.04437255859375,8.02197265625
118,0.42908552271651945,-0.2623291015625,0,8.0810546875
117,0.42499999999999982,0.014404296875,1.3045654296875,8.022216796875
117,0.43333333333333268,0.01318359375,1.28631591796875,8.14263916015625
116,0.42499999999999982,0.59051513671875,0.3048095703125,8.029296875
116,0.43333333333333268,0.5989990234375,0.26971435546875,8.14990234375
115,0.42499999999999982,-0.3592529296875,0.614013671875,8.0404052734375
115,0.43333333333333268,-0.3668212890625,0.58416748046875,8.16119384765625
114,0.42499999999999982,0.386474609375,0.9383544921875,8.04150390625
114,0.43333333333333268,0.39154052734375,0.9139404296875,8.16229248046875
113,0.42499999999999982,0.1300048828125,0.43756103515625,8.05169677734375
113,0.43333333333333268,0.13067626953125,0.4046630859375,8.172607421875
128,0.041666666666666075,0.06695556640625,1.15753173828125,1.79681396484375
128,0.049999999999998934,0.0628662109375,1.13720703125,1.97900390625
127,0.041666666666666075,0.04449462890625,1.35107421875,1.79705810546875
127,0.049999999999998934,0.035888671875,1.3695068359375,1.97930908203125
126,0.041666666666666075,0.18072509765625,1.23260498046875,1.79754638671875
126,0.049999999999998934,0.1993408203125,1.227294921875,1.9798583984375
125,0.041666666666666075,0.015869140625,1.2288818359375,1.7994384765625
125,0.049999999999998934,0.00152587890625,1.22283935546875,1.98211669921875
124,0.041666666666666075,0.12286376953125,1.3304443359375,1.79925537109375
124,0.049999999999998934,0.12994384765625,1.3447265625,1.98187255859375
123,0.041666666666666075,0.1129150390625,1.203125,1.8006591796875
123,0.049999999999998934,0.11798095703125,1.19195556640625,1.98358154296875
122,0.041666666666666075,0.05023193359375,1.2861328125,1.80157470703125
122,0.049999999999998934,0.04278564453125,1.29150390625,1.98468017578125
121,0.041666666666666075,0.12017822265625,1.26922607421875,1.80206298828125
121,0.049999999999998934,0.12677001953125,1.271240234375,1.98529052734375
120,0.44166666666666643,-0.6458740234375,1.000732421875,8.2474365234375
120,0.44999999999999929,-0.6578369140625,0.976806640625,8.36761474609375
119,0.44166666666666643,0.91790771484375,0.81072998046875,8.24578857421875
119,0.44999999999999929,0.93145751953125,0.78369140625,8.365966796875
117,0.44166666666666643,0.011962890625,1.26739501953125,8.26312255859375
117,0.44999999999999929,0.0107421875,1.247802734375,8.383544921875
116,0.44166666666666643,0.60748291015625,0.23388671875,8.27044677734375
116,0.44999999999999929,0.615966796875,0.19744873046875,8.39105224609375
115,0.44166666666666643,-0.37432861328125,0.55352783203125,8.281982421875
115,0.44999999999999929,-0.38189697265625,0.5223388671875,8.4027099609375
114,0.44166666666666643,0.3966064453125,0.8887939453125,8.2830810546875
114,0.44999999999999929,0.401611328125,0.86309814453125,8.40386962890625
113,0.44166666666666643,0.13140869140625,0.37109375,8.2935791015625
113,0.44999999999999929,0.13214111328125,0.3369140625,8.41455078125
128,0.058333333333332682,0.05877685546875,1.11688232421875,2.1611328125
128,0.066666666666665542,0.05462646484375,1.0965576171875,2.34332275390625
127,0.058333333333332682,0.02728271484375,1.38787841796875,2.1614990234375
127,0.066666666666665542,0.0186767578125,1.40625,2.34368896484375
126,0.058333333333332682,0.218017578125,1.22198486328125,2.16217041015625
126,0.066666666666665542,0.23663330078125,1.2166748046875,2.344482421875
125,0.058333333333332682,-0.0128173828125,1.216796875,2.16473388671875
125,0.066666666666665542,-0.027099609375,1.21075439453125,2.347412109375
124,0.058333333333332682,0.13702392578125,1.3590087890625,2.16455078125
124,0.066666666666665542,0.14410400390625,1.373291015625,2.34716796875
123,0.058333333333332682,0.12310791015625,1.18072509765625,2.16650390625
123,0.066666666666665542,0.128173828125,1.1695556640625,2.34942626953125
122,0.058333333333332682,0.03533935546875,1.29693603515625,2.16778564453125
122,0.066666666666665542,0.0279541015625,1.3023681640625,2.35089111328125
121,0.058333333333332682,0.13330078125,1.2733154296875,2.16845703125
121,0.066666666666665542,0.13983154296875,1.27532958984375,2.3516845703125
120,0.45833333333333304,-0.6697998046875,0.95220947265625,8.48779296875
120,0.4666666666666659,-0.6817626953125,0.9268798828125,8.6080322265625
119,0.45833333333333304,0.945068359375,0.75604248046875,8.486083984375
119,0.4666666666666659,0.9586181640625,0.72760009765625,8.60626220703125
117,0.45833333333333304,0.009521484375,1.22760009765625,8.5040283203125
117,0.4666666666666659,0.00823974609375,1.20660400390625,8.62445068359375
116,0.45833333333333304,0.62445068359375,0.16033935546875,8.5115966796875
116,0.4666666666666659,0.6329345703125,0.12255859375,8.6322021484375
115,0.45833333333333304,-0.389404296875,0.49041748046875,8.52349853515625
115,0.4666666666666659,-0.39697265625,0.45782470703125,8.64422607421875
114,0.45833333333333304,0.40667724609375,0.836669921875,8.524658203125
114,0.4666666666666659,0.4117431640625,0.80950927734375,8.6453857421875
113,0.45833333333333304,0.13287353515625,0.30206298828125,8.53546142578125
113,0.4666666666666659,0.133544921875,0.2664794921875,8.65643310546875
128,0.074999999999999289,0.05059814453125,1.07611083984375,2.5235595703125
128,0.083333333333332149,0.046630859375,1.05548095703125,2.69989013671875
127,0.074999999999999289,0.01019287109375,1.42413330078125,2.52398681640625
127,0.083333333333332149,0.00189208984375,1.44097900390625,2.70037841796875
126,0.074999999999999289,0.255126953125,1.2110595703125,2.52484130859375
126,0.083333333333332149,0.27313232421875,1.2049560546875,2.70135498046875
125,0.074999999999999289,-0.04132080078125,1.2044677734375,2.52813720703125
125,0.083333333333332149,-0.05517578125,1.1976318359375,2.70501708984375
124,0.074999999999999289,0.151123046875,1.38702392578125,2.52789306640625
124,0.083333333333332149,0.15802001953125,1.39990234375,2.70465087890625
123,0.074999999999999289,0.1331787109375,1.1580810546875,2.5303955078125
123,0.083333333333332149,0.13812255859375,1.14630126953125,2.70745849609375
122,0.074999999999999289,0.02056884765625,1.30731201171875,2.53204345703125
122,0.083333333333332149,0.01336669921875,1.31158447265625,2.70928955078125
121,0.074999999999999289,0.14630126953125,1.2769775390625,2.532958984375
121,0.083333333333332149,0.15264892578125,1.2779541015625,2.7103271484375
120,0.47499999999999964,-0.69378662109375,0.90087890625,8.72821044921875
120,0.4833333333333325,-0.70574951171875,0.874267578125,8.84844970703125
119,0.47499999999999964,0.97216796875,0.69854736328125,8.7264404296875
119,0.4833333333333325,0.9857177734375,0.66876220703125,8.84661865234375
117,0.47499999999999964,0.00701904296875,1.18499755859375,8.74493408203125
117,0.4833333333333325,0.00579833984375,1.1627197265625,8.86541748046875
116,0.47499999999999964,0.64141845703125,0.08404541015625,8.75274658203125
116,0.4833333333333325,0.64990234375,0.04486083984375,8.87335205078125
115,0.47499999999999964,-0.40447998046875,0.424560546875,8.7650146484375
115,0.4833333333333325,-0.41204833984375,0.39056396484375,8.88580322265625
114,0.47499999999999964,0.41680908203125,0.78167724609375,8.76617431640625
114,0.4833333333333325,0.42181396484375,0.75323486328125,8.886962890625
113,0.47499999999999964,0.13427734375,0.23016357421875,8.77740478515625
113,0.4833333333333325,0.135009765625,0.1932373046875,8.89837646484375
128,0.0916666666666659,0.042724609375,1.0345458984375,2.87237548828125
128,0.099999999999998757,0.0389404296875,1.0133056640625,3.04095458984375
127,0.0916666666666659,-0.00628662109375,1.4566650390625,2.87286376953125
127,0.099999999999998757,-0.01422119140625,1.4713134765625,3.04156494140625
126,0.0916666666666659,0.29083251953125,1.1982421875,2.87396240234375
126,0.099999999999998757,0.30810546875,1.19097900390625,3.042724609375
125,0.0916666666666659,-0.0687255859375,1.190185546875,2.87799072265625
125,0.099999999999998757,-0.08197021484375,1.1822509765625,3.04705810546875
124,0.0916666666666659,0.16473388671875,1.41168212890625,2.87762451171875
124,0.099999999999998757,0.1712646484375,1.4224853515625,3.04669189453125
123,0.0916666666666659,0.1429443359375,1.13397216796875,2.88067626953125
123,0.099999999999998757,0.14764404296875,1.1212158203125,3.04998779296875
122,0.0916666666666659,0.00628662109375,1.31500244140625,2.8826904296875
122,0.099999999999998757,-0.00054931640625,1.317626953125,3.0521240234375
121,0.0916666666666659,0.15887451171875,1.27813720703125,2.8837890625
121,0.099999999999998757,0.1649169921875,1.27764892578125,3.0533447265625
120,0.49166666666666625,-0.71771240234375,0.846923828125,8.9686279296875
120,0.49999999999999911,-0.72967529296875,0.81890869140625,9.08880615234375
119,0.49166666666666625,0.999267578125,0.6383056640625,8.966796875
119,0.49999999999999911,1.0128173828125,0.60723876953125,9.08697509765625
117,0.49166666666666625,0.00457763671875,1.13970947265625,8.98583984375
117,0.49999999999999911,0.00335693359375,1.1160888671875,9.1063232421875
116,0.48748340978022264,0.65411376953125,0,8.93341064453125
115,0.49166666666666625,-0.41961669921875,0.35595703125,9.00653076171875
115,0.49999999999999911,-0.4271240234375,0.32061767578125,9.1273193359375
114,0.49166666666666625,0.4268798828125,0.72406005859375,9.00775146484375
114,0.49999999999999911,0.43194580078125,0.6942138671875,9.1285400390625
113,0.49166666666666625,0.1357421875,0.1556396484375,9.019287109375
113,0.49999999999999911,0.13641357421875,0.11737060546875,9.1402587890625
128,0.1083333333333325,0.03521728515625,0.99188232421875,3.2056884765625
128,0.11666666666666536,0.0316162109375,0.97015380859375,3.3665771484375
127,0.1083333333333325,-0.02197265625,1.48492431640625,3.206298828125
127,0.11666666666666536,-0.02960205078125,1.49737548828125,3.36724853515625
126,0.1083333333333325,0.324951171875,1.18310546875,3.20758056640625
126,0.11666666666666536,0.3414306640625,1.17462158203125,3.36859130859375
125,0.1083333333333325,-0.09490966796875,1.1737060546875,3.2122802734375
125,0.11666666666666536,-0.10760498046875,1.16461181640625,3.37359619140625
124,0.1083333333333325,0.17767333984375,1.432373046875,3.21185302734375
124,0.11666666666666536,0.18389892578125,1.441162109375,3.3731689453125
123,0.1083333333333325,0.15228271484375,1.1080322265625,3.2154541015625
123,0.11666666666666536,0.15673828125,1.0943603515625,3.376953125
122,0.1083333333333325,-0.00732421875,1.3194580078125,3.21771240234375
122,0.11666666666666536,-0.01385498046875,1.3204345703125,3.37945556640625
121,0.1083333333333325,0.17083740234375,1.27642822265625,3.21905517578125
121,0.11666666666666536,0.1766357421875,1.2744140625,3.380859375
120,0.50833333333333286,-0.74163818359375,0.79022216796875,9.20904541015625
120,0.51666666666666572,-0.753662109375,0.7608642578125,9.3292236328125
119,0.50833333333333286,1.02642822265625,0.575439453125,9.2071533203125
119,0.51666666666666572,1.03997802734375,0.54296875,9.32733154296875
117,0.50833333333333286,0.0020751953125,1.09173583984375,9.22674560546875
117,0.51666666666666572,0.0008544921875,1.06671142578125,9.34722900390625
115,0.50833333333333286,-0.4346923828125,0.28466796875,9.248046875
115,0.51666666666666572,-0.44219970703125,0.24798583984375,9.36883544921875
114,0.50833333333333286,0.43695068359375,0.66375732421875,9.24932861328125
114,0.51666666666666572,0.4420166015625,0.63250732421875,9.3701171875
113,0.50833333333333286,0.13714599609375,0.07843017578125,9.26123046875
113,0.51666666666666572,0.13787841796875,0.0386962890625,9.38214111328125
128,0.12499999999999911,0.028076171875,0.94830322265625,3.5235595703125
128,0.13333333333333286,0.02459716796875,0.92608642578125,3.67669677734375
127,0.12499999999999911,-0.0369873046875,1.50885009765625,3.5242919921875
127,0.13333333333333286,-0.044189453125,1.5191650390625,3.67742919921875
126,0.12499999999999911,0.35748291015625,1.16571044921875,3.52569580078125
126,0.13333333333333286,0.3731689453125,1.1561279296875,3.678955078125
125,0.12499999999999911,-0.11993408203125,1.15496826171875,3.53106689453125
125,0.13333333333333286,-0.1319580078125,1.144775390625,3.6845703125
124,0.12499999999999911,0.19000244140625,1.4490966796875,3.53057861328125
124,0.13333333333333286,0.19598388671875,1.45599365234375,3.68408203125
123,0.12499999999999911,0.1611328125,1.080322265625,3.53460693359375
123,0.13333333333333286,0.1654052734375,1.0657958984375,3.68841552734375
122,0.12499999999999911,-0.020263671875,1.3206787109375,3.5372314453125
122,0.13333333333333286,-0.02655029296875,1.32012939453125,3.691162109375
121,0.12499999999999911,0.18231201171875,1.27178955078125,3.53875732421875
121,0.13333333333333286,0.18780517578125,1.26837158203125,3.6927490234375
120,0.52499999999999947,-0.765625,0.73077392578125,9.44940185546875
120,0.53333333333333321,-0.777587890625,0.70001220703125,9.56964111328125
119,0.52499999999999947,1.05352783203125,0.509765625,9.447509765625
119,0.53333333333333321,1.06707763671875,0.47589111328125,9.56768798828125
117,0.52499999999999947,-0.0003662109375,1.04095458984375,9.4676513671875
117,0.53333333333333321,-0.0015869140625,1.01458740234375,9.588134765625
115,0.52499999999999947,-0.44976806640625,0.2105712890625,9.4896240234375
115,0.53333333333333321,-0.457275390625,0.17254638671875,9.6103515625
114,0.52499999999999947,0.44708251953125,0.6005859375,9.49090576171875
114,0.53333333333333321,0.45208740234375,0.56805419921875,9.6116943359375
113,0.51949319205822131,0.13812255859375,0,9.42315673828125
128,0.14166666666666661,0.021240234375,0.90362548828125,3.82598876953125
128,0.14999999999999947,0.01800537109375,0.88092041015625,3.97137451171875
127,0.14166666666666661,-0.05126953125,1.5284423828125,3.82672119140625
127,0.14999999999999947,-0.05810546875,1.53668212890625,3.97216796875
126,0.14166666666666661,0.388427734375,1.14593505859375,3.828369140625
126,0.14999999999999947,0.4033203125,1.13525390625,3.97381591796875
125,0.14166666666666661,-0.14373779296875,1.134033203125,3.83428955078125
125,0.14999999999999947,-0.1551513671875,1.12274169921875,3.9801025390625
124,0.14166666666666661,0.2017822265625,1.46185302734375,3.833740234375
124,0.14999999999999947,0.20745849609375,1.466796875,3.9794921875
123,0.14166666666666661,0.1695556640625,1.05084228515625,3.8382568359375
123,0.14999999999999947,0.17364501953125,1.03546142578125,3.9842529296875
122,0.14166666666666661,-0.03265380859375,1.3187255859375,3.8411865234375
122,0.14999999999999947,-0.03857421875,1.31658935546875,3.98736572265625
121,0.14166666666666661,0.19317626953125,1.26422119140625,3.84283447265625
121,0.14999999999999947,0.1983642578125,1.2593994140625,3.98907470703125
120,0.541666666666667,-0.78955078125,0.6685791015625,9.6898193359375
120,0.54999999999999982,-0.801513671875,0.636474609375,9.80999755859375
119,0.541666666666667,1.08062744140625,0.44140625,9.6878662109375
119,0.54999999999999982,1.09417724609375,0.40618896484375,9.80804443359375
117,0.541666666666667,-0.0028076171875,0.987548828125,9.7086181640625
117,0.54999999999999982,-0.00408935546875,0.95977783203125,9.82904052734375
115,0.541666666666667,-0.46484375,0.1337890625,9.73114013671875
115,0.54999999999999982,-0.47235107421875,0.09442138671875,9.8519287109375
114,0.541666666666667,0.4571533203125,0.5347900390625,9.73248291015625
114,0.54999999999999982,0.46221923828125,0.5008544921875,9.85321044921875
128,0.15833333333333321,0.0147705078125,0.8580322265625,4.11285400390625
128,0.16666666666666607,0.01171875,0.8348388671875,4.25048828125
127,0.15833333333333321,-0.0648193359375,1.5438232421875,4.11370849609375
127,0.16666666666666607,-0.0712890625,1.54986572265625,4.25140380859375
126,0.15833333333333321,0.41778564453125,1.1240234375,4.115478515625
126,0.16666666666666607,0.431884765625,1.1121826171875,4.25323486328125
125,0.15833333333333321,-0.166259765625,1.11090087890625,4.12200927734375
125,0.16666666666666607,-0.17706298828125,1.09857177734375,4.260009765625
124,0.15833333333333321,0.21295166015625,1.470703125,4.12139892578125
124,0.16666666666666607,0.21832275390625,1.47369384765625,4.2593994140625
123,0.15833333333333321,0.1776123046875,1.01959228515625,4.1263427734375
123,0.16666666666666607,0.18145751953125,1.00335693359375,4.26458740234375
122,0.15833333333333321,-0.04437255859375,1.31365966796875,4.12957763671875
122,0.16666666666666607,-0.04998779296875,1.3099365234375,4.2679443359375
121,0.15833333333333321,0.2034912109375,1.2537841796875,4.13140869140625
121,0.16666666666666607,0.20843505859375,1.24749755859375,4.26983642578125
120,0.55833333333333357,-0.81353759765625,0.603759765625,9.93023681640625
120,0.56666666666666643,-0.82550048828125,0.5703125,10.0504150390625
119,0.55833333333333357,1.1077880859375,0.370361328125,9.92822265625
119,0.56666666666666643,1.121337890625,0.33380126953125,10.04833984375
117,0.55833333333333357,-0.00531005859375,0.931396484375,9.94952392578125
117,0.56666666666666643,-0.00653076171875,0.90228271484375,10.0699462890625
115,0.55833333333333357,-0.47991943359375,0.05438232421875,9.97265625
115,0.56433632727718519,-0.4853515625,0,10.0596923828125
114,0.55833333333333357,0.46728515625,0.46624755859375,9.9739990234375
114,0.56666666666666643,0.4722900390625,0.4310302734375,10.09478759765625
128,0.17499999999999982,0.0086669921875,0.81146240234375,4.38427734375
128,0.18333333333333268,0.0057373046875,0.78778076171875,4.51416015625
127,0.17499999999999982,-0.07757568359375,1.554931640625,4.38519287109375
127,0.18333333333333268,-0.083740234375,1.558837890625,4.51513671875
126,0.17499999999999982,0.44561767578125,1.09979248046875,4.3870849609375
126,0.18333333333333268,0.45892333984375,1.0867919921875,4.51708984375
125,0.17499999999999982,-0.1876220703125,1.08563232421875,4.3941650390625
125,0.18333333333333268,-0.19781494140625,1.07208251953125,4.5244140625
124,0.17499999999999982,0.2235107421875,1.4757080078125,4.3935546875
124,0.18333333333333268,0.22857666015625,1.4766845703125,4.52374267578125
123,0.17499999999999982,0.1851806640625,0.98663330078125,4.39892578125
123,0.18333333333333268,0.18878173828125,0.96942138671875,4.52935791015625
122,0.17499999999999982,-0.05548095703125,1.305419921875,4.40240478515625
122,0.18333333333333268,-0.060791015625,1.300048828125,4.53302001953125
121,0.17499999999999982,0.21319580078125,1.24053955078125,4.40435791015625
121,0.18333333333333268,0.2178955078125,1.2327880859375,4.5350341796875
120,0.57500000000000018,-0.83746337890625,0.5361328125,10.170654296875
120,0.583333333333333,-0.84942626953125,0.50128173828125,10.29083251953125
119,0.57500000000000018,1.1348876953125,0.2965087890625,10.16851806640625
119,0.583333333333333,1.1484375,0.25860595703125,10.2886962890625
117,0.57500000000000018,-0.00775146484375,0.87249755859375,10.1904296875
117,0.583333333333333,-0.00897216796875,0.84197998046875,10.31085205078125
114,0.57500000000000018,0.47735595703125,0.39501953125,10.215576171875
114,0.583333333333333,0.482421875,0.35833740234375,10.33636474609375
128,0.19166666666666643,0.0029296875,0.76385498046875,4.64019775390625
128,0.19999999999999929,0.00018310546875,0.73968505859375,4.76239013671875
127,0.19166666666666643,-0.08966064453125,1.56170654296875,4.64117431640625
127,0.19999999999999929,-0.095458984375,1.56353759765625,4.76336669921875
126,0.19166666666666643,0.4718017578125,1.07330322265625,4.64324951171875
126,0.19999999999999929,0.48431396484375,1.0592041015625,4.7655029296875
125,0.19166666666666643,-0.207763671875,1.05810546875,4.65081787109375
125,0.19999999999999929,-0.21734619140625,1.04351806640625,4.7733154296875
124,0.19166666666666643,0.23345947265625,1.4766845703125,4.650146484375
124,0.19999999999999929,0.23822021484375,1.4757080078125,4.77264404296875
123,0.19166666666666643,0.19232177734375,0.95184326171875,4.65594482421875
123,0.19999999999999929,0.19573974609375,0.93377685546875,4.77862548828125
122,0.19166666666666643,-0.06591796875,1.2939453125,4.65966796875
122,0.19999999999999929,-0.0709228515625,1.28704833984375,4.782470703125
121,0.19166666666666643,0.222412109375,1.224365234375,4.66180419921875
121,0.19999999999999929,0.226806640625,1.21514892578125,4.78466796875
120,0.59166666666666679,-0.86138916015625,0.4658203125,10.4110107421875
120,0.59999999999999964,-0.87335205078125,0.42962646484375,10.53125
119,0.59166666666666679,1.1619873046875,0.219970703125,10.40887451171875
119,0.59999999999999964,1.17559814453125,0.18072509765625,10.529052734375
117,0.59166666666666679,-0.01025390625,0.81085205078125,10.43133544921875
117,0.59999999999999964,-0.011474609375,0.779052734375,10.5517578125
114,0.59166666666666679,0.4874267578125,0.321044921875,10.4571533203125
114,0.59999999999999964,0.49249267578125,0.28302001953125,10.57794189453125
128,0.20833333333333304,-0.0025634765625,0.71502685546875,4.882568359375
128,0.2166666666666659,-0.0052490234375,0.68975830078125,5.0028076171875
127,0.20833333333333304,-0.10113525390625,1.56439208984375,4.88360595703125
127,0.2166666666666659,-0.10675048828125,1.56463623046875,5.00390625
126,0.20833333333333304,0.49664306640625,1.04449462890625,4.88580322265625
126,0.2166666666666659,0.5089111328125,1.029052734375,5.00616455078125
125,0.20833333333333304,-0.226806640625,1.02825927734375,4.8939208984375
125,0.2166666666666659,-0.23626708984375,1.01239013671875,5.01446533203125
124,0.20833333333333304,0.24285888671875,1.47393798828125,4.8931884765625
124,0.2166666666666659,0.24755859375,1.471435546875,5.013671875
123,0.20833333333333304,0.1990966796875,0.9151611328125,4.89935302734375
123,0.2166666666666659,0.20245361328125,0.8958740234375,5.02008056640625
122,0.20833333333333304,-0.0758056640625,1.27935791015625,4.9033203125
122,0.2166666666666659,-0.08074951171875,1.27105712890625,5.024169921875
121,0.20833333333333304,0.23114013671875,1.20526123046875,4.90557861328125
121,0.2166666666666659,0.2354736328125,1.1947021484375,5.0264892578125
120,0.60833333333333339,-0.8853759765625,0.39276123046875,10.65142822265625
120,0.61666666666666625,-0.8973388671875,0.355224609375,10.7716064453125
119,0.60833333333333339,1.18914794921875,0.1407470703125,10.64923095703125
119,0.61666666666666625,1.20269775390625,0.10009765625,10.7694091796875
117,0.60833333333333339,-0.0126953125,0.74652099609375,10.6722412109375
117,0.61666666666666625,-0.013916015625,0.71337890625,10.792724609375
114,0.60833333333333339,0.49755859375,0.24432373046875,10.69873046875
114,0.61666666666666625,0.5025634765625,0.2049560546875,10.81951904296875
128,0.22499999999999964,-0.0079345703125,0.6636962890625,5.123046875
128,0.2333333333333325,-0.01068115234375,0.63702392578125,5.2432861328125
127,0.22499999999999964,-0.1124267578125,1.56414794921875,5.1241455078125
127,0.2333333333333325,-0.11810302734375,1.56304931640625,5.244384765625
126,0.22499999999999964,0.521240234375,1.012939453125,5.12646484375
126,0.2333333333333325,0.53350830078125,0.9962158203125,5.24676513671875
125,0.22499999999999964,-0.2457275390625,0.99578857421875,5.135009765625
125,0.2333333333333325,-0.255126953125,0.978515625,5.255615234375
124,0.22499999999999964,0.25225830078125,1.46820068359375,5.13421630859375
124,0.2333333333333325,0.25689697265625,1.46441650390625,5.2547607421875
123,0.22499999999999964,0.205810546875,0.8758544921875,5.14080810546875
123,0.2333333333333325,0.20916748046875,0.855224609375,5.26153564453125
122,0.22499999999999964,-0.08563232421875,1.261962890625,5.14501953125
122,0.2333333333333325,-0.090576171875,1.25225830078125,5.265869140625
121,0.22499999999999964,0.23980712890625,1.18341064453125,5.14739990234375
121,0.2333333333333325,0.24407958984375,1.1715087890625,5.268310546875
120,0.625,-0.9093017578125,0.31695556640625,10.891845703125
120,0.63333333333333286,-0.9212646484375,0.27813720703125,11.01202392578125
119,0.625,1.21624755859375,0.05877685546875,10.88958740234375
119,0.63170058191247114,1.2271728515625,0,10.9862060546875
117,0.625,-0.01513671875,0.679443359375,10.91314697265625
117,0.63333333333333286,-0.01641845703125,0.64495849609375,11.03363037109375
114,0.625,0.50762939453125,0.1649169921875,10.9403076171875
114,0.63333333333333286,0.5126953125,0.12420654296875,11.06103515625
128,0.24166666666666625,-0.01336669921875,0.60968017578125,5.36346435546875
128,0.24999999999999911,-0.01605224609375,0.5816650390625,5.48370361328125
127,0.24166666666666625,-0.123779296875,1.56121826171875,5.3646240234375
127,0.24999999999999911,-0.12945556640625,1.55877685546875,5.48492431640625
126,0.24166666666666625,0.54583740234375,0.97869873046875,5.36712646484375
126,0.24999999999999911,0.55816650390625,0.96063232421875,5.4874267578125
125,0.24166666666666625,-0.26458740234375,0.9605712890625,5.37615966796875
125,0.24999999999999911,-0.2740478515625,0.9420166015625,5.4967041015625
124,0.24166666666666625,0.2615966796875,1.4598388671875,5.37530517578125
124,0.24999999999999911,0.2662353515625,1.45465087890625,5.495849609375
123,0.24166666666666625,0.2125244140625,0.8338623046875,5.38226318359375
123,0.24999999999999911,0.21588134765625,0.8118896484375,5.50299072265625
122,0.24166666666666625,-0.095458984375,1.24188232421875,5.38671875
122,0.24999999999999911,-0.100341796875,1.2308349609375,5.507568359375
121,0.24166666666666625,0.2484130859375,1.1588134765625,5.38922119140625
121,0.24999999999999911,0.25274658203125,1.14556884765625,5.5101318359375
120,0.64166666666666661,-0.9332275390625,0.238525390625,11.1322021484375
120,0.64999999999999947,-0.94525146484375,0.1982421875,11.25244140625
117,0.64166666666666661,-0.01763916015625,0.60968017578125,11.154052734375
117,0.64999999999999947,-0.01885986328125,0.57379150390625,11.2745361328125
114,0.64166666666666661,0.51776123046875,0.082763671875,11.18182373046875
114,0.64999999999999947,0.52276611328125,0.04071044921875,11.3026123046875
128,0.25833333333333286,-0.018798828125,0.55291748046875,5.60394287109375
128,0.26666666666666572,-0.021484375,0.5235595703125,5.72418212890625
127,0.25833333333333286,-0.1351318359375,1.55560302734375,5.60516357421875
127,0.26666666666666572,-0.14080810546875,1.5517578125,5.72540283203125
126,0.25833333333333286,0.5704345703125,0.94183349609375,5.60772705078125
126,0.26666666666666572,0.582763671875,0.92236328125,5.72808837890625
125,0.25833333333333286,-0.28350830078125,0.92266845703125,5.6173095703125
125,0.26666666666666572,-0.29296875,0.9027099609375,5.73785400390625
124,0.25833333333333286,0.27093505859375,1.44879150390625,5.61639404296875
124,0.26666666666666572,0.275634765625,1.44219970703125,5.7369384765625
123,0.25833333333333286,0.21923828125,0.7891845703125,5.62371826171875
123,0.26666666666666572,0.22259521484375,0.76580810546875,5.74444580078125
122,0.25833333333333286,-0.10528564453125,1.2191162109375,5.62841796875
122,0.26666666666666572,-0.11016845703125,1.2066650390625,5.749267578125
121,0.25833333333333286,0.257080078125,1.131591796875,5.63104248046875
121,0.26666666666666572,0.26141357421875,1.116943359375,5.751953125
120,0.65833333333333321,-0.95721435546875,0.15728759765625,11.37261962890625
120,0.66666666666666607,-0.96917724609375,0.11572265625,11.49285888671875
117,0.65833333333333321,-0.02008056640625,0.53717041015625,11.39495849609375
117,0.66666666666666607,-0.02130126953125,0.49993896484375,11.51544189453125
114,0.65305753674699851,0.52459716796875,0,11.346923828125
128,0.27499999999999947,-0.02423095703125,0.49346923828125,5.84442138671875
128,0.28333333333333233,-0.02691650390625,0.462646484375,5.964599609375
127,0.27499999999999947,-0.146484375,1.5472412109375,5.845703125
127,0.28333333333333233,-0.15216064453125,1.5419921875,5.9659423828125
126,0.27499999999999947,0.5950927734375,0.90216064453125,5.848388671875
126,0.28333333333333233,0.60736083984375,0.88128662109375,5.96875
125,0.27499999999999947,-0.30242919921875,0.882080078125,5.8583984375
125,0.28333333333333233,-0.3118896484375,0.8607177734375,5.97900390625
124,0.27499999999999947,0.2802734375,1.4349365234375,5.85748291015625
124,0.28333333333333233,0.28497314453125,1.427001953125,5.97802734375
123,0.27499999999999947,0.2259521484375,0.74176025390625,5.86517333984375
123,0.28333333333333233,0.22930908203125,0.71697998046875,5.98590087890625
122,0.27499999999999947,-0.1151123046875,1.193603515625,5.8701171875
122,0.28333333333333233,-0.1199951171875,1.17974853515625,5.990966796875
121,0.27499999999999947,0.26568603515625,1.10162353515625,5.87286376953125
121,0.28333333333333233,0.27001953125,1.0855712890625,5.99383544921875
120,0.67499999999999982,-0.98114013671875,0.0733642578125,11.613037109375
120,0.68333333333333268,-0.99310302734375,0.0303955078125,11.73321533203125
117,0.67499999999999982,-0.0225830078125,0.46197509765625,11.6358642578125
117,0.68333333333333268,-0.0238037109375,0.42333984375,11.75634765625
128,0.29166666666666607,-0.02960205078125,0.4312744140625,6.0848388671875
128,0.29999999999999893,-0.0323486328125,0.39910888671875,6.205078125
127,0.29166666666666607,-0.1578369140625,1.5361328125,6.086181640625
127,0.29999999999999893,-0.16351318359375,1.529541015625,6.2064208984375
126,0.29166666666666607,0.61968994140625,0.85980224609375,6.08905029296875
126,0.29999999999999893,0.63201904296875,0.8375244140625,6.2093505859375
125,0.29166666666666607,-0.32135009765625,0.83868408203125,6.09954833984375
125,0.29999999999999893,-0.330810546875,0.81597900390625,6.2200927734375
124,0.29166666666666607,0.28961181640625,1.41839599609375,6.09857177734375
124,0.29999999999999893,0.2943115234375,1.4090576171875,6.2191162109375
123,0.29166666666666607,0.232666015625,0.69158935546875,6.10662841796875
123,0.29999999999999893,0.23602294921875,0.66546630859375,6.22735595703125
122,0.29166666666666607,-0.12493896484375,1.16534423828125,6.11181640625
122,0.29999999999999893,-0.12982177734375,1.150146484375,6.232666015625
121,0.29166666666666607,0.27435302734375,1.06890869140625,6.11474609375
121,0.29999999999999893,0.2786865234375,1.051513671875,6.23565673828125
120,0.684359869387315,-0.99456787109375,0,11.748046875
117,0.69166666666666643,-0.0250244140625,0.384033203125,11.8768310546875
117,0.69999999999999929,-0.0262451171875,0.343994140625,11.99725341796875
128,0.30833333333333268,-0.0350341796875,0.36627197265625,6.3253173828125
128,0.31666666666666554,-0.0377197265625,0.33282470703125,6.44549560546875
127,0.30833333333333268,-0.169189453125,1.52227783203125,6.32672119140625
127,0.31666666666666554,-0.17486572265625,1.51434326171875,6.44696044921875
126,0.30833333333333268,0.644287109375,0.81463623046875,6.3297119140625
126,0.31666666666666554,0.6566162109375,0.79107666015625,6.45001220703125
125,0.30833333333333268,-0.3402099609375,0.7926025390625,6.3406982421875
125,0.31666666666666554,-0.34967041015625,0.76849365234375,6.46124267578125
124,0.30833333333333268,0.29901123046875,1.39910888671875,6.33966064453125
124,0.31666666666666554,0.30364990234375,1.388427734375,6.460205078125
123,0.30833333333333268,0.2393798828125,0.638671875,6.34808349609375
123,0.31666666666666554,0.24273681640625,0.6112060546875,6.46881103515625
122,0.30833333333333268,-0.134765625,1.13433837890625,6.353515625
122,0.31666666666666554,-0.1396484375,1.1177978515625,6.47430419921875
121,0.30833333333333268,0.28302001953125,1.033447265625,6.3565673828125
121,0.31666666666666554,0.287353515625,1.01470947265625,6.47747802734375
117,0.708333333333333,-0.0274658203125,0.3033447265625,12.11773681640625
117,0.7166666666666659,-0.02874755859375,0.261962890625,12.2381591796875
128,0.32499999999999929,-0.04046630859375,0.29864501953125,6.56573486328125
128,0.33333333333333215,-0.04315185546875,0.2637939453125,6.68597412109375
127,0.32499999999999929,-0.1805419921875,1.5057373046875,6.56719970703125
127,0.33333333333333215,-0.18621826171875,1.4964599609375,6.68743896484375
126,0.32499999999999929,0.6689453125,0.76678466796875,6.5703125
126,0.33333333333333215,0.68121337890625,0.74188232421875,6.690673828125
125,0.32499999999999929,-0.359130859375,0.7437744140625,6.581787109375
125,0.33333333333333215,-0.36859130859375,0.7183837890625,6.70233154296875
124,0.32499999999999929,0.308349609375,1.3770751953125,6.58074951171875
124,0.33333333333333215,0.31298828125,1.3651123046875,6.7012939453125
123,0.32499999999999929,0.24609375,0.5830078125,6.58953857421875
123,0.33333333333333215,0.24945068359375,0.55419921875,6.71026611328125
122,0.32499999999999929,-0.14459228515625,1.1005859375,6.59515380859375
122,0.33333333333333215,-0.14947509765625,1.082763671875,6.71600341796875
121,0.32499999999999929,0.2916259765625,0.99530029296875,6.598388671875
121,0.33333333333333215,0.29595947265625,0.9752197265625,6.71929931640625
117,0.72499999999999964,-0.02996826171875,0.219970703125,12.358642578125
117,0.7333333333333325,-0.03118896484375,0.17724609375,12.47906494140625
128,0.3416666666666659,-0.04583740234375,0.22833251953125,6.80621337890625
128,0.34999999999999876,-0.048583984375,0.19207763671875,6.9263916015625
127,0.3416666666666659,-0.19189453125,1.48651123046875,6.8077392578125
127,0.34999999999999876,-0.19757080078125,1.475830078125,6.927978515625
126,0.3416666666666659,0.69354248046875,0.71630859375,6.81097412109375
126,0.34999999999999876,0.70587158203125,0.68994140625,6.9312744140625
125,0.3416666666666659,-0.3780517578125,0.6922607421875,6.82293701171875
125,0.34999999999999876,-0.38751220703125,0.66546630859375,6.9434814453125
124,0.3416666666666659,0.31768798828125,1.3524169921875,6.82183837890625
124,0.34999999999999876,0.3223876953125,1.3389892578125,6.9423828125
123,0.3416666666666659,0.2528076171875,0.52471923828125,6.83099365234375
123,0.34999999999999876,0.25616455078125,0.4945068359375,6.95172119140625
122,0.3416666666666659,-0.1544189453125,1.064208984375,6.83685302734375
122,0.34999999999999876,-0.1593017578125,1.04498291015625,6.95770263671875
121,0.3416666666666659,0.30029296875,0.9544677734375,6.8402099609375
121,0.34999999999999876,0.30462646484375,0.93292236328125,6.96112060546875
117,0.74166666666666625,-0.03240966796875,0.13385009765625,12.59954833984375
117,0.74999999999999911,-0.03363037109375,0.08978271484375,12.72003173828125
128,0.3583333333333325,-0.05126953125,0.1551513671875,7.046630859375
128,0.36666666666666536,-0.05401611328125,0.11767578125,7.1668701171875
127,0.3583333333333325,-0.20318603515625,1.4644775390625,7.0482177734375
127,0.36666666666666536,-0.2088623046875,1.45245361328125,7.16845703125
126,0.3583333333333325,0.7181396484375,0.6629638671875,7.0516357421875
126,0.36666666666666536,0.73046875,0.6353759765625,7.17193603515625
125,0.3583333333333325,-0.39697265625,0.63800048828125,7.06402587890625
125,0.36666666666666536,-0.40643310546875,0.60992431640625,7.18463134765625
124,0.3583333333333325,0.3270263671875,1.324951171875,7.06292724609375
124,0.36666666666666536,0.33172607421875,1.31024169921875,7.1834716796875
123,0.3583333333333325,0.259521484375,0.463623046875,7.07244873046875
123,0.36666666666666536,0.26287841796875,0.43212890625,7.19317626953125
122,0.3583333333333325,-0.16424560546875,1.0250244140625,7.07855224609375
122,0.36666666666666536,-0.16912841796875,1.0045166015625,7.19940185546875
121,0.3583333333333325,0.3089599609375,0.9107666015625,7.08203125
121,0.36666666666666536,0.313232421875,0.88800048828125,7.20294189453125
117,0.75833333333333286,-0.034912109375,0.04498291015625,12.8404541015625
117,0.76199820741711222,-0.03546142578125,0,12.8934326171875
128,0.37499999999999911,-0.05670166015625,0.07940673828125,7.287109375
128,0.38333333333333286,-0.05938720703125,0.04046630859375,7.40728759765625
127,0.37499999999999911,-0.21453857421875,1.43975830078125,7.28875732421875
127,0.38333333333333286,-0.22021484375,1.4263916015625,7.40899658203125
126,0.37499999999999911,0.7427978515625,0.60699462890625,7.292236328125
126,0.38333333333333286,0.75506591796875,0.5780029296875,7.41259765625
125,0.37499999999999911,-0.4158935546875,0.5810546875,7.30517578125
125,0.38333333333333286,-0.42529296875,0.55157470703125,7.42572021484375
124,0.37499999999999911,0.33636474609375,1.2947998046875,7.30401611328125
124,0.38333333333333286,0.341064453125,1.27874755859375,7.424560546875
123,0.37499999999999911,0.26629638671875,0.39990234375,7.31390380859375
123,0.38333333333333286,0.2696533203125,0.36700439453125,7.43463134765625
122,0.37499999999999911,-0.174072265625,0.98321533203125,7.32025146484375
122,0.38333333333333286,-0.178955078125,0.9613037109375,7.44110107421875
121,0.37499999999999911,0.31756591796875,0.864501953125,7.3238525390625
121,0.38333333333333286,0.3218994140625,0.84033203125,7.44476318359375
129,0,0.08746337890625,1.25909423828125,0.88604736328125
130,0,0.08746337890625,1.25909423828125,0.88604736328125
131,0,0.08746337890625,1.25909423828125,0.88604736328125
132,0,0.08746337890625,1.25909423828125,0.88604736328125
133,0,0.08746337890625,1.25909423828125,0.88604736328125
134,0,0.08746337890625,1.25909423828125,0.88604736328125
135,0,0.08746337890625,1.25909423828125,0.88604736328125
136,0,0.08746337890625,1.25909423828125,0.88604736328125
128,0.38658448874129342,-0.06048583984375,0,7.4542236328125
127,0.39166666666666661,-0.22589111328125,1.41229248046875,7.52923583984375
127,0.39999999999999947,-0.2315673828125,1.3975830078125,7.6495361328125
126,0.39166666666666661,0.76739501953125,0.54827880859375,7.53289794921875
126,0.39999999999999947,0.77972412109375,0.5179443359375,7.6531982421875
125,0.39166666666666661,-0.43475341796875,0.5213623046875,7.54632568359375
125,0.39999999999999947,-0.4442138671875,0.490478515625,7.6668701171875
124,0.39166666666666661,0.34576416015625,1.26190185546875,7.54510498046875
124,0.39999999999999947,0.35040283203125,1.24444580078125,7.6656494140625
123,0.39166666666666661,0.27301025390625,0.3333740234375,7.55535888671875
123,0.39999999999999947,0.2763671875,0.29913330078125,7.67608642578125
122,0.39166666666666661,-0.18389892578125,0.9385986328125,7.56195068359375
122,0.39999999999999947,-0.18878173828125,0.91534423828125,7.68280029296875
121,0.39166666666666661,0.32623291015625,0.8154296875,7.56573486328125
121,0.39999999999999947,0.33056640625,0.7899169921875,7.6866455078125
136,0.0083333333333337478,0.08990478515625,1.23822021484375,1.06817626953125
136,0.016666666666665719,0.0924072265625,1.21728515625,1.25030517578125
135,0.0083333333333337478,0.073974609375,1.27374267578125,1.06829833984375
135,0.016666666666665719,0.060546875,1.2884521484375,1.25054931640625
134,0.0083333333333337478,0.10711669921875,1.25933837890625,1.06829833984375
134,0.016666666666665719,0.12677001953125,1.2596435546875,1.2506103515625
133,0.0083333333333337478,0.07586669921875,1.24871826171875,1.0687255859375
133,0.016666666666665719,0.0643310546875,1.23834228515625,1.25140380859375
132,0.0083333333333337478,0.0902099609375,1.2745361328125,1.0687255859375
132,0.016666666666665719,0.0928955078125,1.28997802734375,1.2513427734375
131,0.0083333333333337478,0.095947265625,1.2496337890625,1.0689697265625
131,0.016666666666665719,0.10443115234375,1.240234375,1.2518310546875
130,0.0083333333333337478,0.0789794921875,1.26171875,1.06915283203125
130,0.016666666666665719,0.070556640625,1.26434326171875,1.25225830078125
129,0.0083333333333337478,0.0933837890625,1.2626953125,1.06927490234375
129,0.016666666666665719,0.0992431640625,1.26629638671875,1.25244140625
127,0.40833333333333321,-0.23724365234375,1.38214111328125,7.769775390625
127,0.41666666666666607,-0.242919921875,1.3660888671875,7.8900146484375
126,0.40833333333333321,0.7919921875,0.48681640625,7.7735595703125
126,0.41666666666666607,0.8043212890625,0.45513916015625,7.89385986328125
125,0.40833333333333321,-0.45367431640625,0.45892333984375,7.78741455078125
125,0.41666666666666607,-0.463134765625,0.4267578125,7.90802001953125
124,0.40833333333333321,0.3551025390625,1.226318359375,7.78619384765625
124,0.41666666666666607,0.3597412109375,1.20751953125,7.90673828125
123,0.40833333333333321,0.27972412109375,0.26416015625,7.79681396484375
123,0.41666666666666607,0.2830810546875,0.22857666015625,7.91754150390625
122,0.40833333333333321,-0.19366455078125,0.89129638671875,7.80364990234375
122,0.41666666666666607,-0.1986083984375,0.86663818359375,7.92449951171875
121,0.40833333333333321,0.3348388671875,0.763671875,7.80755615234375
121,0.41666666666666607,0.33917236328125,0.73681640625,7.928466796875
136,0.024999999999999467,0.0948486328125,1.1964111328125,1.43243408203125
136,0.033333333333332327,0.0972900390625,1.17547607421875,1.61456298828125
135,0.024999999999999467,0.04705810546875,1.3031005859375,1.43280029296875
135,0.033333333333332327,0.0335693359375,1.3177490234375,1.61505126953125
134,0.024999999999999467,0.1463623046875,1.2598876953125,1.432861328125
134,0.033333333333332327,0.166015625,1.26019287109375,1.61517333984375
133,0.024999999999999467,0.052734375,1.22802734375,1.43408203125
133,0.033333333333332327,0.0411376953125,1.2176513671875,1.61676025390625
132,0.024999999999999467,0.09564208984375,1.305419921875,1.43402099609375
132,0.033333333333332327,0.09832763671875,1.3209228515625,1.61669921875
131,0.024999999999999467,0.1129150390625,1.23077392578125,1.43475341796875
131,0.033333333333332327,0.12139892578125,1.22137451171875,1.61761474609375
130,0.024999999999999467,0.06207275390625,1.2669677734375,1.4354248046875
130,0.033333333333332327,0.0535888671875,1.26959228515625,1.6185302734375
129,0.024999999999999467,0.10516357421875,1.26995849609375,1.4356689453125
129,0.033333333333332327,0.11102294921875,1.2735595703125,1.61883544921875
127,0.42499999999999982,-0.24859619140625,1.34930419921875,8.01025390625
127,0.43333333333333268,-0.2542724609375,1.33184814453125,8.13055419921875
126,0.42499999999999982,0.816650390625,0.4227294921875,8.01416015625
126,0.43333333333333268,0.82891845703125,0.38958740234375,8.134521484375
125,0.42499999999999982,-0.47259521484375,0.393798828125,8.028564453125
125,0.43333333333333268,-0.4820556640625,0.3602294921875,8.14910888671875
124,0.42499999999999982,0.36444091796875,1.18804931640625,8.02728271484375
124,0.43333333333333268,0.369140625,1.1678466796875,8.1478271484375
123,0.42499999999999982,0.28643798828125,0.1922607421875,8.03826904296875
123,0.43333333333333268,0.289794921875,0.1552734375,8.15899658203125
122,0.42499999999999982,-0.2034912109375,0.84130859375,8.04534912109375
122,0.43333333333333268,-0.20843505859375,0.81524658203125,8.16619873046875
121,0.42499999999999982,0.343505859375,0.709228515625,8.04937744140625
121,0.43333333333333268,0.34783935546875,0.68096923828125,8.1702880859375
136,0.041666666666666075,0.09979248046875,1.15460205078125,1.796630859375
136,0.049999999999998934,0.10223388671875,1.13372802734375,1.978759765625
135,0.041666666666666075,0.02008056640625,1.33245849609375,1.79730224609375
135,0.049999999999998934,0.00665283203125,1.34710693359375,1.97955322265625
134,0.041666666666666075,0.1856689453125,1.26043701171875,1.79742431640625
134,0.049999999999998934,0.205322265625,1.26068115234375,1.979736328125
133,0.041666666666666075,0.029541015625,1.207275390625,1.7994384765625
133,0.049999999999998934,0.01800537109375,1.1968994140625,1.98211669921875
132,0.041666666666666075,0.10107421875,1.33636474609375,1.79937744140625
132,0.049999999999998934,0.103759765625,1.351806640625,1.98199462890625
131,0.041666666666666075,0.1298828125,1.2119140625,1.800537109375
131,0.049999999999998934,0.13836669921875,1.20245361328125,1.9833984375
130,0.041666666666666075,0.045166015625,1.272216796875,1.8016357421875
130,0.049999999999998934,0.03668212890625,1.27484130859375,1.9847412109375
129,0.041666666666666075,0.116943359375,1.27716064453125,1.80206298828125
129,0.049999999999998934,0.12286376953125,1.28076171875,1.98529052734375
127,0.44166666666666643,-0.25994873046875,1.31365966796875,8.25079345703125
127,0.44999999999999929,-0.265625,1.29486083984375,8.37103271484375
126,0.44166666666666643,0.84124755859375,0.35577392578125,8.25482177734375
126,0.44999999999999929,0.853515625,0.32135009765625,8.3751220703125
125,0.44166666666666643,-0.49151611328125,0.325927734375,8.26971435546875
125,0.44999999999999929,-0.50091552734375,0.291015625,8.3902587890625
124,0.44166666666666643,0.373779296875,1.14691162109375,8.268310546875
124,0.44999999999999929,0.37847900390625,1.12542724609375,8.38885498046875
123,0.44166666666666643,0.29315185546875,0.1175537109375,8.27972412109375
123,0.44999999999999929,0.2965087890625,0.0792236328125,8.40045166015625
122,0.44166666666666643,-0.21331787109375,0.78851318359375,8.28704833984375
122,0.44999999999999929,-0.21826171875,0.7611083984375,8.40789794921875
121,0.44166666666666643,0.3521728515625,0.6519775390625,8.29119873046875
121,0.44999999999999929,0.35650634765625,0.62237548828125,8.412109375
136,0.058333333333332682,0.10467529296875,1.11279296875,2.160888671875
136,0.066666666666665542,0.107177734375,1.0919189453125,2.343017578125
135,0.058333333333332682,-0.0068359375,1.36175537109375,2.16180419921875
135,0.066666666666665542,-0.02032470703125,1.37640380859375,2.34405517578125
134,0.058333333333332682,0.22491455078125,1.260986328125,2.1619873046875
134,0.066666666666665542,0.24456787109375,1.26123046875,2.34429931640625
133,0.058333333333332682,0.00640869140625,1.18658447265625,2.16473388671875
133,0.066666666666665542,-0.00518798828125,1.17620849609375,2.347412109375
132,0.058333333333332682,0.10650634765625,1.36724853515625,2.1646728515625
132,0.066666666666665542,0.1092529296875,1.3826904296875,2.34735107421875
131,0.058333333333332682,0.1468505859375,1.19305419921875,2.16632080078125
131,0.066666666666665542,0.15533447265625,1.18359375,2.34918212890625
130,0.058333333333332682,0.02825927734375,1.2774658203125,2.16790771484375
130,0.066666666666665542,0.019775390625,1.28009033203125,2.35101318359375
129,0.058333333333332682,0.12872314453125,1.28436279296875,2.16845703125
129,0.066666666666665542,0.1346435546875,1.2879638671875,2.3516845703125
127,0.45833333333333304,-0.27130126953125,1.275390625,8.49127197265625
127,0.4666666666666659,-0.2769775390625,1.25518798828125,8.611572265625
126,0.45833333333333304,0.8658447265625,0.28619384765625,8.4954833984375
126,0.4666666666666659,0.878173828125,0.2503662109375,8.61578369140625
125,0.45833333333333304,-0.5103759765625,0.25537109375,8.51080322265625
125,0.4666666666666659,-0.51983642578125,0.21905517578125,8.63140869140625
124,0.45833333333333304,0.38311767578125,1.10321044921875,8.5093994140625
124,0.4666666666666659,0.3878173828125,1.08026123046875,8.62994384765625
123,0.45833333333333304,0.29986572265625,0.04022216796875,8.52117919921875
123,0.46152329711874862,0.3011474609375,0,8.5673828125
122,0.45833333333333304,-0.22314453125,0.73309326171875,8.52874755859375
122,0.4666666666666659,-0.22808837890625,0.70428466796875,8.64959716796875
121,0.45833333333333304,0.36077880859375,0.592041015625,8.53302001953125
121,0.4666666666666659,0.3651123046875,0.56103515625,8.6539306640625
136,0.074999999999999289,0.109619140625,1.07086181640625,2.523193359375
136,0.083333333333332149,0.11199951171875,1.04962158203125,2.69952392578125
135,0.074999999999999289,-0.03363037109375,1.39056396484375,2.52435302734375
135,0.083333333333332149,-0.04669189453125,1.40380859375,2.7008056640625
134,0.074999999999999289,0.2640380859375,1.2611083984375,2.52459716796875
134,0.083333333333332149,0.28302001953125,1.26043701171875,2.70111083984375
133,0.074999999999999289,-0.01666259765625,1.16558837890625,2.5281982421875
133,0.083333333333332149,-0.02783203125,1.15460205078125,2.70501708984375
132,0.074999999999999289,0.1119384765625,1.39764404296875,2.528076171875
132,0.083333333333332149,0.11456298828125,1.41162109375,2.70489501953125
131,0.074999999999999289,0.1636962890625,1.17388916015625,2.5301513671875
131,0.083333333333332149,0.17193603515625,1.163818359375,2.70721435546875
130,0.074999999999999289,0.01141357421875,1.28228759765625,2.53216552734375
130,0.083333333333332149,0.003173828125,1.28387451171875,2.70947265625
129,0.074999999999999289,0.14044189453125,1.29119873046875,2.53289794921875
129,0.083333333333332149,0.14617919921875,1.293701171875,2.71026611328125
127,0.47499999999999964,-0.28265380859375,1.23431396484375,8.7318115234375
127,0.4833333333333325,-0.288330078125,1.2127685546875,8.85205078125
126,0.47499999999999964,0.89044189453125,0.2138671875,8.73614501953125
126,0.4833333333333325,0.90277099609375,0.1766357421875,8.8564453125
125,0.47499999999999964,-0.529296875,0.18206787109375,8.751953125
125,0.4833333333333325,-0.53875732421875,0.14434814453125,8.87249755859375
124,0.47499999999999964,0.39251708984375,1.05670166015625,8.75048828125
124,0.4833333333333325,0.39715576171875,1.03240966796875,8.87103271484375
122,0.47499999999999964,-0.23297119140625,0.67486572265625,8.77044677734375
122,0.4833333333333325,-0.2379150390625,0.64471435546875,8.89129638671875
121,0.47499999999999964,0.36944580078125,0.52935791015625,8.77484130859375
121,0.4833333333333325,0.373779296875,0.49700927734375,8.895751953125
136,0.0916666666666659,0.11431884765625,1.02813720703125,2.8719482421875
136,0.099999999999998757,0.1165771484375,1.00640869140625,3.04052734375
135,0.0916666666666659,-0.0594482421875,1.41595458984375,2.87335205078125
135,0.099999999999998757,-0.0718994140625,1.42718505859375,3.04205322265625
134,0.0916666666666659,0.3016357421875,1.25897216796875,2.8736572265625
134,0.099999999999998757,0.31982421875,1.2568359375,3.04241943359375
133,0.0916666666666659,-0.038818359375,1.14306640625,2.87799072265625
133,0.099999999999998757,-0.049560546875,1.131103515625,3.04705810546875
132,0.0916666666666659,0.11712646484375,1.42449951171875,2.87786865234375
132,0.099999999999998757,0.11962890625,1.43646240234375,3.04693603515625
131,0.0916666666666659,0.17999267578125,1.15313720703125,2.88037109375
131,0.099999999999998757,0.18780517578125,1.14202880859375,3.0496826171875
130,0.0916666666666659,-0.00482177734375,1.28460693359375,2.88287353515625
130,0.099999999999998757,-0.01263427734375,1.28466796875,3.0523681640625
129,0.0916666666666659,0.1517333984375,1.29541015625,2.8837890625
129,0.099999999999998757,0.1572265625,1.29638671875,3.0533447265625
127,0.49166666666666625,-0.29400634765625,1.1905517578125,8.9722900390625
127,0.49999999999999911,-0.29962158203125,1.16766357421875,9.09259033203125
126,0.49166666666666625,0.91510009765625,0.1387939453125,8.97674560546875
126,0.49999999999999911,0.9273681640625,0.10028076171875,9.09710693359375
125,0.49166666666666625,-0.5482177734375,0.10601806640625,8.99310302734375
125,0.49999999999999911,-0.55767822265625,0.0670166015625,9.1136474609375
124,0.49166666666666625,0.40185546875,1.0074462890625,8.9915771484375
124,0.49999999999999911,0.406494140625,0.98187255859375,9.11212158203125
122,0.49166666666666625,-0.2427978515625,0.61395263671875,9.01214599609375
122,0.49999999999999911,-0.24774169921875,0.58245849609375,9.13299560546875
121,0.49166666666666625,0.37811279296875,0.4639892578125,9.01666259765625
121,0.49999999999999911,0.38238525390625,0.4302978515625,9.13763427734375
136,0.1083333333333325,0.11883544921875,0.9844970703125,3.20526123046875
136,0.11666666666666536,0.12103271484375,0.96221923828125,3.3660888671875
135,0.1083333333333325,-0.0841064453125,1.4373779296875,3.20684814453125
135,0.11666666666666536,-0.09600830078125,1.446533203125,3.3677978515625
134,0.1083333333333325,0.33758544921875,1.2540283203125,3.207275390625
134,0.11666666666666536,0.35491943359375,1.25048828125,3.36822509765625
133,0.1083333333333325,-0.05999755859375,1.11865234375,3.2122802734375
133,0.11666666666666536,-0.07025146484375,1.105712890625,3.37359619140625
132,0.1083333333333325,0.12213134765625,1.4473876953125,3.21209716796875
132,0.11666666666666536,0.12451171875,1.45721435546875,3.3734130859375
131,0.1083333333333325,0.19549560546875,1.13043212890625,3.215087890625
131,0.11666666666666536,0.2030029296875,1.11834716796875,3.3765869140625
130,0.1083333333333325,-0.020263671875,1.28399658203125,3.21795654296875
130,0.11666666666666536,-0.02777099609375,1.28253173828125,3.37969970703125
129,0.1083333333333325,0.16253662109375,1.296630859375,3.218994140625
129,0.11666666666666536,0.16778564453125,1.2960205078125,3.38079833984375
127,0.50833333333333286,-0.3052978515625,1.14410400390625,9.21282958984375
127,0.51666666666666572,-0.31097412109375,1.1197509765625,9.33306884765625
126,0.50833333333333286,0.939697265625,0.06103515625,9.2174072265625
126,0.51585372108529426,0.9508056640625,0,9.32598876953125
125,0.50833333333333286,-0.567138671875,0.02728271484375,9.23419189453125
125,0.50880161105219235,-0.56768798828125,0,9.240966796875
124,0.50833333333333286,0.41119384765625,0.95556640625,9.232666015625
124,0.51666666666666572,0.4158935546875,0.92852783203125,9.35321044921875
122,0.50833333333333286,-0.25262451171875,0.55029296875,9.25384521484375
122,0.51666666666666572,-0.257568359375,0.5174560546875,9.37469482421875
121,0.50833333333333286,0.38671875,0.39593505859375,9.258544921875
121,0.51666666666666572,0.39105224609375,0.36083984375,9.37945556640625
136,0.12499999999999911,0.12310791015625,0.9398193359375,3.5230712890625
136,0.13333333333333197,0.12518310546875,0.9171142578125,3.6761474609375
135,0.12499999999999911,-0.10760498046875,1.45477294921875,3.52490234375
135,0.13333333333333197,-0.11895751953125,1.46197509765625,3.6781005859375
134,0.12499999999999911,0.371826171875,1.24627685546875,3.52532958984375
134,0.13333333333333197,0.38836669921875,1.24139404296875,3.67852783203125
133,0.12499999999999911,-0.0802001953125,1.0924072265625,3.53106689453125
133,0.13333333333333197,-0.0899658203125,1.07855224609375,3.68463134765625
132,0.12499999999999911,0.1268310546875,1.4661865234375,3.5308837890625
132,0.13333333333333197,0.129150390625,1.4739990234375,3.68438720703125
131,0.12499999999999911,0.21026611328125,1.1058349609375,3.53424072265625
131,0.13333333333333197,0.2174072265625,1.0927734375,3.68798828125
130,0.12499999999999911,-0.0350341796875,1.2803955078125,3.5374755859375
130,0.13333333333333197,-0.04217529296875,1.2774658203125,3.69140625
129,0.12499999999999911,0.1728515625,1.29473876953125,3.5386962890625
129,0.13333333333333197,0.17779541015625,1.29266357421875,3.69268798828125
127,0.52499999999999947,-0.316650390625,1.09478759765625,9.453369140625
127,0.53333333333333233,-0.32232666015625,1.06915283203125,9.5736083984375
124,0.52499999999999947,0.4205322265625,0.90087890625,9.4737548828125
124,0.53333333333333233,0.42523193359375,0.87249755859375,9.59429931640625
122,0.52499999999999947,-0.262451171875,0.48388671875,9.49554443359375
122,0.53333333333333233,-0.26739501953125,0.44970703125,9.61639404296875
121,0.52499999999999947,0.3953857421875,0.3250732421875,9.5003662109375
121,0.53333333333333233,0.39971923828125,0.28863525390625,9.62127685546875
136,0.14166666666666572,0.127197265625,0.89422607421875,3.82537841796875
136,0.14999999999999858,0.129150390625,0.87103271484375,3.970703125
135,0.14166666666666572,-0.1300048828125,1.46820068359375,3.827392578125
135,0.14999999999999858,-0.1407470703125,1.47344970703125,3.972900390625
134,0.14166666666666572,0.4044189453125,1.23583984375,3.827880859375
134,0.14999999999999858,0.42010498046875,1.22955322265625,3.973388671875
133,0.14166666666666572,-0.09942626953125,1.06427001953125,3.83428955078125
133,0.14999999999999858,-0.10870361328125,1.049560546875,3.9801025390625
132,0.14166666666666572,0.13134765625,1.48089599609375,3.8341064453125
132,0.14999999999999858,0.133544921875,1.48675537109375,3.9798583984375
131,0.14166666666666572,0.224365234375,1.0792236328125,3.83782958984375
131,0.14999999999999858,0.23114013671875,1.06524658203125,3.98382568359375
130,0.14166666666666572,-0.04913330078125,1.2738037109375,3.84149169921875
130,0.14999999999999858,-0.05584716796875,1.26947021484375,3.98760986328125
129,0.14166666666666572,0.1826171875,1.289794921875,3.84283447265625
129,0.14999999999999858,0.18731689453125,1.28619384765625,3.98907470703125
127,0.54166666666666607,-0.3280029296875,1.0428466796875,9.69384765625
127,0.54999999999999893,-0.33367919921875,1.015869140625,9.8140869140625
124,0.54166666666666607,0.42987060546875,0.84344482421875,9.71484375
124,0.54999999999999893,0.4345703125,0.81378173828125,9.83538818359375
122,0.54166666666666607,-0.27227783203125,0.414794921875,9.73724365234375
122,0.54999999999999893,-0.2772216796875,0.3792724609375,9.85809326171875
121,0.54166666666666607,0.40399169921875,0.25152587890625,9.7421875
121,0.54999999999999893,0.4083251953125,0.2137451171875,9.86309814453125
136,0.15833333333333233,0.131103515625,0.84765625,4.11224365234375
136,0.16666666666666519,0.1329345703125,0.8240966796875,4.24981689453125
135,0.15833333333333233,-0.15118408203125,1.47772216796875,4.11444091796875
135,0.16666666666666519,-0.161376953125,1.48095703125,4.252197265625
134,0.15833333333333233,0.43536376953125,1.22265625,4.114990234375
134,0.16666666666666519,0.4501953125,1.21502685546875,4.25274658203125
133,0.15833333333333233,-0.11767578125,1.03436279296875,4.12200927734375
133,0.16666666666666519,-0.12640380859375,1.0186767578125,4.260009765625
132,0.15833333333333233,0.13568115234375,1.4915771484375,4.12176513671875
132,0.16666666666666519,0.1376953125,1.4954833984375,4.259765625
131,0.15833333333333233,0.23773193359375,1.05072021484375,4.12591552734375
131,0.16666666666666519,0.244140625,1.03582763671875,4.26409912109375
130,0.15833333333333233,-0.06243896484375,1.26434326171875,4.1298828125
130,0.16666666666666519,-0.06884765625,1.258544921875,4.26824951171875
129,0.15833333333333233,0.19189453125,1.2818603515625,4.13134765625
129,0.16666666666666519,0.19635009765625,1.27679443359375,4.269775390625
127,0.55833333333333268,-0.33935546875,0.98822021484375,9.93438720703125
127,0.56666666666666554,-0.34503173828125,0.95989990234375,10.05462646484375
124,0.55833333333333268,0.43927001953125,0.78338623046875,9.9559326171875
124,0.56666666666666554,0.44390869140625,0.7523193359375,10.07647705078125
122,0.55833333333333268,-0.2821044921875,0.343017578125,9.97894287109375
122,0.56666666666666554,-0.2869873046875,0.30615234375,10.09979248046875
121,0.55833333333333268,0.41265869140625,0.17529296875,9.9840087890625
121,0.56666666666666554,0.4169921875,0.1361083984375,10.10491943359375
136,0.17499999999999893,0.134765625,0.80023193359375,4.38360595703125
136,0.18333333333333179,0.13653564453125,0.776123046875,4.513427734375
135,0.17499999999999893,-0.1712646484375,1.4832763671875,4.385986328125
135,0.18333333333333179,-0.180908203125,1.4844970703125,4.5159912109375
134,0.17499999999999893,0.46466064453125,1.20672607421875,4.3865966796875
134,0.18333333333333179,0.4786376953125,1.19769287109375,4.5166015625
133,0.17499999999999893,-0.13494873046875,1.00262451171875,4.3941650390625
133,0.18333333333333179,-0.1431884765625,0.98602294921875,4.52447509765625
132,0.17499999999999893,0.13970947265625,1.49835205078125,4.3939208984375
132,0.18333333333333179,0.14166259765625,1.5001220703125,4.524169921875
131,0.17499999999999893,0.2503662109375,1.0203857421875,4.3984375
131,0.18333333333333179,0.25640869140625,1.00445556640625,4.52880859375
130,0.17499999999999893,-0.0750732421875,1.251953125,4.4027099609375
130,0.18333333333333179,-0.0810546875,1.24462890625,4.5333251953125
129,0.17499999999999893,0.20068359375,1.27093505859375,4.40435791015625
129,0.18333333333333179,0.20489501953125,1.26434326171875,4.53497314453125
127,0.57499999999999929,-0.3507080078125,0.93084716796875,10.17486572265625
127,0.58333333333333215,-0.35638427734375,0.901123046875,10.29510498046875
124,0.57499999999999929,0.4486083984375,0.7205810546875,10.197021484375
124,0.58333333333333215,0.4532470703125,0.6881103515625,10.31756591796875
122,0.57499999999999929,-0.29193115234375,0.26849365234375,10.2205810546875
122,0.58333333333333215,-0.29681396484375,0.23016357421875,10.3414306640625
121,0.57499999999999929,0.42132568359375,0.09625244140625,10.225830078125
121,0.58333333333333215,0.4256591796875,0.05572509765625,10.34674072265625
136,0.19166666666666554,0.13824462890625,0.7518310546875,4.63946533203125
136,0.1999999999999984,0.139892578125,0.727294921875,4.7615966796875
135,0.19166666666666554,-0.190185546875,1.48480224609375,4.64208984375
135,0.1999999999999984,-0.19921875,1.484130859375,4.7642822265625
134,0.19166666666666554,0.49224853515625,1.18804931640625,4.6427001953125
134,0.1999999999999984,0.50537109375,1.17767333984375,4.76495361328125
133,0.19166666666666554,-0.15118408203125,0.968994140625,4.65081787109375
133,0.1999999999999984,-0.15899658203125,0.95147705078125,4.7733154296875
132,0.19166666666666554,0.1435546875,1.5009765625,4.65057373046875
132,0.1999999999999984,0.1453857421875,1.50079345703125,4.7730712890625
131,0.19166666666666554,0.26226806640625,0.98809814453125,4.6553955078125
131,0.1999999999999984,0.26800537109375,0.97119140625,4.77801513671875
130,0.19166666666666554,-0.0869140625,1.236572265625,4.6600341796875
130,0.1999999999999984,-0.09259033203125,1.227783203125,4.7828369140625
129,0.19166666666666554,0.208984375,1.2569580078125,4.6617431640625
129,0.1999999999999984,0.21295166015625,1.24884033203125,4.78460693359375
127,0.5916666666666659,-0.362060546875,0.8707275390625,10.4154052734375
127,0.59999999999999876,-0.36773681640625,0.83966064453125,10.53564453125
124,0.5916666666666659,0.45794677734375,0.65496826171875,10.4381103515625
124,0.59999999999999876,0.462646484375,0.6212158203125,10.55865478515625
122,0.5916666666666659,-0.3017578125,0.19122314453125,10.4622802734375
122,0.59999999999999876,-0.306640625,0.15155029296875,10.5831298828125
121,0.58954567941378822,0.4288330078125,0,10.4368896484375
136,0.20833333333333215,0.1414794921875,0.7022705078125,4.88177490234375
136,0.216666666666665,0.14312744140625,0.67657470703125,5.00201416015625
135,0.20833333333333215,-0.2081298828125,1.4825439453125,4.88458251953125
135,0.216666666666665,-0.217041015625,1.4803466796875,5.0048828125
134,0.20833333333333215,0.51837158203125,1.1666259765625,4.88525390625
134,0.216666666666665,0.53131103515625,1.1549072265625,5.00555419921875
133,0.20833333333333215,-0.1666259765625,0.93341064453125,4.8939208984375
133,0.216666666666665,-0.17425537109375,0.9146728515625,5.01446533203125
132,0.20833333333333215,0.14715576171875,1.499755859375,4.89361572265625
132,0.216666666666665,0.14892578125,1.498046875,5.01416015625
131,0.20833333333333215,0.2735595703125,0.9537353515625,4.89874267578125
131,0.216666666666665,0.2791748046875,0.93560791015625,5.01947021484375
130,0.20833333333333215,-0.09820556640625,1.21832275390625,4.9036865234375
130,0.216666666666665,-0.103759765625,1.2081298828125,5.0245361328125
129,0.20833333333333215,0.21685791015625,1.239990234375,4.905517578125
129,0.216666666666665,0.220703125,1.23046875,5.02642822265625
127,0.6083333333333325,-0.3734130859375,0.80792236328125,10.6558837890625
127,0.61666666666666536,-0.37908935546875,0.7755126953125,10.776123046875
124,0.6083333333333325,0.46728515625,0.58673095703125,10.67919921875
124,0.61666666666666536,0.47198486328125,0.55157470703125,10.79974365234375
122,0.6083333333333325,-0.31158447265625,0.11126708984375,10.7039794921875
122,0.61666666666666536,-0.31646728515625,0.07025146484375,10.8248291015625
136,0.22499999999999876,0.144775390625,0.650146484375,5.1221923828125
136,0.2333333333333325,0.1463623046875,0.62310791015625,5.24237060546875
135,0.22499999999999876,-0.2259521484375,1.47735595703125,5.1251220703125
135,0.2333333333333325,-0.23480224609375,1.47381591796875,5.24542236328125
134,0.22499999999999876,0.5443115234375,1.1424560546875,5.1258544921875
134,0.2333333333333325,0.5572509765625,1.12939453125,5.24615478515625
133,0.22499999999999876,-0.181884765625,0.89520263671875,5.135009765625
133,0.2333333333333325,-0.18951416015625,0.8751220703125,5.255615234375
132,0.22499999999999876,0.1507568359375,1.49560546875,5.134765625
132,0.2333333333333325,0.15252685546875,1.4925537109375,5.25531005859375
131,0.22499999999999876,0.2847900390625,0.916748046875,5.14013671875
131,0.2333333333333325,0.2904052734375,0.89727783203125,5.2608642578125
130,0.22499999999999876,-0.109375,1.19720458984375,5.1453857421875
130,0.2333333333333325,-0.11492919921875,1.18572998046875,5.2662353515625
129,0.22499999999999876,0.224609375,1.22021484375,5.1473388671875
129,0.2333333333333325,0.228515625,1.2093505859375,5.26824951171875
127,0.62499999999999911,-0.384765625,0.74237060546875,10.89642333984375
127,0.63333333333333286,-0.390380859375,0.7086181640625,11.01666259765625
124,0.62499999999999911,0.47662353515625,0.5157470703125,10.9202880859375
124,0.63333333333333286,0.4813232421875,0.479248046875,11.04083251953125
122,0.62499999999999911,-0.3214111328125,0.028564453125,10.9456787109375
122,0.62569884740588422,-0.32183837890625,0,10.955810546875
136,0.24166666666666625,0.14801025390625,0.5953369140625,5.36260986328125
136,0.24999999999999911,0.149658203125,0.56695556640625,5.4827880859375
135,0.24166666666666625,-0.24371337890625,1.46954345703125,5.36572265625
135,0.24999999999999911,-0.25262451171875,1.464599609375,5.48602294921875
134,0.24166666666666625,0.5701904296875,1.1156005859375,5.366455078125
134,0.24999999999999911,0.58319091796875,1.10113525390625,5.48675537109375
133,0.24166666666666625,-0.19720458984375,0.85430908203125,5.37615966796875
133,0.24999999999999911,-0.204833984375,0.8328857421875,5.4967041015625
132,0.24166666666666625,0.15435791015625,1.48883056640625,5.3758544921875
132,0.24999999999999911,0.1561279296875,1.48443603515625,5.49639892578125
131,0.24166666666666625,0.29595947265625,0.8770751953125,5.381591796875
131,0.24999999999999911,0.30157470703125,0.85626220703125,5.50225830078125
130,0.24166666666666625,-0.12054443359375,1.1734619140625,5.38714599609375
130,0.24999999999999911,-0.1260986328125,1.16058349609375,5.50799560546875
129,0.24166666666666625,0.232421875,1.19775390625,5.38916015625
129,0.24999999999999911,0.23626708984375,1.185546875,5.51007080078125
127,0.64166666666666661,-0.39605712890625,0.67413330078125,11.13690185546875
127,0.64999999999999947,-0.4017333984375,0.63897705078125,11.25714111328125
124,0.64166666666666661,0.48602294921875,0.4420166015625,11.161376953125
124,0.64999999999999947,0.49066162109375,0.4041748046875,11.2818603515625
136,0.25833333333333286,0.1512451171875,0.537841796875,5.60302734375
136,0.26666666666666572,0.15289306640625,0.508056640625,5.72320556640625
135,0.25833333333333286,-0.261474609375,1.458984375,5.60626220703125
135,0.26666666666666572,-0.2703857421875,1.45263671875,5.7265625
134,0.25833333333333286,0.59613037109375,1.08599853515625,5.6070556640625
134,0.26666666666666572,0.60906982421875,1.0701904296875,5.72735595703125
133,0.25833333333333286,-0.21246337890625,0.81072998046875,5.6173095703125
133,0.26666666666666572,-0.2200927734375,0.78790283203125,5.73785400390625
132,0.25833333333333286,0.15789794921875,1.47930908203125,5.616943359375
132,0.26666666666666572,0.15972900390625,1.4735107421875,5.737548828125
131,0.25833333333333286,0.30718994140625,0.834716796875,5.62298583984375
131,0.26666666666666572,0.31280517578125,0.8125,5.74371337890625
130,0.25833333333333286,-0.1317138671875,1.14703369140625,5.62884521484375
130,0.26666666666666572,-0.13726806640625,1.13275146484375,5.74969482421875
129,0.25833333333333286,0.24017333984375,1.17266845703125,5.6309814453125
129,0.26666666666666572,0.24407958984375,1.1590576171875,5.75189208984375
127,0.65833333333333321,-0.40740966796875,0.6031494140625,11.37744140625
127,0.66666666666666607,-0.4130859375,0.566650390625,11.4976806640625
124,0.65833333333333321,0.495361328125,0.3656005859375,11.40240478515625
124,0.66666666666666607,0.5,0.32635498046875,11.52294921875
136,0.27499999999999947,0.15447998046875,0.47760009765625,5.8433837890625
136,0.28333333333333233,0.1561279296875,0.4464111328125,5.963623046875
135,0.27499999999999947,-0.279296875,1.4456787109375,5.84686279296875
135,0.28333333333333233,-0.28814697265625,1.43798828125,5.96710205078125
134,0.27499999999999947,0.6220703125,1.0537109375,5.84765625
134,0.28333333333333233,0.635009765625,1.0364990234375,5.96795654296875
133,0.27499999999999947,-0.227783203125,0.764404296875,5.8583984375
133,0.28333333333333233,-0.23541259765625,0.74017333984375,5.97900390625
132,0.27499999999999947,0.1614990234375,1.467041015625,5.85809326171875
132,0.28333333333333233,0.163330078125,1.4598388671875,5.9786376953125
131,0.27499999999999947,0.318359375,0.78961181640625,5.86444091796875
131,0.28333333333333233,0.323974609375,0.7659912109375,5.985107421875
130,0.27499999999999947,-0.14288330078125,1.1177978515625,5.87054443359375
130,0.28333333333333233,-0.1484375,1.1021728515625,5.99139404296875
129,0.27499999999999947,0.24798583984375,1.144775390625,5.872802734375
129,0.28333333333333233,0.25189208984375,1.1297607421875,5.9937744140625
127,0.67499999999999982,-0.41876220703125,0.52935791015625,11.617919921875
127,0.68333333333333268,-0.4244384765625,0.49151611328125,11.73822021484375
124,0.67499999999999982,0.50469970703125,0.28643798828125,11.64349365234375
124,0.68333333333333268,0.5093994140625,0.245849609375,11.7640380859375
136,0.29166666666666607,0.15777587890625,0.41461181640625,6.08380126953125
136,0.29999999999999893,0.15936279296875,0.382080078125,6.2039794921875
135,0.29166666666666607,-0.29705810546875,1.42962646484375,6.08740234375
135,0.29999999999999893,-0.30596923828125,1.42059326171875,6.20770263671875
134,0.29166666666666607,0.64801025390625,1.0186767578125,6.0882568359375
134,0.29999999999999893,0.66094970703125,1.0001220703125,6.20855712890625
133,0.29166666666666607,-0.2430419921875,0.71533203125,6.09954833984375
133,0.29999999999999893,-0.25067138671875,0.68975830078125,6.2200927734375
132,0.29166666666666607,0.16510009765625,1.4520263671875,6.09918212890625
132,0.29999999999999893,0.16693115234375,1.4434814453125,6.2197265625
131,0.29166666666666607,0.32958984375,0.74176025390625,6.1058349609375
131,0.29999999999999893,0.335205078125,0.716796875,6.2265625
130,0.29166666666666607,-0.154052734375,1.08587646484375,6.11224365234375
130,0.29999999999999893,-0.15960693359375,1.06890869140625,6.233154296875
129,0.29166666666666607,0.2557373046875,1.1141357421875,6.11468505859375
129,0.29999999999999893,0.2596435546875,1.0977783203125,6.235595703125
127,0.69166666666666643,-0.43011474609375,0.45294189453125,11.85845947265625
127,0.69999999999999929,-0.435791015625,0.4136962890625,11.97869873046875
124,0.69166666666666643,0.5140380859375,0.20452880859375,11.88458251953125
124,0.69999999999999929,0.51873779296875,0.16259765625,12.005126953125
136,0.30833333333333268,0.1610107421875,0.348876953125,6.32421875
136,0.31666666666666554,0.16265869140625,0.31500244140625,6.44439697265625
135,0.30833333333333268,-0.3148193359375,1.41082763671875,6.3280029296875
135,0.31666666666666554,-0.32373046875,1.40045166015625,6.4482421875
134,0.30833333333333268,0.67388916015625,0.98089599609375,6.328857421875
134,0.31666666666666554,0.6868896484375,0.96099853515625,6.44915771484375
133,0.30833333333333268,-0.25830078125,0.66351318359375,6.3406982421875
133,0.31666666666666554,-0.2659912109375,0.6365966796875,6.46124267578125
132,0.30833333333333268,0.168701171875,1.43426513671875,6.34027099609375
132,0.31666666666666554,0.17047119140625,1.42437744140625,6.46087646484375
131,0.30833333333333268,0.34075927734375,0.691162109375,6.34722900390625
131,0.31666666666666554,0.34637451171875,0.66485595703125,6.46795654296875
130,0.30833333333333268,-0.16522216796875,1.05120849609375,6.35400390625
130,0.31666666666666554,-0.1707763671875,1.0328369140625,6.474853515625
129,0.30833333333333268,0.2635498046875,1.08074951171875,6.35650634765625
129,0.31666666666666554,0.2674560546875,1.06304931640625,6.4774169921875
127,0.708333333333333,-0.44146728515625,0.373779296875,12.09893798828125
127,0.7166666666666659,-0.4471435546875,0.33319091796875,12.21923828125
124,0.708333333333333,0.52337646484375,0.11993408203125,12.12567138671875
124,0.7166666666666659,0.528076171875,0.07659912109375,12.2462158203125
136,0.32499999999999929,0.16424560546875,0.28045654296875,6.5645751953125
136,0.33333333333333215,0.1658935546875,0.2452392578125,6.684814453125
135,0.32499999999999929,-0.3326416015625,1.389404296875,6.56854248046875
135,0.33333333333333215,-0.341552734375,1.37762451171875,6.6888427734375
134,0.32499999999999929,0.6998291015625,0.94036865234375,6.5694580078125
134,0.33333333333333215,0.7127685546875,0.91912841796875,6.68975830078125
133,0.32499999999999929,-0.27362060546875,0.6090087890625,6.581787109375
133,0.33333333333333215,-0.28125,0.58074951171875,6.702392578125
132,0.32499999999999929,0.17230224609375,1.413818359375,6.5814208984375
132,0.33333333333333215,0.174072265625,1.402587890625,6.70196533203125
131,0.32499999999999929,0.35198974609375,0.63787841796875,6.58868408203125
131,0.33333333333333215,0.3575439453125,0.6102294921875,6.70941162109375
130,0.32499999999999929,-0.1763916015625,1.01385498046875,6.595703125
130,0.33333333333333215,-0.18194580078125,0.994140625,6.716552734375
129,0.32499999999999929,0.27130126953125,1.044677734375,6.59832763671875
129,0.33333333333333215,0.27520751953125,1.025634765625,6.71923828125
127,0.72499999999999964,-0.45281982421875,0.29193115234375,12.3394775390625
127,0.7333333333333325,-0.45849609375,0.24993896484375,12.459716796875
124,0.72499999999999964,0.53277587890625,0.03265380859375,12.36676025390625
124,0.72642337403837531,0.5335693359375,0,12.3873291015625
136,0.3416666666666659,0.16748046875,0.2093505859375,6.80499267578125
136,0.34999999999999876,0.16912841796875,0.1727294921875,6.9251708984375
135,0.3416666666666659,-0.35040283203125,1.365234375,6.80914306640625
135,0.34999999999999876,-0.35931396484375,1.35205078125,6.92938232421875
134,0.3416666666666659,0.72576904296875,0.897216796875,6.81005859375
134,0.34999999999999876,0.73870849609375,0.87457275390625,6.930419921875
133,0.3416666666666659,-0.28887939453125,0.55181884765625,6.82293701171875
133,0.34999999999999876,-0.29656982421875,0.5220947265625,6.9434814453125
132,0.3416666666666659,0.1759033203125,1.3907470703125,6.822509765625
132,0.34999999999999876,0.17767333984375,1.37811279296875,6.94305419921875
131,0.3416666666666659,0.3631591796875,0.5819091796875,6.830078125
131,0.34999999999999876,0.3687744140625,0.5528564453125,6.9508056640625
130,0.3416666666666659,-0.18756103515625,0.9737548828125,6.83740234375
130,0.34999999999999876,-0.193115234375,0.95269775390625,6.958251953125
129,0.3416666666666659,0.27911376953125,1.00592041015625,6.84014892578125
129,0.34999999999999876,0.28302001953125,0.9854736328125,6.9610595703125
127,0.74166666666666625,-0.46417236328125,0.20733642578125,12.5799560546875
127,0.74999999999999911,-0.4698486328125,0.16400146484375,12.70025634765625
136,0.3583333333333325,0.1707763671875,0.13543701171875,7.04541015625
136,0.36666666666666536,0.17236328125,0.0975341796875,7.16558837890625
135,0.3583333333333325,-0.36822509765625,1.3382568359375,7.0496826171875
135,0.36666666666666536,-0.3770751953125,1.3238525390625,7.16998291015625
134,0.3583333333333325,0.751708984375,0.85125732421875,7.05072021484375
134,0.36666666666666536,0.7646484375,0.82733154296875,7.1710205078125
133,0.3583333333333325,-0.30419921875,0.49176025390625,7.0640869140625
133,0.36666666666666536,-0.31182861328125,0.4608154296875,7.18463134765625
132,0.3583333333333325,0.179443359375,1.36480712890625,7.06365966796875
132,0.36666666666666536,0.1812744140625,1.35089111328125,7.1842041015625
131,0.3583333333333325,0.3743896484375,0.52313232421875,7.071533203125
131,0.36666666666666536,0.37994384765625,0.4927978515625,7.19219970703125
130,0.3583333333333325,-0.19873046875,0.930908203125,7.07916259765625
130,0.36666666666666536,-0.20428466796875,0.90850830078125,7.20001220703125
129,0.3583333333333325,0.286865234375,0.96435546875,7.08197021484375
129,0.36666666666666536,0.290771484375,0.942626953125,7.202880859375
127,0.75833333333333286,-0.47552490234375,0.1199951171875,12.82049560546875
127,0.76666666666666572,-0.481201171875,0.0753173828125,12.94073486328125
136,0.37499999999999911,0.17401123046875,0.05889892578125,7.28582763671875
136,0.38218426572763087,0.1754150390625,0,7.389404296875
135,0.37499999999999911,-0.385986328125,1.30865478515625,7.290283203125
135,0.38333333333333197,-0.3948974609375,1.2928466796875,7.4105224609375
134,0.37499999999999911,0.777587890625,0.80267333984375,7.29132080078125
134,0.38333333333333197,0.79058837890625,0.77734375,7.41162109375
133,0.37499999999999911,-0.3194580078125,0.42913818359375,7.30517578125
133,0.38333333333333197,-0.32708740234375,0.39678955078125,7.42578125
132,0.37499999999999911,0.18304443359375,1.33624267578125,7.30474853515625
132,0.38333333333333197,0.18487548828125,1.3209228515625,7.42529296875
131,0.37499999999999911,0.38555908203125,0.461669921875,7.31292724609375
131,0.38333333333333197,0.39117431640625,0.429931640625,7.43365478515625
130,0.37499999999999911,-0.20989990234375,0.88543701171875,7.32086181640625
130,0.38333333333333197,-0.2154541015625,0.86163330078125,7.44171142578125
129,0.37499999999999911,0.294677734375,0.920166015625,7.32379150390625
129,0.38333333333333197,0.298583984375,0.89703369140625,7.4447021484375
127,0.77499999999999947,-0.48681640625,0.02996826171875,13.06097412109375
127,0.77589624705412652,-0.4874267578125,0,13.07391357421875
137,0,0.08746337890625,1.25909423828125,0.88604736328125
138,0,0.08746337890625,1.25909423828125,0.88604736328125
139,0,0.08746337890625,1.25909423828125,0.88604736328125
140,0,0.08746337890625,1.25909423828125,0.88604736328125
141,0,0.08746337890625,1.25909423828125,0.88604736328125
142,0,0.08746337890625,1.25909423828125,0.88604736328125
143,0,0.08746337890625,1.25909423828125,0.88604736328125
144,0,0.08746337890625,1.25909423828125,0.88604736328125
135,0.39166666666666572,-0.40374755859375,1.2762451171875,7.53082275390625
135,0.39999999999999858,-0.41265869140625,1.25909423828125,7.651123046875
134,0.39166666666666572,0.80352783203125,0.75128173828125,7.53192138671875
134,0.39999999999999858,0.81646728515625,0.72454833984375,7.6522216796875
133,0.39166666666666572,-0.33477783203125,0.36370849609375,7.54632568359375
133,0.39999999999999858,-0.3424072265625,0.33001708984375,7.6668701171875
132,0.39166666666666572,0.1866455078125,1.30487060546875,7.54583740234375
132,0.39999999999999858,0.1884765625,1.2882080078125,7.66644287109375
131,0.39166666666666572,0.39678955078125,0.3974609375,7.55438232421875
131,0.39999999999999858,0.40234375,0.3643798828125,7.675048828125
130,0.39166666666666572,-0.2210693359375,0.83709716796875,7.56256103515625
130,0.39999999999999858,-0.22662353515625,0.81201171875,7.68341064453125
129,0.39166666666666572,0.30242919921875,0.8731689453125,7.56561279296875
129,0.39999999999999858,0.30633544921875,0.84869384765625,7.6865234375
144,0.0083333333333337478,0.08349609375,1.28082275390625,1.06805419921875
144,0.016666666666664831,0.07952880859375,1.3026123046875,1.25006103515625
143,0.0083333333333337478,0.105224609375,1.24847412109375,1.0682373046875
143,0.016666666666664831,0.123046875,1.2379150390625,1.2503662109375
142,0.0083333333333337478,0.0701904296875,1.257080078125,1.06854248046875
142,0.016666666666664831,0.0528564453125,1.25506591796875,1.25103759765625
141,0.0083333333333337478,0.09912109375,1.2728271484375,1.0684814453125
141,0.016666666666664831,0.11083984375,1.28662109375,1.25091552734375
140,0.0083333333333337478,0.08941650390625,1.2449951171875,1.06884765625
140,0.016666666666664831,0.09136962890625,1.23089599609375,1.2515869140625
139,0.0083333333333337478,0.07952880859375,1.2685546875,1.0689697265625
139,0.016666666666664831,0.07159423828125,1.2779541015625,1.25189208984375
138,0.0083333333333337478,0.0982666015625,1.259521484375,1.06903076171875
138,0.016666666666664831,0.10906982421875,1.25994873046875,1.2520751953125
137,0.0083333333333337478,0.08428955078125,1.256103515625,1.0693359375
137,0.016666666666664831,0.08111572265625,1.25311279296875,1.25262451171875
135,0.40833333333333233,-0.42156982421875,1.2412109375,7.7713623046875
135,0.41666666666666519,-0.430419921875,1.22265625,7.89166259765625
134,0.40833333333333233,0.8294677734375,0.6971435546875,7.77252197265625
134,0.41666666666666519,0.8424072265625,0.66912841796875,7.892822265625
133,0.40833333333333233,-0.35003662109375,0.29559326171875,7.7874755859375
133,0.41666666666666519,-0.357666015625,0.26055908203125,7.90802001953125
132,0.40833333333333233,0.19024658203125,1.27081298828125,7.7869873046875
132,0.41666666666666519,0.1920166015625,1.2528076171875,7.90753173828125
131,0.40833333333333233,0.407958984375,0.33056640625,7.7957763671875
131,0.41666666666666519,0.41357421875,0.296142578125,7.91650390625
130,0.40833333333333233,-0.23223876953125,0.7861328125,7.80426025390625
130,0.41666666666666519,-0.23779296875,0.75970458984375,7.9251708984375
129,0.40833333333333233,0.31024169921875,0.823486328125,7.80743408203125
129,0.41666666666666519,0.31414794921875,0.7977294921875,7.9283447265625
144,0.024999999999998579,0.07562255859375,1.3243408203125,1.4320068359375
144,0.033333333333331439,0.0716552734375,1.3460693359375,1.614013671875
143,0.024999999999998579,0.14080810546875,1.227294921875,1.43255615234375
143,0.033333333333331439,0.1585693359375,1.2166748046875,1.61468505859375
142,0.024999999999998579,0.03558349609375,1.2530517578125,1.43353271484375
142,0.033333333333331439,0.018310546875,1.25103759765625,1.6160888671875
141,0.024999999999998579,0.12249755859375,1.30035400390625,1.433349609375
141,0.033333333333331439,0.1341552734375,1.3140869140625,1.6158447265625
140,0.024999999999998579,0.09332275390625,1.21673583984375,1.43438720703125
140,0.033333333333331439,0.09527587890625,1.20263671875,1.6171875
139,0.024999999999998579,0.06365966796875,1.28741455078125,1.434814453125
139,0.033333333333331439,0.05572509765625,1.296875,1.61773681640625
138,0.024999999999998579,0.119873046875,1.2603759765625,1.43505859375
138,0.033333333333331439,0.13067626953125,1.26080322265625,1.61810302734375
137,0.024999999999998579,0.07794189453125,1.25018310546875,1.4359130859375
137,0.033333333333331439,0.07476806640625,1.2471923828125,1.61920166015625
135,0.42499999999999893,-0.4393310546875,1.20343017578125,8.011962890625
135,0.43333333333333179,-0.4482421875,1.1834716796875,8.13226318359375
134,0.42499999999999893,0.85540771484375,0.640380859375,8.01312255859375
134,0.43333333333333179,0.86834716796875,0.6109619140625,8.1334228515625
133,0.42499999999999893,-0.3653564453125,0.22479248046875,8.028564453125
133,0.43333333333333179,-0.37298583984375,0.1883544921875,8.149169921875
132,0.42499999999999893,0.19384765625,1.23406982421875,8.028076171875
132,0.43333333333333179,0.19561767578125,1.21466064453125,8.14862060546875
131,0.42499999999999893,0.419189453125,0.260986328125,8.03717041015625
131,0.43333333333333179,0.42474365234375,0.22515869140625,8.15789794921875
130,0.42499999999999893,-0.243408203125,0.73248291015625,8.0460205078125
130,0.43333333333333179,-0.24896240234375,0.70458984375,8.1668701171875
129,0.42499999999999893,0.31805419921875,0.77117919921875,8.04925537109375
129,0.43333333333333179,0.3218994140625,0.74395751953125,8.170166015625
144,0.041666666666665186,0.06768798828125,1.36785888671875,1.7960205078125
144,0.049999999999998046,0.063720703125,1.38958740234375,1.97802734375
143,0.041666666666665186,0.1763916015625,1.20611572265625,1.796875
143,0.049999999999998046,0.19415283203125,1.19549560546875,1.97900390625
142,0.041666666666665186,0.0009765625,1.2490234375,1.798583984375
142,0.049999999999998046,-0.01629638671875,1.24700927734375,1.9810791015625
141,0.041666666666665186,0.1458740234375,1.32781982421875,1.79827880859375
141,0.049999999999998046,0.15753173828125,1.34161376953125,1.980712890625
140,0.041666666666665186,0.0972900390625,1.18853759765625,1.7999267578125
140,0.049999999999998046,0.0992431640625,1.1744384765625,1.98272705078125
139,0.041666666666665186,0.04779052734375,1.3062744140625,1.8006591796875
139,0.049999999999998046,0.03985595703125,1.31573486328125,1.98358154296875
138,0.041666666666665186,0.14154052734375,1.26123046875,1.80108642578125
138,0.049999999999998046,0.15234375,1.26165771484375,1.984130859375
137,0.041666666666665186,0.07159423828125,1.24420166015625,1.80242919921875
137,0.049999999999998046,0.06842041015625,1.2412109375,1.9857177734375
135,0.44166666666666554,-0.4571533203125,1.162841796875,8.25250244140625
135,0.4499999999999984,-0.46600341796875,1.1416015625,8.372802734375
134,0.44166666666666554,0.88128662109375,0.580810546875,8.25372314453125
134,0.4499999999999984,0.894287109375,0.550048828125,8.3740234375
133,0.44166666666666554,-0.380615234375,0.15118408203125,8.26971435546875
133,0.4499999999999984,-0.38824462890625,0.1134033203125,8.3902587890625
132,0.44166666666666554,0.19744873046875,1.194580078125,8.26922607421875
132,0.4499999999999984,0.19921875,1.173828125,8.3897705078125
131,0.44166666666666554,0.43035888671875,0.1885986328125,8.27862548828125
131,0.4499999999999984,0.43597412109375,0.15142822265625,8.3992919921875
130,0.44166666666666554,-0.25457763671875,0.676025390625,8.2877197265625
130,0.4499999999999984,-0.2601318359375,0.64678955078125,8.4085693359375
129,0.44166666666666554,0.3258056640625,0.71600341796875,8.2911376953125
129,0.4499999999999984,0.3297119140625,0.68743896484375,8.41204833984375
144,0.058333333333331794,0.059814453125,1.411376953125,2.1600341796875
144,0.066666666666664653,0.05584716796875,1.43310546875,2.342041015625
143,0.058333333333331794,0.2119140625,1.18487548828125,2.16119384765625
143,0.066666666666664653,0.22967529296875,1.17431640625,2.34332275390625
142,0.058333333333331794,-0.0335693359375,1.2449951171875,2.16357421875
142,0.066666666666664653,-0.05084228515625,1.24298095703125,2.3460693359375
141,0.058333333333331794,0.169189453125,1.3553466796875,2.16314697265625
141,0.066666666666664653,0.180908203125,1.36907958984375,2.3455810546875
140,0.058333333333331794,0.1011962890625,1.16033935546875,2.16552734375
140,0.066666666666664653,0.1031494140625,1.14617919921875,2.3482666015625
139,0.058333333333331794,0.03192138671875,1.3251953125,2.16650390625
139,0.066666666666664653,0.02398681640625,1.3345947265625,2.349365234375
138,0.058333333333331794,0.16314697265625,1.2620849609375,2.1671142578125
138,0.066666666666664653,0.1739501953125,1.26251220703125,2.35015869140625
137,0.058333333333331794,0.06524658203125,1.23828125,2.16900634765625
137,0.066666666666664653,0.06207275390625,1.23529052734375,2.352294921875
135,0.45833333333333215,-0.47491455078125,1.11962890625,8.49310302734375
135,0.466666666666665,-0.48382568359375,1.09698486328125,8.6134033203125
134,0.45833333333333215,0.9072265625,0.51861572265625,8.49432373046875
134,0.466666666666665,0.920166015625,0.4864501953125,8.6146240234375
133,0.45833333333333215,-0.3958740234375,0.074951171875,8.5108642578125
133,0.466666666666665,-0.403564453125,0.0357666015625,8.63140869140625
132,0.45833333333333215,0.20098876953125,1.15240478515625,8.51031494140625
132,0.466666666666665,0.20281982421875,1.1302490234375,8.630859375
131,0.45833333333333215,0.4415283203125,0.11358642578125,8.52001953125
131,0.466666666666665,0.4471435546875,0.07501220703125,8.6407470703125
130,0.45833333333333215,-0.2657470703125,0.61688232421875,8.5294189453125
130,0.466666666666665,-0.27130126953125,0.5863037109375,8.65032958984375
129,0.45833333333333215,0.3336181640625,0.658203125,8.532958984375
129,0.466666666666665,0.33746337890625,0.62823486328125,8.65386962890625
144,0.0749999999999984,0.05194091796875,1.4542236328125,2.5220947265625
144,0.083333333333332149,0.048095703125,1.47430419921875,2.6982421875
143,0.0749999999999984,0.247314453125,1.1634521484375,2.5235595703125
143,0.083333333333332149,0.2645263671875,1.1522216796875,2.69989013671875
142,0.0749999999999984,-0.0679931640625,1.2406005859375,2.52667236328125
142,0.083333333333332149,-0.084716796875,1.2376708984375,2.703369140625
141,0.0749999999999984,0.19244384765625,1.38232421875,2.526123046875
141,0.083333333333332149,0.2037353515625,1.3946533203125,2.7027587890625
140,0.0749999999999984,0.1051025390625,1.13189697265625,2.52911376953125
140,0.083333333333332149,0.10699462890625,1.11724853515625,2.7060546875
139,0.0749999999999984,0.01611328125,1.34356689453125,2.5303955078125
139,0.083333333333332149,0.0084228515625,1.35174560546875,2.70745849609375
138,0.0749999999999984,0.18463134765625,1.2625732421875,2.53125
138,0.083333333333332149,0.19512939453125,1.26202392578125,2.70843505859375
137,0.0749999999999984,0.0589599609375,1.23199462890625,2.53363037109375
137,0.083333333333332149,0.055908203125,1.22808837890625,2.7110595703125
135,0.47499999999999876,-0.49267578125,1.0736083984375,8.733642578125
135,0.4833333333333325,-0.5015869140625,1.04962158203125,8.85394287109375
134,0.47499999999999876,0.93316650390625,0.45355224609375,8.73492431640625
134,0.4833333333333325,0.94610595703125,0.4200439453125,8.855224609375
133,0.46891526253033095,-0.4056396484375,0,8.6639404296875
132,0.47499999999999876,0.20458984375,1.107421875,8.75140380859375
132,0.4833333333333325,0.2064208984375,1.08392333984375,8.8719482421875
131,0.47499999999999876,0.4527587890625,0.0357666015625,8.761474609375
131,0.47724515773473924,0.45428466796875,0,8.79400634765625
130,0.47499999999999876,-0.27691650390625,0.55499267578125,8.77117919921875
130,0.4833333333333325,-0.282470703125,0.52301025390625,8.89202880859375
129,0.47499999999999876,0.34136962890625,0.59759521484375,8.7747802734375
129,0.4833333333333325,0.34527587890625,0.5662841796875,8.89569091796875
144,0.0916666666666659,0.04437255859375,1.49322509765625,2.87060546875
144,0.099999999999998757,0.04071044921875,1.510986328125,3.0390625
143,0.0916666666666659,0.2813720703125,1.14044189453125,2.87237548828125
143,0.099999999999998757,0.29779052734375,1.1282958984375,3.041015625
142,0.0916666666666659,-0.10107421875,1.23406982421875,2.87615966796875
142,0.099999999999998757,-0.11712646484375,1.22979736328125,3.04510498046875
141,0.0916666666666659,0.21478271484375,1.406005859375,2.87548828125
141,0.099999999999998757,0.2255859375,1.41632080078125,3.04437255859375
140,0.0916666666666659,0.10882568359375,1.1021728515625,2.879150390625
140,0.099999999999998757,0.11065673828125,1.08673095703125,3.04833984375
139,0.0916666666666659,0.00091552734375,1.3590087890625,2.88067626953125
139,0.099999999999998757,-0.00640869140625,1.3653564453125,3.04998779296875
138,0.0916666666666659,0.205322265625,1.2607421875,2.8817138671875
138,0.099999999999998757,0.21533203125,1.25872802734375,3.05108642578125
137,0.0916666666666659,0.0528564453125,1.22357177734375,2.8846435546875
137,0.099999999999998757,0.0499267578125,1.21844482421875,3.05426025390625
135,0.49166666666666625,-0.510498046875,1.02496337890625,8.9742431640625
135,0.49999999999999911,-0.51934814453125,0.99957275390625,9.09454345703125
134,0.49166666666666625,0.9591064453125,0.3858642578125,8.97552490234375
134,0.49999999999999911,0.9720458984375,0.35101318359375,9.0958251953125
132,0.49166666666666625,0.20819091796875,1.05975341796875,8.9925537109375
132,0.49999999999999911,0.21002197265625,1.034912109375,9.11309814453125
130,0.49166666666666625,-0.2880859375,0.49041748046875,9.01287841796875
130,0.49999999999999911,-0.29364013671875,0.45709228515625,9.13372802734375
129,0.49166666666666625,0.34918212890625,0.5343017578125,9.0166015625
129,0.49999999999999911,0.35302734375,0.50164794921875,9.13751220703125
144,0.1083333333333325,0.037109375,1.527587890625,3.20367431640625
144,0.11666666666666536,0.03363037109375,1.54302978515625,3.3643798828125
143,0.1083333333333325,0.31390380859375,1.11566162109375,3.20574951171875
143,0.11666666666666536,0.32958984375,1.10247802734375,3.36663818359375
142,0.1083333333333325,-0.13275146484375,1.22491455078125,3.21014404296875
142,0.11666666666666536,-0.14801025390625,1.2193603515625,3.371337890625
141,0.1083333333333325,0.23614501953125,1.42572021484375,3.2093505859375
141,0.11666666666666536,0.2464599609375,1.43408203125,3.3704833984375
140,0.1083333333333325,0.1124267578125,1.0709228515625,3.213623046875
140,0.11666666666666536,0.1141357421875,1.05462646484375,3.37506103515625
139,0.1083333333333325,-0.01361083984375,1.370849609375,3.21539306640625
139,0.11666666666666536,-0.02056884765625,1.3753662109375,3.376953125
138,0.1083333333333325,0.22509765625,1.256103515625,3.21661376953125
138,0.11666666666666536,0.23468017578125,1.252685546875,3.37823486328125
137,0.1083333333333325,0.04705810546875,1.21270751953125,3.22003173828125
137,0.11666666666666536,0.04425048828125,1.206298828125,3.38189697265625
135,0.50833333333333286,-0.52825927734375,0.97357177734375,9.21478271484375
135,0.51666666666666572,-0.53717041015625,0.94677734375,9.3350830078125
134,0.50833333333333286,0.9849853515625,0.31549072265625,9.2161865234375
134,0.51666666666666572,0.99798583984375,0.27923583984375,9.33648681640625
132,0.50833333333333286,0.2117919921875,1.0093994140625,9.233642578125
132,0.51666666666666572,0.21356201171875,0.983154296875,9.35418701171875
130,0.50833333333333286,-0.29925537109375,0.423095703125,9.25457763671875
130,0.51666666666666572,-0.3048095703125,0.388427734375,9.37542724609375
129,0.50833333333333286,0.35693359375,0.46832275390625,9.2584228515625
129,0.51666666666666572,0.36083984375,0.43426513671875,9.37933349609375
144,0.12499999999999911,0.03021240234375,1.557373046875,3.521240234375
144,0.13333333333333197,0.02691650390625,1.57049560546875,3.6741943359375
143,0.12499999999999911,0.34490966796875,1.0889892578125,3.52362060546875
143,0.13333333333333197,0.35986328125,1.074951171875,3.6767578125
142,0.12499999999999911,-0.16290283203125,1.21319580078125,3.52862548828125
142,0.13333333333333197,-0.17742919921875,1.2064208984375,3.6820068359375
141,0.12499999999999911,0.25653076171875,1.4415283203125,3.5277099609375
141,0.13333333333333197,0.266357421875,1.44793701171875,3.68109130859375
140,0.12499999999999911,0.1158447265625,1.0380859375,3.5325927734375
140,0.13333333333333197,0.11749267578125,1.0211181640625,3.68621826171875
139,0.12499999999999911,-0.02740478515625,1.379150390625,3.53460693359375
139,0.13333333333333197,-0.03411865234375,1.3819580078125,3.6883544921875
138,0.12499999999999911,0.24395751953125,1.2486572265625,3.53594970703125
138,0.13333333333333197,0.2530517578125,1.243896484375,3.6898193359375
137,0.12499999999999911,0.04156494140625,1.1993408203125,3.53985595703125
137,0.13333333333333197,0.03887939453125,1.19171142578125,3.69390869140625
135,0.52499999999999947,-0.5460205078125,0.91937255859375,9.45538330078125
135,0.53333333333333233,-0.554931640625,0.89129638671875,9.57562255859375
134,0.52499999999999947,1.01092529296875,0.2423095703125,9.456787109375
134,0.53333333333333233,1.02386474609375,0.2047119140625,9.57708740234375
132,0.52499999999999947,0.21539306640625,0.95623779296875,9.4747314453125
132,0.53333333333333233,0.2171630859375,0.92864990234375,9.5953369140625
130,0.52499999999999947,-0.3104248046875,0.35302734375,9.496337890625
130,0.53333333333333233,-0.31597900390625,0.3170166015625,9.6171875
129,0.52499999999999947,0.36474609375,0.3995361328125,9.500244140625
129,0.53333333333333233,0.36859130859375,0.3641357421875,9.62115478515625
144,0.14166666666666572,0.023681640625,1.58251953125,3.8233642578125
144,0.14999999999999858,0.0205078125,1.59344482421875,3.9686279296875
143,0.14166666666666572,0.37445068359375,1.0604248046875,3.82598876953125
143,0.14999999999999858,0.38861083984375,1.0455322265625,3.97137451171875
142,0.14166666666666572,-0.19158935546875,1.198974609375,3.83154296875
142,0.14999999999999858,-0.2054443359375,1.19085693359375,3.97723388671875
141,0.14166666666666572,0.27593994140625,1.45343017578125,3.83056640625
141,0.14999999999999858,0.2852783203125,1.45794677734375,3.9761962890625
140,0.14166666666666572,0.11907958984375,1.00372314453125,3.83599853515625
140,0.14999999999999858,0.12066650390625,0.98602294921875,3.98187255859375
139,0.14166666666666572,-0.04058837890625,1.38385009765625,3.8382568359375
139,0.14999999999999858,-0.04693603515625,1.38494873046875,3.9842529296875
138,0.14166666666666572,0.26190185546875,1.23846435546875,3.83978271484375
138,0.14999999999999858,0.27056884765625,1.2322998046875,3.98583984375
137,0.14166666666666572,0.0362548828125,1.1834716796875,3.8441162109375
137,0.14999999999999858,0.03375244140625,1.17462158203125,3.9903564453125
135,0.54166666666666607,-0.5638427734375,0.86248779296875,9.6959228515625
135,0.54999999999999893,-0.57275390625,0.83306884765625,9.81622314453125
134,0.54166666666666607,1.036865234375,0.16644287109375,9.6973876953125
134,0.54999999999999893,1.0498046875,0.12744140625,9.81768798828125
132,0.54166666666666607,0.218994140625,0.90045166015625,9.71588134765625
132,0.54999999999999893,0.22076416015625,0.87152099609375,9.83642578125
130,0.54166666666666607,-0.32159423828125,0.2802734375,9.738037109375
130,0.54999999999999893,-0.3271484375,0.24285888671875,9.85888671875
129,0.54166666666666607,0.37249755859375,0.32806396484375,9.7420654296875
129,0.54999999999999893,0.37640380859375,0.29132080078125,9.86297607421875
144,0.15833333333333233,0.0174560546875,1.60321044921875,4.1099853515625
144,0.16666666666666519,0.01446533203125,1.61181640625,4.24749755859375
143,0.15833333333333233,0.40240478515625,1.0301513671875,4.1129150390625
143,0.16666666666666519,0.4158935546875,1.01434326171875,4.25054931640625
142,0.15833333333333233,-0.2188720703125,1.18218994140625,4.1190185546875
142,0.16666666666666519,-0.23193359375,1.1728515625,4.25689697265625
141,0.15833333333333233,0.2943115234375,1.46148681640625,4.117919921875
141,0.16666666666666519,0.30316162109375,1.46405029296875,4.25579833984375
140,0.15833333333333233,0.1221923828125,0.9678955078125,4.12384033203125
140,0.16666666666666519,0.1236572265625,0.949462890625,4.261962890625
139,0.15833333333333233,-0.0531005859375,1.3851318359375,4.1263427734375
139,0.16666666666666519,-0.05908203125,1.38446044921875,4.2645263671875
138,0.15833333333333233,0.2789306640625,1.22552490234375,4.1280517578125
138,0.16666666666666519,0.287109375,1.218017578125,4.26629638671875
137,0.15833333333333233,0.03131103515625,1.1651611328125,4.13275146484375
137,0.16666666666666519,0.02886962890625,1.15509033203125,4.271240234375
135,0.55833333333333268,-0.58160400390625,0.80291748046875,9.9365234375
135,0.56666666666666554,-0.59051513671875,0.77215576171875,10.0567626953125
134,0.55833333333333268,1.06280517578125,0.08782958984375,9.93798828125
134,0.56666666666666554,1.07574462890625,0.04754638671875,10.05828857421875
132,0.55833333333333268,0.22259521484375,0.8419189453125,9.95697021484375
132,0.56666666666666554,0.224365234375,0.8116455078125,10.0775146484375
130,0.55833333333333268,-0.332763671875,0.204833984375,9.979736328125
130,0.56666666666666554,-0.33831787109375,0.16607666015625,10.1005859375
129,0.55833333333333268,0.38031005859375,0.25390625,9.98388671875
129,0.56666666666666554,0.38421630859375,0.21588134765625,10.10479736328125
144,0.17499999999999893,0.01153564453125,1.61932373046875,4.38116455078125
144,0.18333333333333179,0.00872802734375,1.6256103515625,4.51092529296875
143,0.17499999999999893,0.42889404296875,0.998046875,4.38433837890625
143,0.18333333333333179,0.44158935546875,0.98126220703125,4.51422119140625
142,0.17499999999999893,-0.24462890625,1.162841796875,4.39093017578125
142,0.18333333333333179,-0.2569580078125,1.1522216796875,4.5211181640625
141,0.17499999999999893,0.31170654296875,1.46563720703125,4.3897705078125
141,0.18333333333333179,0.320068359375,1.46624755859375,4.5198974609375
140,0.17499999999999893,0.12506103515625,0.93060302734375,4.39617919921875
140,0.18333333333333179,0.12646484375,0.91131591796875,4.52655029296875
139,0.17499999999999893,-0.06494140625,1.38287353515625,4.39886474609375
139,0.18333333333333179,-0.070556640625,1.38043212890625,4.529296875
138,0.17499999999999893,0.2950439453125,1.2098388671875,4.40069580078125
138,0.18333333333333179,0.30279541015625,1.200927734375,4.53125
137,0.17499999999999893,0.02655029296875,1.1444091796875,4.4058837890625
137,0.18333333333333179,0.0242919921875,1.133056640625,4.53656005859375
135,0.57499999999999929,-0.59942626953125,0.74066162109375,10.17706298828125
135,0.58333333333333215,-0.6082763671875,0.70843505859375,10.29736328125
134,0.57124503944185989,1.08282470703125,0,10.1243896484375
132,0.57499999999999929,0.22613525390625,0.7806396484375,10.1981201171875
132,0.58333333333333215,0.22796630859375,0.74896240234375,10.31866455078125
130,0.57499999999999929,-0.34393310546875,0.1265869140625,10.221435546875
130,0.58333333333333215,-0.3494873046875,0.08648681640625,10.34234619140625
129,0.57499999999999929,0.3880615234375,0.17706298828125,10.2257080078125
129,0.58333333333333215,0.3919677734375,0.1375732421875,10.34661865234375
144,0.19166666666666554,0.0059814453125,1.63079833984375,4.6368408203125
144,0.1999999999999984,0.00335693359375,1.63482666015625,4.7589111328125
143,0.19166666666666554,0.45391845703125,0.964111328125,4.6402587890625
143,0.1999999999999984,0.4658203125,0.94647216796875,4.762451171875
142,0.19166666666666554,-0.2689208984375,1.1409912109375,4.6473388671875
142,0.1999999999999984,-0.280517578125,1.12908935546875,4.769775390625
141,0.19166666666666554,0.328125,1.4659423828125,4.6461181640625
141,0.1999999999999984,0.3359375,1.464599609375,4.7684326171875
140,0.19166666666666554,0.12786865234375,0.8917236328125,4.65301513671875
140,0.1999999999999984,0.129150390625,0.8717041015625,4.77557373046875
139,0.19166666666666554,-0.0760498046875,1.37713623046875,4.6558837890625
139,0.1999999999999984,-0.0814208984375,1.37286376953125,4.778564453125
138,0.19166666666666554,0.31024169921875,1.19140625,4.6578369140625
138,0.1999999999999984,0.3175048828125,1.18115234375,4.78057861328125
137,0.19166666666666554,0.0220947265625,1.1212158203125,4.66339111328125
137,0.1999999999999984,0.01995849609375,1.108642578125,4.7862548828125
135,0.5916666666666659,-0.6171875,0.67559814453125,10.41766357421875
135,0.59999999999999876,-0.6260986328125,0.64202880859375,10.53790283203125
132,0.5916666666666659,0.229736328125,0.71661376953125,10.439208984375
132,0.59999999999999876,0.2315673828125,0.68359375,10.55975341796875
130,0.5916666666666659,-0.3551025390625,0.045654296875,10.46319580078125
130,0.5958112745583477,-0.35784912109375,0,10.5233154296875
129,0.5916666666666659,0.3958740234375,0.097412109375,10.467529296875
129,0.59999999999999876,0.3997802734375,0.05657958984375,10.5885009765625
144,0.20833333333333215,0.000732421875,1.63800048828125,4.8790283203125
144,0.216666666666665,-0.00189208984375,1.64044189453125,4.9991455078125
143,0.20833333333333215,0.4775390625,0.92822265625,4.88262939453125
143,0.216666666666665,0.48931884765625,0.9093017578125,5.00286865234375
142,0.20833333333333215,-0.29193115234375,1.11651611328125,4.89019775390625
142,0.216666666666665,-0.3033447265625,1.103271484375,5.01068115234375
141,0.20833333333333215,0.34368896484375,1.46246337890625,4.88885498046875
141,0.216666666666665,0.35137939453125,1.4595947265625,5.00927734375
140,0.20833333333333215,0.13043212890625,0.85113525390625,4.896240234375
140,0.216666666666665,0.13177490234375,0.8299560546875,5.016845703125
139,0.20833333333333215,-0.08660888671875,1.36785888671875,4.8992919921875
139,0.216666666666665,-0.09185791015625,1.36224365234375,5.02001953125
138,0.20833333333333215,0.32464599609375,1.170166015625,4.9013671875
138,0.216666666666665,0.331787109375,1.1585693359375,5.02215576171875
137,0.20833333333333215,0.01788330078125,1.095458984375,4.9072265625
137,0.216666666666665,0.01580810546875,1.08160400390625,5.0281982421875
135,0.6083333333333325,-0.63494873046875,0.60784912109375,10.658203125
135,0.61666666666666536,-0.64385986328125,0.57293701171875,10.77850341796875
132,0.6083333333333325,0.23333740234375,0.64990234375,10.6802978515625
132,0.61666666666666536,0.235107421875,0.61553955078125,10.8009033203125
129,0.60633823595606628,0.4027099609375,0,10.68048095703125
144,0.22499999999999876,-0.0045166015625,1.64215087890625,5.1192626953125
144,0.23333333333333162,-0.007080078125,1.64324951171875,5.2393798828125
143,0.22499999999999876,0.50103759765625,0.88970947265625,5.12310791015625
143,0.23333333333333162,0.51275634765625,0.86944580078125,5.24334716796875
142,0.22499999999999876,-0.31475830078125,1.08929443359375,5.131103515625
142,0.23333333333333162,-0.326171875,1.07470703125,5.2515869140625
141,0.22499999999999876,0.35906982421875,1.4560546875,5.12969970703125
141,0.23333333333333162,0.3668212890625,1.451904296875,5.2501220703125
140,0.22499999999999876,0.133056640625,0.8079833984375,5.13751220703125
140,0.23333333333333162,0.13433837890625,0.785400390625,5.25811767578125
139,0.22499999999999876,-0.09710693359375,1.3558349609375,5.1407470703125
139,0.23333333333333162,-0.10235595703125,1.34881591796875,5.261474609375
138,0.22499999999999876,0.33892822265625,1.146240234375,5.1429443359375
138,0.23333333333333162,0.3460693359375,1.13323974609375,5.26373291015625
137,0.22499999999999876,0.013671875,1.06695556640625,5.149169921875
137,0.23333333333333162,0.0115966796875,1.0517578125,5.2701416015625
135,0.62499999999999911,-0.65277099609375,0.537353515625,10.8988037109375
135,0.633333333333332,-0.66162109375,0.50115966796875,11.01904296875
132,0.62499999999999911,0.2369384765625,0.5804443359375,10.92144775390625
132,0.633333333333332,0.23870849609375,0.54473876953125,11.0419921875
144,0.24166666666666536,-0.00970458984375,1.64361572265625,5.3594970703125
144,0.24999999999999822,-0.0123291015625,1.6434326171875,5.4796142578125
143,0.24166666666666536,0.52447509765625,0.8485107421875,5.36358642578125
143,0.24999999999999822,0.5362548828125,0.826904296875,5.4837646484375
142,0.24166666666666536,-0.33758544921875,1.0594482421875,5.37200927734375
142,0.24999999999999822,-0.3489990234375,1.04351806640625,5.49249267578125
141,0.24166666666666536,0.37451171875,1.44696044921875,5.3704833984375
141,0.24999999999999822,0.3822021484375,1.44146728515625,5.49090576171875
140,0.24166666666666536,0.1356201171875,0.76214599609375,5.37872314453125
140,0.24999999999999822,0.13690185546875,0.73822021484375,5.4993896484375
139,0.24166666666666536,-0.10760498046875,1.341064453125,5.3822021484375
139,0.24999999999999822,-0.11279296875,1.33270263671875,5.5029296875
138,0.24166666666666536,0.3531494140625,1.11956787109375,5.384521484375
138,0.24999999999999822,0.36029052734375,1.10528564453125,5.50531005859375
137,0.24166666666666536,0.009521484375,1.03582763671875,5.39111328125
137,0.24999999999999822,0.0074462890625,1.019287109375,5.5120849609375
135,0.64166666666666572,-0.6705322265625,0.46417236328125,11.13934326171875
135,0.64999999999999858,-0.679443359375,0.42657470703125,11.2596435546875
132,0.64166666666666572,0.24053955078125,0.50830078125,11.16253662109375
132,0.64999999999999858,0.2423095703125,0.47125244140625,11.2830810546875
144,0.25833333333333197,-0.01495361328125,1.6424560546875,5.5997314453125
144,0.26666666666666483,-0.01751708984375,1.64080810546875,5.7198486328125
143,0.25833333333333197,0.5479736328125,0.8045654296875,5.60400390625
143,0.26666666666666483,0.5596923828125,0.7816162109375,5.7242431640625
142,0.25833333333333197,-0.36041259765625,1.02685546875,5.6129150390625
142,0.26666666666666483,-0.371826171875,1.009521484375,5.7333984375
141,0.25833333333333197,0.389892578125,1.43524169921875,5.611328125
141,0.26666666666666483,0.39764404296875,1.42828369140625,5.73175048828125
140,0.25833333333333197,0.13818359375,0.713623046875,5.6199951171875
140,0.26666666666666483,0.1395263671875,0.68829345703125,5.74066162109375
139,0.25833333333333197,-0.1180419921875,1.3236083984375,5.62359619140625
139,0.26666666666666483,-0.123291015625,1.3138427734375,5.74432373046875
138,0.25833333333333197,0.367431640625,1.0902099609375,5.6260986328125
138,0.26666666666666483,0.37457275390625,1.07452392578125,5.74688720703125
137,0.25833333333333197,0.00531005859375,1.00201416015625,5.633056640625
137,0.26666666666666483,0.00323486328125,0.9840087890625,5.7540283203125
135,0.65833333333333233,-0.6883544921875,0.38824462890625,11.3798828125
135,0.66666666666666519,-0.69720458984375,0.34930419921875,11.50018310546875
132,0.65833333333333233,0.244140625,0.4334716796875,11.4036865234375
132,0.66666666666666519,0.24591064453125,0.39501953125,11.52423095703125
144,0.27499999999999858,-0.0201416015625,1.63848876953125,5.8399658203125
144,0.28333333333333144,-0.02276611328125,1.63543701171875,5.9600830078125
143,0.27499999999999858,0.57147216796875,0.7579345703125,5.844482421875
143,0.28333333333333144,0.58319091796875,0.7335205078125,5.9647216796875
142,0.27499999999999858,-0.38323974609375,0.99151611328125,5.85382080078125
142,0.28333333333333144,-0.3946533203125,0.97283935546875,5.97430419921875
141,0.27499999999999858,0.40533447265625,1.42071533203125,5.8521728515625
141,0.28333333333333144,0.41302490234375,1.41241455078125,5.97259521484375
140,0.27499999999999858,0.14080810546875,0.66229248046875,5.86126708984375
140,0.28333333333333144,0.14208984375,0.6356201171875,5.98193359375
139,0.27499999999999858,-0.1285400390625,1.30340576171875,5.86505126953125
139,0.28333333333333144,-0.1337890625,1.292236328125,5.98577880859375
138,0.27499999999999858,0.3817138671875,1.05810546875,5.86767578125
138,0.28333333333333144,0.38885498046875,1.041015625,5.98846435546875
137,0.27499999999999858,0.00115966796875,0.96539306640625,5.875
137,0.28333333333333144,-0.0009765625,0.946044921875,5.9959716796875
135,0.67499999999999893,-0.70611572265625,0.30963134765625,11.6204833984375
135,0.68333333333333179,-0.71502685546875,0.269287109375,11.74078369140625
132,0.67499999999999893,0.2476806640625,0.3558349609375,11.644775390625
132,0.68333333333333179,0.24951171875,0.3160400390625,11.76531982421875
144,0.29166666666666519,-0.025390625,1.6318359375,6.0802001953125
144,0.29999999999999805,-0.0279541015625,1.62744140625,6.2003173828125
143,0.29166666666666519,0.59490966796875,0.70855712890625,6.08489990234375
143,0.29999999999999805,0.60662841796875,0.68280029296875,6.20513916015625
142,0.29166666666666519,-0.40606689453125,0.9534912109375,6.0947265625
142,0.29999999999999805,-0.41748046875,0.93341064453125,6.2152099609375
141,0.29166666666666519,0.42071533203125,1.4034423828125,6.093017578125
141,0.29999999999999805,0.428466796875,1.393798828125,6.21337890625
140,0.29166666666666519,0.14337158203125,0.6082763671875,6.1025390625
140,0.29999999999999805,0.1446533203125,0.58026123046875,6.22320556640625
139,0.29166666666666519,-0.13897705078125,1.28045654296875,6.10650634765625
139,0.29999999999999805,-0.14422607421875,1.2679443359375,6.22723388671875
138,0.29166666666666519,0.39599609375,1.0233154296875,6.1092529296875
138,0.29999999999999805,0.40313720703125,1.00482177734375,6.23004150390625
137,0.29166666666666519,-0.0030517578125,0.92608642578125,6.11688232421875
137,0.29999999999999805,-0.005126953125,0.9053955078125,6.23785400390625
135,0.69166666666666554,-0.723876953125,0.228271484375,11.86102294921875
135,0.6999999999999984,-0.7327880859375,0.1865234375,11.9813232421875
132,0.69166666666666554,0.25128173828125,0.2755126953125,11.8858642578125
132,0.6999999999999984,0.25311279296875,0.23431396484375,12.00640869140625
144,0.30833333333333179,-0.03057861328125,1.62237548828125,6.3204345703125
144,0.31666666666666465,-0.033203125,1.61663818359375,6.4405517578125
143,0.30833333333333179,0.618408203125,0.65643310546875,6.32537841796875
143,0.31666666666666465,0.630126953125,0.62933349609375,6.44561767578125
142,0.30833333333333179,-0.42889404296875,0.91265869140625,6.33563232421875
142,0.31666666666666465,-0.4403076171875,0.8912353515625,6.45611572265625
141,0.30833333333333179,0.4361572265625,1.38348388671875,6.33380126953125
141,0.31666666666666465,0.44384765625,1.3724365234375,6.4542236328125
140,0.30833333333333179,0.14599609375,0.551513671875,6.34381103515625
140,0.31666666666666465,0.14727783203125,0.5220947265625,6.4644775390625
139,0.30833333333333179,-0.14947509765625,1.2547607421875,6.34796142578125
139,0.31666666666666465,-0.15472412109375,1.240966796875,6.46868896484375
138,0.30833333333333179,0.4102783203125,0.9857177734375,6.350830078125
138,0.31666666666666465,0.4173583984375,0.9659423828125,6.47161865234375
137,0.30833333333333179,-0.00726318359375,0.884033203125,6.35882568359375
137,0.31666666666666465,-0.00933837890625,0.8619384765625,6.47979736328125
135,0.70833333333333215,-0.74169921875,0.1441650390625,12.10162353515625
135,0.716666666666665,-0.75054931640625,0.10113525390625,12.221923828125
132,0.70833333333333215,0.2548828125,0.19244384765625,12.12701416015625
132,0.716666666666665,0.25665283203125,0.14990234375,12.24755859375
144,0.3249999999999984,-0.03582763671875,1.6102294921875,6.5606689453125
144,0.33333333333333215,-0.03839111328125,1.60321044921875,6.6807861328125
143,0.3249999999999984,0.641845703125,0.6015625,6.56585693359375
143,0.33333333333333215,0.653564453125,0.57318115234375,6.68603515625
142,0.3249999999999984,-0.45172119140625,0.86920166015625,6.5765380859375
142,0.33333333333333215,-0.463134765625,0.846435546875,6.697021484375
141,0.3249999999999984,0.45159912109375,1.36077880859375,6.57464599609375
141,0.33333333333333215,0.45928955078125,1.34844970703125,6.695068359375
140,0.3249999999999984,0.1485595703125,0.4920654296875,6.5850830078125
140,0.33333333333333215,0.14984130859375,0.4613037109375,6.70574951171875
139,0.3249999999999984,-0.15997314453125,1.2264404296875,6.58941650390625
139,0.33333333333333215,-0.1651611328125,1.21124267578125,6.71014404296875
138,0.3249999999999984,0.42449951171875,0.9454345703125,6.5924072265625
138,0.33333333333333215,0.431640625,0.92431640625,6.71319580078125
137,0.3249999999999984,-0.01141357421875,0.8392333984375,6.60076904296875
137,0.33333333333333215,-0.01348876953125,0.81585693359375,6.72174072265625
135,0.72499999999999876,-0.75946044921875,0.057373046875,12.3421630859375
135,0.73106913973125076,-0.76593017578125,0,12.42974853515625
132,0.72499999999999876,0.25848388671875,0.106689453125,12.36810302734375
132,0.7333333333333325,0.26025390625,0.062744140625,12.4886474609375
144,0.3416666666666659,-0.041015625,1.595458984375,6.8009033203125
144,0.34999999999999876,-0.04364013671875,1.58697509765625,6.9210205078125
143,0.3416666666666659,0.66534423828125,0.5440673828125,6.8062744140625
143,0.34999999999999876,0.67706298828125,0.5142822265625,6.926513671875
142,0.3416666666666659,-0.47454833984375,0.822998046875,6.81744384765625
142,0.34999999999999876,-0.4859619140625,0.798828125,6.93792724609375
141,0.3416666666666659,0.46697998046875,1.33544921875,6.81549072265625
141,0.34999999999999876,0.47467041015625,1.3216552734375,6.93585205078125
140,0.3416666666666659,0.151123046875,0.429931640625,6.82635498046875
140,0.34999999999999876,0.15240478515625,0.39776611328125,6.947021484375
139,0.3416666666666659,-0.17041015625,1.19537353515625,6.83087158203125
139,0.34999999999999876,-0.1756591796875,1.17877197265625,6.95159912109375
138,0.3416666666666659,0.43878173828125,0.90252685546875,6.833984375
138,0.34999999999999876,0.4459228515625,0.87994384765625,6.95477294921875
137,0.3416666666666659,-0.015625,0.79180908203125,6.84271240234375
137,0.34999999999999876,-0.0177001953125,0.76702880859375,6.96368408203125
132,0.74039041185437,0.26177978515625,0,12.59075927734375
144,0.3583333333333325,-0.0462646484375,1.57781982421875,7.0411376953125
144,0.36666666666666536,-0.04888916015625,1.56805419921875,7.1612548828125
143,0.3583333333333325,0.68878173828125,0.4837646484375,7.0467529296875
143,0.36666666666666536,0.70050048828125,0.45263671875,7.16693115234375
142,0.3583333333333325,-0.49737548828125,0.77398681640625,7.058349609375
142,0.36666666666666536,-0.5087890625,0.74853515625,7.1788330078125
141,0.3583333333333325,0.482421875,1.3072509765625,7.0562744140625
141,0.36666666666666536,0.4901123046875,1.292236328125,7.17669677734375
140,0.3583333333333325,0.15374755859375,0.36492919921875,7.067626953125
140,0.36666666666666536,0.155029296875,0.33154296875,7.18829345703125
139,0.3583333333333325,-0.180908203125,1.1614990234375,7.07232666015625
139,0.36666666666666536,-0.1861572265625,1.14361572265625,7.19305419921875
138,0.3583333333333325,0.45306396484375,0.85675048828125,7.0755615234375
138,0.36666666666666536,0.460205078125,0.83294677734375,7.19635009765625
137,0.3583333333333325,-0.019775390625,0.74151611328125,7.08465576171875
137,0.36666666666666536,-0.02191162109375,0.7154541015625,7.20562744140625
144,0.37499999999999911,-0.05145263671875,1.5576171875,7.2813720703125
144,0.38333333333333197,-0.0540771484375,1.54644775390625,7.4014892578125
143,0.37499999999999911,0.7122802734375,0.42083740234375,7.28717041015625
143,0.38333333333333197,0.7239990234375,0.3883056640625,7.40740966796875
142,0.37499999999999911,-0.52020263671875,0.722412109375,7.29925537109375
142,0.38333333333333197,-0.5316162109375,0.695556640625,7.41973876953125
141,0.37499999999999911,0.497802734375,1.27642822265625,7.297119140625
141,0.38333333333333197,0.5054931640625,1.260009765625,7.41754150390625
140,0.37499999999999911,0.15631103515625,0.29736328125,7.30889892578125
140,0.38333333333333197,0.1575927734375,0.2625732421875,7.42950439453125
139,0.37499999999999911,-0.19140625,1.125,7.31378173828125
139,0.38333333333333197,-0.19659423828125,1.105712890625,7.43450927734375
138,0.37499999999999911,0.46734619140625,0.808349609375,7.317138671875
138,0.38333333333333197,0.4744873046875,0.78314208984375,7.43792724609375
137,0.37499999999999911,-0.02398681640625,0.68865966796875,7.3265380859375
137,0.38333333333333197,-0.02606201171875,0.66119384765625,7.447509765625
145,0,0.08746337890625,1.25909423828125,0.88604736328125
146,0,0.08746337890625,1.25909423828125,0.88604736328125
147,0,0.08746337890625,1.25909423828125,0.88604736328125
148,0,0.08746337890625,1.25909423828125,0.88604736328125
149,0,0.08746337890625,1.25909423828125,0.88604736328125
150,0,0.08746337890625,1.25909423828125,0.88604736328125
151,0,0.08746337890625,1.25909423828125,0.88604736328125
152,0,0.08746337890625,1.25909423828125,0.88604736328125
144,0.39166666666666572,-0.05670166015625,1.5345458984375,7.5216064453125
144,0.39999999999999858,-0.059326171875,1.52203369140625,7.6417236328125
143,0.39166666666666572,0.7357177734375,0.35504150390625,7.52764892578125
143,0.39999999999999858,0.74749755859375,0.32122802734375,7.64788818359375
142,0.39166666666666572,-0.54296875,0.66796875,7.5401611328125
142,0.39999999999999858,-0.55438232421875,0.6397705078125,7.66064453125
141,0.39166666666666572,0.51324462890625,1.24285888671875,7.5379638671875
141,0.39999999999999858,0.52093505859375,1.22503662109375,7.65838623046875
140,0.39166666666666572,0.15887451171875,0.22698974609375,7.5501708984375
140,0.39999999999999858,0.16021728515625,0.1907958984375,7.6707763671875
139,0.39166666666666572,-0.20184326171875,1.085693359375,7.55523681640625
139,0.39999999999999858,-0.20709228515625,1.0650634765625,7.67596435546875
138,0.39166666666666572,0.48162841796875,0.75714111328125,7.5587158203125
138,0.39999999999999858,0.48870849609375,0.7305908203125,7.67950439453125
137,0.39166666666666572,-0.02813720703125,0.63299560546875,7.5684814453125
137,0.39999999999999858,-0.0302734375,0.6041259765625,7.689453125
152,0.0083333333333337478,0.0887451171875,1.2381591796875,1.06817626953125
152,0.016666666666664831,0.09002685546875,1.21722412109375,1.25030517578125
151,0.0083333333333337478,0.07476806640625,1.2745361328125,1.06829833984375
151,0.016666666666664831,0.06207275390625,1.28997802734375,1.25054931640625
150,0.0083333333333337478,0.1070556640625,1.25836181640625,1.068359375
150,0.016666666666664831,0.12664794921875,1.257568359375,1.2506103515625
149,0.0083333333333337478,0.0753173828125,1.24945068359375,1.0687255859375
149,0.016666666666664831,0.0631103515625,1.23980712890625,1.25140380859375
148,0.0083333333333337478,0.09100341796875,1.2744140625,1.0687255859375
148,0.016666666666664831,0.09454345703125,1.289794921875,1.2513427734375
147,0.0083333333333337478,0.09539794921875,1.249267578125,1.0689697265625
147,0.016666666666664831,0.103271484375,1.23944091796875,1.2518310546875
146,0.0083333333333337478,0.0791015625,1.26220703125,1.06915283203125
146,0.016666666666664831,0.07080078125,1.265380859375,1.25225830078125
145,0.0083333333333337478,0.093505859375,1.262451171875,1.06927490234375
145,0.016666666666664831,0.09954833984375,1.26580810546875,1.25244140625
144,0.40833333333333233,-0.0618896484375,1.5087890625,7.7618408203125
144,0.41666666666666519,-0.06451416015625,1.4949951171875,7.8819580078125
143,0.40833333333333233,0.75921630859375,0.28662109375,7.76806640625
143,0.41666666666666519,0.77093505859375,0.25146484375,7.8883056640625
142,0.40833333333333233,-0.5657958984375,0.61083984375,7.78106689453125
142,0.41666666666666519,-0.57720947265625,0.58135986328125,7.90155029296875
141,0.40833333333333233,0.52862548828125,1.20654296875,7.77874755859375
141,0.41666666666666519,0.536376953125,1.18743896484375,7.899169921875
140,0.40833333333333233,0.1614990234375,0.1539306640625,7.79144287109375
140,0.41666666666666519,0.16278076171875,0.11639404296875,7.91204833984375
139,0.40833333333333233,-0.21234130859375,1.043701171875,7.79669189453125
139,0.41666666666666519,-0.21759033203125,1.02178955078125,7.91741943359375
138,0.40833333333333233,0.495849609375,0.70330810546875,7.80029296875
138,0.41666666666666519,0.50299072265625,0.67535400390625,7.92108154296875
137,0.40833333333333233,-0.0323486328125,0.5745849609375,7.8104248046875
137,0.41666666666666519,-0.034423828125,0.54443359375,7.931396484375
152,0.024999999999998579,0.09130859375,1.1962890625,1.43243408203125
152,0.033333333333331439,0.09259033203125,1.17535400390625,1.61456298828125
151,0.024999999999998579,0.04937744140625,1.305419921875,1.4327392578125
151,0.033333333333331439,0.0367431640625,1.32086181640625,1.614990234375
150,0.024999999999998579,0.146240234375,1.2568359375,1.43292236328125
150,0.033333333333331439,0.16583251953125,1.256103515625,1.61517333984375
149,0.024999999999998579,0.05096435546875,1.23016357421875,1.43408203125
149,0.033333333333331439,0.038818359375,1.220458984375,1.61676025390625
148,0.024999999999998579,0.0980224609375,1.30511474609375,1.43402099609375
148,0.033333333333331439,0.1015625,1.3204345703125,1.61669921875
147,0.024999999999998579,0.1112060546875,1.2296142578125,1.43475341796875
147,0.033333333333331439,0.119140625,1.21978759765625,1.61761474609375
146,0.024999999999998579,0.06243896484375,1.26849365234375,1.4354248046875
146,0.033333333333331439,0.0540771484375,1.27166748046875,1.6185302734375
145,0.024999999999998579,0.1055908203125,1.26910400390625,1.4356689453125
145,0.033333333333331439,0.11163330078125,1.2724609375,1.61883544921875
144,0.42499999999999893,-0.067138671875,1.48040771484375,8.0020751953125
144,0.43333333333333179,-0.06976318359375,1.46514892578125,8.1221923828125
143,0.42499999999999893,0.78265380859375,0.21551513671875,8.008544921875
143,0.43333333333333179,0.79443359375,0.17889404296875,8.1287841796875
142,0.42499999999999893,-0.588623046875,0.55108642578125,8.02197265625
142,0.43333333333333179,-0.60003662109375,0.5201416015625,8.1424560546875
141,0.42499999999999893,0.5440673828125,1.16754150390625,8.01959228515625
141,0.43333333333333179,0.5517578125,1.14703369140625,8.1400146484375
140,0.42499999999999893,0.1640625,0.07818603515625,8.03271484375
140,0.43333333333333179,0.16534423828125,0.03924560546875,8.1533203125
139,0.42499999999999893,-0.2227783203125,0.99908447265625,8.03814697265625
139,0.43333333333333179,-0.22802734375,0.9757080078125,8.15887451171875
138,0.42499999999999893,0.5101318359375,0.646728515625,8.0418701171875
138,0.43333333333333179,0.51727294921875,0.617431640625,8.16265869140625
137,0.42499999999999893,-0.03656005859375,0.5135498046875,8.0523681640625
137,0.43333333333333179,-0.03863525390625,0.48199462890625,8.17333984375
152,0.041666666666665186,0.0938720703125,1.15435791015625,1.79669189453125
152,0.049999999999998046,0.09515380859375,1.1334228515625,1.97882080078125
151,0.041666666666665186,0.0240478515625,1.3363037109375,1.7972412109375
151,0.049999999999998046,0.0113525390625,1.35174560546875,1.9794921875
150,0.041666666666665186,0.1854248046875,1.25537109375,1.7974853515625
150,0.049999999999998046,0.20501708984375,1.25457763671875,1.979736328125
149,0.041666666666665186,0.026611328125,1.2108154296875,1.7994384765625
149,0.049999999999998046,0.01446533203125,1.201171875,1.98211669921875
148,0.041666666666665186,0.1051025390625,1.3358154296875,1.79931640625
148,0.049999999999998046,0.108642578125,1.35113525390625,1.98199462890625
147,0.041666666666665186,0.1270751953125,1.2099609375,1.800537109375
147,0.049999999999998046,0.13494873046875,1.20013427734375,1.98345947265625
146,0.041666666666665186,0.0457763671875,1.2747802734375,1.8016357421875
146,0.049999999999998046,0.03741455078125,1.2779541015625,1.9847412109375
145,0.041666666666665186,0.11773681640625,1.27581787109375,1.80206298828125
145,0.049999999999998046,0.123779296875,1.2791748046875,1.98529052734375
144,0.44166666666666554,-0.07232666015625,1.44915771484375,8.2423095703125
144,0.4499999999999984,-0.074951171875,1.43255615234375,8.3624267578125
143,0.44166666666666554,0.80615234375,0.1416015625,8.2490234375
143,0.4499999999999984,0.81787109375,0.1036376953125,8.36920166015625
142,0.44166666666666554,-0.6114501953125,0.48846435546875,8.26287841796875
142,0.4499999999999984,-0.62286376953125,0.4561767578125,8.38336181640625
141,0.44166666666666554,0.5594482421875,1.12579345703125,8.26043701171875
141,0.4499999999999984,0.56719970703125,1.1038818359375,8.380859375
140,0.4363230767026004,0.16583251953125,0,8.19659423828125
139,0.44166666666666554,-0.2332763671875,0.95159912109375,8.27960205078125
139,0.4499999999999984,-0.238525390625,0.9268798828125,8.40032958984375
138,0.44166666666666554,0.5244140625,0.58734130859375,8.283447265625
138,0.4499999999999984,0.53155517578125,0.55670166015625,8.40423583984375
137,0.44166666666666554,-0.04071044921875,0.44964599609375,8.2943115234375
137,0.4499999999999984,-0.0428466796875,0.416748046875,8.415283203125
152,0.058333333333331794,0.09637451171875,1.11248779296875,2.16094970703125
152,0.066666666666664653,0.09765625,1.091552734375,2.34307861328125
151,0.058333333333331794,-0.0013427734375,1.3671875,2.1617431640625
151,0.066666666666664653,-0.0140380859375,1.38262939453125,2.343994140625
150,0.058333333333331794,0.224609375,1.25384521484375,2.16204833984375
150,0.066666666666664653,0.244140625,1.25311279296875,2.34429931640625
149,0.058333333333331794,0.00225830078125,1.1915283203125,2.164794921875
149,0.066666666666664653,-0.0098876953125,1.181884765625,2.347412109375
148,0.058333333333331794,0.11212158203125,1.366455078125,2.1646728515625
148,0.066666666666664653,0.11566162109375,1.3818359375,2.3472900390625
147,0.058333333333331794,0.14288330078125,1.1903076171875,2.16632080078125
147,0.066666666666664653,0.15081787109375,1.18048095703125,2.3492431640625
146,0.058333333333331794,0.029052734375,1.28106689453125,2.1678466796875
146,0.066666666666664653,0.020751953125,1.28424072265625,2.3509521484375
145,0.058333333333331794,0.12982177734375,1.282470703125,2.16845703125
145,0.066666666666664653,0.1358642578125,1.28582763671875,2.3516845703125
144,0.45833333333333215,-0.07757568359375,1.41534423828125,8.4825439453125
144,0.466666666666665,-0.0802001953125,1.3973388671875,8.6026611328125
143,0.45833333333333215,0.82958984375,0.0650634765625,8.48944091796875
143,0.466666666666665,0.84136962890625,0.02569580078125,8.60968017578125
142,0.45833333333333215,-0.63427734375,0.42327880859375,8.5037841796875
142,0.466666666666665,-0.64569091796875,0.38958740234375,8.624267578125
141,0.45833333333333215,0.57489013671875,1.08135986328125,8.501220703125
141,0.466666666666665,0.58258056640625,1.05810546875,8.62164306640625
139,0.45833333333333215,-0.2437744140625,0.9014892578125,8.52105712890625
139,0.466666666666665,-0.24896240234375,0.8753662109375,8.64178466796875
138,0.45833333333333215,0.5386962890625,0.525390625,8.5250244140625
138,0.466666666666665,0.54583740234375,0.4932861328125,8.64581298828125
137,0.45833333333333215,-0.044921875,0.3831787109375,8.5362548828125
137,0.466666666666665,-0.0469970703125,0.348876953125,8.65716552734375
152,0.0749999999999984,0.09893798828125,1.07049560546875,2.52325439453125
152,0.083333333333331261,0.10015869140625,1.0491943359375,2.6995849609375
151,0.0749999999999984,-0.02655029296875,1.3975830078125,2.5242919921875
151,0.083333333333331261,-0.03887939453125,1.4114990234375,2.70068359375
150,0.0749999999999984,0.2635498046875,1.25201416015625,2.524658203125
150,0.083333333333331261,0.28253173828125,1.25030517578125,2.70111083984375
149,0.0749999999999984,-0.02191162109375,1.1719970703125,2.5281982421875
149,0.083333333333331261,-0.03369140625,1.16162109375,2.70501708984375
148,0.0749999999999984,0.119140625,1.3966064453125,2.52801513671875
148,0.083333333333331261,0.12255859375,1.41046142578125,2.704833984375
147,0.0749999999999984,0.15863037109375,1.17041015625,2.53021240234375
147,0.083333333333331261,0.166259765625,1.159912109375,2.707275390625
146,0.0749999999999984,0.012451171875,1.2869873046875,2.53216552734375
146,0.083333333333331261,0.00439453125,1.2890625,2.70941162109375
145,0.0749999999999984,0.141845703125,1.28875732421875,2.53289794921875
145,0.083333333333331261,0.147705078125,1.291015625,2.71026611328125
144,0.47499999999999876,-0.082763671875,1.378662109375,8.7227783203125
144,0.48333333333333162,-0.08538818359375,1.35931396484375,8.8428955078125
143,0.46680894286625646,0.841552734375,0,8.61175537109375
142,0.47499999999999876,-0.6571044921875,0.355224609375,8.74468994140625
142,0.48333333333333162,-0.66851806640625,0.3201904296875,8.86517333984375
141,0.47499999999999876,0.59033203125,1.03411865234375,8.7420654296875
141,0.48333333333333162,0.5980224609375,1.009521484375,8.86248779296875
139,0.47499999999999876,-0.25421142578125,0.84857177734375,8.76251220703125
139,0.48333333333333162,-0.25946044921875,0.82110595703125,8.88323974609375
138,0.47499999999999876,0.55291748046875,0.4605712890625,8.7666015625
138,0.48333333333333162,0.56005859375,0.42718505859375,8.88739013671875
137,0.47499999999999876,-0.049072265625,0.31390380859375,8.77813720703125
137,0.48333333333333162,-0.05120849609375,0.2781982421875,8.89910888671875
152,0.091666666666665009,0.10137939453125,1.02764892578125,2.8720703125
152,0.099999999999997868,0.1025390625,1.00592041015625,3.0406494140625
151,0.091666666666665009,-0.05084228515625,1.4244384765625,2.873291015625
151,0.099999999999997868,-0.0626220703125,1.43634033203125,3.04193115234375
150,0.091666666666665009,0.30108642578125,1.24786376953125,2.87371826171875
150,0.099999999999997868,0.3192138671875,1.24481201171875,3.04241943359375
149,0.091666666666665009,-0.04522705078125,1.15081787109375,2.87799072265625
149,0.099999999999997868,-0.05645751953125,1.13946533203125,3.04705810546875
148,0.091666666666665009,0.12591552734375,1.42327880859375,2.8778076171875
148,0.099999999999997868,0.12921142578125,1.43511962890625,3.046875
147,0.091666666666665009,0.17376708984375,1.14886474609375,2.88043212890625
147,0.099999999999997868,0.18109130859375,1.13739013671875,3.04974365234375
146,0.091666666666665009,-0.00347900390625,1.290283203125,2.8828125
146,0.099999999999997868,-0.01123046875,1.29083251953125,3.05230712890625
145,0.091666666666665009,0.1534423828125,1.29248046875,2.8837890625
145,0.099999999999997868,0.15899658203125,1.293212890625,3.0533447265625
144,0.49166666666666536,-0.0880126953125,1.33929443359375,8.9630126953125
144,0.49999999999999822,-0.09063720703125,1.31866455078125,9.0831298828125
142,0.49166666666666536,-0.679931640625,0.28448486328125,8.985595703125
142,0.49999999999999822,-0.69134521484375,0.24810791015625,9.1060791015625
141,0.49166666666666536,0.605712890625,0.9842529296875,8.98291015625
141,0.49999999999999822,0.6134033203125,0.958251953125,9.10333251953125
139,0.49166666666666536,-0.26470947265625,0.79296875,9.00396728515625
139,0.49999999999999822,-0.26995849609375,0.76416015625,9.12469482421875
138,0.49166666666666536,0.56719970703125,0.39306640625,9.0081787109375
138,0.49999999999999822,0.5743408203125,0.35833740234375,9.12896728515625
137,0.49166666666666536,-0.05328369140625,0.24188232421875,9.02008056640625
137,0.49999999999999822,-0.05535888671875,0.20489501953125,9.14105224609375
152,0.10833333333333162,0.10369873046875,0.98394775390625,3.205322265625
152,0.11666666666666448,0.1048583984375,0.961669921875,3.3662109375
151,0.10833333333333162,-0.0740966796875,1.447265625,3.206787109375
151,0.11666666666666448,-0.08526611328125,1.4571533203125,3.36773681640625
150,0.10833333333333162,0.3369140625,1.2410888671875,3.207275390625
150,0.11666666666666448,0.35418701171875,1.23663330078125,3.3682861328125
149,0.10833333333333162,-0.0675048828125,1.127685546875,3.2122802734375
149,0.11666666666666448,-0.0782470703125,1.11541748046875,3.37359619140625
148,0.10833333333333162,0.13238525390625,1.4459228515625,3.2120361328125
148,0.11666666666666448,0.135498046875,1.4556884765625,3.37335205078125
147,0.10833333333333162,0.18829345703125,1.12548828125,3.21514892578125
147,0.11666666666666448,0.19525146484375,1.113037109375,3.37664794921875
146,0.10833333333333162,-0.018798828125,1.2906494140625,3.2178955078125
146,0.11666666666666448,-0.026123046875,1.28961181640625,3.379638671875
145,0.10833333333333162,0.16448974609375,1.293212890625,3.218994140625
145,0.11666666666666448,0.16986083984375,1.2923583984375,3.38079833984375
144,0.508333333333332,-0.09320068359375,1.29730224609375,9.2032470703125
144,0.51666666666666483,-0.0958251953125,1.27520751953125,9.3233642578125
142,0.508333333333332,-0.7027587890625,0.21112060546875,9.22650146484375
142,0.51666666666666483,-0.71417236328125,0.17333984375,9.34698486328125
141,0.508333333333332,0.62115478515625,0.931640625,9.22369384765625
141,0.51666666666666483,0.62884521484375,0.904296875,9.3441162109375
139,0.508333333333332,-0.275146484375,0.73468017578125,9.24542236328125
139,0.51666666666666483,-0.2803955078125,0.70452880859375,9.36614990234375
138,0.508333333333332,0.58148193359375,0.3228759765625,9.249755859375
138,0.51666666666666483,0.588623046875,0.2867431640625,9.37054443359375
137,0.508333333333332,-0.0574951171875,0.167236328125,9.26202392578125
137,0.51666666666666483,-0.0595703125,0.12884521484375,9.38299560546875
152,0.12499999999999822,0.10595703125,0.939208984375,3.52313232421875
152,0.13333333333333108,0.10699462890625,0.91644287109375,3.67626953125
151,0.12499999999999822,-0.09619140625,1.466064453125,3.5247802734375
151,0.13333333333333108,-0.10687255859375,1.473876953125,3.677978515625
150,0.12499999999999822,0.37109375,1.2315673828125,3.525390625
150,0.13333333333333108,0.3875732421875,1.225830078125,3.6785888671875
149,0.12499999999999822,-0.0887451171875,1.1026611328125,3.53106689453125
149,0.13333333333333108,-0.09893798828125,1.0894775390625,3.68463134765625
148,0.12499999999999822,0.1385498046875,1.46453857421875,3.53082275390625
148,0.13333333333333108,0.1414794921875,1.4722900390625,3.684326171875
147,0.12499999999999822,0.20208740234375,1.10015869140625,3.5343017578125
147,0.13333333333333108,0.208740234375,1.0867919921875,3.68804931640625
146,0.12499999999999822,-0.0333251953125,1.2879638671875,3.5374755859375
146,0.13333333333333108,-0.04034423828125,1.28546142578125,3.69140625
145,0.12499999999999822,0.175048828125,1.29083251953125,3.5386962890625
145,0.13333333333333108,0.18011474609375,1.28851318359375,3.69268798828125
144,0.52499999999999858,-0.09844970703125,1.25244140625,9.4434814453125
144,0.53333333333333144,-0.10107421875,1.22900390625,9.5635986328125
142,0.52499999999999858,-0.7255859375,0.1348876953125,9.4674072265625
142,0.53333333333333144,-0.73699951171875,0.09576416015625,9.587890625
141,0.52499999999999858,0.63653564453125,0.87628173828125,9.46453857421875
141,0.53333333333333144,0.64422607421875,0.8475341796875,9.5849609375
139,0.52499999999999858,-0.28564453125,0.67364501953125,9.48687744140625
139,0.53333333333333144,-0.2908935546875,0.64208984375,9.60760498046875
138,0.52499999999999858,0.59576416015625,0.24993896484375,9.4913330078125
138,0.53333333333333144,0.6029052734375,0.21240234375,9.61212158203125
137,0.52499999999999858,-0.0616455078125,0.08978271484375,9.50396728515625
137,0.53333333333333144,-0.063720703125,0.04998779296875,9.62493896484375
152,0.14166666666666483,0.10809326171875,0.89349365234375,3.82550048828125
152,0.14999999999999769,0.10906982421875,0.87030029296875,3.9708251953125
151,0.14166666666666483,-0.11724853515625,1.48077392578125,3.8272705078125
151,0.14999999999999769,-0.12738037109375,1.48663330078125,3.9727783203125
150,0.14166666666666483,0.40362548828125,1.21942138671875,3.82794189453125
150,0.14999999999999769,0.41925048828125,1.21234130859375,3.97344970703125
149,0.14166666666666483,-0.10894775390625,1.07574462890625,3.83428955078125
149,0.14999999999999769,-0.11865234375,1.06158447265625,3.9801025390625
148,0.14166666666666483,0.1444091796875,1.47906494140625,3.833984375
148,0.14999999999999769,0.147216796875,1.48486328125,3.97979736328125
147,0.14166666666666483,0.2152099609375,1.07293701171875,3.837890625
147,0.14999999999999769,0.2215576171875,1.05859375,3.98388671875
146,0.14166666666666483,-0.04718017578125,1.2822265625,3.8414306640625
146,0.14999999999999769,-0.0538330078125,1.27825927734375,3.98760986328125
145,0.14166666666666483,0.18505859375,1.28546142578125,3.84283447265625
145,0.14999999999999769,0.18994140625,1.28167724609375,3.98907470703125
144,0.54166666666666519,-0.1036376953125,1.2049560546875,9.6837158203125
144,0.549999999999998,-0.10626220703125,1.18017578125,9.8038330078125
142,0.54166666666666519,-0.7484130859375,0.05596923828125,9.70831298828125
142,0.54805135910408664,-0.75714111328125,0,9.80059814453125
141,0.54166666666666519,0.6519775390625,0.81817626953125,9.70538330078125
141,0.549999999999998,0.65966796875,0.78814697265625,9.8258056640625
139,0.54166666666666519,-0.296142578125,0.60986328125,9.72833251953125
139,0.549999999999998,-0.30133056640625,0.57696533203125,9.84906005859375
138,0.54166666666666519,0.61004638671875,0.17425537109375,9.73291015625
138,0.549999999999998,0.6171875,0.13543701171875,9.85369873046875
137,0.5384843905325073,-0.0650634765625,0,9.69970703125
152,0.15833333333333144,0.110107421875,0.846923828125,4.11236572265625
152,0.1666666666666643,0.11102294921875,0.82330322265625,4.24993896484375
151,0.15833333333333144,-0.13726806640625,1.491455078125,4.11431884765625
151,0.1666666666666643,-0.1468505859375,1.49530029296875,4.25201416015625
150,0.15833333333333144,0.4344482421875,1.20458984375,4.11505126953125
150,0.1666666666666643,0.44927978515625,1.19622802734375,4.2528076171875
149,0.15833333333333144,-0.12811279296875,1.04693603515625,4.12200927734375
149,0.1666666666666643,-0.13726806640625,1.03179931640625,4.26007080078125
148,0.15833333333333144,0.14996337890625,1.4896240234375,4.1217041015625
148,0.1666666666666643,0.152587890625,1.493408203125,4.25970458984375
147,0.15833333333333144,0.22772216796875,1.0438232421875,4.1259765625
147,0.1666666666666643,0.23370361328125,1.028564453125,4.26416015625
146,0.15833333333333144,-0.060302734375,1.2735595703125,4.12982177734375
146,0.1666666666666643,-0.066650390625,1.26812744140625,4.2681884765625
145,0.15833333333333144,0.19464111328125,1.277099609375,4.13134765625
145,0.1666666666666643,0.19915771484375,1.2718505859375,4.26983642578125
144,0.55833333333333179,-0.10888671875,1.15472412109375,9.9239501953125
144,0.56666666666666465,-0.11151123046875,1.12860107421875,10.0440673828125
141,0.55833333333333179,0.6673583984375,0.75738525390625,9.94622802734375
141,0.56666666666666465,0.67510986328125,0.72601318359375,10.06658935546875
139,0.55833333333333179,-0.30657958984375,0.54339599609375,9.96978759765625
139,0.56666666666666465,-0.31182861328125,0.5091552734375,10.09051513671875
138,0.55833333333333179,0.624267578125,0.09588623046875,9.9744873046875
138,0.56666666666666465,0.63140869140625,0.05572509765625,10.09527587890625
152,0.17499999999999805,0.11199951171875,0.7994384765625,4.38372802734375
152,0.18333333333333179,0.1129150390625,0.7752685546875,4.51361083984375
151,0.17499999999999805,-0.1561279296875,1.4981689453125,4.3858642578125
151,0.18333333333333179,-0.16522216796875,1.5,4.51580810546875
150,0.17499999999999805,0.463623046875,1.18719482421875,4.38665771484375
150,0.18333333333333179,0.47760009765625,1.17742919921875,4.51666259765625
149,0.17499999999999805,-0.146240234375,1.0162353515625,4.3941650390625
149,0.18333333333333179,-0.1549072265625,1.00018310546875,4.52447509765625
148,0.17499999999999805,0.15521240234375,1.49615478515625,4.39385986328125
148,0.18333333333333179,0.15771484375,1.4979248046875,4.52410888671875
147,0.17499999999999805,0.239501953125,1.01287841796875,4.39849853515625
147,0.18333333333333179,0.2451171875,0.99664306640625,4.5289306640625
146,0.17499999999999805,-0.07275390625,1.261962890625,4.4027099609375
146,0.18333333333333179,-0.07867431640625,1.2550048828125,4.53326416015625
145,0.17499999999999805,0.20361328125,1.26580810546875,4.40435791015625
145,0.18333333333333179,0.20794677734375,1.25897216796875,4.53497314453125
144,0.5749999999999984,-0.11407470703125,1.10174560546875,10.1641845703125
144,0.58333333333333215,-0.11669921875,1.07427978515625,10.2843017578125
141,0.5749999999999984,0.68280029296875,0.69390869140625,10.18701171875
141,0.58333333333333215,0.69049072265625,0.66107177734375,10.30743408203125
139,0.5749999999999984,-0.31707763671875,0.47418212890625,10.211181640625
139,0.58333333333333215,-0.32232666015625,0.43853759765625,10.3319091796875
138,0.57292537300256752,0.63677978515625,0,10.18597412109375
152,0.19166666666666554,0.11376953125,0.75091552734375,4.63958740234375
152,0.1999999999999984,0.1146240234375,0.726318359375,4.76171875
151,0.19166666666666554,-0.1739501953125,1.5008544921875,4.64190673828125
151,0.1999999999999984,-0.1824951171875,1.5006103515625,4.76416015625
150,0.19166666666666554,0.49114990234375,1.1671142578125,4.64276123046875
150,0.1999999999999984,0.5042724609375,1.15606689453125,4.7650146484375
149,0.19166666666666554,-0.163330078125,0.983642578125,4.65087890625
149,0.1999999999999984,-0.17144775390625,0.96661376953125,4.77337646484375
148,0.19166666666666554,0.16015625,1.4986572265625,4.6505126953125
148,0.1999999999999984,0.16253662109375,1.4984130859375,4.77294921875
147,0.19166666666666554,0.2506103515625,0.98004150390625,4.65545654296875
147,0.1999999999999984,0.25592041015625,0.962890625,4.77813720703125
146,0.19166666666666554,-0.08447265625,1.247314453125,4.65997314453125
146,0.1999999999999984,-0.090087890625,1.2388916015625,4.78277587890625
145,0.19166666666666554,0.21209716796875,1.25146484375,4.6617431640625
145,0.1999999999999984,0.2161865234375,1.2431640625,4.78460693359375
144,0.5916666666666659,-0.11932373046875,1.04608154296875,10.4044189453125
144,0.59999999999999876,-0.1219482421875,1.0172119140625,10.5245361328125
141,0.5916666666666659,0.69818115234375,0.62762451171875,10.4278564453125
141,0.59999999999999876,0.7059326171875,0.593505859375,10.54827880859375
139,0.5916666666666659,-0.3275146484375,0.4022216796875,10.45263671875
139,0.59999999999999876,-0.332763671875,0.365234375,10.5733642578125
152,0.20833333333333215,0.115478515625,0.7012939453125,4.8819580078125
152,0.216666666666665,0.1163330078125,0.675537109375,5.00213623046875
151,0.20833333333333215,-0.19085693359375,1.49957275390625,4.8843994140625
151,0.216666666666665,-0.19921875,1.49786376953125,5.00469970703125
150,0.20833333333333215,0.5172119140625,1.144287109375,4.88531494140625
150,0.216666666666665,0.5301513671875,1.13189697265625,5.005615234375
149,0.20833333333333215,-0.17950439453125,0.94903564453125,4.8939208984375
149,0.216666666666665,-0.18756103515625,0.93072509765625,5.01446533203125
148,0.20833333333333215,0.16485595703125,1.497314453125,4.8935546875
148,0.216666666666665,0.16717529296875,1.49554443359375,5.01409912109375
147,0.20833333333333215,0.26116943359375,0.9451904296875,4.89886474609375
147,0.216666666666665,0.266357421875,0.9267578125,5.01953125
146,0.20833333333333215,-0.0955810546875,1.229736328125,4.90362548828125
146,0.216666666666665,-0.10107421875,1.21990966796875,5.02447509765625
145,0.20833333333333215,0.22015380859375,1.234130859375,4.905517578125
145,0.216666666666665,0.22418212890625,1.22442626953125,5.02642822265625
144,0.6083333333333325,-0.12451171875,0.9876708984375,10.6446533203125
144,0.61666666666666536,-0.12713623046875,0.95745849609375,10.7647705078125
141,0.6083333333333325,0.713623046875,0.55865478515625,10.668701171875
141,0.61666666666666536,0.7213134765625,0.523193359375,10.7890625
139,0.6083333333333325,-0.3380126953125,0.32757568359375,10.694091796875
139,0.61666666666666536,-0.34326171875,0.289306640625,10.8148193359375
152,0.22499999999999876,0.1171875,0.64910888671875,5.12237548828125
152,0.23333333333333162,0.11798095703125,0.62200927734375,5.2425537109375
151,0.22499999999999876,-0.20758056640625,1.49542236328125,5.12493896484375
151,0.23333333333333162,-0.21600341796875,1.49237060546875,5.2452392578125
150,0.22499999999999876,0.5430908203125,1.1187744140625,5.12591552734375
150,0.23333333333333162,0.5560302734375,1.10504150390625,5.2462158203125
149,0.22499999999999876,-0.195556640625,0.9117431640625,5.13507080078125
149,0.23333333333333162,-0.20361328125,0.89215087890625,5.255615234375
148,0.22499999999999876,0.16949462890625,1.4930419921875,5.1346435546875
148,0.23333333333333162,0.17181396484375,1.4898681640625,5.25518798828125
147,0.22499999999999876,0.2716064453125,0.90765380859375,5.1402587890625
147,0.23333333333333162,0.27679443359375,0.887939453125,5.260986328125
146,0.22499999999999876,-0.1065673828125,1.2093505859375,5.14532470703125
146,0.23333333333333162,-0.112060546875,1.19818115234375,5.26617431640625
145,0.22499999999999876,0.2281494140625,1.2139892578125,5.1473388671875
145,0.23333333333333162,0.232177734375,1.20294189453125,5.26824951171875
144,0.62499999999999911,-0.1297607421875,0.92657470703125,10.8848876953125
144,0.633333333333332,-0.13238525390625,0.89501953125,11.0050048828125
141,0.62499999999999911,0.72900390625,0.48699951171875,10.90948486328125
141,0.633333333333332,0.73675537109375,0.45013427734375,11.0299072265625
139,0.62499999999999911,-0.3485107421875,0.250244140625,10.935546875
139,0.633333333333332,-0.35369873046875,0.2105712890625,11.0562744140625
152,0.24166666666666536,0.11883544921875,0.59423828125,5.36279296875
152,0.24999999999999822,0.11968994140625,0.56585693359375,5.48297119140625
151,0.24166666666666536,-0.224365234375,1.48858642578125,5.36553955078125
151,0.24999999999999822,-0.23272705078125,1.48419189453125,5.48577880859375
150,0.24166666666666536,0.5689697265625,1.090576171875,5.3665771484375
150,0.24999999999999822,0.58184814453125,1.07550048828125,5.48687744140625
149,0.24166666666666536,-0.21160888671875,0.87176513671875,5.37615966796875
149,0.24999999999999822,-0.21966552734375,0.850830078125,5.49676513671875
148,0.24166666666666536,0.17413330078125,1.48602294921875,5.375732421875
148,0.24999999999999822,0.17645263671875,1.4815673828125,5.49627685546875
147,0.24166666666666536,0.28204345703125,0.86749267578125,5.3817138671875
147,0.24999999999999822,0.28729248046875,0.84637451171875,5.50238037109375
146,0.24166666666666536,-0.11761474609375,1.186279296875,5.38702392578125
146,0.24999999999999822,-0.12310791015625,1.17376708984375,5.5079345703125
145,0.24166666666666536,0.23614501953125,1.191162109375,5.38916015625
145,0.24999999999999822,0.2401123046875,1.1788330078125,5.51007080078125
144,0.64166666666666572,-0.13494873046875,0.86273193359375,11.1251220703125
144,0.64999999999999858,-0.1375732421875,0.82977294921875,11.2452392578125
141,0.64166666666666572,0.74444580078125,0.41259765625,11.15032958984375
141,0.64999999999999858,0.75213623046875,0.3743896484375,11.270751953125
139,0.64166666666666572,-0.35894775390625,0.170166015625,11.177001953125
139,0.64999999999999858,-0.36419677734375,0.12908935546875,11.2977294921875
152,0.25833333333333197,0.12054443359375,0.53668212890625,5.60321044921875
152,0.26666666666666483,0.12139892578125,0.50689697265625,5.723388671875
151,0.25833333333333197,-0.2410888671875,1.47906494140625,5.6060791015625
151,0.26666666666666483,-0.24945068359375,1.4732666015625,5.72637939453125
150,0.25833333333333197,0.59478759765625,1.0596923828125,5.607177734375
150,0.26666666666666483,0.60772705078125,1.043212890625,5.72747802734375
149,0.25833333333333197,-0.2276611328125,0.82916259765625,5.6173095703125
149,0.26666666666666483,-0.2357177734375,0.8067626953125,5.73785400390625
148,0.25833333333333197,0.1788330078125,1.47637939453125,5.6168212890625
148,0.26666666666666483,0.18115234375,1.47052001953125,5.7374267578125
147,0.25833333333333197,0.29248046875,0.8245849609375,5.62310791015625
147,0.26666666666666483,0.2977294921875,0.8021240234375,5.74383544921875
146,0.25833333333333197,-0.12860107421875,1.1605224609375,5.6287841796875
146,0.26666666666666483,-0.13409423828125,1.1466064453125,5.7496337890625
145,0.25833333333333197,0.244140625,1.16571044921875,5.6309814453125
145,0.26666666666666483,0.24810791015625,1.15191650390625,5.75189208984375
144,0.65833333333333233,-0.14019775390625,0.796142578125,11.3653564453125
144,0.66666666666666519,-0.142822265625,0.76190185546875,11.4854736328125
141,0.65833333333333233,0.7598876953125,0.33544921875,11.39117431640625
141,0.66666666666666519,0.767578125,0.2958984375,11.5115966796875
139,0.65833333333333233,-0.36944580078125,0.08734130859375,11.41845703125
139,0.66666666666666519,-0.37469482421875,0.044921875,11.5391845703125
152,0.27499999999999858,0.1221923828125,0.47637939453125,5.84356689453125
152,0.28333333333333144,0.123046875,0.4451904296875,5.96380615234375
151,0.27499999999999858,-0.2578125,1.466796875,5.84661865234375
151,0.28333333333333144,-0.2662353515625,1.4595947265625,5.9669189453125
150,0.27499999999999858,0.62066650390625,1.02606201171875,5.8477783203125
150,0.28333333333333144,0.63360595703125,1.00811767578125,5.96807861328125
149,0.27499999999999858,-0.2437744140625,0.78375244140625,5.85845947265625
149,0.28333333333333144,-0.25177001953125,0.75994873046875,5.97900390625
148,0.27499999999999858,0.1834716796875,1.4639892578125,5.85797119140625
148,0.28333333333333144,0.185791015625,1.45672607421875,5.978515625
147,0.27499999999999858,0.30291748046875,0.77899169921875,5.86456298828125
147,0.28333333333333144,0.30816650390625,0.75506591796875,5.9852294921875
146,0.27499999999999858,-0.13958740234375,1.13201904296875,5.8704833984375
146,0.28333333333333144,-0.1451416015625,1.11663818359375,5.9913330078125
145,0.27499999999999858,0.25213623046875,1.137451171875,5.87286376953125
145,0.28333333333333144,0.256103515625,1.12225341796875,5.9937744140625
144,0.67499999999999893,-0.1453857421875,0.72686767578125,11.6055908203125
144,0.68333333333333179,-0.14801025390625,0.69122314453125,11.7257080078125
141,0.67499999999999893,0.7752685546875,0.255615234375,11.6319580078125
141,0.68333333333333179,0.782958984375,0.2147216796875,11.75238037109375
139,0.67051155107319127,-0.37713623046875,0,11.59490966796875
152,0.29166666666666519,0.1239013671875,0.413330078125,6.083984375
152,0.29999999999999805,0.124755859375,0.38079833984375,6.2042236328125
151,0.29166666666666519,-0.27459716796875,1.4517822265625,6.08721923828125
151,0.29999999999999805,-0.282958984375,1.4432373046875,6.20745849609375
150,0.29166666666666519,0.646484375,0.9896240234375,6.08837890625
150,0.29999999999999805,0.659423828125,0.97039794921875,6.20867919921875
149,0.29166666666666519,-0.25982666015625,0.735595703125,6.09954833984375
149,0.29999999999999805,-0.267822265625,0.71051025390625,6.22015380859375
148,0.29166666666666519,0.1881103515625,1.4488525390625,6.09906005859375
148,0.29999999999999805,0.1904296875,1.440185546875,6.2196044921875
147,0.29166666666666519,0.31341552734375,0.7305908203125,6.10595703125
147,0.29999999999999805,0.318603515625,0.70538330078125,6.2266845703125
146,0.29166666666666519,-0.150634765625,1.1007080078125,6.1121826171875
146,0.29999999999999805,-0.1561279296875,1.08404541015625,6.2330322265625
145,0.29166666666666519,0.26007080078125,1.1064453125,6.11468505859375
145,0.29999999999999805,0.26409912109375,1.08990478515625,6.235595703125
144,0.69166666666666554,-0.150634765625,0.65484619140625,11.8458251953125
144,0.6999999999999984,-0.15325927734375,0.6177978515625,11.9659423828125
141,0.69166666666666554,0.79071044921875,0.17303466796875,11.872802734375
141,0.6999999999999984,0.79840087890625,0.1307373046875,11.99322509765625
152,0.30833333333333179,0.1256103515625,0.3475341796875,6.32440185546875
152,0.31666666666666465,0.12640380859375,0.31365966796875,6.44464111328125
151,0.30833333333333179,-0.29132080078125,1.43402099609375,6.3277587890625
151,0.31666666666666465,-0.2996826171875,1.42413330078125,6.44805908203125
150,0.30833333333333179,0.67236328125,0.95050048828125,6.3289794921875
150,0.31666666666666465,0.685302734375,0.929931640625,6.44927978515625
149,0.30833333333333179,-0.27587890625,0.6846923828125,6.3406982421875
149,0.31666666666666465,-0.28387451171875,0.65826416015625,6.46124267578125
148,0.30833333333333179,0.1927490234375,1.430908203125,6.34014892578125
148,0.31666666666666465,0.195068359375,1.42095947265625,6.460693359375
147,0.30833333333333179,0.3238525390625,0.67950439453125,6.347412109375
147,0.31666666666666465,0.32904052734375,0.65289306640625,6.4681396484375
146,0.30833333333333179,-0.16162109375,1.06671142578125,6.3538818359375
146,0.31666666666666465,-0.16717529296875,1.0487060546875,6.4747314453125
145,0.30833333333333179,0.26806640625,1.07275390625,6.35650634765625
145,0.31666666666666465,0.2720947265625,1.05487060546875,6.4774169921875
144,0.70833333333333215,-0.15582275390625,0.58013916015625,12.0860595703125
144,0.716666666666665,-0.158447265625,0.541748046875,12.2061767578125
141,0.70833333333333215,0.80609130859375,0.0877685546875,12.1136474609375
141,0.716666666666665,0.8138427734375,0.0440673828125,12.23406982421875
152,0.3249999999999984,0.12725830078125,0.279052734375,6.5648193359375
152,0.33333333333333126,0.12811279296875,0.24383544921875,6.68505859375
151,0.3249999999999984,-0.30810546875,1.41357421875,6.56829833984375
151,0.33333333333333126,-0.31646728515625,1.40234375,6.6885986328125
150,0.3249999999999984,0.6982421875,0.90869140625,6.56964111328125
150,0.33333333333333126,0.71112060546875,0.88677978515625,6.68994140625
149,0.3249999999999984,-0.29193115234375,0.63116455078125,6.58184814453125
149,0.33333333333333126,-0.29998779296875,0.60333251953125,6.702392578125
148,0.3249999999999984,0.19744873046875,1.41033935546875,6.581298828125
148,0.33333333333333126,0.19976806640625,1.3990478515625,6.70184326171875
147,0.3249999999999984,0.33428955078125,0.62567138671875,6.58880615234375
147,0.33333333333333126,0.33953857421875,0.5977783203125,6.70953369140625
146,0.3249999999999984,-0.17266845703125,1.030029296875,6.59564208984375
146,0.33333333333333126,-0.17816162109375,1.01068115234375,6.71649169921875
145,0.3249999999999984,0.27606201171875,1.03631591796875,6.59832763671875
145,0.33333333333333126,0.280029296875,1.01708984375,6.71923828125
144,0.72499999999999876,-0.16107177734375,0.502685546875,12.3262939453125
144,0.73333333333333162,-0.1636962890625,0.462890625,12.4464111328125
141,0.720250229324938,0.817138671875,0,12.28582763671875
152,0.341666666666665,0.12896728515625,0.2078857421875,6.80523681640625
152,0.34999999999999787,0.12982177734375,0.1712646484375,6.9254150390625
151,0.341666666666665,-0.3248291015625,1.39044189453125,6.80889892578125
151,0.34999999999999787,-0.33319091796875,1.3778076171875,6.92913818359375
150,0.341666666666665,0.72406005859375,0.86419677734375,6.81024169921875
150,0.34999999999999787,0.73699951171875,0.84088134765625,6.9305419921875
149,0.341666666666665,-0.3079833984375,0.57489013671875,6.82293701171875
149,0.34999999999999787,-0.3160400390625,0.54571533203125,6.94354248046875
148,0.341666666666665,0.20208740234375,1.3870849609375,6.8223876953125
148,0.34999999999999787,0.20440673828125,1.3743896484375,6.94293212890625
147,0.341666666666665,0.3447265625,0.5692138671875,6.83026123046875
147,0.34999999999999787,0.3499755859375,0.53985595703125,6.95098876953125
146,0.341666666666665,-0.18365478515625,0.99066162109375,6.83734130859375
146,0.34999999999999787,-0.18914794921875,0.96990966796875,6.95819091796875
145,0.341666666666665,0.2840576171875,0.9971923828125,6.84014892578125
145,0.34999999999999787,0.28802490234375,0.9765625,6.9610595703125
144,0.74166666666666536,-0.166259765625,0.4224853515625,12.5665283203125
144,0.74999999999999822,-0.16888427734375,0.38140869140625,12.6866455078125
152,0.35833333333333162,0.130615234375,0.13397216796875,7.045654296875
152,0.36666666666666448,0.1314697265625,0.09600830078125,7.16583251953125
151,0.35833333333333162,-0.341552734375,1.364501953125,7.0494384765625
151,0.36666666666666448,-0.34991455078125,1.3505859375,7.169677734375
150,0.35833333333333162,0.74993896484375,0.81683349609375,7.05084228515625
150,0.36666666666666448,0.76287841796875,0.792236328125,7.171142578125
149,0.35833333333333162,-0.32403564453125,0.51580810546875,7.0640869140625
149,0.36666666666666448,-0.33209228515625,0.4853515625,7.18463134765625
148,0.35833333333333162,0.20672607421875,1.36102294921875,7.0634765625
148,0.36666666666666448,0.20904541015625,1.34698486328125,7.18402099609375
147,0.35833333333333162,0.35516357421875,0.5098876953125,7.0716552734375
147,0.36666666666666448,0.36041259765625,0.47930908203125,7.1923828125
146,0.35833333333333162,-0.1947021484375,0.948486328125,7.07904052734375
146,0.36666666666666448,-0.2001953125,0.92645263671875,7.19989013671875
145,0.35833333333333162,0.29205322265625,0.95526123046875,7.08197021484375
145,0.36666666666666448,0.2960205078125,0.93341064453125,7.202880859375
144,0.758333333333332,-0.1715087890625,0.339599609375,12.8067626953125
144,0.76666666666666483,-0.17413330078125,0.297119140625,12.9268798828125
152,0.37499999999999822,0.13232421875,0.057373046875,7.28607177734375
152,0.381850129591726,0.133056640625,0,7.3848876953125
151,0.37499999999999822,-0.35833740234375,1.3359375,7.28997802734375
151,0.38333333333333108,-0.36669921875,1.32061767578125,7.4102783203125
150,0.37499999999999822,0.77581787109375,0.76690673828125,7.29144287109375
150,0.38333333333333108,0.7886962890625,0.74090576171875,7.4117431640625
149,0.37499999999999822,-0.340087890625,0.4541015625,7.30523681640625
149,0.38333333333333108,-0.34814453125,0.4222412109375,7.42578125
148,0.37499999999999822,0.21136474609375,1.332275390625,7.3045654296875
148,0.38333333333333108,0.2137451171875,1.31689453125,7.4251708984375
147,0.37499999999999822,0.36566162109375,0.447998046875,7.3131103515625
147,0.38333333333333108,0.370849609375,0.41595458984375,7.433837890625
146,0.37499999999999822,-0.2056884765625,0.9036865234375,7.32073974609375
146,0.38333333333333108,-0.211181640625,0.8802490234375,7.44158935546875
145,0.37499999999999822,0.300048828125,0.9107666015625,7.32379150390625
145,0.38333333333333108,0.30401611328125,0.887451171875,7.4447021484375
144,0.77499999999999858,-0.17669677734375,0.25396728515625,13.0469970703125
144,0.78333333333333144,-0.1793212890625,0.2100830078125,13.1671142578125
153,0,0.08746337890625,1.25909423828125,0.88604736328125
154,0,0.08746337890625,1.25909423828125,0.88604736328125
155,0,0.08746337890625,1.25909423828125,0.88604736328125
156,0,0.08746337890625,1.25909423828125,0.88604736328125
157,0,0.08746337890625,1.25909423828125,0.88604736328125
158,0,0.08746337890625,1.25909423828125,0.88604736328125
159,0,0.08746337890625,1.25909423828125,0.88604736328125
160,0,0.08746337890625,1.25909423828125,0.88604736328125
151,0.39166666666666483,-0.37506103515625,1.3045654296875,7.530517578125
151,0.39999999999999769,-0.3834228515625,1.28790283203125,7.65081787109375
150,0.39166666666666483,0.8016357421875,0.71417236328125,7.53204345703125
150,0.39999999999999769,0.8145751953125,0.68682861328125,7.65234375
149,0.39166666666666483,-0.356201171875,0.3896484375,7.54632568359375
149,0.39999999999999769,-0.36419677734375,0.35638427734375,7.66693115234375
148,0.39166666666666483,0.216064453125,1.30078125,7.54571533203125
148,0.39999999999999769,0.2183837890625,1.2840576171875,7.666259765625
147,0.39166666666666483,0.3760986328125,0.38323974609375,7.55450439453125
147,0.39999999999999769,0.38128662109375,0.34991455078125,7.67523193359375
146,0.39166666666666483,-0.2166748046875,0.8560791015625,7.5625
146,0.39999999999999769,-0.22222900390625,0.831298828125,7.683349609375
145,0.39166666666666483,0.3079833984375,0.8634033203125,7.56561279296875
145,0.39999999999999769,0.31201171875,0.8387451171875,7.6865234375
144,0.79166666666666519,-0.18194580078125,0.1656494140625,13.2872314453125
144,0.799999999999998,-0.1845703125,0.12042236328125,13.4073486328125
160,0.0083333333333337478,0.10870361328125,1.267578125,1.06793212890625
160,0.016666666666663943,0.1300048828125,1.27606201171875,1.24981689453125
159,0.0083333333333337478,0.07958984375,1.24176025390625,1.068359375
159,0.016666666666663943,0.0716552734375,1.224365234375,1.250732421875
158,0.0083333333333337478,0.08343505859375,1.27764892578125,1.06842041015625
158,0.016666666666663943,0.079345703125,1.29620361328125,1.250732421875
157,0.0083333333333337478,0.1029052734375,1.25103759765625,1.06854248046875
157,0.016666666666663943,0.1182861328125,1.24298095703125,1.25103759765625
156,0.0083333333333337478,0.073974609375,1.2569580078125,1.06884765625
156,0.016666666666663943,0.06048583984375,1.25482177734375,1.251708984375
155,0.0083333333333337478,0.09600830078125,1.2698974609375,1.06884765625
155,0.016666666666663943,0.10455322265625,1.28070068359375,1.251708984375
154,0.0083333333333337478,0.08953857421875,1.2501220703125,1.06915283203125
154,0.016666666666663943,0.0916748046875,1.24114990234375,1.25225830078125
153,0.0083333333333337478,0.0843505859375,1.2635498046875,1.06927490234375
153,0.016666666666663943,0.0811767578125,1.2679443359375,1.2525634765625
151,0.40833333333333144,-0.39178466796875,1.2705078125,7.7711181640625
151,0.4166666666666643,-0.400146484375,1.25250244140625,7.891357421875
150,0.40833333333333144,0.8275146484375,0.65875244140625,7.772705078125
150,0.4166666666666643,0.8404541015625,0.63006591796875,7.89300537109375
149,0.40833333333333144,-0.37225341796875,0.32244873046875,7.7874755859375
149,0.4166666666666643,-0.3802490234375,0.28790283203125,7.90802001953125
148,0.40833333333333144,0.220703125,1.2666015625,7.78680419921875
148,0.4166666666666643,0.2230224609375,1.24853515625,7.9073486328125
147,0.40833333333333144,0.38653564453125,0.31585693359375,7.79595947265625
147,0.4166666666666643,0.39178466796875,0.2811279296875,7.91668701171875
146,0.40833333333333144,-0.22772216796875,0.8057861328125,7.80419921875
146,0.4166666666666643,-0.23321533203125,0.7796630859375,7.925048828125
145,0.40833333333333144,0.31597900390625,0.8133544921875,7.80743408203125
145,0.4166666666666643,0.32000732421875,0.78741455078125,7.9283447265625
144,0.80833333333333179,-0.1871337890625,0.0745849609375,13.5274658203125
144,0.81666666666666465,-0.18975830078125,0.02801513671875,13.6475830078125
160,0.024999999999997691,0.1512451171875,1.2845458984375,1.4317626953125
160,0.033333333333331439,0.17254638671875,1.29302978515625,1.6136474609375
159,0.024999999999997691,0.06378173828125,1.20703125,1.43304443359375
159,0.033333333333331439,0.05584716796875,1.18963623046875,1.61541748046875
158,0.024999999999997691,0.0753173828125,1.31475830078125,1.43310546875
158,0.033333333333331439,0.07122802734375,1.333251953125,1.61541748046875
157,0.024999999999997691,0.13372802734375,1.23486328125,1.43359375
157,0.033333333333331439,0.14910888671875,1.226806640625,1.6160888671875
156,0.024999999999997691,0.0469970703125,1.252685546875,1.43450927734375
156,0.033333333333331439,0.03350830078125,1.25054931640625,1.61737060546875
155,0.024999999999997691,0.11309814453125,1.29150390625,1.43450927734375
155,0.033333333333331439,0.12164306640625,1.30230712890625,1.6173095703125
154,0.024999999999997691,0.09375,1.232177734375,1.43536376953125
154,0.033333333333331439,0.09588623046875,1.22320556640625,1.61846923828125
153,0.024999999999997691,0.07806396484375,1.27239990234375,1.435791015625
153,0.033333333333331439,0.074951171875,1.27679443359375,1.61907958984375
151,0.42499999999999805,-0.4085693359375,1.2337646484375,8.01165771484375
151,0.43333333333333179,-0.41693115234375,1.21435546875,8.1319580078125
150,0.42499999999999805,0.85333251953125,0.60064697265625,8.0133056640625
150,0.43333333333333179,0.86627197265625,0.57049560546875,8.13360595703125
149,0.42499999999999805,-0.3883056640625,0.2525634765625,8.02862548828125
149,0.43333333333333179,-0.3963623046875,0.21661376953125,8.149169921875
148,0.42499999999999805,0.225341796875,1.22967529296875,8.02789306640625
148,0.43333333333333179,0.2276611328125,1.210205078125,8.14849853515625
147,0.42499999999999805,0.39697265625,0.2457275390625,8.037353515625
147,0.43333333333333179,0.4022216796875,0.20965576171875,8.1580810546875
146,0.42499999999999805,-0.23870849609375,0.7528076171875,8.0458984375
146,0.43333333333333179,-0.24420166015625,0.72528076171875,8.166748046875
145,0.42499999999999805,0.323974609375,0.76068115234375,8.04931640625
145,0.43333333333333179,0.32794189453125,0.7332763671875,8.17022705078125
144,0.81719638250573856,-0.18994140625,0,13.65521240234375
160,0.041666666666665186,0.19378662109375,1.301513671875,1.7955322265625
160,0.049999999999998046,0.215087890625,1.30999755859375,1.9774169921875
159,0.041666666666665186,0.0479736328125,1.17230224609375,1.7977294921875
159,0.049999999999998046,0.0400390625,1.15496826171875,1.9801025390625
158,0.041666666666665186,0.06719970703125,1.351806640625,1.79779052734375
158,0.049999999999998046,0.0631103515625,1.370361328125,1.98016357421875
157,0.041666666666665186,0.16455078125,1.21875,1.798583984375
157,0.049999999999998046,0.17999267578125,1.210693359375,1.9810791015625
156,0.041666666666665186,0.02001953125,1.2484130859375,1.8001708984375
156,0.049999999999998046,0.00653076171875,1.24627685546875,1.98297119140625
155,0.041666666666665186,0.13018798828125,1.3131103515625,1.80010986328125
155,0.049999999999998046,0.13873291015625,1.32391357421875,1.98297119140625
154,0.041666666666665186,0.09796142578125,1.2142333984375,1.80157470703125
154,0.049999999999998046,0.10009765625,1.20526123046875,1.98468017578125
153,0.041666666666665186,0.07177734375,1.28125,1.80230712890625
153,0.049999999999998046,0.06866455078125,1.28570556640625,1.985595703125
151,0.44166666666666554,-0.42529296875,1.1942138671875,8.252197265625
151,0.4499999999999984,-0.43365478515625,1.1734619140625,8.37249755859375
150,0.44166666666666554,0.87921142578125,0.5396728515625,8.25390625
150,0.4499999999999984,0.89215087890625,0.50823974609375,8.37420654296875
149,0.44166666666666554,-0.40435791015625,0.179931640625,8.26971435546875
149,0.4499999999999984,-0.41241455078125,0.142578125,8.39031982421875
148,0.44166666666666554,0.23004150390625,1.19000244140625,8.26904296875
148,0.4499999999999984,0.23236083984375,1.169189453125,8.38958740234375
147,0.44166666666666554,0.407470703125,0.1728515625,8.27880859375
147,0.4499999999999984,0.41265869140625,0.1353759765625,8.3995361328125
146,0.44166666666666554,-0.249755859375,0.697021484375,8.28759765625
146,0.4499999999999984,-0.2552490234375,0.66815185546875,8.408447265625
145,0.44166666666666554,0.33197021484375,0.70513916015625,8.2911376953125
145,0.4499999999999984,0.3359375,0.6763916015625,8.41204833984375
160,0.058333333333331794,0.236328125,1.31842041015625,2.1593017578125
160,0.066666666666664653,0.25762939453125,1.326904296875,2.34124755859375
159,0.058333333333331794,0.03216552734375,1.1375732421875,2.16241455078125
159,0.066666666666664653,0.02423095703125,1.1202392578125,2.3447265625
158,0.058333333333331794,0.05908203125,1.388916015625,2.1624755859375
158,0.066666666666664653,0.05499267578125,1.407470703125,2.3448486328125
157,0.058333333333331794,0.19537353515625,1.20257568359375,2.16357421875
157,0.066666666666664653,0.2108154296875,1.19451904296875,2.3460693359375
156,0.058333333333331794,-0.0069580078125,1.244140625,2.16583251953125
156,0.066666666666664653,-0.02044677734375,1.24200439453125,2.3486328125
155,0.058333333333331794,0.14727783203125,1.33465576171875,2.165771484375
155,0.066666666666664653,0.15582275390625,1.345458984375,2.34857177734375
154,0.058333333333331794,0.1021728515625,1.1962890625,2.16778564453125
154,0.066666666666664653,0.104248046875,1.187255859375,2.350830078125
153,0.058333333333331794,0.0655517578125,1.29010009765625,2.1688232421875
153,0.066666666666664653,0.0623779296875,1.2945556640625,2.35205078125
151,0.45833333333333215,-0.4420166015625,1.15203857421875,8.4927978515625
151,0.466666666666665,-0.450439453125,1.1298828125,8.613037109375
150,0.45833333333333215,0.90509033203125,0.47613525390625,8.4945068359375
150,0.466666666666665,0.91802978515625,0.44329833984375,8.61480712890625
149,0.45833333333333215,-0.42041015625,0.1046142578125,8.5108642578125
149,0.466666666666665,-0.428466796875,0.06585693359375,8.63140869140625
148,0.45833333333333215,0.23468017578125,1.147705078125,8.5101318359375
148,0.466666666666665,0.23699951171875,1.12548828125,8.63067626953125
147,0.45833333333333215,0.41790771484375,0.0972900390625,8.520263671875
147,0.466666666666665,0.423095703125,0.0584716796875,8.64093017578125
146,0.45833333333333215,-0.2607421875,0.63861083984375,8.52935791015625
146,0.466666666666665,-0.2662353515625,0.60833740234375,8.65020751953125
145,0.45833333333333215,0.3399658203125,0.64697265625,8.532958984375
145,0.466666666666665,0.34393310546875,0.6168212890625,8.65386962890625
160,0.0749999999999984,0.2786865234375,1.3349609375,2.52117919921875
160,0.083333333333331261,0.29925537109375,1.3421630859375,2.697265625
159,0.0749999999999984,0.01641845703125,1.10272216796875,2.525146484375
159,0.083333333333331261,0.0087890625,1.08489990234375,2.70166015625
158,0.0749999999999984,0.05096435546875,1.4254150390625,2.5252685546875
158,0.083333333333331261,0.04705810546875,1.44244384765625,2.7017822265625
157,0.0749999999999984,0.22607421875,1.1861572265625,2.52667236328125
157,0.083333333333331261,0.240966796875,1.1773681640625,2.703369140625
156,0.0749999999999984,-0.03375244140625,1.239501953125,2.529541015625
156,0.083333333333331261,-0.04681396484375,1.2364501953125,2.70654296875
155,0.0749999999999984,0.16424560546875,1.35577392578125,2.5294189453125
155,0.083333333333331261,0.17254638671875,1.36529541015625,2.7064208984375
154,0.0749999999999984,0.10638427734375,1.17803955078125,2.53204345703125
154,0.083333333333331261,0.1083984375,1.16839599609375,2.70928955078125
153,0.0749999999999984,0.059326171875,1.298583984375,2.53338623046875
153,0.083333333333331261,0.0562744140625,1.3018798828125,2.7108154296875
151,0.47499999999999876,-0.45880126953125,1.1070556640625,8.73333740234375
151,0.48333333333333162,-0.4671630859375,1.08355712890625,8.8536376953125
150,0.47499999999999876,0.930908203125,0.4097900390625,8.735107421875
150,0.48333333333333162,0.94384765625,0.3756103515625,8.85540771484375
149,0.47499999999999876,-0.43646240234375,0.0264892578125,8.75201416015625
149,0.47530741847639207,-0.436767578125,0,8.7564697265625
148,0.47499999999999876,0.23931884765625,1.10260009765625,8.751220703125
148,0.48333333333333162,0.24163818359375,1.07904052734375,8.87176513671875
147,0.47371656421161945,0.42755126953125,0,8.7430419921875
146,0.47499999999999876,-0.27178955078125,0.577392578125,8.77105712890625
146,0.48333333333333162,-0.27728271484375,0.5457763671875,8.89190673828125
145,0.47499999999999876,0.347900390625,0.5860595703125,8.7747802734375
145,0.48333333333333162,0.3519287109375,0.5545654296875,8.89569091796875
160,0.091666666666665009,0.31939697265625,1.3485107421875,2.8695068359375
160,0.099999999999997868,0.339111328125,1.35400390625,3.03790283203125
159,0.091666666666665009,0.00128173828125,1.0667724609375,2.87432861328125
159,0.099999999999997868,-0.00604248046875,1.04833984375,3.0430908203125
158,0.091666666666665009,0.043212890625,1.458251953125,2.87445068359375
158,0.099999999999997868,0.0394287109375,1.47308349609375,3.043212890625
157,0.091666666666665009,0.255615234375,1.16802978515625,2.87615966796875
157,0.099999999999997868,0.26983642578125,1.158203125,3.04510498046875
156,0.091666666666665009,-0.05963134765625,1.23272705078125,2.879638671875
156,0.099999999999997868,-0.07208251953125,1.22833251953125,3.048828125
155,0.091666666666665009,0.18060302734375,1.373779296875,2.8795166015625
155,0.099999999999997868,0.18853759765625,1.38140869140625,3.04876708984375
154,0.091666666666665009,0.1103515625,1.15814208984375,2.88262939453125
154,0.099999999999997868,0.1123046875,1.1474609375,3.0521240234375
153,0.091666666666665009,0.05328369140625,1.30438232421875,2.88427734375
153,0.099999999999997868,0.0504150390625,1.30609130859375,3.053955078125
151,0.49166666666666536,-0.47552490234375,1.05938720703125,8.973876953125
151,0.49999999999999822,-0.48388671875,1.0345458984375,9.09417724609375
150,0.49166666666666536,0.956787109375,0.34075927734375,8.9757080078125
150,0.49999999999999822,0.9697265625,0.30523681640625,9.0960693359375
148,0.49166666666666536,0.24395751953125,1.05474853515625,8.99237060546875
148,0.49999999999999822,0.24627685546875,1.02984619140625,9.1129150390625
146,0.49166666666666536,-0.28277587890625,0.51348876953125,9.01275634765625
146,0.49999999999999822,-0.28826904296875,0.48052978515625,9.13360595703125
145,0.49166666666666536,0.35589599609375,0.52239990234375,9.0166015625
145,0.49999999999999822,0.35992431640625,0.48956298828125,9.13751220703125
160,0.10833333333333162,0.35833740234375,1.35858154296875,3.202392578125
160,0.11666666666666448,0.37713623046875,1.3623046875,3.363037109375
159,0.10833333333333162,-0.01318359375,1.02960205078125,3.2080078125
159,0.11666666666666448,-0.0201416015625,1.01043701171875,3.3690185546875
158,0.10833333333333162,0.0357666015625,1.48675537109375,3.2081298828125
158,0.11666666666666448,0.0322265625,1.4993896484375,3.369140625
157,0.10833333333333162,0.2838134765625,1.1478271484375,3.21014404296875
157,0.11666666666666448,0.29742431640625,1.13690185546875,3.371337890625
156,0.10833333333333162,-0.08428955078125,1.223388671875,3.21417236328125
156,0.11666666666666448,-0.09619140625,1.21771240234375,3.37567138671875
155,0.10833333333333162,0.19622802734375,1.38812255859375,3.214111328125
155,0.11666666666666448,0.20379638671875,1.39385986328125,3.37554931640625
154,0.10833333333333162,0.11419677734375,1.13629150390625,3.21771240234375
154,0.11666666666666448,0.1160888671875,1.12457275390625,3.37945556640625
153,0.10833333333333162,0.047607421875,1.3070068359375,3.21966552734375
153,0.11666666666666448,0.0447998046875,1.30712890625,3.3814697265625
151,0.508333333333332,-0.49224853515625,1.009033203125,9.2144775390625
151,0.51666666666666483,-0.50067138671875,0.9827880859375,9.334716796875
150,0.508333333333332,0.982666015625,0.26898193359375,9.21636962890625
150,0.51666666666666483,0.99554443359375,0.2320556640625,9.336669921875
148,0.508333333333332,0.2486572265625,1.0042724609375,9.23345947265625
148,0.51666666666666483,0.2509765625,0.97796630859375,9.35400390625
146,0.508333333333332,-0.29376220703125,0.4468994140625,9.25445556640625
146,0.51666666666666483,-0.29931640625,0.41253662109375,9.37530517578125
145,0.508333333333332,0.3638916015625,0.4560546875,9.2584228515625
145,0.51666666666666483,0.36785888671875,0.42181396484375,9.37933349609375
160,0.12499999999999822,0.39544677734375,1.365234375,3.51983642578125
160,0.13333333333333108,0.413330078125,1.3671875,3.6727294921875
159,0.12499999999999822,-0.0269775390625,0.9910888671875,3.52618408203125
159,0.13333333333333108,-0.03363037109375,0.97137451171875,3.67950439453125
158,0.12499999999999822,0.0286865234375,1.510986328125,3.52630615234375
158,0.13333333333333108,0.0252685546875,1.52142333984375,3.67962646484375
157,0.12499999999999822,0.31072998046875,1.12554931640625,3.52862548828125
157,0.13333333333333108,0.32366943359375,1.1136474609375,3.6820068359375
156,0.12499999999999822,-0.10784912109375,1.21148681640625,3.533203125
156,0.13333333333333108,-0.119140625,1.20452880859375,3.6868896484375
155,0.12499999999999822,0.21112060546875,1.3988037109375,3.5330810546875
155,0.13333333333333108,0.21832275390625,1.4027099609375,3.686767578125
154,0.12499999999999822,0.117919921875,1.11248779296875,3.5372314453125
154,0.13333333333333108,0.11968994140625,1.09979248046875,3.691162109375
153,0.12499999999999822,0.0421142578125,1.30657958984375,3.5394287109375
153,0.13333333333333108,0.03948974609375,1.30517578125,3.6934814453125
151,0.52499999999999858,-0.509033203125,0.95587158203125,9.45501708984375
151,0.53333333333333144,-0.51739501953125,0.92828369140625,9.57525634765625
150,0.52499999999999858,1.00848388671875,0.1944580078125,9.45697021484375
150,0.53333333333333144,1.02142333984375,0.15618896484375,9.5772705078125
148,0.52499999999999858,0.2532958984375,0.95098876953125,9.47454833984375
148,0.53333333333333144,0.255615234375,0.92333984375,9.5950927734375
146,0.52499999999999858,-0.3048095703125,0.37750244140625,9.49615478515625
146,0.53333333333333144,-0.310302734375,0.341796875,9.6170654296875
145,0.52499999999999858,0.37188720703125,0.38690185546875,9.500244140625
145,0.53333333333333144,0.3758544921875,0.35137939453125,9.62115478515625
160,0.14166666666666483,0.4307861328125,1.36834716796875,3.82177734375
160,0.14999999999999769,0.44775390625,1.36865234375,3.9669189453125
159,0.14166666666666483,-0.04010009765625,0.95135498046875,3.828857421875
159,0.14999999999999769,-0.04638671875,0.9310302734375,3.97442626953125
158,0.14166666666666483,0.02197265625,1.53082275390625,3.82904052734375
158,0.14999999999999769,0.01873779296875,1.53912353515625,3.97454833984375
157,0.14166666666666483,0.3363037109375,1.10125732421875,3.83154296875
157,0.14999999999999769,0.3486328125,1.08831787109375,3.97723388671875
156,0.14166666666666483,-0.13018798828125,1.19696044921875,3.83673095703125
156,0.14999999999999769,-0.1409912109375,1.1888427734375,3.98260498046875
155,0.14166666666666483,0.225341796875,1.40576171875,3.8365478515625
155,0.14999999999999769,0.23211669921875,1.407958984375,3.98248291015625
154,0.14166666666666483,0.12139892578125,1.08660888671875,3.8411865234375
154,0.14999999999999769,0.123046875,1.072998046875,3.9873046875
153,0.14166666666666483,0.03692626953125,1.30303955078125,3.8436279296875
153,0.14999999999999769,0.034423828125,1.300048828125,3.9898681640625
151,0.54166666666666519,-0.5257568359375,0.9000244140625,9.695556640625
151,0.549999999999998,-0.53411865234375,0.87109375,9.81585693359375
150,0.54166666666666519,1.03436279296875,0.11724853515625,9.69757080078125
150,0.549999999999998,1.04730224609375,0.07763671875,9.81787109375
148,0.54166666666666519,0.2579345703125,0.89501953125,9.71563720703125
148,0.549999999999998,0.26025390625,0.865966796875,9.83624267578125
146,0.54166666666666519,-0.3157958984375,0.305419921875,9.7379150390625
146,0.549999999999998,-0.3212890625,0.26837158203125,9.8587646484375
145,0.54166666666666519,0.3798828125,0.31512451171875,9.7420654296875
145,0.549999999999998,0.38385009765625,0.2781982421875,9.86297607421875
160,0.15833333333333144,0.4642333984375,1.36810302734375,4.1082763671875
160,0.1666666666666643,0.4803466796875,1.36669921875,4.2457275390625
159,0.15833333333333144,-0.05255126953125,0.910400390625,4.1160888671875
159,0.1666666666666643,-0.05853271484375,0.88946533203125,4.25384521484375
158,0.15833333333333144,0.01556396484375,1.54644775390625,4.1162109375
158,0.1666666666666643,0.01251220703125,1.5526123046875,4.2540283203125
157,0.15833333333333144,0.360595703125,1.07489013671875,4.1190185546875
157,0.1666666666666643,0.37225341796875,1.06097412109375,4.25689697265625
156,0.15833333333333144,-0.15142822265625,1.17999267578125,4.1246337890625
156,0.1666666666666643,-0.16162109375,1.17059326171875,4.2628173828125
155,0.15833333333333144,0.23876953125,1.4091796875,4.12451171875
155,0.1666666666666643,0.2452392578125,1.4095458984375,4.26263427734375
154,0.15833333333333144,0.12469482421875,1.05889892578125,4.12957763671875
154,0.1666666666666643,0.12628173828125,1.0443115234375,4.2679443359375
153,0.15833333333333144,0.031982421875,1.29638671875,4.13226318359375
153,0.1666666666666643,0.02960205078125,1.29193115234375,4.270751953125
151,0.55833333333333179,-0.54248046875,0.84149169921875,9.93609619140625
151,0.56666666666666465,-0.5509033203125,0.81121826171875,10.056396484375
150,0.55833333333333179,1.06024169921875,0.037353515625,9.93817138671875
150,0.560844510643919,1.06414794921875,0,9.97442626953125
148,0.55833333333333179,0.2625732421875,0.8363037109375,9.956787109375
148,0.56666666666666465,0.26495361328125,0.80596923828125,10.07733154296875
146,0.55833333333333179,-0.32684326171875,0.23065185546875,9.9796142578125
146,0.56666666666666465,-0.33233642578125,0.1922607421875,10.1004638671875
145,0.55833333333333179,0.38787841796875,0.2406005859375,9.98388671875
145,0.56666666666666465,0.391845703125,0.20233154296875,10.10479736328125
160,0.17499999999999805,0.4959716796875,1.36444091796875,4.3792724609375
160,0.18333333333333091,0.5111083984375,1.36126708984375,4.50897216796875
159,0.17499999999999805,-0.0643310546875,0.8682861328125,4.38775634765625
159,0.18333333333333091,-0.0699462890625,0.8466796875,4.51776123046875
158,0.17499999999999805,0.009521484375,1.5577392578125,4.387939453125
158,0.18333333333333091,0.00665283203125,1.561767578125,4.5179443359375
157,0.17499999999999805,0.383544921875,1.04656982421875,4.39093017578125
157,0.18333333333333091,0.39459228515625,1.0316162109375,4.5211181640625
156,0.17499999999999805,-0.17156982421875,1.1605224609375,4.3970947265625
156,0.18333333333333091,-0.18115234375,1.1497802734375,4.5274658203125
155,0.17499999999999805,0.25152587890625,1.40899658203125,4.39691162109375
155,0.18333333333333091,0.257568359375,1.407470703125,4.52728271484375
154,0.17499999999999805,0.1278076171875,1.02923583984375,4.40240478515625
154,0.18333333333333091,0.12933349609375,1.01361083984375,4.532958984375
153,0.17499999999999805,0.02728271484375,1.28668212890625,4.40533447265625
153,0.18333333333333091,0.02508544921875,1.2806396484375,4.5360107421875
151,0.5749999999999984,-0.55926513671875,0.78021240234375,10.17669677734375
151,0.58333333333333126,-0.567626953125,0.74853515625,10.29693603515625
148,0.5749999999999984,0.26727294921875,0.77490234375,10.1978759765625
148,0.58333333333333126,0.26959228515625,0.7431640625,10.31842041015625
146,0.5749999999999984,-0.33782958984375,0.15313720703125,10.2213134765625
146,0.58333333333333126,-0.34332275390625,0.11334228515625,10.3421630859375
145,0.5749999999999984,0.39581298828125,0.163330078125,10.2257080078125
145,0.58333333333333126,0.39984130859375,0.12371826171875,10.3466796875
160,0.19166666666666465,0.52581787109375,1.3572998046875,4.63482666015625
160,0.19999999999999751,0.54010009765625,1.3524169921875,4.7568359375
159,0.19166666666666465,-0.075439453125,0.8248291015625,4.6439208984375
159,0.19999999999999751,-0.08074951171875,0.8026123046875,4.7662353515625
158,0.19166666666666465,0.00384521484375,1.56475830078125,4.64410400390625
158,0.19999999999999751,0.0010986328125,1.566650390625,4.76641845703125
157,0.19166666666666465,0.40521240234375,1.0162353515625,4.64739990234375
157,0.19999999999999751,0.41558837890625,1.000244140625,4.769775390625
156,0.19166666666666465,-0.19049072265625,1.13848876953125,4.6539306640625
156,0.19999999999999751,-0.19952392578125,1.12646484375,4.77655029296875
155,0.19166666666666465,0.26348876953125,1.40509033203125,4.65374755859375
155,0.19999999999999751,0.26922607421875,1.40179443359375,4.7763671875
154,0.19166666666666465,0.13079833984375,0.99755859375,4.65966796875
154,0.19999999999999751,0.1322021484375,0.98095703125,4.782470703125
153,0.19166666666666465,0.02288818359375,1.27386474609375,4.66278076171875
153,0.19999999999999751,0.02081298828125,1.26629638671875,4.78564453125
151,0.591666666666665,-0.57598876953125,0.7161865234375,10.417236328125
151,0.59999999999999787,-0.5843505859375,0.68316650390625,10.53753662109375
148,0.591666666666665,0.27191162109375,0.71075439453125,10.43896484375
148,0.59999999999999787,0.27423095703125,0.67767333984375,10.55950927734375
146,0.591666666666665,-0.34881591796875,0.0728759765625,10.4630126953125
146,0.59999999999999787,-0.3543701171875,0.03173828125,10.58392333984375
145,0.591666666666665,0.40380859375,0.0833740234375,10.46759033203125
145,0.59999999999999787,0.4078369140625,0.0423583984375,10.5885009765625
160,0.20833333333333126,0.55413818359375,1.3468017578125,4.87689208984375
160,0.21666666666666412,0.56817626953125,1.34051513671875,4.9969482421875
159,0.20833333333333126,-0.0859375,0.77996826171875,4.88653564453125
159,0.21666666666666412,-0.0911865234375,0.756591796875,5.00689697265625
158,0.20833333333333126,-0.0015869140625,1.567626953125,4.88677978515625
158,0.21666666666666412,-0.0042724609375,1.5679931640625,5.007080078125
157,0.20833333333333126,0.42572021484375,0.98370361328125,4.89019775390625
157,0.21666666666666412,0.4359130859375,0.9664306640625,5.01068115234375
156,0.20833333333333126,-0.20843505859375,1.11383056640625,4.897216796875
156,0.21666666666666412,-0.21734619140625,1.10052490234375,5.01788330078125
155,0.20833333333333126,0.27484130859375,1.397705078125,4.89703369140625
155,0.21666666666666412,0.280517578125,1.39288330078125,5.0177001953125
154,0.20833333333333126,0.133544921875,0.96380615234375,4.9033203125
154,0.21666666666666412,0.13494873046875,0.94598388671875,5.02410888671875
153,0.20833333333333126,0.01873779296875,1.25799560546875,4.9066162109375
153,0.21666666666666412,0.01666259765625,1.24896240234375,5.027587890625
151,0.60833333333333162,-0.5927734375,0.64947509765625,10.65777587890625
151,0.61666666666666448,-0.60113525390625,0.6151123046875,10.778076171875
148,0.60833333333333162,0.27655029296875,0.6439208984375,10.68011474609375
148,0.61666666666666448,0.27886962890625,0.60943603515625,10.8006591796875
146,0.60134063236996316,-0.355224609375,0,10.6033935546875
145,0.60346754486881882,0.40948486328125,0,10.6387939453125
160,0.22499999999999787,0.58221435546875,1.33343505859375,5.11700439453125
160,0.23333333333333073,0.59625244140625,1.3258056640625,5.237060546875
159,0.22499999999999787,-0.09637451171875,0.73248291015625,5.12725830078125
159,0.23333333333333073,-0.10162353515625,0.707763671875,5.24755859375
158,0.22499999999999787,-0.0069580078125,1.567626953125,5.12744140625
158,0.23333333333333073,-0.00958251953125,1.56658935546875,5.247802734375
157,0.22499999999999787,0.44610595703125,0.948486328125,5.131103515625
157,0.23333333333333073,0.456298828125,0.929931640625,5.2515869140625
156,0.22499999999999787,-0.22625732421875,1.08648681640625,5.1385498046875
156,0.23333333333333073,-0.23516845703125,1.07183837890625,5.25921630859375
155,0.22499999999999787,0.2861328125,1.38739013671875,5.13836669921875
155,0.23333333333333073,0.29180908203125,1.38128662109375,5.25897216796875
154,0.22499999999999787,0.1363525390625,0.92742919921875,5.14495849609375
154,0.23333333333333073,0.13775634765625,0.90826416015625,5.26580810546875
153,0.22499999999999787,0.01458740234375,1.2392578125,5.14849853515625
153,0.23333333333333073,0.01251220703125,1.22894287109375,5.26947021484375
151,0.62499999999999822,-0.6094970703125,0.58001708984375,10.89837646484375
151,0.63333333333333108,-0.61785888671875,0.5443115234375,11.01861572265625
148,0.62499999999999822,0.28118896484375,0.57427978515625,10.92120361328125
148,0.63333333333333108,0.2835693359375,0.53851318359375,11.041748046875
160,0.24166666666666448,0.61029052734375,1.31744384765625,5.35711669921875
160,0.24999999999999734,0.62432861328125,1.3084716796875,5.4771728515625
159,0.24166666666666448,-0.1068115234375,0.682373046875,5.367919921875
159,0.24999999999999734,-0.112060546875,0.65631103515625,5.48828125
158,0.24166666666666448,-0.01226806640625,1.56488037109375,5.3681640625
158,0.24999999999999734,-0.01495361328125,1.5625,5.488525390625
157,0.24166666666666448,0.4664306640625,0.91058349609375,5.37200927734375
157,0.24999999999999734,0.47662353515625,0.89068603515625,5.49249267578125
156,0.24166666666666448,-0.24407958984375,1.05645751953125,5.3798828125
156,0.24999999999999734,-0.2529296875,1.04046630859375,5.50054931640625
155,0.24166666666666448,0.29742431640625,1.37445068359375,5.379638671875
155,0.24999999999999734,0.30303955078125,1.366943359375,5.50030517578125
154,0.24166666666666448,0.13909912109375,0.88836669921875,5.38665771484375
154,0.24999999999999734,0.1405029296875,0.86785888671875,5.50750732421875
153,0.24166666666666448,0.010498046875,1.2178955078125,5.390380859375
153,0.24999999999999734,0.0084228515625,1.20623779296875,5.5113525390625
151,0.64166666666666483,-0.626220703125,0.50787353515625,11.138916015625
151,0.64999999999999769,-0.63458251953125,0.47076416015625,11.25921630859375
148,0.64166666666666483,0.285888671875,0.50201416015625,11.16229248046875
148,0.64999999999999769,0.2882080078125,0.46484375,11.2828369140625
160,0.25833333333333108,0.63836669921875,1.2987060546875,5.59716796875
160,0.26666666666666394,0.65240478515625,1.288330078125,5.71722412109375
159,0.25833333333333108,-0.11724853515625,0.6295166015625,5.608642578125
159,0.26666666666666394,-0.1224365234375,0.60211181640625,5.72894287109375
158,0.25833333333333108,-0.01763916015625,1.5594482421875,5.60882568359375
158,0.26666666666666394,-0.02032470703125,1.5556640625,5.72918701171875
157,0.25833333333333108,0.48681640625,0.87005615234375,5.6129150390625
157,0.26666666666666394,0.49700927734375,0.8487548828125,5.7333984375
156,0.25833333333333108,-0.2618408203125,1.023681640625,5.6212158203125
156,0.26666666666666394,-0.270751953125,1.00628662109375,5.74188232421875
155,0.25833333333333108,0.3087158203125,1.3587646484375,5.6209716796875
155,0.26666666666666394,0.3143310546875,1.34991455078125,5.74163818359375
154,0.25833333333333108,0.14190673828125,0.84661865234375,5.62835693359375
154,0.26666666666666394,0.143310546875,0.82470703125,5.74920654296875
153,0.25833333333333108,0.00634765625,1.19384765625,5.63232421875
153,0.26666666666666394,0.0042724609375,1.1807861328125,5.75323486328125
151,0.65833333333333144,-0.64300537109375,0.4329833984375,11.37945556640625
151,0.6666666666666643,-0.6513671875,0.39453125,11.499755859375
148,0.65833333333333144,0.29052734375,0.427001953125,11.40338134765625
148,0.6666666666666643,0.2928466796875,0.38848876953125,11.52398681640625
160,0.27499999999999769,0.66644287109375,1.27728271484375,5.8372802734375
160,0.28333333333333144,0.68048095703125,1.26544189453125,5.95733642578125
159,0.27499999999999769,-0.127685546875,0.573974609375,5.84930419921875
159,0.28333333333333144,-0.13287353515625,0.54510498046875,5.96966552734375
158,0.27499999999999769,-0.02301025390625,1.55126953125,5.84954833984375
158,0.28333333333333144,-0.02569580078125,1.54608154296875,5.96990966796875
157,0.27499999999999769,0.50714111328125,0.82672119140625,5.85382080078125
157,0.28333333333333144,0.517333984375,0.80401611328125,5.97430419921875
156,0.27499999999999769,-0.2796630859375,0.98822021484375,5.862548828125
156,0.28333333333333144,-0.28857421875,0.96942138671875,5.983154296875
155,0.27499999999999769,0.3199462890625,1.34039306640625,5.8623046875
155,0.28333333333333144,0.32562255859375,1.330078125,5.98297119140625
154,0.27499999999999769,0.1446533203125,0.8021240234375,5.87005615234375
154,0.28333333333333144,0.14605712890625,0.77880859375,5.99090576171875
153,0.27499999999999769,0.002197265625,1.16705322265625,5.87420654296875
153,0.28333333333333144,0.0001220703125,1.152587890625,5.9951171875
151,0.674999999999998,-0.65972900390625,0.3553466796875,11.62005615234375
151,0.68333333333333179,-0.6680908203125,0.3155517578125,11.74029541015625
148,0.674999999999998,0.295166015625,0.3492431640625,11.64453125
148,0.68333333333333179,0.2974853515625,0.309326171875,11.76507568359375
160,0.29166666666666519,0.69451904296875,1.2530517578125,6.077392578125
160,0.29999999999999805,0.70855712890625,1.23992919921875,6.19744873046875
159,0.29166666666666519,-0.13812255859375,0.51568603515625,6.0899658203125
159,0.29999999999999805,-0.143310546875,0.4854736328125,6.2103271484375
158,0.29166666666666519,-0.02838134765625,1.54034423828125,6.09027099609375
158,0.29999999999999805,-0.031005859375,1.5338134765625,6.21063232421875
157,0.29166666666666519,0.52752685546875,0.78070068359375,6.0947265625
157,0.29999999999999805,0.53765869140625,0.756591796875,6.2152099609375
156,0.29166666666666519,-0.2974853515625,0.95001220703125,6.10382080078125
156,0.29999999999999805,-0.30633544921875,0.92987060546875,6.2244873046875
155,0.29166666666666519,0.33123779296875,1.3192138671875,6.10357666015625
155,0.29999999999999805,0.33685302734375,1.3076171875,6.2242431640625
154,0.29166666666666519,0.1474609375,0.7548828125,6.11175537109375
154,0.29999999999999805,0.1488037109375,0.730224609375,6.23260498046875
153,0.29166666666666519,-0.001953125,1.13751220703125,6.1160888671875
153,0.29999999999999805,-0.00396728515625,1.1217041015625,6.237060546875
151,0.69166666666666554,-0.67645263671875,0.2750244140625,11.860595703125
151,0.6999999999999984,-0.684814453125,0.23382568359375,11.9808349609375
148,0.69166666666666554,0.29986572265625,0.26873779296875,11.8856201171875
148,0.6999999999999984,0.30218505859375,0.22747802734375,12.00616455078125
160,0.30833333333333179,0.72259521484375,1.22607421875,6.3175048828125
160,0.31666666666666465,0.73663330078125,1.21160888671875,6.43756103515625
159,0.30833333333333179,-0.1485595703125,0.45458984375,6.3306884765625
159,0.31666666666666465,-0.15374755859375,0.423095703125,6.4510498046875
158,0.30833333333333179,-0.03369140625,1.52667236328125,6.3309326171875
158,0.31666666666666465,-0.036376953125,1.51885986328125,6.4512939453125
157,0.30833333333333179,0.5478515625,0.73187255859375,6.33563232421875
157,0.31666666666666465,0.55804443359375,0.70648193359375,6.45611572265625
156,0.30833333333333179,-0.31524658203125,0.9090576171875,6.34515380859375
156,0.31666666666666465,-0.32415771484375,0.8875732421875,6.4658203125
155,0.30833333333333179,0.342529296875,1.29534912109375,6.34490966796875
155,0.31666666666666465,0.34814453125,1.28240966796875,6.465576171875
154,0.30833333333333179,0.15020751953125,0.70489501953125,6.35345458984375
154,0.31666666666666465,0.151611328125,0.6788330078125,6.47430419921875
153,0.30833333333333179,-0.00604248046875,1.10516357421875,6.35797119140625
153,0.31666666666666465,-0.00811767578125,1.0880126953125,6.47894287109375
151,0.70833333333333215,-0.6932373046875,0.19195556640625,12.10113525390625
151,0.716666666666665,-0.70159912109375,0.1494140625,12.221435546875
148,0.70833333333333215,0.30450439453125,0.185546875,12.126708984375
148,0.716666666666665,0.30682373046875,0.1429443359375,12.24725341796875
160,0.3249999999999984,0.75067138671875,1.19647216796875,6.5576171875
160,0.33333333333333126,0.76470947265625,1.18060302734375,6.67767333984375
159,0.3249999999999984,-0.15899658203125,0.390869140625,6.57135009765625
159,0.33333333333333126,-0.1641845703125,0.35797119140625,6.69171142578125
158,0.3249999999999984,-0.0390625,1.51031494140625,6.5716552734375
158,0.33333333333333126,-0.041748046875,1.50115966796875,6.6920166015625
157,0.3249999999999984,0.5682373046875,0.680419921875,6.5765380859375
157,0.33333333333333126,0.578369140625,0.65362548828125,6.697021484375
156,0.3249999999999984,-0.33306884765625,0.8653564453125,6.58648681640625
156,0.33333333333333126,-0.34197998046875,0.842529296875,6.7071533203125
155,0.3249999999999984,0.35382080078125,1.26873779296875,6.58624267578125
155,0.33333333333333126,0.35943603515625,1.25445556640625,6.7069091796875
154,0.3249999999999984,0.15301513671875,0.65216064453125,6.59515380859375
154,0.33333333333333126,0.15435791015625,0.62481689453125,6.71600341796875
153,0.3249999999999984,-0.01019287109375,1.0701904296875,6.599853515625
153,0.33333333333333126,-0.01226806640625,1.05169677734375,6.7208251953125
151,0.72499999999999876,-0.7099609375,0.106201171875,12.3416748046875
151,0.73333333333333162,-0.71832275390625,0.062255859375,12.46197509765625
148,0.72499999999999876,0.30914306640625,0.09967041015625,12.36785888671875
148,0.73333333333333162,0.31146240234375,0.0556640625,12.4884033203125
160,0.341666666666665,0.77874755859375,1.16412353515625,6.7977294921875
160,0.34999999999999787,0.79278564453125,1.14691162109375,6.91778564453125
159,0.341666666666665,-0.16943359375,0.32440185546875,6.81207275390625
159,0.34999999999999787,-0.17462158203125,0.2901611328125,6.932373046875
158,0.341666666666665,-0.04443359375,1.49127197265625,6.8123779296875
158,0.34999999999999787,-0.047119140625,1.480712890625,6.93267822265625
157,0.341666666666665,0.58856201171875,0.626220703125,6.81744384765625
157,0.34999999999999787,0.5987548828125,0.59808349609375,6.93792724609375
156,0.341666666666665,-0.35089111328125,0.81903076171875,6.82781982421875
156,0.34999999999999787,-0.3597412109375,0.7947998046875,6.948486328125
155,0.341666666666665,0.36505126953125,1.239501953125,6.82757568359375
155,0.34999999999999787,0.3707275390625,1.22381591796875,6.9482421875
154,0.341666666666665,0.15576171875,0.5968017578125,6.83685302734375
154,0.34999999999999787,0.15716552734375,0.56805419921875,6.95770263671875
153,0.341666666666665,-0.01434326171875,1.03253173828125,6.841796875
153,0.34999999999999787,-0.01641845703125,1.01263427734375,6.96270751953125
151,0.74029908727005578,-0.725341796875,0,12.56256103515625
148,0.73905054645362722,0.31304931640625,0,12.57110595703125
160,0.35833333333333162,0.80682373046875,1.1290283203125,7.037841796875
160,0.36666666666666448,0.82086181640625,1.1104736328125,7.15789794921875
159,0.35833333333333162,-0.17987060546875,0.25518798828125,7.052734375
159,0.36666666666666448,-0.18505859375,0.2196044921875,7.173095703125
158,0.35833333333333162,-0.0498046875,1.46942138671875,7.05303955078125
158,0.36666666666666448,-0.052490234375,1.45758056640625,7.17340087890625
157,0.35833333333333162,0.60894775390625,0.56927490234375,7.058349609375
157,0.36666666666666448,0.61907958984375,0.539794921875,7.1788330078125
156,0.35833333333333162,-0.36865234375,0.7698974609375,7.06915283203125
156,0.36666666666666448,-0.3775634765625,0.744384765625,7.1898193359375
155,0.35833333333333162,0.3763427734375,1.2073974609375,7.06884765625
155,0.36666666666666448,0.3819580078125,1.1904296875,7.18951416015625
154,0.35833333333333162,0.1585693359375,0.53863525390625,7.07855224609375
154,0.36666666666666448,0.159912109375,0.50860595703125,7.19940185546875
153,0.35833333333333162,-0.01849365234375,0.9920654296875,7.08367919921875
153,0.36666666666666448,-0.0205078125,0.97088623046875,7.20458984375
160,0.37499999999999822,0.83489990234375,1.09124755859375,7.2779541015625
160,0.38333333333333108,0.84893798828125,1.07135009765625,7.39801025390625
159,0.37499999999999822,-0.1903076171875,0.183349609375,7.29339599609375
159,0.38333333333333108,-0.19549560546875,0.1463623046875,7.41375732421875
158,0.37499999999999822,-0.05511474609375,1.4449462890625,7.29376220703125
158,0.38333333333333108,-0.05780029296875,1.43170166015625,7.41412353515625
157,0.37499999999999822,0.6292724609375,0.5096435546875,7.29931640625
157,0.38333333333333108,0.63946533203125,0.47882080078125,7.41973876953125
156,0.37499999999999822,-0.386474609375,0.7181396484375,7.31048583984375
156,0.38333333333333108,-0.3953857421875,0.69122314453125,7.43115234375
155,0.37499999999999822,0.38763427734375,1.1727294921875,7.3101806640625
155,0.38333333333333108,0.39324951171875,1.15435791015625,7.43084716796875
154,0.37499999999999822,0.16131591796875,0.47784423828125,7.32025146484375
154,0.38333333333333108,0.1627197265625,0.4464111328125,7.44110107421875
153,0.37499999999999822,-0.0225830078125,0.948974609375,7.3255615234375
153,0.38333333333333108,-0.024658203125,0.9263916015625,7.446533203125
160,0.39166666666666483,0.86297607421875,1.0506591796875,7.51806640625
160,0.39999999999999769,0.87701416015625,1.0294189453125,7.6380615234375
159,0.39166666666666483,-0.20068359375,0.108642578125,7.53411865234375
159,0.39999999999999769,-0.2059326171875,0.07037353515625,7.65447998046875
158,0.39166666666666483,-0.06048583984375,1.41766357421875,7.534423828125
158,0.39999999999999769,-0.06317138671875,1.403076171875,7.65478515625
157,0.39166666666666483,0.64959716796875,0.44720458984375,7.54022216796875
157,0.39999999999999769,0.6597900390625,0.4150390625,7.66064453125
156,0.39166666666666483,-0.404296875,0.66351318359375,7.55181884765625
156,0.39999999999999769,-0.4132080078125,0.63525390625,7.6724853515625
155,0.39166666666666483,0.39886474609375,1.13519287109375,7.551513671875
155,0.39999999999999769,0.404541015625,1.115478515625,7.67218017578125
154,0.39166666666666483,0.1640625,0.41424560546875,7.56195068359375
154,0.39999999999999769,0.16546630859375,0.3814697265625,7.68280029296875
153,0.39166666666666483,-0.0267333984375,0.903076171875,7.56744384765625
153,0.39999999999999769,-0.02880859375,0.87908935546875,7.68841552734375
160,0.40833333333333055,0.89105224609375,1.0074462890625,7.75811767578125
160,0.41666666666666341,0.90509033203125,0.98480224609375,7.878173828125
159,0.40833333333333055,-0.21112060546875,0.03131103515625,7.7747802734375
159,0.40965641003613207,-0.21197509765625,0,7.79388427734375
158,0.40833333333333055,-0.06585693359375,1.3876953125,7.775146484375
158,0.41666666666666341,-0.06854248046875,1.37176513671875,7.8955078125
157,0.40833333333333055,0.66998291015625,0.38214111328125,7.7811279296875
157,0.41666666666666341,0.68017578125,0.3486328125,7.90155029296875
156,0.40833333333333055,-0.42205810546875,0.60626220703125,7.79315185546875
156,0.41666666666666341,-0.43096923828125,0.57666015625,7.913818359375
155,0.40833333333333055,0.41015625,1.09503173828125,7.7928466796875
155,0.41666666666666341,0.41583251953125,1.073974609375,7.9134521484375
154,0.40833333333333055,0.1668701171875,0.34796142578125,7.8035888671875
154,0.41666666666666341,0.16827392578125,0.3138427734375,7.9244384765625
153,0.40833333333333055,-0.0308837890625,0.85443115234375,7.809326171875
153,0.41666666666666341,-0.032958984375,0.82916259765625,7.9302978515625
160,0.42499999999999627,0.91912841796875,0.96148681640625,7.99822998046875
160,0.43333333333332913,0.93316650390625,0.9375,8.1182861328125
158,0.42499999999999627,-0.07122802734375,1.3551025390625,8.015869140625
158,0.43333333333332913,-0.07391357421875,1.33770751953125,8.13616943359375
157,0.42499999999999627,0.6903076171875,0.3143310546875,8.02203369140625
157,0.43333333333332913,0.70050048828125,0.2794189453125,8.1424560546875
156,0.42499999999999627,-0.43988037109375,0.54632568359375,8.03448486328125
156,0.43333333333332913,-0.44879150390625,0.51531982421875,8.1551513671875
155,0.42499999999999627,0.42144775390625,1.05218505859375,8.03411865234375
155,0.43333333333332913,0.42706298828125,1.0296630859375,8.15478515625
154,0.42499999999999627,0.16961669921875,0.27899169921875,8.0452880859375
154,0.43333333333332913,0.1710205078125,0.24346923828125,8.1661376953125
153,0.42499999999999627,-0.0350341796875,0.80316162109375,8.05126953125
153,0.43333333333332913,-0.03704833984375,0.7764892578125,8.17218017578125
160,0.441666666666662,0.94720458984375,0.9127197265625,8.23834228515625
160,0.44999999999999485,0.96124267578125,0.88739013671875,8.3583984375
158,0.441666666666662,-0.0765380859375,1.31964111328125,8.25653076171875
158,0.44999999999999485,-0.0792236328125,1.3009033203125,8.37689208984375
157,0.441666666666662,0.710693359375,0.2437744140625,8.262939453125
157,0.44999999999999485,0.72088623046875,0.20745849609375,8.38336181640625
156,0.441666666666662,-0.45770263671875,0.48358154296875,8.27581787109375
156,0.44999999999999485,-0.46661376953125,0.45123291015625,8.396484375
155,0.441666666666662,0.4327392578125,1.0064697265625,8.27545166015625
155,0.44999999999999485,0.4383544921875,0.982666015625,8.3961181640625
154,0.441666666666662,0.17242431640625,0.20721435546875,8.2869873046875
154,0.44999999999999485,0.173828125,0.1702880859375,8.4078369140625
153,0.441666666666662,-0.03912353515625,0.74908447265625,8.29315185546875
153,0.44999999999999485,-0.04119873046875,0.7210693359375,8.4140625
160,0.45833333333332771,0.97528076171875,0.86138916015625,8.47845458984375
160,0.46666666666666057,0.98931884765625,0.83465576171875,8.5985107421875
158,0.45833333333332771,-0.0819091796875,1.28155517578125,8.49725341796875
158,0.46666666666666057,-0.0845947265625,1.26141357421875,8.61761474609375
157,0.45833333333332771,0.73101806640625,0.1705322265625,8.50384521484375
157,0.46666666666666057,0.7412109375,0.13287353515625,8.624267578125
156,0.45833333333332771,-0.4754638671875,0.41815185546875,8.51715087890625
156,0.46666666666666057,-0.484375,0.3843994140625,8.6378173828125
155,0.45833333333332771,0.4439697265625,0.95819091796875,8.51678466796875
155,0.46666666666666057,0.44964599609375,0.93292236328125,8.637451171875
154,0.45833333333332771,0.1751708984375,0.13275146484375,8.5286865234375
154,0.46666666666666057,0.17657470703125,0.094482421875,8.6495361328125
153,0.45833333333332771,-0.04327392578125,0.6923828125,8.5350341796875
153,0.46666666666666057,-0.04534912109375,0.6629638671875,8.656005859375
160,0.47499999999999343,1.00335693359375,0.80718994140625,8.71856689453125
160,0.48333333333332629,1.01739501953125,0.77911376953125,8.838623046875
158,0.47499999999999343,-0.0872802734375,1.24066162109375,8.7379150390625
158,0.48333333333332629,-0.0899658203125,1.21917724609375,8.8582763671875
157,0.47499999999999343,0.75140380859375,0.09454345703125,8.7447509765625
157,0.48333333333332629,0.76153564453125,0.05548095703125,8.86517333984375
156,0.47499999999999343,-0.4932861328125,0.3499755859375,8.7584228515625
156,0.48333333333332629,-0.502197265625,0.31488037109375,8.87908935546875
155,0.47499999999999343,0.45526123046875,0.90704345703125,8.75811767578125
155,0.48333333333332629,0.46087646484375,0.8804931640625,8.87872314453125
154,0.47499999999999343,0.177978515625,0.0555419921875,8.7703857421875
154,0.48142270134772025,0.17901611328125,0,8.863525390625
153,0.47499999999999343,-0.04742431640625,0.63287353515625,8.77691650390625
153,0.48333333333332629,-0.04949951171875,0.60211181640625,8.89788818359375
160,0.49166666666665915,1.03143310546875,0.7503662109375,8.95867919921875
160,0.499999999999992,1.04547119140625,0.72088623046875,9.0787353515625
158,0.49166666666665915,-0.0926513671875,1.19708251953125,8.9786376953125
158,0.499999999999992,-0.0953369140625,1.17425537109375,9.0989990234375
157,0.48973333401248259,0.76934814453125,0,8.95770263671875
156,0.49166666666665915,-0.5111083984375,0.27911376953125,8.999755859375
156,0.499999999999992,-0.52001953125,0.24267578125,9.12042236328125
155,0.49166666666665915,0.466552734375,0.853271484375,8.9993896484375
155,0.499999999999992,0.47216796875,0.8253173828125,9.12005615234375
153,0.49166666666665915,-0.051513671875,0.57061767578125,9.018798828125
153,0.499999999999992,-0.0535888671875,0.53851318359375,9.1397705078125
160,0.50833333333332487,1.05950927734375,0.6907958984375,9.19879150390625
160,0.51666666666665773,1.07354736328125,0.65997314453125,9.31884765625
158,0.50833333333332487,-0.0980224609375,1.15081787109375,9.2193603515625
158,0.51666666666665773,-0.10064697265625,1.1265869140625,9.33966064453125
156,0.50833333333332487,-0.5289306640625,0.20556640625,9.2410888671875
156,0.51666666666665773,-0.53778076171875,0.167724609375,9.36175537109375
155,0.50833333333332487,0.47784423828125,0.7967529296875,9.24072265625
155,0.51666666666665773,0.48345947265625,0.7674560546875,9.36138916015625
153,0.50833333333332487,-0.0556640625,0.5057373046875,9.26068115234375
153,0.51666666666665773,-0.0577392578125,0.47222900390625,9.38165283203125
160,0.52499999999999059,1.08758544921875,0.62841796875,9.43890380859375
160,0.53333333333332344,1.10162353515625,0.59625244140625,9.5589599609375
158,0.52499999999999059,-0.10333251953125,1.10174560546875,9.46002197265625
158,0.53333333333332344,-0.10601806640625,1.07623291015625,9.58038330078125
156,0.52499999999999059,-0.54669189453125,0.129150390625,9.482421875
156,0.53333333333332344,-0.55560302734375,0.0899658203125,9.60308837890625
155,0.52499999999999059,0.48907470703125,0.73748779296875,9.4820556640625
155,0.53333333333332344,0.4947509765625,0.706787109375,9.60272216796875
153,0.52499999999999059,-0.059814453125,0.43804931640625,9.50262451171875
153,0.53333333333332344,-0.0618896484375,0.4031982421875,9.62353515625
160,0.5416666666666563,1.11566162109375,0.56341552734375,9.678955078125
160,0.54999999999998916,1.12969970703125,0.52984619140625,9.79901123046875
158,0.5416666666666563,-0.10870361328125,1.04998779296875,9.70074462890625
158,0.54999999999998916,-0.11138916015625,1.02313232421875,9.82110595703125
156,0.5416666666666563,-0.56451416015625,0.05010986328125,9.7237548828125
156,0.54682730867766716,-0.57000732421875,0,9.7984619140625
155,0.5416666666666563,0.5003662109375,0.67547607421875,9.72332763671875
155,0.54999999999998916,0.5059814453125,0.64349365234375,9.843994140625
153,0.5416666666666563,-0.06396484375,0.36767578125,9.7445068359375
153,0.54999999999998916,-0.0660400390625,0.33148193359375,9.86541748046875
160,0.558333333333322,1.14373779296875,0.49566650390625,9.9190673828125
160,0.56666666666665488,1.15777587890625,0.4608154296875,10.03912353515625
158,0.558333333333322,-0.11407470703125,0.99554443359375,9.94146728515625
158,0.56666666666665488,-0.11676025390625,0.96734619140625,10.061767578125
155,0.558333333333322,0.51165771484375,0.61083984375,9.96466064453125
155,0.56666666666665488,0.51727294921875,0.5775146484375,10.0853271484375
153,0.558333333333322,-0.06805419921875,0.29461669921875,9.98638916015625
153,0.56666666666665488,-0.07012939453125,0.257080078125,10.10736083984375
160,0.57499999999998774,1.17181396484375,0.42523193359375,10.1591796875
160,0.5833333333333206,1.18585205078125,0.388916015625,10.27923583984375
158,0.57499999999998774,-0.11944580078125,0.9383544921875,10.18212890625
158,0.5833333333333206,-0.12213134765625,0.90875244140625,10.302490234375
155,0.57499999999998774,0.52288818359375,0.54339599609375,10.20599365234375
155,0.5833333333333206,0.528564453125,0.5086669921875,10.32666015625
153,0.57499999999998774,-0.07220458984375,0.21881103515625,10.228271484375
153,0.5833333333333206,-0.07427978515625,0.1798095703125,10.3492431640625
160,0.59166666666665346,1.19989013671875,0.35198974609375,10.3992919921875
160,0.59999999999998632,1.21392822265625,0.31439208984375,10.51934814453125
158,0.59166666666665346,-0.124755859375,0.87841796875,10.4228515625
158,0.59999999999998632,-0.12744140625,0.84747314453125,10.543212890625
155,0.59166666666665346,0.5341796875,0.4732666015625,10.44732666015625
155,0.59999999999998632,0.53985595703125,0.43719482421875,10.5679931640625
153,0.59166666666665346,-0.07635498046875,0.14019775390625,10.47015380859375
153,0.59999999999998632,-0.07843017578125,0.09991455078125,10.59112548828125
160,0.60833333333331918,1.22796630859375,0.27606201171875,10.639404296875
160,0.616666666666652,1.24200439453125,0.23712158203125,10.75946044921875
158,0.60833333333331918,-0.130126953125,0.8157958984375,10.66351318359375
158,0.616666666666652,-0.1328125,0.78350830078125,10.78387451171875
155,0.60833333333331918,0.54547119140625,0.400390625,10.6885986328125
155,0.616666666666652,0.55108642578125,0.36297607421875,10.80926513671875
153,0.60833333333331918,-0.08050537109375,0.0589599609375,10.71209716796875
153,0.61512952169284829,-0.08221435546875,0,10.81072998046875
160,0.6249999999999849,1.25604248046875,0.19744873046875,10.8795166015625
160,0.63333333333331776,1.27008056640625,0.1571044921875,10.99957275390625
158,0.6249999999999849,-0.135498046875,0.75048828125,10.90423583984375
158,0.63333333333331776,-0.13818359375,0.716796875,11.02459716796875
155,0.6249999999999849,0.5567626953125,0.3248291015625,10.929931640625
155,0.63333333333331776,0.5623779296875,0.28607177734375,11.05059814453125
160,0.64166666666665062,1.28411865234375,0.1160888671875,11.11962890625
160,0.64999999999998348,1.29815673828125,0.07440185546875,11.23968505859375
158,0.64166666666665062,-0.140869140625,0.68243408203125,11.14495849609375
158,0.64999999999998348,-0.1435546875,0.6473388671875,11.2652587890625
155,0.64166666666665062,0.5679931640625,0.24652099609375,11.1712646484375
155,0.64999999999998348,0.57366943359375,0.20635986328125,11.29193115234375
160,0.65833333333331634,1.31219482421875,0.031982421875,11.3597412109375
160,0.6596832148649534,1.314453125,0,11.37921142578125
158,0.65833333333331634,-0.14617919921875,0.61163330078125,11.3856201171875
158,0.6666666666666492,-0.14886474609375,0.5751953125,11.5059814453125
155,0.65833333333331634,0.57928466796875,0.16552734375,11.41259765625
155,0.6666666666666492,0.58489990234375,0.1240234375,11.533203125
158,0.67499999999998206,-0.15155029296875,0.5380859375,11.6263427734375
158,0.68333333333331492,-0.15423583984375,0.50030517578125,11.7467041015625
155,0.67499999999998206,0.590576171875,0.081787109375,11.65386962890625
155,0.68333333333331492,0.59619140625,0.03887939453125,11.7745361328125
158,0.69166666666664778,-0.15692138671875,0.46185302734375,11.86700439453125
158,0.69999999999998064,-0.15960693359375,0.42266845703125,11.98736572265625
155,0.68598506042331964,0.5980224609375,0,11.81292724609375
158,0.7083333333333135,-0.16229248046875,0.38287353515625,12.10772705078125
158,0.71666666666664636,-0.16497802734375,0.34234619140625,12.22808837890625
158,0.72499999999997922,-0.16766357421875,0.30120849609375,12.34844970703125
158,0.73333333333331208,-0.1702880859375,0.25933837890625,12.46875
158,0.74166666666664494,-0.1729736328125,0.216796875,12.589111328125
158,0.7499999999999778,-0.1756591796875,0.173583984375,12.70947265625
158,0.75833333333331066,-0.1783447265625,0.129638671875,12.829833984375
158,0.76666666666664351,-0.1810302734375,0.0850830078125,12.9501953125
158,0.77499999999997637,-0.1837158203125,0.039794921875,13.07049560546875
158,0.77768038941927542,-0.1845703125,0,13.10919189453125
