surface,x,y,z,normalX,normalY,normalZ,radiusM,hardness,strength
1,0.08746337890625,0,0.28607177734375,0,1,0,0.18000000715255737,0.550000011920929,1
1,0.08856201171875,0,1.64495849609375,0,1,0,0.18000000715255737,0.550000011920929,1
1,0.03753662109375,0,1.6453857421875,0,1,0,0.18000000715255737,0.550000011920929,1
1,0.168701171875,0,1.64556884765625,0,1,0,0.18000000715255737,0.550000011920929,1
1,0.0347900390625,0,1.647216796875,0,1,0,0.18000000715255737,0.550000011920929,1
1,0.10498046875,0,1.6470947265625,0,1,0,0.18000000715255737,0.550000011920929,1
1,0.11834716796875,0,1.64813232421875,0,1,0,0.18000000715255737,0.550000011920929,1
1,0.05322265625,0,1.6490478515625,0,1,0,0.18000000715255737,0.550000011920929,1
1,0.1131591796875,0,1.6494140625,0,1,0,0.18000000715255737,0.550000011920929,1
1,0.08966064453125,0,2.40362548828125,0,1,0,0.18000000715255737,0.550000011920929,1
1,-0.0123291015625,0,2.40447998046875,0,1,0,0.18000000715255737,0.550000011920929,1
1,0.24993896484375,0,2.4049072265625,0,1,0,0.18000000715255737,0.550000011920929,1
1,-0.017822265625,0,2.40814208984375,0,1,0,0.18000000715255737,0.550000011920929,1
1,0.12255859375,0,2.407958984375,0,1,0,0.18000000715255737,0.550000011920929,1
1,0.14923095703125,0,2.4100341796875,0,1,0,0.18000000715255737,0.550000011920929,1
1,0.01898193359375,0,2.41180419921875,0,1,0,0.18000000715255737,0.550000011920929,1
1,0.13885498046875,0,2.41253662109375,0,1,0,0.18000000715255737,0.550000011920929,1
1,0.0906982421875,0,3.12353515625,0,1,0,0.18000000715255737,0.550000011920929,1
1,-0.0596923828125,0,3.124755859375,0,1,0,0.18000000715255737,0.550000011920929,1
1,0.3270263671875,0,3.12542724609375,0,1,0,0.18000000715255737,0.550000011920929,1
1,-0.06781005859375,0,3.13018798828125,0,1,0,0.18000000715255737,0.550000011920929,1
1,0.13916015625,0,3.1298828125,0,1,0,0.18000000715255737,0.550000011920929,1
1,0.17852783203125,0,3.13299560546875,0,1,0,0.18000000715255737,0.550000011920929,1
1,-0.01348876953125,0,3.13555908203125,0,1,0,0.18000000715255737,0.550000011920929,1
1,0.1632080078125,0,3.13665771484375,0,1,0,0.18000000715255737,0.550000011920929,1
1,0.091796875,0,3.89874267578125,0,1,0,0.18000000715255737,0.550000011920929,1
1,-0.11065673828125,0,3.900390625,0,1,0,0.18000000715255737,0.550000011920929,1
1,0.4100341796875,0,3.9012451171875,0,1,0,0.18000000715255737,0.550000011920929,1
1,-0.12158203125,0,3.90771484375,0,1,0,0.18000000715255737,0.550000011920929,1
1,0.1571044921875,0,3.9073486328125,0,1,0,0.18000000715255737,0.550000011920929,1
1,0.2100830078125,0,3.91143798828125,0,1,0,0.18000000715255737,0.550000011920929,1
1,-0.0484619140625,0,3.91497802734375,0,1,0,0.18000000715255737,0.550000011920929,1
1,0.189453125,0,3.91644287109375,0,1,0,0.18000000715255737,0.550000011920929,1
1,0.0928955078125,0,4.68084716796875,0,1,0,0.18000000715255737,0.550000011920929,1
1,-0.162109375,0,4.68292236328125,0,1,0,0.18000000715255737,0.550000011920929,1
1,0.4937744140625,0,4.68402099609375,0,1,0,0.18000000715255737,0.550000011920929,1
1,-0.1759033203125,0,4.692138671875,0,1,0,0.18000000715255737,0.550000011920929,1
1,0.1751708984375,0,4.691650390625,0,1,0,0.18000000715255737,0.550000011920929,1
1,0.241943359375,0,4.6968994140625,0,1,0,0.18000000715255737,0.550000011920929,1
1,-0.083740234375,0,4.7012939453125,0,1,0,0.18000000715255737,0.550000011920929,1
1,0.2159423828125,0,4.703125,0,1,0,0.18000000715255737,0.550000011920929,1
1,0.09393310546875,0,5.3829345703125,0,1,0,0.18000000715255737,0.550000011920929,1
1,-0.20831298828125,0,5.38543701171875,0,1,0,0.18000000715255737,0.550000011920929,1
1,0.56890869140625,0,5.38671875,0,1,0,0.18000000715255737,0.550000011920929,1
1,-0.224609375,0,5.39630126953125,0,1,0,0.18000000715255737,0.550000011920929,1
1,0.19140625,0,5.395751953125,0,1,0,0.18000000715255737,0.550000011920929,1
1,0.2705078125,0,5.40191650390625,0,1,0,0.18000000715255737,0.550000011920929,1
1,-0.11541748046875,0,5.4071044921875,0,1,0,0.18000000715255737,0.550000011920929,1
1,0.23974609375,0,5.40936279296875,0,1,0,0.18000000715255737,0.550000011920929,1
1,0.09490966796875,0,6.08416748046875,0,1,0,0.18000000715255737,0.550000011920929,1
1,-0.25439453125,0,6.0870361328125,0,1,0,0.18000000715255737,0.550000011920929,1
1,0.64398193359375,0,6.0885009765625,0,1,0,0.18000000715255737,0.550000011920929,1
1,-0.27325439453125,0,6.099609375,0,1,0,0.18000000715255737,0.550000011920929,1
1,0.2076416015625,0,6.09893798828125,0,1,0,0.18000000715255737,0.550000011920929,1
1,0.299072265625,0,6.1060791015625,0,1,0,0.18000000715255737,0.550000011920929,1
1,-0.1470947265625,0,6.11212158203125,0,1,0,0.18000000715255737,0.550000011920929,1
1,0.26348876953125,0,6.11468505859375,0,1,0,0.18000000715255737,0.550000011920929,1
1,0.095947265625,0,6.785400390625,0,1,0,0.18000000715255737,0.550000011920929,1
1,-0.300537109375,0,6.78863525390625,0,1,0,0.18000000715255737,0.550000011920929,1
1,0.71905517578125,0,6.790283203125,0,1,0,0.18000000715255737,0.550000011920929,1
1,-0.3218994140625,0,6.8028564453125,0,1,0,0.18000000715255737,0.550000011920929,1
1,0.22381591796875,0,6.80218505859375,0,1,0,0.18000000715255737,0.550000011920929,1
1,0.32763671875,0,6.81024169921875,0,1,0,0.18000000715255737,0.550000011920929,1
1,-0.1787109375,0,6.817138671875,0,1,0,0.18000000715255737,0.550000011920929,1
1,0.2872314453125,0,6.82000732421875,0,1,0,0.18000000715255737,0.550000011920929,1
1,0.0968017578125,0,7.38665771484375,0,1,0,0.24122367799282074,0.550000011920929,1
1,-0.3466796875,0,7.490234375,0,1,0,0.18000000715255737,0.550000011920929,1
1,0.79412841796875,0,7.49212646484375,0,1,0,0.18000000715255737,0.550000011920929,1
1,-0.37054443359375,0,7.50616455078125,0,1,0,0.18000000715255737,0.550000011920929,1
1,0.24005126953125,0,7.50537109375,0,1,0,0.18000000715255737,0.550000011920929,1
1,0.356201171875,0,7.51446533203125,0,1,0,0.18000000715255737,0.550000011920929,1
1,-0.2103271484375,0,7.5220947265625,0,1,0,0.18000000715255737,0.550000011920929,1
1,0.31097412109375,0,7.52532958984375,0,1,0,0.18000000715255737,0.550000011920929,1
1,0.08746337890625,0,0.28607177734375,0,1,0,0.18000000715255737,0.550000011920929,1
1,0.10693359375,0,1.70556640625,0,1,0,0.18000000715255737,0.550000011920929,1
1,0.02166748046875,0,1.70623779296875,0,1,0,0.18000000715255737,0.550000011920929,1
1,0.17572021484375,0,1.706298828125,0,1,0,0.18000000715255737,0.550000011920929,1
1,0.03985595703125,0,1.70806884765625,0,1,0,0.18000000715255737,0.550000011920929,1
1,0.09393310546875,0,1.70806884765625,0,1,0,0.18000000715255737,0.550000011920929,1
1,0.12945556640625,0,1.70904541015625,0,1,0,0.18000000715255737,0.550000011920929,1
1,0.048828125,0,1.7100830078125,0,1,0,0.18000000715255737,0.550000011920929,1
1,0.11279296875,0,1.71044921875,0,1,0,0.18000000715255737,0.550000011920929,1
1,-0.39276123046875,0,8.19183349609375,0,1,0,0.18000000715255737,0.550000011920929,1
1,0.86920166015625,0,8.19390869140625,0,1,0,0.18000000715255737,0.550000011920929,1
1,-0.41925048828125,0,8.20947265625,0,1,0,0.18000000715255737,0.550000011920929,1
1,0.25628662109375,0,8.2086181640625,0,1,0,0.18000000715255737,0.550000011920929,1
1,0.38470458984375,0,8.2186279296875,0,1,0,0.18000000715255737,0.550000011920929,1
1,-0.24200439453125,0,8.22711181640625,0,1,0,0.18000000715255737,0.550000011920929,1
1,0.334716796875,0,8.23065185546875,0,1,0,0.18000000715255737,0.550000011920929,1
1,0.1248779296875,0,2.4635009765625,0,1,0,0.18000000715255737,0.550000011920929,1
1,-0.0391845703125,0,2.46478271484375,0,1,0,0.18000000715255737,0.550000011920929,1
1,0.25732421875,0,2.46490478515625,0,1,0,0.18000000715255737,0.550000011920929,1
1,-0.004150390625,0,2.46832275390625,0,1,0,0.18000000715255737,0.550000011920929,1
1,0.0999755859375,0,2.46832275390625,0,1,0,0.18000000715255737,0.550000011920929,1
1,0.16827392578125,0,2.47021484375,0,1,0,0.18000000715255737,0.550000011920929,1
1,0.0130615234375,0,2.47222900390625,0,1,0,0.18000000715255737,0.550000011920929,1
1,0.13623046875,0,2.47296142578125,0,1,0,0.18000000715255737,0.550000011920929,1
1,0.40435791015625,0,8.70318603515625,0,1,0,0.27103531360626221,0.550000011920929,1
1,-0.43890380859375,0,8.8934326171875,0,1,0,0.18000000715255737,0.550000011920929,1
1,0.94427490234375,0,8.89569091796875,0,1,0,0.18000000715255737,0.550000011920929,1
1,-0.46282958984375,0,8.839599609375,0,1,0,0.27216771245002747,0.550000011920929,1
1,0.2724609375,0,8.91180419921875,0,1,0,0.18000000715255737,0.550000011920929,1
1,-0.27362060546875,0,8.93206787109375,0,1,0,0.18000000715255737,0.550000011920929,1
1,0.35845947265625,0,8.93597412109375,0,1,0,0.18000000715255737,0.550000011920929,1
1,0.141845703125,0,3.17791748046875,0,1,0,0.18000000715255737,0.550000011920929,1
1,-0.0965576171875,0,3.1798095703125,0,1,0,0.18000000715255737,0.550000011920929,1
1,0.334228515625,0,3.17999267578125,0,1,0,0.18000000715255737,0.550000011920929,1
1,-0.045654296875,0,3.18499755859375,0,1,0,0.18000000715255737,0.550000011920929,1
1,0.1055908203125,0,3.1849365234375,0,1,0,0.18000000715255737,0.550000011920929,1
1,0.20489501953125,0,3.18768310546875,0,1,0,0.18000000715255737,0.550000011920929,1
1,-0.02069091796875,0,3.190673828125,0,1,0,0.18000000715255737,0.550000011920929,1
1,0.15826416015625,0,3.191650390625,0,1,0,0.18000000715255737,0.550000011920929,1
1,-0.4849853515625,0,9.59503173828125,0,1,0,0.18000000715255737,0.550000011920929,1
1,1.01934814453125,0,9.5975341796875,0,1,0,0.18000000715255737,0.550000011920929,1
1,0.2886962890625,0,9.61505126953125,0,1,0,0.18000000715255737,0.550000011920929,1
1,-0.30523681640625,0,9.6370849609375,0,1,0,0.18000000715255737,0.550000011920929,1
1,0.3822021484375,0,9.641357421875,0,1,0,0.18000000715255737,0.550000011920929,1
1,0.16009521484375,0,3.94659423828125,0,1,0,0.18000000715255737,0.550000011920929,1
1,-0.1583251953125,0,3.9490966796875,0,1,0,0.18000000715255737,0.550000011920929,1
1,0.4169921875,0,3.94927978515625,0,1,0,0.18000000715255737,0.550000011920929,1
1,-0.09033203125,0,3.95599365234375,0,1,0,0.18000000715255737,0.550000011920929,1
1,0.1116943359375,0,3.9559326171875,0,1,0,0.18000000715255737,0.550000011920929,1
1,0.2442626953125,0,3.9595947265625,0,1,0,0.18000000715255737,0.550000011920929,1
1,-0.05694580078125,0,3.963623046875,0,1,0,0.18000000715255737,0.550000011920929,1
1,0.18206787109375,0,3.9649658203125,0,1,0,0.18000000715255737,0.550000011920929,1
1,1.046142578125,0,9.8480224609375,0,1,0,0.26998710632324219,0.550000011920929,1
1,-0.5311279296875,0,10.296630859375,0,1,0,0.18000000715255737,0.550000011920929,1
1,0.30487060546875,0,10.3182373046875,0,1,0,0.18000000715255737,0.550000011920929,1
1,-0.3369140625,0,10.342041015625,0,1,0,0.18000000715255737,0.550000011920929,1
1,0.40594482421875,0,10.3466796875,0,1,0,0.18000000715255737,0.550000011920929,1
1,0.178466796875,0,4.7210693359375,0,1,0,0.18000000715255737,0.550000011920929,1
1,-0.22052001953125,0,4.7242431640625,0,1,0,0.18000000715255737,0.550000011920929,1
1,0.5003662109375,0,4.7244873046875,0,1,0,0.18000000715255737,0.550000011920929,1
1,-0.13531494140625,0,4.73291015625,0,1,0,0.18000000715255737,0.550000011920929,1
1,0.11785888671875,0,4.73284912109375,0,1,0,0.18000000715255737,0.550000011920929,1
1,0.283935546875,0,4.7374267578125,0,1,0,0.18000000715255737,0.550000011920929,1
1,-0.09344482421875,0,4.742431640625,0,1,0,0.18000000715255737,0.550000011920929,1
1,0.20599365234375,0,4.74407958984375,0,1,0,0.18000000715255737,0.550000011920929,1
1,0.41455078125,0,10.60247802734375,0,1,0,0.26238083839416504,0.550000011920929,1
1,-0.3516845703125,0,10.67108154296875,0,1,0,0.28637471795082092,0.550000011920929,1
1,-0.5772705078125,0,10.99822998046875,0,1,0,0.18000000715255737,0.550000011920929,1
1,0.32110595703125,0,11.021484375,0,1,0,0.18000000715255737,0.550000011920929,1
1,0.19512939453125,0,5.42242431640625,0,1,0,0.18000000715255737,0.550000011920929,1
1,-0.27679443359375,0,5.4261474609375,0,1,0,0.18000000715255737,0.550000011920929,1
1,0.575927734375,0,5.42645263671875,0,1,0,0.18000000715255737,0.550000011920929,1
1,-0.176025390625,0,5.4364013671875,0,1,0,0.18000000715255737,0.550000011920929,1
1,0.1234130859375,0,5.436279296875,0,1,0,0.18000000715255737,0.550000011920929,1
1,0.31988525390625,0,5.44171142578125,0,1,0,0.18000000715255737,0.550000011920929,1
1,-0.1265869140625,0,5.4476318359375,0,1,0,0.18000000715255737,0.550000011920929,1
1,0.2276611328125,0,5.44964599609375,0,1,0,0.18000000715255737,0.550000011920929,1
1,-0.62335205078125,0,11.6998291015625,0,1,0,0.18000000715255737,0.550000011920929,1
1,0.33734130859375,0,11.72467041015625,0,1,0,0.18000000715255737,0.550000011920929,1
1,0.21173095703125,0,6.12353515625,0,1,0,0.18000000715255737,0.550000011920929,1
1,-0.3331298828125,0,6.12786865234375,0,1,0,0.18000000715255737,0.550000011920929,1
1,0.6513671875,0,6.128173828125,0,1,0,0.18000000715255737,0.550000011920929,1
1,-0.216796875,0,6.13970947265625,0,1,0,0.18000000715255737,0.550000011920929,1
1,0.12890625,0,6.13958740234375,0,1,0,0.18000000715255737,0.550000011920929,1
1,0.35577392578125,0,6.1458740234375,0,1,0,0.18000000715255737,0.550000011920929,1
1,-0.15966796875,0,6.15264892578125,0,1,0,0.18000000715255737,0.550000011920929,1
1,0.24932861328125,0,6.15496826171875,0,1,0,0.18000000715255737,0.550000011920929,1
1,-0.66949462890625,0,12.40142822265625,0,1,0,0.18000000715255737,0.550000011920929,1
1,0.353515625,0,12.4278564453125,0,1,0,0.18000000715255737,0.550000011920929,1
1,0.2283935546875,0,6.82464599609375,0,1,0,0.18000000715255737,0.550000011920929,1
1,-0.389404296875,0,6.82952880859375,0,1,0,0.18000000715255737,0.550000011920929,1
1,0.72686767578125,0,6.8299560546875,0,1,0,0.18000000715255737,0.550000011920929,1
1,-0.25750732421875,0,6.84295654296875,0,1,0,0.18000000715255737,0.550000011920929,1
1,0.13446044921875,0,6.84283447265625,0,1,0,0.18000000715255737,0.550000011920929,1
1,0.3917236328125,0,6.8499755859375,0,1,0,0.18000000715255737,0.550000011920929,1
1,-0.19268798828125,0,6.857666015625,0,1,0,0.18000000715255737,0.550000011920929,1
1,0.27099609375,0,6.86029052734375,0,1,0,0.18000000715255737,0.550000011920929,1
1,0.3563232421875,0,12.54833984375,0,1,0,0.31618037819862366,0.550000011920929,1
1,-0.68719482421875,0,12.67059326171875,0,1,0,0.26992246508598328,0.550000011920929,1
1,0.24224853515625,0,7.41070556640625,0,1,0,0.26857563853263855,0.550000011920929,1
1,-0.44573974609375,0,7.53125,0,1,0,0.18000000715255737,0.550000011920929,1
1,0.8023681640625,0,7.53167724609375,0,1,0,0.18000000715255737,0.550000011920929,1
1,-0.2982177734375,0,7.5462646484375,0,1,0,0.18000000715255737,0.550000011920929,1
1,0.1400146484375,0,7.546142578125,0,1,0,0.18000000715255737,0.550000011920929,1
1,0.42767333984375,0,7.5540771484375,0,1,0,0.18000000715255737,0.550000011920929,1
1,-0.22576904296875,0,7.562744140625,0,1,0,0.18000000715255737,0.550000011920929,1
1,0.29266357421875,0,7.56561279296875,0,1,0,0.18000000715255737,0.550000011920929,1
1,0.08746337890625,0,0.28607177734375,0,1,0,0.18000000715255737,0.550000011920929,1
1,0.1390380859375,0,1.6142578125,0,1,0,0.18000000715255737,0.550000011920929,1
1,0.01361083984375,0,1.61529541015625,0,1,0,0.18000000715255737,0.550000011920929,1
1,0.15728759765625,0,1.61505126953125,0,1,0,0.18000000715255737,0.550000011920929,1
1,0.06939697265625,0,1.61663818359375,0,1,0,0.18000000715255737,0.550000011920929,1
1,0.0684814453125,0,1.61688232421875,0,1,0,0.18000000715255737,0.550000011920929,1
1,0.13751220703125,0,1.617431640625,0,1,0,0.18000000715255737,0.550000011920929,1
1,0.05474853515625,0,1.61859130859375,0,1,0,0.18000000715255737,0.550000011920929,1
1,0.10284423828125,0,1.618896484375,0,1,0,0.18000000715255737,0.550000011920929,1
1,-0.50201416015625,0,8.23297119140625,0,1,0,0.18000000715255737,0.550000011920929,1
1,0.87786865234375,0,8.23345947265625,0,1,0,0.18000000715255737,0.550000011920929,1
1,-0.3389892578125,0,8.24957275390625,0,1,0,0.18000000715255737,0.550000011920929,1
1,0.14556884765625,0,8.2493896484375,0,1,0,0.18000000715255737,0.550000011920929,1
1,0.46356201171875,0,8.2581787109375,0,1,0,0.18000000715255737,0.550000011920929,1
1,-0.25885009765625,0,8.26776123046875,0,1,0,0.18000000715255737,0.550000011920929,1
1,0.3143310546875,0,8.27093505859375,0,1,0,0.18000000715255737,0.550000011920929,1
1,-0.35516357421875,0,8.52899169921875,0,1,0,0.256574422121048,0.550000011920929,1
1,0.19281005859375,0,2.3726806640625,0,1,0,0.18000000715255737,0.550000011920929,1
1,-0.06329345703125,0,2.3748779296875,0,1,0,0.18000000715255737,0.550000011920929,1
1,0.23004150390625,0,2.3743896484375,0,1,0,0.18000000715255737,0.550000011920929,1
1,0.05059814453125,0,2.37762451171875,0,1,0,0.18000000715255737,0.550000011920929,1
1,0.04876708984375,0,2.37811279296875,0,1,0,0.18000000715255737,0.550000011920929,1
1,0.18963623046875,0,2.3792724609375,0,1,0,0.18000000715255737,0.550000011920929,1
1,0.02069091796875,0,2.381591796875,0,1,0,0.18000000715255737,0.550000011920929,1
1,0.118896484375,0,2.3822021484375,0,1,0,0.18000000715255737,0.550000011920929,1
1,-0.558349609375,0,8.93463134765625,0,1,0,0.18000000715255737,0.550000011920929,1
1,0.953369140625,0,8.9351806640625,0,1,0,0.18000000715255737,0.550000011920929,1
1,0.151123046875,0,8.95263671875,0,1,0,0.18000000715255737,0.550000011920929,1
1,0.4954833984375,0,8.8829345703125,0,1,0,0.263396292924881,0.550000011920929,1
1,-0.29193115234375,0,8.9727783203125,0,1,0,0.18000000715255737,0.550000011920929,1
1,0.33599853515625,0,8.976318359375,0,1,0,0.18000000715255737,0.550000011920929,1
1,0.24395751953125,0,3.094970703125,0,1,0,0.18000000715255737,0.550000011920929,1
1,-0.13653564453125,0,3.09820556640625,0,1,0,0.18000000715255737,0.550000011920929,1
1,0.29925537109375,0,3.0975341796875,0,1,0,0.18000000715255737,0.550000011920929,1
1,0.03271484375,0,3.102294921875,0,1,0,0.18000000715255737,0.550000011920929,1
1,0.02996826171875,0,3.10302734375,0,1,0,0.18000000715255737,0.550000011920929,1
1,0.2392578125,0,3.104736328125,0,1,0,0.18000000715255737,0.550000011920929,1
1,-0.01171875,0,3.10821533203125,0,1,0,0.18000000715255737,0.550000011920929,1
1,0.1341552734375,0,3.10906982421875,0,1,0,0.18000000715255737,0.550000011920929,1
1,-0.6146240234375,0,9.6363525390625,0,1,0,0.18000000715255737,0.550000011920929,1
1,1.02886962890625,0,9.636962890625,0,1,0,0.18000000715255737,0.550000011920929,1
1,0.15667724609375,0,9.65594482421875,0,1,0,0.18000000715255737,0.550000011920929,1
1,-0.32501220703125,0,9.67779541015625,0,1,0,0.18000000715255737,0.550000011920929,1
1,0.357666015625,0,9.681640625,0,1,0,0.18000000715255737,0.550000011920929,1
1,0.299072265625,0,3.873046875,0,1,0,0.18000000715255737,0.550000011920929,1
1,-0.21539306640625,0,3.87738037109375,0,1,0,0.18000000715255737,0.550000011920929,1
1,0.3739013671875,0,3.87646484375,0,1,0,0.18000000715255737,0.550000011920929,1
1,0.013427734375,0,3.8829345703125,0,1,0,0.18000000715255737,0.550000011920929,1
1,0.00970458984375,0,3.8839111328125,0,1,0,0.18000000715255737,0.550000011920929,1
1,0.292724609375,0,3.88623046875,0,1,0,0.18000000715255737,0.550000011920929,1
1,-0.046630859375,0,3.89093017578125,0,1,0,0.18000000715255737,0.550000011920929,1
1,0.15057373046875,0,3.89208984375,0,1,0,0.18000000715255737,0.550000011920929,1
1,-0.67095947265625,0,10.33807373046875,0,1,0,0.18000000715255737,0.550000011920929,1
1,1.10430908203125,0,10.33868408203125,0,1,0,0.18000000715255737,0.550000011920929,1
1,0.1622314453125,0,10.35919189453125,0,1,0,0.18000000715255737,0.550000011920929,1
1,-0.35809326171875,0,10.3828125,0,1,0,0.18000000715255737,0.550000011920929,1
1,0.37933349609375,0,10.386962890625,0,1,0,0.18000000715255737,0.550000011920929,1
1,0.354736328125,0,4.65850830078125,0,1,0,0.18000000715255737,0.550000011920929,1
1,-0.2950439453125,0,4.6640625,0,1,0,0.18000000715255737,0.550000011920929,1
1,0.44921875,0,4.662841796875,0,1,0,0.18000000715255737,0.550000011920929,1
1,-0.0059814453125,0,4.6710205078125,0,1,0,0.18000000715255737,0.550000011920929,1
1,-0.0107421875,0,4.6722412109375,0,1,0,0.18000000715255737,0.550000011920929,1
1,0.3466796875,0,4.6751708984375,0,1,0,0.18000000715255737,0.550000011920929,1
1,-0.0819091796875,0,4.68109130859375,0,1,0,0.18000000715255737,0.550000011920929,1
1,0.16717529296875,0,4.68255615234375,0,1,0,0.18000000715255737,0.550000011920929,1
1,1.10711669921875,0,10.36456298828125,0,1,0,0.25496146082878113,0.550000011920929,1
1,-0.3587646484375,0,10.39703369140625,0,1,0,0.29810711741447449,0.550000011920929,1
1,0.3902587890625,0,10.74334716796875,0,1,0,0.27200895547866821,0.550000011920929,1
1,-0.72723388671875,0,11.03973388671875,0,1,0,0.18000000715255737,0.550000011920929,1
1,0.16778564453125,0,11.0625,0,1,0,0.18000000715255737,0.550000011920929,1
1,0.40447998046875,0,5.36077880859375,0,1,0,0.18000000715255737,0.550000011920929,1
1,-0.3662109375,0,5.3673095703125,0,1,0,0.18000000715255737,0.550000011920929,1
1,0.51654052734375,0,5.36590576171875,0,1,0,0.18000000715255737,0.550000011920929,1
1,-0.02337646484375,0,5.3756103515625,0,1,0,0.18000000715255737,0.550000011920929,1
1,-0.02899169921875,0,5.37701416015625,0,1,0,0.18000000715255737,0.550000011920929,1
1,0.39495849609375,0,5.3804931640625,0,1,0,0.18000000715255737,0.550000011920929,1
1,-0.11346435546875,0,5.38751220703125,0,1,0,0.18000000715255737,0.550000011920929,1
1,0.1820068359375,0,5.3892822265625,0,1,0,0.18000000715255737,0.550000011920929,1
1,-0.78350830078125,0,11.741455078125,0,1,0,0.18000000715255737,0.550000011920929,1
1,0.17333984375,0,11.7657470703125,0,1,0,0.18000000715255737,0.550000011920929,1
1,0.4541015625,0,6.0616455078125,0,1,0,0.18000000715255737,0.550000011920929,1
1,-0.43731689453125,0,6.06915283203125,0,1,0,0.18000000715255737,0.550000011920929,1
1,0.58380126953125,0,6.06756591796875,0,1,0,0.18000000715255737,0.550000011920929,1
1,-0.040771484375,0,6.07879638671875,0,1,0,0.18000000715255737,0.550000011920929,1
1,-0.0472412109375,0,6.0804443359375,0,1,0,0.18000000715255737,0.550000011920929,1
1,0.443115234375,0,6.08447265625,0,1,0,0.18000000715255737,0.550000011920929,1
1,-0.1448974609375,0,6.09259033203125,0,1,0,0.18000000715255737,0.550000011920929,1
1,0.19683837890625,0,6.0946044921875,0,1,0,0.18000000715255737,0.550000011920929,1
1,-0.82098388671875,0,12.2083740234375,0,1,0,0.30522704124450684,0.550000011920929,1
1,0.17889404296875,0,12.46905517578125,0,1,0,0.18000000715255737,0.550000011920929,1
1,0.5037841796875,0,6.76251220703125,0,1,0,0.18000000715255737,0.550000011920929,1
1,-0.50836181640625,0,6.77105712890625,0,1,0,0.18000000715255737,0.550000011920929,1
1,0.6510009765625,0,6.769287109375,0,1,0,0.18000000715255737,0.550000011920929,1
1,-0.05816650390625,0,6.781982421875,0,1,0,0.18000000715255737,0.550000011920929,1
1,-0.06549072265625,0,6.78387451171875,0,1,0,0.18000000715255737,0.550000011920929,1
1,0.49127197265625,0,6.7884521484375,0,1,0,0.18000000715255737,0.550000011920929,1
1,-0.1763916015625,0,6.79766845703125,0,1,0,0.18000000715255737,0.550000011920929,1
1,0.21160888671875,0,6.79998779296875,0,1,0,0.18000000715255737,0.550000011920929,1
1,0.17999267578125,0,12.60626220703125,0,1,0,0.29904785752296448,0.550000011920929,1
1,0.55340576171875,0,7.46337890625,0,1,0,0.18000000715255737,0.550000011920929,1
1,-0.57940673828125,0,7.47296142578125,0,1,0,0.18000000715255737,0.550000011920929,1
1,0.71820068359375,0,7.470947265625,0,1,0,0.18000000715255737,0.550000011920929,1
1,-0.07550048828125,0,7.4852294921875,0,1,0,0.18000000715255737,0.550000011920929,1
1,-0.083740234375,0,7.4873046875,0,1,0,0.18000000715255737,0.550000011920929,1
1,0.5394287109375,0,7.492431640625,0,1,0,0.18000000715255737,0.550000011920929,1
1,-0.20782470703125,0,7.50274658203125,0,1,0,0.18000000715255737,0.550000011920929,1
1,0.2264404296875,0,7.50531005859375,0,1,0,0.18000000715255737,0.550000011920929,1
1,0.08746337890625,0,0.28607177734375,0,1,0,0.18000000715255737,0.550000011920929,1
1,0.575439453125,0,7.7745361328125,0,1,0,0.29279285669326782,0.550000011920929,1
1,-0.08984375,0,8.06536865234375,0,1,0,0.31970807909965515,0.550000011920929,1
1,0.10601806640625,0,1.6751708984375,0,1,0,0.18000000715255737,0.550000011920929,1
1,0.024169921875,0,1.67584228515625,0,1,0,0.18000000715255737,0.550000011920929,1
1,0.17242431640625,0,1.6759033203125,0,1,0,0.18000000715255737,0.550000011920929,1
1,0.04150390625,0,1.6776123046875,0,1,0,0.18000000715255737,0.550000011920929,1
1,0.09381103515625,0,1.6776123046875,0,1,0,0.18000000715255737,0.550000011920929,1
1,0.1278076171875,0,1.67852783203125,0,1,0,0.18000000715255737,0.550000011920929,1
1,0.05023193359375,0,1.6795654296875,0,1,0,0.18000000715255737,0.550000011920929,1
1,0.11187744140625,0,1.679931640625,0,1,0,0.18000000715255737,0.550000011920929,1
1,-0.6505126953125,0,8.17486572265625,0,1,0,0.18000000715255737,0.550000011920929,1
1,0.785400390625,0,8.172607421875,0,1,0,0.18000000715255737,0.550000011920929,1
1,-0.10198974609375,0,8.19073486328125,0,1,0,0.18000000715255737,0.550000011920929,1
1,0.58758544921875,0,8.1964111328125,0,1,0,0.18000000715255737,0.550000011920929,1
1,-0.23931884765625,0,8.20782470703125,0,1,0,0.18000000715255737,0.550000011920929,1
1,0.24127197265625,0,8.210693359375,0,1,0,0.18000000715255737,0.550000011920929,1
1,0.12384033203125,0,2.4334716796875,0,1,0,0.18000000715255737,0.550000011920929,1
1,-0.03662109375,0,2.43475341796875,0,1,0,0.18000000715255737,0.550000011920929,1
1,0.25408935546875,0,2.43487548828125,0,1,0,0.18000000715255737,0.550000011920929,1
1,-0.00262451171875,0,2.43829345703125,0,1,0,0.18000000715255737,0.550000011920929,1
1,0.0999755859375,0,2.438232421875,0,1,0,0.18000000715255737,0.550000011920929,1
1,0.1666259765625,0,2.44012451171875,0,1,0,0.18000000715255737,0.550000011920929,1
1,0.01446533203125,0,2.44207763671875,0,1,0,0.18000000715255737,0.550000011920929,1
1,0.13531494140625,0,2.44281005859375,0,1,0,0.18000000715255737,0.550000011920929,1
1,-0.7215576171875,0,8.87677001953125,0,1,0,0.18000000715255737,0.550000011920929,1
1,0.85260009765625,0,8.87432861328125,0,1,0,0.18000000715255737,0.550000011920929,1
1,-0.1202392578125,0,8.8941650390625,0,1,0,0.18000000715255737,0.550000011920929,1
1,0.6357421875,0,8.900390625,0,1,0,0.18000000715255737,0.550000011920929,1
1,-0.270751953125,0,8.91290283203125,0,1,0,0.18000000715255737,0.550000011920929,1
1,0.25604248046875,0,8.916015625,0,1,0,0.18000000715255737,0.550000011920929,1
1,0.14068603515625,0,3.150634765625,0,1,0,0.18000000715255737,0.550000011920929,1
1,-0.0941162109375,0,3.15252685546875,0,1,0,0.18000000715255737,0.550000011920929,1
1,0.331298828125,0,3.15264892578125,0,1,0,0.18000000715255737,0.550000011920929,1
1,-0.04437255859375,0,3.1575927734375,0,1,0,0.18000000715255737,0.550000011920929,1
1,0.105712890625,0,3.1575927734375,0,1,0,0.18000000715255737,0.550000011920929,1
1,0.2032470703125,0,3.1602783203125,0,1,0,0.18000000715255737,0.550000011920929,1
1,-0.01934814453125,0,3.1632080078125,0,1,0,0.18000000715255737,0.550000011920929,1
1,0.15753173828125,0,3.16424560546875,0,1,0,0.18000000715255737,0.550000011920929,1
1,0.67437744140625,0,9.46453857421875,0,1,0,0.31496730446815491,0.550000011920929,1
1,-0.7926025390625,0,9.57867431640625,0,1,0,0.18000000715255737,0.550000011920929,1
1,0.9197998046875,0,9.57598876953125,0,1,0,0.18000000715255737,0.550000011920929,1
1,-0.13848876953125,0,9.59759521484375,0,1,0,0.18000000715255737,0.550000011920929,1
1,-0.30224609375,0,9.61798095703125,0,1,0,0.18000000715255737,0.550000011920929,1
1,0.2708740234375,0,9.62139892578125,0,1,0,0.18000000715255737,0.550000011920929,1
1,0.15887451171875,0,3.92254638671875,0,1,0,0.18000000715255737,0.550000011920929,1
1,-0.156005859375,0,3.92498779296875,0,1,0,0.18000000715255737,0.550000011920929,1
1,0.4144287109375,0,3.92523193359375,0,1,0,0.18000000715255737,0.550000011920929,1
1,-0.08929443359375,0,3.931884765625,0,1,0,0.18000000715255737,0.550000011920929,1
1,0.1119384765625,0,3.93182373046875,0,1,0,0.18000000715255737,0.550000011920929,1
1,0.24273681640625,0,3.93548583984375,0,1,0,0.18000000715255737,0.550000011920929,1
1,-0.0557861328125,0,3.93939208984375,0,1,0,0.18000000715255737,0.550000011920929,1
1,0.181396484375,0,3.94073486328125,0,1,0,0.18000000715255737,0.550000011920929,1
1,-0.309814453125,0,9.788330078125,0,1,0,0.26179739832878113,0.550000011920929,1
1,-0.86370849609375,0,10.28057861328125,0,1,0,0.18000000715255737,0.550000011920929,1
1,0.987060546875,0,10.2777099609375,0,1,0,0.18000000715255737,0.550000011920929,1
1,-0.15673828125,0,10.301025390625,0,1,0,0.18000000715255737,0.550000011920929,1
1,0.28570556640625,0,10.32672119140625,0,1,0,0.18000000715255737,0.550000011920929,1
1,0.17718505859375,0,4.70074462890625,0,1,0,0.18000000715255737,0.550000011920929,1
1,-0.2183837890625,0,4.70391845703125,0,1,0,0.18000000715255737,0.550000011920929,1
1,0.49822998046875,0,4.70416259765625,0,1,0,0.18000000715255737,0.550000011920929,1
1,-0.13458251953125,0,4.7125244140625,0,1,0,0.18000000715255737,0.550000011920929,1
1,0.11822509765625,0,4.71246337890625,0,1,0,0.18000000715255737,0.550000011920929,1
1,0.28253173828125,0,4.717041015625,0,1,0,0.18000000715255737,0.550000011920929,1
1,-0.09246826171875,0,4.72198486328125,0,1,0,0.18000000715255737,0.550000011920929,1
1,0.20550537109375,0,4.7236328125,0,1,0,0.18000000715255737,0.550000011920929,1
1,-0.9326171875,0,10.961181640625,0,1,0,0.25728079676628113,0.550000011920929,1
1,1.05426025390625,0,10.9793701171875,0,1,0,0.18000000715255737,0.550000011920929,1
1,-0.17498779296875,0,11.00445556640625,0,1,0,0.18000000715255737,0.550000011920929,1
1,0.2996826171875,0,10.99267578125,0,1,0,0.315176397562027,0.550000011920929,1
1,0.19366455078125,0,5.40240478515625,0,1,0,0.18000000715255737,0.550000011920929,1
1,-0.274658203125,0,5.40606689453125,0,1,0,0.18000000715255737,0.550000011920929,1
1,0.57379150390625,0,5.4063720703125,0,1,0,0.18000000715255737,0.550000011920929,1
1,-0.1754150390625,0,5.41632080078125,0,1,0,0.18000000715255737,0.550000011920929,1
1,0.1239013671875,0,5.41619873046875,0,1,0,0.18000000715255737,0.550000011920929,1
1,0.31842041015625,0,5.421630859375,0,1,0,0.18000000715255737,0.550000011920929,1
1,-0.12554931640625,0,5.427490234375,0,1,0,0.18000000715255737,0.550000011920929,1
1,0.2271728515625,0,5.42950439453125,0,1,0,0.18000000715255737,0.550000011920929,1
1,1.10955810546875,0,11.556884765625,0,1,0,0.29926854372024536,0.550000011920929,1
1,-0.19317626953125,0,11.7078857421875,0,1,0,0.18000000715255737,0.550000011920929,1
1,0.21014404296875,0,6.103515625,0,1,0,0.18000000715255737,0.550000011920929,1
1,-0.33087158203125,0,6.1077880859375,0,1,0,0.18000000715255737,0.550000011920929,1
1,0.6492919921875,0,6.108154296875,0,1,0,0.18000000715255737,0.550000011920929,1
1,-0.21624755859375,0,6.11956787109375,0,1,0,0.18000000715255737,0.550000011920929,1
1,0.12957763671875,0,6.1195068359375,0,1,0,0.18000000715255737,0.550000011920929,1
1,0.35430908203125,0,6.125732421875,0,1,0,0.18000000715255737,0.550000011920929,1
1,-0.15863037109375,0,6.13250732421875,0,1,0,0.18000000715255737,0.550000011920929,1
1,0.2489013671875,0,6.13482666015625,0,1,0,0.18000000715255737,0.550000011920929,1
1,-0.2113037109375,0,12.40570068359375,0,1,0,0.25597652792930603,0.550000011920929,1
1,0.22662353515625,0,6.80462646484375,0,1,0,0.18000000715255737,0.550000011920929,1
1,-0.3870849609375,0,6.80950927734375,0,1,0,0.18000000715255737,0.550000011920929,1
1,0.72479248046875,0,6.80987548828125,0,1,0,0.18000000715255737,0.550000011920929,1
1,-0.257080078125,0,6.8228759765625,0,1,0,0.18000000715255737,0.550000011920929,1
1,0.13519287109375,0,6.82275390625,0,1,0,0.18000000715255737,0.550000011920929,1
1,0.39013671875,0,6.829833984375,0,1,0,0.18000000715255737,0.550000011920929,1
1,-0.19171142578125,0,6.8375244140625,0,1,0,0.18000000715255737,0.550000011920929,1
1,0.27056884765625,0,6.84014892578125,0,1,0,0.18000000715255737,0.550000011920929,1
1,0.24090576171875,0,7.41021728515625,0,1,0,0.29268452525138855,0.550000011920929,1
1,-0.44329833984375,0,7.51116943359375,0,1,0,0.18000000715255737,0.550000011920929,1
1,0.80029296875,0,7.51165771484375,0,1,0,0.18000000715255737,0.550000011920929,1
1,-0.2978515625,0,7.52618408203125,0,1,0,0.18000000715255737,0.550000011920929,1
1,0.140869140625,0,7.5260009765625,0,1,0,0.18000000715255737,0.550000011920929,1
1,0.426025390625,0,7.533935546875,0,1,0,0.18000000715255737,0.550000011920929,1
1,-0.22479248046875,0,7.54254150390625,0,1,0,0.18000000715255737,0.550000011920929,1
1,0.292236328125,0,7.54547119140625,0,1,0,0.18000000715255737,0.550000011920929,1
1,0.08746337890625,0,0.28607177734375,0,1,0,0.18000000715255737,0.550000011920929,1
1,0.174072265625,0,1.58343505859375,0,1,0,0.18000000715255737,0.550000011920929,1
1,0.0291748046875,0,1.5850830078125,0,1,0,0.18000000715255737,0.550000011920929,1
1,0.1055908203125,0,1.5848388671875,0,1,0,0.18000000715255737,0.550000011920929,1
1,0.12493896484375,0,1.58587646484375,0,1,0,0.18000000715255737,0.550000011920929,1
1,0.0369873046875,0,1.5867919921875,0,1,0,0.18000000715255737,0.550000011920929,1
1,0.13482666015625,0,1.5867919921875,0,1,0,0.18000000715255737,0.550000011920929,1
1,0.0780029296875,0,1.5880126953125,0,1,0,0.18000000715255737,0.550000011920929,1
1,0.0838623046875,0,1.58843994140625,0,1,0,0.18000000715255737,0.550000011920929,1
1,-0.49951171875,0,8.212890625,0,1,0,0.18000000715255737,0.550000011920929,1
1,0.87579345703125,0,8.21337890625,0,1,0,0.18000000715255737,0.550000011920929,1
1,-0.33868408203125,0,8.22943115234375,0,1,0,0.18000000715255737,0.550000011920929,1
1,0.146484375,0,8.22930908203125,0,1,0,0.18000000715255737,0.550000011920929,1
1,0.46185302734375,0,8.23809814453125,0,1,0,0.18000000715255737,0.550000011920929,1
1,-0.25787353515625,0,8.24761962890625,0,1,0,0.18000000715255737,0.550000011920929,1
1,0.31396484375,0,8.25079345703125,0,1,0,0.18000000715255737,0.550000011920929,1
1,0.26812744140625,0,2.34149169921875,0,1,0,0.18000000715255737,0.550000011920929,1
1,-0.0341796875,0,2.34490966796875,0,1,0,0.18000000715255737,0.550000011920929,1
1,0.125244140625,0,2.34442138671875,0,1,0,0.18000000715255737,0.550000011920929,1
1,0.16571044921875,0,2.3465576171875,0,1,0,0.18000000715255737,0.550000011920929,1
1,-0.017822265625,0,2.348388671875,0,1,0,0.18000000715255737,0.550000011920929,1
1,0.186279296875,0,2.3485107421875,0,1,0,0.18000000715255737,0.550000011920929,1
1,0.0677490234375,0,2.35107421875,0,1,0,0.18000000715255737,0.550000011920929,1
1,0.07989501953125,0,2.3519287109375,0,1,0,0.18000000715255737,0.550000011920929,1
1,-0.35626220703125,0,8.5318603515625,0,1,0,0.24822323024272919,0.550000011920929,1
1,-0.55572509765625,0,8.91461181640625,0,1,0,0.18000000715255737,0.550000011920929,1
1,0.9512939453125,0,8.9151611328125,0,1,0,0.18000000715255737,0.550000011920929,1
1,0.15216064453125,0,8.93255615234375,0,1,0,0.18000000715255737,0.550000011920929,1
1,0.49456787109375,0,8.8809814453125,0,1,0,0.30191805958747864,0.550000011920929,1
1,-0.2908935546875,0,8.95263671875,0,1,0,0.18000000715255737,0.550000011920929,1
1,0.33563232421875,0,8.95611572265625,0,1,0,0.18000000715255737,0.550000011920929,1
1,0.35809326171875,0,3.06597900390625,0,1,0,0.18000000715255737,0.550000011920929,1
1,-0.0947265625,0,3.07110595703125,0,1,0,0.18000000715255737,0.550000011920929,1
1,0.14404296875,0,3.0703125,0,1,0,0.18000000715255737,0.550000011920929,1
1,0.20458984375,0,3.07354736328125,0,1,0,0.18000000715255737,0.550000011920929,1
1,-0.07025146484375,0,3.07635498046875,0,1,0,0.18000000715255737,0.550000011920929,1
1,0.23541259765625,0,3.0765380859375,0,1,0,0.18000000715255737,0.550000011920929,1
1,0.05792236328125,0,3.080322265625,0,1,0,0.18000000715255737,0.550000011920929,1
1,0.07611083984375,0,3.08160400390625,0,1,0,0.18000000715255737,0.550000011920929,1
1,-0.6119384765625,0,9.61627197265625,0,1,0,0.18000000715255737,0.550000011920929,1
1,1.02679443359375,0,9.61688232421875,0,1,0,0.18000000715255737,0.550000011920929,1
1,0.1578369140625,0,9.6358642578125,0,1,0,0.18000000715255737,0.550000011920929,1
1,-0.323974609375,0,9.65765380859375,0,1,0,0.18000000715255737,0.550000011920929,1
1,0.3572998046875,0,9.66143798828125,0,1,0,0.18000000715255737,0.550000011920929,1
1,0.45501708984375,0,3.84674072265625,0,1,0,0.18000000715255737,0.550000011920929,1
1,-0.15997314453125,0,3.85369873046875,0,1,0,0.18000000715255737,0.550000011920929,1
1,0.164306640625,0,3.8526611328125,0,1,0,0.18000000715255737,0.550000011920929,1
1,0.24658203125,0,3.85699462890625,0,1,0,0.18000000715255737,0.550000011920929,1
1,-0.126708984375,0,3.86083984375,0,1,0,0.18000000715255737,0.550000011920929,1
1,0.2884521484375,0,3.861083984375,0,1,0,0.18000000715255737,0.550000011920929,1
1,0.04736328125,0,3.8662109375,0,1,0,0.18000000715255737,0.550000011920929,1
1,0.07208251953125,0,3.86798095703125,0,1,0,0.18000000715255737,0.550000011920929,1
1,-0.66815185546875,0,10.3179931640625,0,1,0,0.18000000715255737,0.550000011920929,1
1,1.102294921875,0,10.31866455078125,0,1,0,0.18000000715255737,0.550000011920929,1
1,0.1634521484375,0,10.339111328125,0,1,0,0.18000000715255737,0.550000011920929,1
1,-0.3570556640625,0,10.3626708984375,0,1,0,0.18000000715255737,0.550000011920929,1
1,0.3790283203125,0,10.3668212890625,0,1,0,0.18000000715255737,0.550000011920929,1
1,0.552978515625,0,4.635498046875,0,1,0,0.18000000715255737,0.550000011920929,1
1,-0.225830078125,0,4.64434814453125,0,1,0,0.18000000715255737,0.550000011920929,1
1,0.184814453125,0,4.64300537109375,0,1,0,0.18000000715255737,0.550000011920929,1
1,0.2889404296875,0,4.64849853515625,0,1,0,0.18000000715255737,0.550000011920929,1
1,-0.18377685546875,0,4.6533203125,0,1,0,0.18000000715255737,0.550000011920929,1
1,0.34197998046875,0,4.6536865234375,0,1,0,0.18000000715255737,0.550000011920929,1
1,0.03668212890625,0,4.66015625,0,1,0,0.18000000715255737,0.550000011920929,1
1,0.06793212890625,0,4.66241455078125,0,1,0,0.18000000715255737,0.550000011920929,1
1,1.106689453125,0,10.3594970703125,0,1,0,0.2559744119644165,0.550000011920929,1
1,-0.35882568359375,0,10.39959716796875,0,1,0,0.25834640860557556,0.550000011920929,1
1,0.39056396484375,0,10.7420654296875,0,1,0,0.27040585875511169,0.550000011920929,1
1,-0.724365234375,0,11.01971435546875,0,1,0,0.18000000715255737,0.550000011920929,1
1,0.16912841796875,0,11.0423583984375,0,1,0,0.18000000715255737,0.550000011920929,1
1,0.64013671875,0,5.33782958984375,0,1,0,0.18000000715255737,0.550000011920929,1
1,-0.2845458984375,0,5.34832763671875,0,1,0,0.18000000715255737,0.550000011920929,1
1,0.20306396484375,0,5.3468017578125,0,1,0,0.18000000715255737,0.550000011920929,1
1,0.32672119140625,0,5.353271484375,0,1,0,0.18000000715255737,0.550000011920929,1
1,-0.234619140625,0,5.35906982421875,0,1,0,0.18000000715255737,0.550000011920929,1
1,0.3896484375,0,5.35943603515625,0,1,0,0.18000000715255737,0.550000011920929,1
1,0.02716064453125,0,5.36712646484375,0,1,0,0.18000000715255737,0.550000011920929,1
1,0.0643310546875,0,5.36981201171875,0,1,0,0.18000000715255737,0.550000011920929,1
1,-0.78057861328125,0,11.72137451171875,0,1,0,0.18000000715255737,0.550000011920929,1
1,0.1748046875,0,11.74566650390625,0,1,0,0.18000000715255737,0.550000011920929,1
1,0.72711181640625,0,6.03826904296875,0,1,0,0.18000000715255737,0.550000011920929,1
1,-0.34307861328125,0,6.0504150390625,0,1,0,0.18000000715255737,0.550000011920929,1
1,0.22125244140625,0,6.04864501953125,0,1,0,0.18000000715255737,0.550000011920929,1
1,0.3643798828125,0,6.05615234375,0,1,0,0.18000000715255737,0.550000011920929,1
1,-0.2852783203125,0,6.06280517578125,0,1,0,0.18000000715255737,0.550000011920929,1
1,0.43719482421875,0,6.063232421875,0,1,0,0.18000000715255737,0.550000011920929,1
1,0.0177001953125,0,6.07220458984375,0,1,0,0.18000000715255737,0.550000011920929,1
1,0.0606689453125,0,6.07525634765625,0,1,0,0.18000000715255737,0.550000011920929,1
1,-0.82000732421875,0,12.2132568359375,0,1,0,0.29664126038551331,0.550000011920929,1
1,0.180419921875,0,12.44891357421875,0,1,0,0.18000000715255737,0.550000011920929,1
1,0.8140869140625,0,6.73870849609375,0,1,0,0.18000000715255737,0.550000011920929,1
1,-0.401611328125,0,6.75250244140625,0,1,0,0.18000000715255737,0.550000011920929,1
1,0.23944091796875,0,6.75048828125,0,1,0,0.18000000715255737,0.550000011920929,1
1,0.4019775390625,0,6.759033203125,0,1,0,0.18000000715255737,0.550000011920929,1
1,-0.3359375,0,6.76654052734375,0,1,0,0.18000000715255737,0.550000011920929,1
1,0.4847412109375,0,6.76708984375,0,1,0,0.18000000715255737,0.550000011920929,1
1,0.0081787109375,0,6.7772216796875,0,1,0,0.18000000715255737,0.550000011920929,1
1,0.0570068359375,0,6.78070068359375,0,1,0,0.18000000715255737,0.550000011920929,1
1,0.18170166015625,0,12.60601806640625,0,1,0,0.253447949886322,0.550000011920929,1
1,0.9010009765625,0,7.43914794921875,0,1,0,0.18000000715255737,0.550000011920929,1
1,-0.46014404296875,0,7.45458984375,0,1,0,0.18000000715255737,0.550000011920929,1
1,0.25762939453125,0,7.4522705078125,0,1,0,0.18000000715255737,0.550000011920929,1
1,0.43963623046875,0,7.46185302734375,0,1,0,0.18000000715255737,0.550000011920929,1
1,-0.38665771484375,0,7.4703369140625,0,1,0,0.18000000715255737,0.550000011920929,1
1,0.53228759765625,0,7.47088623046875,0,1,0,0.18000000715255737,0.550000011920929,1
1,-0.00128173828125,0,7.48223876953125,0,1,0,0.18000000715255737,0.550000011920929,1
1,0.0533447265625,0,7.48614501953125,0,1,0,0.18000000715255737,0.550000011920929,1
1,0.08746337890625,0,0.28607177734375,0,1,0,0.18000000715255737,0.550000011920929,1
1,0.166015625,0,1.6439208984375,0,1,0,0.18000000715255737,0.550000011920929,1
1,0.07342529296875,0,1.64569091796875,0,1,0,0.18000000715255737,0.550000011920929,1
1,0.05352783203125,0,1.64593505859375,0,1,0,0.18000000715255737,0.550000011920929,1
1,0.15869140625,0,1.6463623046875,0,1,0,0.18000000715255737,0.550000011920929,1
1,0.03582763671875,0,1.6478271484375,0,1,0,0.18000000715255737,0.550000011920929,1
1,0.1121826171875,0,1.6478271484375,0,1,0,0.18000000715255737,0.550000011920929,1
1,0.10565185546875,0,1.64892578125,0,1,0,0.18000000715255737,0.550000011920929,1
1,0.07122802734375,0,1.649658203125,0,1,0,0.18000000715255737,0.550000011920929,1
1,0.98797607421875,0,8.1395263671875,0,1,0,0.18000000715255737,0.550000011920929,1
1,-0.5186767578125,0,8.15667724609375,0,1,0,0.18000000715255737,0.550000011920929,1
1,0.27581787109375,0,8.15411376953125,0,1,0,0.18000000715255737,0.550000011920929,1
1,0.477294921875,0,8.16473388671875,0,1,0,0.18000000715255737,0.550000011920929,1
1,-0.43731689453125,0,8.174072265625,0,1,0,0.18000000715255737,0.550000011920929,1
1,0.57977294921875,0,8.1746826171875,0,1,0,0.18000000715255737,0.550000011920929,1
1,-0.01080322265625,0,8.187255859375,0,1,0,0.18000000715255737,0.550000011920929,1
1,0.04974365234375,0,8.19158935546875,0,1,0,0.18000000715255737,0.550000011920929,1
1,0.4813232421875,0,8.2403564453125,0,1,0,0.24297216534614563,0.550000011920929,1
1,-0.55084228515625,0,8.54248046875,0,1,0,0.31355813145637512,0.550000011920929,1
1,0.2445068359375,0,2.401611328125,0,1,0,0.18000000715255737,0.550000011920929,1
1,0.05938720703125,0,2.4051513671875,0,1,0,0.18000000715255737,0.550000011920929,1
1,0.01959228515625,0,2.4056396484375,0,1,0,0.18000000715255737,0.550000011920929,1
1,0.2298583984375,0,2.406494140625,0,1,0,0.18000000715255737,0.550000011920929,1
1,-0.015869140625,0,2.409423828125,0,1,0,0.18000000715255737,0.550000011920929,1
1,0.13690185546875,0,2.40936279296875,0,1,0,0.18000000715255737,0.550000011920929,1
1,0.12384033203125,0,2.41156005859375,0,1,0,0.18000000715255737,0.550000011920929,1
1,0.05499267578125,0,2.41302490234375,0,1,0,0.18000000715255737,0.550000011920929,1
1,1.074951171875,0,8.8399658203125,0,1,0,0.18000000715255737,0.550000011920929,1
1,0.29400634765625,0,8.85595703125,0,1,0,0.18000000715255737,0.550000011920929,1
1,-0.48797607421875,0,8.87786865234375,0,1,0,0.18000000715255737,0.550000011920929,1
1,0.6273193359375,0,8.8785400390625,0,1,0,0.18000000715255737,0.550000011920929,1
1,-0.020263671875,0,8.892333984375,0,1,0,0.18000000715255737,0.550000011920929,1
1,0.04608154296875,0,8.89703369140625,0,1,0,0.18000000715255737,0.550000011920929,1
1,-0.02099609375,0,8.9464111328125,0,1,0,0.31106126308441162,0.550000011920929,1
1,0.31903076171875,0,3.12060546875,0,1,0,0.18000000715255737,0.550000011920929,1
1,0.04608154296875,0,3.12579345703125,0,1,0,0.18000000715255737,0.550000011920929,1
1,-0.0125732421875,0,3.12652587890625,0,1,0,0.18000000715255737,0.550000011920929,1
1,0.29742431640625,0,3.1278076171875,0,1,0,0.18000000715255737,0.550000011920929,1
1,-0.0648193359375,0,3.132080078125,0,1,0,0.18000000715255737,0.550000011920929,1
1,0.160400390625,0,3.13201904296875,0,1,0,0.18000000715255737,0.550000011920929,1
1,0.14111328125,0,3.13525390625,0,1,0,0.18000000715255737,0.550000011920929,1
1,0.03961181640625,0,3.13739013671875,0,1,0,0.18000000715255737,0.550000011920929,1
1,1.161865234375,0,9.5404052734375,0,1,0,0.18000000715255737,0.550000011920929,1
1,0.3121337890625,0,9.55780029296875,0,1,0,0.18000000715255737,0.550000011920929,1
1,-0.53863525390625,0,9.58160400390625,0,1,0,0.18000000715255737,0.550000011920929,1
1,0.67486572265625,0,9.58233642578125,0,1,0,0.18000000715255737,0.550000011920929,1
1,0.04241943359375,0,9.60247802734375,0,1,0,0.18000000715255737,0.550000011920929,1
1,0.3992919921875,0,3.894775390625,0,1,0,0.18000000715255737,0.550000011920929,1
1,0.03179931640625,0,3.90179443359375,0,1,0,0.18000000715255737,0.550000011920929,1
1,-0.0472412109375,0,3.90277099609375,0,1,0,0.18000000715255737,0.550000011920929,1
1,0.3701171875,0,3.90447998046875,0,1,0,0.18000000715255737,0.550000011920929,1
1,-0.11761474609375,0,3.9102783203125,0,1,0,0.18000000715255737,0.550000011920929,1
1,0.1856689453125,0,3.91015625,0,1,0,0.18000000715255737,0.550000011920929,1
1,0.15972900390625,0,3.91448974609375,0,1,0,0.18000000715255737,0.550000011920929,1
1,0.02301025390625,0,3.91741943359375,0,1,0,0.18000000715255737,0.550000011920929,1
1,1.19677734375,0,9.82122802734375,0,1,0,0.31914782524108887,0.550000011920929,1
1,0.330322265625,0,10.2596435546875,0,1,0,0.18000000715255737,0.550000011920929,1
1,-0.58935546875,0,10.285400390625,0,1,0,0.18000000715255737,0.550000011920929,1
1,0.722412109375,0,10.28619384765625,0,1,0,0.18000000715255737,0.550000011920929,1
1,0.038818359375,0,10.3079833984375,0,1,0,0.18000000715255737,0.550000011920929,1
1,0.480224609375,0,4.67584228515625,0,1,0,0.18000000715255737,0.550000011920929,1
1,0.017333984375,0,4.6846923828125,0,1,0,0.18000000715255737,0.550000011920929,1
1,-0.08221435546875,0,4.68597412109375,0,1,0,0.18000000715255737,0.550000011920929,1
1,0.44354248046875,0,4.6881103515625,0,1,0,0.18000000715255737,0.550000011920929,1
1,-0.17083740234375,0,4.69537353515625,0,1,0,0.18000000715255737,0.550000011920929,1
1,0.21112060546875,0,4.69525146484375,0,1,0,0.18000000715255737,0.550000011920929,1
1,0.178466796875,0,4.70068359375,0,1,0,0.18000000715255737,0.550000011920929,1
1,0.00628662109375,0,4.704345703125,0,1,0,0.18000000715255737,0.550000011920929,1
1,-0.63043212890625,0,10.8560791015625,0,1,0,0.31411534547805786,0.550000011920929,1
1,0.3485107421875,0,10.96148681640625,0,1,0,0.18000000715255737,0.550000011920929,1
1,0.76995849609375,0,10.989990234375,0,1,0,0.18000000715255737,0.550000011920929,1
1,0.03515625,0,11.013427734375,0,1,0,0.18000000715255737,0.550000011920929,1
1,0.77545166015625,0,11.07110595703125,0,1,0,0.30005434155464172,0.550000011920929,1
1,0.03497314453125,0,11.04937744140625,0,1,0,0.28452876210212708,0.550000011920929,1
1,0.5528564453125,0,5.37701416015625,0,1,0,0.18000000715255737,0.550000011920929,1
1,0.00433349609375,0,5.387451171875,0,1,0,0.18000000715255737,0.550000011920929,1
1,-0.11358642578125,0,5.38897705078125,0,1,0,0.18000000715255737,0.550000011920929,1
1,0.5093994140625,0,5.39154052734375,0,1,0,0.18000000715255737,0.550000011920929,1
1,-0.2186279296875,0,5.400146484375,0,1,0,0.18000000715255737,0.550000011920929,1
1,0.2340087890625,0,5.4000244140625,0,1,0,0.18000000715255737,0.550000011920929,1
1,0.1953125,0,5.40643310546875,0,1,0,0.18000000715255737,0.550000011920929,1
1,-0.00872802734375,0,5.4107666015625,0,1,0,0.18000000715255737,0.550000011920929,1
1,0.36669921875,0,11.663330078125,0,1,0,0.18000000715255737,0.550000011920929,1
1,0.62542724609375,0,6.07733154296875,0,1,0,0.18000000715255737,0.550000011920929,1
1,-0.00860595703125,0,6.08941650390625,0,1,0,0.18000000715255737,0.550000011920929,1
1,-0.14495849609375,0,6.09112548828125,0,1,0,0.18000000715255737,0.550000011920929,1
1,0.5751953125,0,6.09405517578125,0,1,0,0.18000000715255737,0.550000011920929,1
1,-0.266357421875,0,6.10400390625,0,1,0,0.18000000715255737,0.550000011920929,1
1,0.2568359375,0,6.1038818359375,0,1,0,0.18000000715255737,0.550000011920929,1
1,0.21209716796875,0,6.111328125,0,1,0,0.18000000715255737,0.550000011920929,1
1,-0.02374267578125,0,6.1163330078125,0,1,0,0.18000000715255737,0.550000011920929,1
1,0.3848876953125,0,12.3651123046875,0,1,0,0.18000000715255737,0.550000011920929,1
1,0.697998046875,0,6.777587890625,0,1,0,0.18000000715255737,0.550000011920929,1
1,-0.02154541015625,0,6.79132080078125,0,1,0,0.18000000715255737,0.550000011920929,1
1,-0.17626953125,0,6.79327392578125,0,1,0,0.18000000715255737,0.550000011920929,1
1,0.6409912109375,0,6.796630859375,0,1,0,0.18000000715255737,0.550000011920929,1
1,-0.3140869140625,0,6.80792236328125,0,1,0,0.18000000715255737,0.550000011920929,1
1,0.27972412109375,0,6.8077392578125,0,1,0,0.18000000715255737,0.550000011920929,1
1,0.22894287109375,0,6.81622314453125,0,1,0,0.18000000715255737,0.550000011920929,1
1,-0.0386962890625,0,6.8218994140625,0,1,0,0.18000000715255737,0.550000011920929,1
1,0.403076171875,0,13.06695556640625,0,1,0,0.18000000715255737,0.550000011920929,1
1,0.77056884765625,0,7.4779052734375,0,1,0,0.18000000715255737,0.550000011920929,1
1,-0.0345458984375,0,7.49322509765625,0,1,0,0.18000000715255737,0.550000011920929,1
1,-0.2076416015625,0,7.49542236328125,0,1,0,0.18000000715255737,0.550000011920929,1
1,0.706787109375,0,7.49920654296875,0,1,0,0.18000000715255737,0.550000011920929,1
1,-0.36187744140625,0,7.5118408203125,0,1,0,0.18000000715255737,0.550000011920929,1
1,0.30255126953125,0,7.51165771484375,0,1,0,0.18000000715255737,0.550000011920929,1
1,0.2457275390625,0,7.52105712890625,0,1,0,0.18000000715255737,0.550000011920929,1
1,-0.0537109375,0,7.5274658203125,0,1,0,0.18000000715255737,0.550000011920929,1
1,0.40576171875,0,13.169677734375,0,1,0,0.31676763296127319,0.550000011920929,1
1,0.08746337890625,0,0.28607177734375,0,1,0,0.18000000715255737,0.550000011920929,1
1,-0.03668212890625,0,7.609130859375,0,1,0,0.30741885304450989,0.550000011920929,1
1,0.02374267578125,0,1.70538330078125,0,1,0,0.18000000715255737,0.550000011920929,1
1,0.18292236328125,0,1.70550537109375,0,1,0,0.18000000715255737,0.550000011920929,1
1,0.02801513671875,0,1.7073974609375,0,1,0,0.18000000715255737,0.550000011920929,1
1,0.10260009765625,0,1.70721435546875,0,1,0,0.18000000715255737,0.550000011920929,1
1,0.13031005859375,0,1.70831298828125,0,1,0,0.18000000715255737,0.550000011920929,1
1,0.0372314453125,0,1.7093505859375,0,1,0,0.18000000715255737,0.550000011920929,1
1,0.13037109375,0,1.70953369140625,0,1,0,0.18000000715255737,0.550000011920929,1
1,0.0845947265625,0,1.71075439453125,0,1,0,0.18000000715255737,0.550000011920929,1
1,0.8431396484375,0,8.17822265625,0,1,0,0.18000000715255737,0.550000011920929,1
1,-0.23895263671875,0,8.1976318359375,0,1,0,0.18000000715255737,0.550000011920929,1
1,0.7725830078125,0,8.20172119140625,0,1,0,0.18000000715255737,0.550000011920929,1
1,-0.40960693359375,0,8.2156982421875,0,1,0,0.18000000715255737,0.550000011920929,1
1,0.32537841796875,0,8.21551513671875,0,1,0,0.18000000715255737,0.550000011920929,1
1,0.2625732421875,0,8.2259521484375,0,1,0,0.18000000715255737,0.550000011920929,1
1,-0.0687255859375,0,8.2330322265625,0,1,0,0.18000000715255737,0.550000011920929,1
1,-0.03515625,0,2.46319580078125,0,1,0,0.18000000715255737,0.550000011920929,1
1,0.271240234375,0,2.46337890625,0,1,0,0.18000000715255737,0.550000011920929,1
1,-0.02691650390625,0,2.46697998046875,0,1,0,0.18000000715255737,0.550000011920929,1
1,0.1165771484375,0,2.4666748046875,0,1,0,0.18000000715255737,0.550000011920929,1
1,0.16998291015625,0,2.46881103515625,0,1,0,0.18000000715255737,0.550000011920929,1
1,-0.00921630859375,0,2.4708251953125,0,1,0,0.18000000715255737,0.550000011920929,1
1,0.1700439453125,0,2.47119140625,0,1,0,0.18000000715255737,0.550000011920929,1
1,0.0819091796875,0,2.47357177734375,0,1,0,0.18000000715255737,0.550000011920929,1
1,0.91571044921875,0,8.87847900390625,0,1,0,0.18000000715255737,0.550000011920929,1
1,-0.27032470703125,0,8.8997802734375,0,1,0,0.18000000715255737,0.550000011920929,1
1,0.83837890625,0,8.904296875,0,1,0,0.18000000715255737,0.550000011920929,1
1,-0.45733642578125,0,8.91961669921875,0,1,0,0.18000000715255737,0.550000011920929,1
1,0.3482666015625,0,8.91937255859375,0,1,0,0.18000000715255737,0.550000011920929,1
1,0.27935791015625,0,8.93084716796875,0,1,0,0.18000000715255737,0.550000011920929,1
1,-0.08367919921875,0,8.9385986328125,0,1,0,0.18000000715255737,0.550000011920929,1
1,0.27935791015625,0,8.9320068359375,0,1,0,0.30593976378440857,0.550000011920929,1
1,-0.0906982421875,0,3.177490234375,0,1,0,0.18000000715255737,0.550000011920929,1
1,0.3544921875,0,3.17779541015625,0,1,0,0.18000000715255737,0.550000011920929,1
1,-0.0787353515625,0,3.18304443359375,0,1,0,0.18000000715255737,0.550000011920929,1
1,0.12969970703125,0,3.18255615234375,0,1,0,0.18000000715255737,0.550000011920929,1
1,0.20733642578125,0,3.1856689453125,0,1,0,0.18000000715255737,0.550000011920929,1
1,-0.05303955078125,0,3.1885986328125,0,1,0,0.18000000715255737,0.550000011920929,1
1,0.20745849609375,0,3.18914794921875,0,1,0,0.18000000715255737,0.550000011920929,1
1,0.07940673828125,0,3.19256591796875,0,1,0,0.18000000715255737,0.550000011920929,1
1,-0.48455810546875,0,9.32110595703125,0,1,0,0.28678849339485168,0.550000011920929,1
1,0.89013671875,0,9.456787109375,0,1,0,0.26861509680747986,0.550000011920929,1
1,0.98828125,0,9.57879638671875,0,1,0,0.18000000715255737,0.550000011920929,1
1,-0.30169677734375,0,9.6019287109375,0,1,0,0.18000000715255737,0.550000011920929,1
1,0.37109375,0,9.623291015625,0,1,0,0.18000000715255737,0.550000011920929,1
1,-0.09869384765625,0,9.64410400390625,0,1,0,0.18000000715255737,0.550000011920929,1
1,-0.15045166015625,0,3.946044921875,0,1,0,0.18000000715255737,0.550000011920929,1
1,0.444091796875,0,3.9464111328125,0,1,0,0.18000000715255737,0.550000011920929,1
1,-0.134521484375,0,3.95343017578125,0,1,0,0.18000000715255737,0.550000011920929,1
1,0.1439208984375,0,3.9527587890625,0,1,0,0.18000000715255737,0.550000011920929,1
1,0.24755859375,0,3.9569091796875,0,1,0,0.18000000715255737,0.550000011920929,1
1,-0.10009765625,0,3.96087646484375,0,1,0,0.18000000715255737,0.550000011920929,1
1,0.24774169921875,0,3.9615478515625,0,1,0,0.18000000715255737,0.550000011920929,1
1,0.07672119140625,0,3.96612548828125,0,1,0,0.18000000715255737,0.550000011920929,1
1,1.06085205078125,0,10.279052734375,0,1,0,0.18000000715255737,0.550000011920929,1
1,-0.3330078125,0,10.3040771484375,0,1,0,0.18000000715255737,0.550000011920929,1
1,0.39398193359375,0,10.3271484375,0,1,0,0.18000000715255737,0.550000011920929,1
1,-0.11370849609375,0,10.34967041015625,0,1,0,0.18000000715255737,0.550000011920929,1
1,-0.21063232421875,0,4.72039794921875,0,1,0,0.18000000715255737,0.550000011920929,1
1,0.5343017578125,0,4.72088623046875,0,1,0,0.18000000715255737,0.550000011920929,1
1,-0.190673828125,0,4.7296142578125,0,1,0,0.18000000715255737,0.550000011920929,1
1,0.158203125,0,4.72882080078125,0,1,0,0.18000000715255737,0.550000011920929,1
1,0.2880859375,0,4.7340087890625,0,1,0,0.18000000715255737,0.550000011920929,1
1,-0.1475830078125,0,4.73895263671875,0,1,0,0.18000000715255737,0.550000011920929,1
1,0.288330078125,0,4.7398681640625,0,1,0,0.18000000715255737,0.550000011920929,1
1,0.073974609375,0,4.74554443359375,0,1,0,0.18000000715255737,0.550000011920929,1
1,-0.119873046875,0,10.6392822265625,0,1,0,0.26115885376930237,0.550000011920929,1
1,1.1334228515625,0,10.9793701171875,0,1,0,0.18000000715255737,0.550000011920929,1
1,-0.3643798828125,0,11.0062255859375,0,1,0,0.18000000715255737,0.550000011920929,1
1,0.41680908203125,0,11.031005859375,0,1,0,0.18000000715255737,0.550000011920929,1
1,-0.26513671875,0,5.421630859375,0,1,0,0.18000000715255737,0.550000011920929,1
1,0.61602783203125,0,5.42218017578125,0,1,0,0.18000000715255737,0.550000011920929,1
1,-0.24151611328125,0,5.4324951171875,0,1,0,0.18000000715255737,0.550000011920929,1
1,0.171142578125,0,5.43157958984375,0,1,0,0.18000000715255737,0.550000011920929,1
1,0.32476806640625,0,5.43768310546875,0,1,0,0.18000000715255737,0.550000011920929,1
1,-0.1905517578125,0,5.443603515625,0,1,0,0.18000000715255737,0.550000011920929,1
1,0.32501220703125,0,5.44464111328125,0,1,0,0.18000000715255737,0.550000011920929,1
1,0.071533203125,0,5.45135498046875,0,1,0,0.18000000715255737,0.550000011920929,1
1,1.20599365234375,0,11.6796875,0,1,0,0.18000000715255737,0.550000011920929,1
1,-0.395751953125,0,11.7083740234375,0,1,0,0.18000000715255737,0.550000011920929,1
1,0.43963623046875,0,11.73492431640625,0,1,0,0.18000000715255737,0.550000011920929,1
1,-0.31964111328125,0,6.12261962890625,0,1,0,0.18000000715255737,0.550000011920929,1
1,0.69769287109375,0,6.123291015625,0,1,0,0.18000000715255737,0.550000011920929,1
1,-0.29241943359375,0,6.13519287109375,0,1,0,0.18000000715255737,0.550000011920929,1
1,0.18402099609375,0,6.1341552734375,0,1,0,0.18000000715255737,0.550000011920929,1
1,0.3614501953125,0,6.14117431640625,0,1,0,0.18000000715255737,0.550000011920929,1
1,-0.23358154296875,0,6.14794921875,0,1,0,0.18000000715255737,0.550000011920929,1
1,0.36175537109375,0,6.149169921875,0,1,0,0.18000000715255737,0.550000011920929,1
1,0.06903076171875,0,6.156982421875,0,1,0,0.18000000715255737,0.550000011920929,1
1,0.45025634765625,0,12.0611572265625,0,1,0,0.28229746222496033,0.550000011920929,1
1,1.25299072265625,0,12.1328125,0,1,0,0.24646392464637756,0.550000011920929,1
1,-0.42706298828125,0,12.4105224609375,0,1,0,0.18000000715255737,0.550000011920929,1
1,-0.3741455078125,0,6.8236083984375,0,1,0,0.18000000715255737,0.550000011920929,1
1,0.7794189453125,0,6.8243408203125,0,1,0,0.18000000715255737,0.550000011920929,1
1,-0.34326171875,0,6.837890625,0,1,0,0.18000000715255737,0.550000011920929,1
1,0.19696044921875,0,6.836669921875,0,1,0,0.18000000715255737,0.550000011920929,1
1,0.3980712890625,0,6.84466552734375,0,1,0,0.18000000715255737,0.550000011920929,1
1,-0.27655029296875,0,6.85235595703125,0,1,0,0.18000000715255737,0.550000011920929,1
1,0.3984375,0,6.853759765625,0,1,0,0.18000000715255737,0.550000011920929,1
1,0.06658935546875,0,6.86260986328125,0,1,0,0.18000000715255737,0.550000011920929,1
1,-0.44488525390625,0,12.809326171875,0,1,0,0.30832871794700623,0.550000011920929,1
1,-0.42864990234375,0,7.52459716796875,0,1,0,0.18000000715255737,0.550000011920929,1
1,0.861083984375,0,7.52545166015625,0,1,0,0.18000000715255737,0.550000011920929,1
1,-0.39410400390625,0,7.54058837890625,0,1,0,0.18000000715255737,0.550000011920929,1
1,0.20989990234375,0,7.53924560546875,0,1,0,0.18000000715255737,0.550000011920929,1
1,0.43475341796875,0,7.54815673828125,0,1,0,0.18000000715255737,0.550000011920929,1
1,-0.31951904296875,0,7.5567626953125,0,1,0,0.18000000715255737,0.550000011920929,1
1,0.4351806640625,0,7.55828857421875,0,1,0,0.18000000715255737,0.550000011920929,1
1,0.0640869140625,0,7.56817626953125,0,1,0,0.18000000715255737,0.550000011920929,1
1,0.08746337890625,0,0.28607177734375,0,1,0,0.18000000715255737,0.550000011920929,1
1,0.10540771484375,0,1.614501953125,0,1,0,0.18000000715255737,0.550000011920929,1
1,0.028564453125,0,1.6151123046875,0,1,0,0.18000000715255737,0.550000011920929,1
1,0.16583251953125,0,1.6151123046875,0,1,0,0.18000000715255737,0.550000011920929,1
1,0.0455322265625,0,1.61676025390625,0,1,0,0.18000000715255737,0.550000011920929,1
1,0.0927734375,0,1.61669921875,0,1,0,0.18000000715255737,0.550000011920929,1
1,0.12506103515625,0,1.61761474609375,0,1,0,0.18000000715255737,0.550000011920929,1
1,0.05303955078125,0,1.6185302734375,0,1,0,0.18000000715255737,0.550000011920929,1
1,0.10986328125,0,1.61883544921875,0,1,0,0.18000000715255737,0.550000011920929,1
1,-0.483154296875,0,8.2255859375,0,1,0,0.18000000715255737,0.550000011920929,1
1,0.94281005859375,0,8.2265625,0,1,0,0.18000000715255737,0.550000011920929,1
1,-0.4449462890625,0,8.2432861328125,0,1,0,0.18000000715255737,0.550000011920929,1
1,0.22283935546875,0,8.24176025390625,0,1,0,0.18000000715255737,0.550000011920929,1
1,0.471435546875,0,8.25164794921875,0,1,0,0.18000000715255737,0.550000011920929,1
1,-0.36248779296875,0,8.26116943359375,0,1,0,0.18000000715255737,0.550000011920929,1
1,0.471923828125,0,8.26287841796875,0,1,0,0.18000000715255737,0.550000011920929,1
1,0.0616455078125,0,8.2738037109375,0,1,0,0.18000000715255737,0.550000011920929,1
1,0.4854736328125,0,8.52008056640625,0,1,0,0.28562605381011963,0.550000011920929,1
1,0.1241455078125,0,2.37322998046875,0,1,0,0.18000000715255737,0.550000011920929,1
1,-0.03277587890625,0,2.37445068359375,0,1,0,0.18000000715255737,0.550000011920929,1
1,0.24749755859375,0,2.37457275390625,0,1,0,0.18000000715255737,0.550000011920929,1
1,0.0018310546875,0,2.3778076171875,0,1,0,0.18000000715255737,0.550000011920929,1
1,0.0982666015625,0,2.3778076171875,0,1,0,0.18000000715255737,0.550000011920929,1
1,0.16424560546875,0,2.37957763671875,0,1,0,0.18000000715255737,0.550000011920929,1
1,0.0172119140625,0,2.38153076171875,0,1,0,0.18000000715255737,0.550000011920929,1
1,0.1331787109375,0,2.38214111328125,0,1,0,0.18000000715255737,0.550000011920929,1
1,-0.46746826171875,0,8.554443359375,0,1,0,0.31827312707901,0.550000011920929,1
1,-0.53765869140625,0,8.92657470703125,0,1,0,0.18000000715255737,0.550000011920929,1
1,1.02447509765625,0,8.9276123046875,0,1,0,0.18000000715255737,0.550000011920929,1
1,0.23577880859375,0,8.9443359375,0,1,0,0.18000000715255737,0.550000011920929,1
1,-0.40545654296875,0,8.965576171875,0,1,0,0.18000000715255737,0.550000011920929,1
1,0.50860595703125,0,8.9674072265625,0,1,0,0.18000000715255737,0.550000011920929,1
1,0.0592041015625,0,8.9793701171875,0,1,0,0.18000000715255737,0.550000011920929,1
1,0.1419677734375,0,3.095703125,0,1,0,0.18000000715255737,0.550000011920929,1
1,-0.0911865234375,0,3.09759521484375,0,1,0,0.18000000715255737,0.550000011920929,1
1,0.32525634765625,0,3.09771728515625,0,1,0,0.18000000715255737,0.550000011920929,1
1,-0.03973388671875,0,3.1025390625,0,1,0,0.18000000715255737,0.550000011920929,1
1,0.103515625,0,3.1025390625,0,1,0,0.18000000715255737,0.550000011920929,1
1,0.20159912109375,0,3.10516357421875,0,1,0,0.18000000715255737,0.550000011920929,1
1,-0.01690673828125,0,3.1080322265625,0,1,0,0.18000000715255737,0.550000011920929,1
1,0.15545654296875,0,3.1090087890625,0,1,0,0.18000000715255737,0.550000011920929,1
1,0.0574951171875,0,9.46173095703125,0,1,0,0.28422370553016663,0.550000011920929,1
1,-0.5921630859375,0,9.6275634765625,0,1,0,0.18000000715255737,0.550000011920929,1
1,1.106201171875,0,9.62872314453125,0,1,0,0.18000000715255737,0.550000011920929,1
1,0.2486572265625,0,9.6468505859375,0,1,0,0.18000000715255737,0.550000011920929,1
1,-0.44842529296875,0,9.66998291015625,0,1,0,0.18000000715255737,0.550000011920929,1
1,0.54534912109375,0,9.67193603515625,0,1,0,0.18000000715255737,0.550000011920929,1
1,0.1611328125,0,3.8740234375,0,1,0,0.18000000715255737,0.550000011920929,1
1,-0.15411376953125,0,3.87652587890625,0,1,0,0.18000000715255737,0.550000011920929,1
1,0.40899658203125,0,3.876708984375,0,1,0,0.18000000715255737,0.550000011920929,1
1,-0.08453369140625,0,3.88330078125,0,1,0,0.18000000715255737,0.550000011920929,1
1,0.10919189453125,0,3.88323974609375,0,1,0,0.18000000715255737,0.550000011920929,1
1,0.24176025390625,0,3.88677978515625,0,1,0,0.18000000715255737,0.550000011920929,1
1,-0.05364990234375,0,3.89068603515625,0,1,0,0.18000000715255737,0.550000011920929,1
1,0.17938232421875,0,3.89202880859375,0,1,0,0.18000000715255737,0.550000011920929,1
1,1.153564453125,0,10.034912109375,0,1,0,0.31780409812927246,0.550000011920929,1
1,-0.64666748046875,0,10.32861328125,0,1,0,0.18000000715255737,0.550000011920929,1
1,0.2615966796875,0,10.34942626953125,0,1,0,0.18000000715255737,0.550000011920929,1
1,-0.49139404296875,0,10.37432861328125,0,1,0,0.18000000715255737,0.550000011920929,1
1,0.58203125,0,10.37652587890625,0,1,0,0.18000000715255737,0.550000011920929,1
1,0.18048095703125,0,4.6597900390625,0,1,0,0.18000000715255737,0.550000011920929,1
1,-0.2176513671875,0,4.6629638671875,0,1,0,0.18000000715255737,0.550000011920929,1
1,0.49359130859375,0,4.6632080078125,0,1,0,0.18000000715255737,0.550000011920929,1
1,-0.1297607421875,0,4.6715087890625,0,1,0,0.18000000715255737,0.550000011920929,1
1,0.11492919921875,0,4.67144775390625,0,1,0,0.18000000715255737,0.550000011920929,1
1,0.2823486328125,0,4.6759033203125,0,1,0,0.18000000715255737,0.550000011920929,1
1,-0.09075927734375,0,4.68084716796875,0,1,0,0.18000000715255737,0.550000011920929,1
1,0.20355224609375,0,4.6824951171875,0,1,0,0.18000000715255737,0.550000011920929,1
1,-0.50811767578125,0,10.648193359375,0,1,0,0.30705362558364868,0.550000011920929,1
1,0.6129150390625,0,10.96881103515625,0,1,0,0.30417615175247192,0.550000011920929,1
1,-0.701171875,0,11.02960205078125,0,1,0,0.18000000715255737,0.550000011920929,1
1,0.2745361328125,0,11.05194091796875,0,1,0,0.18000000715255737,0.550000011920929,1
1,0.19781494140625,0,5.3623046875,0,1,0,0.18000000715255737,0.550000011920929,1
1,-0.2744140625,0,5.36602783203125,0,1,0,0.18000000715255737,0.550000011920929,1
1,0.5692138671875,0,5.36627197265625,0,1,0,0.18000000715255737,0.550000011920929,1
1,-0.17022705078125,0,5.3760986328125,0,1,0,0.18000000715255737,0.550000011920929,1
1,0.1199951171875,0,5.37603759765625,0,1,0,0.18000000715255737,0.550000011920929,1
1,0.31866455078125,0,5.38134765625,0,1,0,0.18000000715255737,0.550000011920929,1
1,-0.1239013671875,0,5.38720703125,0,1,0,0.18000000715255737,0.550000011920929,1
1,0.22515869140625,0,5.38916015625,0,1,0,0.18000000715255737,0.550000011920929,1
1,-0.75567626953125,0,11.7305908203125,0,1,0,0.18000000715255737,0.550000011920929,1
1,0.2874755859375,0,11.7545166015625,0,1,0,0.18000000715255737,0.550000011920929,1
1,0.21514892578125,0,6.06341552734375,0,1,0,0.18000000715255737,0.550000011920929,1
1,-0.33111572265625,0,6.0677490234375,0,1,0,0.18000000715255737,0.550000011920929,1
1,0.6446533203125,0,6.06805419921875,0,1,0,0.18000000715255737,0.550000011920929,1
1,-0.2105712890625,0,6.07940673828125,0,1,0,0.18000000715255737,0.550000011920929,1
1,0.1251220703125,0,6.079345703125,0,1,0,0.18000000715255737,0.550000011920929,1
1,0.3548583984375,0,6.08551025390625,0,1,0,0.18000000715255737,0.550000011920929,1
1,-0.15704345703125,0,6.09222412109375,0,1,0,0.18000000715255737,0.550000011920929,1
1,0.2467041015625,0,6.094482421875,0,1,0,0.18000000715255737,0.550000011920929,1
1,-0.8101806640625,0,12.43157958984375,0,1,0,0.18000000715255737,0.550000011920929,1
1,0.3004150390625,0,12.45703125,0,1,0,0.18000000715255737,0.550000011920929,1
1,0.232421875,0,6.7645263671875,0,1,0,0.18000000715255737,0.550000011920929,1
1,-0.3878173828125,0,6.76947021484375,0,1,0,0.18000000715255737,0.550000011920929,1
1,0.7200927734375,0,6.769775390625,0,1,0,0.18000000715255737,0.550000011920929,1
1,-0.25091552734375,0,6.78265380859375,0,1,0,0.18000000715255737,0.550000011920929,1
1,0.1302490234375,0,6.7825927734375,0,1,0,0.18000000715255737,0.550000011920929,1
1,0.39105224609375,0,6.78961181640625,0,1,0,0.18000000715255737,0.550000011920929,1
1,-0.19012451171875,0,6.79730224609375,0,1,0,0.18000000715255737,0.550000011920929,1
1,0.268310546875,0,6.79986572265625,0,1,0,0.18000000715255737,0.550000011920929,1
1,-0.8280029296875,0,12.66119384765625,0,1,0,0.26091295480728149,0.550000011920929,1
1,0.3087158203125,0,12.90972900390625,0,1,0,0.24646802246570587,0.550000011920929,1
1,0.2484130859375,0,7.41339111328125,0,1,0,0.2720760703086853,0.550000011920929,1
1,-0.44451904296875,0,7.47113037109375,0,1,0,0.18000000715255737,0.550000011920929,1
1,0.7955322265625,0,7.47149658203125,0,1,0,0.18000000715255737,0.550000011920929,1
1,-0.291259765625,0,7.4859619140625,0,1,0,0.18000000715255737,0.550000011920929,1
1,0.13531494140625,0,7.48583984375,0,1,0,0.18000000715255737,0.550000011920929,1
1,0.42724609375,0,7.49371337890625,0,1,0,0.18000000715255737,0.550000011920929,1
1,-0.2232666015625,0,7.5023193359375,0,1,0,0.18000000715255737,0.550000011920929,1
1,0.28985595703125,0,7.50518798828125,0,1,0,0.18000000715255737,0.550000011920929,1
1,0.08746337890625,0,0.28607177734375,0,1,0,0.18000000715255737,0.550000011920929,1
1,-0.00164794921875,0,1.67547607421875,0,1,0,0.18000000715255737,0.550000011920929,1
1,0.1563720703125,0,1.675048828125,0,1,0,0.18000000715255737,0.550000011920929,1
1,0.08538818359375,0,1.6767578125,0,1,0,0.18000000715255737,0.550000011920929,1
1,0.047607421875,0,1.67718505859375,0,1,0,0.18000000715255737,0.550000011920929,1
1,0.155517578125,0,1.67755126953125,0,1,0,0.18000000715255737,0.550000011920929,1
1,0.04632568359375,0,1.67901611328125,0,1,0,0.18000000715255737,0.550000011920929,1
1,0.10296630859375,0,1.67913818359375,0,1,0,0.18000000715255737,0.550000011920929,1
1,0.10345458984375,0,1.68011474609375,0,1,0,0.18000000715255737,0.550000011920929,1
1,-0.50115966796875,0,8.1728515625,0,1,0,0.18000000715255737,0.550000011920929,1
1,0.8709716796875,0,8.17327880859375,0,1,0,0.18000000715255737,0.550000011920929,1
1,-0.33160400390625,0,8.18927001953125,0,1,0,0.18000000715255737,0.550000011920929,1
1,0.14044189453125,0,8.18914794921875,0,1,0,0.18000000715255737,0.550000011920929,1
1,0.46343994140625,0,8.19781494140625,0,1,0,0.18000000715255737,0.550000011920929,1
1,-0.25634765625,0,8.20733642578125,0,1,0,0.18000000715255737,0.550000011920929,1
1,0.3114013671875,0,8.21051025390625,0,1,0,0.18000000715255737,0.550000011920929,1
1,-0.3504638671875,0,8.51739501953125,0,1,0,0.24607029557228088,0.550000011920929,1
1,-0.08734130859375,0,2.43402099609375,0,1,0,0.18000000715255737,0.550000011920929,1
1,0.22259521484375,0,2.4332275390625,0,1,0,0.18000000715255737,0.550000011920929,1
1,0.0833740234375,0,2.4365234375,0,1,0,0.18000000715255737,0.550000011920929,1
1,0.00933837890625,0,2.4373779296875,0,1,0,0.18000000715255737,0.550000011920929,1
1,0.22088623046875,0,2.4381103515625,0,1,0,0.18000000715255737,0.550000011920929,1
1,0.0068359375,0,2.44097900390625,0,1,0,0.18000000715255737,0.550000011920929,1
1,0.11785888671875,0,2.44122314453125,0,1,0,0.18000000715255737,0.550000011920929,1
1,0.11883544921875,0,2.44317626953125,0,1,0,0.18000000715255737,0.550000011920929,1
1,-0.557861328125,0,8.87457275390625,0,1,0,0.18000000715255737,0.550000011920929,1
1,0.94647216796875,0,8.875,0,1,0,0.18000000715255737,0.550000011920929,1
1,0.1455078125,0,8.89239501953125,0,1,0,0.18000000715255737,0.550000011920929,1
1,0.4991455078125,0,8.8917236328125,0,1,0,0.2526794970035553,0.550000011920929,1
1,-0.28948974609375,0,8.912353515625,0,1,0,0.18000000715255737,0.550000011920929,1
1,0.3330078125,0,8.91583251953125,0,1,0,0.18000000715255737,0.550000011920929,1
1,-0.1683349609375,0,3.15142822265625,0,1,0,0.18000000715255737,0.550000011920929,1
1,0.28515625,0,3.15020751953125,0,1,0,0.18000000715255737,0.550000011920929,1
1,0.0814208984375,0,3.15509033203125,0,1,0,0.18000000715255737,0.550000011920929,1
1,-0.02691650390625,0,3.15631103515625,0,1,0,0.18000000715255737,0.550000011920929,1
1,0.28271484375,0,3.1573486328125,0,1,0,0.18000000715255737,0.550000011920929,1
1,-0.030517578125,0,3.16156005859375,0,1,0,0.18000000715255737,0.550000011920929,1
1,0.13189697265625,0,3.16192626953125,0,1,0,0.18000000715255737,0.550000011920929,1
1,0.13336181640625,0,3.164794921875,0,1,0,0.18000000715255737,0.550000011920929,1
1,-0.61456298828125,0,9.5762939453125,0,1,0,0.18000000715255737,0.550000011920929,1
1,1.02191162109375,0,9.5767822265625,0,1,0,0.18000000715255737,0.550000011920929,1
1,0.150634765625,0,9.595703125,0,1,0,0.18000000715255737,0.550000011920929,1
1,-0.32257080078125,0,9.61737060546875,0,1,0,0.18000000715255737,0.550000011920929,1
1,0.35455322265625,0,9.62115478515625,0,1,0,0.18000000715255737,0.550000011920929,1
1,-0.2554931640625,0,3.923583984375,0,1,0,0.18000000715255737,0.550000011920929,1
1,0.35260009765625,0,3.92193603515625,0,1,0,0.18000000715255737,0.550000011920929,1
1,0.07940673828125,0,3.928466796875,0,1,0,0.18000000715255737,0.550000011920929,1
1,-0.06585693359375,0,3.93011474609375,0,1,0,0.18000000715255737,0.550000011920929,1
1,0.3492431640625,0,3.9315185546875,0,1,0,0.18000000715255737,0.550000011920929,1
1,-0.07080078125,0,3.9371337890625,0,1,0,0.18000000715255737,0.550000011920929,1
1,0.1470947265625,0,3.93768310546875,0,1,0,0.18000000715255737,0.550000011920929,1
1,0.14898681640625,0,3.94146728515625,0,1,0,0.18000000715255737,0.550000011920929,1
1,-0.6712646484375,0,10.2779541015625,0,1,0,0.18000000715255737,0.550000011920929,1
1,1.09735107421875,0,10.27850341796875,0,1,0,0.18000000715255737,0.550000011920929,1
1,0.15570068359375,0,10.2989501953125,0,1,0,0.18000000715255737,0.550000011920929,1
1,-0.355712890625,0,10.3223876953125,0,1,0,0.18000000715255737,0.550000011920929,1
1,0.3760986328125,0,10.32647705078125,0,1,0,0.18000000715255737,0.550000011920929,1
1,-0.358642578125,0,10.38531494140625,0,1,0,0.26486712694168091,0.550000011920929,1
1,-0.3433837890625,0,4.7021484375,0,1,0,0.18000000715255737,0.550000011920929,1
1,0.4205322265625,0,4.7000732421875,0,1,0,0.18000000715255737,0.550000011920929,1
1,0.07733154296875,0,4.708251953125,0,1,0,0.18000000715255737,0.550000011920929,1
1,-0.10516357421875,0,4.7103271484375,0,1,0,0.18000000715255737,0.550000011920929,1
1,0.41632080078125,0,4.71209716796875,0,1,0,0.18000000715255737,0.550000011920929,1
1,-0.111328125,0,4.7191162109375,0,1,0,0.18000000715255737,0.550000011920929,1
1,0.162353515625,0,4.71978759765625,0,1,0,0.18000000715255737,0.550000011920929,1
1,0.164794921875,0,4.72454833984375,0,1,0,0.18000000715255737,0.550000011920929,1
1,1.1090087890625,0,10.386962890625,0,1,0,0.26138851046562195,0.550000011920929,1
1,0.3890380859375,0,10.74896240234375,0,1,0,0.29213005304336548,0.550000011920929,1
1,-0.7279052734375,0,10.97967529296875,0,1,0,0.18000000715255737,0.550000011920929,1
1,0.16082763671875,0,11.00225830078125,0,1,0,0.18000000715255737,0.550000011920929,1
1,-0.422607421875,0,5.40399169921875,0,1,0,0.18000000715255737,0.550000011920929,1
1,0.48175048828125,0,5.40155029296875,0,1,0,0.18000000715255737,0.550000011920929,1
1,0.075439453125,0,5.41119384765625,0,1,0,0.18000000715255737,0.550000011920929,1
1,-0.140625,0,5.4136962890625,0,1,0,0.18000000715255737,0.550000011920929,1
1,0.476806640625,0,5.415771484375,0,1,0,0.18000000715255737,0.550000011920929,1
1,-0.14788818359375,0,5.42413330078125,0,1,0,0.18000000715255737,0.550000011920929,1
1,0.1761474609375,0,5.4249267578125,0,1,0,0.18000000715255737,0.550000011920929,1
1,0.17901611328125,0,5.4305419921875,0,1,0,0.18000000715255737,0.550000011920929,1
1,-0.78460693359375,0,11.681396484375,0,1,0,0.18000000715255737,0.550000011920929,1
1,0.16595458984375,0,11.70550537109375,0,1,0,0.18000000715255737,0.550000011920929,1
1,-0.5018310546875,0,6.1053466796875,0,1,0,0.18000000715255737,0.550000011920929,1
1,0.54296875,0,6.1025390625,0,1,0,0.18000000715255737,0.550000011920929,1
1,0.0736083984375,0,6.11370849609375,0,1,0,0.18000000715255737,0.550000011920929,1
1,-0.176025390625,0,6.1165771484375,0,1,0,0.18000000715255737,0.550000011920929,1
1,0.53729248046875,0,6.11895751953125,0,1,0,0.18000000715255737,0.550000011920929,1
1,-0.1844482421875,0,6.12860107421875,0,1,0,0.18000000715255737,0.550000011920929,1
1,0.18988037109375,0,6.12957763671875,0,1,0,0.18000000715255737,0.550000011920929,1
1,0.1932373046875,0,6.13604736328125,0,1,0,0.18000000715255737,0.550000011920929,1
1,-0.825439453125,0,12.18743896484375,0,1,0,0.2420259416103363,0.550000011920929,1
1,0.1710205078125,0,12.4088134765625,0,1,0,0.18000000715255737,0.550000011920929,1
1,-0.58099365234375,0,6.80670166015625,0,1,0,0.18000000715255737,0.550000011920929,1
1,0.60418701171875,0,6.80352783203125,0,1,0,0.18000000715255737,0.550000011920929,1
1,0.07171630859375,0,6.81622314453125,0,1,0,0.18000000715255737,0.550000011920929,1
1,-0.21142578125,0,6.8194580078125,0,1,0,0.18000000715255737,0.550000011920929,1
1,0.59771728515625,0,6.82220458984375,0,1,0,0.18000000715255737,0.550000011920929,1
1,-0.220947265625,0,6.8331298828125,0,1,0,0.18000000715255737,0.550000011920929,1
1,0.20367431640625,0,6.83416748046875,0,1,0,0.18000000715255737,0.550000011920929,1
1,0.2073974609375,0,6.841552734375,0,1,0,0.18000000715255737,0.550000011920929,1
1,0.1724853515625,0,12.6068115234375,0,1,0,0.2407100647687912,0.550000011920929,1
1,-0.66021728515625,0,7.50811767578125,0,1,0,0.18000000715255737,0.550000011920929,1
1,0.6654052734375,0,7.5045166015625,0,1,0,0.18000000715255737,0.550000011920929,1
1,0.06988525390625,0,7.5186767578125,0,1,0,0.18000000715255737,0.550000011920929,1
1,-0.246826171875,0,7.5223388671875,0,1,0,0.18000000715255737,0.550000011920929,1
1,0.658203125,0,7.525390625,0,1,0,0.18000000715255737,0.550000011920929,1
1,-0.25750732421875,0,7.53759765625,0,1,0,0.18000000715255737,0.550000011920929,1
1,0.2174072265625,0,7.538818359375,0,1,0,0.18000000715255737,0.550000011920929,1
1,0.22161865234375,0,7.54705810546875,0,1,0,0.18000000715255737,0.550000011920929,1
1,0.08746337890625,0,0.28607177734375,0,1,0,0.18000000715255737,0.550000011920929,1
1,0.06927490234375,0,7.74749755859375,0,1,0,0.30273863673210144,0.550000011920929,1
1,0.058349609375,0,1.58380126953125,0,1,0,0.18000000715255737,0.550000011920929,1
1,0.16229248046875,0,1.584228515625,0,1,0,0.18000000715255737,0.550000011920929,1
1,0.02410888671875,0,1.585693359375,0,1,0,0.18000000715255737,0.550000011920929,1
1,0.12274169921875,0,1.58544921875,0,1,0,0.18000000715255737,0.550000011920929,1
1,0.10498046875,0,1.58660888671875,0,1,0,0.18000000715255737,0.550000011920929,1
1,0.0516357421875,0,1.5872802734375,0,1,0,0.18000000715255737,0.550000011920929,1
1,0.12847900390625,0,1.58758544921875,0,1,0,0.18000000715255737,0.550000011920929,1
1,0.07806396484375,0,1.588623046875,0,1,0,0.18000000715255737,0.550000011920929,1
1,-0.7393798828125,0,8.20947265625,0,1,0,0.18000000715255737,0.550000011920929,1
1,0.72662353515625,0,8.20550537109375,0,1,0,0.18000000715255737,0.550000011920929,1
1,-0.2822265625,0,8.2252197265625,0,1,0,0.18000000715255737,0.550000011920929,1
1,0.7186279296875,0,8.22857666015625,0,1,0,0.18000000715255737,0.550000011920929,1
1,-0.29400634765625,0,8.24212646484375,0,1,0,0.18000000715255737,0.550000011920929,1
1,0.231201171875,0,8.243408203125,0,1,0,0.18000000715255737,0.550000011920929,1
1,0.23583984375,0,8.2525634765625,0,1,0,0.18000000715255737,0.550000011920929,1
1,0.02667236328125,0,2.34222412109375,0,1,0,0.18000000715255737,0.550000011920929,1
1,0.24359130859375,0,2.3431396484375,0,1,0,0.18000000715255737,0.550000011920929,1
1,-0.044677734375,0,2.34613037109375,0,1,0,0.18000000715255737,0.550000011920929,1
1,0.16107177734375,0,2.34564208984375,0,1,0,0.18000000715255737,0.550000011920929,1
1,0.12396240234375,0,2.34814453125,0,1,0,0.18000000715255737,0.550000011920929,1
1,0.01275634765625,0,2.3494873046875,0,1,0,0.18000000715255737,0.550000011920929,1
1,0.173095703125,0,2.35009765625,0,1,0,0.18000000715255737,0.550000011920929,1
1,0.06781005859375,0,2.352294921875,0,1,0,0.18000000715255737,0.550000011920929,1
1,-0.81854248046875,0,8.91082763671875,0,1,0,0.18000000715255737,0.550000011920929,1
1,0.787841796875,0,8.906494140625,0,1,0,0.18000000715255737,0.550000011920929,1
1,-0.317626953125,0,8.9281005859375,0,1,0,0.18000000715255737,0.550000011920929,1
1,0.779052734375,0,8.93182373046875,0,1,0,0.18000000715255737,0.550000011920929,1
1,-0.33056640625,0,8.94659423828125,0,1,0,0.18000000715255737,0.550000011920929,1
1,0.24493408203125,0,8.94805908203125,0,1,0,0.18000000715255737,0.550000011920929,1
1,0.25006103515625,0,8.95806884765625,0,1,0,0.18000000715255737,0.550000011920929,1
1,-0.00360107421875,0,3.06707763671875,0,1,0,0.18000000715255737,0.550000011920929,1
1,0.3212890625,0,3.0684814453125,0,1,0,0.18000000715255737,0.550000011920929,1
1,-0.1104736328125,0,3.07293701171875,0,1,0,0.18000000715255737,0.550000011920929,1
1,0.19775390625,0,3.07220458984375,0,1,0,0.18000000715255737,0.550000011920929,1
1,0.14215087890625,0,3.075927734375,0,1,0,0.18000000715255737,0.550000011920929,1
1,-0.0244140625,0,3.0780029296875,0,1,0,0.18000000715255737,0.550000011920929,1
1,0.21575927734375,0,3.078857421875,0,1,0,0.18000000715255737,0.550000011920929,1
1,0.05804443359375,0,3.0821533203125,0,1,0,0.18000000715255737,0.550000011920929,1
1,-0.34637451171875,0,9.2509765625,0,1,0,0.29080691933631897,0.550000011920929,1
1,0.26123046875,0,9.51275634765625,0,1,0,0.26082414388656616,0.550000011920929,1
1,-0.89776611328125,0,9.61224365234375,0,1,0,0.18000000715255737,0.550000011920929,1
1,0.84906005859375,0,9.60748291015625,0,1,0,0.18000000715255737,0.550000011920929,1
1,-0.35302734375,0,9.6309814453125,0,1,0,0.18000000715255737,0.550000011920929,1
1,0.83953857421875,0,9.635009765625,0,1,0,0.18000000715255737,0.550000011920929,1
1,0.25872802734375,0,9.65264892578125,0,1,0,0.18000000715255737,0.550000011920929,1
1,-0.03619384765625,0,3.8482666015625,0,1,0,0.18000000715255737,0.550000011920929,1
1,0.405029296875,0,3.85015869140625,0,1,0,0.18000000715255737,0.550000011920929,1
1,-0.181396484375,0,3.85626220703125,0,1,0,0.18000000715255737,0.550000011920929,1
1,0.23724365234375,0,3.855224609375,0,1,0,0.18000000715255737,0.550000011920929,1
1,0.1617431640625,0,3.86029052734375,0,1,0,0.18000000715255737,0.550000011920929,1
1,-0.06451416015625,0,3.86309814453125,0,1,0,0.18000000715255737,0.550000011920929,1
1,0.26165771484375,0,3.86431884765625,0,1,0,0.18000000715255737,0.550000011920929,1
1,0.04754638671875,0,3.86871337890625,0,1,0,0.18000000715255737,0.550000011920929,1
1,0.856689453125,0,9.83453369140625,0,1,0,0.27610528469085693,0.550000011920929,1
1,-0.9610595703125,0,10.17279052734375,0,1,0,0.27511483430862427,0.550000011920929,1
1,0.9102783203125,0,10.3084716796875,0,1,0,0.18000000715255737,0.550000011920929,1
1,-0.388427734375,0,10.33380126953125,0,1,0,0.18000000715255737,0.550000011920929,1
1,0.2724609375,0,10.3572998046875,0,1,0,0.18000000715255737,0.550000011920929,1
1,-0.06915283203125,0,4.63739013671875,0,1,0,0.18000000715255737,0.550000011920929,1
1,0.48968505859375,0,4.63983154296875,0,1,0,0.18000000715255737,0.550000011920929,1
1,-0.2530517578125,0,4.64752197265625,0,1,0,0.18000000715255737,0.550000011920929,1
1,0.277099609375,0,4.646240234375,0,1,0,0.18000000715255737,0.550000011920929,1
1,0.18157958984375,0,4.65264892578125,0,1,0,0.18000000715255737,0.550000011920929,1
1,-0.10498046875,0,4.65618896484375,0,1,0,0.18000000715255737,0.550000011920929,1
1,0.30810546875,0,4.65771484375,0,1,0,0.18000000715255737,0.550000011920929,1
1,0.03692626953125,0,4.663330078125,0,1,0,0.18000000715255737,0.550000011920929,1
1,0.97149658203125,0,11.00946044921875,0,1,0,0.18000000715255737,0.550000011920929,1
1,-0.42388916015625,0,11.03668212890625,0,1,0,0.18000000715255737,0.550000011920929,1
1,0.2862548828125,0,11.06195068359375,0,1,0,0.18000000715255737,0.550000011920929,1
1,-0.09844970703125,0,5.34014892578125,0,1,0,0.18000000715255737,0.550000011920929,1
1,0.56500244140625,0,5.34295654296875,0,1,0,0.18000000715255737,0.550000011920929,1
1,-0.31683349609375,0,5.35211181640625,0,1,0,0.18000000715255737,0.550000011920929,1
1,0.3126220703125,0,5.35064697265625,0,1,0,0.18000000715255737,0.550000011920929,1
1,0.19921875,0,5.35821533203125,0,1,0,0.18000000715255737,0.550000011920929,1
1,-0.14105224609375,0,5.3624267578125,0,1,0,0.18000000715255737,0.550000011920929,1
1,0.34942626953125,0,5.3642578125,0,1,0,0.18000000715255737,0.550000011920929,1
1,0.0274658203125,0,5.37091064453125,0,1,0,0.18000000715255737,0.550000011920929,1
1,1.03271484375,0,11.71044921875,0,1,0,0.18000000715255737,0.550000011920929,1
1,-0.45928955078125,0,11.73956298828125,0,1,0,0.18000000715255737,0.550000011920929,1
1,0.2989501953125,0,11.71142578125,0,1,0,0.2435060441493988,0.550000011920929,1
1,-0.12774658203125,0,6.0408935546875,0,1,0,0.18000000715255737,0.550000011920929,1
1,0.64013671875,0,6.044189453125,0,1,0,0.18000000715255737,0.550000011920929,1
1,-0.38043212890625,0,6.0548095703125,0,1,0,0.18000000715255737,0.550000011920929,1
1,0.34808349609375,0,6.0531005859375,0,1,0,0.18000000715255737,0.550000011920929,1
1,0.216796875,0,6.0618896484375,0,1,0,0.18000000715255737,0.550000011920929,1
1,-0.177001953125,0,6.06671142578125,0,1,0,0.18000000715255737,0.550000011920929,1
1,0.390625,0,6.06884765625,0,1,0,0.18000000715255737,0.550000011920929,1
1,0.01800537109375,0,6.0765380859375,0,1,0,0.18000000715255737,0.550000011920929,1
1,-0.4893798828125,0,12.33758544921875,0,1,0,0.25469806790351868,0.550000011920929,1
1,1.0902099609375,0,12.36883544921875,0,1,0,0.27616408467292786,0.550000011920929,1
1,-0.156982421875,0,6.74169921875,0,1,0,0.18000000715255737,0.550000011920929,1
1,0.71527099609375,0,6.74542236328125,0,1,0,0.18000000715255737,0.550000011920929,1
1,-0.44403076171875,0,6.75750732421875,0,1,0,0.18000000715255737,0.550000011920929,1
1,0.38348388671875,0,6.7554931640625,0,1,0,0.18000000715255737,0.550000011920929,1
1,0.234375,0,6.7655029296875,0,1,0,0.18000000715255737,0.550000011920929,1
1,-0.21295166015625,0,6.77099609375,0,1,0,0.18000000715255737,0.550000011920929,1
1,0.43182373046875,0,6.7734375,0,1,0,0.18000000715255737,0.550000011920929,1
1,0.008544921875,0,6.78216552734375,0,1,0,0.18000000715255737,0.550000011920929,1
1,-0.18621826171875,0,7.44244384765625,0,1,0,0.18000000715255737,0.550000011920929,1
1,0.7904052734375,0,7.4466552734375,0,1,0,0.18000000715255737,0.550000011920929,1
1,-0.50762939453125,0,7.46014404296875,0,1,0,0.18000000715255737,0.550000011920929,1
1,0.4189453125,0,7.45794677734375,0,1,0,0.18000000715255737,0.550000011920929,1
1,0.251953125,0,7.4691162109375,0,1,0,0.18000000715255737,0.550000011920929,1
1,-0.2489013671875,0,7.47528076171875,0,1,0,0.18000000715255737,0.550000011920929,1
1,0.47308349609375,0,7.47796630859375,0,1,0,0.18000000715255737,0.550000011920929,1
1,-0.00091552734375,0,7.48779296875,0,1,0,0.18000000715255737,0.550000011920929,1
1,0.08746337890625,0,0.28607177734375,0,1,0,0.18000000715255737,0.550000011920929,1
1,0.1798095703125,0,1.6441650390625,0,1,0,0.18000000715255737,0.550000011920929,1
1,0.01873779296875,0,1.6458740234375,0,1,0,0.18000000715255737,0.550000011920929,1
1,0.115966796875,0,1.64556884765625,0,1,0,0.18000000715255737,0.550000011920929,1
1,0.12091064453125,0,1.64678955078125,0,1,0,0.18000000715255737,0.550000011920929,1
1,0.03509521484375,0,1.64764404296875,0,1,0,0.18000000715255737,0.550000011920929,1
1,0.14129638671875,0,1.64776611328125,0,1,0,0.18000000715255737,0.550000011920929,1
1,0.0728759765625,0,1.64910888671875,0,1,0,0.18000000715255737,0.550000011920929,1
1,0.08612060546875,0,1.64947509765625,0,1,0,0.18000000715255737,0.550000011920929,1
1,-0.2154541015625,0,8.14324951171875,0,1,0,0.18000000715255737,0.550000011920929,1
1,0.86553955078125,0,8.14788818359375,0,1,0,0.18000000715255737,0.550000011920929,1
1,-0.57122802734375,0,8.162841796875,0,1,0,0.18000000715255737,0.550000011920929,1
1,0.454345703125,0,8.160400390625,0,1,0,0.18000000715255737,0.550000011920929,1
1,0.26953125,0,8.17279052734375,0,1,0,0.18000000715255737,0.550000011920929,1
1,-0.28485107421875,0,8.1795654296875,0,1,0,0.18000000715255737,0.550000011920929,1
1,0.5142822265625,0,8.18255615234375,0,1,0,0.18000000715255737,0.550000011920929,1
1,-0.01031494140625,0,8.19342041015625,0,1,0,0.18000000715255737,0.550000011920929,1
1,0.27130126953125,0,8.24371337890625,0,1,0,0.27709794044494629,0.550000011920929,1
1,0.2720947265625,0,2.40203857421875,0,1,0,0.18000000715255737,0.550000011920929,1
1,-0.0499267578125,0,2.40545654296875,0,1,0,0.18000000715255737,0.550000011920929,1
1,0.1444091796875,0,2.40484619140625,0,1,0,0.18000000715255737,0.550000011920929,1
1,0.15435791015625,0,2.40728759765625,0,1,0,0.18000000715255737,0.550000011920929,1
1,-0.01727294921875,0,2.4090576171875,0,1,0,0.18000000715255737,0.550000011920929,1
1,0.19512939453125,0,2.40924072265625,0,1,0,0.18000000715255737,0.550000011920929,1
1,0.05828857421875,0,2.41192626953125,0,1,0,0.18000000715255737,0.550000011920929,1
1,0.0848388671875,0,2.4127197265625,0,1,0,0.18000000715255737,0.550000011920929,1
1,-0.2447509765625,0,8.84405517578125,0,1,0,0.18000000715255737,0.550000011920929,1
1,0.940673828125,0,8.84918212890625,0,1,0,0.18000000715255737,0.550000011920929,1
1,-0.63482666015625,0,8.865478515625,0,1,0,0.18000000715255737,0.550000011920929,1
1,0.48980712890625,0,8.86285400390625,0,1,0,0.18000000715255737,0.550000011920929,1
1,-0.32080078125,0,8.88385009765625,0,1,0,0.18000000715255737,0.550000011920929,1
1,0.55548095703125,0,8.88714599609375,0,1,0,0.18000000715255737,0.550000011920929,1
1,-0.019775390625,0,8.8990478515625,0,1,0,0.18000000715255737,0.550000011920929,1
1,0.95928955078125,0,9.02264404296875,0,1,0,0.26591548323631287,0.550000011920929,1
1,0.35968017578125,0,3.12115478515625,0,1,0,0.18000000715255737,0.550000011920929,1
1,-0.1151123046875,0,3.12628173828125,0,1,0,0.18000000715255737,0.550000011920929,1
1,0.17144775390625,0,3.1253662109375,0,1,0,0.18000000715255737,0.550000011920929,1
1,0.18609619140625,0,3.12896728515625,0,1,0,0.18000000715255737,0.550000011920929,1
1,-0.0670166015625,0,3.13153076171875,0,1,0,0.18000000715255737,0.550000011920929,1
1,0.24615478515625,0,3.13189697265625,0,1,0,0.18000000715255737,0.550000011920929,1
1,0.04443359375,0,3.13580322265625,0,1,0,0.18000000715255737,0.550000011920929,1
1,0.08355712890625,0,3.13702392578125,0,1,0,0.18000000715255737,0.550000011920929,1
1,-0.6783447265625,0,9.34619140625,0,1,0,0.24563805758953094,0.550000011920929,1
1,-0.27398681640625,0,9.5447998046875,0,1,0,0.18000000715255737,0.550000011920929,1
1,0.52520751953125,0,9.5653076171875,0,1,0,0.18000000715255737,0.550000011920929,1
1,-0.35675048828125,0,9.58819580078125,0,1,0,0.18000000715255737,0.550000011920929,1
1,0.5966796875,0,9.59173583984375,0,1,0,0.18000000715255737,0.550000011920929,1
1,-0.0291748046875,0,9.60064697265625,0,1,0,0.27416619658470154,0.550000011920929,1
1,0.4539794921875,0,3.89556884765625,0,1,0,0.18000000715255737,0.550000011920929,1
1,-0.18524169921875,0,3.9024658203125,0,1,0,0.18000000715255737,0.550000011920929,1
1,0.20050048828125,0,3.9012451171875,0,1,0,0.18000000715255737,0.550000011920929,1
1,0.22027587890625,0,3.906005859375,0,1,0,0.18000000715255737,0.550000011920929,1
1,-0.12054443359375,0,3.9095458984375,0,1,0,0.18000000715255737,0.550000011920929,1
1,0.3011474609375,0,3.90997314453125,0,1,0,0.18000000715255737,0.550000011920929,1
1,0.02947998046875,0,3.91522216796875,0,1,0,0.18000000715255737,0.550000011920929,1
1,0.08221435546875,0,3.9168701171875,0,1,0,0.18000000715255737,0.550000011920929,1
1,-0.30322265625,0,10.24560546875,0,1,0,0.18000000715255737,0.550000011920929,1
1,0.5606689453125,0,10.2677001953125,0,1,0,0.18000000715255737,0.550000011920929,1
1,-0.3927001953125,0,10.29248046875,0,1,0,0.18000000715255737,0.550000011920929,1
1,0.637939453125,0,10.29632568359375,0,1,0,0.18000000715255737,0.550000011920929,1
1,0.54913330078125,0,4.67681884765625,0,1,0,0.18000000715255737,0.550000011920929,1
1,-0.25604248046875,0,4.685546875,0,1,0,0.18000000715255737,0.550000011920929,1
1,0.2298583984375,0,4.6839599609375,0,1,0,0.18000000715255737,0.550000011920929,1
1,0.2547607421875,0,4.69000244140625,0,1,0,0.18000000715255737,0.550000011920929,1
1,-0.17449951171875,0,4.6944580078125,0,1,0,0.18000000715255737,0.550000011920929,1
1,0.35662841796875,0,4.69500732421875,0,1,0,0.18000000715255737,0.550000011920929,1
1,0.01446533203125,0,4.70159912109375,0,1,0,0.18000000715255737,0.550000011920929,1
1,0.08087158203125,0,4.70367431640625,0,1,0,0.18000000715255737,0.550000011920929,1
1,0.64666748046875,0,10.4461669921875,0,1,0,0.31825101375579834,0.550000011920929,1
1,-0.33245849609375,0,10.9464111328125,0,1,0,0.18000000715255737,0.550000011920929,1
1,0.5960693359375,0,10.97015380859375,0,1,0,0.18000000715255737,0.550000011920929,1
1,-0.42864990234375,0,10.99676513671875,0,1,0,0.18000000715255737,0.550000011920929,1
1,0.634521484375,0,5.378173828125,0,1,0,0.18000000715255737,0.550000011920929,1
1,-0.31964111328125,0,5.38848876953125,0,1,0,0.18000000715255737,0.550000011920929,1
1,0.2562255859375,0,5.38665771484375,0,1,0,0.18000000715255737,0.550000011920929,1
1,0.28570556640625,0,5.393798828125,0,1,0,0.18000000715255737,0.550000011920929,1
1,-0.22296142578125,0,5.3990478515625,0,1,0,0.18000000715255737,0.550000011920929,1
1,0.40643310546875,0,5.39971923828125,0,1,0,0.18000000715255737,0.550000011920929,1
1,0.0009765625,0,5.40753173828125,0,1,0,0.18000000715255737,0.550000011920929,1
1,0.07965087890625,0,5.40997314453125,0,1,0,0.18000000715255737,0.550000011920929,1
1,-0.44488525390625,0,11.31396484375,0,1,0,0.26140257716178894,0.550000011920929,1
1,-0.36175537109375,0,11.64715576171875,0,1,0,0.18000000715255737,0.550000011920929,1
1,0.63153076171875,0,11.672607421875,0,1,0,0.18000000715255737,0.550000011920929,1
1,0.7198486328125,0,6.07867431640625,0,1,0,0.18000000715255737,0.550000011920929,1
1,-0.38311767578125,0,6.09051513671875,0,1,0,0.18000000715255737,0.550000011920929,1
1,0.28253173828125,0,6.08843994140625,0,1,0,0.18000000715255737,0.550000011920929,1
1,0.31658935546875,0,6.09674072265625,0,1,0,0.18000000715255737,0.550000011920929,1
1,-0.2713623046875,0,6.10272216796875,0,1,0,0.18000000715255737,0.550000011920929,1
1,0.4561767578125,0,6.103515625,0,1,0,0.18000000715255737,0.550000011920929,1
1,-0.01251220703125,0,6.11260986328125,0,1,0,0.18000000715255737,0.550000011920929,1
1,0.07843017578125,0,6.11541748046875,0,1,0,0.18000000715255737,0.550000011920929,1
1,-0.3909912109375,0,12.34796142578125,0,1,0,0.18000000715255737,0.550000011920929,1
1,0.66693115234375,0,12.37506103515625,0,1,0,0.18000000715255737,0.550000011920929,1
1,0.80517578125,0,6.77911376953125,0,1,0,0.18000000715255737,0.550000011920929,1
1,-0.44659423828125,0,6.7926025390625,0,1,0,0.18000000715255737,0.550000011920929,1
1,0.308837890625,0,6.79022216796875,0,1,0,0.18000000715255737,0.550000011920929,1
1,0.3475341796875,0,6.79962158203125,0,1,0,0.18000000715255737,0.550000011920929,1
1,-0.31982421875,0,6.80645751953125,0,1,0,0.18000000715255737,0.550000011920929,1
1,0.50592041015625,0,6.807373046875,0,1,0,0.18000000715255737,0.550000011920929,1
1,-0.0260009765625,0,6.817626953125,0,1,0,0.18000000715255737,0.550000011920929,1
1,0.07720947265625,0,6.82086181640625,0,1,0,0.18000000715255737,0.550000011920929,1
1,0.6768798828125,0,12.57196044921875,0,1,0,0.29709321260452271,0.550000011920929,1
1,-0.42022705078125,0,13.04876708984375,0,1,0,0.18000000715255737,0.550000011920929,1
1,0.8905029296875,0,7.4796142578125,0,1,0,0.18000000715255737,0.550000011920929,1
1,-0.51007080078125,0,7.49468994140625,0,1,0,0.18000000715255737,0.550000011920929,1
1,0.33514404296875,0,7.49200439453125,0,1,0,0.18000000715255737,0.550000011920929,1
1,0.37841796875,0,7.5025634765625,0,1,0,0.18000000715255737,0.550000011920929,1
1,-0.36822509765625,0,7.51019287109375,0,1,0,0.18000000715255737,0.550000011920929,1
1,0.5556640625,0,7.51116943359375,0,1,0,0.18000000715255737,0.550000011920929,1
1,-0.03948974609375,0,7.522705078125,0,1,0,0.18000000715255737,0.550000011920929,1
1,0.07598876953125,0,7.52630615234375,0,1,0,0.18000000715255737,0.550000011920929,1
1,0.08746337890625,0,0.28607177734375,0,1,0,0.18000000715255737,0.550000011920929,1
1,-0.4365234375,0,13.43865966796875,0,1,0,0.26302963495254517,0.550000011920929,1
1,0.02154541015625,0,1.7059326171875,0,1,0,0.18000000715255737,0.550000011920929,1
1,0.09881591796875,0,1.70562744140625,0,1,0,0.18000000715255737,0.550000011920929,1
1,0.1441650390625,0,1.70672607421875,0,1,0,0.18000000715255737,0.550000011920929,1
1,0.01763916015625,0,1.70794677734375,0,1,0,0.18000000715255737,0.550000011920929,1
1,0.1480712890625,0,1.70782470703125,0,1,0,0.18000000715255737,0.550000011920929,1
1,0.0784912109375,0,1.70941162109375,0,1,0,0.18000000715255737,0.550000011920929,1
1,0.071533203125,0,1.7098388671875,0,1,0,0.18000000715255737,0.550000011920929,1
1,0.1162109375,0,1.71051025390625,0,1,0,0.18000000715255737,0.550000011920929,1
1,0.97576904296875,0,8.1800537109375,0,1,0,0.18000000715255737,0.550000011920929,1
1,-0.57354736328125,0,8.19677734375,0,1,0,0.18000000715255737,0.550000011920929,1
1,0.36151123046875,0,8.19384765625,0,1,0,0.18000000715255737,0.550000011920929,1
1,0.40594482421875,0,8.12860107421875,0,1,0,0.30033019185066223,0.550000011920929,1
1,-0.4166259765625,0,8.21392822265625,0,1,0,0.18000000715255737,0.550000011920929,1
1,0.60540771484375,0,8.21502685546875,0,1,0,0.18000000715255737,0.550000011920929,1
1,-0.052978515625,0,8.22772216796875,0,1,0,0.18000000715255737,0.550000011920929,1
1,0.07476806640625,0,8.23175048828125,0,1,0,0.18000000715255737,0.550000011920929,1
1,-0.03948974609375,0,2.4642333984375,0,1,0,0.18000000715255737,0.550000011920929,1
1,0.10931396484375,0,2.463623046875,0,1,0,0.18000000715255737,0.550000011920929,1
1,0.19659423828125,0,2.46575927734375,0,1,0,0.18000000715255737,0.550000011920929,1
1,-0.0469970703125,0,2.46807861328125,0,1,0,0.18000000715255737,0.550000011920929,1
1,0.20416259765625,0,2.4678955078125,0,1,0,0.18000000715255737,0.550000011920929,1
1,0.07025146484375,0,2.47088623046875,0,1,0,0.18000000715255737,0.550000011920929,1
1,0.05682373046875,0,2.47174072265625,0,1,0,0.18000000715255737,0.550000011920929,1
1,0.142822265625,0,2.47308349609375,0,1,0,0.18000000715255737,0.550000011920929,1
1,1.06109619140625,0,8.88055419921875,0,1,0,0.18000000715255737,0.550000011920929,1
1,-0.62811279296875,0,8.80047607421875,0,1,0,0.28566038608551025,0.550000011920929,1
1,0.3878173828125,0,8.8956298828125,0,1,0,0.18000000715255737,0.550000011920929,1
1,-0.46502685546875,0,8.91766357421875,0,1,0,0.18000000715255737,0.550000011920929,1
1,0.6551513671875,0,8.9188232421875,0,1,0,0.18000000715255737,0.550000011920929,1
1,-0.06646728515625,0,8.93280029296875,0,1,0,0.18000000715255737,0.550000011920929,1
1,0.07354736328125,0,8.93719482421875,0,1,0,0.18000000715255737,0.550000011920929,1
1,-0.0679931640625,0,9.0107421875,0,1,0,0.25836250185966492,0.550000011920929,1
1,-0.09698486328125,0,3.17901611328125,0,1,0,0.18000000715255737,0.550000011920929,1
1,0.1192626953125,0,3.17816162109375,0,1,0,0.18000000715255737,0.550000011920929,1
1,0.24609375,0,3.1812744140625,0,1,0,0.18000000715255737,0.550000011920929,1
1,-0.10784912109375,0,3.18463134765625,0,1,0,0.18000000715255737,0.550000011920929,1
1,0.25701904296875,0,3.18438720703125,0,1,0,0.18000000715255737,0.550000011920929,1
1,0.06243896484375,0,3.18865966796875,0,1,0,0.18000000715255737,0.550000011920929,1
1,0.04290771484375,0,3.18994140625,0,1,0,0.18000000715255737,0.550000011920929,1
1,0.16796875,0,3.19189453125,0,1,0,0.18000000715255737,0.550000011920929,1
1,1.13214111328125,0,9.46405029296875,0,1,0,0.28987088799476624,0.550000011920929,1
1,0.41412353515625,0,9.597412109375,0,1,0,0.18000000715255737,0.550000011920929,1
1,-0.513427734375,0,9.621337890625,0,1,0,0.18000000715255737,0.550000011920929,1
1,0.70489501953125,0,9.6226806640625,0,1,0,0.18000000715255737,0.550000011920929,1
1,0.07232666015625,0,9.642578125,0,1,0,0.18000000715255737,0.550000011920929,1
1,-0.1588134765625,0,3.94805908203125,0,1,0,0.18000000715255737,0.550000011920929,1
1,0.1298828125,0,3.9468994140625,0,1,0,0.18000000715255737,0.550000011920929,1
1,0.29925537109375,0,3.95098876953125,0,1,0,0.18000000715255737,0.550000011920929,1
1,-0.17340087890625,0,3.95556640625,0,1,0,0.18000000715255737,0.550000011920929,1
1,0.31390380859375,0,3.9552001953125,0,1,0,0.18000000715255737,0.550000011920929,1
1,0.05401611328125,0,3.9609375,0,1,0,0.18000000715255737,0.550000011920929,1
1,0.0279541015625,0,3.962646484375,0,1,0,0.18000000715255737,0.550000011920929,1
1,0.1949462890625,0,3.9652099609375,0,1,0,0.18000000715255737,0.550000011920929,1
1,0.4404296875,0,10.2991943359375,0,1,0,0.18000000715255737,0.550000011920929,1
1,-0.56182861328125,0,10.3250732421875,0,1,0,0.18000000715255737,0.550000011920929,1
1,0.754638671875,0,10.32647705078125,0,1,0,0.18000000715255737,0.550000011920929,1
1,0.07110595703125,0,10.3480224609375,0,1,0,0.18000000715255737,0.550000011920929,1
1,-0.22113037109375,0,4.722900390625,0,1,0,0.18000000715255737,0.550000011920929,1
1,0.140625,0,4.72149658203125,0,1,0,0.18000000715255737,0.550000011920929,1
1,0.35284423828125,0,4.72662353515625,0,1,0,0.18000000715255737,0.550000011920929,1
1,-0.2393798828125,0,4.7322998046875,0,1,0,0.18000000715255737,0.550000011920929,1
1,0.3712158203125,0,4.73187255859375,0,1,0,0.18000000715255737,0.550000011920929,1
1,0.0455322265625,0,4.739013671875,0,1,0,0.18000000715255737,0.550000011920929,1
1,0.012939453125,0,4.74114990234375,0,1,0,0.18000000715255737,0.550000011920929,1
1,0.22210693359375,0,4.744384765625,0,1,0,0.18000000715255737,0.550000011920929,1
1,0.7921142578125,0,10.85638427734375,0,1,0,0.25659433007240295,0.550000011920929,1
1,0.46673583984375,0,11.0009765625,0,1,0,0.18000000715255737,0.550000011920929,1
1,-0.6102294921875,0,11.02880859375,0,1,0,0.18000000715255737,0.550000011920929,1
1,0.06988525390625,0,11.053466796875,0,1,0,0.18000000715255737,0.550000011920929,1
1,-0.6162109375,0,11.115234375,0,1,0,0.25906583666801453,0.550000011920929,1
1,0.06982421875,0,11.08135986328125,0,1,0,0.25441363453865051,0.550000011920929,1
1,-0.277587890625,0,5.424560546875,0,1,0,0.18000000715255737,0.550000011920929,1
1,0.150390625,0,5.42291259765625,0,1,0,0.18000000715255737,0.550000011920929,1
1,0.4013671875,0,5.428955078125,0,1,0,0.18000000715255737,0.550000011920929,1
1,-0.29913330078125,0,5.43572998046875,0,1,0,0.18000000715255737,0.550000011920929,1
1,0.423095703125,0,5.4351806640625,0,1,0,0.18000000715255737,0.550000011920929,1
1,0.03790283203125,0,5.44366455078125,0,1,0,0.18000000715255737,0.550000011920929,1
1,-0.000732421875,0,5.4461669921875,0,1,0,0.18000000715255737,0.550000011920929,1
1,0.24676513671875,0,5.45001220703125,0,1,0,0.18000000715255737,0.550000011920929,1
1,0.4930419921875,0,11.70281982421875,0,1,0,0.18000000715255737,0.550000011920929,1
1,-0.333984375,0,6.12603759765625,0,1,0,0.18000000715255737,0.550000011920929,1
1,0.16009521484375,0,6.1241455078125,0,1,0,0.18000000715255737,0.550000011920929,1
1,0.44989013671875,0,6.131103515625,0,1,0,0.18000000715255737,0.550000011920929,1
1,-0.35888671875,0,6.138916015625,0,1,0,0.18000000715255737,0.550000011920929,1
1,0.4749755859375,0,6.1383056640625,0,1,0,0.18000000715255737,0.550000011920929,1
1,0.03021240234375,0,6.1480712890625,0,1,0,0.18000000715255737,0.550000011920929,1
1,-0.01434326171875,0,6.1510009765625,0,1,0,0.18000000715255737,0.550000011920929,1
1,0.2713623046875,0,6.1553955078125,0,1,0,0.18000000715255737,0.550000011920929,1
1,0.5194091796875,0,12.40460205078125,0,1,0,0.18000000715255737,0.550000011920929,1
1,-0.39044189453125,0,6.82745361328125,0,1,0,0.18000000715255737,0.550000011920929,1
1,0.1697998046875,0,6.8253173828125,0,1,0,0.18000000715255737,0.550000011920929,1
1,0.4984130859375,0,6.833251953125,0,1,0,0.18000000715255737,0.550000011920929,1
1,-0.41864013671875,0,6.842041015625,0,1,0,0.18000000715255737,0.550000011920929,1
1,0.52685546875,0,6.84136962890625,0,1,0,0.18000000715255737,0.550000011920929,1
1,0.0225830078125,0,6.85247802734375,0,1,0,0.18000000715255737,0.550000011920929,1
1,-0.0279541015625,0,6.85577392578125,0,1,0,0.18000000715255737,0.550000011920929,1
1,0.29595947265625,0,6.86077880859375,0,1,0,0.18000000715255737,0.550000011920929,1
1,0.54437255859375,0,13.07122802734375,0,1,0,0.299719899892807,0.550000011920929,1
1,-0.44683837890625,0,7.5289306640625,0,1,0,0.18000000715255737,0.550000011920929,1
1,0.1795654296875,0,7.5264892578125,0,1,0,0.18000000715255737,0.550000011920929,1
1,0.54693603515625,0,7.535400390625,0,1,0,0.18000000715255737,0.550000011920929,1
1,-0.4783935546875,0,7.54522705078125,0,1,0,0.18000000715255737,0.550000011920929,1
1,0.5787353515625,0,7.54449462890625,0,1,0,0.18000000715255737,0.550000011920929,1
1,0.014892578125,0,7.556884765625,0,1,0,0.18000000715255737,0.550000011920929,1
1,-0.04156494140625,0,7.56060791015625,0,1,0,0.18000000715255737,0.550000011920929,1
1,0.32061767578125,0,7.566162109375,0,1,0,0.18000000715255737,0.550000011920929,1
1,0.08746337890625,0,0.28607177734375,0,1,0,0.18000000715255737,0.550000011920929,1
1,0.0076904296875,0,1.61480712890625,0,1,0,0.18000000715255737,0.550000011920929,1
1,0.1365966796875,0,1.6143798828125,0,1,0,0.18000000715255737,0.550000011920929,1
1,0.10302734375,0,1.61578369140625,0,1,0,0.18000000715255737,0.550000011920929,1
1,0.03936767578125,0,1.61639404296875,0,1,0,0.18000000715255737,0.550000011920929,1
1,0.1510009765625,0,1.6165771484375,0,1,0,0.18000000715255737,0.550000011920929,1
1,0.0570068359375,0,1.61798095703125,0,1,0,0.18000000715255737,0.550000011920929,1
1,0.0926513671875,0,1.6181640625,0,1,0,0.18000000715255737,0.550000011920929,1
1,0.10662841796875,0,1.6190185546875,0,1,0,0.18000000715255737,0.550000011920929,1
1,-0.4981689453125,0,8.16680908203125,0,1,0,0.2707330584526062,0.550000011920929,1
1,0.18927001953125,0,8.22772216796875,0,1,0,0.18000000715255737,0.550000011920929,1
1,0.59368896484375,0,8.211669921875,0,1,0,0.30340942740440369,0.550000011920929,1
1,-0.53814697265625,0,8.2484130859375,0,1,0,0.18000000715255737,0.550000011920929,1
1,0.630615234375,0,8.24755859375,0,1,0,0.18000000715255737,0.550000011920929,1
1,0.00726318359375,0,8.26129150390625,0,1,0,0.18000000715255737,0.550000011920929,1
1,-0.05523681640625,0,8.265380859375,0,1,0,0.18000000715255737,0.550000011920929,1
1,0.34521484375,0,8.27154541015625,0,1,0,0.18000000715255737,0.550000011920929,1
1,0.0042724609375,0,8.533935546875,0,1,0,0.30239567160606384,0.550000011920929,1
1,-0.075439453125,0,2.3739013671875,0,1,0,0.18000000715255737,0.550000011920929,1
1,0.18780517578125,0,2.373046875,0,1,0,0.18000000715255737,0.550000011920929,1
1,0.1192626953125,0,2.37591552734375,0,1,0,0.18000000715255737,0.550000011920929,1
1,-0.0107421875,0,2.377197265625,0,1,0,0.18000000715255737,0.550000011920929,1
1,0.21722412109375,0,2.37750244140625,0,1,0,0.18000000715255737,0.550000011920929,1
1,0.02532958984375,0,2.38037109375,0,1,0,0.18000000715255737,0.550000011920929,1
1,0.09808349609375,0,2.3807373046875,0,1,0,0.18000000715255737,0.550000011920929,1
1,0.12652587890625,0,2.3824462890625,0,1,0,0.18000000715255737,0.550000011920929,1
1,0.198974609375,0,8.92889404296875,0,1,0,0.18000000715255737,0.550000011920929,1
1,-0.597900390625,0,8.95159912109375,0,1,0,0.18000000715255737,0.550000011920929,1
1,0.6824951171875,0,8.95068359375,0,1,0,0.18000000715255737,0.550000011920929,1
1,-0.06884765625,0,8.97015380859375,0,1,0,0.18000000715255737,0.550000011920929,1
1,0.369873046875,0,8.97698974609375,0,1,0,0.18000000715255737,0.550000011920929,1
1,-0.15460205078125,0,3.09674072265625,0,1,0,0.18000000715255737,0.550000011920929,1
1,0.236572265625,0,3.095458984375,0,1,0,0.18000000715255737,0.550000011920929,1
1,0.1346435546875,0,3.0997314453125,0,1,0,0.18000000715255737,0.550000011920929,1
1,-0.0584716796875,0,3.10162353515625,0,1,0,0.18000000715255737,0.550000011920929,1
1,0.28021240234375,0,3.10211181640625,0,1,0,0.18000000715255737,0.550000011920929,1
1,-0.0048828125,0,3.1063232421875,0,1,0,0.18000000715255737,0.550000011920929,1
1,0.103271484375,0,3.10693359375,0,1,0,0.18000000715255737,0.550000011920929,1
1,0.1455078125,0,3.10943603515625,0,1,0,0.18000000715255737,0.550000011920929,1
1,0.208740234375,0,9.630126953125,0,1,0,0.18000000715255737,0.550000011920929,1
1,-0.65765380859375,0,9.65478515625,0,1,0,0.18000000715255737,0.550000011920929,1
1,0.734375,0,9.65374755859375,0,1,0,0.18000000715255737,0.550000011920929,1
1,-0.08245849609375,0,9.67498779296875,0,1,0,0.18000000715255737,0.550000011920929,1
1,0.39447021484375,0,9.682373046875,0,1,0,0.18000000715255737,0.550000011920929,1
1,-0.2398681640625,0,3.8753662109375,0,1,0,0.18000000715255737,0.550000011920929,1
1,0.2890625,0,3.8736572265625,0,1,0,0.18000000715255737,0.550000011920929,1
1,0.15130615234375,0,3.87945556640625,0,1,0,0.18000000715255737,0.550000011920929,1
1,-0.10986328125,0,3.88201904296875,0,1,0,0.18000000715255737,0.550000011920929,1
1,0.34814453125,0,3.8826904296875,0,1,0,0.18000000715255737,0.550000011920929,1
1,-0.03741455078125,0,3.888427734375,0,1,0,0.18000000715255737,0.550000011920929,1
1,0.10882568359375,0,3.88916015625,0,1,0,0.18000000715255737,0.550000011920929,1
1,0.16595458984375,0,3.892578125,0,1,0,0.18000000715255737,0.550000011920929,1
1,0.404296875,0,9.9632568359375,0,1,0,0.2949906587600708,0.550000011920929,1
1,0.21844482421875,0,10.331298828125,0,1,0,0.18000000715255737,0.550000011920929,1
1,-0.7174072265625,0,10.35797119140625,0,1,0,0.18000000715255737,0.550000011920929,1
1,0.7862548828125,0,10.35687255859375,0,1,0,0.18000000715255737,0.550000011920929,1
1,-0.09613037109375,0,10.3797607421875,0,1,0,0.18000000715255737,0.550000011920929,1
1,-0.325927734375,0,4.6614990234375,0,1,0,0.18000000715255737,0.550000011920929,1
1,0.34210205078125,0,4.65936279296875,0,1,0,0.18000000715255737,0.550000011920929,1
1,0.1680908203125,0,4.66668701171875,0,1,0,0.18000000715255737,0.550000011920929,1
1,-0.1617431640625,0,4.66986083984375,0,1,0,0.18000000715255737,0.550000011920929,1
1,0.41668701171875,0,4.6707763671875,0,1,0,0.18000000715255737,0.550000011920929,1
1,-0.07025146484375,0,4.677978515625,0,1,0,0.18000000715255737,0.550000011920929,1
1,0.114501953125,0,4.678955078125,0,1,0,0.18000000715255737,0.550000011920929,1
1,0.1866455078125,0,4.68316650390625,0,1,0,0.18000000715255737,0.550000011920929,1
1,-0.7391357421875,0,10.613525390625,0,1,0,0.24932950735092163,0.550000011920929,1
1,0.2281494140625,0,11.03253173828125,0,1,0,0.18000000715255737,0.550000011920929,1
1,0.838134765625,0,11.0599365234375,0,1,0,0.18000000715255737,0.550000011920929,1
1,-0.1097412109375,0,11.0845947265625,0,1,0,0.18000000715255737,0.550000011920929,1
1,-0.40289306640625,0,5.36431884765625,0,1,0,0.18000000715255737,0.550000011920929,1
1,0.38946533203125,0,5.3616943359375,0,1,0,0.18000000715255737,0.550000011920929,1
1,0.18310546875,0,5.37042236328125,0,1,0,0.18000000715255737,0.550000011920929,1
1,-0.2081298828125,0,5.37420654296875,0,1,0,0.18000000715255737,0.550000011920929,1
1,0.47796630859375,0,5.375244140625,0,1,0,0.18000000715255737,0.550000011920929,1
1,-0.099609375,0,5.3837890625,0,1,0,0.18000000715255737,0.550000011920929,1
1,0.1195068359375,0,5.38494873046875,0,1,0,0.18000000715255737,0.550000011920929,1
1,0.205078125,0,5.3900146484375,0,1,0,0.18000000715255737,0.550000011920929,1
1,0.86932373046875,0,11.48309326171875,0,1,0,0.28529363870620728,0.550000011920929,1
1,-0.11920166015625,0,11.5758056640625,0,1,0,0.31020054221153259,0.550000011920929,1
1,0.23785400390625,0,11.73370361328125,0,1,0,0.18000000715255737,0.550000011920929,1
1,-0.479736328125,0,6.06573486328125,0,1,0,0.18000000715255737,0.550000011920929,1
1,0.436767578125,0,6.062744140625,0,1,0,0.18000000715255737,0.550000011920929,1
1,0.19805908203125,0,6.07281494140625,0,1,0,0.18000000715255737,0.550000011920929,1
1,-0.25445556640625,0,6.0771484375,0,1,0,0.18000000715255737,0.550000011920929,1
1,0.53912353515625,0,6.078369140625,0,1,0,0.18000000715255737,0.550000011920929,1
1,-0.12890625,0,6.08831787109375,0,1,0,0.18000000715255737,0.550000011920929,1
1,0.12451171875,0,6.08966064453125,0,1,0,0.18000000715255737,0.550000011920929,1
1,0.2235107421875,0,6.095458984375,0,1,0,0.18000000715255737,0.550000011920929,1
1,0.24761962890625,0,12.4349365234375,0,1,0,0.18000000715255737,0.550000011920929,1
1,-0.5565185546875,0,6.76715087890625,0,1,0,0.18000000715255737,0.550000011920929,1
1,0.48406982421875,0,6.7637939453125,0,1,0,0.18000000715255737,0.550000011920929,1
1,0.21307373046875,0,6.77520751953125,0,1,0,0.18000000715255737,0.550000011920929,1
1,-0.30072021484375,0,6.7801513671875,0,1,0,0.18000000715255737,0.550000011920929,1
1,0.600341796875,0,6.78155517578125,0,1,0,0.18000000715255737,0.550000011920929,1
1,-0.158203125,0,6.79278564453125,0,1,0,0.18000000715255737,0.550000011920929,1
1,0.12957763671875,0,6.7943115234375,0,1,0,0.18000000715255737,0.550000011920929,1
1,0.241943359375,0,6.80096435546875,0,1,0,0.18000000715255737,0.550000011920929,1
1,0.25732421875,0,13.1361083984375,0,1,0,0.18000000715255737,0.550000011920929,1
1,-0.63330078125,0,7.46856689453125,0,1,0,0.18000000715255737,0.550000011920929,1
1,0.5313720703125,0,7.46478271484375,0,1,0,0.18000000715255737,0.550000011920929,1
1,0.22802734375,0,7.47760009765625,0,1,0,0.18000000715255737,0.550000011920929,1
1,-0.3470458984375,0,7.483154296875,0,1,0,0.18000000715255737,0.550000011920929,1
1,0.6614990234375,0,7.48468017578125,0,1,0,0.18000000715255737,0.550000011920929,1
1,-0.1875,0,7.49725341796875,0,1,0,0.18000000715255737,0.550000011920929,1
1,0.13458251953125,0,7.49896240234375,0,1,0,0.18000000715255737,0.550000011920929,1
1,0.26031494140625,0,7.50640869140625,0,1,0,0.18000000715255737,0.550000011920929,1
1,0.08746337890625,0,0.28607177734375,0,1,0,0.18000000715255737,0.550000011920929,1
1,0.234130859375,0,7.763671875,0,1,0,0.29996144771575928,0.550000011920929,1
1,0.2623291015625,0,13.4970703125,0,1,0,0.28199750185012817,0.550000011920929,1
1,0.18341064453125,0,1.67431640625,0,1,0,0.18000000715255737,0.550000011920929,1
1,0.04296875,0,1.67620849609375,0,1,0,0.18000000715255737,0.550000011920929,1
1,0.08050537109375,0,1.6761474609375,0,1,0,0.18000000715255737,0.550000011920929,1
1,0.1485595703125,0,1.67694091796875,0,1,0,0.18000000715255737,0.550000011920929,1
1,0.0279541015625,0,1.67828369140625,0,1,0,0.18000000715255737,0.550000011920929,1
1,0.13006591796875,0,1.67822265625,0,1,0,0.18000000715255737,0.550000011920929,1
1,0.09088134765625,0,1.67950439453125,0,1,0,0.18000000715255737,0.550000011920929,1
1,0.07623291015625,0,1.68011474609375,0,1,0,0.18000000715255737,0.550000011920929,1
1,-0.71014404296875,0,8.1700439453125,0,1,0,0.18000000715255737,0.550000011920929,1
1,0.5787353515625,0,8.16583251953125,0,1,0,0.18000000715255737,0.550000011920929,1
1,-0.393310546875,0,8.18609619140625,0,1,0,0.18000000715255737,0.550000011920929,1
1,0.72265625,0,8.1878662109375,0,1,0,0.18000000715255737,0.550000011920929,1
1,-0.216796875,0,8.2017822265625,0,1,0,0.18000000715255737,0.550000011920929,1
1,0.13958740234375,0,8.20367431640625,0,1,0,0.18000000715255737,0.550000011920929,1
1,0.27874755859375,0,8.21185302734375,0,1,0,0.18000000715255737,0.550000011920929,1
1,0.27557373046875,0,2.4317626953125,0,1,0,0.18000000715255737,0.550000011920929,1
1,0.000244140625,0,2.43548583984375,0,1,0,0.18000000715255737,0.550000011920929,1
1,0.0738525390625,0,2.43536376953125,0,1,0,0.18000000715255737,0.550000011920929,1
1,0.207275390625,0,2.43701171875,0,1,0,0.18000000715255737,0.550000011920929,1
1,-0.029296875,0,2.43951416015625,0,1,0,0.18000000715255737,0.550000011920929,1
1,0.17108154296875,0,2.439453125,0,1,0,0.18000000715255737,0.550000011920929,1
1,0.0941162109375,0,2.4420166015625,0,1,0,0.18000000715255737,0.550000011920929,1
1,0.0654296875,0,2.44317626953125,0,1,0,0.18000000715255737,0.550000011920929,1
1,-0.78692626953125,0,8.8714599609375,0,1,0,0.18000000715255737,0.550000011920929,1
1,0.62603759765625,0,8.86688232421875,0,1,0,0.18000000715255737,0.550000011920929,1
1,-0.43963623046875,0,8.88909912109375,0,1,0,0.18000000715255737,0.550000011920929,1
1,0.7838134765625,0,8.8909912109375,0,1,0,0.18000000715255737,0.550000011920929,1
1,-0.24609375,0,8.90625,0,1,0,0.18000000715255737,0.550000011920929,1
1,0.14459228515625,0,8.9083251953125,0,1,0,0.18000000715255737,0.550000011920929,1
1,0.29718017578125,0,8.91729736328125,0,1,0,0.18000000715255737,0.550000011920929,1
1,-0.24755859375,0,8.94073486328125,0,1,0,0.27719736099243164,0.550000011920929,1
1,0.36273193359375,0,3.1480712890625,0,1,0,0.18000000715255737,0.550000011920929,1
1,-0.0401611328125,0,3.153564453125,0,1,0,0.18000000715255737,0.550000011920929,1
1,0.06756591796875,0,3.15338134765625,0,1,0,0.18000000715255737,0.550000011920929,1
1,0.2628173828125,0,3.15576171875,0,1,0,0.18000000715255737,0.550000011920929,1
1,-0.0833740234375,0,3.159423828125,0,1,0,0.18000000715255737,0.550000011920929,1
1,0.20977783203125,0,3.15936279296875,0,1,0,0.18000000715255737,0.550000011920929,1
1,0.09722900390625,0,3.1630859375,0,1,0,0.18000000715255737,0.550000011920929,1
1,0.05523681640625,0,3.164794921875,0,1,0,0.18000000715255737,0.550000011920929,1
1,-0.84930419921875,0,9.4407958984375,0,1,0,0.29096198081970215,0.550000011920929,1
1,0.67333984375,0,9.56787109375,0,1,0,0.18000000715255737,0.550000011920929,1
1,-0.4859619140625,0,9.59210205078125,0,1,0,0.18000000715255737,0.550000011920929,1
1,0.844970703125,0,9.5941162109375,0,1,0,0.18000000715255737,0.550000011920929,1
1,0.149658203125,0,9.61297607421875,0,1,0,0.18000000715255737,0.550000011920929,1
1,0.31549072265625,0,9.6187744140625,0,1,0,0.30928722023963928,0.550000011920929,1
1,0.45654296875,0,3.9190673828125,0,1,0,0.18000000715255737,0.550000011920929,1
1,-0.0836181640625,0,3.92645263671875,0,1,0,0.18000000715255737,0.550000011920929,1
1,0.060791015625,0,3.92620849609375,0,1,0,0.18000000715255737,0.550000011920929,1
1,0.32257080078125,0,3.92938232421875,0,1,0,0.18000000715255737,0.550000011920929,1
1,-0.1416015625,0,3.934326171875,0,1,0,0.18000000715255737,0.550000011920929,1
1,0.25146484375,0,3.9342041015625,0,1,0,0.18000000715255737,0.550000011920929,1
1,0.10052490234375,0,3.939208984375,0,1,0,0.18000000715255737,0.550000011920929,1
1,0.04425048828125,0,3.94146728515625,0,1,0,0.18000000715255737,0.550000011920929,1
1,0.72064208984375,0,10.2689208984375,0,1,0,0.18000000715255737,0.550000011920929,1
1,-0.5322265625,0,10.29510498046875,0,1,0,0.18000000715255737,0.550000011920929,1
1,0.9061279296875,0,10.29730224609375,0,1,0,0.18000000715255737,0.550000011920929,1
1,0.1546630859375,0,10.31768798828125,0,1,0,0.18000000715255737,0.550000011920929,1
1,0.910888671875,0,10.3515625,0,1,0,0.27777743339538574,0.550000011920929,1
1,0.5511474609375,0,4.6964111328125,0,1,0,0.18000000715255737,0.550000011920929,1
1,-0.12750244140625,0,4.70574951171875,0,1,0,0.18000000715255737,0.550000011920929,1
1,0.053955078125,0,4.70538330078125,0,1,0,0.18000000715255737,0.550000011920929,1
1,0.38287353515625,0,4.7093505859375,0,1,0,0.18000000715255737,0.550000011920929,1
1,-0.2003173828125,0,4.715576171875,0,1,0,0.18000000715255737,0.550000011920929,1
1,0.29351806640625,0,4.7154541015625,0,1,0,0.18000000715255737,0.550000011920929,1
1,0.1038818359375,0,4.7216796875,0,1,0,0.18000000715255737,0.550000011920929,1
1,0.033203125,0,4.724609375,0,1,0,0.18000000715255737,0.550000011920929,1
1,0.7679443359375,0,10.969970703125,0,1,0,0.18000000715255737,0.550000011920929,1
1,-0.57855224609375,0,10.998046875,0,1,0,0.18000000715255737,0.550000011920929,1
1,0.15966796875,0,11.0223388671875,0,1,0,0.18000000715255737,0.550000011920929,1
1,0.636474609375,0,5.39727783203125,0,1,0,0.18000000715255737,0.550000011920929,1
1,-0.1669921875,0,5.40826416015625,0,1,0,0.18000000715255737,0.550000011920929,1
1,0.04779052734375,0,5.4078369140625,0,1,0,0.18000000715255737,0.550000011920929,1
1,0.43719482421875,0,5.41253662109375,0,1,0,0.18000000715255737,0.550000011920929,1
1,-0.25323486328125,0,5.419921875,0,1,0,0.18000000715255737,0.550000011920929,1
1,0.3314208984375,0,5.4197998046875,0,1,0,0.18000000715255737,0.550000011920929,1
1,0.10693359375,0,5.42718505859375,0,1,0,0.18000000715255737,0.550000011920929,1
1,0.02325439453125,0,5.43060302734375,0,1,0,0.18000000715255737,0.550000011920929,1
1,0.81524658203125,0,11.67095947265625,0,1,0,0.18000000715255737,0.550000011920929,1
1,-0.62481689453125,0,11.7010498046875,0,1,0,0.18000000715255737,0.550000011920929,1
1,0.1646728515625,0,11.72698974609375,0,1,0,0.18000000715255737,0.550000011920929,1
1,0.16497802734375,0,11.76556396484375,0,1,0,0.31326371431350708,0.550000011920929,1
1,0.7216796875,0,6.09759521484375,0,1,0,0.18000000715255737,0.550000011920929,1
1,-0.20654296875,0,6.11029052734375,0,1,0,0.18000000715255737,0.550000011920929,1
1,0.0416259765625,0,6.10986328125,0,1,0,0.18000000715255737,0.550000011920929,1
1,0.491455078125,0,6.115234375,0,1,0,0.18000000715255737,0.550000011920929,1
1,-0.30609130859375,0,6.123779296875,0,1,0,0.18000000715255737,0.550000011920929,1
1,0.36932373046875,0,6.12359619140625,0,1,0,0.18000000715255737,0.550000011920929,1
1,0.10992431640625,0,6.13214111328125,0,1,0,0.18000000715255737,0.550000011920929,1
1,0.01324462890625,0,6.1361083984375,0,1,0,0.18000000715255737,0.550000011920929,1
1,-0.6361083984375,0,11.87200927734375,0,1,0,0.31679072976112366,0.550000011920929,1
1,0.862548828125,0,12.37200927734375,0,1,0,0.18000000715255737,0.550000011920929,1
1,0.806884765625,0,6.79791259765625,0,1,0,0.18000000715255737,0.550000011920929,1
1,-0.24603271484375,0,6.81231689453125,0,1,0,0.18000000715255737,0.550000011920929,1
1,0.03546142578125,0,6.81182861328125,0,1,0,0.18000000715255737,0.550000011920929,1
1,0.5457763671875,0,6.81793212890625,0,1,0,0.18000000715255737,0.550000011920929,1
1,-0.3590087890625,0,6.82763671875,0,1,0,0.18000000715255737,0.550000011920929,1
1,0.40716552734375,0,6.82745361328125,0,1,0,0.18000000715255737,0.550000011920929,1
1,0.11297607421875,0,6.83709716796875,0,1,0,0.18000000715255737,0.550000011920929,1
1,0.0032958984375,0,6.84161376953125,0,1,0,0.18000000715255737,0.550000011920929,1
1,0.8983154296875,0,12.9022216796875,0,1,0,0.25643670558929443,0.550000011920929,1
1,0.89215087890625,0,7.49822998046875,0,1,0,0.18000000715255737,0.550000011920929,1
1,-0.2855224609375,0,7.51434326171875,0,1,0,0.18000000715255737,0.550000011920929,1
1,0.029296875,0,7.5137939453125,0,1,0,0.18000000715255737,0.550000011920929,1
1,0.60003662109375,0,7.52069091796875,0,1,0,0.18000000715255737,0.550000011920929,1
1,-0.411865234375,0,7.531494140625,0,1,0,0.18000000715255737,0.550000011920929,1
1,0.445068359375,0,7.53125,0,1,0,0.18000000715255737,0.550000011920929,1
1,0.115966796875,0,7.54205322265625,0,1,0,0.18000000715255737,0.550000011920929,1
1,-0.0067138671875,0,7.547119140625,0,1,0,0.18000000715255737,0.550000011920929,1
1,0.08746337890625,0,0.28607177734375,0,1,0,0.18000000715255737,0.550000011920929,1
1,-0.31036376953125,0,7.95538330078125,0,1,0,0.28176623582839966,0.550000011920929,1
1,0.0179443359375,0,1.58416748046875,0,1,0,0.18000000715255737,0.550000011920929,1
1,0.16619873046875,0,1.58404541015625,0,1,0,0.18000000715255737,0.550000011920929,1
1,0.053466796875,0,1.58563232421875,0,1,0,0.18000000715255737,0.550000011920929,1
1,0.080322265625,0,1.585693359375,0,1,0,0.18000000715255737,0.550000011920929,1
1,0.13677978515625,0,1.58636474609375,0,1,0,0.18000000715255737,0.550000011920929,1
1,0.04364013671875,0,1.58746337890625,0,1,0,0.18000000715255737,0.550000011920929,1
1,0.11676025390625,0,1.58758544921875,0,1,0,0.18000000715255737,0.550000011920929,1
1,0.09161376953125,0,1.58856201171875,0,1,0,0.18000000715255737,0.550000011920929,1
1,0.97735595703125,0,8.19854736328125,0,1,0,0.18000000715255737,0.550000011920929,1
1,0.02313232421875,0,8.21575927734375,0,1,0,0.18000000715255737,0.550000011920929,1
1,0.65435791015625,0,8.223388671875,0,1,0,0.18000000715255737,0.550000011920929,1
1,-0.46478271484375,0,8.2353515625,0,1,0,0.18000000715255737,0.550000011920929,1
1,0.48291015625,0,8.235107421875,0,1,0,0.18000000715255737,0.550000011920929,1
1,0.1190185546875,0,8.2470703125,0,1,0,0.18000000715255737,0.550000011920929,1
1,-0.01666259765625,0,8.25262451171875,0,1,0,0.18000000715255737,0.550000011920929,1
1,-0.05767822265625,0,2.343017578125,0,1,0,0.18000000715255737,0.550000011920929,1
1,0.2518310546875,0,2.34271240234375,0,1,0,0.18000000715255737,0.550000011920929,1
1,0.0164794921875,0,2.3460693359375,0,1,0,0.18000000715255737,0.550000011920929,1
1,0.072509765625,0,2.34613037109375,0,1,0,0.18000000715255737,0.550000011920929,1
1,0.19036865234375,0,2.34759521484375,0,1,0,0.18000000715255737,0.550000011920929,1
1,-0.00396728515625,0,2.349853515625,0,1,0,0.18000000715255737,0.550000011920929,1
1,0.14862060546875,0,2.35009765625,0,1,0,0.18000000715255737,0.550000011920929,1
1,0.09619140625,0,2.3521728515625,0,1,0,0.18000000715255737,0.550000011920929,1
1,0.69219970703125,0,8.713623046875,0,1,0,0.31290480494499207,0.550000011920929,1
1,1.06256103515625,0,8.89886474609375,0,1,0,0.18000000715255737,0.550000011920929,1
1,0.0169677734375,0,8.917724609375,0,1,0,0.18000000715255737,0.550000011920929,1
1,-0.5177001953125,0,8.93914794921875,0,1,0,0.18000000715255737,0.550000011920929,1
1,0.52081298828125,0,8.93890380859375,0,1,0,0.18000000715255737,0.550000011920929,1
1,0.12158203125,0,8.857421875,0,1,0,0.248185396194458,0.550000011920929,1
1,-0.026611328125,0,8.9581298828125,0,1,0,0.18000000715255737,0.550000011920929,1
1,-0.12994384765625,0,3.06829833984375,0,1,0,0.18000000715255737,0.550000011920929,1
1,0.3336181640625,0,3.06781005859375,0,1,0,0.18000000715255737,0.550000011920929,1
1,-0.01885986328125,0,3.0728759765625,0,1,0,0.18000000715255737,0.550000011920929,1
1,0.0650634765625,0,3.07293701171875,0,1,0,0.18000000715255737,0.550000011920929,1
1,0.24163818359375,0,3.0750732421875,0,1,0,0.18000000715255737,0.550000011920929,1
1,-0.0494384765625,0,3.0784912109375,0,1,0,0.18000000715255737,0.550000011920929,1
1,0.1790771484375,0,3.078857421875,0,1,0,0.18000000715255737,0.550000011920929,1
1,0.1004638671875,0,3.08197021484375,0,1,0,0.18000000715255737,0.550000011920929,1
1,1.1478271484375,0,9.5992431640625,0,1,0,0.18000000715255737,0.550000011920929,1
1,0.01080322265625,0,9.61968994140625,0,1,0,0.18000000715255737,0.550000011920929,1
1,-0.570556640625,0,9.64300537109375,0,1,0,0.18000000715255737,0.550000011920929,1
1,0.55865478515625,0,9.64276123046875,0,1,0,0.18000000715255737,0.550000011920929,1
1,-0.03662109375,0,9.66363525390625,0,1,0,0.18000000715255737,0.550000011920929,1
1,-0.207763671875,0,3.849853515625,0,1,0,0.18000000715255737,0.550000011920929,1
1,0.42181396484375,0,3.84918212890625,0,1,0,0.18000000715255737,0.550000011920929,1
1,-0.05694580078125,0,3.85614013671875,0,1,0,0.18000000715255737,0.550000011920929,1
1,0.05706787109375,0,3.856201171875,0,1,0,0.18000000715255737,0.550000011920929,1
1,0.29681396484375,0,3.859130859375,0,1,0,0.18000000715255737,0.550000011920929,1
1,-0.09844970703125,0,3.86376953125,0,1,0,0.18000000715255737,0.550000011920929,1
1,0.2119140625,0,3.8642578125,0,1,0,0.18000000715255737,0.550000011920929,1
1,0.10516357421875,0,3.86846923828125,0,1,0,0.18000000715255737,0.550000011920929,1
1,-0.60418701171875,0,10.090576171875,0,1,0,0.30871370434761047,0.550000011920929,1
1,1.2330322265625,0,10.299560546875,0,1,0,0.18000000715255737,0.550000011920929,1
1,0.004638671875,0,10.32171630859375,0,1,0,0.18000000715255737,0.550000011920929,1
1,0.5965576171875,0,10.3465576171875,0,1,0,0.18000000715255737,0.550000011920929,1
1,-0.04656982421875,0,10.369140625,0,1,0,0.18000000715255737,0.550000011920929,1
1,-0.28643798828125,0,4.63946533203125,0,1,0,0.18000000715255737,0.550000011920929,1
1,0.51092529296875,0,4.63861083984375,0,1,0,0.18000000715255737,0.550000011920929,1
1,-0.09539794921875,0,4.6473388671875,0,1,0,0.18000000715255737,0.550000011920929,1
1,0.0489501953125,0,4.6474609375,0,1,0,0.18000000715255737,0.550000011920929,1
1,0.35260009765625,0,4.6512451171875,0,1,0,0.18000000715255737,0.550000011920929,1
1,-0.14801025390625,0,4.6571044921875,0,1,0,0.18000000715255737,0.550000011920929,1
1,0.24505615234375,0,4.65765380859375,0,1,0,0.18000000715255737,0.550000011920929,1
1,0.10986328125,0,4.66302490234375,0,1,0,0.18000000715255737,0.550000011920929,1
1,-0.05401611328125,0,10.89447021484375,0,1,0,0.30388465523719788,0.550000011920929,1
1,1.31011962890625,0,10.9329833984375,0,1,0,0.29203444719314575,0.550000011920929,1
1,-0.00152587890625,0,11.023681640625,0,1,0,0.18000000715255737,0.550000011920929,1
1,0.6343994140625,0,11.0504150390625,0,1,0,0.18000000715255737,0.550000011920929,1
1,-0.35650634765625,0,5.34259033203125,0,1,0,0.18000000715255737,0.550000011920929,1
1,0.5902099609375,0,5.341552734375,0,1,0,0.18000000715255737,0.550000011920929,1
1,-0.12969970703125,0,5.3519287109375,0,1,0,0.18000000715255737,0.550000011920929,1
1,0.041748046875,0,5.35205078125,0,1,0,0.18000000715255737,0.550000011920929,1
1,0.40228271484375,0,5.35650634765625,0,1,0,0.18000000715255737,0.550000011920929,1
1,-0.192138671875,0,5.36346435546875,0,1,0,0.18000000715255737,0.550000011920929,1
1,0.27459716796875,0,5.3641357421875,0,1,0,0.18000000715255737,0.550000011920929,1
1,0.11407470703125,0,5.37054443359375,0,1,0,0.18000000715255737,0.550000011920929,1
1,0.6656494140625,0,11.6309814453125,0,1,0,0.28428992629051208,0.550000011920929,1
1,-0.0076904296875,0,11.72564697265625,0,1,0,0.18000000715255737,0.550000011920929,1
1,-0.42633056640625,0,6.04376220703125,0,1,0,0.18000000715255737,0.550000011920929,1
1,0.6693115234375,0,6.0426025390625,0,1,0,0.18000000715255737,0.550000011920929,1
1,-0.163818359375,0,6.0545654296875,0,1,0,0.18000000715255737,0.550000011920929,1
1,0.0345458984375,0,6.05474853515625,0,1,0,0.18000000715255737,0.550000011920929,1
1,0.4517822265625,0,6.05987548828125,0,1,0,0.18000000715255737,0.550000011920929,1
1,-0.236083984375,0,6.06793212890625,0,1,0,0.18000000715255737,0.550000011920929,1
1,0.3040771484375,0,6.0687255859375,0,1,0,0.18000000715255737,0.550000011920929,1
1,0.1182861328125,0,6.07611083984375,0,1,0,0.18000000715255737,0.550000011920929,1
1,-0.01385498046875,0,12.4276123046875,0,1,0,0.18000000715255737,0.550000011920929,1
1,-0.4962158203125,0,6.74493408203125,0,1,0,0.18000000715255737,0.550000011920929,1
1,0.7484130859375,0,6.74359130859375,0,1,0,0.18000000715255737,0.550000011920929,1
1,-0.197998046875,0,6.7572021484375,0,1,0,0.18000000715255737,0.550000011920929,1
1,0.02734375,0,6.75738525390625,0,1,0,0.18000000715255737,0.550000011920929,1
1,0.5013427734375,0,6.76324462890625,0,1,0,0.18000000715255737,0.550000011920929,1
1,-0.28009033203125,0,6.77239990234375,0,1,0,0.18000000715255737,0.550000011920929,1
1,0.33349609375,0,6.77325439453125,0,1,0,0.18000000715255737,0.550000011920929,1
1,0.1224365234375,0,6.78167724609375,0,1,0,0.18000000715255737,0.550000011920929,1
1,-0.02001953125,0,13.12957763671875,0,1,0,0.18000000715255737,0.550000011920929,1
1,-0.5660400390625,0,7.44610595703125,0,1,0,0.18000000715255737,0.550000011920929,1
1,0.8275146484375,0,7.444580078125,0,1,0,0.18000000715255737,0.550000011920929,1
1,-0.232177734375,0,7.45989990234375,0,1,0,0.18000000715255737,0.550000011920929,1
1,0.02020263671875,0,7.4600830078125,0,1,0,0.18000000715255737,0.550000011920929,1
1,0.55084228515625,0,7.46661376953125,0,1,0,0.18000000715255737,0.550000011920929,1
1,-0.3240966796875,0,7.47686767578125,0,1,0,0.18000000715255737,0.550000011920929,1
1,0.3629150390625,0,7.47784423828125,0,1,0,0.18000000715255737,0.550000011920929,1
1,0.12664794921875,0,7.48724365234375,0,1,0,0.18000000715255737,0.550000011920929,1
1,-0.0206298828125,0,13.20172119140625,0,1,0,0.28908264636993408,0.550000011920929,1
1,0.08746337890625,0,0.28607177734375,0,1,0,0.18000000715255737,0.550000011920929,1
1,0.07037353515625,0,1.64501953125,0,1,0,0.18000000715255737,0.550000011920929,1
1,0.0516357421875,0,1.645263671875,0,1,0,0.18000000715255737,0.550000011920929,1
1,0.1651611328125,0,1.6456298828125,0,1,0,0.18000000715255737,0.550000011920929,1
1,0.02777099609375,0,1.64715576171875,0,1,0,0.18000000715255737,0.550000011920929,1
1,0.11700439453125,0,1.64703369140625,0,1,0,0.18000000715255737,0.550000011920929,1
1,0.108642578125,0,1.648193359375,0,1,0,0.18000000715255737,0.550000011920929,1
1,0.05645751953125,0,1.64898681640625,0,1,0,0.18000000715255737,0.550000011920929,1
1,0.11474609375,0,1.6494140625,0,1,0,0.18000000715255737,0.550000011920929,1
1,-0.6358642578125,0,8.14727783203125,0,1,0,0.18000000715255737,0.550000011920929,1
1,0.9066162109375,0,8.1456298828125,0,1,0,0.18000000715255737,0.550000011920929,1
1,-0.2623291015625,0,8.08111572265625,0,1,0,0.2529589831829071,0.550000011920929,1
1,0.01300048828125,0,8.1627197265625,0,1,0,0.18000000715255737,0.550000011920929,1
1,0.60040283203125,0,8.16998291015625,0,1,0,0.18000000715255737,0.550000011920929,1
1,-0.3680419921875,0,8.18133544921875,0,1,0,0.18000000715255737,0.550000011920929,1
1,0.39239501953125,0,8.18243408203125,0,1,0,0.18000000715255737,0.550000011920929,1
1,0.13079833984375,0,8.19281005859375,0,1,0,0.18000000715255737,0.550000011920929,1
1,0.05328369140625,0,2.40380859375,0,1,0,0.18000000715255737,0.550000011920929,1
1,0.015869140625,0,2.40423583984375,0,1,0,0.18000000715255737,0.550000011920929,1
1,0.24285888671875,0,2.405029296875,0,1,0,0.18000000715255737,0.550000011920929,1
1,-0.0318603515625,0,2.4080810546875,0,1,0,0.18000000715255737,0.550000011920929,1
1,0.146484375,0,2.4078369140625,0,1,0,0.18000000715255737,0.550000011920929,1
1,0.1298828125,0,2.41015625,0,1,0,0.18000000715255737,0.550000011920929,1
1,0.02545166015625,0,2.41168212890625,0,1,0,0.18000000715255737,0.550000011920929,1
1,0.14202880859375,0,2.41253662109375,0,1,0,0.18000000715255737,0.550000011920929,1
1,-0.70574951171875,0,8.84844970703125,0,1,0,0.18000000715255737,0.550000011920929,1
1,0.9857177734375,0,8.84661865234375,0,1,0,0.18000000715255737,0.550000011920929,1
1,0.00579833984375,0,8.86541748046875,0,1,0,0.18000000715255737,0.550000011920929,1
1,0.64990234375,0,8.87335205078125,0,1,0,0.18000000715255737,0.550000011920929,1
1,-0.41204833984375,0,8.88580322265625,0,1,0,0.18000000715255737,0.550000011920929,1
1,0.42181396484375,0,8.886962890625,0,1,0,0.18000000715255737,0.550000011920929,1
1,0.135009765625,0,8.89837646484375,0,1,0,0.18000000715255737,0.550000011920929,1
1,0.65411376953125,0,8.93353271484375,0,1,0,0.25256681442260742,0.550000011920929,1
1,0.03704833984375,0,3.12384033203125,0,1,0,0.18000000715255737,0.550000011920929,1
1,-0.01812744140625,0,3.1243896484375,0,1,0,0.18000000715255737,0.550000011920929,1
1,0.3165283203125,0,3.1256103515625,0,1,0,0.18000000715255737,0.550000011920929,1
1,-0.0885009765625,0,3.13018798828125,0,1,0,0.18000000715255737,0.550000011920929,1
1,0.17449951171875,0,3.1297607421875,0,1,0,0.18000000715255737,0.550000011920929,1
1,0.14996337890625,0,3.1331787109375,0,1,0,0.18000000715255737,0.550000011920929,1
1,-0.00396728515625,0,3.13543701171875,0,1,0,0.18000000715255737,0.550000011920929,1
1,0.16790771484375,0,3.13671875,0,1,0,0.18000000715255737,0.550000011920929,1
1,0.13812255859375,0,9.42340087890625,0,1,0,0.30244007706642151,0.550000011920929,1
1,-0.77557373046875,0,9.549560546875,0,1,0,0.18000000715255737,0.550000011920929,1
1,1.0648193359375,0,9.54766845703125,0,1,0,0.18000000715255737,0.550000011920929,1
1,-0.00140380859375,0,9.56805419921875,0,1,0,0.18000000715255737,0.550000011920929,1
1,-0.4560546875,0,9.59027099609375,0,1,0,0.18000000715255737,0.550000011920929,1
1,0.4512939453125,0,9.591552734375,0,1,0,0.18000000715255737,0.550000011920929,1
1,0.01959228515625,0,3.899169921875,0,1,0,0.18000000715255737,0.550000011920929,1
1,-0.0546875,0,3.89990234375,0,1,0,0.18000000715255737,0.550000011920929,1
1,0.39593505859375,0,3.90155029296875,0,1,0,0.18000000715255737,0.550000011920929,1
1,-0.14947509765625,0,3.90765380859375,0,1,0,0.18000000715255737,0.550000011920929,1
1,0.20465087890625,0,3.9071044921875,0,1,0,0.18000000715255737,0.550000011920929,1
1,0.171630859375,0,3.9117431640625,0,1,0,0.18000000715255737,0.550000011920929,1
1,-0.03564453125,0,3.91473388671875,0,1,0,0.18000000715255737,0.550000011920929,1
1,0.19580078125,0,3.91644287109375,0,1,0,0.18000000715255737,0.550000011920929,1
1,-0.4853515625,0,10.0596923828125,0,1,0,0.24559013545513153,0.550000011920929,1
1,-0.845458984375,0,10.250732421875,0,1,0,0.18000000715255737,0.550000011920929,1
1,1.1439208984375,0,10.2486572265625,0,1,0,0.18000000715255737,0.550000011920929,1
1,-0.00860595703125,0,10.27069091796875,0,1,0,0.18000000715255737,0.550000011920929,1
1,0.480712890625,0,10.29608154296875,0,1,0,0.18000000715255737,0.550000011920929,1
1,0.00201416015625,0,4.68133544921875,0,1,0,0.18000000715255737,0.550000011920929,1
1,-0.09161376953125,0,4.682373046875,0,1,0,0.18000000715255737,0.550000011920929,1
1,0.47601318359375,0,4.6844482421875,0,1,0,0.18000000715255737,0.550000011920929,1
1,-0.21099853515625,0,4.69207763671875,0,1,0,0.18000000715255737,0.550000011920929,1
1,0.23504638671875,0,4.69140625,0,1,0,0.18000000715255737,0.550000011920929,1
1,0.1934814453125,0,4.697265625,0,1,0,0.18000000715255737,0.550000011920929,1
1,-0.06756591796875,0,4.7010498046875,0,1,0,0.18000000715255737,0.550000011920929,1
1,0.223876953125,0,4.70318603515625,0,1,0,0.18000000715255737,0.550000011920929,1
1,-0.915283203125,0,10.951904296875,0,1,0,0.18000000715255737,0.550000011920929,1
1,1.2230224609375,0,10.94964599609375,0,1,0,0.18000000715255737,0.550000011920929,1
1,-0.01580810546875,0,10.973388671875,0,1,0,0.18000000715255737,0.550000011920929,1
1,0.5101318359375,0,11.00067138671875,0,1,0,0.18000000715255737,0.550000011920929,1
1,1.22711181640625,0,10.98614501953125,0,1,0,0.29671734571456909,0.550000011920929,1
1,-0.01385498046875,0,5.383544921875,0,1,0,0.18000000715255737,0.550000011920929,1
1,-0.124755859375,0,5.38470458984375,0,1,0,0.18000000715255737,0.550000011920929,1
1,0.54791259765625,0,5.38714599609375,0,1,0,0.18000000715255737,0.550000011920929,1
1,-0.26617431640625,0,5.396240234375,0,1,0,0.18000000715255737,0.550000011920929,1
1,0.26239013671875,0,5.39544677734375,0,1,0,0.18000000715255737,0.550000011920929,1
1,0.21307373046875,0,5.40234375,0,1,0,0.18000000715255737,0.550000011920929,1
1,-0.09625244140625,0,5.4068603515625,0,1,0,0.18000000715255737,0.550000011920929,1
1,0.2491455078125,0,5.40936279296875,0,1,0,0.18000000715255737,0.550000011920929,1
1,0.52459716796875,0,11.34698486328125,0,1,0,0.3049967885017395,0.550000011920929,1
1,-0.98516845703125,0,11.653076171875,0,1,0,0.18000000715255737,0.550000011920929,1
1,-0.02294921875,0,11.676025390625,0,1,0,0.18000000715255737,0.550000011920929,1
1,-0.99456787109375,0,11.748046875,0,1,0,0.29646772146224976,0.550000011920929,1
1,-0.02960205078125,0,6.0848388671875,0,1,0,0.18000000715255737,0.550000011920929,1
1,-0.1578369140625,0,6.086181640625,0,1,0,0.18000000715255737,0.550000011920929,1
1,0.61968994140625,0,6.08905029296875,0,1,0,0.18000000715255737,0.550000011920929,1
1,-0.32135009765625,0,6.09954833984375,0,1,0,0.18000000715255737,0.550000011920929,1
1,0.28961181640625,0,6.09857177734375,0,1,0,0.18000000715255737,0.550000011920929,1
1,0.232666015625,0,6.10662841796875,0,1,0,0.18000000715255737,0.550000011920929,1
1,-0.12493896484375,0,6.11181640625,0,1,0,0.18000000715255737,0.550000011920929,1
1,0.27435302734375,0,6.11474609375,0,1,0,0.18000000715255737,0.550000011920929,1
1,-0.0301513671875,0,12.37872314453125,0,1,0,0.18000000715255737,0.550000011920929,1
1,-0.04541015625,0,6.7861328125,0,1,0,0.18000000715255737,0.550000011920929,1
1,-0.19091796875,0,6.78765869140625,0,1,0,0.18000000715255737,0.550000011920929,1
1,0.69146728515625,0,6.7908935546875,0,1,0,0.18000000715255737,0.550000011920929,1
1,-0.37646484375,0,6.8028564453125,0,1,0,0.18000000715255737,0.550000011920929,1
1,0.31689453125,0,6.8017578125,0,1,0,0.18000000715255737,0.550000011920929,1
1,0.25225830078125,0,6.81085205078125,0,1,0,0.18000000715255737,0.550000011920929,1
1,-0.153564453125,0,6.81671142578125,0,1,0,0.18000000715255737,0.550000011920929,1
1,0.299560546875,0,6.820068359375,0,1,0,0.18000000715255737,0.550000011920929,1
1,-0.035400390625,0,12.8935546875,0,1,0,0.26069331169128418,0.550000011920929,1
1,-0.06048583984375,0,7.454345703125,0,1,0,0.27660152316093445,0.550000011920929,1
1,-0.2239990234375,0,7.4891357421875,0,1,0,0.18000000715255737,0.550000011920929,1
1,0.7633056640625,0,7.4927978515625,0,1,0,0.18000000715255737,0.550000011920929,1
1,-0.431640625,0,7.506103515625,0,1,0,0.18000000715255737,0.550000011920929,1
1,0.34417724609375,0,7.5048828125,0,1,0,0.18000000715255737,0.550000011920929,1
1,0.2718505859375,0,7.51507568359375,0,1,0,0.18000000715255737,0.550000011920929,1
1,-0.1822509765625,0,7.52166748046875,0,1,0,0.18000000715255737,0.550000011920929,1
1,0.32476806640625,0,7.525390625,0,1,0,0.18000000715255737,0.550000011920929,1
1,0.08746337890625,0,0.28607177734375,0,1,0,0.18000000715255737,0.550000011920929,1
1,0.09857177734375,0,1.70556640625,0,1,0,0.18000000715255737,0.550000011920929,1
1,0.02685546875,0,1.7061767578125,0,1,0,0.18000000715255737,0.550000011920929,1
1,0.17584228515625,0,1.706298828125,0,1,0,0.18000000715255737,0.550000011920929,1
1,0.03533935546875,0,1.70806884765625,0,1,0,0.18000000715255737,0.550000011920929,1
1,0.0997314453125,0,1.7080078125,0,1,0,0.18000000715255737,0.550000011920929,1
1,0.1256103515625,0,1.70904541015625,0,1,0,0.18000000715255737,0.550000011920929,1
1,0.04937744140625,0,1.7100830078125,0,1,0,0.18000000715255737,0.550000011920929,1
1,0.114013671875,0,1.71044921875,0,1,0,0.18000000715255737,0.550000011920929,1
1,-0.257080078125,0,8.190673828125,0,1,0,0.18000000715255737,0.550000011920929,1
1,0.8350830078125,0,8.19464111328125,0,1,0,0.18000000715255737,0.550000011920929,1
1,-0.48675537109375,0,8.20941162109375,0,1,0,0.18000000715255737,0.550000011920929,1
1,0.3714599609375,0,8.20806884765625,0,1,0,0.18000000715255737,0.550000011920929,1
1,0.29144287109375,0,8.2193603515625,0,1,0,0.18000000715255737,0.550000011920929,1
1,-0.21087646484375,0,8.22662353515625,0,1,0,0.18000000715255737,0.550000011920929,1
1,0.3499755859375,0,8.230712890625,0,1,0,0.18000000715255737,0.550000011920929,1
1,0.3011474609375,0,8.56744384765625,0,1,0,0.25408238172531128,0.550000011920929,1
1,0.10882568359375,0,2.46356201171875,0,1,0,0.18000000715255737,0.550000011920929,1
1,-0.02923583984375,0,2.46466064453125,0,1,0,0.18000000715255737,0.550000011920929,1
1,0.257568359375,0,2.46490478515625,0,1,0,0.18000000715255737,0.550000011920929,1
1,-0.0128173828125,0,2.4683837890625,0,1,0,0.18000000715255737,0.550000011920929,1
1,0.11102294921875,0,2.46826171875,0,1,0,0.18000000715255737,0.550000011920929,1
1,0.16094970703125,0,2.47027587890625,0,1,0,0.18000000715255737,0.550000011920929,1
1,0.01416015625,0,2.47222900390625,0,1,0,0.18000000715255737,0.550000011920929,1
1,0.1385498046875,0,2.47296142578125,0,1,0,0.18000000715255737,0.550000011920929,1
1,-0.29022216796875,0,8.89215087890625,0,1,0,0.18000000715255737,0.550000011920929,1
1,0.9068603515625,0,8.89654541015625,0,1,0,0.18000000715255737,0.550000011920929,1
1,-0.54193115234375,0,8.9127197265625,0,1,0,0.18000000715255737,0.550000011920929,1
1,0.39874267578125,0,8.9112548828125,0,1,0,0.18000000715255737,0.550000011920929,1
1,-0.23956298828125,0,8.93157958984375,0,1,0,0.18000000715255737,0.550000011920929,1
1,0.37518310546875,0,8.93609619140625,0,1,0,0.18000000715255737,0.550000011920929,1
1,0.11846923828125,0,3.17803955078125,0,1,0,0.18000000715255737,0.550000011920929,1
1,-0.08209228515625,0,3.1796875,0,1,0,0.18000000715255737,0.550000011920929,1
1,0.33465576171875,0,3.1800537109375,0,1,0,0.18000000715255737,0.550000011920929,1
1,-0.05828857421875,0,3.18499755859375,0,1,0,0.18000000715255737,0.550000011920929,1
1,0.1217041015625,0,3.18487548828125,0,1,0,0.18000000715255737,0.550000011920929,1
1,0.1942138671875,0,3.18780517578125,0,1,0,0.18000000715255737,0.550000011920929,1
1,-0.01904296875,0,3.19061279296875,0,1,0,0.18000000715255737,0.550000011920929,1
1,0.16168212890625,0,3.191650390625,0,1,0,0.18000000715255737,0.550000011920929,1
1,-0.567626953125,0,9.2408447265625,0,1,0,0.30939441919326782,0.550000011920929,1
1,0.9508056640625,0,9.325927734375,0,1,0,0.27867451310157776,0.550000011920929,1
1,-0.32330322265625,0,9.5936279296875,0,1,0,0.18000000715255737,0.550000011920929,1
1,0.426025390625,0,9.6143798828125,0,1,0,0.18000000715255737,0.550000011920929,1
1,-0.2681884765625,0,9.63653564453125,0,1,0,0.18000000715255737,0.550000011920929,1
1,0.400390625,0,9.64141845703125,0,1,0,0.18000000715255737,0.550000011920929,1
1,0.12884521484375,0,3.94677734375,0,1,0,0.18000000715255737,0.550000011920929,1
1,-0.13897705078125,0,3.94891357421875,0,1,0,0.18000000715255737,0.550000011920929,1
1,0.41754150390625,0,3.94940185546875,0,1,0,0.18000000715255737,0.550000011920929,1
1,-0.107177734375,0,3.9560546875,0,1,0,0.18000000715255737,0.550000011920929,1
1,0.1331787109375,0,3.955810546875,0,1,0,0.18000000715255737,0.550000011920929,1
1,0.23004150390625,0,3.95977783203125,0,1,0,0.18000000715255737,0.550000011920929,1
1,-0.05474853515625,0,3.96356201171875,0,1,0,0.18000000715255737,0.550000011920929,1
1,0.18658447265625,0,3.9649658203125,0,1,0,0.18000000715255737,0.550000011920929,1
1,-0.35638427734375,0,10.29510498046875,0,1,0,0.18000000715255737,0.550000011920929,1
1,0.4532470703125,0,10.31756591796875,0,1,0,0.18000000715255737,0.550000011920929,1
1,-0.29681396484375,0,10.3414306640625,0,1,0,0.18000000715255737,0.550000011920929,1
1,0.4256591796875,0,10.34674072265625,0,1,0,0.18000000715255737,0.550000011920929,1
1,0.42889404296875,0,10.4371337890625,0,1,0,0.25983506441116333,0.550000011920929,1
1,0.13934326171875,0,4.7213134765625,0,1,0,0.18000000715255737,0.550000011920929,1
1,-0.1962890625,0,4.7239990234375,0,1,0,0.18000000715255737,0.550000011920929,1
1,0.50103759765625,0,4.724609375,0,1,0,0.18000000715255737,0.550000011920929,1
1,-0.15643310546875,0,4.73291015625,0,1,0,0.18000000715255737,0.550000011920929,1
1,0.144775390625,0,4.732666015625,0,1,0,0.18000000715255737,0.550000011920929,1
1,0.26611328125,0,4.737548828125,0,1,0,0.18000000715255737,0.550000011920929,1
1,-0.09075927734375,0,4.7423095703125,0,1,0,0.18000000715255737,0.550000011920929,1
1,0.211669921875,0,4.74407958984375,0,1,0,0.18000000715255737,0.550000011920929,1
1,-0.38946533203125,0,10.99664306640625,0,1,0,0.18000000715255737,0.550000011920929,1
1,0.48052978515625,0,11.02069091796875,0,1,0,0.18000000715255737,0.550000011920929,1
1,-0.32183837890625,0,10.955810546875,0,1,0,0.28279608488082886,0.550000011920929,1
1,0.1488037109375,0,5.42266845703125,0,1,0,0.18000000715255737,0.550000011920929,1
1,-0.2481689453125,0,5.42584228515625,0,1,0,0.18000000715255737,0.550000011920929,1
1,0.57672119140625,0,5.42657470703125,0,1,0,0.18000000715255737,0.550000011920929,1
1,-0.20098876953125,0,5.43646240234375,0,1,0,0.18000000715255737,0.550000011920929,1
1,0.15521240234375,0,5.4361572265625,0,1,0,0.18000000715255737,0.550000011920929,1
1,0.29876708984375,0,5.44195556640625,0,1,0,0.18000000715255737,0.550000011920929,1
1,-0.12335205078125,0,5.44757080078125,0,1,0,0.18000000715255737,0.550000011920929,1
1,0.234375,0,5.44964599609375,0,1,0,0.18000000715255737,0.550000011920929,1
1,-0.42254638671875,0,11.6981201171875,0,1,0,0.18000000715255737,0.550000011920929,1
1,0.5078125,0,11.723876953125,0,1,0,0.18000000715255737,0.550000011920929,1
1,0.1583251953125,0,6.12384033203125,0,1,0,0.18000000715255737,0.550000011920929,1
1,-0.300048828125,0,6.12750244140625,0,1,0,0.18000000715255737,0.550000011920929,1
1,0.65228271484375,0,6.12835693359375,0,1,0,0.18000000715255737,0.550000011920929,1
1,-0.24560546875,0,6.13970947265625,0,1,0,0.18000000715255737,0.550000011920929,1
1,0.16571044921875,0,6.13934326171875,0,1,0,0.18000000715255737,0.550000011920929,1
1,0.3314208984375,0,6.14605712890625,0,1,0,0.18000000715255737,0.550000011920929,1
1,-0.1558837890625,0,6.15252685546875,0,1,0,0.18000000715255737,0.550000011920929,1
1,0.257080078125,0,6.15496826171875,0,1,0,0.18000000715255737,0.550000011920929,1
1,-0.45562744140625,0,12.39959716796875,0,1,0,0.18000000715255737,0.550000011920929,1
1,0.5335693359375,0,12.3873291015625,0,1,0,0.26821881532669067,0.550000011920929,1
1,0.16778564453125,0,6.82501220703125,0,1,0,0.18000000715255737,0.550000011920929,1
1,-0.3519287109375,0,6.82916259765625,0,1,0,0.18000000715255737,0.550000011920929,1
1,0.7279052734375,0,6.83013916015625,0,1,0,0.18000000715255737,0.550000011920929,1
1,-0.2901611328125,0,6.843017578125,0,1,0,0.18000000715255737,0.550000011920929,1
1,0.17620849609375,0,6.84259033203125,0,1,0,0.18000000715255737,0.550000011920929,1
1,0.36407470703125,0,6.8502197265625,0,1,0,0.18000000715255737,0.550000011920929,1
1,-0.1884765625,0,6.8575439453125,0,1,0,0.18000000715255737,0.550000011920929,1
1,0.27978515625,0,6.86029052734375,0,1,0,0.18000000715255737,0.550000011920929,1
1,-0.4874267578125,0,13.07373046875,0,1,0,0.31749641895294189,0.550000011920929,1
1,0.1754150390625,0,7.3892822265625,0,1,0,0.26322484016418457,0.550000011920929,1
1,-0.40374755859375,0,7.53082275390625,0,1,0,0.18000000715255737,0.550000011920929,1
1,0.80352783203125,0,7.53192138671875,0,1,0,0.18000000715255737,0.550000011920929,1
1,-0.33477783203125,0,7.54632568359375,0,1,0,0.18000000715255737,0.550000011920929,1
1,0.1866455078125,0,7.54583740234375,0,1,0,0.18000000715255737,0.550000011920929,1
1,0.39678955078125,0,7.55438232421875,0,1,0,0.18000000715255737,0.550000011920929,1
1,-0.2210693359375,0,7.56256103515625,0,1,0,0.18000000715255737,0.550000011920929,1
1,0.30242919921875,0,7.56561279296875,0,1,0,0.18000000715255737,0.550000011920929,1
1,0.08746337890625,0,0.28607177734375,0,1,0,0.18000000715255737,0.550000011920929,1
1,0.0716552734375,0,1.614013671875,0,1,0,0.18000000715255737,0.550000011920929,1
1,0.1585693359375,0,1.61468505859375,0,1,0,0.18000000715255737,0.550000011920929,1
1,0.018310546875,0,1.6160888671875,0,1,0,0.18000000715255737,0.550000011920929,1
1,0.1341552734375,0,1.6158447265625,0,1,0,0.18000000715255737,0.550000011920929,1
1,0.09527587890625,0,1.6171875,0,1,0,0.18000000715255737,0.550000011920929,1
1,0.05572509765625,0,1.61773681640625,0,1,0,0.18000000715255737,0.550000011920929,1
1,0.13067626953125,0,1.61810302734375,0,1,0,0.18000000715255737,0.550000011920929,1
1,0.07476806640625,0,1.61920166015625,0,1,0,0.18000000715255737,0.550000011920929,1
1,-0.45562744140625,0,8.23248291015625,0,1,0,0.18000000715255737,0.550000011920929,1
1,0.879150390625,0,8.23370361328125,0,1,0,0.18000000715255737,0.550000011920929,1
1,-0.37933349609375,0,8.2496337890625,0,1,0,0.18000000715255737,0.550000011920929,1
1,0.1971435546875,0,8.24908447265625,0,1,0,0.18000000715255737,0.550000011920929,1
1,0.429443359375,0,8.25848388671875,0,1,0,0.18000000715255737,0.550000011920929,1
1,-0.253662109375,0,8.267578125,0,1,0,0.18000000715255737,0.550000011920929,1
1,0.32513427734375,0,8.27093505859375,0,1,0,0.18000000715255737,0.550000011920929,1
1,0.05517578125,0,2.372314453125,0,1,0,0.18000000715255737,0.550000011920929,1
1,0.232666015625,0,2.3736572265625,0,1,0,0.18000000715255737,0.550000011920929,1
1,-0.05377197265625,0,2.37646484375,0,1,0,0.18000000715255737,0.550000011920929,1
1,0.18280029296875,0,2.3759765625,0,1,0,0.18000000715255737,0.550000011920929,1
1,0.10345458984375,0,2.378662109375,0,1,0,0.18000000715255737,0.550000011920929,1
1,0.02264404296875,0,2.37982177734375,0,1,0,0.18000000715255737,0.550000011920929,1
1,0.17572021484375,0,2.380615234375,0,1,0,0.18000000715255737,0.550000011920929,1
1,0.06158447265625,0,2.3828125,0,1,0,0.18000000715255737,0.550000011920929,1
1,-0.4056396484375,0,8.6640625,0,1,0,0.24927608668804169,0.550000011920929,1
1,0.45428466796875,0,8.7940673828125,0,1,0,0.27880939841270447,0.550000011920929,1
1,-0.50750732421875,0,8.93414306640625,0,1,0,0.18000000715255737,0.550000011920929,1
1,0.95477294921875,0,8.9354248046875,0,1,0,0.18000000715255737,0.550000011920929,1
1,0.20758056640625,0,8.95233154296875,0,1,0,0.18000000715255737,0.550000011920929,1
1,-0.28619384765625,0,8.97259521484375,0,1,0,0.18000000715255737,0.550000011920929,1
1,0.34783935546875,0,8.97625732421875,0,1,0,0.18000000715255737,0.550000011920929,1
1,0.03948974609375,0,3.0943603515625,0,1,0,0.18000000715255737,0.550000011920929,1
1,0.30322265625,0,3.09637451171875,0,1,0,0.18000000715255737,0.550000011920929,1
1,-0.12237548828125,0,3.10052490234375,0,1,0,0.18000000715255737,0.550000011920929,1
1,0.22918701171875,0,3.09979248046875,0,1,0,0.18000000715255737,0.550000011920929,1
1,0.11126708984375,0,3.1038818359375,0,1,0,0.18000000715255737,0.550000011920929,1
1,-0.00885009765625,0,3.10552978515625,0,1,0,0.18000000715255737,0.550000011920929,1
1,0.2186279296875,0,3.106689453125,0,1,0,0.18000000715255737,0.550000011920929,1
1,0.04901123046875,0,3.1099853515625,0,1,0,0.18000000715255737,0.550000011920929,1
1,-0.55938720703125,0,9.63580322265625,0,1,0,0.18000000715255737,0.550000011920929,1
1,1.0303955078125,0,9.63720703125,0,1,0,0.18000000715255737,0.550000011920929,1
1,0.21807861328125,0,9.65557861328125,0,1,0,0.18000000715255737,0.550000011920929,1
1,-0.31878662109375,0,9.6776123046875,0,1,0,0.18000000715255737,0.550000011920929,1
1,0.37054443359375,0,9.681640625,0,1,0,0.18000000715255737,0.550000011920929,1
1,0.0225830078125,0,3.8721923828125,0,1,0,0.18000000715255737,0.550000011920929,1
1,0.37921142578125,0,3.8748779296875,0,1,0,0.18000000715255737,0.550000011920929,1
1,-0.19622802734375,0,3.88055419921875,0,1,0,0.18000000715255737,0.550000011920929,1
1,0.279052734375,0,3.8795166015625,0,1,0,0.18000000715255737,0.550000011920929,1
1,0.11962890625,0,3.88507080078125,0,1,0,0.18000000715255737,0.550000011920929,1
1,-0.042724609375,0,3.8873291015625,0,1,0,0.18000000715255737,0.550000011920929,1
1,0.26483154296875,0,3.888916015625,0,1,0,0.18000000715255737,0.550000011920929,1
1,0.035400390625,0,3.893310546875,0,1,0,0.18000000715255737,0.550000011920929,1
1,1.0828857421875,0,10.12451171875,0,1,0,0.27748468518257141,0.550000011920929,1
1,-0.61126708984375,0,10.33746337890625,0,1,0,0.18000000715255737,0.550000011920929,1
1,0.22857666015625,0,10.35882568359375,0,1,0,0.18000000715255737,0.550000011920929,1
1,-0.35137939453125,0,10.38262939453125,0,1,0,0.18000000715255737,0.550000011920929,1
1,0.39324951171875,0,10.386962890625,0,1,0,0.18000000715255737,0.550000011920929,1
1,0.00555419921875,0,4.657470703125,0,1,0,0.18000000715255737,0.550000011920929,1
1,0.4559326171875,0,4.660888671875,0,1,0,0.18000000715255737,0.550000011920929,1
1,-0.2708740234375,0,4.66802978515625,0,1,0,0.18000000715255737,0.550000011920929,1
1,0.3294677734375,0,4.666748046875,0,1,0,0.18000000715255737,0.550000011920929,1
1,0.1280517578125,0,4.6737060546875,0,1,0,0.18000000715255737,0.550000011920929,1
1,-0.07696533203125,0,4.67657470703125,0,1,0,0.18000000715255737,0.550000011920929,1
1,0.31146240234375,0,4.6785888671875,0,1,0,0.18000000715255737,0.550000011920929,1
1,0.021728515625,0,4.68414306640625,0,1,0,0.18000000715255737,0.550000011920929,1
1,-0.35784912109375,0,10.5234375,0,1,0,0.24034959077835083,0.550000011920929,1
1,0.4027099609375,0,10.6805419921875,0,1,0,0.31722012162208557,0.550000011920929,1
1,-0.66314697265625,0,11.03912353515625,0,1,0,0.18000000715255737,0.550000011920929,1
1,0.239013671875,0,11.06207275390625,0,1,0,0.18000000715255737,0.550000011920929,1
1,-0.00970458984375,0,5.3594970703125,0,1,0,0.18000000715255737,0.550000011920929,1
1,0.52447509765625,0,5.36358642578125,0,1,0,0.18000000715255737,0.550000011920929,1
1,-0.33758544921875,0,5.37200927734375,0,1,0,0.18000000715255737,0.550000011920929,1
1,0.37451171875,0,5.3704833984375,0,1,0,0.18000000715255737,0.550000011920929,1
1,0.1356201171875,0,5.37872314453125,0,1,0,0.18000000715255737,0.550000011920929,1
1,-0.10760498046875,0,5.3822021484375,0,1,0,0.18000000715255737,0.550000011920929,1
1,0.3531494140625,0,5.384521484375,0,1,0,0.18000000715255737,0.550000011920929,1
1,0.009521484375,0,5.39111328125,0,1,0,0.18000000715255737,0.550000011920929,1
1,-0.71502685546875,0,11.74078369140625,0,1,0,0.18000000715255737,0.550000011920929,1
1,0.24951171875,0,11.76531982421875,0,1,0,0.18000000715255737,0.550000011920929,1
1,-0.02496337890625,0,6.0601806640625,0,1,0,0.18000000715255737,0.550000011920929,1
1,0.59295654296875,0,6.06488037109375,0,1,0,0.18000000715255737,0.550000011920929,1
1,-0.4041748046875,0,6.07464599609375,0,1,0,0.18000000715255737,0.550000011920929,1
1,0.41943359375,0,6.07293701171875,0,1,0,0.18000000715255737,0.550000011920929,1
1,0.1431884765625,0,6.08245849609375,0,1,0,0.18000000715255737,0.550000011920929,1
1,-0.13812255859375,0,6.08642578125,0,1,0,0.18000000715255737,0.550000011920929,1
1,0.394775390625,0,6.089111328125,0,1,0,0.18000000715255737,0.550000011920929,1
1,-0.002685546875,0,6.09674072265625,0,1,0,0.18000000715255737,0.550000011920929,1
1,-0.76593017578125,0,12.42987060546875,0,1,0,0.27532702684402466,0.550000011920929,1
1,0.25994873046875,0,12.46856689453125,0,1,0,0.18000000715255737,0.550000011920929,1
1,-0.0401611328125,0,6.7608642578125,0,1,0,0.18000000715255737,0.550000011920929,1
1,0.66143798828125,0,6.76617431640625,0,1,0,0.18000000715255737,0.550000011920929,1
1,-0.470703125,0,6.77728271484375,0,1,0,0.18000000715255737,0.550000011920929,1
1,0.46441650390625,0,6.77532958984375,0,1,0,0.18000000715255737,0.550000011920929,1
1,0.15069580078125,0,6.7861328125,0,1,0,0.18000000715255737,0.550000011920929,1
1,-0.168701171875,0,6.7906494140625,0,1,0,0.18000000715255737,0.550000011920929,1
1,0.4364013671875,0,6.79376220703125,0,1,0,0.18000000715255737,0.550000011920929,1
1,-0.014892578125,0,6.8023681640625,0,1,0,0.18000000715255737,0.550000011920929,1
1,0.26177978515625,0,12.5908203125,0,1,0,0.29926979541778564,0.550000011920929,1
1,-0.05535888671875,0,7.4615478515625,0,1,0,0.18000000715255737,0.550000011920929,1
1,0.7298583984375,0,7.467529296875,0,1,0,0.18000000715255737,0.550000011920929,1
1,-0.53729248046875,0,7.47991943359375,0,1,0,0.18000000715255737,0.550000011920929,1
1,0.5093994140625,0,7.47772216796875,0,1,0,0.18000000715255737,0.550000011920929,1
1,0.15826416015625,0,7.4898681640625,0,1,0,0.18000000715255737,0.550000011920929,1
1,-0.19921875,0,7.494873046875,0,1,0,0.18000000715255737,0.550000011920929,1
1,0.47802734375,0,7.49835205078125,0,1,0,0.18000000715255737,0.550000011920929,1
1,-0.027099609375,0,7.50799560546875,0,1,0,0.18000000715255737,0.550000011920929,1
1,0.08746337890625,0,0.28607177734375,0,1,0,0.18000000715255737,0.550000011920929,1
1,0.093017578125,0,1.67529296875,0,1,0,0.18000000715255737,0.550000011920929,1
1,0.032470703125,0,1.67578125,0,1,0,0.18000000715255737,0.550000011920929,1
1,0.17236328125,0,1.67596435546875,0,1,0,0.18000000715255737,0.550000011920929,1
1,0.03472900390625,0,1.6776123046875,0,1,0,0.18000000715255737,0.550000011920929,1
1,0.10272216796875,0,1.67755126953125,0,1,0,0.18000000715255737,0.550000011920929,1
1,0.12176513671875,0,1.6785888671875,0,1,0,0.18000000715255737,0.550000011920929,1
1,0.05133056640625,0,1.6795654296875,0,1,0,0.18000000715255737,0.550000011920929,1
1,0.1136474609375,0,1.679931640625,0,1,0,0.18000000715255737,0.550000011920929,1
1,-0.07061767578125,0,8.1622314453125,0,1,0,0.18000000715255737,0.550000011920929,1
1,0.79833984375,0,8.1688232421875,0,1,0,0.18000000715255737,0.550000011920929,1
1,-0.6038818359375,0,8.1826171875,0,1,0,0.18000000715255737,0.550000011920929,1
1,0.5543212890625,0,8.18011474609375,0,1,0,0.18000000715255737,0.550000011920929,1
1,0.165771484375,0,8.19354248046875,0,1,0,0.18000000715255737,0.550000011920929,1
1,-0.22979736328125,0,8.1990966796875,0,1,0,0.18000000715255737,0.550000011920929,1
1,0.5196533203125,0,8.20294189453125,0,1,0,0.18000000715255737,0.550000011920929,1
1,-0.039306640625,0,8.213623046875,0,1,0,0.18000000715255737,0.550000011920929,1
1,0.16583251953125,0,8.19671630859375,0,1,0,0.30530601739883423,0.550000011920929,1
1,0.09832763671875,0,2.43365478515625,0,1,0,0.18000000715255737,0.550000011920929,1
1,-0.02032470703125,0,2.43463134765625,0,1,0,0.18000000715255737,0.550000011920929,1
1,0.25390625,0,2.4349365234375,0,1,0,0.18000000715255737,0.550000011920929,1
1,-0.01593017578125,0,2.43829345703125,0,1,0,0.18000000715255737,0.550000011920929,1
1,0.117431640625,0,2.43817138671875,0,1,0,0.18000000715255737,0.550000011920929,1
1,0.15472412109375,0,2.440185546875,0,1,0,0.18000000715255737,0.550000011920929,1
1,0.0166015625,0,2.44207763671875,0,1,0,0.18000000715255737,0.550000011920929,1
1,0.13885498046875,0,2.44281005859375,0,1,0,0.18000000715255737,0.550000011920929,1
1,0.841552734375,0,8.611572265625,0,1,0,0.271687775850296,0.550000011920929,1
1,-0.0858154296875,0,8.8629150390625,0,1,0,0.18000000715255737,0.550000011920929,1
1,-0.67041015625,0,8.88525390625,0,1,0,0.18000000715255737,0.550000011920929,1
1,0.59930419921875,0,8.882568359375,0,1,0,0.18000000715255737,0.550000011920929,1
1,-0.26031494140625,0,8.9033203125,0,1,0,0.18000000715255737,0.550000011920929,1
1,0.561279296875,0,8.90753173828125,0,1,0,0.18000000715255737,0.550000011920929,1
1,-0.051513671875,0,8.9193115234375,0,1,0,0.18000000715255737,0.550000011920929,1
1,0.10333251953125,0,3.15087890625,0,1,0,0.18000000715255737,0.550000011920929,1
1,-0.0703125,0,3.15228271484375,0,1,0,0.18000000715255737,0.550000011920929,1
1,0.3310546875,0,3.15277099609375,0,1,0,0.18000000715255737,0.550000011920929,1
1,-0.0638427734375,0,3.15765380859375,0,1,0,0.18000000715255737,0.550000011920929,1
1,0.13134765625,0,3.15740966796875,0,1,0,0.18000000715255737,0.550000011920929,1
1,0.1859130859375,0,3.16046142578125,0,1,0,0.18000000715255737,0.550000011920929,1
1,-0.01629638671875,0,3.16314697265625,0,1,0,0.18000000715255737,0.550000011920929,1
1,0.16265869140625,0,3.16424560546875,0,1,0,0.18000000715255737,0.550000011920929,1
1,-0.10107421875,0,9.5635986328125,0,1,0,0.18000000715255737,0.550000011920929,1
1,-0.73699951171875,0,9.587890625,0,1,0,0.18000000715255737,0.550000011920929,1
1,0.64422607421875,0,9.5849609375,0,1,0,0.18000000715255737,0.550000011920929,1
1,-0.2908935546875,0,9.60760498046875,0,1,0,0.18000000715255737,0.550000011920929,1
1,0.6029052734375,0,9.61212158203125,0,1,0,0.18000000715255737,0.550000011920929,1
1,-0.063720703125,0,9.62493896484375,0,1,0,0.18000000715255737,0.550000011920929,1
1,-0.0650634765625,0,9.69976806640625,0,1,0,0.2737477719783783,0.550000011920929,1
1,0.1087646484375,0,3.9228515625,0,1,0,0.18000000715255737,0.550000011920929,1
1,-0.12408447265625,0,3.9246826171875,0,1,0,0.18000000715255737,0.550000011920929,1
1,0.4140625,0,3.9254150390625,0,1,0,0.18000000715255737,0.550000011920929,1
1,-0.11541748046875,0,3.93194580078125,0,1,0,0.18000000715255737,0.550000011920929,1
1,0.146240234375,0,3.931640625,0,1,0,0.18000000715255737,0.550000011920929,1
1,0.219482421875,0,3.9356689453125,0,1,0,0.18000000715255737,0.550000011920929,1
1,-0.0516357421875,0,3.93927001953125,0,1,0,0.18000000715255737,0.550000011920929,1
1,0.18829345703125,0,3.94073486328125,0,1,0,0.18000000715255737,0.550000011920929,1
1,-0.7572021484375,0,9.80072021484375,0,1,0,0.2851155698299408,0.550000011920929,1
1,0.63677978515625,0,10.18603515625,0,1,0,0.2541852593421936,0.550000011920929,1
1,-0.11627197265625,0,10.2642822265625,0,1,0,0.18000000715255737,0.550000011920929,1
1,0.689208984375,0,10.287353515625,0,1,0,0.18000000715255737,0.550000011920929,1
1,-0.3214111328125,0,10.31182861328125,0,1,0,0.18000000715255737,0.550000011920929,1
1,0.11419677734375,0,4.701171875,0,1,0,0.18000000715255737,0.550000011920929,1
1,-0.17828369140625,0,4.7034912109375,0,1,0,0.18000000715255737,0.550000011920929,1
1,0.497802734375,0,4.70440673828125,0,1,0,0.18000000715255737,0.550000011920929,1
1,-0.16741943359375,0,4.71258544921875,0,1,0,0.18000000715255737,0.550000011920929,1
1,0.16131591796875,0,4.71221923828125,0,1,0,0.18000000715255737,0.550000011920929,1
1,0.2532958984375,0,4.71728515625,0,1,0,0.18000000715255737,0.550000011920929,1
1,-0.0872802734375,0,4.72186279296875,0,1,0,0.18000000715255737,0.550000011920929,1
1,0.21417236328125,0,4.72369384765625,0,1,0,0.18000000715255737,0.550000011920929,1
1,-0.1314697265625,0,10.9649658203125,0,1,0,0.18000000715255737,0.550000011920929,1
1,0.73419189453125,0,10.98980712890625,0,1,0,0.18000000715255737,0.550000011920929,1
1,-0.35198974609375,0,11.01605224609375,0,1,0,0.18000000715255737,0.550000011920929,1
1,0.119140625,0,5.40283203125,0,1,0,0.18000000715255737,0.550000011920929,1
1,-0.22711181640625,0,5.4056396484375,0,1,0,0.18000000715255737,0.550000011920929,1
1,0.5732421875,0,5.40667724609375,0,1,0,0.18000000715255737,0.550000011920929,1
1,-0.21429443359375,0,5.4163818359375,0,1,0,0.18000000715255737,0.550000011920929,1
1,0.1749267578125,0,5.41595458984375,0,1,0,0.18000000715255737,0.550000011920929,1
1,0.2838134765625,0,5.42193603515625,0,1,0,0.18000000715255737,0.550000011920929,1
1,-0.11944580078125,0,5.42730712890625,0,1,0,0.18000000715255737,0.550000011920929,1
1,0.23748779296875,0,5.42950439453125,0,1,0,0.18000000715255737,0.550000011920929,1
1,-0.3770751953125,0,11.59503173828125,0,1,0,0.24467028677463531,0.550000011920929,1
1,-0.146728515625,0,11.6656494140625,0,1,0,0.18000000715255737,0.550000011920929,1
1,0.77911376953125,0,11.69219970703125,0,1,0,0.18000000715255737,0.550000011920929,1
1,0.1240234375,0,6.10406494140625,0,1,0,0.18000000715255737,0.550000011920929,1
1,-0.2760009765625,0,6.10723876953125,0,1,0,0.18000000715255737,0.550000011920929,1
1,0.648681640625,0,6.10845947265625,0,1,0,0.18000000715255737,0.550000011920929,1
1,-0.26116943359375,0,6.11968994140625,0,1,0,0.18000000715255737,0.550000011920929,1
1,0.1884765625,0,6.119140625,0,1,0,0.18000000715255737,0.550000011920929,1
1,0.31427001953125,0,6.1260986328125,0,1,0,0.18000000715255737,0.550000011920929,1
1,-0.15155029296875,0,6.13232421875,0,1,0,0.18000000715255737,0.550000011920929,1
1,0.2607421875,0,6.13482666015625,0,1,0,0.18000000715255737,0.550000011920929,1
1,0.817138671875,0,12.2861328125,0,1,0,0.29256230592727661,0.550000011920929,1
1,-0.16192626953125,0,12.3663330078125,0,1,0,0.18000000715255737,0.550000011920929,1
1,0.12896728515625,0,6.80523681640625,0,1,0,0.18000000715255737,0.550000011920929,1
1,-0.3248291015625,0,6.80889892578125,0,1,0,0.18000000715255737,0.550000011920929,1
1,0.72406005859375,0,6.81024169921875,0,1,0,0.18000000715255737,0.550000011920929,1
1,-0.3079833984375,0,6.82293701171875,0,1,0,0.18000000715255737,0.550000011920929,1
1,0.20208740234375,0,6.8223876953125,0,1,0,0.18000000715255737,0.550000011920929,1
1,0.3447265625,0,6.83026123046875,0,1,0,0.18000000715255737,0.550000011920929,1
1,-0.18365478515625,0,6.83734130859375,0,1,0,0.18000000715255737,0.550000011920929,1
1,0.2840576171875,0,6.84014892578125,0,1,0,0.18000000715255737,0.550000011920929,1
1,-0.17718505859375,0,13.0670166015625,0,1,0,0.18000000715255737,0.550000011920929,1
1,0.13299560546875,0,7.3848876953125,0,1,0,0.30800521373748779,0.550000011920929,1
1,-0.3736572265625,0,7.510498046875,0,1,0,0.18000000715255737,0.550000011920929,1
1,0.79949951171875,0,7.51202392578125,0,1,0,0.18000000715255737,0.550000011920929,1
1,-0.3548583984375,0,7.5262451171875,0,1,0,0.18000000715255737,0.550000011920929,1
1,0.21563720703125,0,7.525634765625,0,1,0,0.18000000715255737,0.550000011920929,1
1,0.375244140625,0,7.534423828125,0,1,0,0.18000000715255737,0.550000011920929,1
1,-0.21575927734375,0,7.5423583984375,0,1,0,0.18000000715255737,0.550000011920929,1
1,0.30731201171875,0,7.54547119140625,0,1,0,0.18000000715255737,0.550000011920929,1
1,0.08746337890625,0,0.28607177734375,0,1,0,0.18000000715255737,0.550000011920929,1
1,-0.18994140625,0,13.65509033203125,0,1,0,0.3023698627948761,0.550000011920929,1
1,0.16900634765625,0,1.58331298828125,0,1,0,0.18000000715255737,0.550000011920929,1
1,0.05718994140625,0,1.58502197265625,0,1,0,0.18000000715255737,0.550000011920929,1
1,0.0718994140625,0,1.58502197265625,0,1,0,0.18000000715255737,0.550000011920929,1
1,0.14654541015625,0,1.58563232421875,0,1,0,0.18000000715255737,0.550000011920929,1
1,0.0357666015625,0,1.58685302734375,0,1,0,0.18000000715255737,0.550000011920929,1
1,0.12017822265625,0,1.58685302734375,0,1,0,0.18000000715255737,0.550000011920929,1
1,0.09552001953125,0,1.58795166015625,0,1,0,0.18000000715255737,0.550000011920929,1
1,0.075439453125,0,1.5885009765625,0,1,0,0.18000000715255737,0.550000011920929,1
1,-0.4224853515625,0,8.21209716796875,0,1,0,0.18000000715255737,0.550000011920929,1
1,0.8748779296875,0,8.21380615234375,0,1,0,0.18000000715255737,0.550000011920929,1
1,-0.40167236328125,0,8.22955322265625,0,1,0,0.18000000715255737,0.550000011920929,1
1,0.229248046875,0,8.22882080078125,0,1,0,0.18000000715255737,0.550000011920929,1
1,0.40570068359375,0,8.23858642578125,0,1,0,0.18000000715255737,0.550000011920929,1
1,-0.2479248046875,0,8.247314453125,0,1,0,0.18000000715255737,0.550000011920929,1
1,0.33062744140625,0,8.25079345703125,0,1,0,0.18000000715255737,0.550000011920929,1
1,0.25762939453125,0,2.34124755859375,0,1,0,0.18000000715255737,0.550000011920929,1
1,0.02423095703125,0,2.3447265625,0,1,0,0.18000000715255737,0.550000011920929,1
1,0.05499267578125,0,2.3448486328125,0,1,0,0.18000000715255737,0.550000011920929,1
1,0.2108154296875,0,2.3460693359375,0,1,0,0.18000000715255737,0.550000011920929,1
1,-0.02044677734375,0,2.3486328125,0,1,0,0.18000000715255737,0.550000011920929,1
1,0.15582275390625,0,2.34857177734375,0,1,0,0.18000000715255737,0.550000011920929,1
1,0.104248046875,0,2.350830078125,0,1,0,0.18000000715255737,0.550000011920929,1
1,0.0623779296875,0,2.35205078125,0,1,0,0.18000000715255737,0.550000011920929,1
1,-0.436767578125,0,8.75628662109375,0,1,0,0.2996421754360199,0.550000011920929,1
1,0.42755126953125,0,8.74322509765625,0,1,0,0.27910637855529785,0.550000011920929,1
1,-0.4713134765625,0,8.91375732421875,0,1,0,0.18000000715255737,0.550000011920929,1
1,0.9503173828125,0,8.91558837890625,0,1,0,0.18000000715255737,0.550000011920929,1
1,0.2427978515625,0,8.93206787109375,0,1,0,0.18000000715255737,0.550000011920929,1
1,-0.280029296875,0,8.95233154296875,0,1,0,0.18000000715255737,0.550000011920929,1
1,0.35394287109375,0,8.95611572265625,0,1,0,0.18000000715255737,0.550000011920929,1
1,0.34234619140625,0,3.06561279296875,0,1,0,0.18000000715255737,0.550000011920929,1
1,-0.00726318359375,0,3.07086181640625,0,1,0,0.18000000715255737,0.550000011920929,1
1,0.038818359375,0,3.07098388671875,0,1,0,0.18000000715255737,0.550000011920929,1
1,0.272216796875,0,3.0728759765625,0,1,0,0.18000000715255737,0.550000011920929,1
1,-0.07415771484375,0,3.07666015625,0,1,0,0.18000000715255737,0.550000011920929,1
1,0.1898193359375,0,3.07659912109375,0,1,0,0.18000000715255737,0.550000011920929,1
1,0.1126708984375,0,3.08001708984375,0,1,0,0.18000000715255737,0.550000011920929,1
1,0.0499267578125,0,3.08184814453125,0,1,0,0.18000000715255737,0.550000011920929,1
1,-0.52020263671875,0,9.6153564453125,0,1,0,0.18000000715255737,0.550000011920929,1
1,1.0257568359375,0,9.61737060546875,0,1,0,0.18000000715255737,0.550000011920929,1
1,0.25640869140625,0,9.63531494140625,0,1,0,0.18000000715255737,0.550000011920929,1
1,-0.3121337890625,0,9.6573486328125,0,1,0,0.18000000715255737,0.550000011920929,1
1,0.377197265625,0,9.6614990234375,0,1,0,0.18000000715255737,0.550000011920929,1
1,0.43359375,0,3.84625244140625,0,1,0,0.18000000715255737,0.550000011920929,1
1,-0.0411376953125,0,3.8533935546875,0,1,0,0.18000000715255737,0.550000011920929,1
1,0.02142333984375,0,3.85357666015625,0,1,0,0.18000000715255737,0.550000011920929,1
1,0.33837890625,0,3.85614013671875,0,1,0,0.18000000715255737,0.550000011920929,1
1,-0.13201904296875,0,3.861328125,0,1,0,0.18000000715255737,0.550000011920929,1
1,0.2264404296875,0,3.86114501953125,0,1,0,0.18000000715255737,0.550000011920929,1
1,0.12164306640625,0,3.8658447265625,0,1,0,0.18000000715255737,0.550000011920929,1
1,0.0364990234375,0,3.8682861328125,0,1,0,0.18000000715255737,0.550000011920929,1
1,1.0640869140625,0,9.97442626953125,0,1,0,0.28846046328544617,0.550000011920929,1
1,-0.56903076171875,0,10.3170166015625,0,1,0,0.18000000715255737,0.550000011920929,1
1,0.26995849609375,0,10.3385009765625,0,1,0,0.18000000715255737,0.550000011920929,1
1,-0.34423828125,0,10.3623046875,0,1,0,0.18000000715255737,0.550000011920929,1
1,0.4005126953125,0,10.3668212890625,0,1,0,0.18000000715255737,0.550000011920929,1
1,0.52581787109375,0,4.63482666015625,0,1,0,0.18000000715255737,0.550000011920929,1
1,-0.075439453125,0,4.6439208984375,0,1,0,0.18000000715255737,0.550000011920929,1
1,0.00384521484375,0,4.64410400390625,0,1,0,0.18000000715255737,0.550000011920929,1
1,0.40521240234375,0,4.64739990234375,0,1,0,0.18000000715255737,0.550000011920929,1
1,-0.19049072265625,0,4.6539306640625,0,1,0,0.18000000715255737,0.550000011920929,1
1,0.26348876953125,0,4.65374755859375,0,1,0,0.18000000715255737,0.550000011920929,1
1,0.13079833984375,0,4.65966796875,0,1,0,0.18000000715255737,0.550000011920929,1
1,0.02288818359375,0,4.66278076171875,0,1,0,0.18000000715255737,0.550000011920929,1
1,-0.355224609375,0,10.603271484375,0,1,0,0.24270482361316681,0.550000011920929,1
1,0.40948486328125,0,10.638916015625,0,1,0,0.31651368737220764,0.550000011920929,1
1,-0.61785888671875,0,11.01861572265625,0,1,0,0.18000000715255737,0.550000011920929,1
1,0.2835693359375,0,11.041748046875,0,1,0,0.18000000715255737,0.550000011920929,1
1,0.60797119140625,0,5.33709716796875,0,1,0,0.18000000715255737,0.550000011920929,1
1,-0.10595703125,0,5.347900390625,0,1,0,0.18000000715255737,0.550000011920929,1
1,-0.0118408203125,0,5.34808349609375,0,1,0,0.18000000715255737,0.550000011920929,1
1,0.46478271484375,0,5.3519287109375,0,1,0,0.18000000715255737,0.550000011920929,1
1,-0.2425537109375,0,5.3597412109375,0,1,0,0.18000000715255737,0.550000011920929,1
1,0.29644775390625,0,5.35955810546875,0,1,0,0.18000000715255737,0.550000011920929,1
1,0.138916015625,0,5.36651611328125,0,1,0,0.18000000715255737,0.550000011920929,1
1,0.01080322265625,0,5.3702392578125,0,1,0,0.18000000715255737,0.550000011920929,1
1,-0.66668701171875,0,11.72027587890625,0,1,0,0.18000000715255737,0.550000011920929,1
1,0.297119140625,0,11.7449951171875,0,1,0,0.18000000715255737,0.550000011920929,1
1,0.6898193359375,0,6.03741455078125,0,1,0,0.18000000715255737,0.550000011920929,1
1,-0.1363525390625,0,6.04986572265625,0,1,0,0.18000000715255737,0.550000011920929,1
1,-0.0274658203125,0,6.05010986328125,0,1,0,0.18000000715255737,0.550000011920929,1
1,0.52410888671875,0,6.05462646484375,0,1,0,0.18000000715255737,0.550000011920929,1
1,-0.29449462890625,0,6.0635986328125,0,1,0,0.18000000715255737,0.550000011920929,1
1,0.329345703125,0,6.06341552734375,0,1,0,0.18000000715255737,0.550000011920929,1
1,0.14697265625,0,6.07147216796875,0,1,0,0.18000000715255737,0.550000011920929,1
1,-0.001220703125,0,6.07574462890625,0,1,0,0.18000000715255737,0.550000011920929,1
1,-0.71551513671875,0,12.421875,0,1,0,0.18000000715255737,0.550000011920929,1
1,0.31072998046875,0,12.44818115234375,0,1,0,0.18000000715255737,0.550000011920929,1
1,0.771728515625,0,6.7376708984375,0,1,0,0.18000000715255737,0.550000011920929,1
1,-0.16680908203125,0,6.75189208984375,0,1,0,0.18000000715255737,0.550000011920929,1
1,-0.0430908203125,0,6.752197265625,0,1,0,0.18000000715255737,0.550000011920929,1
1,0.58349609375,0,6.75726318359375,0,1,0,0.18000000715255737,0.550000011920929,1
1,-0.346435546875,0,6.76751708984375,0,1,0,0.18000000715255737,0.550000011920929,1
1,0.36224365234375,0,6.7672119140625,0,1,0,0.18000000715255737,0.550000011920929,1
1,0.15509033203125,0,6.77642822265625,0,1,0,0.18000000715255737,0.550000011920929,1
1,-0.0133056640625,0,6.78131103515625,0,1,0,0.18000000715255737,0.550000011920929,1
1,-0.725341796875,0,12.56256103515625,0,1,0,0.24560175836086273,0.550000011920929,1
1,0.31304931640625,0,12.57122802734375,0,1,0,0.25505241751670837,0.550000011920929,1
1,0.8536376953125,0,7.43798828125,0,1,0,0.18000000715255737,0.550000011920929,1
1,-0.197265625,0,7.453857421875,0,1,0,0.18000000715255737,0.550000011920929,1
1,-0.0587158203125,0,7.4542236328125,0,1,0,0.18000000715255737,0.550000011920929,1
1,0.642822265625,0,7.45989990234375,0,1,0,0.18000000715255737,0.550000011920929,1
1,-0.3983154296875,0,7.47137451171875,0,1,0,0.18000000715255737,0.550000011920929,1
1,0.3951416015625,0,7.4710693359375,0,1,0,0.18000000715255737,0.550000011920929,1
1,0.16314697265625,0,7.48138427734375,0,1,0,0.18000000715255737,0.550000011920929,1
1,-0.02532958984375,0,7.48681640625,0,1,0,0.18000000715255737,0.550000011920929,1
1,-0.21197509765625,0,7.79388427734375,0,1,0,0.30771690607070923,0.550000011920929,1
1,0.935546875,0,8.1383056640625,0,1,0,0.18000000715255737,0.550000011920929,1
1,-0.0743408203125,0,8.15625,0,1,0,0.18000000715255737,0.550000011920929,1
1,0.70220947265625,0,8.16253662109375,0,1,0,0.18000000715255737,0.550000011920929,1
1,-0.45025634765625,0,8.17523193359375,0,1,0,0.18000000715255737,0.550000011920929,1
1,0.42803955078125,0,8.1749267578125,0,1,0,0.18000000715255737,0.550000011920929,1
1,0.1712646484375,0,8.186279296875,0,1,0,0.18000000715255737,0.550000011920929,1
1,-0.03741455078125,0,8.19232177734375,0,1,0,0.18000000715255737,0.550000011920929,1
1,1.01739501953125,0,8.838623046875,0,1,0,0.18000000715255737,0.550000011920929,1
1,-0.0899658203125,0,8.8582763671875,0,1,0,0.18000000715255737,0.550000011920929,1
1,0.76153564453125,0,8.86517333984375,0,1,0,0.18000000715255737,0.550000011920929,1
1,-0.502197265625,0,8.87908935546875,0,1,0,0.18000000715255737,0.550000011920929,1
1,0.46087646484375,0,8.87872314453125,0,1,0,0.18000000715255737,0.550000011920929,1
1,0.17901611328125,0,8.86358642578125,0,1,0,0.25178581476211548,0.550000011920929,1
1,-0.04949951171875,0,8.89788818359375,0,1,0,0.18000000715255737,0.550000011920929,1
1,0.76934814453125,0,8.9580078125,0,1,0,0.29020401835441589,0.550000011920929,1
1,1.09930419921875,0,9.5389404296875,0,1,0,0.18000000715255737,0.550000011920929,1
1,-0.1055908203125,0,9.560302734375,0,1,0,0.18000000715255737,0.550000011920929,1
1,-0.55413818359375,0,9.5830078125,0,1,0,0.18000000715255737,0.550000011920929,1
1,0.4937744140625,0,9.58258056640625,0,1,0,0.18000000715255737,0.550000011920929,1
1,-0.0615234375,0,9.6033935546875,0,1,0,0.18000000715255737,0.550000011920929,1
1,-0.570068359375,0,9.79876708984375,0,1,0,0.28560277819633484,0.550000011920929,1
1,1.18121337890625,0,10.2392578125,0,1,0,0.18000000715255737,0.550000011920929,1
1,-0.1212158203125,0,10.26239013671875,0,1,0,0.18000000715255737,0.550000011920929,1
1,0.52667236328125,0,10.28643798828125,0,1,0,0.18000000715255737,0.550000011920929,1
1,-0.0736083984375,0,10.30889892578125,0,1,0,0.18000000715255737,0.550000011920929,1
1,-0.0821533203125,0,10.810791015625,0,1,0,0.25140058994293213,0.550000011920929,1
1,1.2630615234375,0,10.93951416015625,0,1,0,0.18000000715255737,0.550000011920929,1
1,-0.1368408203125,0,10.96441650390625,0,1,0,0.18000000715255737,0.550000011920929,1
1,0.5595703125,0,10.99029541015625,0,1,0,0.18000000715255737,0.550000011920929,1
1,1.31451416015625,0,11.3792724609375,0,1,0,0.30634346604347229,0.550000011920929,1
1,-0.1524658203125,0,11.66644287109375,0,1,0,0.18000000715255737,0.550000011920929,1
1,0.59246826171875,0,11.694091796875,0,1,0,0.18000000715255737,0.550000011920929,1
1,0.5980224609375,0,11.8131103515625,0,1,0,0.26776063442230225,0.550000011920929,1
1,-0.1680908203125,0,12.36846923828125,0,1,0,0.18000000715255737,0.550000011920929,1
1,-0.1837158203125,0,13.07049560546875,0,1,0,0.18000000715255737,0.550000011920929,1
1,-0.1845703125,0,13.1092529296875,0,1,0,0.26651859283447266,0.550000011920929,1
