shot,ageSeconds,x,y,z
1,0,0.1728515625,1.32763671875,0.62237548828125
1,0.0069444444444444441,0.17877197265625,1.32501220703125,0.80279541015625
1,0.013888888888888888,0.18475341796875,1.32244873046875,0.9832763671875
1,0.020833333333333332,0.190673828125,1.31982421875,1.1636962890625
1,0.027777777777777776,0.1966552734375,1.3172607421875,1.3441162109375
1,0.034722222222222224,0.20257568359375,1.31463623046875,1.52459716796875
1,0.041666666666666664,0.20855712890625,1.31207275390625,1.70501708984375
1,0.048611111111111112,0.2144775390625,1.3094482421875,1.88543701171875
1,0.055555555555555552,0.22039794921875,1.306884765625,2.06585693359375
1,0.0625,0.22637939453125,1.30426025390625,2.246337890625
1,0.069444444444444448,0.2322998046875,1.3016357421875,2.426513671875
1,0.0763888888888889,0.2381591796875,1.29864501953125,2.60406494140625
1,0.083333333333333329,0.243896484375,1.2952880859375,2.7784423828125
1,0.090277777777777776,0.24957275390625,1.29144287109375,2.9495849609375
1,0.097222222222222224,0.25506591796875,1.28717041015625,3.11761474609375
1,0.10416666666666667,0.260498046875,1.282470703125,3.2823486328125
1,0.1111111111111111,0.265869140625,1.27734375,3.4439697265625
1,0.11805555555555555,0.27105712890625,1.2718505859375,3.60235595703125
1,0.125,0.27618408203125,1.265869140625,3.757568359375
1,0.13194444444444445,0.28118896484375,1.259521484375,3.9095458984375
1,0.1388888888888889,0.28607177734375,1.252685546875,4.058349609375
1,0.14583333333333334,0.2908935546875,1.24542236328125,4.2039794921875
1,0.15277777777777779,0.29559326171875,1.23779296875,4.34637451171875
1,0.15972222222222221,0.3001708984375,1.22967529296875,4.485595703125
2,0,-0.10223388671875,1.35235595703125,0.776611328125
1,0.16666666666666666,0.3046875,1.22113037109375,4.62164306640625
2,0.0069444444444444475,-0.10919189453125,1.35284423828125,0.95703125
1,0.1736111111111111,0.30902099609375,1.21221923828125,4.75445556640625
2,0.013888888888888895,-0.1162109375,1.353271484375,1.137451171875
1,0.18055555555555555,0.31329345703125,1.20281982421875,4.88409423828125
2,0.020833333333333343,-0.1231689453125,1.353759765625,1.31787109375
1,0.1875,0.3175048828125,1.1929931640625,5.010498046875
2,0.02777777777777779,-0.130126953125,1.35418701171875,1.498291015625
1,0.19444444444444445,0.321533203125,1.1827392578125,5.1337890625
2,0.034722222222222238,-0.1370849609375,1.35467529296875,1.6787109375
1,0.2013888888888889,0.32550048828125,1.172119140625,5.25390625
2,0.041666666666666685,-0.14410400390625,1.3551025390625,1.859130859375
1,0.20833333333333334,0.32940673828125,1.1610107421875,5.37298583984375
2,0.048611111111111133,-0.15106201171875,1.3555908203125,2.03955078125
1,0.21527777777777779,0.3333740234375,1.1494140625,5.4920654296875
2,0.055555555555555552,-0.15802001953125,1.35601806640625,2.219970703125
1,0.22222222222222221,0.3372802734375,1.1373291015625,5.61114501953125
2,0.0625,-0.1650390625,1.35650634765625,2.400390625
1,0.22916666666666666,0.3411865234375,1.12481689453125,5.730224609375
2,0.069444444444444448,-0.1719970703125,1.35687255859375,2.58056640625
1,0.2361111111111111,0.34515380859375,1.11181640625,5.84930419921875
2,0.0763888888888889,-0.1788330078125,1.35693359375,2.75811767578125
1,0.24305555555555555,0.34906005859375,1.09832763671875,5.96844482421875
2,0.083333333333333343,-0.18560791015625,1.35650634765625,2.93243408203125
1,0.25,0.35296630859375,1.08441162109375,6.0875244140625
2,0.090277777777777762,-0.19219970703125,1.35552978515625,3.10357666015625
1,0.25694444444444442,0.35687255859375,1.0699462890625,6.20660400390625
2,0.097222222222222238,-0.19866943359375,1.3541259765625,3.27154541015625
1,0.2638888888888889,0.36083984375,1.05499267578125,6.32568359375
2,0.10416666666666666,-0.205078125,1.35223388671875,3.43634033203125
1,0.27083333333333331,0.36474609375,1.0396728515625,6.44476318359375
2,0.11111111111111113,-0.2113037109375,1.349853515625,3.597900390625
1,0.27777777777777779,0.36865234375,1.0238037109375,6.5638427734375
2,0.11805555555555555,-0.2174072265625,1.3470458984375,3.75628662109375
1,0.28472222222222221,0.37261962890625,1.00750732421875,6.6829833984375
2,0.12500000000000003,-0.22344970703125,1.34368896484375,3.91143798828125
1,0.29166666666666669,0.37652587890625,0.99072265625,6.80206298828125
2,0.13194444444444445,-0.22930908203125,1.33990478515625,4.06341552734375
1,0.2986111111111111,0.38043212890625,0.97344970703125,6.921142578125
2,0.13888888888888892,-0.23504638671875,1.3355712890625,4.21221923828125
1,0.30555555555555558,0.3843994140625,0.9556884765625,7.04022216796875
2,0.14583333333333334,-0.24066162109375,1.330810546875,4.35784912109375
1,0.3125,0.3883056640625,0.9375,7.1593017578125
2,0.15277777777777776,-0.2462158203125,1.3255615234375,4.500244140625
1,0.31944444444444442,0.3922119140625,0.9188232421875,7.27838134765625
2,0.15972222222222224,-0.2515869140625,1.31982421875,4.639404296875
1,0.3263888888888889,0.39617919921875,0.89971923828125,7.39752197265625
3,0,0.1728515625,1.32763671875,0.62237548828125
2,0.16666666666666666,-0.2568359375,1.31353759765625,4.77545166015625
1,0.33333333333333331,0.40008544921875,0.88006591796875,7.5166015625
3,0.0069444444444444753,0.1673583984375,1.32550048828125,0.8028564453125
2,0.17361111111111113,-0.261962890625,1.306884765625,4.90826416015625
1,0.34027777777777779,0.40399169921875,0.8599853515625,7.63568115234375
3,0.013888888888888895,0.161865234375,1.32330322265625,0.9832763671875
2,0.18055555555555555,-0.2669677734375,1.2996826171875,5.03790283203125
1,0.34722222222222221,0.40789794921875,0.83941650390625,7.7547607421875
3,0.02083333333333337,0.1563720703125,1.3211669921875,1.16375732421875
2,0.18750000000000003,-0.2718505859375,1.29205322265625,5.164306640625
1,0.35416666666666669,0.411865234375,0.818359375,7.87384033203125
3,0.02777777777777779,0.15087890625,1.3189697265625,1.34423828125
2,0.19444444444444445,-0.276611328125,1.28387451171875,5.28753662109375
1,0.3611111111111111,0.415771484375,0.796875,7.992919921875
3,0.034722222222222265,0.14532470703125,1.31683349609375,1.524658203125
2,0.20138888888888892,-0.28125,1.2752685546875,5.40765380859375
1,0.36805555555555558,0.419677734375,0.77490234375,8.112060546875
3,0.041666666666666685,0.13983154296875,1.31463623046875,1.70513916015625
2,0.20833333333333334,-0.285888671875,1.26617431640625,5.5267333984375
1,0.375,0.42364501953125,0.75244140625,8.23114013671875
3,0.048611111111111105,0.13433837890625,1.3125,1.88555908203125
2,0.21527777777777776,-0.29046630859375,1.256591796875,5.64581298828125
1,0.38194444444444442,0.42755126953125,0.7294921875,8.3502197265625
3,0.05555555555555558,0.12884521484375,1.31036376953125,2.0660400390625
2,0.22222222222222224,-0.29510498046875,1.24652099609375,5.764892578125
1,0.3888888888888889,0.43145751953125,0.70611572265625,8.46929931640625
3,0.0625,0.12335205078125,1.30816650390625,2.24652099609375
2,0.22916666666666666,-0.2996826171875,1.23602294921875,5.88397216796875
1,0.39583333333333331,0.4354248046875,0.68212890625,8.58837890625
3,0.069444444444444475,0.11785888671875,1.30596923828125,2.42669677734375
2,0.23611111111111113,-0.3043212890625,1.22503662109375,6.0030517578125
1,0.40277777777777779,0.4393310546875,0.6578369140625,8.70745849609375
3,0.0763888888888889,0.1124267578125,1.30340576171875,2.60430908203125
2,0.24305555555555555,-0.30889892578125,1.21356201171875,6.1220703125
1,0.40972222222222221,0.4432373046875,0.63299560546875,8.82659912109375
3,0.08333333333333337,0.10711669921875,1.30047607421875,2.7786865234375
2,0.25,-0.3134765625,1.20166015625,6.24114990234375
1,0.41666666666666669,0.44720458984375,0.60772705078125,8.9456787109375
3,0.09027777777777779,0.1019287109375,1.2969970703125,2.94989013671875
2,0.25694444444444442,-0.318115234375,1.189208984375,6.3602294921875
1,0.4236111111111111,0.45111083984375,0.5819091796875,9.06475830078125
3,0.097222222222222265,0.0968017578125,1.29315185546875,3.11785888671875
2,0.26388888888888895,-0.32269287109375,1.17633056640625,6.47930908203125
1,0.43055555555555558,0.45501708984375,0.55572509765625,9.183837890625
3,0.10416666666666669,0.091796875,1.28887939453125,3.28265380859375
2,0.27083333333333337,-0.32733154296875,1.16302490234375,6.598388671875
1,0.4375,0.45892333984375,0.52899169921875,9.30291748046875
3,0.1111111111111111,0.08685302734375,1.28411865234375,3.44427490234375
2,0.27777777777777779,-0.3319091796875,1.149169921875,6.71746826171875
1,0.44444444444444442,0.462890625,0.5018310546875,9.4219970703125
3,0.11805555555555558,0.08203125,1.27899169921875,3.6026611328125
2,0.28472222222222221,-0.33648681640625,1.1348876953125,6.8365478515625
1,0.4513888888888889,0.466796875,0.47412109375,9.5411376953125
3,0.125,0.0772705078125,1.27337646484375,3.75787353515625
2,0.29166666666666663,-0.34112548828125,1.1201171875,6.95562744140625
1,0.45833333333333331,0.470703125,0.446044921875,9.66021728515625
3,0.13194444444444448,0.0726318359375,1.267333984375,3.909912109375
2,0.29861111111111116,-0.345703125,1.1048583984375,7.07470703125
1,0.46527777777777779,0.47467041015625,0.41741943359375,9.779296875
3,0.1388888888888889,0.068115234375,1.2608642578125,4.0587158203125
2,0.30555555555555558,-0.350341796875,1.08905029296875,7.19378662109375
1,0.47222222222222221,0.47857666015625,0.38836669921875,9.89837646484375
3,0.14583333333333337,0.06365966796875,1.2540283203125,4.204345703125
2,0.3125,-0.35491943359375,1.0728759765625,7.3128662109375
1,0.47916666666666669,0.48248291015625,0.35882568359375,10.0174560546875
3,0.15277777777777779,0.059326171875,1.2467041015625,4.3468017578125
2,0.31944444444444442,-0.35955810546875,1.05621337890625,7.43194580078125
1,0.4861111111111111,0.4864501953125,0.32879638671875,10.13653564453125
3,0.15972222222222227,0.05511474609375,1.2388916015625,4.48602294921875
2,0.32638888888888895,-0.3641357421875,1.03912353515625,7.551025390625
1,0.49305555555555558,0.4903564453125,0.29827880859375,10.25567626953125
4,0,-0.10223388671875,1.35235595703125,0.776611328125
3,0.16666666666666669,0.05096435546875,1.230712890625,4.6220703125
2,0.33333333333333337,-0.36871337890625,1.021484375,7.67010498046875
1,0.5,0.4942626953125,0.267333984375,10.374755859375
4,0.00694444444444442,-0.11102294921875,1.34930419921875,0.9569091796875
3,0.1736111111111111,0.046875,1.2220458984375,4.7548828125
2,0.34027777777777779,-0.37335205078125,1.00341796875,7.7891845703125
1,0.50694444444444442,0.49822998046875,0.23590087890625,10.49383544921875
4,0.01388888888888884,-0.119873046875,1.3463134765625,1.13726806640625
3,0.18055555555555552,0.04296875,1.2130126953125,4.88458251953125
2,0.34722222222222221,-0.3779296875,0.98486328125,7.90826416015625
1,0.51388888888888884,0.50213623046875,0.2039794921875,10.6129150390625
4,0.02083333333333337,-0.128662109375,1.34326171875,1.31756591796875
3,0.18750000000000006,0.03912353515625,1.2034912109375,5.010986328125
2,0.35416666666666674,-0.382568359375,0.9658203125,8.02734375
1,0.52083333333333337,0.50604248046875,0.171630859375,10.73199462890625
4,0.02777777777777779,-0.137451171875,1.3402099609375,1.49786376953125
3,0.19444444444444448,0.03533935546875,1.19354248046875,5.13427734375
2,0.36111111111111116,-0.38714599609375,0.94635009765625,8.14642333984375
1,0.52777777777777779,0.50994873046875,0.138671875,10.85107421875
4,0.03472222222222221,-0.14630126953125,1.337158203125,1.67816162109375
3,0.2013888888888889,0.03167724609375,1.18316650390625,5.25439453125
2,0.36805555555555558,-0.39178466796875,0.9263916015625,8.2655029296875
1,0.53472222222222221,0.513916015625,0.1053466796875,10.97021484375
4,0.04166666666666663,-0.15509033203125,1.33416748046875,1.8585205078125
3,0.20833333333333331,0.028076171875,1.17236328125,5.37347412109375
2,0.375,-0.3963623046875,0.90594482421875,8.38458251953125
1,0.54166666666666663,0.517822265625,0.071533203125,11.08929443359375
4,0.04861111111111116,-0.16387939453125,1.33111572265625,2.038818359375
3,0.21527777777777785,0.0244140625,1.16107177734375,5.49261474609375
2,0.38194444444444453,-0.40093994140625,0.885009765625,8.503662109375
1,0.54861111111111116,0.521728515625,0.03729248046875,11.2083740234375
4,0.05555555555555558,-0.17266845703125,1.32806396484375,2.2191162109375
3,0.22222222222222227,0.02081298828125,1.14923095703125,5.6116943359375
2,0.38888888888888895,-0.40557861328125,0.8636474609375,8.62274169921875
1,0.55106668589721031,0.52313232421875,0,11.25048828125
4,0.0625,-0.1815185546875,1.32501220703125,2.39947509765625
3,0.22916666666666669,0.01715087890625,1.13702392578125,5.73077392578125
2,0.39583333333333337,-0.41015625,0.84173583984375,8.7418212890625
4,0.06944444444444442,-0.1903076171875,1.32196044921875,2.57952880859375
3,0.2361111111111111,0.0135498046875,1.124267578125,5.84991455078125
2,0.40277777777777779,-0.414794921875,0.8194580078125,8.86090087890625
4,0.07638888888888884,-0.198974609375,1.31854248046875,2.7569580078125
3,0.24305555555555552,0.0098876953125,1.111083984375,5.968994140625
2,0.40972222222222221,-0.41937255859375,0.796630859375,8.97998046875
4,0.08333333333333337,-0.20745849609375,1.31475830078125,2.93121337890625
3,0.25000000000000006,0.00628662109375,1.09747314453125,6.088134765625
2,0.41666666666666674,-0.42401123046875,0.77337646484375,9.09906005859375
4,0.09027777777777779,-0.2158203125,1.31048583984375,3.10223388671875
3,0.25694444444444448,0.00262451171875,1.083251953125,6.20721435546875
2,0.42361111111111116,-0.4285888671875,0.74957275390625,9.2181396484375
4,0.09722222222222221,-0.22406005859375,1.3057861328125,3.2701416015625
3,0.2638888888888889,-0.0009765625,1.06866455078125,6.3262939453125
2,0.43055555555555558,-0.43316650390625,0.72540283203125,9.337158203125
4,0.10416666666666663,-0.2320556640625,1.30072021484375,3.43475341796875
3,0.27083333333333331,-0.004638671875,1.05364990234375,6.4454345703125
2,0.4375,-0.43780517578125,0.70068359375,9.45623779296875
4,0.11111111111111116,-0.239990234375,1.295166015625,3.59625244140625
3,0.27777777777777785,-0.00823974609375,1.03802490234375,6.56451416015625
2,0.44444444444444453,-0.4423828125,0.675537109375,9.5753173828125
4,0.11805555555555558,-0.2476806640625,1.289306640625,3.7545166015625
3,0.28472222222222227,-0.01190185546875,1.02203369140625,6.68365478515625
2,0.45138888888888895,-0.447021484375,0.64984130859375,9.69439697265625
4,0.125,-0.2552490234375,1.282958984375,3.90960693359375
3,0.29166666666666669,-0.0155029296875,1.0054931640625,6.802734375
2,0.45833333333333337,-0.45159912109375,0.623779296875,9.8134765625
4,0.13194444444444442,-0.2626953125,1.27618408203125,4.0615234375
3,0.2986111111111111,-0.0191650390625,0.988525390625,6.92181396484375
2,0.46527777777777779,-0.45623779296875,0.59716796875,9.93255615234375
4,0.13888888888888884,-0.26995849609375,1.26898193359375,4.210205078125
3,0.30555555555555552,-0.02276611328125,0.9710693359375,7.04095458984375
2,0.47222222222222221,-0.4608154296875,0.57012939453125,10.0516357421875
4,0.14583333333333337,-0.27703857421875,1.26141357421875,4.355712890625
3,0.31250000000000006,-0.02642822265625,0.953125,7.1600341796875
2,0.47916666666666674,-0.46539306640625,0.5426025390625,10.17071533203125
4,0.15277777777777779,-0.28399658203125,1.25341796875,4.498046875
3,0.31944444444444448,-0.030029296875,0.93475341796875,7.27911376953125
2,0.48611111111111116,-0.47003173828125,0.51458740234375,10.289794921875
4,0.15972222222222221,-0.29083251953125,1.24493408203125,4.63720703125
3,0.3263888888888889,-0.03369140625,0.9158935546875,7.39825439453125
2,0.49305555555555558,-0.474609375,0.486083984375,10.40887451171875
5,0,0.1728515625,1.32763671875,0.62237548828125
4,0.16666666666666663,-0.29742431640625,1.236083984375,4.77313232421875
3,0.33333333333333331,-0.03729248046875,0.89654541015625,7.517333984375
2,0.5,-0.479248046875,0.4571533203125,10.5279541015625
5,0.0069444444444445308,0.16705322265625,1.32989501953125,0.80279541015625
4,0.17361111111111116,-0.303955078125,1.226806640625,4.90582275390625
3,0.34027777777777785,-0.0408935546875,0.87677001953125,7.636474609375
2,0.50694444444444453,-0.48382568359375,0.427734375,10.64703369140625
5,0.013888888888888951,0.16119384765625,1.33221435546875,0.9832763671875
4,0.18055555555555558,-0.31024169921875,1.2171630859375,5.035400390625
3,0.34722222222222227,-0.0445556640625,0.8564453125,7.75555419921875
2,0.513888888888889,-0.48846435546875,0.3978271484375,10.76611328125
5,0.02083333333333337,0.1553955078125,1.33447265625,1.1636962890625
4,0.1875,-0.31640625,1.20703125,5.1617431640625
3,0.35416666666666669,-0.04815673828125,0.835693359375,7.8746337890625
2,0.52083333333333337,-0.4930419921875,0.36749267578125,10.88519287109375
5,0.02777777777777779,0.1495361328125,1.33673095703125,1.34417724609375
4,0.19444444444444442,-0.32244873046875,1.19647216796875,5.284912109375
3,0.3611111111111111,-0.05181884765625,0.814453125,7.9937744140625
2,0.52777777777777779,-0.49761962890625,0.33660888671875,11.0042724609375
5,0.03472222222222221,0.14373779296875,1.33905029296875,1.52459716796875
4,0.20138888888888884,-0.32830810546875,1.185546875,5.40496826171875
3,0.36805555555555552,-0.055419921875,0.79278564453125,8.11285400390625
2,0.53472222222222221,-0.50225830078125,0.3052978515625,11.12335205078125
5,0.041666666666666741,0.137939453125,1.34130859375,1.705078125
4,0.20833333333333337,-0.3341064453125,1.17413330078125,5.52392578125
3,0.37500000000000006,-0.05908203125,0.7706298828125,8.23193359375
2,0.54166666666666674,-0.5068359375,0.27349853515625,11.242431640625
5,0.04861111111111116,0.132080078125,1.3436279296875,1.885498046875
4,0.21527777777777779,-0.3399658203125,1.1622314453125,5.6429443359375
3,0.38194444444444448,-0.06268310546875,0.7479248046875,8.35107421875
2,0.54861111111111116,-0.511474609375,0.24127197265625,11.36151123046875
5,0.05555555555555558,0.12628173828125,1.34588623046875,2.06597900390625
4,0.22222222222222221,-0.34576416015625,1.14984130859375,5.761962890625
3,0.3888888888888889,-0.06634521484375,0.724853515625,8.47015380859375
2,0.55555555555555558,-0.51605224609375,0.20855712890625,11.4805908203125
5,0.0625,0.12042236328125,1.34814453125,2.24639892578125
4,0.22916666666666663,-0.3515625,1.13702392578125,5.8809814453125
3,0.39583333333333331,-0.0699462890625,0.70123291015625,8.58929443359375
2,0.5625,-0.52069091796875,0.17535400390625,11.59967041015625
5,0.069444444444444531,0.1146240234375,1.35040283203125,2.42657470703125
4,0.23611111111111116,-0.35736083984375,1.12371826171875,6
3,0.40277777777777785,-0.0736083984375,0.67718505859375,8.7083740234375
2,0.56944444444444453,-0.5252685546875,0.14166259765625,11.71875
5,0.076388888888888951,0.10888671875,1.3521728515625,2.60418701171875
4,0.24305555555555558,-0.3631591796875,1.1099853515625,6.11895751953125
3,0.40972222222222227,-0.07720947265625,0.65264892578125,8.82745361328125
2,0.576388888888889,-0.52984619140625,0.10748291015625,11.83782958984375
5,0.08333333333333337,0.103271484375,1.35357666015625,2.778564453125
4,0.25,-0.3690185546875,1.09576416015625,6.23797607421875
3,0.41666666666666669,-0.08087158203125,0.62762451171875,8.94659423828125
2,0.58333333333333337,-0.53448486328125,0.0728759765625,11.9569091796875
5,0.09027777777777779,0.0977783203125,1.35430908203125,2.94970703125
4,0.25694444444444442,-0.37481689453125,1.08099365234375,6.35699462890625
3,0.4236111111111111,-0.08447265625,0.60211181640625,9.065673828125
2,0.59027777777777779,-0.5390625,0.03778076171875,12.07598876953125
5,0.09722222222222221,0.09234619140625,1.3546142578125,3.11767578125
4,0.26388888888888884,-0.380615234375,1.0657958984375,6.47601318359375
3,0.43055555555555552,-0.088134765625,0.57623291015625,9.184814453125
2,0.59277395931578036,-0.54071044921875,0,12.1187744140625
5,0.10416666666666674,0.0870361328125,1.3543701171875,3.282470703125
4,0.27083333333333337,-0.38641357421875,1.0501708984375,6.59503173828125
3,0.43750000000000006,-0.09173583984375,0.54974365234375,9.30389404296875
5,0.11111111111111116,0.081787109375,1.35357666015625,3.444091796875
4,0.27777777777777779,-0.39227294921875,1.0340576171875,6.71405029296875
3,0.44444444444444448,-0.09539794921875,0.52288818359375,9.4229736328125
5,0.11805555555555558,0.07672119140625,1.35235595703125,3.60247802734375
4,0.28472222222222221,-0.3980712890625,1.0174560546875,6.8330078125
3,0.4513888888888889,-0.0989990234375,0.49542236328125,9.5421142578125
5,0.125,0.0716552734375,1.3505859375,3.7576904296875
4,0.29166666666666663,-0.40386962890625,1.0003662109375,6.9520263671875
3,0.45833333333333331,-0.1026611328125,0.4676513671875,9.66119384765625
5,0.13194444444444453,0.0667724609375,1.34832763671875,3.90972900390625
4,0.29861111111111116,-0.40966796875,0.9827880859375,7.071044921875
3,0.46527777777777785,-0.10626220703125,0.4393310546875,9.7802734375
5,0.13888888888888895,0.06195068359375,1.34552001953125,4.05853271484375
4,0.30555555555555558,-0.41552734375,0.9647216796875,7.1900634765625
3,0.47222222222222227,-0.10986328125,0.4105224609375,9.8994140625
5,0.14583333333333337,0.0572509765625,1.34222412109375,4.2041015625
4,0.3125,-0.42132568359375,0.94622802734375,7.30908203125
3,0.47916666666666669,-0.113525390625,0.38128662109375,10.01849365234375
5,0.15277777777777779,0.05267333984375,1.33837890625,4.3465576171875
4,0.31944444444444442,-0.4271240234375,0.92730712890625,7.4281005859375
3,0.4861111111111111,-0.11712646484375,0.35150146484375,10.13763427734375
5,0.15972222222222221,0.0482177734375,1.33404541015625,4.48577880859375
4,0.32638888888888884,-0.43292236328125,0.90789794921875,7.54705810546875
3,0.49305555555555552,-0.12078857421875,0.3212890625,10.2567138671875
6,0,-0.10223388671875,1.35235595703125,0.776611328125
5,0.16666666666666674,0.0438232421875,1.32916259765625,4.621826171875
4,0.33333333333333337,-0.43878173828125,0.887939453125,7.66607666015625
3,0.5,-0.1243896484375,0.2906494140625,10.37579345703125
6,0.0069444444444445308,-0.10076904296875,1.34588623046875,0.95703125
5,0.17361111111111116,0.03948974609375,1.3238525390625,4.754638671875
4,0.34027777777777779,-0.444580078125,0.8675537109375,7.78509521484375
3,0.50694444444444442,-0.1280517578125,0.25946044921875,10.49493408203125
6,0.013888888888888951,-0.0992431640625,1.33941650390625,1.137451171875
5,0.18055555555555558,0.03533935546875,1.3179931640625,4.88427734375
4,0.34722222222222221,-0.45037841796875,0.8466796875,7.90411376953125
3,0.51388888888888884,-0.13165283203125,0.22784423828125,10.614013671875
6,0.02083333333333337,-0.0977783203125,1.33294677734375,1.31793212890625
5,0.1875,0.03125,1.31158447265625,5.0107421875
4,0.35416666666666663,-0.4561767578125,0.82537841796875,8.02313232421875
3,0.52083333333333326,-0.13531494140625,0.19580078125,10.73309326171875
6,0.0277777777777779,-0.0963134765625,1.3265380859375,1.49835205078125
5,0.19444444444444453,0.02728271484375,1.30462646484375,5.13397216796875
4,0.36111111111111116,-0.4620361328125,0.8035888671875,8.14215087890625
3,0.5277777777777779,-0.138916015625,0.16314697265625,10.85223388671875
6,0.034722222222222321,-0.09478759765625,1.320068359375,1.67877197265625
5,0.20138888888888895,0.02337646484375,1.2972412109375,5.25408935546875
4,0.36805555555555558,-0.46783447265625,0.78131103515625,8.2611083984375
3,0.53472222222222232,-0.142578125,0.130126953125,10.9713134765625
6,0.041666666666666741,-0.09332275390625,1.3135986328125,1.85919189453125
5,0.20833333333333337,0.01953125,1.28936767578125,5.3731689453125
4,0.375,-0.4736328125,0.758544921875,8.380126953125
3,0.54166666666666674,-0.14617919921875,0.0965576171875,11.0904541015625
6,0.04861111111111116,-0.09185791015625,1.30712890625,2.0396728515625
5,0.21527777777777779,0.01568603515625,1.281005859375,5.4923095703125
4,0.38194444444444442,-0.47943115234375,0.73529052734375,8.4991455078125
3,0.54861111111111116,-0.14984130859375,0.0626220703125,11.20953369140625
6,0.05555555555555558,-0.09033203125,1.3006591796875,2.2200927734375
5,0.22222222222222221,0.01190185546875,1.2720947265625,5.61138916015625
4,0.38888888888888884,-0.48529052734375,0.71160888671875,8.6181640625
3,0.55555555555555558,-0.1534423828125,0.0281982421875,11.32861328125
6,0.062500000000000111,-0.0888671875,1.294189453125,2.4005126953125
5,0.22916666666666674,0.008056640625,1.2628173828125,5.73046875
4,0.39583333333333337,-0.4910888671875,0.68743896484375,8.7371826171875
3,0.55618819093160143,-0.15374755859375,0,11.3394775390625
6,0.069444444444444531,-0.08740234375,1.2877197265625,2.5806884765625
5,0.23611111111111116,0.00421142578125,1.2530517578125,5.84954833984375
4,0.40277777777777779,-0.49688720703125,0.662841796875,8.85614013671875
6,0.076388888888888951,-0.0859375,1.2808837890625,2.75823974609375
5,0.24305555555555558,0.0003662109375,1.24273681640625,5.96868896484375
4,0.40972222222222221,-0.502685546875,0.6376953125,8.97515869140625
6,0.08333333333333337,-0.08447265625,1.2738037109375,2.9326171875
5,0.25,-0.00347900390625,1.2320556640625,6.0877685546875
4,0.41666666666666663,-0.508544921875,0.61212158203125,9.09417724609375
6,0.0902777777777779,-0.08306884765625,1.26629638671875,3.103759765625
5,0.25694444444444453,-0.00732421875,1.2208251953125,6.20684814453125
4,0.42361111111111116,-0.51434326171875,0.58599853515625,9.21319580078125
6,0.097222222222222321,-0.08172607421875,1.2584228515625,3.271728515625
5,0.26388888888888895,-0.01116943359375,1.2091064453125,6.325927734375
4,0.43055555555555558,-0.5201416015625,0.5595703125,9.33221435546875
6,0.10416666666666674,-0.080322265625,1.25018310546875,3.4365234375
5,0.27083333333333337,-0.0150146484375,1.197021484375,6.445068359375
4,0.4375,-0.52593994140625,0.53253173828125,9.45123291015625
6,0.11111111111111116,-0.07904052734375,1.24163818359375,3.59814453125
5,0.27777777777777779,-0.01885986328125,1.18438720703125,6.56414794921875
4,0.44444444444444442,-0.53173828125,0.50506591796875,9.5701904296875
6,0.11805555555555558,-0.07769775390625,1.23272705078125,3.75653076171875
5,0.28472222222222221,-0.022705078125,1.1712646484375,6.6832275390625
4,0.45138888888888884,-0.53759765625,0.47705078125,9.689208984375
6,0.12500000000000011,-0.076416015625,1.22344970703125,3.91168212890625
5,0.29166666666666674,-0.02655029296875,1.15771484375,6.80230712890625
4,0.45833333333333337,-0.54339599609375,0.44866943359375,9.8082275390625
6,0.13194444444444453,-0.0751953125,1.21380615234375,4.063720703125
5,0.29861111111111116,-0.0303955078125,1.14361572265625,6.92144775390625
4,0.46527777777777779,-0.5491943359375,0.41973876953125,9.92724609375
6,0.13888888888888895,-0.073974609375,1.2037353515625,4.21246337890625
5,0.30555555555555558,-0.03424072265625,1.12908935546875,7.04052734375
4,0.47222222222222221,-0.55499267578125,0.39044189453125,10.0462646484375
6,0.14583333333333337,-0.07275390625,1.19342041015625,4.35809326171875
5,0.3125,-0.0380859375,1.1141357421875,7.15960693359375
4,0.47916666666666663,-0.56085205078125,0.360595703125,10.165283203125
6,0.1527777777777779,-0.07159423828125,1.18267822265625,4.50048828125
5,0.31944444444444453,-0.04193115234375,1.0986328125,7.2786865234375
4,0.48611111111111116,-0.566650390625,0.33026123046875,10.28424072265625
6,0.15972222222222232,-0.0704345703125,1.171630859375,4.63970947265625
5,0.32638888888888895,-0.0457763671875,1.082763671875,7.3978271484375
4,0.49305555555555558,-0.57244873046875,0.2994384765625,10.40325927734375
7,0,0.1728515625,1.32763671875,0.62237548828125
6,0.16666666666666674,-0.0693359375,1.16015625,4.7757568359375
5,0.33333333333333337,-0.04962158203125,1.06634521484375,7.51690673828125
4,0.5,-0.5782470703125,0.2681884765625,10.52227783203125
7,0.0069444444444445308,0.169189453125,1.33294677734375,0.80279541015625
6,0.17361111111111116,-0.0682373046875,1.14837646484375,4.9085693359375
5,0.34027777777777779,-0.053466796875,1.0494384765625,7.635986328125
4,0.50694444444444442,-0.5841064453125,0.23651123046875,10.64129638671875
7,0.013888888888888951,0.16558837890625,1.33831787109375,0.9832763671875
6,0.18055555555555558,-0.06719970703125,1.13623046875,5.0382080078125
5,0.34722222222222221,-0.05731201171875,1.0321044921875,7.75506591796875
4,0.51388888888888884,-0.58990478515625,0.20428466796875,10.76031494140625
7,0.02083333333333337,0.16192626953125,1.3436279296875,1.1636962890625
6,0.1875,-0.066162109375,1.12371826171875,5.16461181640625
5,0.35416666666666663,-0.0611572265625,1.0142822265625,7.87420654296875
4,0.52083333333333326,-0.595703125,0.171630859375,10.8792724609375
7,0.02777777777777779,0.1583251953125,1.3489990234375,1.3441162109375
6,0.19444444444444442,-0.06512451171875,1.11077880859375,5.28790283203125
5,0.36111111111111105,-0.06500244140625,0.9959716796875,7.9932861328125
4,0.52777777777777768,-0.60150146484375,0.138427734375,10.998291015625
7,0.034722222222222432,0.1546630859375,1.35430908203125,1.52459716796875
6,0.20138888888888906,-0.06414794921875,1.09759521484375,5.407958984375
5,0.36805555555555569,-0.06884765625,0.97723388671875,8.11236572265625
4,0.53472222222222232,-0.60736083984375,0.10479736328125,11.1173095703125
7,0.041666666666666852,0.15106201171875,1.35968017578125,1.70501708984375
6,0.20833333333333348,-0.06317138671875,1.08392333984375,5.527099609375
5,0.37500000000000011,-0.07269287109375,0.9580078125,8.2314453125
4,0.54166666666666674,-0.6131591796875,0.0706787109375,11.236328125
7,0.048611111111111271,0.14739990234375,1.364990234375,1.88543701171875
6,0.2152777777777779,-0.06219482421875,1.06976318359375,5.64617919921875
5,0.38194444444444453,-0.0765380859375,0.938232421875,8.3505859375
4,0.54861111111111116,-0.61895751953125,0.03619384765625,11.3553466796875
7,0.055555555555555691,0.14373779296875,1.370361328125,2.06591796875
6,0.22222222222222232,-0.06121826171875,1.05511474609375,5.7652587890625
5,0.38888888888888895,-0.08038330078125,0.9180908203125,8.46966552734375
4,0.55082752601352747,-0.62078857421875,0,11.393310546875
7,0.062500000000000111,0.14013671875,1.37567138671875,2.246337890625
6,0.22916666666666674,-0.06024169921875,1.0400390625,5.88433837890625
5,0.39583333333333337,-0.08416748046875,0.89739990234375,8.5887451171875
7,0.069444444444444531,0.136474609375,1.38092041015625,2.426513671875
6,0.23611111111111116,-0.0592041015625,1.0245361328125,6.00341796875
5,0.40277777777777779,-0.0880126953125,0.87628173828125,8.70782470703125
7,0.076388888888888951,0.1329345703125,1.38580322265625,2.60406494140625
6,0.24305555555555558,-0.0582275390625,1.00848388671875,6.12249755859375
5,0.40972222222222221,-0.09185791015625,0.85467529296875,8.82696533203125
7,0.08333333333333337,0.12939453125,1.39007568359375,2.7784423828125
6,0.25,-0.0572509765625,0.99200439453125,6.2415771484375
5,0.41666666666666663,-0.095703125,0.8326416015625,8.946044921875
7,0.09027777777777779,0.1259765625,1.39373779296875,2.94964599609375
6,0.25694444444444442,-0.0562744140625,0.9749755859375,6.36065673828125
5,0.42361111111111105,-0.09954833984375,0.80999755859375,9.06512451171875
7,0.097222222222222432,0.12255859375,1.3968505859375,3.11761474609375
6,0.26388888888888906,-0.0552978515625,0.95751953125,6.479736328125
5,0.43055555555555569,-0.1033935546875,0.78704833984375,9.1842041015625
7,0.10416666666666685,0.1192626953125,1.3994140625,3.28240966796875
6,0.27083333333333348,-0.0543212890625,0.93963623046875,6.598876953125
5,0.43750000000000011,-0.10723876953125,0.7635498046875,9.3033447265625
7,0.11111111111111127,0.115966796875,1.40142822265625,3.4439697265625
6,0.2777777777777779,-0.0533447265625,0.92120361328125,6.71795654296875
5,0.44444444444444453,-0.111083984375,0.73956298828125,9.42242431640625
7,0.11805555555555569,0.11279296875,1.40283203125,3.60235595703125
6,0.28472222222222232,-0.0523681640625,0.90240478515625,6.8370361328125
5,0.45138888888888895,-0.11492919921875,0.715087890625,9.54150390625
7,0.12500000000000011,0.10968017578125,1.40374755859375,3.757568359375
6,0.29166666666666674,-0.0513916015625,0.883056640625,6.95611572265625
5,0.45833333333333337,-0.1187744140625,0.69024658203125,9.66064453125
7,0.13194444444444453,0.10662841796875,1.40399169921875,3.9095458984375
6,0.29861111111111116,-0.0504150390625,0.86322021484375,7.0751953125
5,0.46527777777777779,-0.12261962890625,0.664794921875,9.77972412109375
7,0.13888888888888895,0.1036376953125,1.4036865234375,4.058349609375
6,0.30555555555555558,-0.0494384765625,0.8428955078125,7.19427490234375
5,0.47222222222222221,-0.12646484375,0.63897705078125,9.8988037109375
7,0.14583333333333337,0.10064697265625,1.40289306640625,4.2039794921875
6,0.3125,-0.0484619140625,0.8221435546875,7.3133544921875
5,0.47916666666666663,-0.13031005859375,0.6126708984375,10.01788330078125
7,0.15277777777777779,0.0977783203125,1.4014892578125,4.34637451171875
6,0.31944444444444442,-0.0474853515625,0.8009033203125,7.43243408203125
5,0.48611111111111105,-0.1341552734375,0.5858154296875,10.13702392578125
7,0.15972222222222243,0.094970703125,1.39947509765625,4.485595703125
6,0.32638888888888906,-0.0465087890625,0.77923583984375,7.551513671875
5,0.49305555555555569,-0.13800048828125,0.55853271484375,10.256103515625
8,0,-0.10223388671875,1.35235595703125,0.776611328125
7,0.16666666666666685,0.09228515625,1.39691162109375,4.62164306640625
6,0.33333333333333348,-0.0455322265625,0.75701904296875,7.670654296875
5,0.50000000000000011,-0.141845703125,0.53082275390625,10.37518310546875
8,0.0069444444444446418,-0.0994873046875,1.352294921875,0.9571533203125
7,0.17361111111111127,0.089599609375,1.39385986328125,4.75445556640625
6,0.3402777777777779,-0.0445556640625,0.73443603515625,7.78973388671875
5,0.50694444444444453,-0.14569091796875,0.5025634765625,10.4942626953125
8,0.013888888888889062,-0.09674072265625,1.352294921875,1.1376953125
7,0.18055555555555569,0.08697509765625,1.39019775390625,4.88409423828125
6,0.34722222222222232,-0.0435791015625,0.7113037109375,7.9088134765625
5,0.513888888888889,-0.1495361328125,0.473876953125,10.6134033203125
8,0.020833333333333481,-0.093994140625,1.35223388671875,1.3182373046875
7,0.18750000000000011,0.08441162109375,1.38592529296875,5.01055908203125
6,0.35416666666666674,-0.0426025390625,0.68768310546875,8.02789306640625
5,0.52083333333333337,-0.15338134765625,0.44476318359375,10.73248291015625
8,0.0277777777777779,-0.09124755859375,1.3521728515625,1.498779296875
7,0.19444444444444453,0.0819091796875,1.381103515625,5.1337890625
6,0.36111111111111116,-0.0416259765625,0.66363525390625,8.14697265625
5,0.52777777777777779,-0.1572265625,0.4150390625,10.8515625
8,0.034722222222222321,-0.0885009765625,1.35211181640625,1.67926025390625
7,0.20138888888888895,0.07952880859375,1.375732421875,5.25390625
6,0.36805555555555558,-0.04058837890625,0.63909912109375,8.26605224609375
5,0.53472222222222221,-0.16107177734375,0.38494873046875,10.97064208984375
8,0.041666666666666741,-0.08575439453125,1.35211181640625,1.85980224609375
7,0.20833333333333337,0.0771484375,1.369873046875,5.37298583984375
6,0.375,-0.03961181640625,0.61407470703125,8.3851318359375
5,0.54166666666666663,-0.1649169921875,0.3543701171875,11.08978271484375
8,0.04861111111111116,-0.0830078125,1.35205078125,2.04034423828125
7,0.21527777777777779,0.07470703125,1.36346435546875,5.4920654296875
6,0.38194444444444442,-0.03863525390625,0.58856201171875,8.50421142578125
5,0.548611111111111,-0.16876220703125,0.32330322265625,11.2088623046875
8,0.0555555555555558,-0.08026123046875,1.35198974609375,2.22088623046875
7,0.22222222222222243,0.07232666015625,1.35662841796875,5.6112060546875
6,0.38888888888888906,-0.03765869140625,0.56268310546875,8.623291015625
5,0.55555555555555569,-0.172607421875,0.29180908203125,11.32794189453125
8,0.062500000000000222,-0.0775146484375,1.3519287109375,2.40142822265625
7,0.22916666666666685,0.0699462890625,1.349365234375,5.73028564453125
6,0.39583333333333348,-0.03668212890625,0.53619384765625,8.742431640625
5,0.56250000000000011,-0.17645263671875,0.25982666015625,11.447021484375
8,0.069444444444444642,-0.07476806640625,1.35186767578125,2.58172607421875
7,0.23611111111111127,0.0675048828125,1.341552734375,5.849365234375
6,0.4027777777777779,-0.03570556640625,0.50933837890625,8.86151123046875
5,0.56944444444444453,-0.18023681640625,0.227294921875,11.566162109375
8,0.076388888888889062,-0.07208251953125,1.35137939453125,2.75933837890625
7,0.24305555555555569,0.06512451171875,1.33331298828125,5.96844482421875
6,0.40972222222222232,-0.03472900390625,0.48193359375,8.9805908203125
5,0.576388888888889,-0.18408203125,0.1943359375,11.68524169921875
8,0.083333333333333481,-0.06939697265625,1.3504638671875,2.933837890625
7,0.25000000000000011,0.062744140625,1.32464599609375,6.0875244140625
6,0.41666666666666674,-0.03375244140625,0.4541015625,9.09967041015625
5,0.58333333333333337,-0.18792724609375,0.16094970703125,11.8043212890625
8,0.0902777777777779,-0.06683349609375,1.3489990234375,3.1051025390625
7,0.25694444444444453,0.060302734375,1.3154296875,6.20660400390625
6,0.42361111111111116,-0.03277587890625,0.42572021484375,9.21875
5,0.59027777777777779,-0.1917724609375,0.12701416015625,11.92340087890625
8,0.097222222222222321,-0.06427001953125,1.34716796875,3.27313232421875
7,0.26388888888888895,0.05792236328125,1.30572509765625,6.32574462890625
6,0.43055555555555558,-0.03179931640625,0.39697265625,9.33782958984375
5,0.59722222222222221,-0.19561767578125,0.09271240234375,12.04254150390625
8,0.10416666666666674,-0.061767578125,1.34478759765625,3.43804931640625
7,0.27083333333333337,0.0555419921875,1.295654296875,6.44482421875
6,0.4375,-0.03082275390625,0.36773681640625,9.4569091796875
5,0.60416666666666663,-0.199462890625,0.057861328125,12.16162109375
8,0.11111111111111116,-0.059326171875,1.3419189453125,3.59967041015625
7,0.27777777777777779,0.0531005859375,1.2850341796875,6.56390380859375
6,0.44444444444444442,-0.02984619140625,0.3380126953125,9.57598876953125
5,0.61062176217706,-0.20306396484375,0,12.2723388671875
8,0.1180555555555558,-0.056884765625,1.33868408203125,3.7581787109375
7,0.28472222222222243,0.05072021484375,1.27398681640625,6.6829833984375
6,0.45138888888888906,-0.02886962890625,0.3077392578125,9.695068359375
8,0.12500000000000022,-0.05450439453125,1.33489990234375,3.9134521484375
7,0.29166666666666685,0.04833984375,1.26239013671875,6.80206298828125
6,0.45833333333333348,-0.02789306640625,0.277099609375,9.814208984375
8,0.13194444444444464,-0.05218505859375,1.33062744140625,4.0655517578125
7,0.29861111111111127,0.0458984375,1.2503662109375,6.92120361328125
6,0.4652777777777779,-0.02691650390625,0.24591064453125,9.93328857421875
8,0.13888888888888906,-0.0499267578125,1.325927734375,4.21441650390625
7,0.30555555555555569,0.04351806640625,1.23785400390625,7.040283203125
6,0.47222222222222232,-0.02593994140625,0.21429443359375,10.0523681640625
8,0.14583333333333348,-0.0477294921875,1.32073974609375,4.360107421875
7,0.31250000000000011,0.0411376953125,1.224853515625,7.15936279296875
6,0.47916666666666674,-0.02496337890625,0.18218994140625,10.17144775390625
8,0.1527777777777779,-0.04559326171875,1.31512451171875,4.5025634765625
7,0.31944444444444453,0.0386962890625,1.21142578125,7.2784423828125
6,0.48611111111111116,-0.02398681640625,0.14959716796875,10.29052734375
8,0.15972222222222232,-0.04345703125,1.3089599609375,4.64190673828125
7,0.32638888888888895,0.03631591796875,1.19757080078125,7.39752197265625
6,0.49305555555555558,-0.02301025390625,0.1165771484375,10.40960693359375
9,0,0.1728515625,1.32763671875,0.62237548828125
8,0.16666666666666674,-0.0413818359375,1.3023681640625,4.7779541015625
7,0.33333333333333337,0.033935546875,1.18316650390625,7.5166015625
6,0.5,-0.02197265625,0.08306884765625,10.5286865234375
9,0.00694444444444442,0.18072509765625,1.32733154296875,0.802734375
8,0.17361111111111116,-0.03936767578125,1.2952880859375,4.910888671875
7,0.34027777777777779,0.031494140625,1.16827392578125,7.6357421875
6,0.50694444444444442,-0.02099609375,0.049072265625,10.64776611328125
9,0.013888888888889062,0.18853759765625,1.3270263671875,0.983154296875
8,0.1805555555555558,-0.037353515625,1.2877197265625,5.04058837890625
7,0.34722222222222243,0.02911376953125,1.1529541015625,7.75482177734375
6,0.51178957676470671,-0.02032470703125,0,10.7308349609375
9,0.020833333333333481,0.1964111328125,1.32672119140625,1.16351318359375
8,0.18750000000000022,-0.03546142578125,1.27972412109375,5.1671142578125
7,0.35416666666666685,0.0267333984375,1.13714599609375,7.8739013671875
9,0.0277777777777779,0.2042236328125,1.326416015625,1.34393310546875
8,0.19444444444444464,-0.0335693359375,1.27117919921875,5.2904052734375
7,0.36111111111111127,0.0242919921875,1.12091064453125,7.99298095703125
9,0.034722222222222321,0.21209716796875,1.32611083984375,1.5242919921875
8,0.20138888888888906,-0.03173828125,1.26226806640625,5.41058349609375
7,0.36805555555555569,0.02191162109375,1.1041259765625,8.112060546875
9,0.041666666666666741,0.219970703125,1.32574462890625,1.7047119140625
8,0.20833333333333348,-0.02996826171875,1.2528076171875,5.52972412109375
7,0.37500000000000011,0.01953125,1.0869140625,8.23114013671875
9,0.04861111111111116,0.227783203125,1.325439453125,1.88507080078125
8,0.2152777777777779,-0.02813720703125,1.242919921875,5.64886474609375
7,0.38194444444444453,0.01715087890625,1.0692138671875,8.35028076171875
9,0.05555555555555558,0.23565673828125,1.32513427734375,2.0654296875
8,0.22222222222222232,-0.02630615234375,1.23248291015625,5.76800537109375
7,0.38888888888888895,0.01470947265625,1.051025390625,8.4693603515625
9,0.0625,0.2435302734375,1.3248291015625,2.245849609375
8,0.22916666666666674,-0.02447509765625,1.2216796875,5.88720703125
7,0.39583333333333337,0.0123291015625,1.0323486328125,8.58843994140625
9,0.06944444444444442,0.2513427734375,1.324462890625,2.42596435546875
8,0.23611111111111116,-0.022705078125,1.2103271484375,6.00634765625
7,0.40277777777777779,0.00994873046875,1.0133056640625,8.70751953125
9,0.076388888888889062,0.25909423828125,1.32373046875,2.60345458984375
8,0.2430555555555558,-0.0208740234375,1.19854736328125,6.12548828125
7,0.40972222222222243,0.00750732421875,0.99371337890625,8.82659912109375
9,0.083333333333333481,0.26666259765625,1.32257080078125,2.77777099609375
8,0.25000000000000022,-0.01904296875,1.186279296875,6.24462890625
7,0.41666666666666685,0.005126953125,0.9736328125,8.94573974609375
9,0.0902777777777779,0.27410888671875,1.32086181640625,2.94891357421875
8,0.25694444444444464,-0.01727294921875,1.17352294921875,6.36376953125
7,0.42361111111111127,0.00274658203125,0.95306396484375,9.0648193359375
9,0.097222222222222321,0.28143310546875,1.31878662109375,3.1168212890625
8,0.26388888888888906,-0.01544189453125,1.1602783203125,6.48297119140625
7,0.43055555555555569,0.00030517578125,0.93212890625,9.18389892578125
9,0.10416666666666674,0.28857421875,1.316162109375,3.28155517578125
8,0.27083333333333348,-0.01361083984375,1.14666748046875,6.60211181640625
7,0.43750000000000011,-0.0020751953125,0.91058349609375,9.302978515625
9,0.11111111111111116,0.29559326171875,1.31304931640625,3.443115234375
8,0.2777777777777779,-0.0118408203125,1.1324462890625,6.72125244140625
7,0.44444444444444453,-0.00445556640625,0.888671875,9.42205810546875
9,0.11805555555555558,0.302490234375,1.3095703125,3.6014404296875
8,0.28472222222222232,-0.010009765625,1.11785888671875,6.84039306640625
7,0.45138888888888895,-0.00689697265625,0.8662109375,9.5411376953125
9,0.125,0.30926513671875,1.30560302734375,3.756591796875
8,0.29166666666666674,-0.0081787109375,1.102783203125,6.95953369140625
7,0.45833333333333337,-0.00927734375,0.8433837890625,9.6602783203125
9,0.13194444444444442,0.31585693359375,1.30108642578125,3.9085693359375
8,0.29861111111111116,-0.00640869140625,1.087158203125,7.0787353515625
7,0.46527777777777779,-0.01165771484375,0.8199462890625,9.77935791015625
9,0.13888888888888906,0.32232666015625,1.296142578125,4.05731201171875
8,0.3055555555555558,-0.00457763671875,1.07110595703125,7.1978759765625
7,0.47222222222222243,-0.01409912109375,0.796142578125,9.8984375
9,0.14583333333333348,0.32867431640625,1.290771484375,4.202880859375
8,0.31250000000000022,-0.00274658203125,1.0545654296875,7.3170166015625
7,0.47916666666666685,-0.0164794921875,0.7718505859375,10.01751708984375
9,0.1527777777777779,0.33489990234375,1.284912109375,4.34527587890625
8,0.31944444444444464,-0.0009765625,1.03759765625,7.4361572265625
7,0.48611111111111127,-0.01885986328125,0.7470703125,10.1365966796875
9,0.15972222222222232,0.3409423828125,1.278564453125,4.48443603515625
8,0.32638888888888906,0.0008544921875,1.0201416015625,7.5552978515625
7,0.49305555555555569,-0.02130126953125,0.72174072265625,10.25567626953125
10,0,-0.10223388671875,1.35235595703125,0.776611328125
9,0.16666666666666674,0.34686279296875,1.271728515625,4.62042236328125
8,0.33333333333333348,0.002685546875,1.002197265625,7.67449951171875
7,0.50000000000000011,-0.023681640625,0.696044921875,10.37481689453125
10,0.00694444444444442,-0.0958251953125,1.34466552734375,0.9569091796875
9,0.17361111111111116,0.35260009765625,1.2645263671875,4.75323486328125
8,0.3402777777777779,0.0045166015625,0.9837646484375,7.79364013671875
7,0.50694444444444453,-0.02606201171875,0.66986083984375,10.493896484375
10,0.01388888888888884,-0.0894775390625,1.33697509765625,1.13714599609375
9,0.18055555555555558,0.3582763671875,1.25677490234375,4.8828125
8,0.34722222222222232,0.00628662109375,0.96490478515625,7.91278076171875
7,0.513888888888889,-0.02850341796875,0.64312744140625,10.61297607421875
10,0.020833333333333259,-0.08306884765625,1.32928466796875,1.31744384765625
9,0.1875,0.36376953125,1.24853515625,5.00921630859375
8,0.35416666666666674,0.00811767578125,0.94549560546875,8.03192138671875
7,0.52083333333333337,-0.0308837890625,0.61602783203125,10.7320556640625
10,0.027777777777777679,-0.07672119140625,1.32159423828125,1.49774169921875
9,0.19444444444444442,0.369140625,1.2398681640625,5.13238525390625
8,0.36111111111111116,0.00994873046875,0.92572021484375,8.15106201171875
7,0.52777777777777779,-0.03326416015625,0.58837890625,10.85113525390625
10,0.034722222222222321,-0.0703125,1.31390380859375,1.677978515625
9,0.20138888888888906,0.37432861328125,1.230712890625,5.25250244140625
8,0.3680555555555558,0.01171875,0.9053955078125,8.270263671875
7,0.53472222222222243,-0.03570556640625,0.560302734375,10.97027587890625
10,0.041666666666666741,-0.06396484375,1.30621337890625,1.8582763671875
9,0.20833333333333348,0.3795166015625,1.22113037109375,5.37152099609375
8,0.37500000000000022,0.0135498046875,0.8846435546875,8.389404296875
7,0.54166666666666685,-0.0380859375,0.53167724609375,11.08935546875
10,0.04861111111111116,-0.05755615234375,1.29852294921875,2.03857421875
9,0.2152777777777779,0.38470458984375,1.2110595703125,5.4906005859375
8,0.38194444444444464,0.015380859375,0.86334228515625,8.508544921875
7,0.54861111111111127,-0.04046630859375,0.502685546875,11.20843505859375
10,0.05555555555555558,-0.05120849609375,1.29083251953125,2.2188720703125
9,0.22222222222222232,0.389892578125,1.200439453125,5.609619140625
8,0.38888888888888906,0.01715087890625,0.8416748046875,8.627685546875
7,0.55555555555555569,-0.0428466796875,0.47320556640625,11.3275146484375
10,0.0625,-0.0447998046875,1.28314208984375,2.39910888671875
9,0.22916666666666674,0.39508056640625,1.189453125,5.72869873046875
8,0.39583333333333348,0.01898193359375,0.81939697265625,8.746826171875
7,0.56250000000000011,-0.0452880859375,0.44317626953125,11.44659423828125
10,0.06944444444444442,-0.0384521484375,1.27545166015625,2.57916259765625
9,0.23611111111111116,0.4002685546875,1.177978515625,5.8477783203125
8,0.4027777777777779,0.02081298828125,0.79681396484375,8.86602783203125
7,0.56944444444444453,-0.04766845703125,0.4127197265625,11.565673828125
10,0.07638888888888884,-0.03216552734375,1.2674560546875,2.75653076171875
9,0.24305555555555558,0.40545654296875,1.16595458984375,5.966796875
8,0.40972222222222232,0.0225830078125,0.77362060546875,8.98516845703125
7,0.576388888888889,-0.050048828125,0.38177490234375,11.684814453125
10,0.083333333333333259,-0.0260009765625,1.2591552734375,2.9307861328125
9,0.25,0.41064453125,1.153564453125,6.08587646484375
8,0.41666666666666674,0.0244140625,0.75006103515625,9.10430908203125
7,0.58333333333333337,-0.052490234375,0.35040283203125,11.80389404296875
10,0.090277777777777679,-0.0198974609375,1.25042724609375,3.101806640625
9,0.25694444444444442,0.41583251953125,1.140625,6.20489501953125
8,0.42361111111111116,0.0262451171875,0.72589111328125,9.22344970703125
7,0.59027777777777779,-0.05487060546875,0.3184814453125,11.9229736328125
10,0.097222222222222321,-0.01397705078125,1.241455078125,3.26959228515625
9,0.26388888888888906,0.42095947265625,1.127197265625,6.323974609375
8,0.4305555555555558,0.028076171875,0.701416015625,9.34259033203125
7,0.59722222222222243,-0.0572509765625,0.28619384765625,12.04205322265625
10,0.10416666666666674,-0.0081787109375,1.23211669921875,3.43426513671875
9,0.27083333333333348,0.4261474609375,1.1134033203125,6.44305419921875
8,0.43750000000000022,0.02984619140625,0.67633056640625,9.4617919921875
7,0.60416666666666685,-0.0596923828125,0.25335693359375,12.1611328125
10,0.11111111111111116,-0.00244140625,1.222412109375,3.595703125
9,0.2777777777777779,0.43133544921875,1.09906005859375,6.56207275390625
8,0.44444444444444464,0.03167724609375,0.65087890625,9.5809326171875
7,0.61111111111111127,-0.06207275390625,0.2200927734375,12.28021240234375
10,0.11805555555555558,0.003173828125,1.21246337890625,3.75396728515625
9,0.28472222222222232,0.4365234375,1.084228515625,6.68115234375
8,0.45138888888888906,0.03350830078125,0.62481689453125,9.7000732421875
7,0.61805555555555569,-0.064453125,0.186279296875,12.39935302734375
10,0.125,0.0086669921875,1.20208740234375,3.90899658203125
9,0.29166666666666674,0.44171142578125,1.0689697265625,6.8001708984375
8,0.45833333333333348,0.0352783203125,0.59844970703125,9.8192138671875
7,0.62500000000000011,-0.06689453125,0.15203857421875,12.5184326171875
10,0.13194444444444442,0.0140380859375,1.19140625,4.06085205078125
9,0.29861111111111116,0.4468994140625,1.05322265625,6.91925048828125
8,0.4652777777777779,0.037109375,0.57147216796875,9.9383544921875
7,0.63194444444444453,-0.06927490234375,0.11737060546875,12.63751220703125
10,0.13888888888888884,0.019287109375,1.18035888671875,4.20953369140625
9,0.30555555555555558,0.45208740234375,1.03692626953125,7.03826904296875
8,0.47222222222222232,0.0389404296875,0.54412841796875,10.05755615234375
7,0.638888888888889,-0.0716552734375,0.0821533203125,12.756591796875
10,0.14583333333333326,0.0244140625,1.1690673828125,4.35504150390625
9,0.3125,0.457275390625,1.020263671875,7.1573486328125
8,0.47916666666666674,0.04071044921875,0.5162353515625,10.17669677734375
7,0.64583333333333337,-0.0740966796875,0.0465087890625,12.87567138671875
10,0.15277777777777768,0.02947998046875,1.1573486328125,4.497314453125
9,0.31944444444444442,0.46246337890625,1.0030517578125,7.27642822265625
8,0.48611111111111116,0.04254150390625,0.4879150390625,10.29583740234375
7,0.64996480804998,-0.07550048828125,0,12.946533203125
10,0.15972222222222232,0.034423828125,1.14532470703125,4.63641357421875
9,0.32638888888888906,0.46759033203125,0.9854736328125,7.39544677734375
8,0.4930555555555558,0.04437255859375,0.45904541015625,10.41497802734375
11,0,0.1728515625,1.32763671875,0.62237548828125
10,0.16666666666666674,0.0391845703125,1.1329345703125,4.7723388671875
9,0.33333333333333348,0.4727783203125,0.96734619140625,7.5145263671875
8,0.50000000000000022,0.046142578125,0.4298095703125,10.5341796875
11,0.00694444444444442,0.17681884765625,1.32281494140625,0.80279541015625
10,0.17361111111111116,0.04388427734375,1.1202392578125,4.905029296875
9,0.3402777777777779,0.47796630859375,0.94873046875,7.633544921875
8,0.50694444444444464,0.0479736328125,0.4000244140625,10.6533203125
11,0.01388888888888884,0.18072509765625,1.31805419921875,0.9832763671875
10,0.18055555555555558,0.04852294921875,1.10723876953125,5.0345458984375
9,0.34722222222222232,0.483154296875,0.9296875,7.75262451171875
8,0.51388888888888906,0.0498046875,0.36981201171875,10.7724609375
11,0.020833333333333259,0.1846923828125,1.313232421875,1.1636962890625
10,0.1875,0.052978515625,1.0938720703125,5.160888671875
9,0.35416666666666674,0.48834228515625,0.91015625,7.87164306640625
8,0.52083333333333348,0.0516357421875,0.339111328125,10.8916015625
11,0.027777777777777679,0.1885986328125,1.3084716796875,1.34417724609375
10,0.19444444444444442,0.05731201171875,1.08013916015625,5.28399658203125
9,0.36111111111111116,0.4935302734375,0.89013671875,7.99072265625
8,0.5277777777777779,0.05340576171875,0.30792236328125,11.0107421875
11,0.0347222222222221,0.19256591796875,1.30364990234375,1.52459716796875
10,0.20138888888888884,0.06158447265625,1.06610107421875,5.40399169921875
9,0.36805555555555558,0.49871826171875,0.86968994140625,8.10980224609375
8,0.53472222222222232,0.05523681640625,0.2762451171875,11.1298828125
11,0.041666666666666519,0.196533203125,1.29888916015625,1.705078125
10,0.20833333333333326,0.0657958984375,1.0516357421875,5.52301025390625
9,0.375,0.50390625,0.8487548828125,8.22882080078125
8,0.54166666666666674,0.05706787109375,0.244140625,11.24908447265625
11,0.048611111111110938,0.200439453125,1.2940673828125,1.885498046875
10,0.21527777777777768,0.07000732421875,1.03662109375,5.6419677734375
9,0.38194444444444442,0.509033203125,0.8272705078125,8.347900390625
8,0.54861111111111116,0.058837890625,0.2115478515625,11.36822509765625
11,0.05555555555555558,0.20440673828125,1.289306640625,2.06597900390625
10,0.22222222222222232,0.07421875,1.02117919921875,5.760986328125
9,0.38888888888888906,0.51422119140625,0.805419921875,8.4669189453125
8,0.5555555555555558,0.0606689453125,0.17852783203125,11.48736572265625
11,0.0625,0.2083740234375,1.28448486328125,2.24639892578125
10,0.22916666666666674,0.07843017578125,1.00531005859375,5.87994384765625
9,0.39583333333333348,0.5194091796875,0.78302001953125,8.58599853515625
8,0.56250000000000022,0.0625,0.14495849609375,11.60650634765625
11,0.06944444444444442,0.2122802734375,1.2796630859375,2.4266357421875
10,0.23611111111111116,0.0826416015625,0.98895263671875,5.9989013671875
9,0.4027777777777779,0.52459716796875,0.76019287109375,8.70501708984375
8,0.56944444444444464,0.06427001953125,0.1109619140625,11.7257080078125
11,0.07638888888888884,0.2161865234375,1.27447509765625,2.60418701171875
10,0.24305555555555558,0.08685302734375,0.97210693359375,6.117919921875
9,0.40972222222222232,0.52978515625,0.73687744140625,8.8240966796875
8,0.57638888888888906,0.06610107421875,0.076416015625,11.8448486328125
11,0.083333333333333259,0.219970703125,1.26904296875,2.778564453125
10,0.25,0.091064453125,0.954833984375,6.23687744140625
9,0.41666666666666674,0.53497314453125,0.71307373046875,8.94317626953125
8,0.58333333333333348,0.06793212890625,0.04150390625,11.9639892578125
11,0.090277777777777679,0.22369384765625,1.2630615234375,2.94976806640625
10,0.25694444444444442,0.09527587890625,0.93701171875,6.35589599609375
9,0.42361111111111116,0.5401611328125,0.68878173828125,9.06219482421875
8,0.58656291805621563,0.0687255859375,0,12.0194091796875
11,0.0972222222222221,0.2274169921875,1.25677490234375,3.11773681640625
10,0.26388888888888884,0.0994873046875,0.918701171875,6.474853515625
9,0.43055555555555558,0.54534912109375,0.66412353515625,9.1812744140625
11,0.10416666666666652,0.23101806640625,1.25006103515625,3.28253173828125
10,0.27083333333333326,0.10369873046875,0.9000244140625,6.5938720703125
9,0.4375,0.550537109375,0.63885498046875,9.30029296875
11,0.11111111111111094,0.2344970703125,1.24298095703125,3.444091796875
10,0.27777777777777768,0.10791015625,0.88079833984375,6.71282958984375
9,0.44444444444444442,0.5556640625,0.61322021484375,9.41937255859375
11,0.11805555555555558,0.23797607421875,1.23553466796875,3.6025390625
10,0.28472222222222232,0.11212158203125,0.86114501953125,6.831787109375
9,0.45138888888888906,0.56085205078125,0.5870361328125,9.5384521484375
11,0.125,0.24139404296875,1.2276611328125,3.7576904296875
10,0.29166666666666674,0.1163330078125,0.84100341796875,6.9508056640625
9,0.45833333333333348,0.5660400390625,0.5604248046875,9.657470703125
11,0.13194444444444442,0.24468994140625,1.21942138671875,3.90972900390625
10,0.29861111111111116,0.12054443359375,0.82037353515625,7.06976318359375
9,0.4652777777777779,0.57122802734375,0.5333251953125,9.77655029296875
11,0.13888888888888884,0.2479248046875,1.21075439453125,4.05853271484375
10,0.30555555555555558,0.124755859375,0.79925537109375,7.18878173828125
9,0.47222222222222232,0.576416015625,0.50579833984375,9.89556884765625
11,0.14583333333333326,0.25115966796875,1.2017822265625,4.20416259765625
10,0.3125,0.12896728515625,0.7777099609375,7.3077392578125
9,0.47916666666666674,0.58160400390625,0.47772216796875,10.0146484375
11,0.15277777777777768,0.2542724609375,1.1923828125,4.3465576171875
10,0.31944444444444442,0.1331787109375,0.755615234375,7.4267578125
9,0.48611111111111116,0.5867919921875,0.44921875,10.1336669921875
11,0.1597222222222221,0.25726318359375,1.1826171875,4.48583984375
10,0.32638888888888884,0.13739013671875,0.733154296875,7.54571533203125
9,0.49305555555555558,0.59197998046875,0.42022705078125,10.25274658203125
12,0,-0.10223388671875,1.35235595703125,0.776611328125
11,0.16666666666666652,0.26025390625,1.17236328125,4.621826171875
10,0.33333333333333326,0.1416015625,0.71014404296875,7.66473388671875
9,0.5,0.59716796875,0.3907470703125,10.371826171875
12,0.0069444444444441977,-0.1068115234375,1.3453369140625,0.95697021484375
11,0.17361111111111094,0.26318359375,1.16180419921875,4.75469970703125
10,0.34027777777777768,0.14581298828125,0.68670654296875,7.78369140625
9,0.50694444444444442,0.602294921875,0.36083984375,10.4908447265625
12,0.01388888888888884,-0.1114501953125,1.33831787109375,1.1373291015625
11,0.18055555555555558,0.2659912109375,1.15087890625,4.88433837890625
10,0.34722222222222232,0.1500244140625,0.66278076171875,7.90264892578125
9,0.51388888888888906,0.60748291015625,0.33038330078125,10.60992431640625
12,0.020833333333333259,-0.11602783203125,1.331298828125,1.31768798828125
11,0.1875,0.26873779296875,1.1395263671875,5.0107421875
10,0.35416666666666674,0.15423583984375,0.63836669921875,8.02166748046875
9,0.52083333333333348,0.6126708984375,0.299560546875,10.72894287109375
12,0.027777777777777679,-0.12066650390625,1.32427978515625,1.498046875
11,0.19444444444444442,0.27142333984375,1.12774658203125,5.134033203125
10,0.36111111111111116,0.158447265625,0.613525390625,8.140625
9,0.5277777777777779,0.61785888671875,0.2681884765625,10.8480224609375
12,0.0347222222222221,-0.125244140625,1.3172607421875,1.67840576171875
11,0.20138888888888884,0.27410888671875,1.11566162109375,5.254150390625
10,0.36805555555555558,0.16265869140625,0.588134765625,8.2596435546875
9,0.53472222222222232,0.623046875,0.236328125,10.967041015625
12,0.041666666666666519,-0.1298828125,1.31024169921875,1.8587646484375
11,0.20833333333333326,0.27667236328125,1.10308837890625,5.37322998046875
10,0.375,0.1668701171875,0.56231689453125,8.37860107421875
9,0.54166666666666674,0.62823486328125,0.20404052734375,11.08612060546875
12,0.048611111111110938,-0.13446044921875,1.30322265625,2.03912353515625
11,0.21527777777777768,0.279296875,1.09002685546875,5.4923095703125
10,0.38194444444444442,0.17108154296875,0.5360107421875,8.49761962890625
9,0.54861111111111116,0.6334228515625,0.17132568359375,11.2052001953125
12,0.055555555555555358,-0.1390380859375,1.29620361328125,2.219482421875
11,0.2222222222222221,0.2818603515625,1.0765380859375,5.6114501953125
10,0.38888888888888884,0.17529296875,0.50927734375,8.6165771484375
9,0.55555555555555558,0.63861083984375,0.1380615234375,11.32421875
12,0.062499999999999778,-0.1436767578125,1.2891845703125,2.39984130859375
11,0.22916666666666652,0.28448486328125,1.06256103515625,5.73052978515625
10,0.39583333333333326,0.17950439453125,0.48199462890625,8.73553466796875
9,0.5625,0.643798828125,0.1043701171875,11.44329833984375
12,0.0694444444444442,-0.14825439453125,1.28216552734375,2.5799560546875
11,0.23611111111111094,0.287109375,1.048095703125,5.849609375
10,0.40277777777777768,0.1837158203125,0.454345703125,8.85455322265625
9,0.56944444444444442,0.64892578125,0.0701904296875,11.56231689453125
12,0.07638888888888884,-0.15277099609375,1.2747802734375,2.7574462890625
11,0.24305555555555558,0.2896728515625,1.03314208984375,5.96868896484375
10,0.40972222222222232,0.18792724609375,0.4261474609375,8.9735107421875
9,0.57638888888888906,0.65411376953125,0.03546142578125,11.681396484375
12,0.083333333333333259,-0.1572265625,1.26715087890625,2.9317626953125
11,0.25,0.29229736328125,1.01776123046875,6.08782958984375
10,0.41666666666666674,0.192138671875,0.3974609375,9.092529296875
9,0.578456521381716,0.6556396484375,0,11.71685791015625
12,0.090277777777777679,-0.16162109375,1.25909423828125,3.10284423828125
11,0.25694444444444442,0.294921875,1.0018310546875,6.2069091796875
10,0.42361111111111116,0.19635009765625,0.3682861328125,9.21148681640625
12,0.0972222222222221,-0.1658935546875,1.250732421875,3.270751953125
11,0.26388888888888884,0.2974853515625,0.98553466796875,6.32598876953125
10,0.43055555555555558,0.2005615234375,0.3387451171875,9.33050537109375
12,0.10416666666666652,-0.17010498046875,1.24200439453125,3.4354248046875
11,0.27083333333333326,0.30010986328125,0.96875,6.445068359375
10,0.4375,0.20477294921875,0.30865478515625,9.449462890625
12,0.11111111111111094,-0.1741943359375,1.23291015625,3.59698486328125
11,0.27777777777777768,0.302734375,0.951416015625,6.564208984375
10,0.44444444444444442,0.208984375,0.27813720703125,9.5684814453125
12,0.11805555555555536,-0.17828369140625,1.2235107421875,3.75531005859375
11,0.2847222222222221,0.3052978515625,0.93365478515625,6.68328857421875
10,0.45138888888888884,0.21319580078125,0.2470703125,9.68743896484375
12,0.12499999999999978,-0.18218994140625,1.2137451171875,3.910400390625
11,0.29166666666666652,0.30792236328125,0.9154052734375,6.8023681640625
10,0.45833333333333326,0.2174072265625,0.21563720703125,9.806396484375
12,0.1319444444444442,-0.18609619140625,1.20367431640625,4.0623779296875
11,0.29861111111111094,0.310546875,0.89666748046875,6.9215087890625
10,0.46527777777777768,0.22161865234375,0.18365478515625,9.9254150390625
12,0.13888888888888884,-0.18988037109375,1.19317626953125,4.21112060546875
11,0.30555555555555558,0.3131103515625,0.87750244140625,7.04058837890625
10,0.47222222222222232,0.225830078125,0.15118408203125,10.04437255859375
12,0.14583333333333326,-0.193603515625,1.182373046875,4.35662841796875
11,0.3125,0.31573486328125,0.85784912109375,7.15966796875
10,0.47916666666666674,0.23004150390625,0.1182861328125,10.16339111328125
12,0.15277777777777768,-0.197265625,1.17120361328125,4.4990234375
11,0.31944444444444442,0.31829833984375,0.83770751953125,7.27874755859375
10,0.48611111111111116,0.2342529296875,0.08489990234375,10.2823486328125
12,0.1597222222222221,-0.2008056640625,1.15972900390625,4.63818359375
11,0.32638888888888884,0.3209228515625,0.817138671875,7.39788818359375
10,0.49305555555555558,0.23846435546875,0.051025390625,10.4013671875
13,0,0.1728515625,1.32763671875,0.62237548828125
12,0.16666666666666652,-0.20428466796875,1.1478271484375,4.77410888671875
11,0.33333333333333326,0.32354736328125,0.7960205078125,7.5169677734375
10,0.49832196502794585,0.24163818359375,0,10.4915771484375
13,0.0069444444444446418,0.17193603515625,1.32330322265625,0.8028564453125
12,0.17361111111111116,-0.2076416015625,1.1356201171875,4.90692138671875
11,0.3402777777777779,0.32611083984375,0.77447509765625,7.63604736328125
13,0.01388888888888884,0.17095947265625,1.3189697265625,0.9833984375
12,0.18055555555555536,-0.2109375,1.12310791015625,5.0364990234375
11,0.3472222222222221,0.3287353515625,0.75250244140625,7.755126953125
13,0.020833333333333481,0.1700439453125,1.31463623046875,1.16387939453125
12,0.1875,-0.21417236328125,1.11016845703125,5.162841796875
11,0.35416666666666674,0.33135986328125,0.72998046875,7.874267578125
13,0.027777777777777679,0.16912841796875,1.310302734375,1.3443603515625
12,0.1944444444444442,-0.21734619140625,1.096923828125,5.28607177734375
11,0.36111111111111094,0.33392333984375,0.70703125,7.99334716796875
13,0.034722222222222321,0.16815185546875,1.30596923828125,1.52490234375
12,0.20138888888888884,-0.22039794921875,1.08331298828125,5.4061279296875
11,0.36805555555555558,0.3365478515625,0.68359375,8.1124267578125
13,0.041666666666666519,0.167236328125,1.3016357421875,1.70538330078125
12,0.20833333333333304,-0.22344970703125,1.06927490234375,5.525146484375
11,0.37499999999999978,0.33917236328125,0.65966796875,8.2315673828125
13,0.04861111111111116,0.16632080078125,1.29730224609375,1.8858642578125
12,0.21527777777777768,-0.22650146484375,1.05474853515625,5.6441650390625
11,0.38194444444444442,0.34173583984375,0.63525390625,8.35064697265625
13,0.055555555555555358,0.16534423828125,1.29296875,2.06640625
12,0.22222222222222188,-0.2294921875,1.03973388671875,5.76324462890625
11,0.38888888888888862,0.3443603515625,0.6104736328125,8.4697265625
13,0.0625,0.1644287109375,1.28863525390625,2.24688720703125
12,0.22916666666666652,-0.2325439453125,1.02435302734375,5.88226318359375
11,0.39583333333333326,0.34698486328125,0.5850830078125,8.58880615234375
13,0.069444444444444642,0.16351318359375,1.28424072265625,2.4271240234375
12,0.23611111111111116,-0.235595703125,1.0084228515625,6.00128173828125
11,0.4027777777777779,0.34954833984375,0.559326171875,8.70794677734375
13,0.07638888888888884,0.16259765625,1.279541015625,2.604736328125
12,0.24305555555555536,-0.2386474609375,0.99200439453125,6.12030029296875
11,0.4097222222222221,0.3521728515625,0.53302001953125,8.8270263671875
13,0.083333333333333481,0.16168212890625,1.27447509765625,2.7791748046875
12,0.25,-0.24163818359375,0.97515869140625,6.2393798828125
11,0.41666666666666674,0.35479736328125,0.50628662109375,8.94610595703125
13,0.090277777777777679,0.1607666015625,1.26898193359375,2.950439453125
12,0.2569444444444442,-0.24468994140625,0.957763671875,6.3583984375
11,0.42361111111111094,0.35736083984375,0.47900390625,9.065185546875
13,0.097222222222222321,0.159912109375,1.26312255859375,3.11846923828125
12,0.26388888888888884,-0.24774169921875,0.93994140625,6.4774169921875
11,0.43055555555555558,0.3599853515625,0.451416015625,9.184326171875
13,0.10416666666666652,0.1590576171875,1.2568359375,3.28326416015625
12,0.27083333333333304,-0.25079345703125,0.92169189453125,6.59649658203125
11,0.43749999999999978,0.362548828125,0.4232177734375,9.30340576171875
13,0.11111111111111116,0.158203125,1.2501220703125,3.4449462890625
12,0.27777777777777768,-0.25384521484375,0.90289306640625,6.71551513671875
11,0.44444444444444442,0.36517333984375,0.39459228515625,9.4224853515625
13,0.11805555555555536,0.15740966796875,1.24310302734375,3.6033935546875
12,0.28472222222222188,-0.2568359375,0.88372802734375,6.83453369140625
11,0.45138888888888862,0.3677978515625,0.36541748046875,9.5416259765625
13,0.125,0.1566162109375,1.23565673828125,3.75860595703125
12,0.29166666666666652,-0.2598876953125,0.864013671875,6.95361328125
11,0.45833333333333326,0.370361328125,0.33587646484375,9.66070556640625
13,0.13194444444444464,0.15582275390625,1.227783203125,3.91070556640625
12,0.29861111111111116,-0.262939453125,0.84381103515625,7.0726318359375
11,0.4652777777777779,0.37298583984375,0.3057861328125,9.77978515625
13,0.13888888888888884,0.155029296875,1.219482421875,4.05950927734375
12,0.30555555555555536,-0.2659912109375,0.8231201171875,7.191650390625
11,0.4722222222222221,0.3756103515625,0.27532958984375,9.89886474609375
13,0.14583333333333348,0.154296875,1.21087646484375,4.2052001953125
12,0.3125,-0.26898193359375,0.802001953125,7.31072998046875
11,0.47916666666666674,0.378173828125,0.24432373046875,10.01800537109375
13,0.15277777777777768,0.153564453125,1.20184326171875,4.34765625
12,0.3194444444444442,-0.27203369140625,0.7803955078125,7.42974853515625
11,0.48611111111111094,0.38079833984375,0.21282958984375,10.1370849609375
13,0.15972222222222232,0.15283203125,1.1923828125,4.4869384765625
12,0.32638888888888884,-0.27508544921875,0.75836181640625,7.54876708984375
11,0.49305555555555558,0.3834228515625,0.18084716796875,10.25616455078125
14,0,-0.10223388671875,1.35235595703125,0.776611328125
13,0.16666666666666652,0.152099609375,1.18255615234375,4.62298583984375
12,0.33333333333333304,-0.27813720703125,0.73577880859375,7.6678466796875
11,0.49999999999999978,0.385986328125,0.1484375,10.375244140625
14,0.0069444444444446418,-0.10455322265625,1.35565185546875,0.95709228515625
13,0.17361111111111116,0.15142822265625,1.17230224609375,4.755859375
12,0.34027777777777768,-0.28118896484375,0.71282958984375,7.786865234375
11,0.50694444444444442,0.38861083984375,0.11553955078125,10.494384765625
14,0.01388888888888884,-0.10687255859375,1.35888671875,1.13763427734375
13,0.18055555555555536,0.1507568359375,1.16168212890625,4.88555908203125
12,0.34722222222222188,-0.2841796875,0.6893310546875,7.9058837890625
11,0.51388888888888862,0.3912353515625,0.08221435546875,10.61346435546875
14,0.020833333333333481,-0.10919189453125,1.3621826171875,1.318115234375
13,0.1875,0.15008544921875,1.15069580078125,5.01202392578125
12,0.35416666666666652,-0.2872314453125,0.66534423828125,8.02496337890625
11,0.52083333333333326,0.393798828125,0.04840087890625,10.7325439453125
14,0.027777777777778123,-0.11151123046875,1.36541748046875,1.4986572265625
13,0.19444444444444464,0.14947509765625,1.13922119140625,5.13531494140625
12,0.36111111111111116,-0.290283203125,0.64093017578125,8.14398193359375
11,0.52555999573693468,0.39556884765625,0,10.81365966796875
14,0.034722222222222321,-0.11376953125,1.36871337890625,1.67913818359375
13,0.20138888888888884,0.14886474609375,1.12744140625,5.2554931640625
12,0.36805555555555536,-0.2933349609375,0.61602783203125,8.26300048828125
14,0.041666666666666963,-0.1160888671875,1.3719482421875,1.85968017578125
13,0.20833333333333348,0.14825439453125,1.11517333984375,5.3746337890625
12,0.375,-0.29632568359375,0.59063720703125,8.382080078125
14,0.04861111111111116,-0.118408203125,1.375244140625,2.0401611328125
13,0.21527777777777768,0.1475830078125,1.1024169921875,5.49371337890625
12,0.3819444444444442,-0.29937744140625,0.56475830078125,8.5010986328125
14,0.0555555555555558,-0.1207275390625,1.37847900390625,2.220703125
13,0.22222222222222232,0.14697265625,1.08917236328125,5.61285400390625
12,0.38888888888888884,-0.30242919921875,0.5384521484375,8.6201171875
14,0.0625,-0.123046875,1.38177490234375,2.40118408203125
13,0.22916666666666652,0.1463623046875,1.07550048828125,5.73199462890625
12,0.39583333333333304,-0.30548095703125,0.51165771484375,8.7391357421875
14,0.069444444444444642,-0.1253662109375,1.38494873046875,2.58148193359375
13,0.23611111111111116,0.145751953125,1.06134033203125,5.85113525390625
12,0.40277777777777768,-0.30853271484375,0.48443603515625,8.85821533203125
14,0.07638888888888884,-0.12762451171875,1.38775634765625,2.75909423828125
13,0.24305555555555536,0.1451416015625,1.04669189453125,5.97027587890625
12,0.40972222222222188,-0.3115234375,0.4566650390625,8.97723388671875
14,0.083333333333333481,-0.1298828125,1.39007568359375,2.93353271484375
13,0.25,0.14453125,1.03167724609375,6.08941650390625
12,0.41666666666666652,-0.3145751953125,0.428466796875,9.09625244140625
14,0.090277777777778123,-0.132080078125,1.39178466796875,3.10479736328125
13,0.25694444444444464,0.1439208984375,1.01605224609375,6.20849609375
12,0.42361111111111116,-0.317626953125,0.39971923828125,9.21533203125
14,0.097222222222222321,-0.13421630859375,1.39300537109375,3.2728271484375
13,0.26388888888888884,0.143310546875,1,6.32763671875
12,0.43055555555555536,-0.3206787109375,0.37060546875,9.3343505859375
14,0.10416666666666696,-0.13629150390625,1.3936767578125,3.43768310546875
13,0.27083333333333348,0.1427001953125,0.9835205078125,6.44677734375
12,0.4375,-0.32366943359375,0.3409423828125,9.453369140625
14,0.11111111111111116,-0.13836669921875,1.39373779296875,3.59930419921875
13,0.27777777777777768,0.14202880859375,0.96649169921875,6.56591796875
12,0.4444444444444442,-0.32672119140625,0.31085205078125,9.57244873046875
14,0.1180555555555558,-0.14044189453125,1.3934326171875,3.75775146484375
13,0.28472222222222232,0.14141845703125,0.94903564453125,6.68505859375
12,0.45138888888888884,-0.32977294921875,0.2802734375,9.69146728515625
14,0.125,-0.14239501953125,1.39251708984375,3.91302490234375
13,0.29166666666666652,0.14080810546875,0.93109130859375,6.80419921875
12,0.45833333333333304,-0.33282470703125,0.249267578125,9.81048583984375
14,0.13194444444444464,-0.14434814453125,1.39105224609375,4.06512451171875
13,0.29861111111111116,0.14019775390625,0.91265869140625,6.92327880859375
12,0.46527777777777768,-0.33587646484375,0.21771240234375,9.9295654296875
14,0.13888888888888884,-0.146240234375,1.3890380859375,4.2139892578125
13,0.30555555555555536,0.13958740234375,0.893798828125,7.04241943359375
12,0.47222222222222188,-0.3388671875,0.18572998046875,10.048583984375
14,0.14583333333333348,-0.14813232421875,1.38653564453125,4.359619140625
13,0.3125,0.13897705078125,0.87445068359375,7.16156005859375
12,0.47916666666666652,-0.3419189453125,0.15325927734375,10.1676025390625
14,0.15277777777777812,-0.14996337890625,1.38348388671875,4.50213623046875
13,0.31944444444444464,0.13836669921875,0.8546142578125,7.28070068359375
12,0.48611111111111116,-0.344970703125,0.12030029296875,10.28668212890625
14,0.15972222222222232,-0.1517333984375,1.37994384765625,4.641357421875
13,0.32638888888888884,0.13775634765625,0.8343505859375,7.39984130859375
12,0.49305555555555536,-0.3480224609375,0.08685302734375,10.40570068359375
15,0,0.1728515625,1.32763671875,0.62237548828125
14,0.16666666666666696,-0.15350341796875,1.37579345703125,4.7774658203125
13,0.33333333333333348,0.1370849609375,0.81353759765625,7.51898193359375
12,0.5,-0.35101318359375,0.052978515625,10.52471923828125
15,0.0069444444444446418,0.1837158203125,1.32830810546875,0.8026123046875
14,0.17361111111111116,-0.1551513671875,1.37115478515625,4.91033935546875
13,0.34027777777777768,0.136474609375,0.79229736328125,7.6380615234375
12,0.50566182233707357,-0.353515625,0,10.621826171875
15,0.013888888888889284,0.194580078125,1.3289794921875,0.98284912109375
14,0.1805555555555558,-0.1568603515625,1.36602783203125,5.0400390625
13,0.34722222222222232,0.1358642578125,0.77056884765625,7.7572021484375
15,0.020833333333333481,0.20538330078125,1.32965087890625,1.1630859375
14,0.1875,-0.158447265625,1.36029052734375,5.16650390625
13,0.35416666666666652,0.13525390625,0.74835205078125,7.8763427734375
15,0.027777777777778123,0.21624755859375,1.33026123046875,1.34326171875
14,0.19444444444444464,-0.1600341796875,1.35406494140625,5.289794921875
13,0.36111111111111116,0.1346435546875,0.7257080078125,7.9954833984375
15,0.034722222222222321,0.22711181640625,1.3309326171875,1.52349853515625
14,0.20138888888888884,-0.16156005859375,1.34735107421875,5.40997314453125
13,0.36805555555555536,0.134033203125,0.70263671875,8.1146240234375
15,0.041666666666666963,0.23797607421875,1.33160400390625,1.7037353515625
14,0.20833333333333348,-0.1630859375,1.340087890625,5.52911376953125
13,0.375,0.1334228515625,0.67901611328125,8.2337646484375
15,0.048611111111111605,0.24884033203125,1.332275390625,1.88397216796875
14,0.21527777777777812,-0.16461181640625,1.33233642578125,5.64825439453125
13,0.38194444444444464,0.1328125,0.6549072265625,8.3529052734375
15,0.0555555555555558,0.2596435546875,1.33294677734375,2.064208984375
14,0.22222222222222232,-0.1661376953125,1.32415771484375,5.76739501953125
13,0.38888888888888884,0.1322021484375,0.63037109375,8.47198486328125
15,0.062500000000000444,0.2705078125,1.3336181640625,2.24444580078125
14,0.22916666666666696,-0.16766357421875,1.31549072265625,5.88653564453125
13,0.39583333333333348,0.13153076171875,0.60528564453125,8.59112548828125
15,0.069444444444444642,0.2813720703125,1.33416748046875,2.42437744140625
14,0.23611111111111116,-0.169189453125,1.30633544921875,6.00567626953125
13,0.40277777777777768,0.13092041015625,0.579833984375,8.71026611328125
15,0.076388888888889284,0.29205322265625,1.33441162109375,2.60174560546875
14,0.2430555555555558,-0.17071533203125,1.2967529296875,6.12481689453125
13,0.40972222222222232,0.13031005859375,0.5538330078125,8.82940673828125
15,0.083333333333333481,0.302490234375,1.334228515625,2.77593994140625
14,0.25,-0.1722412109375,1.28668212890625,6.24395751953125
13,0.41666666666666652,0.12969970703125,0.52740478515625,8.94854736328125
15,0.090277777777778123,0.31280517578125,1.33343505859375,2.9468994140625
14,0.25694444444444464,-0.17376708984375,1.27606201171875,6.36309814453125
13,0.42361111111111116,0.12908935546875,0.50048828125,9.06768798828125
15,0.097222222222222321,0.32293701171875,1.33221435546875,3.11468505859375
14,0.26388888888888884,-0.17529296875,1.26507568359375,6.482177734375
13,0.43055555555555536,0.12847900390625,0.47314453125,9.186767578125
15,0.10416666666666696,0.33282470703125,1.33050537109375,3.27923583984375
14,0.27083333333333348,-0.17681884765625,1.25360107421875,6.601318359375
13,0.4375,0.12786865234375,0.44525146484375,9.305908203125
15,0.1111111111111116,0.342529296875,1.32830810546875,3.440673828125
14,0.27777777777777812,-0.1783447265625,1.24163818359375,6.720458984375
13,0.44444444444444464,0.12725830078125,0.41693115234375,9.425048828125
15,0.1180555555555558,0.35205078125,1.32562255859375,3.598876953125
14,0.28472222222222232,-0.17987060546875,1.22918701171875,6.839599609375
13,0.45138888888888884,0.12664794921875,0.3880615234375,9.544189453125
15,0.12500000000000044,0.36138916015625,1.32244873046875,3.75390625
14,0.29166666666666696,-0.181396484375,1.21624755859375,6.958740234375
13,0.45833333333333348,0.1259765625,0.35882568359375,9.663330078125
15,0.13194444444444464,0.37054443359375,1.31884765625,3.90570068359375
14,0.29861111111111116,-0.18292236328125,1.202880859375,7.077880859375
13,0.46527777777777768,0.1253662109375,0.32904052734375,9.782470703125
15,0.13888888888888928,0.37945556640625,1.314697265625,4.0543212890625
14,0.3055555555555558,-0.1844482421875,1.18896484375,7.197021484375
13,0.47222222222222232,0.124755859375,0.298828125,9.90155029296875
15,0.14583333333333348,0.38824462890625,1.31005859375,4.19976806640625
14,0.3125,-0.18597412109375,1.17462158203125,7.316162109375
13,0.47916666666666652,0.1241455078125,0.26812744140625,10.02069091796875
15,0.15277777777777812,0.39678955078125,1.30499267578125,4.342041015625
14,0.31944444444444464,-0.1875,1.15985107421875,7.435302734375
13,0.48611111111111116,0.12353515625,0.23699951171875,10.13983154296875
15,0.15972222222222232,0.4051513671875,1.29937744140625,4.4810791015625
14,0.32638888888888884,-0.18902587890625,1.14459228515625,7.554443359375
13,0.49305555555555536,0.1229248046875,0.205322265625,10.25897216796875
16,0,-0.10223388671875,1.35235595703125,0.776611328125
15,0.16666666666666696,0.413330078125,1.29327392578125,4.616943359375
14,0.33333333333333348,-0.1905517578125,1.1287841796875,7.673583984375
13,0.5,0.122314453125,0.1732177734375,10.37811279296875
16,0.0069444444444450859,-0.10479736328125,1.347412109375,0.95709228515625
15,0.1736111111111116,0.42132568359375,1.2867431640625,4.7496337890625
14,0.34027777777777812,-0.19207763671875,1.11260986328125,7.792724609375
13,0.50694444444444464,0.1217041015625,0.140625,10.49725341796875
16,0.013888888888889284,-0.10736083984375,1.3424072265625,1.1375732421875
15,0.1805555555555558,0.42913818359375,1.27972412109375,4.87908935546875
14,0.34722222222222232,-0.193603515625,1.09588623046875,7.911865234375
13,0.51388888888888884,0.12109375,0.1075439453125,10.6163330078125
16,0.020833333333333925,-0.10986328125,1.33746337890625,1.3179931640625
15,0.18750000000000044,0.436767578125,1.272216796875,5.00537109375
14,0.35416666666666696,-0.19512939453125,1.07867431640625,8.031005859375
13,0.52083333333333348,0.12042236328125,0.07403564453125,10.7354736328125
16,0.027777777777778123,-0.1124267578125,1.33245849609375,1.49847412109375
15,0.19444444444444464,0.44415283203125,1.26416015625,5.12847900390625
14,0.36111111111111116,-0.1966552734375,1.06109619140625,8.150146484375
13,0.52777777777777768,0.11981201171875,0.03997802734375,10.8546142578125
16,0.034722222222222765,-0.114990234375,1.3275146484375,1.678955078125
15,0.20138888888888928,0.45135498046875,1.25567626953125,5.24847412109375
14,0.3680555555555558,-0.19818115234375,1.04296875,8.269287109375
13,0.53079154358995007,0.11956787109375,0,10.90631103515625
16,0.041666666666666963,-0.1175537109375,1.322509765625,1.85943603515625
15,0.20833333333333348,0.45855712890625,1.24676513671875,5.367431640625
14,0.375,-0.19970703125,1.02435302734375,8.388427734375
16,0.048611111111111605,-0.12005615234375,1.31756591796875,2.0399169921875
15,0.21527777777777812,0.4656982421875,1.2373046875,5.48638916015625
14,0.38194444444444464,-0.20123291015625,1.00531005859375,8.507568359375
16,0.0555555555555558,-0.12261962890625,1.3126220703125,2.2203369140625
15,0.22222222222222232,0.47283935546875,1.22735595703125,5.6053466796875
14,0.38888888888888884,-0.2027587890625,0.98577880859375,8.626708984375
16,0.062500000000000444,-0.12518310546875,1.3076171875,2.40081787109375
15,0.22916666666666696,0.48004150390625,1.21697998046875,5.7242431640625
14,0.39583333333333348,-0.20428466796875,0.9656982421875,8.74578857421875
16,0.069444444444445086,-0.12774658203125,1.3026123046875,2.5810546875
15,0.2361111111111116,0.4871826171875,1.20611572265625,5.84320068359375
14,0.40277777777777812,-0.205810546875,0.9453125,8.86492919921875
16,0.076388888888889284,-0.1302490234375,1.29730224609375,2.7586669921875
15,0.2430555555555558,0.49432373046875,1.19476318359375,5.962158203125
14,0.40972222222222232,-0.20733642578125,0.92431640625,8.98406982421875
16,0.083333333333333925,-0.1326904296875,1.2916259765625,2.93304443359375
15,0.25000000000000044,0.50152587890625,1.1829833984375,6.08111572265625
14,0.41666666666666696,-0.2088623046875,0.90289306640625,9.10321044921875
16,0.090277777777778123,-0.1351318359375,1.2855224609375,3.104248046875
15,0.25694444444444464,0.5086669921875,1.17071533203125,6.2000732421875
14,0.42361111111111116,-0.21038818359375,0.8809814453125,9.22235107421875
16,0.097222222222222765,-0.13751220703125,1.279052734375,3.272216796875
15,0.26388888888888928,0.51580810546875,1.157958984375,6.31903076171875
14,0.4305555555555558,-0.2119140625,0.858642578125,9.34149169921875
16,0.10416666666666696,-0.13983154296875,1.272216796875,3.43707275390625
15,0.27083333333333348,0.52301025390625,1.144775390625,6.43798828125
14,0.4375,-0.21343994140625,0.8358154296875,9.46063232421875
16,0.1111111111111116,-0.14208984375,1.26495361328125,3.59869384765625
15,0.27777777777777812,0.5301513671875,1.13104248046875,6.55694580078125
14,0.44444444444444464,-0.2149658203125,0.8125,9.57977294921875
16,0.1180555555555558,-0.14434814453125,1.25732421875,3.757080078125
15,0.28472222222222232,0.53729248046875,1.11688232421875,6.67584228515625
14,0.45138888888888884,-0.21649169921875,0.78863525390625,9.69891357421875
16,0.12500000000000044,-0.14654541015625,1.24932861328125,3.91229248046875
15,0.29166666666666696,0.54449462890625,1.10223388671875,6.7947998046875
14,0.45833333333333348,-0.218017578125,0.76446533203125,9.81805419921875
16,0.13194444444444509,-0.148681640625,1.240966796875,4.0643310546875
15,0.2986111111111116,0.5516357421875,1.087158203125,6.91375732421875
14,0.46527777777777812,-0.21954345703125,0.73968505859375,9.93719482421875
16,0.13888888888888928,-0.15081787109375,1.23211669921875,4.213134765625
15,0.3055555555555558,0.55877685546875,1.071533203125,7.03271484375
14,0.47222222222222232,-0.2210693359375,0.7144775390625,10.05633544921875
16,0.14583333333333393,-0.15283203125,1.2230224609375,4.35882568359375
15,0.31250000000000044,0.56597900390625,1.05548095703125,7.15167236328125
14,0.47916666666666696,-0.22259521484375,0.6888427734375,10.17547607421875
16,0.15277777777777812,-0.15484619140625,1.21343994140625,4.501220703125
15,0.31944444444444464,0.5731201171875,1.0389404296875,7.2706298828125
14,0.48611111111111116,-0.22412109375,0.66265869140625,10.29461669921875
16,0.15972222222222276,-0.1568603515625,1.20355224609375,4.6405029296875
15,0.32638888888888928,0.580322265625,1.02197265625,7.38958740234375
14,0.4930555555555558,-0.22564697265625,0.635986328125,10.41375732421875
17,0,0.1728515625,1.32763671875,0.62237548828125
16,0.16666666666666696,-0.15875244140625,1.19317626953125,4.77655029296875
15,0.33333333333333348,0.58746337890625,1.00445556640625,7.508544921875
14,0.5,-0.2271728515625,0.60894775390625,10.53289794921875
17,0.0069444444444450859,0.1844482421875,1.3275146484375,0.80255126953125
16,0.1736111111111116,-0.16064453125,1.1824951171875,4.90936279296875
15,0.34027777777777812,0.5946044921875,0.986572265625,7.62750244140625
14,0.50694444444444464,-0.22869873046875,0.58135986328125,10.65203857421875
17,0.013888888888889284,0.19598388671875,1.327392578125,0.98272705078125
16,0.1805555555555558,-0.1624755859375,1.17144775390625,5.0390625
15,0.34722222222222232,0.601806640625,0.9681396484375,7.74639892578125
14,0.51388888888888884,-0.230224609375,0.55328369140625,10.77117919921875
17,0.020833333333333925,0.20758056640625,1.3272705078125,1.16290283203125
16,0.18750000000000044,-0.16424560546875,1.15997314453125,5.16546630859375
15,0.35416666666666696,0.60894775390625,0.94921875,7.8653564453125
14,0.52083333333333348,-0.23175048828125,0.52484130859375,10.89031982421875
17,0.027777777777778567,0.21917724609375,1.3271484375,1.3431396484375
16,0.19444444444444509,-0.166015625,1.1480712890625,5.28875732421875
15,0.3611111111111116,0.6160888671875,0.92987060546875,7.98431396484375
14,0.52777777777777812,-0.2332763671875,0.49578857421875,11.0093994140625
17,0.034722222222222765,0.230712890625,1.3270263671875,1.5233154296875
16,0.20138888888888928,-0.16766357421875,1.1358642578125,5.40887451171875
15,0.3680555555555558,0.623291015625,0.9100341796875,8.103271484375
14,0.53472222222222232,-0.23480224609375,0.46630859375,11.1285400390625
17,0.041666666666667407,0.2423095703125,1.326904296875,1.7034912109375
16,0.20833333333333393,-0.16937255859375,1.1231689453125,5.52801513671875
15,0.37500000000000044,0.63043212890625,0.88970947265625,8.22222900390625
14,0.541666666666667,-0.236328125,0.4364013671875,11.2476806640625
17,0.048611111111111605,0.25390625,1.3267822265625,1.8836669921875
16,0.21527777777777812,-0.17108154296875,1.1099853515625,5.6470947265625
15,0.38194444444444464,0.6375732421875,0.868896484375,8.3411865234375
14,0.54861111111111116,-0.23785400390625,0.406005859375,11.3668212890625
17,0.055555555555556246,0.26544189453125,1.32659912109375,2.0638427734375
16,0.22222222222222276,-0.1727294921875,1.09637451171875,5.7662353515625
15,0.38888888888888928,0.644775390625,0.84771728515625,8.46014404296875
14,0.5555555555555558,-0.2393798828125,0.3751220703125,11.4859619140625
17,0.062500000000000444,0.27703857421875,1.32647705078125,2.2440185546875
16,0.22916666666666696,-0.1744384765625,1.082275390625,5.88531494140625
15,0.39583333333333348,0.65191650390625,0.825927734375,8.5791015625
14,0.5625,-0.24090576171875,0.34381103515625,11.6051025390625
17,0.069444444444445086,0.28857421875,1.3262939453125,2.4239501953125
16,0.2361111111111116,-0.17608642578125,1.06768798828125,6.00445556640625
15,0.40277777777777812,0.6590576171875,0.80377197265625,8.69805908203125
14,0.56944444444444464,-0.242431640625,0.31195068359375,11.7242431640625
17,0.076388888888889284,0.29998779296875,1.32574462890625,2.60125732421875
16,0.2430555555555558,-0.17779541015625,1.05267333984375,6.12353515625
15,0.40972222222222232,0.666259765625,0.78106689453125,8.81695556640625
14,0.57638888888888884,-0.24395751953125,0.2796630859375,11.8433837890625
17,0.083333333333333925,0.3111572265625,1.32476806640625,2.775390625
16,0.25000000000000044,-0.179443359375,1.03717041015625,6.24267578125
15,0.41666666666666696,0.67340087890625,0.7579345703125,8.9359130859375
14,0.58333333333333348,-0.2454833984375,0.24688720703125,11.9625244140625
17,0.090277777777778567,0.3221435546875,1.3232421875,2.94635009765625
16,0.25694444444444509,-0.18115234375,1.0211181640625,6.36175537109375
15,0.4236111111111116,0.6805419921875,0.7342529296875,9.05487060546875
14,0.59027777777777812,-0.24700927734375,0.213623046875,12.0816650390625
17,0.097222222222222765,0.33294677734375,1.3212890625,3.11407470703125
16,0.26388888888888928,-0.182861328125,1.004638671875,6.48089599609375
15,0.4305555555555558,0.687744140625,0.71026611328125,9.173828125
14,0.59722222222222232,-0.24853515625,0.17999267578125,12.2008056640625
17,0.10416666666666741,0.343505859375,1.31890869140625,3.27862548828125
16,0.27083333333333393,-0.18450927734375,0.98779296875,6.5999755859375
15,0.43750000000000044,0.69488525390625,0.6856689453125,9.29278564453125
14,0.604166666666667,-0.25006103515625,0.145751953125,12.3199462890625
17,0.1111111111111116,0.3538818359375,1.31597900390625,3.44000244140625
16,0.27777777777777812,-0.18621826171875,0.9703369140625,6.7191162109375
15,0.44444444444444464,0.7020263671875,0.66064453125,9.4117431640625
14,0.61111111111111116,-0.2515869140625,0.111083984375,12.4390869140625
17,0.11805555555555625,0.364013671875,1.3126220703125,3.59814453125
16,0.28472222222222276,-0.1878662109375,0.95245361328125,6.83819580078125
15,0.45138888888888928,0.709228515625,0.63507080078125,9.53070068359375
14,0.6180555555555558,-0.25311279296875,0.07598876953125,12.5582275390625
17,0.12500000000000044,0.37396240234375,1.30877685546875,3.75311279296875
16,0.29166666666666696,-0.1895751953125,0.93408203125,6.95733642578125
15,0.45833333333333348,0.71636962890625,0.609130859375,9.649658203125
14,0.625,-0.254638671875,0.04034423828125,12.6773681640625
17,0.13194444444444509,0.38372802734375,1.304443359375,3.9049072265625
16,0.2986111111111116,-0.19122314453125,0.915283203125,7.076416015625
15,0.46527777777777812,0.7235107421875,0.5826416015625,9.7685546875
14,0.627951682384947,-0.25531005859375,0,12.72802734375
17,0.13888888888888928,0.393310546875,1.2996826171875,4.05352783203125
16,0.3055555555555558,-0.19293212890625,0.89593505859375,7.195556640625
15,0.47222222222222232,0.730712890625,0.5557861328125,9.88751220703125
17,0.14583333333333393,0.40264892578125,1.29443359375,4.19891357421875
16,0.31250000000000044,-0.19464111328125,0.87615966796875,7.31463623046875
15,0.47916666666666696,0.73785400390625,0.52838134765625,10.0064697265625
17,0.15277777777777857,0.4117431640625,1.2886962890625,4.34112548828125
16,0.31944444444444509,-0.1962890625,0.85589599609375,7.43377685546875
15,0.4861111111111116,0.7449951171875,0.50048828125,10.12542724609375
17,0.15972222222222276,0.42071533203125,1.28253173828125,4.48016357421875
16,0.32638888888888928,-0.197998046875,0.83526611328125,7.5528564453125
15,0.4930555555555558,0.752197265625,0.47210693359375,10.244384765625
18,0,-0.10223388671875,1.35235595703125,0.776611328125
17,0.16666666666666741,0.429443359375,1.27581787109375,4.615966796875
16,0.33333333333333393,-0.19964599609375,0.81402587890625,7.6719970703125
15,0.50000000000000044,0.75933837890625,0.44329833984375,10.36334228515625
18,0.0069444444444450859,-0.1016845703125,1.35833740234375,0.95709228515625
17,0.1736111111111116,0.43792724609375,1.26873779296875,4.74859619140625
16,0.34027777777777812,-0.20135498046875,0.7923583984375,7.79107666015625
15,0.50694444444444464,0.7664794921875,0.41400146484375,10.4822998046875
18,0.013888888888889728,-0.10113525390625,1.36431884765625,1.13751220703125
17,0.18055555555555625,0.44622802734375,1.2611083984375,4.8780517578125
16,0.34722222222222276,-0.20306396484375,0.77020263671875,7.91021728515625
15,0.51388888888888928,0.773681640625,0.38421630859375,10.60125732421875
18,0.020833333333333925,-0.10064697265625,1.37030029296875,1.3179931640625
17,0.18750000000000044,0.454345703125,1.2530517578125,5.00433349609375
16,0.35416666666666696,-0.2047119140625,0.74761962890625,8.029296875
15,0.52083333333333348,0.78082275390625,0.35406494140625,10.72021484375
18,0.027777777777778567,-0.10009765625,1.37628173828125,1.4984130859375
17,0.19444444444444509,0.4622802734375,1.24444580078125,5.12738037109375
16,0.3611111111111116,-0.2064208984375,0.72454833984375,8.1484375
15,0.52777777777777812,0.7879638671875,0.32330322265625,10.839111328125
18,0.034722222222222765,-0.09954833984375,1.38232421875,1.67889404296875
17,0.20138888888888928,0.469970703125,1.2354736328125,5.247314453125
16,0.3680555555555558,-0.20806884765625,0.70098876953125,8.26751708984375
15,0.53472222222222232,0.795166015625,0.2921142578125,10.95806884765625
18,0.041666666666667407,-0.0989990234375,1.3883056640625,1.85931396484375
17,0.20833333333333393,0.47760009765625,1.22601318359375,5.36627197265625
16,0.37500000000000044,-0.20977783203125,0.67694091796875,8.38665771484375
15,0.541666666666667,0.80230712890625,0.26043701171875,11.0770263671875
18,0.048611111111112049,-0.09844970703125,1.394287109375,2.039794921875
17,0.21527777777777857,0.48529052734375,1.21600341796875,5.48516845703125
16,0.38194444444444509,-0.21142578125,0.6524658203125,8.5057373046875
15,0.5486111111111116,0.8094482421875,0.22833251953125,11.19598388671875
18,0.055555555555556246,-0.09796142578125,1.4002685546875,2.22027587890625
17,0.22222222222222276,0.492919921875,1.20556640625,5.6041259765625
16,0.38888888888888928,-0.213134765625,0.62750244140625,8.6248779296875
15,0.5555555555555558,0.816650390625,0.19573974609375,11.31494140625
18,0.062500000000000888,-0.097412109375,1.40625,2.40069580078125
17,0.22916666666666741,0.50054931640625,1.1947021484375,5.7230224609375
16,0.39583333333333393,-0.21484375,0.60198974609375,8.74395751953125
15,0.56250000000000044,0.82379150390625,0.1627197265625,11.43389892578125
18,0.069444444444445086,-0.09686279296875,1.41217041015625,2.5809326171875
17,0.2361111111111116,0.5081787109375,1.18328857421875,5.8419189453125
16,0.40277777777777812,-0.21649169921875,0.57611083984375,8.86309814453125
15,0.56944444444444464,0.8309326171875,0.129150390625,11.5528564453125
18,0.076388888888889728,-0.0963134765625,1.41766357421875,2.75848388671875
17,0.24305555555555625,0.51580810546875,1.17144775390625,5.96087646484375
16,0.40972222222222276,-0.21820068359375,0.54974365234375,8.982177734375
15,0.57638888888888928,0.838134765625,0.0950927734375,11.67181396484375
18,0.083333333333333925,-0.0958251953125,1.42254638671875,2.932861328125
17,0.25000000000000044,0.5234375,1.1591796875,6.07977294921875
16,0.41666666666666696,-0.2198486328125,0.52288818359375,9.101318359375
15,0.58333333333333348,0.84527587890625,0.06060791015625,11.790771484375
18,0.090277777777778567,-0.09527587890625,1.42681884765625,3.10406494140625
17,0.25694444444444509,0.5311279296875,1.14630126953125,6.19873046875
16,0.4236111111111116,-0.2215576171875,0.4954833984375,9.22039794921875
15,0.59027777777777812,0.8524169921875,0.025634765625,11.90966796875
18,0.097222222222222765,-0.09478759765625,1.43060302734375,3.27203369140625
17,0.26388888888888928,0.53875732421875,1.133056640625,6.317626953125
16,0.4305555555555558,-0.22320556640625,0.4677734375,9.33953857421875
15,0.59039990399233466,0.8525390625,0,11.9117431640625
18,0.10416666666666741,-0.09429931640625,1.4337158203125,3.43682861328125
17,0.27083333333333393,0.54638671875,1.11932373046875,6.43658447265625
16,0.43750000000000044,-0.22491455078125,0.439453125,9.4586181640625
18,0.11111111111111205,-0.09381103515625,1.436279296875,3.59844970703125
17,0.27777777777777857,0.55401611328125,1.1051025390625,6.55548095703125
16,0.44444444444444509,-0.22662353515625,0.41070556640625,9.5777587890625
18,0.11805555555555625,-0.0933837890625,1.43829345703125,3.7568359375
17,0.28472222222222276,0.5616455078125,1.0904541015625,6.67437744140625
16,0.45138888888888928,-0.228271484375,0.38140869140625,9.69683837890625
18,0.12500000000000089,-0.0928955078125,1.43975830078125,3.91204833984375
17,0.29166666666666741,0.56927490234375,1.07525634765625,6.7933349609375
16,0.45833333333333393,-0.22998046875,0.351806640625,9.81591796875
18,0.13194444444444509,-0.09246826171875,1.4405517578125,4.0640869140625
17,0.2986111111111116,0.57696533203125,1.05963134765625,6.9122314453125
16,0.46527777777777812,-0.23162841796875,0.32159423828125,9.93505859375
18,0.13888888888888973,-0.09197998046875,1.4407958984375,4.212890625
17,0.30555555555555625,0.5845947265625,1.04351806640625,7.03118896484375
16,0.47222222222222276,-0.23333740234375,0.29095458984375,10.05413818359375
18,0.14583333333333393,-0.091552734375,1.44049072265625,4.3585205078125
17,0.31250000000000044,0.59222412109375,1.02691650390625,7.15008544921875
16,0.47916666666666696,-0.2349853515625,0.25982666015625,10.17327880859375
18,0.15277777777777857,-0.09112548828125,1.43963623046875,4.5009765625
17,0.31944444444444509,0.599853515625,1.0098876953125,7.26898193359375
16,0.4861111111111116,-0.2366943359375,0.228271484375,10.2923583984375
18,0.15972222222222276,-0.0906982421875,1.43817138671875,4.64019775390625
17,0.32638888888888928,0.60748291015625,0.992431640625,7.387939453125
16,0.4930555555555558,-0.2384033203125,0.1961669921875,10.4114990234375
19,0,0.1728515625,1.32763671875,0.62237548828125
18,0.16666666666666741,-0.09033203125,1.43609619140625,4.7762451171875
17,0.33333333333333393,0.61517333984375,0.974365234375,7.5068359375
16,0.50000000000000044,-0.24005126953125,0.16363525390625,10.53057861328125
19,0.00694444444444553,0.1688232421875,1.33746337890625,0.8026123046875
18,0.17361111111111205,-0.08990478515625,1.4334716796875,4.9090576171875
17,0.34027777777777857,0.622802734375,0.9559326171875,7.62579345703125
16,0.50694444444444509,-0.24176025390625,0.130615234375,10.64971923828125
19,0.013888888888889728,0.16485595703125,1.3472900390625,0.98284912109375
18,0.18055555555555625,-0.08953857421875,1.43023681640625,5.0386962890625
17,0.34722222222222276,0.63043212890625,0.93695068359375,7.74468994140625
16,0.51388888888888928,-0.243408203125,0.09716796875,10.768798828125
19,0.02083333333333437,0.16082763671875,1.35711669921875,1.1630859375
18,0.18750000000000089,-0.08917236328125,1.42645263671875,5.1651611328125
17,0.35416666666666741,0.6380615234375,0.91754150390625,7.86358642578125
16,0.52083333333333393,-0.2451171875,0.063232421875,10.887939453125
19,0.027777777777778567,0.1568603515625,1.366943359375,1.34332275390625
18,0.19444444444444509,-0.08880615234375,1.42205810546875,5.28839111328125
17,0.3611111111111116,0.64569091796875,0.897705078125,7.9825439453125
16,0.52777777777777812,-0.24676513671875,0.02874755859375,11.00701904296875
19,0.034722222222223209,0.15283203125,1.37677001953125,1.52362060546875
18,0.20138888888888973,-0.08843994140625,1.4171142578125,5.4085693359375
17,0.36805555555555625,0.6533203125,0.8773193359375,8.1014404296875
16,0.52852078455696427,-0.2469482421875,0,11.019775390625
19,0.041666666666667407,0.14886474609375,1.3865966796875,1.703857421875
18,0.20833333333333393,-0.08807373046875,1.41168212890625,5.52764892578125
17,0.37500000000000044,0.6610107421875,0.85650634765625,8.22039794921875
19,0.048611111111112049,0.14483642578125,1.3963623046875,1.88409423828125
18,0.21527777777777857,-0.08770751953125,1.40576171875,5.646728515625
17,0.38194444444444509,0.66864013671875,0.835205078125,8.33929443359375
19,0.055555555555556246,0.140869140625,1.40618896484375,2.0643310546875
18,0.22222222222222276,-0.08740234375,1.39935302734375,5.765869140625
17,0.38888888888888928,0.67626953125,0.81341552734375,8.45819091796875
19,0.062500000000000888,0.1368408203125,1.416015625,2.24456787109375
18,0.22916666666666741,-0.0870361328125,1.3924560546875,5.88494873046875
17,0.39583333333333393,0.68389892578125,0.7911376953125,8.5771484375
19,0.06944444444444553,0.13287353515625,1.42578125,2.424560546875
18,0.23611111111111205,-0.086669921875,1.3851318359375,6.0040283203125
17,0.40277777777777857,0.6915283203125,0.76849365234375,8.696044921875
19,0.076388888888889728,0.12890625,1.43499755859375,2.6019287109375
18,0.24305555555555625,-0.0863037109375,1.3773193359375,6.1231689453125
17,0.40972222222222276,0.69915771484375,0.7452392578125,8.81500244140625
19,0.08333333333333437,0.12506103515625,1.44366455078125,2.776123046875
18,0.25000000000000089,-0.0859375,1.36907958984375,6.24224853515625
17,0.41666666666666741,0.70684814453125,0.72161865234375,8.93389892578125
19,0.090277777777778567,0.12127685546875,1.45159912109375,2.94708251953125
18,0.25694444444444509,-0.08563232421875,1.3602294921875,6.361328125
17,0.4236111111111116,0.7144775390625,0.6973876953125,9.0528564453125
19,0.097222222222223209,0.1175537109375,1.4588623046875,3.1148681640625
18,0.26388888888888973,-0.08526611328125,1.35101318359375,6.48046875
17,0.43055555555555625,0.72210693359375,0.6728515625,9.1717529296875
19,0.10416666666666741,0.1138916015625,1.46551513671875,3.27947998046875
18,0.27083333333333393,-0.08489990234375,1.34136962890625,6.59954833984375
17,0.43750000000000044,0.729736328125,0.64776611328125,9.2906494140625
19,0.11111111111111205,0.1103515625,1.47149658203125,3.44091796875
18,0.27777777777777857,-0.08453369140625,1.3311767578125,6.7186279296875
17,0.44444444444444509,0.73736572265625,0.6221923828125,9.40960693359375
19,0.11805555555555625,0.1068115234375,1.4769287109375,3.59912109375
18,0.28472222222222276,-0.08416748046875,1.32049560546875,6.8377685546875
17,0.45138888888888928,0.7449951171875,0.59613037109375,9.52850341796875
19,0.12500000000000089,0.1033935546875,1.48162841796875,3.754150390625
18,0.29166666666666741,-0.08380126953125,1.30938720703125,6.95684814453125
17,0.45833333333333393,0.752685546875,0.5697021484375,9.6474609375
19,0.13194444444444553,0.10003662109375,1.4857177734375,3.906005859375
18,0.29861111111111205,-0.08349609375,1.29779052734375,7.075927734375
17,0.46527777777777857,0.76031494140625,0.54266357421875,9.766357421875
19,0.13888888888888973,0.0966796875,1.48907470703125,4.05462646484375
18,0.30555555555555625,-0.0831298828125,1.28570556640625,7.195068359375
17,0.47222222222222276,0.7679443359375,0.5152587890625,9.88525390625
19,0.14583333333333437,0.093505859375,1.49188232421875,4.2000732421875
18,0.31250000000000089,-0.082763671875,1.27313232421875,7.31414794921875
17,0.47916666666666741,0.77557373046875,0.48736572265625,10.00421142578125
19,0.15277777777777857,0.09033203125,1.4940185546875,4.34234619140625
18,0.31944444444444509,-0.0823974609375,1.2601318359375,7.4332275390625
17,0.4861111111111116,0.783203125,0.45892333984375,10.12310791015625
19,0.15972222222222321,0.08721923828125,1.4954833984375,4.4814453125
18,0.32638888888888973,-0.08203125,1.2467041015625,7.5523681640625
17,0.49305555555555625,0.7908935546875,0.4300537109375,10.2420654296875
20,0,-0.10223388671875,1.35235595703125,0.776611328125
19,0.16666666666666741,0.084228515625,1.496337890625,4.6173095703125
18,0.33333333333333393,-0.08172607421875,1.23272705078125,7.67144775390625
17,0.50000000000000044,0.79852294921875,0.40069580078125,10.3609619140625
20,0.00694444444444553,-0.10247802734375,1.3572998046875,0.95709228515625
19,0.17361111111111205,0.081298828125,1.49652099609375,4.75
18,0.34027777777777857,-0.08135986328125,1.21826171875,7.79052734375
17,0.50694444444444509,0.80615234375,0.37091064453125,10.4798583984375
20,0.013888888888889728,-0.10272216796875,1.36224365234375,1.1375732421875
19,0.18055555555555625,0.07843017578125,1.49609375,4.87945556640625
18,0.34722222222222276,-0.08099365234375,1.203369140625,7.90966796875
17,0.51388888888888928,0.81378173828125,0.34063720703125,10.59881591796875
20,0.02083333333333437,-0.10302734375,1.3671875,1.31805419921875
19,0.18750000000000089,0.07562255859375,1.4949951171875,5.00579833984375
18,0.35416666666666741,-0.08062744140625,1.18798828125,8.02874755859375
17,0.52083333333333393,0.8214111328125,0.30987548828125,10.71771240234375
20,0.027777777777779011,-0.103271484375,1.3720703125,1.49853515625
19,0.19444444444444553,0.0728759765625,1.4931640625,5.12890625
18,0.36111111111111205,-0.08026123046875,1.17218017578125,8.1478271484375
17,0.52777777777777857,0.82904052734375,0.27862548828125,10.836669921875
20,0.034722222222223209,-0.103515625,1.37701416015625,1.6790771484375
19,0.20138888888888973,0.0701904296875,1.4908447265625,5.2489013671875
18,0.36805555555555625,-0.0799560546875,1.15582275390625,8.2669677734375
17,0.53472222222222276,0.83673095703125,0.2469482421875,10.95556640625
20,0.041666666666667851,-0.103759765625,1.3819580078125,1.85955810546875
19,0.20833333333333437,0.06756591796875,1.4879150390625,5.36785888671875
18,0.37500000000000089,-0.07958984375,1.1390380859375,8.38604736328125
17,0.54166666666666741,0.8443603515625,0.2147216796875,11.074462890625
20,0.048611111111112049,-0.10400390625,1.38690185546875,2.0400390625
19,0.21527777777777857,0.06494140625,1.4844970703125,5.48681640625
18,0.38194444444444509,-0.0792236328125,1.12176513671875,8.505126953125
17,0.5486111111111116,0.85198974609375,0.18212890625,11.19342041015625
20,0.05555555555555669,-0.104248046875,1.391845703125,2.22052001953125
19,0.22222222222222321,0.06231689453125,1.4805908203125,5.60577392578125
18,0.38888888888888973,-0.078857421875,1.10406494140625,8.624267578125
17,0.55555555555555625,0.859619140625,0.1490478515625,11.31231689453125
20,0.062500000000000888,-0.10455322265625,1.39678955078125,2.4010009765625
19,0.22916666666666741,0.05963134765625,1.47625732421875,5.7247314453125
18,0.39583333333333393,-0.0784912109375,1.08575439453125,8.74334716796875
17,0.56250000000000044,0.86724853515625,0.11541748046875,11.4312744140625
20,0.06944444444444553,-0.10479736328125,1.401611328125,2.58123779296875
19,0.23611111111111205,0.0570068359375,1.47149658203125,5.84368896484375
18,0.40277777777777857,-0.078125,1.067138671875,8.86248779296875
17,0.56944444444444509,0.8748779296875,0.08135986328125,11.5501708984375
20,0.076388888888889728,-0.10504150390625,1.40606689453125,2.75885009765625
19,0.24305555555555625,0.05438232421875,1.4661865234375,5.962646484375
18,0.40972222222222276,-0.07781982421875,1.0479736328125,8.9815673828125
17,0.57638888888888928,0.882568359375,0.04681396484375,11.66912841796875
20,0.08333333333333437,-0.10528564453125,1.40997314453125,2.93328857421875
19,0.25000000000000089,0.0517578125,1.46044921875,6.08160400390625
18,0.41666666666666741,-0.07745361328125,1.02838134765625,9.10064697265625
17,0.580710413949112,0.8873291015625,0,11.74310302734375
20,0.090277777777779011,-0.10552978515625,1.41326904296875,3.1044921875
19,0.25694444444444553,0.049072265625,1.45416259765625,6.2005615234375
18,0.42361111111111205,-0.07708740234375,1.0081787109375,9.21978759765625
20,0.097222222222223209,-0.10577392578125,1.416015625,3.27252197265625
19,0.26388888888888973,0.04644775390625,1.44744873046875,6.31951904296875
18,0.43055555555555625,-0.07672119140625,0.9876708984375,9.3388671875
20,0.10416666666666785,-0.10595703125,1.418212890625,3.43731689453125
19,0.27083333333333437,0.0438232421875,1.44036865234375,6.4384765625
18,0.43750000000000089,-0.07635498046875,0.96661376953125,9.45794677734375
20,0.11111111111111205,-0.106201171875,1.4197998046875,3.59893798828125
19,0.27777777777777857,0.04119873046875,1.43267822265625,6.55743408203125
18,0.44444444444444509,-0.0760498046875,0.94512939453125,9.57708740234375
20,0.11805555555555669,-0.1064453125,1.4208984375,3.75738525390625
19,0.28472222222222321,0.03857421875,1.424560546875,6.6763916015625
18,0.45138888888888973,-0.07568359375,0.923095703125,9.6961669921875
20,0.12500000000000089,-0.10662841796875,1.42144775390625,3.91265869140625
19,0.29166666666666741,0.035888671875,1.41595458984375,6.79534912109375
18,0.45833333333333393,-0.0753173828125,0.900634765625,9.81524658203125
20,0.13194444444444553,-0.10687255859375,1.42138671875,4.064697265625
19,0.29861111111111205,0.03326416015625,1.4068603515625,6.914306640625
18,0.46527777777777857,-0.074951171875,0.877685546875,9.93438720703125
20,0.13888888888888973,-0.1070556640625,1.4207763671875,4.2135009765625
19,0.30555555555555625,0.0306396484375,1.3973388671875,7.03326416015625
18,0.47222222222222276,-0.0745849609375,0.85430908203125,10.053466796875
20,0.14583333333333437,-0.1072998046875,1.41961669921875,4.35919189453125
19,0.31250000000000089,0.02801513671875,1.3873291015625,7.1522216796875
18,0.47916666666666741,-0.07427978515625,0.8304443359375,10.17254638671875
20,0.152777777777779,-0.10748291015625,1.41790771484375,4.50164794921875
19,0.31944444444444553,0.02532958984375,1.3768310546875,7.271240234375
18,0.48611111111111205,-0.07391357421875,0.8060302734375,10.29168701171875
20,0.15972222222222321,-0.107666015625,1.41558837890625,4.640869140625
19,0.32638888888888973,0.022705078125,1.36590576171875,7.39019775390625
18,0.49305555555555625,-0.07354736328125,0.78118896484375,10.4107666015625
20,0.16666666666666785,-0.10784912109375,1.4127197265625,4.77691650390625
19,0.33333333333333437,0.02008056640625,1.3544921875,7.5091552734375
18,0.50000000000000089,-0.07318115234375,0.75592041015625,10.52984619140625
20,0.17361111111111205,-0.1080322265625,1.4093017578125,4.9097900390625
19,0.34027777777777857,0.0174560546875,1.34259033203125,7.62811279296875
18,0.50694444444444509,-0.07281494140625,0.73016357421875,10.64898681640625
20,0.18055555555555669,-0.10821533203125,1.4053955078125,5.03948974609375
19,0.34722222222222321,0.0147705078125,1.3302001953125,7.7470703125
18,0.51388888888888973,-0.072509765625,0.703857421875,10.76806640625
20,0.18750000000000089,-0.1083984375,1.40081787109375,5.16595458984375
19,0.35416666666666741,0.01214599609375,1.31732177734375,7.86602783203125
18,0.52083333333333393,-0.0721435546875,0.67718505859375,10.88714599609375
20,0.19444444444444553,-0.10858154296875,1.39569091796875,5.28924560546875
19,0.36111111111111205,0.009521484375,1.30401611328125,7.9849853515625
18,0.52777777777777857,-0.07177734375,0.64996337890625,11.00628662109375
20,0.20138888888888973,-0.1087646484375,1.39007568359375,5.40936279296875
19,0.36805555555555625,0.00689697265625,1.290283203125,8.10394287109375
18,0.53472222222222276,-0.0714111328125,0.622314453125,11.1253662109375
20,0.20833333333333437,-0.10894775390625,1.38397216796875,5.52850341796875
19,0.37500000000000089,0.00421142578125,1.2760009765625,8.222900390625
18,0.54166666666666741,-0.071044921875,0.5941162109375,11.24444580078125
20,0.215277777777779,-0.10906982421875,1.3773193359375,5.64764404296875
19,0.38194444444444553,0.0015869140625,1.26123046875,8.34185791015625
18,0.548611111111112,-0.0706787109375,0.5655517578125,11.36358642578125
20,0.22222222222222321,-0.1092529296875,1.37017822265625,5.7667236328125
19,0.38888888888888973,-0.00103759765625,1.24603271484375,8.4608154296875
18,0.55555555555555625,-0.07037353515625,0.5364990234375,11.482666015625
20,0.22916666666666785,-0.10943603515625,1.3626708984375,5.8858642578125
19,0.39583333333333437,-0.003662109375,1.23028564453125,8.57977294921875
18,0.56250000000000089,-0.07000732421875,0.5069580078125,11.60174560546875
20,0.23611111111111205,-0.109619140625,1.3546142578125,6.0050048828125
19,0.40277777777777857,-0.00634765625,1.2142333984375,8.69873046875
18,0.56944444444444509,-0.06964111328125,0.47686767578125,11.72088623046875
20,0.24305555555555669,-0.1097412109375,1.3460693359375,6.12408447265625
19,0.40972222222222321,-0.00897216796875,1.19757080078125,8.81768798828125
18,0.57638888888888973,-0.06927490234375,0.44635009765625,11.8399658203125
20,0.25000000000000089,-0.10992431640625,1.337158203125,6.24322509765625
19,0.41666666666666741,-0.0115966796875,1.18048095703125,8.9366455078125
18,0.58333333333333393,-0.06890869140625,0.4154052734375,11.95904541015625
20,0.25694444444444553,-0.110107421875,1.32763671875,6.36236572265625
19,0.42361111111111205,-0.01422119140625,1.162841796875,9.05560302734375
18,0.59027777777777857,-0.068603515625,0.38397216796875,12.07818603515625
20,0.26388888888888973,-0.11029052734375,1.31768798828125,6.4814453125
19,0.43055555555555625,-0.016845703125,1.14483642578125,9.174560546875
18,0.59722222222222276,-0.0682373046875,0.35205078125,12.197265625
20,0.27083333333333437,-0.11041259765625,1.307373046875,6.6005859375
19,0.43750000000000089,-0.01953125,1.1263427734375,9.29351806640625
18,0.60416666666666741,-0.06787109375,0.31964111328125,12.31640625
20,0.277777777777779,-0.110595703125,1.29644775390625,6.7197265625
19,0.44444444444444553,-0.02215576171875,1.10736083984375,9.41253662109375
18,0.611111111111112,-0.0675048828125,0.28680419921875,12.43548583984375
20,0.28472222222222321,-0.11077880859375,1.28515625,6.8388671875
19,0.45138888888888973,-0.0247802734375,1.08782958984375,9.531494140625
18,0.61805555555555625,-0.067138671875,0.25347900390625,12.5545654296875
20,0.29166666666666785,-0.1109619140625,1.2733154296875,6.95794677734375
19,0.45833333333333437,-0.02740478515625,1.06793212890625,9.65045166015625
18,0.62500000000000089,-0.06683349609375,0.2196044921875,12.6737060546875
20,0.29861111111111205,-0.111083984375,1.260986328125,7.07708740234375
19,0.46527777777777857,-0.03009033203125,1.04754638671875,9.7694091796875
18,0.63194444444444509,-0.06646728515625,0.18536376953125,12.79278564453125
20,0.30555555555555669,-0.11126708984375,1.24822998046875,7.19622802734375
19,0.47222222222222321,-0.03271484375,1.02667236328125,9.88836669921875
18,0.63888888888888973,-0.06610107421875,0.150634765625,12.911865234375
20,0.31250000000000089,-0.1114501953125,1.2349853515625,7.3153076171875
19,0.47916666666666741,-0.03533935546875,1.00531005859375,10.00732421875
18,0.64583333333333393,-0.06573486328125,0.11541748046875,13.031005859375
20,0.31944444444444553,-0.11163330078125,1.22125244140625,7.4344482421875
19,0.48611111111111205,-0.0379638671875,0.98345947265625,10.12628173828125
18,0.65277777777777857,-0.06536865234375,0.07965087890625,13.15008544921875
20,0.32638888888888973,-0.11175537109375,1.2071533203125,7.5535888671875
19,0.49305555555555625,-0.0406494140625,0.96112060546875,10.2452392578125
18,0.65972222222222276,-0.06500244140625,0.04351806640625,13.2691650390625
20,0.33333333333333437,-0.1119384765625,1.19244384765625,7.67266845703125
19,0.50000000000000089,-0.04327392578125,0.93841552734375,10.36419677734375
18,0.66323148111452557,-0.0648193359375,0,13.329345703125
20,0.340277777777779,-0.11212158203125,1.17730712890625,7.79180908203125
19,0.50694444444444553,-0.0458984375,0.9151611328125,10.483154296875
20,0.34722222222222321,-0.1123046875,1.1617431640625,7.91094970703125
19,0.51388888888888973,-0.04852294921875,0.89141845703125,10.60211181640625
20,0.35416666666666785,-0.11248779296875,1.1456298828125,8.03009033203125
19,0.52083333333333437,-0.05120849609375,0.86724853515625,10.7210693359375
20,0.36111111111111205,-0.11260986328125,1.129150390625,8.149169921875
19,0.52777777777777857,-0.0538330078125,0.842529296875,10.84002685546875
20,0.36805555555555669,-0.11279296875,1.11212158203125,8.268310546875
19,0.53472222222222321,-0.05645751953125,0.81744384765625,10.958984375
20,0.37500000000000089,-0.11297607421875,1.0946044921875,8.387451171875
19,0.54166666666666741,-0.05908203125,0.79180908203125,11.07794189453125
20,0.38194444444444553,-0.1131591796875,1.07666015625,8.50653076171875
19,0.548611111111112,-0.061767578125,0.7657470703125,11.1968994140625
20,0.38888888888888973,-0.11328125,1.0582275390625,8.62567138671875
19,0.55555555555555625,-0.06439208984375,0.73919677734375,11.31585693359375
20,0.39583333333333437,-0.11346435546875,1.03924560546875,8.74481201171875
19,0.56250000000000089,-0.0670166015625,0.712158203125,11.434814453125
20,0.402777777777779,-0.1136474609375,1.01995849609375,8.8638916015625
19,0.56944444444444553,-0.06964111328125,0.6846923828125,11.5538330078125
20,0.40972222222222321,-0.11383056640625,1.00006103515625,8.9830322265625
19,0.57638888888888973,-0.072265625,0.65667724609375,11.67279052734375
20,0.41666666666666785,-0.11395263671875,0.979736328125,9.1021728515625
19,0.58333333333333437,-0.074951171875,0.62823486328125,11.791748046875
20,0.42361111111111205,-0.1141357421875,0.95892333984375,9.22125244140625
19,0.59027777777777857,-0.07757568359375,0.59930419921875,11.91070556640625
20,0.43055555555555669,-0.11431884765625,0.93768310546875,9.34039306640625
19,0.59722222222222321,-0.0802001953125,0.5699462890625,12.0296630859375
20,0.43750000000000089,-0.114501953125,0.91595458984375,9.45953369140625
19,0.60416666666666741,-0.08282470703125,0.54010009765625,12.14862060546875
20,0.44444444444444553,-0.1146240234375,0.89373779296875,9.57867431640625
19,0.611111111111112,-0.08551025390625,0.509765625,12.267578125
20,0.45138888888888973,-0.11480712890625,0.8709716796875,9.69775390625
19,0.61805555555555625,-0.088134765625,0.47894287109375,12.38653564453125
20,0.45833333333333437,-0.114990234375,0.847900390625,9.81689453125
19,0.62500000000000089,-0.09075927734375,0.4476318359375,12.5054931640625
20,0.465277777777779,-0.11517333984375,0.82421875,9.93603515625
19,0.63194444444444553,-0.0933837890625,0.41595458984375,12.62445068359375
20,0.47222222222222321,-0.11529541015625,0.80010986328125,10.05511474609375
19,0.63888888888888973,-0.0960693359375,0.38372802734375,12.743408203125
20,0.47916666666666785,-0.115478515625,0.77557373046875,10.17425537109375
19,0.64583333333333437,-0.09869384765625,0.35101318359375,12.86236572265625
20,0.48611111111111205,-0.11566162109375,0.75048828125,10.29339599609375
19,0.65277777777777857,-0.101318359375,0.31781005859375,12.9813232421875
20,0.49305555555555669,-0.1158447265625,0.72491455078125,10.4124755859375
19,0.65972222222222321,-0.10394287109375,0.2841796875,13.10028076171875
20,0.50000000000000089,-0.115966796875,0.698974609375,10.5316162109375
19,0.66666666666666741,-0.10662841796875,0.2501220703125,13.21923828125
20,0.50694444444444553,-0.11614990234375,0.6724853515625,10.6507568359375
19,0.673611111111112,-0.1092529296875,0.21551513671875,13.33819580078125
20,0.51388888888888973,-0.1163330078125,0.6455078125,10.7698974609375
19,0.68055555555555625,-0.11187744140625,0.180419921875,13.4571533203125
20,0.52083333333333437,-0.11651611328125,0.6181640625,10.88897705078125
19,0.68750000000000089,-0.114501953125,0.1448974609375,13.576171875
20,0.527777777777779,-0.11663818359375,0.5902099609375,11.00811767578125
19,0.69444444444444553,-0.1171875,0.10888671875,13.69512939453125
20,0.53472222222222321,-0.1168212890625,0.5618896484375,11.12725830078125
19,0.70138888888888973,-0.11981201171875,0.07244873046875,13.8140869140625
20,0.54166666666666785,-0.11700439453125,0.53302001953125,11.246337890625
19,0.70833333333333437,-0.1224365234375,0.03546142578125,13.93304443359375
20,0.548611111111112,-0.1171875,0.50372314453125,11.365478515625
19,0.71027279294555745,-0.1231689453125,0,13.96624755859375
20,0.55555555555555669,-0.1173095703125,0.4739990234375,11.484619140625
20,0.56250000000000089,-0.11749267578125,0.4437255859375,11.60369873046875
20,0.56944444444444553,-0.11767578125,0.4129638671875,11.72283935546875
20,0.57638888888888973,-0.11785888671875,0.38177490234375,11.84197998046875
20,0.58333333333333437,-0.11798095703125,0.35009765625,11.9610595703125
20,0.590277777777779,-0.1181640625,0.31793212890625,12.0802001953125
20,0.59722222222222321,-0.11834716796875,0.285400390625,12.1993408203125
20,0.60416666666666785,-0.1185302734375,0.25225830078125,12.3184814453125
20,0.611111111111112,-0.11865234375,0.21875,12.43756103515625
20,0.61805555555555669,-0.11883544921875,0.1846923828125,12.55670166015625
20,0.62500000000000089,-0.1190185546875,0.150146484375,12.67584228515625
20,0.63194444444444553,-0.11920166015625,0.115234375,12.794921875
20,0.63888888888888973,-0.11932373046875,0.07977294921875,12.9140625
20,0.64583333333333437,-0.1195068359375,0.0438232421875,13.033203125
20,0.64942440295170534,-0.11962890625,0,13.09478759765625
