shot,ageSeconds,x,y,z
1,0,0.1728515625,1.32763671875,0.62237548828125
1,0.0083333333333333332,0.17999267578125,1.32452392578125,0.83892822265625
1,0.016666666666666666,0.1871337890625,1.3214111328125,1.055419921875
1,0.025,0.19427490234375,1.31829833984375,1.27197265625
1,0.033333333333333333,0.201416015625,1.315185546875,1.48846435546875
1,0.041666666666666664,0.20855712890625,1.31207275390625,1.70501708984375
1,0.049999999999999996,0.2156982421875,1.3089599609375,1.9215087890625
1,0.058333333333333327,0.2227783203125,1.30584716796875,2.1380615234375
1,0.066666666666666666,0.22991943359375,1.302734375,2.3546142578125
1,0.075,0.23699951171875,1.29925537109375,2.56878662109375
1,0.083333333333333329,0.243896484375,1.2952880859375,2.7784423828125
1,0.09166666666666666,0.25067138671875,1.2906494140625,2.98345947265625
1,0.099999999999999992,0.25726318359375,1.285400390625,3.18389892578125
1,0.10833333333333332,0.26373291015625,1.27947998046875,3.37969970703125
1,0.11666666666666665,0.27001953125,1.27294921875,3.5709228515625
1,0.12499999999999999,0.27618408203125,1.265869140625,3.757568359375
1,0.13333333333333333,0.28216552734375,1.2581787109375,3.9395751953125
2,0,-0.10223388671875,1.35235595703125,0.776611328125
1,0.14166666666666666,0.28802490234375,1.24981689453125,4.11700439453125
1,0.15,0.293701171875,1.2408447265625,4.289794921875
1,0.15833333333333333,0.29925537109375,1.23126220703125,4.4580078125
1,0.16666666666666666,0.3046875,1.22113037109375,4.62164306640625
2,0.0083333333333333315,-0.110595703125,1.3529052734375,0.99310302734375
2,0.016666666666666663,-0.11895751953125,1.35345458984375,1.2095947265625
2,0.024999999999999994,-0.1273193359375,1.35400390625,1.4261474609375
2,0.033333333333333326,-0.1357421875,1.35455322265625,1.64263916015625
1,0.175,0.30987548828125,1.2103271484375,4.7806396484375
1,0.18333333333333332,0.31500244140625,1.19891357421875,4.93505859375
1,0.19166666666666665,0.3199462890625,1.18695068359375,5.0848388671875
1,0.19999999999999998,0.32470703125,1.17431640625,5.23004150390625
2,0.041666666666666657,-0.14410400390625,1.3551025390625,1.859130859375
2,0.049999999999999989,-0.1524658203125,1.35565185546875,2.07562255859375
2,0.05833333333333332,-0.16082763671875,1.356201171875,2.2921142578125
2,0.066666666666666652,-0.169189453125,1.35675048828125,2.5086669921875
1,0.20833333333333331,0.32940673828125,1.1610107421875,5.37298583984375
1,0.21666666666666665,0.3341064453125,1.14703369140625,5.515869140625
1,0.22499999999999998,0.3388671875,1.13238525390625,5.6588134765625
1,0.23333333333333331,0.34356689453125,1.1170654296875,5.80169677734375
2,0.074999999999999983,-0.177490234375,1.35693359375,2.72283935546875
2,0.083333333333333315,-0.18560791015625,1.35650634765625,2.93243408203125
2,0.091666666666666646,-0.1934814453125,1.3553466796875,3.137451171875
2,0.1,-0.20123291015625,1.35345458984375,3.33782958984375
1,0.24166666666666664,0.3482666015625,1.10101318359375,5.944580078125
1,0.24999999999999997,0.35296630859375,1.08441162109375,6.0875244140625
1,0.2583333333333333,0.357666015625,1.0670166015625,6.23040771484375
1,0.26666666666666666,0.36236572265625,1.0489501953125,6.37335205078125
2,0.10833333333333336,-0.20880126953125,1.35089111328125,3.53363037109375
2,0.11666666666666672,-0.2161865234375,1.34759521484375,3.724853515625
2,0.12500000000000008,-0.22344970703125,1.34368896484375,3.91143798828125
2,0.13333333333333333,-0.23046875,1.33905029296875,4.09344482421875
1,0.275,0.36712646484375,1.0302734375,6.5162353515625
1,0.28333333333333338,0.371826171875,1.01080322265625,6.65911865234375
1,0.29166666666666674,0.37652587890625,0.99072265625,6.80206298828125
1,0.3,0.3812255859375,0.969970703125,6.9449462890625
3,0,0.1728515625,1.32763671875,0.62237548828125
2,0.14166666666666669,-0.2373046875,1.33367919921875,4.2708740234375
2,0.15000000000000005,-0.2440185546875,1.32763671875,4.44366455078125
2,0.15833333333333341,-0.25048828125,1.3209228515625,4.61187744140625
2,0.16666666666666666,-0.2568359375,1.31353759765625,4.77545166015625
1,0.30833333333333335,0.38592529296875,0.948486328125,7.087890625
1,0.31666666666666671,0.390625,0.92633056640625,7.23077392578125
1,0.32500000000000007,0.3953857421875,0.903564453125,7.3736572265625
1,0.33333333333333331,0.40008544921875,0.88006591796875,7.5166015625
3,0.00833333333333336,0.166259765625,1.32501220703125,0.83892822265625
3,0.016666666666666718,0.15966796875,1.32244873046875,1.05548095703125
3,0.025000000000000078,0.153076171875,1.31982421875,1.27203369140625
3,0.033333333333333326,0.14642333984375,1.3172607421875,1.48858642578125
2,0.17500000000000002,-0.26300048828125,1.30548095703125,4.9344482421875
2,0.18333333333333338,-0.2689208984375,1.296630859375,5.08880615234375
2,0.19166666666666674,-0.27471923828125,1.2872314453125,5.2386474609375
2,0.19999999999999998,-0.28033447265625,1.27703857421875,5.38385009765625
1,0.34166666666666667,0.40478515625,0.85589599609375,7.65948486328125
1,0.35000000000000003,0.40948486328125,0.8310546875,7.80242919921875
1,0.35833333333333339,0.4141845703125,0.80548095703125,7.9453125
1,0.36666666666666664,0.4189453125,0.779296875,8.08819580078125
3,0.041666666666666685,0.13983154296875,1.31463623046875,1.70513916015625
3,0.050000000000000044,0.13323974609375,1.31207275390625,1.92169189453125
3,0.058333333333333404,0.12664794921875,1.3094482421875,2.13824462890625
3,0.066666666666666707,0.12005615234375,1.306884765625,2.35479736328125
2,0.20833333333333334,-0.285888671875,1.26617431640625,5.5267333984375
2,0.2166666666666667,-0.2913818359375,1.254638671875,5.66961669921875
2,0.22500000000000006,-0.29693603515625,1.24237060546875,5.8125
2,0.23333333333333336,-0.30242919921875,1.2294921875,5.95538330078125
1,0.375,0.42364501953125,0.75244140625,8.23114013671875
1,0.38333333333333336,0.4283447265625,0.724853515625,8.3740234375
1,0.39166666666666672,0.43304443359375,0.696533203125,8.5169677734375
1,0.4,0.437744140625,0.66766357421875,8.65985107421875
3,0.075000000000000067,0.113525390625,1.303955078125,2.56903076171875
3,0.083333333333333426,0.10711669921875,1.30047607421875,2.7786865234375
3,0.091666666666666785,0.10089111328125,1.2962646484375,2.98370361328125
3,0.10000000000000003,0.09478759765625,1.29150390625,3.18414306640625
2,0.24166666666666672,-0.3079833984375,1.21588134765625,6.0982666015625
2,0.25000000000000011,-0.3134765625,1.20166015625,6.24114990234375
2,0.25833333333333341,-0.31903076171875,1.18670654296875,6.38409423828125
2,0.26666666666666672,-0.32452392578125,1.17108154296875,6.5269775390625
1,0.40833333333333338,0.44244384765625,0.63800048828125,8.802734375
1,0.41666666666666674,0.44720458984375,0.60772705078125,8.9456787109375
1,0.4250000000000001,0.451904296875,0.5767822265625,9.08856201171875
1,0.43333333333333335,0.45660400390625,0.54510498046875,9.23150634765625
3,0.10833333333333339,0.08880615234375,1.28607177734375,3.3800048828125
3,0.11666666666666675,0.08294677734375,1.280029296875,3.57122802734375
3,0.12500000000000011,0.0772705078125,1.27337646484375,3.75787353515625
3,0.13333333333333336,0.07171630859375,1.26611328125,3.93994140625
2,0.275,-0.330078125,1.15478515625,6.66986083984375
2,0.28333333333333344,-0.3355712890625,1.13775634765625,6.812744140625
2,0.29166666666666674,-0.34112548828125,1.1201171875,6.95562744140625
2,0.30000000000000004,-0.34661865234375,1.10174560546875,7.0985107421875
1,0.44166666666666671,0.4613037109375,0.5126953125,9.3743896484375
1,0.45000000000000007,0.46600341796875,0.479736328125,9.51727294921875
1,0.45833333333333343,0.470703125,0.446044921875,9.66021728515625
1,0.46666666666666667,0.4754638671875,0.41162109375,9.8031005859375
4,0,-0.10223388671875,1.35235595703125,0.776611328125
3,0.14166666666666672,0.06634521484375,1.2581787109375,4.11737060546875
3,0.15000000000000008,0.06103515625,1.2496337890625,4.29022216796875
3,0.15833333333333344,0.055908203125,1.240478515625,4.45843505859375
3,0.16666666666666669,0.05096435546875,1.230712890625,4.6220703125
2,0.30833333333333335,-0.3521728515625,1.0826416015625,7.241455078125
2,0.31666666666666676,-0.357666015625,1.06292724609375,7.38433837890625
2,0.32500000000000007,-0.36322021484375,1.04254150390625,7.5272216796875
2,0.33333333333333337,-0.36871337890625,1.021484375,7.67010498046875
1,0.47500000000000003,0.48016357421875,0.3765869140625,9.946044921875
1,0.48333333333333339,0.48486328125,0.3408203125,10.08892822265625
1,0.49166666666666675,0.48956298828125,0.30438232421875,10.2318115234375
1,0.5,0.4942626953125,0.267333984375,10.374755859375
4,0.0083333333333333037,-0.11279296875,1.34869384765625,0.99298095703125
4,0.016666666666666607,-0.12335205078125,1.3450927734375,1.2093505859375
4,0.024999999999999911,-0.1339111328125,1.3414306640625,1.42572021484375
4,0.033333333333333215,-0.14453125,1.3377685546875,1.64215087890625
3,0.175,0.04608154296875,1.22027587890625,4.78106689453125
3,0.18333333333333329,0.0413818359375,1.209228515625,4.935546875
3,0.1916666666666666,0.03680419921875,1.1976318359375,5.0853271484375
3,0.1999999999999999,0.03240966796875,1.185302734375,5.2305908203125
2,0.34166666666666667,-0.374267578125,0.999755859375,7.81298828125
2,0.35,-0.3797607421875,0.977294921875,7.95587158203125
2,0.35833333333333328,-0.38531494140625,0.95416259765625,8.0987548828125
2,0.36666666666666659,-0.390869140625,0.930419921875,8.24169921875
1,0.5083333333333333,0.49896240234375,0.22955322265625,10.51763916015625
1,0.51666666666666661,0.50372314453125,0.1910400390625,10.66058349609375
1,0.52499999999999991,0.5084228515625,0.15191650390625,10.803466796875
1,0.53333333333333321,0.51312255859375,0.112060546875,10.94635009765625
4,0.041666666666666519,-0.15509033203125,1.33416748046875,1.8585205078125
4,0.049999999999999822,-0.1656494140625,1.33050537109375,2.07489013671875
4,0.058333333333333126,-0.17620849609375,1.32684326171875,2.291259765625
4,0.06666666666666643,-0.186767578125,1.3232421875,2.50762939453125
3,0.2083333333333332,0.028076171875,1.17236328125,5.37347412109375
3,0.21666666666666651,0.023681640625,1.15875244140625,5.51641845703125
3,0.22499999999999981,0.01934814453125,1.1444091796875,5.65936279296875
3,0.23333333333333311,0.01495361328125,1.12945556640625,5.80224609375
2,0.37499999999999989,-0.3963623046875,0.90594482421875,8.38458251953125
2,0.38333333333333319,-0.40191650390625,0.88079833984375,8.5274658203125
2,0.3916666666666665,-0.40740966796875,0.85491943359375,8.67034912109375
2,0.3999999999999998,-0.4129638671875,0.82843017578125,8.813232421875
1,0.54166666666666652,0.517822265625,0.071533203125,11.08929443359375
1,0.54999999999999982,0.52252197265625,0.0303955078125,11.232177734375
1,0.55107142838096856,0.52313232421875,0,11.25054931640625
4,0.074999999999999734,-0.197265625,1.31927490234375,2.72174072265625
4,0.083333333333333037,-0.20745849609375,1.31475830078125,2.93121337890625
4,0.091666666666666341,-0.21746826171875,1.3095703125,3.1361083984375
4,0.099999999999999645,-0.227294921875,1.3038330078125,3.33636474609375
3,0.24166666666666642,0.0106201171875,1.11376953125,5.9451904296875
3,0.24999999999999972,0.00628662109375,1.09747314453125,6.088134765625
3,0.258333333333333,0.00189208984375,1.0804443359375,6.23101806640625
3,0.26666666666666633,-0.00244140625,1.062744140625,6.37396240234375
2,0.4083333333333331,-0.41845703125,0.80120849609375,8.95611572265625
2,0.41666666666666641,-0.42401123046875,0.77337646484375,9.09906005859375
2,0.42499999999999971,-0.42950439453125,0.74481201171875,9.241943359375
2,0.433333333333333,-0.43505859375,0.715576171875,9.38482666015625
4,0.10833333333333295,-0.23681640625,1.2974853515625,3.53204345703125
4,0.11666666666666625,-0.24615478515625,1.29046630859375,3.72314453125
4,0.12499999999999956,-0.2552490234375,1.282958984375,3.90960693359375
4,0.13333333333333286,-0.26416015625,1.2747802734375,4.091552734375
3,0.27499999999999963,-0.00677490234375,1.0443115234375,6.51690673828125
3,0.28333333333333294,-0.01116943359375,1.02520751953125,6.6597900390625
3,0.29166666666666624,-0.0155029296875,1.0054931640625,6.802734375
3,0.29999999999999954,-0.0198974609375,0.98504638671875,6.9456787109375
2,0.44166666666666632,-0.4405517578125,0.68560791015625,9.5277099609375
2,0.44999999999999962,-0.44610595703125,0.655029296875,9.67059326171875
2,0.45833333333333293,-0.45159912109375,0.623779296875,9.8134765625
2,0.46666666666666623,-0.4571533203125,0.591796875,9.9564208984375
5,0,0.1728515625,1.32763671875,0.62237548828125
4,0.14166666666666616,-0.2728271484375,1.2659912109375,4.268798828125
4,0.14999999999999947,-0.28125,1.256591796875,4.4415283203125
4,0.15833333333333277,-0.28948974609375,1.24664306640625,4.609619140625
4,0.16666666666666607,-0.29742431640625,1.236083984375,4.77313232421875
3,0.30833333333333285,-0.02423095703125,0.96392822265625,7.08856201171875
3,0.31666666666666615,-0.028564453125,0.942138671875,7.23150634765625
3,0.32499999999999946,-0.032958984375,0.919677734375,7.37445068359375
3,0.33333333333333276,-0.03729248046875,0.89654541015625,7.517333984375
2,0.47499999999999953,-0.462646484375,0.55914306640625,10.09930419921875
2,0.48333333333333284,-0.46820068359375,0.52581787109375,10.2421875
2,0.49166666666666614,-0.47369384765625,0.4918212890625,10.38507080078125
2,0.49999999999999944,-0.479248046875,0.4571533203125,10.5279541015625
5,0.0083333333333333037,0.1658935546875,1.33038330078125,0.83892822265625
5,0.016666666666666607,0.15887451171875,1.3331298828125,1.055419921875
5,0.024999999999999911,0.15191650390625,1.33587646484375,1.27197265625
5,0.033333333333333215,0.1448974609375,1.33856201171875,1.488525390625
4,0.17499999999999938,-0.30523681640625,1.22491455078125,4.9320068359375
4,0.18333333333333268,-0.312744140625,1.21307373046875,5.0863037109375
4,0.19166666666666599,-0.320068359375,1.20074462890625,5.23602294921875
4,0.19999999999999929,-0.3271484375,1.187744140625,5.38116455078125
3,0.34166666666666606,-0.0416259765625,0.87274169921875,7.6602783203125
3,0.34999999999999937,-0.0460205078125,0.84820556640625,7.80322265625
3,0.35833333333333267,-0.05035400390625,0.822998046875,7.94610595703125
3,0.366666666666666,-0.0546875,0.79718017578125,8.08905029296875
2,0.50833333333333275,-0.4847412109375,0.42181396484375,10.67083740234375
2,0.516666666666666,-0.49029541015625,0.3857421875,10.813720703125
2,0.52499999999999936,-0.49578857421875,0.3489990234375,10.9566650390625
2,0.53333333333333266,-0.5013427734375,0.31158447265625,11.09954833984375
5,0.041666666666666519,0.137939453125,1.34130859375,1.705078125
5,0.049999999999999822,0.13092041015625,1.34405517578125,1.92156982421875
5,0.058333333333333126,0.12396240234375,1.3468017578125,2.13812255859375
5,0.06666666666666643,0.116943359375,1.34954833984375,2.35467529296875
4,0.20833333333333259,-0.3341064453125,1.17413330078125,5.52392578125
4,0.2166666666666659,-0.34112548828125,1.1597900390625,5.666748046875
4,0.2249999999999992,-0.34808349609375,1.144775390625,5.8095703125
4,0.2333333333333325,-0.35504150390625,1.129150390625,5.952392578125
3,0.37499999999999928,-0.05908203125,0.7706298828125,8.23193359375
3,0.38333333333333258,-0.06341552734375,0.743408203125,8.3748779296875
3,0.39166666666666589,-0.06781005859375,0.7154541015625,8.517822265625
3,0.39999999999999919,-0.0721435546875,0.6868896484375,8.66070556640625
2,0.541666666666666,-0.5068359375,0.27349853515625,11.242431640625
2,0.54999999999999927,-0.51239013671875,0.2347412109375,11.38531494140625
2,0.55833333333333257,-0.51788330078125,0.1953125,11.5281982421875
2,0.56666666666666587,-0.5234375,0.15521240234375,11.67108154296875
5,0.074999999999999734,0.11004638671875,1.35186767578125,2.56890869140625
5,0.083333333333333037,0.103271484375,1.35357666015625,2.778564453125
5,0.091666666666666341,0.0966796875,1.35443115234375,2.98358154296875
5,0.099999999999999645,0.0902099609375,1.35455322265625,3.18402099609375
4,0.24166666666666581,-0.36199951171875,1.11273193359375,6.09521484375
4,0.24999999999999911,-0.3690185546875,1.09576416015625,6.23797607421875
4,0.25833333333333242,-0.3759765625,1.0780029296875,6.38079833984375
4,0.26666666666666572,-0.3829345703125,1.05963134765625,6.52362060546875
3,0.40833333333333249,-0.07647705078125,0.65753173828125,8.80364990234375
3,0.4166666666666658,-0.08087158203125,0.62762451171875,8.94659423828125
3,0.4249999999999991,-0.085205078125,0.59698486328125,9.0894775390625
3,0.4333333333333324,-0.08953857421875,0.565673828125,9.232421875
2,0.57499999999999918,-0.5289306640625,0.1143798828125,11.81402587890625
2,0.58333333333333248,-0.53448486328125,0.0728759765625,11.9569091796875
2,0.59166666666666579,-0.53997802734375,0.03070068359375,12.09979248046875
2,0.59277302916583974,-0.54071044921875,0,12.1187744140625
5,0.10833333333333295,0.0838623046875,1.35400390625,3.37982177734375
5,0.11666666666666625,0.07769775390625,1.3526611328125,3.571044921875
5,0.12499999999999956,0.0716552734375,1.3505859375,3.7576904296875
5,0.13333333333333286,0.0657958984375,1.3477783203125,3.939697265625
4,0.274999999999999,-0.38995361328125,1.04058837890625,6.66644287109375
4,0.28333333333333233,-0.39691162109375,1.020751953125,6.8092041015625
4,0.29166666666666563,-0.40386962890625,1.0003662109375,6.9520263671875
4,0.29999999999999893,-0.41082763671875,0.979248046875,7.0948486328125
3,0.44166666666666571,-0.09393310546875,0.53363037109375,9.3753662109375
3,0.449999999999999,-0.0982666015625,0.5009765625,9.51824951171875
3,0.45833333333333232,-0.1026611328125,0.4676513671875,9.66119384765625
3,0.46666666666666562,-0.10699462890625,0.43359375,9.80413818359375
6,0,-0.10223388671875,1.35235595703125,0.776611328125
5,0.14166666666666616,0.06005859375,1.34423828125,4.11712646484375
5,0.14999999999999947,0.05450439453125,1.3399658203125,4.28997802734375
5,0.15833333333333277,0.049072265625,1.33489990234375,4.45819091796875
5,0.16666666666666607,0.0438232421875,1.32916259765625,4.621826171875
4,0.30833333333333224,-0.4178466796875,0.9573974609375,7.2376708984375
4,0.31666666666666554,-0.4248046875,0.9349365234375,7.3804931640625
4,0.32499999999999885,-0.4317626953125,0.9117431640625,7.52325439453125
4,0.33333333333333215,-0.43878173828125,0.887939453125,7.66607666015625
3,0.47499999999999892,-0.111328125,0.39886474609375,9.947021484375
3,0.48333333333333223,-0.11572265625,0.36346435546875,10.0899658203125
3,0.49166666666666553,-0.12005615234375,0.327392578125,10.23291015625
3,0.49999999999999883,-0.1243896484375,0.2906494140625,10.37579345703125
6,0.0083333333333333037,-0.1004638671875,1.3446044921875,0.99310302734375
6,0.016666666666666607,-0.09869384765625,1.33685302734375,1.20965576171875
6,0.024999999999999911,-0.09686279296875,1.3291015625,1.4261474609375
6,0.033333333333333215,-0.0950927734375,1.32135009765625,1.6427001953125
5,0.17499999999999938,0.0386962890625,1.32269287109375,4.78082275390625
5,0.18333333333333268,0.03369140625,1.3154296875,4.93524169921875
5,0.19166666666666599,0.02886962890625,1.3074951171875,5.0850830078125
5,0.19999999999999929,0.024169921875,1.29876708984375,5.23028564453125
4,0.34166666666666545,-0.44573974609375,0.86346435546875,7.80889892578125
4,0.34999999999999876,-0.45269775390625,0.83819580078125,7.95172119140625
4,0.35833333333333206,-0.45965576171875,0.81231689453125,8.09454345703125
4,0.36666666666666536,-0.4666748046875,0.7857666015625,8.2373046875
3,0.50833333333333219,-0.1287841796875,0.25323486328125,10.51873779296875
3,0.5166666666666655,-0.13311767578125,0.215087890625,10.66168212890625
3,0.5249999999999988,-0.137451171875,0.17626953125,10.8045654296875
3,0.5333333333333321,-0.141845703125,0.13671875,10.947509765625
6,0.041666666666666519,-0.09332275390625,1.3135986328125,1.85919189453125
6,0.049999999999999822,-0.091552734375,1.30584716796875,2.07574462890625
6,0.058333333333333126,-0.08978271484375,1.298095703125,2.292236328125
6,0.06666666666666643,-0.0880126953125,1.29034423828125,2.5087890625
5,0.20833333333333259,0.01953125,1.28936767578125,5.3731689453125
5,0.2166666666666659,0.01495361328125,1.27923583984375,5.51611328125
5,0.2249999999999992,0.01031494140625,1.2684326171875,5.65899658203125
5,0.2333333333333325,0.0057373046875,1.25701904296875,5.80194091796875
4,0.37499999999999867,-0.4736328125,0.758544921875,8.380126953125
4,0.38333333333333197,-0.4805908203125,0.73065185546875,8.52294921875
4,0.39166666666666528,-0.48760986328125,0.70196533203125,8.665771484375
4,0.39999999999999858,-0.49456787109375,0.6727294921875,8.80859375
3,0.54166666666666541,-0.14617919921875,0.0965576171875,11.0904541015625
3,0.54999999999999871,-0.15057373046875,0.05572509765625,11.23333740234375
3,0.55616666718368168,-0.15380859375,0,11.339111328125
6,0.074999999999999734,-0.08624267578125,1.28228759765625,2.7230224609375
6,0.083333333333333037,-0.08447265625,1.2738037109375,2.9326171875
6,0.091666666666666341,-0.08282470703125,1.2647705078125,3.13763427734375
6,0.099999999999999645,-0.0811767578125,1.25518798828125,3.33807373046875
5,0.24166666666666581,0.0010986328125,1.24481201171875,5.94482421875
5,0.24999999999999911,-0.00347900390625,1.2320556640625,6.0877685546875
5,0.25833333333333242,-0.00811767578125,1.218505859375,6.23065185546875
5,0.26666666666666572,-0.0126953125,1.204345703125,6.37359619140625
4,0.40833333333333188,-0.50152587890625,0.64276123046875,8.95135498046875
4,0.41666666666666519,-0.508544921875,0.61212158203125,9.09417724609375
4,0.42499999999999849,-0.5155029296875,0.580810546875,9.23699951171875
4,0.43333333333333179,-0.5224609375,0.54876708984375,9.37982177734375
6,0.10833333333333295,-0.07952880859375,1.2451171875,3.53387451171875
6,0.11666666666666625,-0.0780029296875,1.2344970703125,3.72509765625
6,0.12499999999999956,-0.076416015625,1.22344970703125,3.91168212890625
6,0.13333333333333286,-0.074951171875,1.2117919921875,4.09368896484375
5,0.274999999999999,-0.017333984375,1.18951416015625,6.5164794921875
5,0.28333333333333233,-0.02197265625,1.17388916015625,6.659423828125
5,0.29166666666666563,-0.02655029296875,1.15771484375,6.80230712890625
5,0.29999999999999893,-0.03118896484375,1.1407470703125,6.94525146484375
4,0.4416666666666651,-0.5294189453125,0.51605224609375,9.5225830078125
4,0.4499999999999984,-0.53643798828125,0.48272705078125,9.6654052734375
4,0.45833333333333171,-0.54339599609375,0.44866943359375,9.8082275390625
4,0.466666666666665,-0.55035400390625,0.4139404296875,9.9510498046875
7,0,0.1728515625,1.32763671875,0.62237548828125
6,0.14166666666666616,-0.073486328125,1.19964599609375,4.2711181640625
6,0.14999999999999947,-0.07208251953125,1.18695068359375,4.44390869140625
6,0.15833333333333277,-0.0706787109375,1.173828125,4.61212158203125
6,0.16666666666666607,-0.0693359375,1.16015625,4.7757568359375
5,0.30833333333333224,-0.0357666015625,1.1231689453125,7.088134765625
5,0.31666666666666554,-0.0404052734375,1.10491943359375,7.2310791015625
5,0.32499999999999885,-0.04498291015625,1.0859375,7.37396240234375
5,0.33333333333333215,-0.04962158203125,1.06634521484375,7.51690673828125
4,0.47499999999999831,-0.557373046875,0.37847900390625,10.0938720703125
4,0.48333333333333162,-0.5643310546875,0.3424072265625,10.23663330078125
4,0.49166666666666492,-0.5712890625,0.3056640625,10.37945556640625
4,0.49999999999999822,-0.5782470703125,0.2681884765625,10.52227783203125
7,0.0083333333333334147,0.16851806640625,1.33404541015625,0.83892822265625
7,0.016666666666666718,0.16412353515625,1.3404541015625,1.055419921875
7,0.025000000000000022,0.1597900390625,1.34686279296875,1.27197265625
7,0.033333333333333326,0.1553955078125,1.353271484375,1.48846435546875
6,0.17499999999999938,-0.06805419921875,1.14599609375,4.93475341796875
6,0.18333333333333268,-0.0667724609375,1.1312255859375,5.08917236328125
6,0.19166666666666599,-0.06549072265625,1.11602783203125,5.23895263671875
6,0.19999999999999929,-0.0643310546875,1.10028076171875,5.3841552734375
5,0.34166666666666556,-0.05419921875,1.0460205078125,7.6597900390625
5,0.34999999999999887,-0.058837890625,1.0250244140625,7.802734375
5,0.35833333333333217,-0.06341552734375,1.00335693359375,7.94561767578125
5,0.36666666666666548,-0.06805419921875,0.98101806640625,8.08856201171875
4,0.50833333333333153,-0.58526611328125,0.2301025390625,10.66510009765625
4,0.51666666666666483,-0.59222412109375,0.1912841796875,10.80792236328125
4,0.52499999999999813,-0.59918212890625,0.1517333984375,10.95068359375
4,0.53333333333333144,-0.606201171875,0.111572265625,11.093505859375
7,0.04166666666666663,0.15106201171875,1.35968017578125,1.70501708984375
7,0.049999999999999933,0.14666748046875,1.3660888671875,1.92156982421875
7,0.058333333333333237,0.142333984375,1.37249755859375,2.1380615234375
7,0.066666666666666541,0.137939453125,1.37890625,2.3546142578125
6,0.20833333333333259,-0.06317138671875,1.08392333984375,5.527099609375
6,0.2166666666666659,-0.06195068359375,1.06689453125,5.66998291015625
6,0.2249999999999992,-0.060791015625,1.04913330078125,5.8128662109375
6,0.2333333333333325,-0.05963134765625,1.03082275390625,5.955810546875
5,0.37499999999999878,-0.07269287109375,0.9580078125,8.2314453125
5,0.38333333333333208,-0.0772705078125,0.93426513671875,8.3743896484375
5,0.39166666666666539,-0.0819091796875,0.90985107421875,8.51727294921875
5,0.39999999999999869,-0.08648681640625,0.88482666015625,8.66021728515625
4,0.54166666666666474,-0.6131591796875,0.0706787109375,11.236328125
4,0.549999999999998,-0.6201171875,0.0291748046875,11.379150390625
4,0.550822479213199,-0.62078857421875,0,11.39324951171875
7,0.074999999999999845,0.13360595703125,1.38482666015625,2.56884765625
7,0.083333333333333148,0.12939453125,1.39007568359375,2.7784423828125
7,0.091666666666666452,0.125244140625,1.3944091796875,2.98345947265625
7,0.099999999999999756,0.1212158203125,1.39801025390625,3.18389892578125
6,0.24166666666666581,-0.0584716796875,1.01171875,6.09869384765625
6,0.24999999999999911,-0.0572509765625,0.99200439453125,6.2415771484375
6,0.25833333333333242,-0.05609130859375,0.9715576171875,6.384521484375
6,0.26666666666666572,-0.054931640625,0.950439453125,6.52740478515625
5,0.408333333333332,-0.09112548828125,0.8590087890625,8.8031005859375
5,0.4166666666666653,-0.095703125,0.8326416015625,8.946044921875
5,0.4249999999999986,-0.100341796875,0.80548095703125,9.0889892578125
5,0.4333333333333319,-0.10491943359375,0.7777099609375,9.23187255859375
7,0.10833333333333306,0.1173095703125,1.40069580078125,3.37969970703125
7,0.11666666666666636,0.1134033203125,1.402587890625,3.5709228515625
7,0.12499999999999967,0.10968017578125,1.40374755859375,3.757568359375
7,0.13333333333333297,0.10601806640625,1.40399169921875,3.9395751953125
6,0.274999999999999,-0.05377197265625,0.92864990234375,6.6702880859375
6,0.28333333333333233,-0.05255126953125,0.90618896484375,6.813232421875
6,0.29166666666666563,-0.0513916015625,0.883056640625,6.95611572265625
6,0.29999999999999893,-0.05023193359375,0.85919189453125,7.0989990234375
5,0.44166666666666521,-0.10955810546875,0.74920654296875,9.37481689453125
5,0.44999999999999851,-0.11419677734375,0.72003173828125,9.5177001953125
5,0.45833333333333182,-0.1187744140625,0.69024658203125,9.66064453125
5,0.46666666666666512,-0.1234130859375,0.65966796875,9.80352783203125
8,0,-0.10223388671875,1.35235595703125,0.776611328125
7,0.14166666666666627,0.1024169921875,1.4034423828125,4.11700439453125
7,0.14999999999999958,0.09893798828125,1.402099609375,4.289794921875
7,0.15833333333333288,0.0955810546875,1.39990234375,4.4580078125
7,0.16666666666666619,0.09228515625,1.39691162109375,4.62164306640625
6,0.30833333333333224,-0.049072265625,0.83465576171875,7.241943359375
6,0.31666666666666554,-0.0478515625,0.8094482421875,7.38482666015625
6,0.32499999999999885,-0.04669189453125,0.7835693359375,7.5277099609375
6,0.33333333333333215,-0.0455322265625,0.75701904296875,7.670654296875
5,0.47499999999999842,-0.12799072265625,0.62847900390625,9.94647216796875
5,0.48333333333333173,-0.13262939453125,0.59661865234375,10.08935546875
5,0.49166666666666503,-0.13720703125,0.56402587890625,10.2322998046875
5,0.49999999999999833,-0.141845703125,0.53082275390625,10.37518310546875
8,0.0083333333333333037,-0.09893798828125,1.352294921875,0.99322509765625
8,0.016666666666666607,-0.09564208984375,1.35223388671875,1.20989990234375
8,0.024999999999999911,-0.09234619140625,1.3521728515625,1.426513671875
8,0.033333333333333215,-0.08905029296875,1.35211181640625,1.6431884765625
7,0.17499999999999949,0.08905029296875,1.3931884765625,4.7806396484375
7,0.18333333333333279,0.0859375,1.38848876953125,4.93505859375
7,0.1916666666666661,0.08294677734375,1.38311767578125,5.08489990234375
7,0.1999999999999994,0.08001708984375,1.3768310546875,5.2301025390625
6,0.34166666666666545,-0.0443115234375,0.7298583984375,7.81353759765625
6,0.34999999999999876,-0.04315185546875,0.701904296875,7.9564208984375
6,0.35833333333333206,-0.0419921875,0.67327880859375,8.099365234375
6,0.36666666666666536,-0.04083251953125,0.64404296875,8.24224853515625
5,0.50833333333333164,-0.14642333984375,0.49688720703125,10.51812744140625
5,0.51666666666666494,-0.15106201171875,0.4622802734375,10.6610107421875
5,0.52499999999999825,-0.15570068359375,0.427001953125,10.803955078125
5,0.53333333333333155,-0.1602783203125,0.3909912109375,10.94683837890625
8,0.041666666666666519,-0.08575439453125,1.35211181640625,1.85980224609375
8,0.049999999999999822,-0.08245849609375,1.35205078125,2.07647705078125
8,0.058333333333333126,-0.07916259765625,1.35198974609375,2.2930908203125
8,0.06666666666666643,-0.07586669921875,1.3519287109375,2.509765625
7,0.2083333333333327,0.0771484375,1.369873046875,5.37298583984375
7,0.216666666666666,0.07421875,1.3621826171875,5.51593017578125
7,0.22499999999999931,0.07135009765625,1.353759765625,5.6588134765625
7,0.23333333333333262,0.0684814453125,1.3447265625,5.80169677734375
6,0.37499999999999867,-0.03961181640625,0.61407470703125,8.3851318359375
6,0.38333333333333197,-0.0384521484375,0.58343505859375,8.528076171875
6,0.39166666666666528,-0.03729248046875,0.5521240234375,8.67095947265625
6,0.39999999999999858,-0.0361328125,0.5201416015625,8.8138427734375
5,0.54166666666666485,-0.1649169921875,0.3543701171875,11.08978271484375
5,0.54999999999999816,-0.16949462890625,0.3170166015625,11.232666015625
5,0.55833333333333146,-0.17413330078125,0.279052734375,11.3756103515625
5,0.56666666666666476,-0.1787109375,0.24041748046875,11.51849365234375
8,0.074999999999999734,-0.0726318359375,1.35150146484375,2.72406005859375
8,0.083333333333333037,-0.06939697265625,1.3504638671875,2.933837890625
8,0.091666666666666341,-0.0662841796875,1.34869384765625,3.13897705078125
8,0.099999999999999645,-0.063232421875,1.34625244140625,3.3394775390625
7,0.24166666666666592,0.06561279296875,1.33502197265625,5.94464111328125
7,0.24999999999999922,0.062744140625,1.32464599609375,6.0875244140625
7,0.25833333333333253,0.059814453125,1.31353759765625,6.23046875
7,0.26666666666666583,0.05694580078125,1.3017578125,6.37335205078125
6,0.40833333333333188,-0.034912109375,0.4874267578125,8.956787109375
6,0.41666666666666519,-0.03375244140625,0.4541015625,9.09967041015625
6,0.42499999999999849,-0.0325927734375,0.4200439453125,9.2425537109375
6,0.43333333333333179,-0.03143310546875,0.38531494140625,9.385498046875
5,0.57499999999999807,-0.183349609375,0.20098876953125,11.66143798828125
5,0.58333333333333137,-0.18792724609375,0.16094970703125,11.8043212890625
5,0.59166666666666468,-0.19256591796875,0.12017822265625,11.947265625
5,0.599999999999998,-0.19720458984375,0.07879638671875,12.09014892578125
8,0.10833333333333295,-0.060302734375,1.34320068359375,3.535400390625
8,0.11666666666666625,-0.057373046875,1.33935546875,3.72674560546875
8,0.12499999999999956,-0.05450439453125,1.33489990234375,3.9134521484375
8,0.13333333333333286,-0.0517578125,1.3297119140625,4.0955810546875
7,0.27499999999999913,0.0540771484375,1.28936767578125,6.51629638671875
7,0.28333333333333244,0.05120849609375,1.27618408203125,6.6591796875
7,0.29166666666666574,0.04833984375,1.26239013671875,6.80206298828125
7,0.29999999999999905,0.04541015625,1.2479248046875,6.94500732421875
6,0.4416666666666651,-0.03021240234375,0.34991455078125,9.52838134765625
6,0.4499999999999984,-0.029052734375,0.3138427734375,9.6712646484375
6,0.45833333333333171,-0.02789306640625,0.277099609375,9.814208984375
6,0.466666666666665,-0.0267333984375,0.2396240234375,9.95709228515625
5,0.60833333333333128,-0.2017822265625,0.0367431640625,12.23309326171875
5,0.6106181644247749,-0.20306396484375,0,12.27227783203125
9,0,0.1728515625,1.32763671875,0.62237548828125
8,0.14166666666666616,-0.049072265625,1.32391357421875,4.2730712890625
8,0.14999999999999947,-0.04644775390625,1.3173828125,4.44598388671875
8,0.15833333333333277,-0.04388427734375,1.3101806640625,4.6142578125
8,0.16666666666666607,-0.0413818359375,1.3023681640625,4.7779541015625
7,0.30833333333333235,0.04254150390625,1.23272705078125,7.087890625
7,0.31666666666666565,0.0396728515625,1.21685791015625,7.2308349609375
7,0.32499999999999896,0.03680419921875,1.2003173828125,7.37371826171875
7,0.33333333333333226,0.033935546875,1.18316650390625,7.5166015625
6,0.47499999999999831,-0.0255126953125,0.20147705078125,10.0999755859375
6,0.48333333333333162,-0.02435302734375,0.16265869140625,10.242919921875
6,0.49166666666666492,-0.023193359375,0.12322998046875,10.38580322265625
6,0.49999999999999822,-0.02197265625,0.08306884765625,10.5286865234375
9,0.0083333333333333037,0.1822509765625,1.3272705078125,0.8388671875
9,0.016666666666666607,0.19171142578125,1.326904296875,1.0552978515625
9,0.024999999999999911,0.20111083984375,1.3265380859375,1.27178955078125
9,0.033333333333333215,0.21051025390625,1.326171875,1.48822021484375
8,0.17499999999999938,-0.0389404296875,1.2938232421875,4.93707275390625
8,0.18333333333333268,-0.03662109375,1.2845458984375,5.091552734375
8,0.19166666666666599,-0.0343017578125,1.27471923828125,5.241455078125
8,0.19999999999999929,-0.0321044921875,1.26409912109375,5.38671875
7,0.34166666666666556,0.03106689453125,1.165283203125,7.6595458984375
7,0.34999999999999887,0.02813720703125,1.14666748046875,7.80242919921875
7,0.35833333333333217,0.0252685546875,1.12738037109375,7.94537353515625
7,0.36666666666666548,0.02239990234375,1.1075439453125,8.0882568359375
6,0.50833333333333153,-0.02081298828125,0.042236328125,10.671630859375
6,0.51178658796956544,-0.02032470703125,0,10.7308349609375
9,0.041666666666666519,0.219970703125,1.32574462890625,1.7047119140625
9,0.049999999999999822,0.2293701171875,1.32537841796875,1.921142578125
9,0.058333333333333126,0.23876953125,1.32501220703125,2.13763427734375
9,0.06666666666666643,0.24822998046875,1.32464599609375,2.35406494140625
8,0.20833333333333259,-0.02996826171875,1.2528076171875,5.52972412109375
8,0.2166666666666659,-0.02777099609375,1.24090576171875,5.6727294921875
8,0.2249999999999992,-0.02557373046875,1.22821044921875,5.815673828125
8,0.2333333333333325,-0.0234375,1.2149658203125,5.95867919921875
7,0.37499999999999878,0.01953125,1.0869140625,8.23114013671875
7,0.38333333333333208,0.01666259765625,1.06561279296875,8.37408447265625
7,0.39166666666666539,0.01373291015625,1.0435791015625,8.5169677734375
7,0.39999999999999869,0.0108642578125,1.02099609375,8.659912109375
9,0.074999999999999734,0.25750732421875,1.32391357421875,2.5682373046875
9,0.083333333333333037,0.26666259765625,1.32257080078125,2.77777099609375
9,0.091666666666666341,0.27557373046875,1.32049560546875,2.98272705078125
9,0.099999999999999645,0.2843017578125,1.31781005859375,3.18310546875
8,0.24166666666666581,-0.021240234375,1.200927734375,6.1016845703125
8,0.24999999999999911,-0.01904296875,1.186279296875,6.24462890625
8,0.25833333333333242,-0.01690673828125,1.17095947265625,6.38763427734375
8,0.26666666666666572,-0.01470947265625,1.1549072265625,6.5306396484375
7,0.408333333333332,0.00799560546875,0.99761962890625,8.80279541015625
7,0.4166666666666653,0.005126953125,0.9736328125,8.94573974609375
7,0.4249999999999986,0.00225830078125,0.948974609375,9.088623046875
7,0.4333333333333319,-0.0006103515625,0.923583984375,9.23150634765625
9,0.10833333333333295,0.29278564453125,1.31439208984375,3.37890625
9,0.11666666666666625,0.3011474609375,1.310302734375,3.570068359375
9,0.12499999999999956,0.30926513671875,1.30560302734375,3.756591796875
9,0.13333333333333286,0.31719970703125,1.3001708984375,3.93853759765625
8,0.274999999999999,-0.0125732421875,1.13824462890625,6.673583984375
8,0.28333333333333233,-0.0103759765625,1.12078857421875,6.81658935546875
8,0.29166666666666563,-0.0081787109375,1.102783203125,6.95953369140625
8,0.29999999999999893,-0.00604248046875,1.083984375,7.1025390625
7,0.44166666666666521,-0.0035400390625,0.8974609375,9.37445068359375
7,0.44999999999999851,-0.00640869140625,0.8707275390625,9.517333984375
7,0.45833333333333182,-0.00927734375,0.8433837890625,9.6602783203125
7,0.46666666666666512,-0.01214599609375,0.81524658203125,9.80316162109375
10,0,-0.10223388671875,1.35235595703125,0.776611328125
9,0.14166666666666616,0.32489013671875,1.2940673828125,4.11590576171875
9,0.14999999999999947,0.3323974609375,1.28729248046875,4.2886962890625
9,0.15833333333333277,0.3397216796875,1.27984619140625,4.45684814453125
9,0.16666666666666607,0.34686279296875,1.271728515625,4.62042236328125
8,0.30833333333333224,-0.00384521484375,1.06451416015625,7.24554443359375
8,0.31666666666666554,-0.00164794921875,1.04443359375,7.38848876953125
8,0.32499999999999885,0.00048828125,1.02362060546875,7.531494140625
8,0.33333333333333215,0.002685546875,1.002197265625,7.67449951171875
7,0.47499999999999842,-0.0150146484375,0.78643798828125,9.946044921875
7,0.48333333333333173,-0.0179443359375,0.7569580078125,10.0889892578125
7,0.49166666666666503,-0.02081298828125,0.72686767578125,10.23187255859375
7,0.49999999999999833,-0.023681640625,0.696044921875,10.37481689453125
10,0.0083333333333333037,-0.0946044921875,1.3431396484375,0.992919921875
10,0.016666666666666607,-0.0869140625,1.33392333984375,1.20928955078125
10,0.024999999999999911,-0.07928466796875,1.32470703125,1.42559814453125
10,0.033333333333333215,-0.07159423828125,1.3154296875,1.6419677734375
9,0.17499999999999938,0.353759765625,1.26300048828125,4.77935791015625
9,0.18333333333333268,0.3604736328125,1.25347900390625,4.93377685546875
9,0.19166666666666599,0.36700439453125,1.243408203125,5.08349609375
9,0.19999999999999929,0.373291015625,1.23260498046875,5.22869873046875
8,0.34166666666666545,0.0048828125,0.98004150390625,7.81744384765625
8,0.34999999999999876,0.00701904296875,0.9571533203125,7.96044921875
8,0.35833333333333206,0.00921630859375,0.93365478515625,8.10345458984375
8,0.36666666666666536,0.0113525390625,0.90948486328125,8.24639892578125
7,0.50833333333333164,-0.02655029296875,0.66455078125,10.5177001953125
7,0.51666666666666494,-0.0294189453125,0.63232421875,10.66058349609375
7,0.52499999999999825,-0.03228759765625,0.5994873046875,10.80352783203125
7,0.53333333333333155,-0.03521728515625,0.56591796875,10.9464111328125
10,0.041666666666666519,-0.06396484375,1.30621337890625,1.8582763671875
10,0.049999999999999822,-0.0562744140625,1.2969970703125,2.07464599609375
10,0.058333333333333126,-0.04864501953125,1.28778076171875,2.29095458984375
10,0.06666666666666643,-0.04095458984375,1.278564453125,2.50726318359375
9,0.20833333333333259,0.3795166015625,1.22113037109375,5.37152099609375
9,0.2166666666666659,0.3857421875,1.208984375,5.514404296875
9,0.2249999999999992,0.3919677734375,1.19610595703125,5.65728759765625
9,0.2333333333333325,0.398193359375,1.1826171875,5.80010986328125
8,0.37499999999999867,0.0135498046875,0.8846435546875,8.389404296875
8,0.38333333333333197,0.0157470703125,0.85906982421875,8.53240966796875
8,0.39166666666666528,0.01788330078125,0.832763671875,8.67535400390625
8,0.39999999999999858,0.02008056640625,0.805908203125,8.818359375
7,0.54166666666666485,-0.0380859375,0.53167724609375,11.08935546875
7,0.54999999999999816,-0.04095458984375,0.496826171875,11.23223876953125
7,0.55833333333333146,-0.0438232421875,0.46124267578125,11.37518310546875
7,0.56666666666666476,-0.04669189453125,0.42498779296875,11.51806640625
10,0.074999999999999734,-0.03338623046875,1.26904296875,2.7213134765625
10,0.083333333333333037,-0.0260009765625,1.2591552734375,2.9307861328125
10,0.091666666666666341,-0.01873779296875,1.24871826171875,3.1356201171875
10,0.099999999999999645,-0.01165771484375,1.23779296875,3.33587646484375
9,0.24166666666666581,0.4044189453125,1.16839599609375,5.9429931640625
9,0.24999999999999911,0.41064453125,1.153564453125,6.08587646484375
9,0.25833333333333242,0.41680908203125,1.13800048828125,6.22869873046875
9,0.26666666666666572,0.42303466796875,1.12176513671875,6.37158203125
8,0.40833333333333188,0.02227783203125,0.77825927734375,8.9613037109375
8,0.41666666666666519,0.0244140625,0.75006103515625,9.10430908203125
8,0.42499999999999849,0.026611328125,0.7210693359375,9.247314453125
8,0.43333333333333179,0.02874755859375,0.69140625,9.3902587890625
7,0.57499999999999807,-0.04962158203125,0.38800048828125,11.66094970703125
7,0.58333333333333137,-0.052490234375,0.35040283203125,11.80389404296875
7,0.59166666666666468,-0.05535888671875,0.31207275390625,11.94677734375
7,0.599999999999998,-0.0582275390625,0.2730712890625,12.0897216796875
10,0.10833333333333295,-0.00469970703125,1.22637939453125,3.531494140625
10,0.11666666666666625,0.0020751953125,1.2144775390625,3.7225341796875
10,0.12499999999999956,0.0086669921875,1.20208740234375,3.90899658203125
10,0.13333333333333286,0.01507568359375,1.189208984375,4.09088134765625
9,0.274999999999999,0.42926025390625,1.1048583984375,6.51446533203125
9,0.28333333333333233,0.43548583984375,1.08721923828125,6.6573486328125
9,0.29166666666666563,0.44171142578125,1.0689697265625,6.8001708984375
9,0.29999999999999893,0.44793701171875,1.04998779296875,6.94305419921875
8,0.4416666666666651,0.03094482421875,0.66107177734375,9.53326416015625
8,0.4499999999999984,0.03314208984375,0.63006591796875,9.67626953125
8,0.45833333333333171,0.0352783203125,0.59844970703125,9.8192138671875
8,0.466666666666665,0.0374755859375,0.5660400390625,9.96221923828125
7,0.60833333333333128,-0.06109619140625,0.2333984375,12.23260498046875
7,0.61666666666666459,-0.06396484375,0.193115234375,12.37548828125
7,0.62499999999999789,-0.06689453125,0.15203857421875,12.5184326171875
7,0.63333333333333119,-0.06976318359375,0.1103515625,12.66131591796875
11,0,0.1728515625,1.32763671875,0.62237548828125
10,0.14166666666666616,0.0213623046875,1.17584228515625,4.26812744140625
10,0.14999999999999947,0.0274658203125,1.16204833984375,4.4407958984375
10,0.15833333333333277,0.033447265625,1.147705078125,4.60882568359375
10,0.16666666666666607,0.0391845703125,1.1329345703125,4.7723388671875
9,0.30833333333333224,0.45416259765625,1.03033447265625,7.0859375
9,0.31666666666666554,0.46038818359375,1.010009765625,7.228759765625
9,0.32499999999999885,0.466552734375,0.989013671875,7.37164306640625
9,0.33333333333333215,0.4727783203125,0.96734619140625,7.5145263671875
8,0.47499999999999831,0.0396728515625,0.53302001953125,10.105224609375
8,0.48333333333333162,0.04180908203125,0.499267578125,10.2481689453125
8,0.49166666666666492,0.04400634765625,0.46484375,10.39117431640625
8,0.49999999999999822,0.046142578125,0.4298095703125,10.5341796875
7,0.6416666666666645,-0.0726318359375,0.06793212890625,12.80426025390625
7,0.64997872397355683,-0.07550048828125,0,12.94677734375
11,0.0083333333333333037,0.1776123046875,1.3218994140625,0.83892822265625
11,0.016666666666666607,0.18231201171875,1.316162109375,1.05548095703125
11,0.024999999999999911,0.18707275390625,1.31036376953125,1.27197265625
11,0.033333333333333215,0.1917724609375,1.30462646484375,1.488525390625
10,0.17499999999999938,0.04486083984375,1.11767578125,4.93115234375
10,0.18333333333333268,0.05029296875,1.10186767578125,5.08544921875
10,0.19166666666666599,0.05560302734375,1.085693359375,5.235107421875
10,0.19999999999999929,0.06072998046875,1.06890869140625,5.38018798828125
9,0.34166666666666545,0.47900390625,0.94500732421875,7.6573486328125
9,0.34999999999999876,0.4852294921875,0.92193603515625,7.80023193359375
9,0.35833333333333206,0.491455078125,0.898193359375,7.943115234375
9,0.36666666666666536,0.4976806640625,0.87384033203125,8.0859375
8,0.50833333333333153,0.04833984375,0.39404296875,10.6771240234375
8,0.51666666666666483,0.050537109375,0.35760498046875,10.82012939453125
8,0.52499999999999813,0.05267333984375,0.3204345703125,10.96307373046875
8,0.53333333333333144,0.05487060546875,0.2825927734375,11.1060791015625
11,0.041666666666666519,0.196533203125,1.29888916015625,1.705078125
11,0.049999999999999822,0.20123291015625,1.29315185546875,1.921630859375
11,0.058333333333333126,0.20599365234375,1.287353515625,2.13812255859375
11,0.06666666666666643,0.210693359375,1.2816162109375,2.35467529296875
10,0.20833333333333259,0.0657958984375,1.0516357421875,5.52301025390625
10,0.2166666666666659,0.07086181640625,1.03363037109375,5.665771484375
10,0.2249999999999992,0.07586669921875,1.014892578125,5.80853271484375
10,0.2333333333333325,0.0809326171875,0.99554443359375,5.95135498046875
9,0.37499999999999867,0.50390625,0.8487548828125,8.22882080078125
9,0.38333333333333197,0.51007080078125,0.822998046875,8.3717041015625
9,0.39166666666666528,0.51629638671875,0.7965087890625,8.51458740234375
9,0.39999999999999858,0.52252197265625,0.7694091796875,8.65740966796875
8,0.54166666666666474,0.05706787109375,0.244140625,11.24908447265625
8,0.549999999999998,0.0592041015625,0.2049560546875,11.39202880859375
8,0.55833333333333135,0.0614013671875,0.1651611328125,11.5350341796875
8,0.56666666666666465,0.0635986328125,0.1246337890625,11.67803955078125
11,0.074999999999999734,0.21539306640625,1.27557373046875,2.56890869140625
11,0.083333333333333037,0.219970703125,1.26904296875,2.778564453125
11,0.091666666666666341,0.22442626953125,1.2618408203125,2.98358154296875
11,0.099999999999999645,0.22882080078125,1.254150390625,3.18402099609375
10,0.24166666666666581,0.08599853515625,0.97552490234375,6.0941162109375
10,0.24999999999999911,0.091064453125,0.954833984375,6.23687744140625
10,0.25833333333333242,0.09613037109375,0.93341064453125,6.37969970703125
10,0.26666666666666572,0.1011962890625,0.91131591796875,6.5224609375
9,0.40833333333333188,0.52874755859375,0.74151611328125,8.80029296875
9,0.41666666666666519,0.53497314453125,0.71307373046875,8.94317626953125
9,0.42499999999999849,0.54119873046875,0.68389892578125,9.08599853515625
9,0.43333333333333179,0.54742431640625,0.654052734375,9.2288818359375
8,0.574999999999998,0.06573486328125,0.0833740234375,11.82098388671875
8,0.58333333333333126,0.06793212890625,0.04150390625,11.9639892578125
8,0.58655921668082367,0.06878662109375,0,12.01934814453125
11,0.10833333333333295,0.23309326171875,1.24591064453125,3.3798828125
11,0.11666666666666625,0.2373046875,1.237060546875,3.57110595703125
11,0.12499999999999956,0.24139404296875,1.2276611328125,3.7576904296875
11,0.13333333333333286,0.245361328125,1.21771240234375,3.93975830078125
10,0.274999999999999,0.106201171875,0.8885498046875,6.66522216796875
10,0.28333333333333233,0.11126708984375,0.8651123046875,6.80804443359375
10,0.29166666666666563,0.1163330078125,0.84100341796875,6.9508056640625
10,0.29999999999999893,0.12139892578125,0.816162109375,7.09356689453125
9,0.4416666666666651,0.55364990234375,0.62347412109375,9.37176513671875
9,0.4499999999999984,0.559814453125,0.59228515625,9.51458740234375
9,0.45833333333333171,0.5660400390625,0.5604248046875,9.657470703125
9,0.466666666666665,0.572265625,0.52783203125,9.80035400390625
12,0,-0.10223388671875,1.35235595703125,0.776611328125
11,0.14166666666666616,0.24920654296875,1.20721435546875,4.1171875
11,0.14999999999999947,0.25299072265625,1.1961669921875,4.28997802734375
11,0.15833333333333277,0.2567138671875,1.1845703125,4.458251953125
11,0.16666666666666607,0.26025390625,1.17236328125,4.621826171875
10,0.30833333333333224,0.12646484375,0.7906494140625,7.23638916015625
10,0.31666666666666554,0.1314697265625,0.7645263671875,7.379150390625
10,0.32499999999999885,0.13653564453125,0.7376708984375,7.52191162109375
10,0.33333333333333215,0.1416015625,0.71014404296875,7.66473388671875
9,0.47499999999999831,0.5784912109375,0.49456787109375,9.94317626953125
9,0.48333333333333162,0.584716796875,0.46063232421875,10.0860595703125
9,0.49166666666666492,0.5909423828125,0.426025390625,10.22894287109375
9,0.49999999999999822,0.59716796875,0.3907470703125,10.371826171875
12,0.0083333333333333037,-0.1077880859375,1.34393310546875,0.9930419921875
12,0.016666666666666607,-0.11328125,1.33551025390625,1.20947265625
12,0.024999999999999911,-0.11883544921875,1.32708740234375,1.4259033203125
12,0.033333333333333215,-0.12432861328125,1.31866455078125,1.642333984375
11,0.17499999999999938,0.26373291015625,1.15966796875,4.7808837890625
11,0.18333333333333268,0.26708984375,1.1463623046875,4.935302734375
11,0.19166666666666599,0.2703857421875,1.132568359375,5.0850830078125
11,0.19999999999999929,0.2735595703125,1.11810302734375,5.2303466796875
10,0.34166666666666545,0.14666748046875,0.68194580078125,7.8074951171875
10,0.34999999999999876,0.1517333984375,0.653076171875,7.95025634765625
10,0.35833333333333206,0.15673828125,0.62347412109375,8.09307861328125
10,0.36666666666666536,0.16180419921875,0.59326171875,8.23583984375
9,0.50833333333333153,0.60333251953125,0.35479736328125,10.5146484375
9,0.51666666666666483,0.60955810546875,0.318115234375,10.65753173828125
9,0.52499999999999813,0.61578369140625,0.28076171875,10.8004150390625
9,0.53333333333333144,0.62200927734375,0.24273681640625,10.9432373046875
12,0.041666666666666519,-0.1298828125,1.31024169921875,1.8587646484375
12,0.049999999999999822,-0.1353759765625,1.30181884765625,2.0751953125
12,0.058333333333333126,-0.14093017578125,1.29339599609375,2.2916259765625
12,0.06666666666666643,-0.14642333984375,1.28497314453125,2.508056640625
11,0.20833333333333259,0.27667236328125,1.10308837890625,5.37322998046875
11,0.2166666666666659,0.27978515625,1.08740234375,5.51617431640625
11,0.2249999999999992,0.28289794921875,1.07098388671875,5.6590576171875
11,0.2333333333333325,0.28607177734375,1.053955078125,5.802001953125
10,0.37499999999999867,0.1668701171875,0.56231689453125,8.37860107421875
10,0.38333333333333197,0.17193603515625,0.53076171875,8.5213623046875
10,0.39166666666666528,0.177001953125,0.4984130859375,8.6641845703125
10,0.39999999999999858,0.1820068359375,0.4654541015625,8.80694580078125
9,0.54166666666666474,0.62823486328125,0.20404052734375,11.08612060546875
9,0.549999999999998,0.63446044921875,0.1646728515625,11.22900390625
9,0.55833333333333135,0.64068603515625,0.1246337890625,11.371826171875
9,0.56666666666666465,0.64691162109375,0.08392333984375,11.51470947265625
12,0.074999999999999734,-0.15191650390625,1.27630615234375,2.72222900390625
12,0.083333333333333037,-0.1572265625,1.26715087890625,2.9317626953125
12,0.091666666666666341,-0.1624755859375,1.25750732421875,3.13665771484375
12,0.099999999999999645,-0.1676025390625,1.247314453125,3.3370361328125
11,0.24166666666666581,0.2891845703125,1.0361328125,5.94488525390625
11,0.24999999999999911,0.29229736328125,1.01776123046875,6.08782958984375
11,0.25833333333333242,0.29541015625,0.9986572265625,6.230712890625
11,0.26666666666666572,0.29852294921875,0.9788818359375,6.3736572265625
10,0.40833333333333188,0.18707275390625,0.4317626953125,8.94970703125
10,0.41666666666666519,0.192138671875,0.3974609375,9.092529296875
10,0.42499999999999849,0.19720458984375,0.36248779296875,9.23529052734375
10,0.43333333333333179,0.2022705078125,0.3267822265625,9.3780517578125
9,0.574999999999998,0.653076171875,0.04248046875,11.6575927734375
9,0.57845652160327754,0.6556396484375,0,11.71685791015625
12,0.10833333333333295,-0.172607421875,1.23663330078125,3.53271484375
12,0.11666666666666625,-0.17742919921875,1.22540283203125,3.723876953125
12,0.12499999999999956,-0.18218994140625,1.2137451171875,3.910400390625
12,0.13333333333333286,-0.1868896484375,1.2015380859375,4.09234619140625
11,0.274999999999999,0.30169677734375,0.95843505859375,6.51654052734375
11,0.28333333333333233,0.3048095703125,0.93719482421875,6.65948486328125
11,0.29166666666666563,0.30792236328125,0.9154052734375,6.8023681640625
11,0.29999999999999893,0.31103515625,0.89288330078125,6.9453125
10,0.4416666666666651,0.20733642578125,0.29034423828125,9.5208740234375
10,0.4499999999999984,0.21234130859375,0.2532958984375,9.66363525390625
10,0.45833333333333171,0.2174072265625,0.21563720703125,9.806396484375
10,0.466666666666665,0.22247314453125,0.17718505859375,9.94921875
13,0,0.1728515625,1.32763671875,0.62237548828125
12,0.14166666666666616,-0.19140625,1.1888427734375,4.26971435546875
12,0.14999999999999947,-0.19580078125,1.1756591796875,4.44244384765625
12,0.15833333333333277,-0.2000732421875,1.1619873046875,4.610595703125
12,0.16666666666666607,-0.20428466796875,1.1478271484375,4.77410888671875
11,0.30833333333333224,0.31414794921875,0.86968994140625,7.08819580078125
11,0.31666666666666554,0.3172607421875,0.8458251953125,7.23114013671875
11,0.32499999999999885,0.3204345703125,0.82122802734375,7.3740234375
11,0.33333333333333215,0.32354736328125,0.7960205078125,7.5169677734375
10,0.47499999999999831,0.2275390625,0.1380615234375,10.09197998046875
10,0.48333333333333162,0.23260498046875,0.0982666015625,10.2347412109375
10,0.49166666666666492,0.23760986328125,0.057861328125,10.3775634765625
10,0.49832096903091988,0.24163818359375,0,10.4915771484375
13,0.0083333333333333037,0.1717529296875,1.32244873046875,0.8389892578125
13,0.016666666666666607,0.17059326171875,1.3172607421875,1.05560302734375
13,0.024999999999999911,0.16949462890625,1.31201171875,1.27215576171875
13,0.033333333333333215,0.1683349609375,1.30682373046875,1.48876953125
12,0.17499999999999938,-0.20831298828125,1.1331787109375,4.93304443359375
12,0.18333333333333268,-0.2122802734375,1.117919921875,5.08740234375
12,0.19166666666666599,-0.216064453125,1.102294921875,5.23712158203125
12,0.19999999999999929,-0.21978759765625,1.0860595703125,5.38232421875
11,0.34166666666666567,0.32666015625,0.7701416015625,7.65985107421875
11,0.349999999999999,0.32977294921875,0.7435302734375,7.80279541015625
11,0.35833333333333228,0.3328857421875,0.71624755859375,7.94573974609375
11,0.36666666666666559,0.33599853515625,0.68829345703125,8.088623046875
13,0.041666666666666519,0.167236328125,1.3016357421875,1.70538330078125
13,0.049999999999999822,0.1661376953125,1.29644775390625,1.9219970703125
13,0.058333333333333126,0.16497802734375,1.29119873046875,2.13861083984375
13,0.06666666666666643,0.16387939453125,1.2860107421875,2.35516357421875
12,0.20833333333333259,-0.22344970703125,1.06927490234375,5.525146484375
12,0.2166666666666659,-0.22705078125,1.05181884765625,5.66796875
12,0.2249999999999992,-0.230712890625,1.03363037109375,5.81085205078125
12,0.2333333333333325,-0.234375,1.01483154296875,5.95367431640625
11,0.37499999999999889,0.33917236328125,0.65966796875,8.2315673828125
11,0.38333333333333219,0.34228515625,0.63037109375,8.37445068359375
11,0.3916666666666655,0.34539794921875,0.600341796875,8.51739501953125
11,0.3999999999999988,0.3485107421875,0.5697021484375,8.6602783203125
13,0.074999999999999734,0.16278076171875,1.280517578125,2.5694580078125
13,0.083333333333333037,0.16168212890625,1.27447509765625,2.7791748046875
13,0.091666666666666341,0.16058349609375,1.26788330078125,2.9842529296875
13,0.099999999999999645,0.1595458984375,1.26068115234375,3.18475341796875
12,0.24166666666666581,-0.238037109375,0.99530029296875,6.09649658203125
12,0.24999999999999911,-0.24163818359375,0.97515869140625,6.2393798828125
12,0.25833333333333242,-0.24530029296875,0.95428466796875,6.3822021484375
12,0.26666666666666572,-0.24896240234375,0.9327392578125,6.52508544921875
11,0.4083333333333321,0.35162353515625,0.53826904296875,8.80322265625
11,0.41666666666666541,0.35479736328125,0.50628662109375,8.94610595703125
11,0.42499999999999871,0.35791015625,0.47357177734375,9.08905029296875
11,0.433333333333332,0.36102294921875,0.440185546875,9.23193359375
13,0.10833333333333295,0.1585693359375,1.2529296875,3.38067626953125
13,0.11666666666666625,0.1575927734375,1.2445068359375,3.57196044921875
13,0.12499999999999956,0.1566162109375,1.23565673828125,3.75860595703125
13,0.13333333333333286,0.1556396484375,1.22613525390625,3.94073486328125
12,0.274999999999999,-0.25262451171875,0.9105224609375,6.66790771484375
12,0.28333333333333233,-0.2562255859375,0.8875732421875,6.81072998046875
12,0.29166666666666563,-0.2598876953125,0.864013671875,6.95361328125
12,0.29999999999999893,-0.2635498046875,0.8397216796875,7.096435546875
11,0.44166666666666532,0.3641357421875,0.40606689453125,9.3748779296875
11,0.44999999999999862,0.36724853515625,0.37127685546875,9.51776123046875
11,0.45833333333333193,0.370361328125,0.33587646484375,9.66070556640625
11,0.46666666666666523,0.37353515625,0.29974365234375,9.8035888671875
14,0,-0.10223388671875,1.35235595703125,0.776611328125
13,0.14166666666666616,0.15472412109375,1.216064453125,4.1181640625
13,0.14999999999999947,0.15386962890625,1.2054443359375,4.29107666015625
13,0.15833333333333277,0.1529541015625,1.19427490234375,4.4593505859375
13,0.16666666666666607,0.152099609375,1.18255615234375,4.62298583984375
12,0.30833333333333224,-0.2672119140625,0.81475830078125,7.2392578125
12,0.31666666666666554,-0.27081298828125,0.78912353515625,7.38214111328125
12,0.32499999999999885,-0.27447509765625,0.76275634765625,7.52496337890625
12,0.33333333333333215,-0.27813720703125,0.73577880859375,7.6678466796875
11,0.47499999999999853,0.37664794921875,0.262939453125,9.946533203125
11,0.48333333333333184,0.3797607421875,0.2254638671875,10.08941650390625
11,0.49166666666666514,0.38287353515625,0.187255859375,10.23236083984375
11,0.49999999999999845,0.385986328125,0.1484375,10.375244140625
14,0.0083333333333333037,-0.10498046875,1.35626220703125,0.99322509765625
14,0.016666666666666607,-0.1077880859375,1.3602294921875,1.2098388671875
14,0.024999999999999911,-0.11053466796875,1.3641357421875,1.42645263671875
14,0.033333333333333215,-0.11334228515625,1.3680419921875,1.64306640625
13,0.17499999999999938,0.15130615234375,1.17022705078125,4.78204345703125
13,0.18333333333333268,0.1505126953125,1.15728759765625,4.9365234375
13,0.19166666666666599,0.14971923828125,1.14385986328125,5.08636474609375
13,0.19999999999999929,0.14898681640625,1.12982177734375,5.23162841796875
12,0.34166666666666545,-0.28173828125,0.7081298828125,7.8106689453125
12,0.34999999999999876,-0.285400390625,0.67974853515625,7.9534912109375
12,0.35833333333333206,-0.2890625,0.65069580078125,8.09637451171875
12,0.36666666666666536,-0.292724609375,0.62103271484375,8.23919677734375
11,0.50833333333333175,0.38909912109375,0.10894775390625,10.5181884765625
11,0.516666666666665,0.39227294921875,0.0687255859375,10.6611328125
11,0.52499999999999836,0.3953857421875,0.02783203125,10.80401611328125
11,0.52556451589870556,0.39556884765625,0,10.813720703125
14,0.041666666666666519,-0.1160888671875,1.3719482421875,1.85968017578125
14,0.049999999999999822,-0.118896484375,1.37591552734375,2.0762939453125
14,0.058333333333333126,-0.12164306640625,1.37982177734375,2.29290771484375
14,0.06666666666666643,-0.12445068359375,1.38372802734375,2.509521484375
13,0.20833333333333259,0.14825439453125,1.11517333984375,5.3746337890625
13,0.2166666666666659,0.1474609375,1.099853515625,5.517578125
13,0.2249999999999992,0.146728515625,1.083740234375,5.6605224609375
13,0.2333333333333325,0.14599609375,1.06707763671875,5.803466796875
12,0.37499999999999867,-0.29632568359375,0.59063720703125,8.382080078125
12,0.38333333333333197,-0.29998779296875,0.5595703125,8.52490234375
12,0.39166666666666528,-0.30364990234375,0.52777099609375,8.667724609375
12,0.39999999999999858,-0.30731201171875,0.495361328125,8.81060791015625
14,0.074999999999999734,-0.127197265625,1.38726806640625,2.72381591796875
14,0.083333333333333037,-0.1298828125,1.39007568359375,2.93353271484375
14,0.091666666666666341,-0.13250732421875,1.39208984375,3.138671875
14,0.099999999999999645,-0.13507080078125,1.393310546875,3.33917236328125
13,0.24166666666666581,0.145263671875,1.0496826171875,5.9464111328125
13,0.24999999999999911,0.14453125,1.03167724609375,6.08941650390625
13,0.25833333333333242,0.143798828125,1.01287841796875,6.23236083984375
13,0.26666666666666572,0.14306640625,0.99346923828125,6.37530517578125
12,0.40833333333333188,-0.3109130859375,0.46221923828125,8.95343017578125
12,0.41666666666666519,-0.3145751953125,0.428466796875,9.09625244140625
12,0.42499999999999849,-0.3182373046875,0.39398193359375,9.2391357421875
12,0.43333333333333179,-0.3218994140625,0.35882568359375,9.3819580078125
14,0.10833333333333295,-0.1375732421875,1.393798828125,3.5350341796875
14,0.11666666666666625,-0.1400146484375,1.39349365234375,3.726318359375
14,0.12499999999999956,-0.14239501953125,1.39251708984375,3.91302490234375
14,0.13333333333333286,-0.14471435546875,1.39068603515625,4.09515380859375
13,0.274999999999999,0.14227294921875,0.973388671875,6.51824951171875
13,0.28333333333333233,0.14154052734375,0.95257568359375,6.66119384765625
13,0.29166666666666563,0.14080810546875,0.93109130859375,6.80419921875
13,0.29999999999999893,0.14007568359375,0.908935546875,6.9471435546875
12,0.4416666666666651,-0.32550048828125,0.32293701171875,9.52484130859375
12,0.4499999999999984,-0.32916259765625,0.28643798828125,9.66766357421875
12,0.45833333333333171,-0.33282470703125,0.249267578125,9.81048583984375
12,0.466666666666665,-0.33648681640625,0.21136474609375,9.953369140625
15,0,0.1728515625,1.32763671875,0.62237548828125
14,0.14166666666666616,-0.14703369140625,1.3880615234375,4.27264404296875
14,0.14999999999999947,-0.14923095703125,1.384765625,4.44549560546875
14,0.15833333333333277,-0.1513671875,1.380615234375,4.61376953125
14,0.16666666666666607,-0.15350341796875,1.37579345703125,4.7774658203125
13,0.30833333333333224,0.13934326171875,0.8861083984375,7.090087890625
13,0.31666666666666554,0.13861083984375,0.86260986328125,7.2330322265625
13,0.32499999999999885,0.13787841796875,0.83837890625,7.3759765625
13,0.33333333333333215,0.1370849609375,0.81353759765625,7.51898193359375
12,0.47499999999999831,-0.340087890625,0.17279052734375,10.09619140625
12,0.48333333333333162,-0.34375,0.13348388671875,10.239013671875
12,0.49166666666666492,-0.347412109375,0.09356689453125,10.38189697265625
12,0.49999999999999822,-0.35101318359375,0.052978515625,10.52471923828125
15,0.0083333333333333037,0.18585205078125,1.32843017578125,0.838623046875
15,0.016666666666666607,0.19891357421875,1.3292236328125,1.054931640625
15,0.024999999999999911,0.2119140625,1.33001708984375,1.27117919921875
15,0.033333333333333215,0.22491455078125,1.330810546875,1.48748779296875
14,0.17499999999999938,-0.155517578125,1.37017822265625,4.9365234375
14,0.18333333333333268,-0.157470703125,1.36376953125,5.09100341796875
14,0.19166666666666599,-0.159423828125,1.356689453125,5.24090576171875
14,0.19999999999999929,-0.1612548828125,1.3487548828125,5.38616943359375
13,0.34166666666666545,0.1363525390625,0.78802490234375,7.66192626953125
13,0.34999999999999876,0.1356201171875,0.76171875,7.80487060546875
13,0.35833333333333206,0.1348876953125,0.73480224609375,7.94781494140625
13,0.36666666666666536,0.1341552734375,0.707275390625,8.09075927734375
12,0.50564842161682166,-0.353515625,0,10.62158203125
15,0.041666666666666519,0.23797607421875,1.33160400390625,1.7037353515625
15,0.049999999999999822,0.2509765625,1.3323974609375,1.9200439453125
15,0.058333333333333126,0.26397705078125,1.33319091796875,2.13629150390625
15,0.06666666666666643,0.27703857421875,1.333984375,2.3525390625
14,0.20833333333333259,-0.1630859375,1.340087890625,5.52911376953125
14,0.2166666666666659,-0.1649169921875,1.33074951171875,5.67205810546875
14,0.2249999999999992,-0.166748046875,1.32073974609375,5.8150634765625
14,0.2333333333333325,-0.1685791015625,1.31005859375,5.9580078125
13,0.37499999999999867,0.1334228515625,0.67901611328125,8.2337646484375
13,0.38333333333333197,0.1326904296875,0.6500244140625,8.376708984375
13,0.39166666666666528,0.1319580078125,0.620361328125,8.5196533203125
13,0.39999999999999858,0.13116455078125,0.590087890625,8.66259765625
15,0.074999999999999734,0.2899169921875,1.33441162109375,2.5665283203125
15,0.083333333333333037,0.302490234375,1.334228515625,2.77593994140625
15,0.091666666666666341,0.3148193359375,1.333251953125,2.980712890625
15,0.099999999999999645,0.326904296875,1.33160400390625,3.180908203125
14,0.24166666666666581,-0.17041015625,1.2987060546875,6.1009521484375
14,0.24999999999999911,-0.1722412109375,1.28668212890625,6.24395751953125
14,0.25833333333333242,-0.174072265625,1.27398681640625,6.38690185546875
14,0.26666666666666572,-0.1759033203125,1.26055908203125,6.52984619140625
13,0.40833333333333188,0.13043212890625,0.55908203125,8.8055419921875
13,0.41666666666666519,0.12969970703125,0.52740478515625,8.94854736328125
13,0.42499999999999849,0.12896728515625,0.49505615234375,9.09149169921875
13,0.43333333333333179,0.12823486328125,0.4620361328125,9.23443603515625
15,0.10833333333333295,0.33868408203125,1.32928466796875,3.37646484375
15,0.11666666666666625,0.35015869140625,1.326171875,3.5675048828125
15,0.12499999999999956,0.36138916015625,1.32244873046875,3.75390625
15,0.13333333333333286,0.372314453125,1.3179931640625,3.9356689453125
14,0.274999999999999,-0.177734375,1.2464599609375,6.6728515625
14,0.28333333333333233,-0.1795654296875,1.231689453125,6.8157958984375
14,0.29166666666666563,-0.181396484375,1.21624755859375,6.958740234375
14,0.29999999999999893,-0.1832275390625,1.20013427734375,7.10174560546875
13,0.4416666666666651,0.12750244140625,0.42828369140625,9.37738037109375
13,0.4499999999999984,0.12677001953125,0.39385986328125,9.5203857421875
13,0.45833333333333171,0.1259765625,0.35882568359375,9.663330078125
13,0.466666666666665,0.125244140625,0.32305908203125,9.8062744140625
16,0,-0.10223388671875,1.35235595703125,0.776611328125
15,0.14166666666666616,0.38299560546875,1.3128662109375,4.1129150390625
15,0.14999999999999947,0.3934326171875,1.3070068359375,4.2855224609375
15,0.15833333333333277,0.40350341796875,1.300537109375,4.45355224609375
15,0.16666666666666607,0.413330078125,1.29327392578125,4.616943359375
14,0.30833333333333224,-0.18505859375,1.18328857421875,7.24468994140625
14,0.31666666666666554,-0.1868896484375,1.165771484375,7.38763427734375
14,0.32499999999999885,-0.188720703125,1.14764404296875,7.5306396484375
14,0.33333333333333215,-0.1905517578125,1.1287841796875,7.673583984375
13,0.47499999999999831,0.12451171875,0.28662109375,9.94921875
13,0.48333333333333162,0.123779296875,0.24945068359375,10.0921630859375
13,0.49166666666666492,0.123046875,0.211669921875,10.23516845703125
13,0.49999999999999822,0.122314453125,0.1732177734375,10.37811279296875
16,0.0083333333333333037,-0.10528564453125,1.34637451171875,0.9931640625
16,0.016666666666666607,-0.10833740234375,1.3404541015625,1.209716796875
16,0.024999999999999911,-0.11138916015625,1.33447265625,1.42633056640625
16,0.033333333333333215,-0.114501953125,1.3284912109375,1.64288330078125
15,0.17499999999999938,0.42291259765625,1.285400390625,4.7757568359375
15,0.18333333333333268,0.43218994140625,1.2767333984375,4.92999267578125
15,0.19166666666666599,0.44122314453125,1.2674560546875,5.07965087890625
15,0.19999999999999929,0.449951171875,1.2574462890625,5.22467041015625
14,0.34166666666666545,-0.1923828125,1.10931396484375,7.8165283203125
14,0.34999999999999876,-0.1942138671875,1.08905029296875,7.95953369140625
14,0.35833333333333206,-0.196044921875,1.06817626953125,8.10247802734375
14,0.36666666666666536,-0.1978759765625,1.046630859375,8.24542236328125
13,0.50833333333333153,0.12158203125,0.13409423828125,10.52105712890625
13,0.51666666666666483,0.12078857421875,0.09417724609375,10.66400146484375
13,0.52499999999999813,0.12005615234375,0.05364990234375,10.80694580078125
13,0.5307925922940655,0.11956787109375,0,10.9063720703125
16,0.041666666666666519,-0.1175537109375,1.322509765625,1.85943603515625
16,0.049999999999999822,-0.12060546875,1.31658935546875,2.07598876953125
16,0.058333333333333126,-0.1236572265625,1.31060791015625,2.29254150390625
16,0.06666666666666643,-0.126708984375,1.30462646484375,2.50909423828125
15,0.20833333333333259,0.45855712890625,1.24676513671875,5.367431640625
15,0.2166666666666659,0.4671630859375,1.2353515625,5.5101318359375
15,0.2249999999999992,0.4757080078125,1.2232666015625,5.65289306640625
15,0.2333333333333325,0.48431396484375,1.21051025390625,5.795654296875
14,0.37499999999999867,-0.19970703125,1.02435302734375,8.388427734375
14,0.38333333333333197,-0.2015380859375,1.00146484375,8.5313720703125
14,0.39166666666666528,-0.203369140625,0.977783203125,8.67431640625
14,0.39999999999999858,-0.2052001953125,0.95355224609375,8.81732177734375
16,0.074999999999999734,-0.1297607421875,1.29840087890625,2.723388671875
16,0.083333333333333037,-0.1326904296875,1.2916259765625,2.93304443359375
16,0.091666666666666341,-0.1356201171875,1.2843017578125,3.13812255859375
16,0.099999999999999645,-0.138427734375,1.2763671875,3.33856201171875
15,0.24166666666666581,0.492919921875,1.19708251953125,5.9383544921875
15,0.24999999999999911,0.50152587890625,1.1829833984375,6.08111572265625
15,0.25833333333333242,0.5101318359375,1.168212890625,6.223876953125
15,0.26666666666666572,0.5186767578125,1.15277099609375,6.3665771484375
14,0.40833333333333188,-0.20703125,0.92852783203125,8.96026611328125
14,0.41666666666666519,-0.2088623046875,0.90289306640625,9.10321044921875
14,0.42499999999999849,-0.210693359375,0.8765869140625,9.2462158203125
14,0.43333333333333179,-0.2125244140625,0.84954833984375,9.38916015625
16,0.10833333333333295,-0.14117431640625,1.2679443359375,3.534423828125
16,0.11666666666666625,-0.1439208984375,1.25885009765625,3.72564697265625
16,0.12499999999999956,-0.14654541015625,1.24932861328125,3.91229248046875
16,0.13333333333333286,-0.14910888671875,1.23919677734375,4.0943603515625
15,0.274999999999999,0.52728271484375,1.1365966796875,6.50933837890625
15,0.28333333333333233,0.535888671875,1.1197509765625,6.652099609375
15,0.29166666666666563,0.54449462890625,1.10223388671875,6.7947998046875
15,0.29999999999999893,0.5531005859375,1.08404541015625,6.93756103515625
14,0.4416666666666651,-0.21435546875,0.82183837890625,9.5321044921875
14,0.4499999999999984,-0.2161865234375,0.79345703125,9.67510986328125
14,0.45833333333333171,-0.218017578125,0.76446533203125,9.81805419921875
14,0.466666666666665,-0.2198486328125,0.73468017578125,9.96099853515625
17,0,0.1728515625,1.32763671875,0.62237548828125
16,0.14166666666666616,-0.151611328125,1.228515625,4.27178955078125
16,0.14999999999999947,-0.154052734375,1.21728515625,4.44464111328125
16,0.15833333333333277,-0.15643310546875,1.20550537109375,4.6129150390625
16,0.16666666666666607,-0.15875244140625,1.19317626953125,4.77655029296875
15,0.30833333333333224,0.5616455078125,1.065185546875,7.080322265625
15,0.31666666666666554,0.57025146484375,1.04559326171875,7.2230224609375
15,0.32499999999999885,0.578857421875,1.025390625,7.36578369140625
15,0.33333333333333215,0.58746337890625,1.00445556640625,7.508544921875
14,0.47499999999999831,-0.2216796875,0.7042236328125,10.10400390625
14,0.48333333333333162,-0.2235107421875,0.67315673828125,10.2469482421875
14,0.49166666666666492,-0.225341796875,0.641357421875,10.389892578125
14,0.49999999999999822,-0.2271728515625,0.60894775390625,10.53289794921875
17,0.0083333333333333037,0.186767578125,1.3275146484375,0.838623046875
17,0.016666666666666607,0.20062255859375,1.32733154296875,1.0548095703125
17,0.024999999999999911,0.21453857421875,1.32720947265625,1.27105712890625
17,0.033333333333333215,0.2283935546875,1.3270263671875,1.48724365234375
16,0.17499999999999938,-0.1610107421875,1.18035888671875,4.935546875
16,0.18333333333333268,-0.1632080078125,1.1668701171875,5.09002685546875
16,0.19166666666666599,-0.165283203125,1.15289306640625,5.2398681640625
16,0.19999999999999929,-0.1673583984375,1.13836669921875,5.38507080078125
15,0.34166666666666545,0.5960693359375,0.98291015625,7.6512451171875
15,0.34999999999999876,0.6046142578125,0.96063232421875,7.79400634765625
15,0.35833333333333206,0.61322021484375,0.9376220703125,7.936767578125
15,0.36666666666666536,0.621826171875,0.9140625,8.0794677734375
14,0.50833333333333153,-0.22900390625,0.5758056640625,10.67584228515625
14,0.51666666666666483,-0.2308349609375,0.5419921875,10.81878662109375
14,0.52499999999999813,-0.232666015625,0.5074462890625,10.9617919921875
14,0.53333333333333144,-0.2344970703125,0.47222900390625,11.104736328125
17,0.041666666666666519,0.2423095703125,1.326904296875,1.7034912109375
17,0.049999999999999822,0.2562255859375,1.32672119140625,1.919677734375
17,0.058333333333333126,0.27008056640625,1.32659912109375,2.13592529296875
17,0.06666666666666643,0.28399658203125,1.326416015625,2.3521728515625
16,0.20833333333333259,-0.16937255859375,1.1231689453125,5.52801513671875
16,0.2166666666666659,-0.17138671875,1.10736083984375,5.67095947265625
16,0.2249999999999992,-0.17340087890625,1.09075927734375,5.8138427734375
16,0.2333333333333325,-0.1754150390625,1.0736083984375,5.956787109375
15,0.37499999999999867,0.63043212890625,0.88970947265625,8.22222900390625
15,0.38333333333333197,0.6390380859375,0.86474609375,8.364990234375
15,0.39166666666666528,0.6475830078125,0.83905029296875,8.5076904296875
15,0.39999999999999858,0.65618896484375,0.81268310546875,8.65045166015625
14,0.54166666666666474,-0.236328125,0.4364013671875,11.2476806640625
14,0.549999999999998,-0.2381591796875,0.39984130859375,11.39068603515625
14,0.55833333333333135,-0.239990234375,0.3626708984375,11.53363037109375
14,0.56666666666666465,-0.2418212890625,0.32476806640625,11.67657470703125
17,0.074999999999999734,0.2977294921875,1.325927734375,2.5660400390625
17,0.083333333333333037,0.3111572265625,1.32476806640625,2.775390625
17,0.091666666666666341,0.3243408203125,1.32293701171875,2.9801025390625
17,0.099999999999999645,0.337158203125,1.3204345703125,3.1802978515625
16,0.24166666666666581,-0.17742919921875,1.0556640625,6.0997314453125
16,0.24999999999999911,-0.179443359375,1.03717041015625,6.24267578125
16,0.25833333333333242,-0.1815185546875,1.01788330078125,6.3856201171875
16,0.26666666666666572,-0.18353271484375,0.99798583984375,6.52850341796875
15,0.40833333333333188,0.664794921875,0.78564453125,8.793212890625
15,0.41666666666666519,0.67340087890625,0.7579345703125,8.9359130859375
15,0.42499999999999849,0.6820068359375,0.72955322265625,9.07867431640625
15,0.43333333333333179,0.69061279296875,0.700439453125,9.221435546875
14,0.574999999999998,-0.24365234375,0.2861328125,11.819580078125
14,0.58333333333333126,-0.2454833984375,0.24688720703125,11.9625244140625
14,0.59166666666666456,-0.247314453125,0.2069091796875,12.10546875
14,0.59999999999999787,-0.2491455078125,0.16632080078125,12.24847412109375
17,0.10833333333333295,0.3497314453125,1.31719970703125,3.37579345703125
17,0.11666666666666625,0.36199951171875,1.31329345703125,3.5667724609375
17,0.12499999999999956,0.37396240234375,1.30877685546875,3.75311279296875
17,0.13333333333333286,0.38568115234375,1.30352783203125,3.93487548828125
16,0.274999999999999,-0.185546875,0.97735595703125,6.67144775390625
16,0.28333333333333233,-0.18756103515625,0.9560546875,6.81439208984375
16,0.29166666666666563,-0.1895751953125,0.93408203125,6.95733642578125
16,0.29999999999999893,-0.19158935546875,0.91143798828125,7.1002197265625
15,0.4416666666666651,0.69915771484375,0.670654296875,9.3641357421875
15,0.4499999999999984,0.707763671875,0.6402587890625,9.50689697265625
15,0.45833333333333171,0.71636962890625,0.609130859375,9.649658203125
15,0.466666666666665,0.7249755859375,0.57733154296875,9.7923583984375
14,0.60833333333333117,-0.2509765625,0.125,12.39141845703125
14,0.61666666666666448,-0.2528076171875,0.08306884765625,12.53436279296875
14,0.62499999999999778,-0.254638671875,0.04034423828125,12.6773681640625
14,0.62794835667813442,-0.25531005859375,0,12.72796630859375
18,0,-0.10223388671875,1.35235595703125,0.776611328125
17,0.14166666666666616,0.39703369140625,1.297607421875,4.112060546875
17,0.14999999999999947,0.40814208984375,1.291015625,4.28460693359375
17,0.15833333333333277,0.4189453125,1.28375244140625,4.45257568359375
17,0.16666666666666607,0.429443359375,1.27581787109375,4.615966796875
16,0.30833333333333224,-0.193603515625,0.8880615234375,7.2431640625
16,0.31666666666666554,-0.19561767578125,0.86407470703125,7.3861083984375
16,0.32499999999999885,-0.1976318359375,0.83935546875,7.529052734375
16,0.33333333333333215,-0.19964599609375,0.81402587890625,7.6719970703125
15,0.47499999999999831,0.73358154296875,0.5447998046875,9.93511962890625
15,0.48333333333333162,0.74212646484375,0.51165771484375,10.077880859375
15,0.49166666666666492,0.750732421875,0.47784423828125,10.2205810546875
15,0.49999999999999822,0.75933837890625,0.44329833984375,10.36334228515625
18,0.0083333333333333037,-0.1015625,1.35955810546875,0.9931640625
18,0.016666666666666607,-0.1009521484375,1.36669921875,1.209716796875
18,0.024999999999999911,-0.10028076171875,1.3739013671875,1.42626953125
18,0.033333333333333215,-0.09967041015625,1.381103515625,1.642822265625
17,0.17499999999999938,0.43963623046875,1.2672119140625,4.7747802734375
17,0.18333333333333268,0.44952392578125,1.2579345703125,4.928955078125
17,0.19166666666666599,0.45916748046875,1.24798583984375,5.07855224609375
17,0.19999999999999929,0.46844482421875,1.2373046875,5.22357177734375
16,0.34166666666666545,-0.20166015625,0.7879638671875,7.81488037109375
16,0.34999999999999876,-0.2037353515625,0.76123046875,7.95782470703125
16,0.35833333333333206,-0.20574951171875,0.7337646484375,8.10076904296875
16,0.36666666666666536,-0.207763671875,0.70574951171875,8.24371337890625
15,0.50833333333333153,0.7679443359375,0.40814208984375,10.506103515625
15,0.51666666666666483,0.77655029296875,0.3721923828125,10.6488037109375
15,0.52499999999999813,0.78509521484375,0.33563232421875,10.79156494140625
15,0.53333333333333144,0.793701171875,0.29840087890625,10.934326171875
18,0.041666666666666519,-0.0989990234375,1.3883056640625,1.85931396484375
18,0.049999999999999822,-0.098388671875,1.39544677734375,2.07586669921875
18,0.058333333333333126,-0.09771728515625,1.40264892578125,2.29241943359375
18,0.06666666666666643,-0.0970458984375,1.40985107421875,2.50897216796875
17,0.20833333333333259,0.47760009765625,1.22601318359375,5.36627197265625
17,0.2166666666666659,0.48681640625,1.2139892578125,5.50897216796875
17,0.2249999999999992,0.4959716796875,1.20123291015625,5.65167236328125
17,0.2333333333333325,0.505126953125,1.18792724609375,5.79437255859375
16,0.37499999999999867,-0.20977783203125,0.67694091796875,8.38665771484375
16,0.38333333333333197,-0.2117919921875,0.64752197265625,8.529541015625
16,0.39166666666666528,-0.21380615234375,0.6173095703125,8.6724853515625
16,0.39999999999999858,-0.2158203125,0.5865478515625,8.8154296875
15,0.54166666666666474,0.80230712890625,0.26043701171875,11.0770263671875
15,0.549999999999998,0.8109130859375,0.22186279296875,11.21978759765625
15,0.55833333333333135,0.81951904296875,0.18255615234375,11.362548828125
15,0.56666666666666465,0.82806396484375,0.14263916015625,11.5052490234375
18,0.074999999999999734,-0.096435546875,1.41656494140625,2.72320556640625
18,0.083333333333333037,-0.0958251953125,1.42254638671875,2.932861328125
18,0.091666666666666341,-0.09521484375,1.42767333984375,3.137939453125
18,0.099999999999999645,-0.0946044921875,1.43194580078125,3.33837890625
17,0.24166666666666581,0.5142822265625,1.173828125,5.93707275390625
17,0.24999999999999911,0.5234375,1.1591796875,6.07977294921875
17,0.25833333333333242,0.53265380859375,1.14373779296875,6.22247314453125
17,0.26666666666666572,0.54180908203125,1.12762451171875,6.36517333984375
16,0.40833333333333188,-0.21783447265625,0.55499267578125,8.9583740234375
16,0.41666666666666519,-0.2198486328125,0.52288818359375,9.101318359375
16,0.42499999999999849,-0.22186279296875,0.489990234375,9.24420166015625
16,0.43333333333333179,-0.223876953125,0.45648193359375,9.38714599609375
15,0.574999999999998,0.836669921875,0.1019287109375,11.64801025390625
15,0.58333333333333126,0.84527587890625,0.06060791015625,11.790771484375
15,0.59039728734015751,0.85260009765625,0,11.9117431640625
18,0.10833333333333295,-0.093994140625,1.43536376953125,3.5341796875
18,0.11666666666666625,-0.09344482421875,1.43792724609375,3.7254638671875
18,0.12499999999999956,-0.0928955078125,1.43975830078125,3.91204833984375
18,0.13333333333333286,-0.09234619140625,1.440673828125,4.0941162109375
17,0.274999999999999,0.55096435546875,1.11090087890625,6.5079345703125
17,0.28333333333333233,0.56011962890625,1.0933837890625,6.650634765625
17,0.29166666666666563,0.56927490234375,1.07525634765625,6.7933349609375
17,0.29999999999999893,0.5784912109375,1.05645751953125,6.93603515625
16,0.4416666666666651,-0.2259521484375,0.4222412109375,9.53009033203125
16,0.4499999999999984,-0.22796630859375,0.3873291015625,9.67303466796875
16,0.45833333333333171,-0.22998046875,0.351806640625,9.81591796875
16,0.466666666666665,-0.23199462890625,0.31549072265625,9.9588623046875
19,0,0.1728515625,1.32763671875,0.62237548828125
18,0.14166666666666616,-0.091796875,1.44073486328125,4.27154541015625
18,0.14999999999999947,-0.09130859375,1.44000244140625,4.44439697265625
18,0.15833333333333277,-0.0908203125,1.4384765625,4.61260986328125
18,0.16666666666666607,-0.09033203125,1.43609619140625,4.7762451171875
17,0.30833333333333224,0.587646484375,1.03692626953125,7.0787353515625
17,0.31666666666666554,0.5968017578125,1.0167236328125,7.221435546875
17,0.32499999999999885,0.60595703125,0.99591064453125,7.3641357421875
17,0.33333333333333215,0.61517333984375,0.974365234375,7.5068359375
16,0.47499999999999831,-0.2340087890625,0.278564453125,10.101806640625
16,0.48333333333333162,-0.23602294921875,0.24090576171875,10.2447509765625
16,0.49166666666666492,-0.238037109375,0.20263671875,10.3876953125
16,0.49999999999999822,-0.24005126953125,0.16363525390625,10.53057861328125
19,0.0083333333333333037,0.16802978515625,1.33941650390625,0.83868408203125
19,0.016666666666666607,0.16326904296875,1.3511962890625,1.054931640625
19,0.024999999999999911,0.158447265625,1.36297607421875,1.271240234375
19,0.033333333333333215,0.1536865234375,1.374755859375,1.487548828125
18,0.17499999999999938,-0.08984375,1.432861328125,4.93524169921875
18,0.18333333333333268,-0.08941650390625,1.42877197265625,5.08966064453125
18,0.19166666666666599,-0.08892822265625,1.42388916015625,5.239501953125
18,0.19999999999999929,-0.0885009765625,1.41815185546875,5.38470458984375
17,0.34166666666666545,0.62432861328125,0.95220947265625,7.6495361328125
17,0.34999999999999876,0.63348388671875,0.92926025390625,7.792236328125
17,0.35833333333333206,0.64263916015625,0.9056396484375,7.9349365234375
17,0.36666666666666536,0.65179443359375,0.8814697265625,8.07769775390625
16,0.50833333333333153,-0.2420654296875,0.1240234375,10.67352294921875
16,0.51666666666666483,-0.24407958984375,0.0836181640625,10.81646728515625
16,0.52499999999999813,-0.24609375,0.0426025390625,10.95941162109375
16,0.5285112081683917,-0.2469482421875,0,11.0196533203125
19,0.041666666666666519,0.14886474609375,1.3865966796875,1.703857421875
19,0.049999999999999822,0.14404296875,1.39837646484375,1.92010498046875
19,0.058333333333333126,0.1392822265625,1.41015625,2.13641357421875
19,0.06666666666666643,0.13446044921875,1.42193603515625,2.35272216796875
18,0.20833333333333259,-0.08807373046875,1.41168212890625,5.52764892578125
18,0.2166666666666659,-0.087646484375,1.404541015625,5.6705322265625
18,0.2249999999999992,-0.08721923828125,1.39666748046875,5.8134765625
18,0.2333333333333325,-0.0867919921875,1.38812255859375,5.9564208984375
17,0.37499999999999867,0.6610107421875,0.85650634765625,8.22039794921875
17,0.38333333333333197,0.670166015625,0.83087158203125,8.36309814453125
17,0.39166666666666528,0.6793212890625,0.8045654296875,8.50579833984375
17,0.39999999999999858,0.6884765625,0.777587890625,8.64849853515625
19,0.074999999999999734,0.12969970703125,1.4332275390625,2.56671142578125
19,0.083333333333333037,0.12506103515625,1.44366455078125,2.776123046875
19,0.091666666666666341,0.12054443359375,1.453125,2.98089599609375
19,0.099999999999999645,0.1160888671875,1.46160888671875,3.18109130859375
18,0.24166666666666581,-0.08636474609375,1.37890625,6.09930419921875
18,0.24999999999999911,-0.0859375,1.36907958984375,6.24224853515625
18,0.25833333333333242,-0.08551025390625,1.35845947265625,6.38519287109375
18,0.26666666666666572,-0.0850830078125,1.34722900390625,6.528076171875
17,0.40833333333333188,0.6976318359375,0.7498779296875,8.79119873046875
17,0.41666666666666519,0.70684814453125,0.72161865234375,8.93389892578125
17,0.42499999999999849,0.71600341796875,0.69256591796875,9.07659912109375
17,0.43333333333333179,0.72515869140625,0.66290283203125,9.21929931640625
19,0.10833333333333295,0.11175537109375,1.46923828125,3.376708984375
19,0.11666666666666625,0.10748291015625,1.47589111328125,3.5677490234375
19,0.12499999999999956,0.1033935546875,1.48162841796875,3.754150390625
19,0.13333333333333286,0.099365234375,1.48638916015625,3.93597412109375
18,0.274999999999999,-0.08465576171875,1.3353271484375,6.6710205078125
18,0.28333333333333233,-0.084228515625,1.3226318359375,6.81390380859375
18,0.29166666666666563,-0.08380126953125,1.30938720703125,6.95684814453125
18,0.29999999999999893,-0.0833740234375,1.29541015625,7.09979248046875
17,0.4416666666666651,0.73431396484375,0.6324462890625,9.36199951171875
17,0.4499999999999984,0.74346923828125,0.60137939453125,9.50469970703125
17,0.45833333333333171,0.752685546875,0.5697021484375,9.6474609375
17,0.466666666666665,0.7618408203125,0.5372314453125,9.7901611328125
20,0,-0.10223388671875,1.35235595703125,0.776611328125
19,0.14166666666666616,0.09539794921875,1.49029541015625,4.11322021484375
19,0.14999999999999947,0.091552734375,1.49322509765625,4.28582763671875
19,0.15833333333333277,0.08782958984375,1.4952392578125,4.453857421875
19,0.16666666666666607,0.084228515625,1.496337890625,4.6173095703125
18,0.30833333333333224,-0.0830078125,1.28076171875,7.24267578125
18,0.31666666666666554,-0.08258056640625,1.265380859375,7.3856201171875
18,0.32499999999999885,-0.0821533203125,1.2493896484375,7.52850341796875
18,0.33333333333333215,-0.08172607421875,1.23272705078125,7.67144775390625
17,0.47499999999999831,0.77099609375,0.50408935546875,9.932861328125
17,0.48333333333333162,0.7801513671875,0.4703369140625,10.0755615234375
17,0.49166666666666492,0.789306640625,0.43585205078125,10.21826171875
17,0.49999999999999822,0.79852294921875,0.40069580078125,10.3609619140625
20,0.0083333333333333037,-0.1025390625,1.3582763671875,0.99322509765625
20,0.016666666666666607,-0.10284423828125,1.36419677734375,1.20977783203125
20,0.024999999999999911,-0.1031494140625,1.3701171875,1.4263916015625
20,0.033333333333333215,-0.10345458984375,1.37603759765625,1.6429443359375
19,0.17499999999999938,0.0806884765625,1.49652099609375,4.776123046875
19,0.18333333333333268,0.0772705078125,1.49566650390625,4.93035888671875
19,0.19166666666666599,0.073974609375,1.4940185546875,5.08001708984375
19,0.19999999999999929,0.07073974609375,1.4913330078125,5.22509765625
18,0.34166666666666545,-0.081298828125,1.21533203125,7.81439208984375
18,0.34999999999999876,-0.08087158203125,1.197265625,7.957275390625
18,0.35833333333333206,-0.0804443359375,1.17852783203125,8.1002197265625
18,0.36666666666666536,-0.08001708984375,1.1591796875,8.2431640625
17,0.50833333333333153,0.80767822265625,0.36492919921875,10.503662109375
17,0.51666666666666483,0.81683349609375,0.328369140625,10.6463623046875
17,0.52499999999999813,0.82598876953125,0.29119873046875,10.7890625
17,0.53333333333333144,0.835205078125,0.2532958984375,10.9317626953125
20,0.041666666666666519,-0.103759765625,1.3819580078125,1.85955810546875
20,0.049999999999999822,-0.10406494140625,1.38787841796875,2.07611083984375
20,0.058333333333333126,-0.1043701171875,1.393798828125,2.292724609375
20,0.06666666666666643,-0.10467529296875,1.39971923828125,2.50927734375
19,0.20833333333333259,0.06756591796875,1.4879150390625,5.36785888671875
19,0.2166666666666659,0.06439208984375,1.4837646484375,5.51055908203125
19,0.2249999999999992,0.06121826171875,1.47894287109375,5.6533203125
19,0.2333333333333325,0.05810546875,1.47344970703125,5.79608154296875
18,0.37499999999999867,-0.07958984375,1.1390380859375,8.38604736328125
18,0.38333333333333197,-0.07916259765625,1.1182861328125,8.52899169921875
18,0.39166666666666528,-0.0787353515625,1.0968017578125,8.671875
18,0.39999999999999858,-0.07830810546875,1.07464599609375,8.8148193359375
17,0.54166666666666474,0.8443603515625,0.2147216796875,11.074462890625
17,0.549999999999998,0.853515625,0.175537109375,11.21722412109375
17,0.55833333333333135,0.8626708984375,0.1356201171875,11.35992431640625
17,0.56666666666666465,0.871826171875,0.09503173828125,11.50262451171875
20,0.074999999999999734,-0.10498046875,1.40521240234375,2.72357177734375
20,0.083333333333333037,-0.10528564453125,1.40997314453125,2.93328857421875
20,0.091666666666666341,-0.1055908203125,1.41387939453125,3.13836669921875
20,0.099999999999999645,-0.1058349609375,1.4169921875,3.33880615234375
19,0.24166666666666581,0.054931640625,1.46728515625,5.9388427734375
19,0.24999999999999911,0.0517578125,1.46044921875,6.08160400390625
19,0.25833333333333242,0.048583984375,1.452880859375,6.224365234375
19,0.26666666666666572,0.04541015625,1.4447021484375,6.36712646484375
18,0.40833333333333188,-0.077880859375,1.05181884765625,8.957763671875
18,0.41666666666666519,-0.07745361328125,1.02838134765625,9.10064697265625
18,0.42499999999999849,-0.0770263671875,1.004150390625,9.24359130859375
18,0.43333333333333179,-0.07659912109375,0.97930908203125,9.386474609375
17,0.574999999999998,0.88104248046875,0.05377197265625,11.64532470703125
17,0.58070736432364367,0.8873291015625,0,11.7430419921875
20,0.10833333333333295,-0.10614013671875,1.41925048828125,3.53466796875
20,0.11666666666666625,-0.10638427734375,1.42071533203125,3.7259521484375
20,0.12499999999999956,-0.10662841796875,1.42144775390625,3.91265869140625
20,0.13333333333333286,-0.10693359375,1.4212646484375,4.0947265625
19,0.274999999999999,0.042236328125,1.435791015625,6.5098876953125
19,0.28333333333333233,0.0390625,1.42620849609375,6.652587890625
19,0.29166666666666563,0.035888671875,1.41595458984375,6.79534912109375
19,0.29999999999999893,0.03271484375,1.405029296875,6.9381103515625
18,0.4416666666666651,-0.076171875,0.9537353515625,9.5294189453125
18,0.4499999999999984,-0.07574462890625,0.92755126953125,9.67236328125
18,0.45833333333333171,-0.0753173828125,0.900634765625,9.81524658203125
18,0.466666666666665,-0.07489013671875,0.873046875,9.95819091796875
20,0.14166666666666616,-0.107177734375,1.42034912109375,4.27215576171875
20,0.14999999999999947,-0.107421875,1.4185791015625,4.44500732421875
20,0.15833333333333277,-0.107666015625,1.41607666015625,4.61328125
20,0.16666666666666607,-0.10784912109375,1.4127197265625,4.77691650390625
19,0.30833333333333224,0.02960205078125,1.39337158203125,7.08087158203125
19,0.31666666666666554,0.02642822265625,1.381103515625,7.2236328125
19,0.32499999999999885,0.02325439453125,1.36810302734375,7.36639404296875
19,0.33333333333333215,0.02008056640625,1.3544921875,7.5091552734375
18,0.47499999999999831,-0.074462890625,0.84478759765625,10.10107421875
18,0.48333333333333162,-0.07403564453125,0.8157958984375,10.2440185546875
18,0.49166666666666492,-0.0736083984375,0.78619384765625,10.386962890625
18,0.49999999999999822,-0.07318115234375,0.75592041015625,10.52984619140625
20,0.17499999999999938,-0.10809326171875,1.4085693359375,4.93597412109375
20,0.18333333333333268,-0.10833740234375,1.403564453125,5.0904541015625
20,0.19166666666666599,-0.1085205078125,1.39788818359375,5.24029541015625
20,0.19999999999999929,-0.10870361328125,1.39129638671875,5.38555908203125
19,0.34166666666666545,0.01690673828125,1.34014892578125,7.65191650390625
19,0.34999999999999876,0.01373291015625,1.3250732421875,7.79461669921875
19,0.35833333333333206,0.01055908203125,1.30938720703125,7.9373779296875
19,0.36666666666666536,0.00738525390625,1.29302978515625,8.08013916015625
18,0.50833333333333153,-0.07275390625,0.72491455078125,10.67279052734375
18,0.51666666666666483,-0.07232666015625,0.6932373046875,10.81573486328125
18,0.52499999999999813,-0.0718994140625,0.660888671875,10.9586181640625
18,0.53333333333333144,-0.07147216796875,0.62786865234375,11.1015625
20,0.20833333333333259,-0.10894775390625,1.38397216796875,5.52850341796875
20,0.2166666666666659,-0.109130859375,1.3759765625,5.67144775390625
20,0.2249999999999992,-0.10931396484375,1.36724853515625,5.81439208984375
20,0.2333333333333325,-0.10955810546875,1.35791015625,5.95733642578125
19,0.37499999999999867,0.00421142578125,1.2760009765625,8.222900390625
19,0.38333333333333197,0.0010986328125,1.25823974609375,8.36566162109375
19,0.39166666666666528,-0.0020751953125,1.23980712890625,8.5084228515625
19,0.39999999999999858,-0.0052490234375,1.220703125,8.65118408203125
18,0.54166666666666474,-0.071044921875,0.5941162109375,11.24444580078125
18,0.549999999999998,-0.07061767578125,0.55975341796875,11.38739013671875
18,0.55833333333333135,-0.0701904296875,0.52471923828125,11.53033447265625
18,0.56666666666666465,-0.06976318359375,0.48895263671875,11.6732177734375
20,0.24166666666666581,-0.1097412109375,1.34783935546875,6.10028076171875
20,0.24999999999999911,-0.10992431640625,1.337158203125,6.24322509765625
20,0.25833333333333242,-0.11016845703125,1.32574462890625,6.38616943359375
20,0.26666666666666572,-0.1103515625,1.31365966796875,6.52911376953125
19,0.40833333333333188,-0.0084228515625,1.200927734375,8.79388427734375
19,0.41666666666666519,-0.0115966796875,1.18048095703125,8.9366455078125
19,0.42499999999999849,-0.0147705078125,1.1593017578125,9.07940673828125
19,0.43333333333333179,-0.0179443359375,1.13751220703125,9.22216796875
18,0.574999999999998,-0.0693359375,0.4525146484375,11.816162109375
18,0.58333333333333126,-0.06890869140625,0.4154052734375,11.95904541015625
18,0.59166666666666456,-0.0684814453125,0.37762451171875,12.10198974609375
18,0.59999999999999787,-0.06805419921875,0.339111328125,12.24493408203125
20,0.274999999999999,-0.11053466796875,1.3009033203125,6.67205810546875
20,0.28333333333333233,-0.1107177734375,1.28741455078125,6.81500244140625
20,0.29166666666666563,-0.1109619140625,1.2733154296875,6.95794677734375
20,0.29999999999999893,-0.11114501953125,1.25848388671875,7.10089111328125
19,0.4416666666666651,-0.0211181640625,1.11492919921875,9.36492919921875
19,0.4499999999999984,-0.0242919921875,1.091796875,9.5076904296875
19,0.45833333333333171,-0.02740478515625,1.06793212890625,9.65045166015625
19,0.466666666666665,-0.03057861328125,1.04339599609375,9.793212890625
18,0.60833333333333117,-0.067626953125,0.29998779296875,12.3878173828125
18,0.61666666666666448,-0.0672607421875,0.26019287109375,12.53076171875
18,0.62499999999999778,-0.06683349609375,0.2196044921875,12.6737060546875
18,0.63333333333333108,-0.06640625,0.178466796875,12.81658935546875
20,0.30833333333333224,-0.111328125,1.24298095703125,7.24383544921875
20,0.31666666666666554,-0.111572265625,1.226806640625,7.38677978515625
20,0.32499999999999885,-0.11175537109375,1.2099609375,7.52972412109375
20,0.33333333333333215,-0.1119384765625,1.19244384765625,7.67266845703125
19,0.47499999999999831,-0.03375244140625,1.01812744140625,9.9359130859375
19,0.48333333333333162,-0.03692626953125,0.99224853515625,10.07867431640625
19,0.49166666666666492,-0.04010009765625,0.96563720703125,10.221435546875
19,0.49999999999999822,-0.04327392578125,0.93841552734375,10.36419677734375
18,0.64166666666666439,-0.06597900390625,0.1365966796875,12.95953369140625
18,0.64999999999999769,-0.0655517578125,0.093994140625,13.1024169921875
18,0.658333333333331,-0.06512451171875,0.05078125,13.245361328125
18,0.663226704392197,-0.06488037109375,0,13.32928466796875
20,0.34166666666666545,-0.1121826171875,1.17425537109375,7.81561279296875
20,0.34999999999999876,-0.11236572265625,1.15533447265625,7.95855712890625
20,0.35833333333333206,-0.112548828125,1.1357421875,8.1015625
20,0.36666666666666536,-0.11273193359375,1.11553955078125,8.2445068359375
19,0.50833333333333153,-0.04644775390625,0.91046142578125,10.5069580078125
19,0.51666666666666483,-0.04962158203125,0.88177490234375,10.64971923828125
19,0.52499999999999813,-0.05279541015625,0.85247802734375,10.79248046875
19,0.53333333333333144,-0.055908203125,0.82244873046875,10.9351806640625
20,0.37499999999999867,-0.11297607421875,1.0946044921875,8.387451171875
20,0.38333333333333197,-0.1131591796875,1.072998046875,8.5303955078125
20,0.39166666666666528,-0.11334228515625,1.0506591796875,8.67333984375
20,0.39999999999999858,-0.11358642578125,1.0277099609375,8.8162841796875
19,0.54166666666666474,-0.05908203125,0.79180908203125,11.07794189453125
19,0.549999999999998,-0.062255859375,0.76043701171875,11.220703125
19,0.55833333333333135,-0.0654296875,0.72845458984375,11.36346435546875
19,0.56666666666666465,-0.068603515625,0.69573974609375,11.5062255859375
20,0.40833333333333188,-0.11376953125,1.0040283203125,8.959228515625
20,0.41666666666666519,-0.11395263671875,0.979736328125,9.1021728515625
20,0.42499999999999849,-0.11419677734375,0.9547119140625,9.2451171875
20,0.43333333333333179,-0.1143798828125,0.92901611328125,9.3880615234375
19,0.574999999999998,-0.07177734375,0.662353515625,11.64898681640625
19,0.58333333333333126,-0.074951171875,0.62823486328125,11.791748046875
19,0.59166666666666456,-0.078125,0.593505859375,11.93450927734375
19,0.59999999999999787,-0.08123779296875,0.55804443359375,12.07720947265625
20,0.4416666666666651,-0.11456298828125,0.90264892578125,9.531005859375
20,0.4499999999999984,-0.11474609375,0.8756103515625,9.6739501953125
20,0.45833333333333171,-0.114990234375,0.847900390625,9.81689453125
20,0.466666666666665,-0.11517333984375,0.8194580078125,9.9598388671875
19,0.60833333333333117,-0.08441162109375,0.52191162109375,12.219970703125
19,0.61666666666666448,-0.08758544921875,0.48516845703125,12.36273193359375
19,0.62499999999999778,-0.09075927734375,0.4476318359375,12.5054931640625
19,0.63333333333333108,-0.09393310546875,0.4095458984375,12.64825439453125
20,0.47499999999999831,-0.1153564453125,0.79034423828125,10.102783203125
20,0.48333333333333162,-0.1156005859375,0.76055908203125,10.2457275390625
20,0.49166666666666492,-0.11578369140625,0.7301025390625,10.388671875
20,0.49999999999999822,-0.115966796875,0.698974609375,10.5316162109375
19,0.64166666666666439,-0.09710693359375,0.37066650390625,12.791015625
19,0.64999999999999769,-0.10028076171875,0.3311767578125,12.93377685546875
19,0.658333333333331,-0.10345458984375,0.29095458984375,13.07647705078125
19,0.6666666666666643,-0.10662841796875,0.2501220703125,13.21923828125
20,0.50833333333333153,-0.1162109375,0.66717529296875,10.674560546875
20,0.51666666666666483,-0.11639404296875,0.6346435546875,10.8175048828125
20,0.52499999999999813,-0.1165771484375,0.6014404296875,10.96044921875
20,0.53333333333333144,-0.11676025390625,0.56756591796875,11.1033935546875
19,0.6749999999999976,-0.1097412109375,0.20849609375,13.36199951171875
19,0.68333333333333091,-0.1129150390625,0.166259765625,13.5047607421875
19,0.69166666666666421,-0.1160888671875,0.12335205078125,13.64752197265625
19,0.69999999999999751,-0.1192626953125,0.0797119140625,13.790283203125
20,0.54166666666666474,-0.11700439453125,0.53302001953125,11.246337890625
20,0.549999999999998,-0.1171875,0.497802734375,11.3892822265625
20,0.55833333333333135,-0.11737060546875,0.4619140625,11.5322265625
20,0.56666666666666465,-0.11761474609375,0.42535400390625,11.6751708984375
19,0.70833333333333082,-0.1224365234375,0.03546142578125,13.93304443359375
19,0.71026910874256333,-0.1231689453125,0,13.9661865234375
20,0.574999999999998,-0.1177978515625,0.3880615234375,11.818115234375
20,0.58333333333333126,-0.11798095703125,0.35009765625,11.9610595703125
20,0.59166666666666456,-0.11822509765625,0.31146240234375,12.10400390625
20,0.59999999999999787,-0.118408203125,0.27215576171875,12.24700927734375
20,0.60833333333333117,-0.11859130859375,0.232177734375,12.38995361328125
20,0.61666666666666448,-0.1187744140625,0.1915283203125,12.53289794921875
20,0.62499999999999778,-0.1190185546875,0.150146484375,12.67584228515625
20,0.63333333333333108,-0.11920166015625,0.108154296875,12.81878662109375
20,0.64166666666666439,-0.119384765625,0.0654296875,12.96173095703125
20,0.649428036014035,-0.11962890625,0,13.0948486328125
