surface,x,y,z,normalX,normalY,normalZ,radiusM,hardness,strength
1,0.08746337890625,0,0.28607177734375,0,1,0,0.18000000715255737,0.550000011920929,1
1,0.0885009765625,0,1.61456298828125,0,1,0,0.18000000715255737,0.550000011920929,1
1,0.03955078125,0,1.614990234375,0,1,0,0.18000000715255737,0.550000011920929,1
1,0.16546630859375,0,1.61517333984375,0,1,0,0.18000000715255737,0.550000011920929,1
1,0.03692626953125,0,1.61676025390625,0,1,0,0.18000000715255737,0.550000011920929,1
1,0.10430908203125,0,1.61663818359375,0,1,0,0.18000000715255737,0.550000011920929,1
1,0.11712646484375,0,1.61767578125,0,1,0,0.18000000715255737,0.550000011920929,1
1,0.0545654296875,0,1.6185302734375,0,1,0,0.18000000715255737,0.550000011920929,1
1,0.11212158203125,0,1.61883544921875,0,1,0,0.18000000715255737,0.550000011920929,1
1,0.08953857421875,0,2.3431396484375,0,1,0,0.18000000715255737,0.550000011920929,1
1,-0.00836181640625,0,2.34393310546875,0,1,0,0.18000000715255737,0.550000011920929,1
1,0.24346923828125,0,2.3443603515625,0,1,0,0.18000000715255737,0.550000011920929,1
1,-0.013671875,0,2.34747314453125,0,1,0,0.18000000715255737,0.550000011920929,1
1,0.12115478515625,0,2.3472900390625,0,1,0,0.18000000715255737,0.550000011920929,1
1,0.14678955078125,0,2.3492431640625,0,1,0,0.18000000715255737,0.550000011920929,1
1,0.021728515625,0,2.3509521484375,0,1,0,0.18000000715255737,0.550000011920929,1
1,0.13677978515625,0,2.3516845703125,0,1,0,0.18000000715255737,0.550000011920929,1
1,0.090576171875,0,3.04071044921875,0,1,0,0.18000000715255737,0.550000011920929,1
1,-0.05426025390625,0,3.0418701171875,0,1,0,0.18000000715255737,0.550000011920929,1
1,0.318115234375,0,3.04248046875,0,1,0,0.18000000715255737,0.550000011920929,1
1,-0.06207275390625,0,3.047119140625,0,1,0,0.18000000715255737,0.550000011920929,1
1,0.13726806640625,0,3.04681396484375,0,1,0,0.18000000715255737,0.550000011920929,1
1,0.1751708984375,0,3.0498046875,0,1,0,0.18000000715255737,0.550000011920929,1
1,-0.009765625,0,3.05230712890625,0,1,0,0.18000000715255737,0.550000011920929,1
1,0.160400390625,0,3.0533447265625,0,1,0,0.18000000715255737,0.550000011920929,1
1,0.0916748046875,0,3.8255615234375,0,1,0,0.18000000715255737,0.550000011920929,1
1,-0.10589599609375,0,3.82720947265625,0,1,0,0.18000000715255737,0.550000011920929,1
1,0.40216064453125,0,3.8280029296875,0,1,0,0.18000000715255737,0.550000011920929,1
1,-0.11651611328125,0,3.83428955078125,0,1,0,0.18000000715255737,0.550000011920929,1
1,0.1553955078125,0,3.83392333984375,0,1,0,0.18000000715255737,0.550000011920929,1
1,0.2071533203125,0,3.8380126953125,0,1,0,0.18000000715255737,0.550000011920929,1
1,-0.045166015625,0,3.84136962890625,0,1,0,0.18000000715255737,0.550000011920929,1
1,0.18701171875,0,3.84283447265625,0,1,0,0.18000000715255737,0.550000011920929,1
1,0.09283447265625,0,4.63970947265625,0,1,0,0.18000000715255737,0.550000011920929,1
1,-0.159423828125,0,4.64178466796875,0,1,0,0.18000000715255737,0.550000011920929,1
1,0.48931884765625,0,4.642822265625,0,1,0,0.18000000715255737,0.550000011920929,1
1,-0.17303466796875,0,4.65087890625,0,1,0,0.18000000715255737,0.550000011920929,1
1,0.17425537109375,0,4.650390625,0,1,0,0.18000000715255737,0.550000011920929,1
1,0.24029541015625,0,4.65557861328125,0,1,0,0.18000000715255737,0.550000011920929,1
1,-0.0819091796875,0,4.659912109375,0,1,0,0.18000000715255737,0.550000011920929,1
1,0.21453857421875,0,4.6617431640625,0,1,0,0.18000000715255737,0.550000011920929,1
1,0.0938720703125,0,5.3629150390625,0,1,0,0.18000000715255737,0.550000011920929,1
1,-0.20697021484375,0,5.3653564453125,0,1,0,0.18000000715255737,0.550000011920929,1
1,0.5667724609375,0,5.36663818359375,0,1,0,0.18000000715255737,0.550000011920929,1
1,-0.22320556640625,0,5.376220703125,0,1,0,0.18000000715255737,0.550000011920929,1
1,0.19097900390625,0,5.37567138671875,0,1,0,0.18000000715255737,0.550000011920929,1
1,0.26971435546875,0,5.38177490234375,0,1,0,0.18000000715255737,0.550000011920929,1
1,-0.114501953125,0,5.386962890625,0,1,0,0.18000000715255737,0.550000011920929,1
1,0.23907470703125,0,5.38916015625,0,1,0,0.18000000715255737,0.550000011920929,1
1,0.09490966796875,0,6.08416748046875,0,1,0,0.18000000715255737,0.550000011920929,1
1,-0.25439453125,0,6.0870361328125,0,1,0,0.18000000715255737,0.550000011920929,1
1,0.64398193359375,0,6.0885009765625,0,1,0,0.18000000715255737,0.550000011920929,1
1,-0.27325439453125,0,6.099609375,0,1,0,0.18000000715255737,0.550000011920929,1
1,0.2076416015625,0,6.09893798828125,0,1,0,0.18000000715255737,0.550000011920929,1
1,0.299072265625,0,6.1060791015625,0,1,0,0.18000000715255737,0.550000011920929,1
1,-0.1470947265625,0,6.11212158203125,0,1,0,0.18000000715255737,0.550000011920929,1
1,0.26348876953125,0,6.11468505859375,0,1,0,0.18000000715255737,0.550000011920929,1
1,0.095947265625,0,6.805419921875,0,1,0,0.18000000715255737,0.550000011920929,1
1,-0.3018798828125,0,6.80865478515625,0,1,0,0.18000000715255737,0.550000011920929,1
1,0.72119140625,0,6.81036376953125,0,1,0,0.18000000715255737,0.550000011920929,1
1,-0.32330322265625,0,6.822998046875,0,1,0,0.18000000715255737,0.550000011920929,1
1,0.22430419921875,0,6.822265625,0,1,0,0.18000000715255737,0.550000011920929,1
1,0.32843017578125,0,6.83038330078125,0,1,0,0.18000000715255737,0.550000011920929,1
1,-0.17962646484375,0,6.8372802734375,0,1,0,0.18000000715255737,0.550000011920929,1
1,0.28790283203125,0,6.84014892578125,0,1,0,0.18000000715255737,0.550000011920929,1
1,0.0968017578125,0,7.38671875,0,1,0,0.24122367799282074,0.550000011920929,1
1,0.08746337890625,0,0.28607177734375,0,1,0,0.18000000715255737,0.550000011920929,1
1,-0.34930419921875,0,7.53033447265625,0,1,0,0.18000000715255737,0.550000011920929,1
1,0.79840087890625,0,7.5322265625,0,1,0,0.18000000715255737,0.550000011920929,1
1,-0.37335205078125,0,7.54638671875,0,1,0,0.18000000715255737,0.550000011920929,1
1,0.240966796875,0,7.54559326171875,0,1,0,0.18000000715255737,0.550000011920929,1
1,0.3577880859375,0,7.5546875,0,1,0,0.18000000715255737,0.550000011920929,1
1,-0.212158203125,0,7.5623779296875,0,1,0,0.18000000715255737,0.550000011920929,1
1,0.31231689453125,0,7.56561279296875,0,1,0,0.18000000715255737,0.550000011920929,1
1,0.104736328125,0,1.614501953125,0,1,0,0.18000000715255737,0.550000011920929,1
1,0.02899169921875,0,1.6151123046875,0,1,0,0.18000000715255737,0.550000011920929,1
1,0.1658935546875,0,1.6151123046875,0,1,0,0.18000000715255737,0.550000011920929,1
1,0.045166015625,0,1.61676025390625,0,1,0,0.18000000715255737,0.550000011920929,1
1,0.09326171875,0,1.61669921875,0,1,0,0.18000000715255737,0.550000011920929,1
1,0.124755859375,0,1.61761474609375,0,1,0,0.18000000715255737,0.550000011920929,1
1,0.0531005859375,0,1.6185302734375,0,1,0,0.18000000715255737,0.550000011920929,1
1,0.1099853515625,0,1.61883544921875,0,1,0,0.18000000715255737,0.550000011920929,1
1,-0.396728515625,0,8.251953125,0,1,0,0.18000000715255737,0.550000011920929,1
1,0.87567138671875,0,8.2540283203125,0,1,0,0.18000000715255737,0.550000011920929,1
1,-0.42340087890625,0,8.269775390625,0,1,0,0.18000000715255737,0.550000011920929,1
1,0.25762939453125,0,8.26885986328125,0,1,0,0.18000000715255737,0.550000011920929,1
1,0.38714599609375,0,8.27899169921875,0,1,0,0.18000000715255737,0.550000011920929,1
1,-0.24468994140625,0,8.28753662109375,0,1,0,0.18000000715255737,0.550000011920929,1
1,0.33673095703125,0,8.2911376953125,0,1,0,0.18000000715255737,0.550000011920929,1
1,0.12200927734375,0,2.34295654296875,0,1,0,0.18000000715255737,0.550000011920929,1
1,-0.029541015625,0,2.3441162109375,0,1,0,0.18000000715255737,0.550000011920929,1
1,0.24432373046875,0,2.34423828125,0,1,0,0.18000000715255737,0.550000011920929,1
1,0.0028076171875,0,2.347412109375,0,1,0,0.18000000715255737,0.550000011920929,1
1,0.0989990234375,0,2.347412109375,0,1,0,0.18000000715255737,0.550000011920929,1
1,0.162109375,0,2.34912109375,0,1,0,0.18000000715255737,0.550000011920929,1
1,0.01873779296875,0,2.35101318359375,0,1,0,0.18000000715255737,0.550000011920929,1
1,0.13250732421875,0,2.3516845703125,0,1,0,0.18000000715255737,0.550000011920929,1
1,-0.46282958984375,0,8.83941650390625,0,1,0,0.27216771245002747,0.550000011920929,1
1,0.40435791015625,0,8.702880859375,0,1,0,0.27103531360626221,0.550000011920929,1
1,0.13861083984375,0,3.0404052734375,0,1,0,0.18000000715255737,0.550000011920929,1
1,-0.08551025390625,0,3.04217529296875,0,1,0,0.18000000715255737,0.550000011920929,1
1,0.31939697265625,0,3.04229736328125,0,1,0,0.18000000715255737,0.550000011920929,1
1,-0.03765869140625,0,3.04705810546875,0,1,0,0.18000000715255737,0.550000011920929,1
1,0.1044921875,0,3.0469970703125,0,1,0,0.18000000715255737,0.550000011920929,1
1,0.19781494140625,0,3.049560546875,0,1,0,0.18000000715255737,0.550000011920929,1
1,-0.01416015625,0,3.0523681640625,0,1,0,0.18000000715255737,0.550000011920929,1
1,0.154052734375,0,3.0533447265625,0,1,0,0.18000000715255737,0.550000011920929,1
1,-0.44415283203125,0,8.97357177734375,0,1,0,0.18000000715255737,0.550000011920929,1
1,0.952880859375,0,8.97589111328125,0,1,0,0.18000000715255737,0.550000011920929,1
1,0.27435302734375,0,8.9921875,0,1,0,0.18000000715255737,0.550000011920929,1
1,-0.2772216796875,0,9.01263427734375,0,1,0,0.18000000715255737,0.550000011920929,1
1,0.36114501953125,0,9.0166015625,0,1,0,0.18000000715255737,0.550000011920929,1
1,0.1572265625,0,3.8251953125,0,1,0,0.18000000715255737,0.550000011920929,1
1,-0.1485595703125,0,3.82763671875,0,1,0,0.18000000715255737,0.550000011920929,1
1,0.4039306640625,0,3.82781982421875,0,1,0,0.18000000715255737,0.550000011920929,1
1,-0.083251953125,0,3.834228515625,0,1,0,0.18000000715255737,0.550000011920929,1
1,0.1107177734375,0,3.83416748046875,0,1,0,0.18000000715255737,0.550000011920929,1
1,0.238037109375,0,3.83770751953125,0,1,0,0.18000000715255737,0.550000011920929,1
1,-0.05120849609375,0,3.841552734375,0,1,0,0.18000000715255737,0.550000011920929,1
1,0.17828369140625,0,3.84283447265625,0,1,0,0.18000000715255737,0.550000011920929,1
1,-0.4915771484375,0,9.69525146484375,0,1,0,0.18000000715255737,0.550000011920929,1
1,1.03009033203125,0,9.69775390625,0,1,0,0.18000000715255737,0.550000011920929,1
1,0.291015625,0,9.71551513671875,0,1,0,0.18000000715255737,0.550000011920929,1
1,-0.30975341796875,0,9.73779296875,0,1,0,0.18000000715255737,0.550000011920929,1
1,0.38555908203125,0,9.7420654296875,0,1,0,0.18000000715255737,0.550000011920929,1
1,1.046142578125,0,9.84796142578125,0,1,0,0.26998710632324219,0.550000011920929,1
1,0.176513671875,0,4.63922119140625,0,1,0,0.18000000715255737,0.550000011920929,1
1,-0.21392822265625,0,4.642333984375,0,1,0,0.18000000715255737,0.550000011920929,1
1,0.4915771484375,0,4.642578125,0,1,0,0.18000000715255737,0.550000011920929,1
1,-0.13055419921875,0,4.65081787109375,0,1,0,0.18000000715255737,0.550000011920929,1
1,0.1171875,0,4.65069580078125,0,1,0,0.18000000715255737,0.550000011920929,1
1,0.27978515625,0,4.65521240234375,0,1,0,0.18000000715255737,0.550000011920929,1
1,-0.089599609375,0,4.66009521484375,0,1,0,0.18000000715255737,0.550000011920929,1
1,0.20343017578125,0,4.6617431640625,0,1,0,0.18000000715255737,0.550000011920929,1
1,-0.5390625,0,10.4168701171875,0,1,0,0.18000000715255737,0.550000011920929,1
1,0.30767822265625,0,10.43878173828125,0,1,0,0.18000000715255737,0.550000011920929,1
1,-0.34234619140625,0,10.462890625,0,1,0,0.18000000715255737,0.550000011920929,1
1,0.4100341796875,0,10.46759033203125,0,1,0,0.18000000715255737,0.550000011920929,1
1,-0.35162353515625,0,10.67108154296875,0,1,0,0.28637471795082092,0.550000011920929,1
1,0.41455078125,0,10.60247802734375,0,1,0,0.26238083839416504,0.550000011920929,1
1,0.19366455078125,0,5.3623046875,0,1,0,0.18000000715255737,0.550000011920929,1
1,-0.27197265625,0,5.36602783203125,0,1,0,0.18000000715255737,0.550000011920929,1
1,0.5694580078125,0,5.36627197265625,0,1,0,0.18000000715255737,0.550000011920929,1
1,-0.17254638671875,0,5.3760986328125,0,1,0,0.18000000715255737,0.550000011920929,1
1,0.1229248046875,0,5.37603759765625,0,1,0,0.18000000715255737,0.550000011920929,1
1,0.3167724609375,0,5.38140869140625,0,1,0,0.18000000715255737,0.550000011920929,1
1,-0.12371826171875,0,5.38720703125,0,1,0,0.18000000715255737,0.550000011920929,1
1,0.22576904296875,0,5.38916015625,0,1,0,0.18000000715255737,0.550000011920929,1
1,-0.58648681640625,0,11.1385498046875,0,1,0,0.18000000715255737,0.550000011920929,1
1,0.3243408203125,0,11.162109375,0,1,0,0.18000000715255737,0.550000011920929,1
1,0.2108154296875,0,6.08343505859375,0,1,0,0.18000000715255737,0.550000011920929,1
1,-0.32989501953125,0,6.0877685546875,0,1,0,0.18000000715255737,0.550000011920929,1
1,0.6470947265625,0,6.08807373046875,0,1,0,0.18000000715255737,0.550000011920929,1
1,-0.2144775390625,0,6.0994873046875,0,1,0,0.18000000715255737,0.550000011920929,1
1,0.12860107421875,0,6.099365234375,0,1,0,0.18000000715255737,0.550000011920929,1
1,0.353759765625,0,6.1055908203125,0,1,0,0.18000000715255737,0.550000011920929,1
1,-0.15777587890625,0,6.11236572265625,0,1,0,0.18000000715255737,0.550000011920929,1
1,0.24810791015625,0,6.11468505859375,0,1,0,0.18000000715255737,0.550000011920929,1
1,-0.6339111328125,0,11.86016845703125,0,1,0,0.18000000715255737,0.550000011920929,1
1,0.34100341796875,0,11.8853759765625,0,1,0,0.18000000715255737,0.550000011920929,1
1,0.2279052734375,0,6.80462646484375,0,1,0,0.18000000715255737,0.550000011920929,1
1,-0.3878173828125,0,6.80950927734375,0,1,0,0.18000000715255737,0.550000011920929,1
1,0.7247314453125,0,6.80987548828125,0,1,0,0.18000000715255737,0.550000011920929,1
1,-0.25634765625,0,6.8228759765625,0,1,0,0.18000000715255737,0.550000011920929,1
1,0.13433837890625,0,6.82275390625,0,1,0,0.18000000715255737,0.550000011920929,1
1,0.39068603515625,0,6.829833984375,0,1,0,0.18000000715255737,0.550000011920929,1
1,-0.1917724609375,0,6.8375244140625,0,1,0,0.18000000715255737,0.550000011920929,1
1,0.2703857421875,0,6.84014892578125,0,1,0,0.18000000715255737,0.550000011920929,1
1,-0.68133544921875,0,12.58184814453125,0,1,0,0.18000000715255737,0.550000011920929,1
1,-0.68719482421875,0,12.6705322265625,0,1,0,0.26992246508598328,0.550000011920929,1
1,0.3563232421875,0,12.54827880859375,0,1,0,0.31618037819862366,0.550000011920929,1
1,0.08746337890625,0,0.28607177734375,0,1,0,0.18000000715255737,0.550000011920929,1
1,0.2423095703125,0,7.4107666015625,0,1,0,0.26857563853263855,0.550000011920929,1
1,-0.44573974609375,0,7.53125,0,1,0,0.18000000715255737,0.550000011920929,1
1,0.8023681640625,0,7.53167724609375,0,1,0,0.18000000715255737,0.550000011920929,1
1,-0.2982177734375,0,7.5462646484375,0,1,0,0.18000000715255737,0.550000011920929,1
1,0.1400146484375,0,7.546142578125,0,1,0,0.18000000715255737,0.550000011920929,1
1,0.42767333984375,0,7.5540771484375,0,1,0,0.18000000715255737,0.550000011920929,1
1,-0.22576904296875,0,7.562744140625,0,1,0,0.18000000715255737,0.550000011920929,1
1,0.29266357421875,0,7.56561279296875,0,1,0,0.18000000715255737,0.550000011920929,1
1,0.1390380859375,0,1.6142578125,0,1,0,0.18000000715255737,0.550000011920929,1
1,0.01361083984375,0,1.61529541015625,0,1,0,0.18000000715255737,0.550000011920929,1
1,0.15728759765625,0,1.61505126953125,0,1,0,0.18000000715255737,0.550000011920929,1
1,0.06939697265625,0,1.61663818359375,0,1,0,0.18000000715255737,0.550000011920929,1
1,0.0684814453125,0,1.61688232421875,0,1,0,0.18000000715255737,0.550000011920929,1
1,0.13751220703125,0,1.617431640625,0,1,0,0.18000000715255737,0.550000011920929,1
1,0.05474853515625,0,1.61859130859375,0,1,0,0.18000000715255737,0.550000011920929,1
1,0.10284423828125,0,1.618896484375,0,1,0,0.18000000715255737,0.550000011920929,1
1,-0.503662109375,0,8.25299072265625,0,1,0,0.18000000715255737,0.550000011920929,1
1,0.8800048828125,0,8.25347900390625,0,1,0,0.18000000715255737,0.550000011920929,1
1,-0.34014892578125,0,8.2696533203125,0,1,0,0.18000000715255737,0.550000011920929,1
1,0.145751953125,0,8.26947021484375,0,1,0,0.18000000715255737,0.550000011920929,1
1,0.464599609375,0,8.2783203125,0,1,0,0.18000000715255737,0.550000011920929,1
1,-0.25982666015625,0,8.28790283203125,0,1,0,0.18000000715255737,0.550000011920929,1
1,0.31494140625,0,8.2911376953125,0,1,0,0.18000000715255737,0.550000011920929,1
1,0.19061279296875,0,2.3424072265625,0,1,0,0.18000000715255737,0.550000011920929,1
1,-0.0601806640625,0,2.34454345703125,0,1,0,0.18000000715255737,0.550000011920929,1
1,0.22711181640625,0,2.3441162109375,0,1,0,0.18000000715255737,0.550000011920929,1
1,0.0513916015625,0,2.34722900390625,0,1,0,0.18000000715255737,0.550000011920929,1
1,0.049560546875,0,2.34771728515625,0,1,0,0.18000000715255737,0.550000011920929,1
1,0.18756103515625,0,2.348876953125,0,1,0,0.18000000715255737,0.550000011920929,1
1,0.0220947265625,0,2.35113525390625,0,1,0,0.18000000715255737,0.550000011920929,1
1,0.11822509765625,0,2.3516845703125,0,1,0,0.18000000715255737,0.550000011920929,1
1,-0.3551025390625,0,8.529052734375,0,1,0,0.256574422121048,0.550000011920929,1
1,0.24005126953125,0,3.0396728515625,0,1,0,0.18000000715255737,0.550000011920929,1
1,-0.13092041015625,0,3.04278564453125,0,1,0,0.18000000715255737,0.550000011920929,1
1,0.29400634765625,0,3.0421142578125,0,1,0,0.18000000715255737,0.550000011920929,1
1,0.03411865234375,0,3.04681396484375,0,1,0,0.18000000715255737,0.550000011920929,1
1,0.03143310546875,0,3.0474853515625,0,1,0,0.18000000715255737,0.550000011920929,1
1,0.2354736328125,0,3.0491943359375,0,1,0,0.18000000715255737,0.550000011920929,1
1,-0.00921630859375,0,3.05255126953125,0,1,0,0.18000000715255737,0.550000011920929,1
1,0.13299560546875,0,3.05340576171875,0,1,0,0.18000000715255737,0.550000011920929,1
1,-0.5615234375,0,8.9747314453125,0,1,0,0.18000000715255737,0.550000011920929,1
1,0.9576416015625,0,8.97528076171875,0,1,0,0.18000000715255737,0.550000011920929,1
1,0.15142822265625,0,8.99285888671875,0,1,0,0.18000000715255737,0.550000011920929,1
1,0.49542236328125,0,8.8831787109375,0,1,0,0.263396292924881,0.550000011920929,1
1,-0.2938232421875,0,9.0130615234375,0,1,0,0.18000000715255737,0.550000011920929,1
1,0.33721923828125,0,9.0166015625,0,1,0,0.18000000715255737,0.550000011920929,1
1,0.29559326171875,0,3.82415771484375,0,1,0,0.18000000715255737,0.550000011920929,1
1,-0.21044921875,0,3.82843017578125,0,1,0,0.18000000715255737,0.550000011920929,1
1,0.36920166015625,0,3.8275146484375,0,1,0,0.18000000715255737,0.550000011920929,1
1,0.0146484375,0,3.83392333984375,0,1,0,0.18000000715255737,0.550000011920929,1
1,0.010986328125,0,3.8348388671875,0,1,0,0.18000000715255737,0.550000011920929,1
1,0.28936767578125,0,3.837158203125,0,1,0,0.18000000715255737,0.550000011920929,1
1,-0.04443359375,0,3.84173583984375,0,1,0,0.18000000715255737,0.550000011920929,1
1,0.1495361328125,0,3.8428955078125,0,1,0,0.18000000715255737,0.550000011920929,1
1,-0.61944580078125,0,9.696533203125,0,1,0,0.18000000715255737,0.550000011920929,1
1,1.03533935546875,0,9.69708251953125,0,1,0,0.18000000715255737,0.550000011920929,1
1,0.15716552734375,0,9.71624755859375,0,1,0,0.18000000715255737,0.550000011920929,1
1,-0.327880859375,0,9.73822021484375,0,1,0,0.18000000715255737,0.550000011920929,1
1,0.3594970703125,0,9.7420654296875,0,1,0,0.18000000715255737,0.550000011920929,1
1,0.353271484375,0,4.637939453125,0,1,0,0.18000000715255737,0.550000011920929,1
1,-0.29296875,0,4.64337158203125,0,1,0,0.18000000715255737,0.550000011920929,1
1,0.447265625,0,4.6422119140625,0,1,0,0.18000000715255737,0.550000011920929,1
1,-0.0054931640625,0,4.65032958984375,0,1,0,0.18000000715255737,0.550000011920929,1
1,-0.01019287109375,0,4.65155029296875,0,1,0,0.18000000715255737,0.550000011920929,1
1,0.34527587890625,0,4.65447998046875,0,1,0,0.18000000715255737,0.550000011920929,1
1,-0.08099365234375,0,4.660400390625,0,1,0,0.18000000715255737,0.550000011920929,1
1,0.166748046875,0,4.661865234375,0,1,0,0.18000000715255737,0.550000011920929,1
1,-0.6773681640625,0,10.41827392578125,0,1,0,0.18000000715255737,0.550000011920929,1
1,1.10711669921875,0,10.36444091796875,0,1,0,0.25496146082878113,0.550000011920929,1
1,0.16290283203125,0,10.4395751953125,0,1,0,0.18000000715255737,0.550000011920929,1
1,-0.3587646484375,0,10.396728515625,0,1,0,0.29810711741447449,0.550000011920929,1
1,0.38177490234375,0,10.467529296875,0,1,0,0.18000000715255737,0.550000011920929,1
1,0.3902587890625,0,10.7432861328125,0,1,0,0.27200895547866821,0.550000011920929,1
1,0.40447998046875,0,5.36077880859375,0,1,0,0.18000000715255737,0.550000011920929,1
1,-0.3662109375,0,5.3673095703125,0,1,0,0.18000000715255737,0.550000011920929,1
1,0.51654052734375,0,5.36590576171875,0,1,0,0.18000000715255737,0.550000011920929,1
1,-0.02337646484375,0,5.3756103515625,0,1,0,0.18000000715255737,0.550000011920929,1
1,-0.02899169921875,0,5.37701416015625,0,1,0,0.18000000715255737,0.550000011920929,1
1,0.39495849609375,0,5.3804931640625,0,1,0,0.18000000715255737,0.550000011920929,1
1,-0.11346435546875,0,5.38751220703125,0,1,0,0.18000000715255737,0.550000011920929,1
1,0.1820068359375,0,5.3892822265625,0,1,0,0.18000000715255737,0.550000011920929,1
1,-0.73529052734375,0,11.1400146484375,0,1,0,0.18000000715255737,0.550000011920929,1
1,0.1685791015625,0,11.1629638671875,0,1,0,0.18000000715255737,0.550000011920929,1
1,0.45550537109375,0,6.0816650390625,0,1,0,0.18000000715255737,0.550000011920929,1
1,-0.4393310546875,0,6.0892333984375,0,1,0,0.18000000715255737,0.550000011920929,1
1,0.585693359375,0,6.087646484375,0,1,0,0.18000000715255737,0.550000011920929,1
1,-0.041259765625,0,6.098876953125,0,1,0,0.18000000715255737,0.550000011920929,1
1,-0.04779052734375,0,6.1005859375,0,1,0,0.18000000715255737,0.550000011920929,1
1,0.4444580078125,0,6.1046142578125,0,1,0,0.18000000715255737,0.550000011920929,1
1,-0.14581298828125,0,6.11273193359375,0,1,0,0.18000000715255737,0.550000011920929,1
1,0.197265625,0,6.11480712890625,0,1,0,0.18000000715255737,0.550000011920929,1
1,-0.793212890625,0,11.86175537109375,0,1,0,0.18000000715255737,0.550000011920929,1
1,0.17431640625,0,11.88629150390625,0,1,0,0.18000000715255737,0.550000011920929,1
1,-0.82098388671875,0,12.20849609375,0,1,0,0.30522704124450684,0.550000011920929,1
1,0.506591796875,0,6.80255126953125,0,1,0,0.18000000715255737,0.550000011920929,1
1,-0.512451171875,0,6.81121826171875,0,1,0,0.18000000715255737,0.550000011920929,1
1,0.65484619140625,0,6.80938720703125,0,1,0,0.18000000715255737,0.550000011920929,1
1,-0.05914306640625,0,6.82220458984375,0,1,0,0.18000000715255737,0.550000011920929,1
1,-0.0665283203125,0,6.8240966796875,0,1,0,0.18000000715255737,0.550000011920929,1
1,0.4940185546875,0,6.82867431640625,0,1,0,0.18000000715255737,0.550000011920929,1
1,-0.17816162109375,0,6.83795166015625,0,1,0,0.18000000715255737,0.550000011920929,1
1,0.21246337890625,0,6.84027099609375,0,1,0,0.18000000715255737,0.550000011920929,1
1,0.17999267578125,0,12.60638427734375,0,1,0,0.29904785752296448,0.550000011920929,1
1,0.08746337890625,0,0.28607177734375,0,1,0,0.18000000715255737,0.550000011920929,1
1,0.55767822265625,0,7.52349853515625,0,1,0,0.18000000715255737,0.550000011920929,1
1,-0.58551025390625,0,7.53314208984375,0,1,0,0.18000000715255737,0.550000011920929,1
1,0.72393798828125,0,7.53106689453125,0,1,0,0.18000000715255737,0.550000011920929,1
1,-0.07696533203125,0,7.54547119140625,0,1,0,0.18000000715255737,0.550000011920929,1
1,-0.0853271484375,0,7.547607421875,0,1,0,0.18000000715255737,0.550000011920929,1
1,0.5435791015625,0,7.55279541015625,0,1,0,0.18000000715255737,0.550000011920929,1
1,-0.21051025390625,0,7.563232421875,0,1,0,0.18000000715255737,0.550000011920929,1
1,0.22772216796875,0,7.5657958984375,0,1,0,0.18000000715255737,0.550000011920929,1
1,0.575439453125,0,7.7745361328125,0,1,0,0.29279285669326782,0.550000011920929,1
1,0.1046142578125,0,1.614501953125,0,1,0,0.18000000715255737,0.550000011920929,1
1,0.029052734375,0,1.6151123046875,0,1,0,0.18000000715255737,0.550000011920929,1
1,0.1658935546875,0,1.6151123046875,0,1,0,0.18000000715255737,0.550000011920929,1
1,0.0450439453125,0,1.61676025390625,0,1,0,0.18000000715255737,0.550000011920929,1
1,0.09332275390625,0,1.61669921875,0,1,0,0.18000000715255737,0.550000011920929,1
1,0.12469482421875,0,1.61761474609375,0,1,0,0.18000000715255737,0.550000011920929,1
1,0.0531005859375,0,1.6185302734375,0,1,0,0.18000000715255737,0.550000011920929,1
1,0.1099853515625,0,1.61883544921875,0,1,0,0.18000000715255737,0.550000011920929,1
1,-0.08984375,0,8.06536865234375,0,1,0,0.31970807909965515,0.550000011920929,1
1,-0.65863037109375,0,8.255126953125,0,1,0,0.18000000715255737,0.550000011920929,1
1,0.7930908203125,0,8.2528076171875,0,1,0,0.18000000715255737,0.550000011920929,1
1,-0.10406494140625,0,8.2711181640625,0,1,0,0.18000000715255737,0.550000011920929,1
1,0.59307861328125,0,8.27685546875,0,1,0,0.18000000715255737,0.550000011920929,1
1,-0.242919921875,0,8.2884521484375,0,1,0,0.18000000715255737,0.550000011920929,1
1,0.242919921875,0,8.291259765625,0,1,0,0.18000000715255737,0.550000011920929,1
1,0.1217041015625,0,2.34295654296875,0,1,0,0.18000000715255737,0.550000011920929,1
1,-0.02935791015625,0,2.3441162109375,0,1,0,0.18000000715255737,0.550000011920929,1
1,0.24432373046875,0,2.34423828125,0,1,0,0.18000000715255737,0.550000011920929,1
1,0.002685546875,0,2.347412109375,0,1,0,0.18000000715255737,0.550000011920929,1
1,0.0992431640625,0,2.347412109375,0,1,0,0.18000000715255737,0.550000011920929,1
1,0.1619873046875,0,2.34912109375,0,1,0,0.18000000715255737,0.550000011920929,1
1,0.01873779296875,0,2.35101318359375,0,1,0,0.18000000715255737,0.550000011920929,1
1,0.13250732421875,0,2.3516845703125,0,1,0,0.18000000715255737,0.550000011920929,1
1,0.13812255859375,0,3.0404052734375,0,1,0,0.18000000715255737,0.550000011920929,1
1,-0.08526611328125,0,3.04217529296875,0,1,0,0.18000000715255737,0.550000011920929,1
1,0.3194580078125,0,3.0423583984375,0,1,0,0.18000000715255737,0.550000011920929,1
1,-0.0379638671875,0,3.04705810546875,0,1,0,0.18000000715255737,0.550000011920929,1
1,0.1048583984375,0,3.0469970703125,0,1,0,0.18000000715255737,0.550000011920929,1
1,0.1976318359375,0,3.04962158203125,0,1,0,0.18000000715255737,0.550000011920929,1
1,-0.01416015625,0,3.0523681640625,0,1,0,0.18000000715255737,0.550000011920929,1
1,0.15411376953125,0,3.0533447265625,0,1,0,0.18000000715255737,0.550000011920929,1
1,-0.731689453125,0,8.97705078125,0,1,0,0.18000000715255737,0.550000011920929,1
1,0.8621826171875,0,8.97454833984375,0,1,0,0.18000000715255737,0.550000011920929,1
1,-0.12286376953125,0,8.99468994140625,0,1,0,0.18000000715255737,0.550000011920929,1
1,0.64263916015625,0,9.0009765625,0,1,0,0.18000000715255737,0.550000011920929,1
1,-0.2752685546875,0,9.013671875,0,1,0,0.18000000715255737,0.550000011920929,1
1,0.2581787109375,0,9.01678466796875,0,1,0,0.18000000715255737,0.550000011920929,1
1,0.67431640625,0,9.4644775390625,0,1,0,0.31496730446815491,0.550000011920929,1
1,0.15655517578125,0,3.8251953125,0,1,0,0.18000000715255737,0.550000011920929,1
1,-0.148193359375,0,3.82763671875,0,1,0,0.18000000715255737,0.550000011920929,1
1,0.4039306640625,0,3.82781982421875,0,1,0,0.18000000715255737,0.550000011920929,1
1,-0.0836181640625,0,3.834228515625,0,1,0,0.18000000715255737,0.550000011920929,1
1,0.11114501953125,0,3.83416748046875,0,1,0,0.18000000715255737,0.550000011920929,1
1,0.23779296875,0,3.83770751953125,0,1,0,0.18000000715255737,0.550000011920929,1
1,-0.0511474609375,0,3.841552734375,0,1,0,0.18000000715255737,0.550000011920929,1
1,0.17840576171875,0,3.84283447265625,0,1,0,0.18000000715255737,0.550000011920929,1
1,-0.8048095703125,0,9.69903564453125,0,1,0,0.18000000715255737,0.550000011920929,1
1,0.93133544921875,0,9.6962890625,0,1,0,0.18000000715255737,0.550000011920929,1
1,-0.1416015625,0,9.71820068359375,0,1,0,0.18000000715255737,0.550000011920929,1
1,-0.3076171875,0,9.7388916015625,0,1,0,0.18000000715255737,0.550000011920929,1
1,-0.309814453125,0,9.78826904296875,0,1,0,0.26179739832878113,0.550000011920929,1
1,0.2734375,0,9.7423095703125,0,1,0,0.18000000715255737,0.550000011920929,1
1,0.17572021484375,0,4.63922119140625,0,1,0,0.18000000715255737,0.550000011920929,1
1,-0.21343994140625,0,4.642333984375,0,1,0,0.18000000715255737,0.550000011920929,1
1,0.49163818359375,0,4.642578125,0,1,0,0.18000000715255737,0.550000011920929,1
1,-0.1309814453125,0,4.65081787109375,0,1,0,0.18000000715255737,0.550000011920929,1
1,0.11773681640625,0,4.65069580078125,0,1,0,0.18000000715255737,0.550000011920929,1
1,0.2794189453125,0,4.65521240234375,0,1,0,0.18000000715255737,0.550000011920929,1
1,-0.08953857421875,0,4.66009521484375,0,1,0,0.18000000715255737,0.550000011920929,1
1,0.20355224609375,0,4.6617431640625,0,1,0,0.18000000715255737,0.550000011920929,1
1,-0.8779296875,0,10.42095947265625,0,1,0,0.18000000715255737,0.550000011920929,1
1,1.00048828125,0,10.41802978515625,0,1,0,0.18000000715255737,0.550000011920929,1
1,-0.16033935546875,0,10.44171142578125,0,1,0,0.18000000715255737,0.550000011920929,1
1,0.28863525390625,0,10.4677734375,0,1,0,0.18000000715255737,0.550000011920929,1
1,-0.9326171875,0,10.9610595703125,0,1,0,0.25728079676628113,0.550000011920929,1
1,0.2996826171875,0,10.99261474609375,0,1,0,0.315176397562027,0.550000011920929,1
1,0.1927490234375,0,5.3623046875,0,1,0,0.18000000715255737,0.550000011920929,1
1,-0.27142333984375,0,5.365966796875,0,1,0,0.18000000715255737,0.550000011920929,1
1,0.5694580078125,0,5.36627197265625,0,1,0,0.18000000715255737,0.550000011920929,1
1,-0.173095703125,0,5.3760986328125,0,1,0,0.18000000715255737,0.550000011920929,1
1,0.12359619140625,0,5.37603759765625,0,1,0,0.18000000715255737,0.550000011920929,1
1,0.31640625,0,5.38140869140625,0,1,0,0.18000000715255737,0.550000011920929,1
1,-0.1236572265625,0,5.38720703125,0,1,0,0.18000000715255737,0.550000011920929,1
1,0.2259521484375,0,5.38916015625,0,1,0,0.18000000715255737,0.550000011920929,1
1,1.069580078125,0,11.1397705078125,0,1,0,0.18000000715255737,0.550000011920929,1
1,-0.17913818359375,0,11.165283203125,0,1,0,0.18000000715255737,0.550000011920929,1
1,1.10955810546875,0,11.55682373046875,0,1,0,0.29926854372024536,0.550000011920929,1
1,0.20965576171875,0,6.08349609375,0,1,0,0.18000000715255737,0.550000011920929,1
1,-0.3292236328125,0,6.0877685546875,0,1,0,0.18000000715255737,0.550000011920929,1
1,0.64715576171875,0,6.08807373046875,0,1,0,0.18000000715255737,0.550000011920929,1
1,-0.215087890625,0,6.0994873046875,0,1,0,0.18000000715255737,0.550000011920929,1
1,0.12939453125,0,6.099365234375,0,1,0,0.18000000715255737,0.550000011920929,1
1,0.353271484375,0,6.10565185546875,0,1,0,0.18000000715255737,0.550000011920929,1
1,-0.15771484375,0,6.11236572265625,0,1,0,0.18000000715255737,0.550000011920929,1
1,0.24822998046875,0,6.11468505859375,0,1,0,0.18000000715255737,0.550000011920929,1
1,-0.1978759765625,0,11.8887939453125,0,1,0,0.18000000715255737,0.550000011920929,1
1,-0.2113037109375,0,12.40557861328125,0,1,0,0.25597652792930603,0.550000011920929,1
1,0.22662353515625,0,6.80462646484375,0,1,0,0.18000000715255737,0.550000011920929,1
1,-0.3870849609375,0,6.80950927734375,0,1,0,0.18000000715255737,0.550000011920929,1
1,0.72479248046875,0,6.80987548828125,0,1,0,0.18000000715255737,0.550000011920929,1
1,-0.257080078125,0,6.8228759765625,0,1,0,0.18000000715255737,0.550000011920929,1
1,0.13519287109375,0,6.82275390625,0,1,0,0.18000000715255737,0.550000011920929,1
1,0.39013671875,0,6.829833984375,0,1,0,0.18000000715255737,0.550000011920929,1
1,-0.19171142578125,0,6.8375244140625,0,1,0,0.18000000715255737,0.550000011920929,1
1,0.27056884765625,0,6.84014892578125,0,1,0,0.18000000715255737,0.550000011920929,1
1,0.08746337890625,0,0.28607177734375,0,1,0,0.18000000715255737,0.550000011920929,1
1,0.24090576171875,0,7.41021728515625,0,1,0,0.29268452525138855,0.550000011920929,1
1,-0.44488525390625,0,7.53125,0,1,0,0.18000000715255737,0.550000011920929,1
1,0.80242919921875,0,7.53167724609375,0,1,0,0.18000000715255737,0.550000011920929,1
1,-0.29901123046875,0,7.5462646484375,0,1,0,0.18000000715255737,0.550000011920929,1
1,0.1409912109375,0,7.546142578125,0,1,0,0.18000000715255737,0.550000011920929,1
1,0.427001953125,0,7.5540771484375,0,1,0,0.18000000715255737,0.550000011920929,1
1,-0.2257080078125,0,7.562744140625,0,1,0,0.18000000715255737,0.550000011920929,1
1,0.2928466796875,0,7.56561279296875,0,1,0,0.18000000715255737,0.550000011920929,1
1,0.17779541015625,0,1.61376953125,0,1,0,0.18000000715255737,0.550000011920929,1
1,0.02667236328125,0,1.615478515625,0,1,0,0.18000000715255737,0.550000011920929,1
1,0.10638427734375,0,1.615234375,0,1,0,0.18000000715255737,0.550000011920929,1
1,0.1265869140625,0,1.61627197265625,0,1,0,0.18000000715255737,0.550000011920929,1
1,0.0347900390625,0,1.61724853515625,0,1,0,0.18000000715255737,0.550000011920929,1
1,0.1368408203125,0,1.6173095703125,0,1,0,0.18000000715255737,0.550000011920929,1
1,0.07757568359375,0,1.6185302734375,0,1,0,0.18000000715255737,0.550000011920929,1
1,0.08367919921875,0,1.61895751953125,0,1,0,0.18000000715255737,0.550000011920929,1
1,-0.502685546875,0,8.25299072265625,0,1,0,0.18000000715255737,0.550000011920929,1
1,0.880126953125,0,8.25347900390625,0,1,0,0.18000000715255737,0.550000011920929,1
1,-0.34100341796875,0,8.2696533203125,0,1,0,0.18000000715255737,0.550000011920929,1
1,0.1468505859375,0,8.26947021484375,0,1,0,0.18000000715255737,0.550000011920929,1
1,0.46392822265625,0,8.2783203125,0,1,0,0.18000000715255737,0.550000011920929,1
1,-0.259765625,0,8.28790283203125,0,1,0,0.18000000715255737,0.550000011920929,1
1,0.315185546875,0,8.2911376953125,0,1,0,0.18000000715255737,0.550000011920929,1
1,0.26812744140625,0,2.34149169921875,0,1,0,0.18000000715255737,0.550000011920929,1
1,-0.0341796875,0,2.34490966796875,0,1,0,0.18000000715255737,0.550000011920929,1
1,0.125244140625,0,2.34442138671875,0,1,0,0.18000000715255737,0.550000011920929,1
1,0.16571044921875,0,2.3465576171875,0,1,0,0.18000000715255737,0.550000011920929,1
1,-0.017822265625,0,2.348388671875,0,1,0,0.18000000715255737,0.550000011920929,1
1,0.186279296875,0,2.3485107421875,0,1,0,0.18000000715255737,0.550000011920929,1
1,0.0677490234375,0,2.35107421875,0,1,0,0.18000000715255737,0.550000011920929,1
1,0.07989501953125,0,2.3519287109375,0,1,0,0.18000000715255737,0.550000011920929,1
1,-0.356201171875,0,8.5318603515625,0,1,0,0.24822323024272919,0.550000011920929,1
1,0.49456787109375,0,8.881103515625,0,1,0,0.30191805958747864,0.550000011920929,1
1,0.35467529296875,0,3.03826904296875,0,1,0,0.18000000715255737,0.550000011920929,1
1,-0.0924072265625,0,3.0433349609375,0,1,0,0.18000000715255737,0.550000011920929,1
1,0.14337158203125,0,3.0426025390625,0,1,0,0.18000000715255737,0.550000011920929,1
1,0.203125,0,3.04571533203125,0,1,0,0.18000000715255737,0.550000011920929,1
1,-0.0682373046875,0,3.04852294921875,0,1,0,0.18000000715255737,0.550000011920929,1
1,0.2335205078125,0,3.0487060546875,0,1,0,0.18000000715255737,0.550000011920929,1
1,0.05828857421875,0,3.05242919921875,0,1,0,0.18000000715255737,0.550000011920929,1
1,0.0762939453125,0,3.0537109375,0,1,0,0.18000000715255737,0.550000011920929,1
1,-0.560546875,0,8.9747314453125,0,1,0,0.18000000715255737,0.550000011920929,1
1,0.957763671875,0,8.97528076171875,0,1,0,0.18000000715255737,0.550000011920929,1
1,0.15264892578125,0,8.99285888671875,0,1,0,0.18000000715255737,0.550000011920929,1
1,-0.29376220703125,0,9.0130615234375,0,1,0,0.18000000715255737,0.550000011920929,1
1,0.3375244140625,0,9.0166015625,0,1,0,0.18000000715255737,0.550000011920929,1
1,0.45196533203125,0,3.822265625,0,1,0,0.18000000715255737,0.550000011920929,1
1,-0.15789794921875,0,3.82916259765625,0,1,0,0.18000000715255737,0.550000011920929,1
1,0.1636962890625,0,3.82818603515625,0,1,0,0.18000000715255737,0.550000011920929,1
1,0.2452392578125,0,3.83245849609375,0,1,0,0.18000000715255737,0.550000011920929,1
1,-0.12493896484375,0,3.83624267578125,0,1,0,0.18000000715255737,0.550000011920929,1
1,0.2867431640625,0,3.83648681640625,0,1,0,0.18000000715255737,0.550000011920929,1
1,0.04766845703125,0,3.84161376953125,0,1,0,0.18000000715255737,0.550000011920929,1
1,0.07220458984375,0,3.84332275390625,0,1,0,0.18000000715255737,0.550000011920929,1
1,-0.61834716796875,0,9.69647216796875,0,1,0,0.18000000715255737,0.550000011920929,1
1,1.035400390625,0,9.69708251953125,0,1,0,0.18000000715255737,0.550000011920929,1
1,0.158447265625,0,9.7161865234375,0,1,0,0.18000000715255737,0.550000011920929,1
1,-0.3277587890625,0,9.73822021484375,0,1,0,0.18000000715255737,0.550000011920929,1
1,0.35980224609375,0,9.7420654296875,0,1,0,0.18000000715255737,0.550000011920929,1
1,0.552978515625,0,4.635498046875,0,1,0,0.18000000715255737,0.550000011920929,1
1,-0.225830078125,0,4.64434814453125,0,1,0,0.18000000715255737,0.550000011920929,1
1,0.184814453125,0,4.64300537109375,0,1,0,0.18000000715255737,0.550000011920929,1
1,0.2889404296875,0,4.64849853515625,0,1,0,0.18000000715255737,0.550000011920929,1
1,-0.18377685546875,0,4.6533203125,0,1,0,0.18000000715255737,0.550000011920929,1
1,0.34197998046875,0,4.6536865234375,0,1,0,0.18000000715255737,0.550000011920929,1
1,0.03668212890625,0,4.66015625,0,1,0,0.18000000715255737,0.550000011920929,1
1,0.06793212890625,0,4.66241455078125,0,1,0,0.18000000715255737,0.550000011920929,1
1,-0.6761474609375,0,10.418212890625,0,1,0,0.18000000715255737,0.550000011920929,1
1,1.106689453125,0,10.359375,0,1,0,0.2559744119644165,0.550000011920929,1
1,0.164306640625,0,10.4395751953125,0,1,0,0.18000000715255737,0.550000011920929,1
1,-0.35882568359375,0,10.3995361328125,0,1,0,0.25834640860557556,0.550000011920929,1
1,0.38214111328125,0,10.467529296875,0,1,0,0.18000000715255737,0.550000011920929,1
1,0.3905029296875,0,10.74200439453125,0,1,0,0.27040585875511169,0.550000011920929,1
1,0.64263916015625,0,5.35784912109375,0,1,0,0.18000000715255737,0.550000011920929,1
1,-0.28619384765625,0,5.368408203125,0,1,0,0.18000000715255737,0.550000011920929,1
1,0.20355224609375,0,5.3668212890625,0,1,0,0.18000000715255737,0.550000011920929,1
1,0.32781982421875,0,5.37335205078125,0,1,0,0.18000000715255737,0.550000011920929,1
1,-0.236083984375,0,5.379150390625,0,1,0,0.18000000715255737,0.550000011920929,1
1,0.3909912109375,0,5.3795166015625,0,1,0,0.18000000715255737,0.550000011920929,1
1,0.02691650390625,0,5.38726806640625,0,1,0,0.18000000715255737,0.550000011920929,1
1,0.064208984375,0,5.38995361328125,0,1,0,0.18000000715255737,0.550000011920929,1
1,-0.7340087890625,0,11.1400146484375,0,1,0,0.18000000715255737,0.550000011920929,1
1,0.17010498046875,0,11.1629638671875,0,1,0,0.18000000715255737,0.550000011920929,1
1,0.7320556640625,0,6.07830810546875,0,1,0,0.18000000715255737,0.550000011920929,1
1,-0.346435546875,0,6.09051513671875,0,1,0,0.18000000715255737,0.550000011920929,1
1,0.2222900390625,0,6.0887451171875,0,1,0,0.18000000715255737,0.550000011920929,1
1,0.36651611328125,0,6.0963134765625,0,1,0,0.18000000715255737,0.550000011920929,1
1,-0.2882080078125,0,6.10302734375,0,1,0,0.18000000715255737,0.550000011920929,1
1,0.43988037109375,0,6.10345458984375,0,1,0,0.18000000715255737,0.550000011920929,1
1,0.01715087890625,0,6.11248779296875,0,1,0,0.18000000715255737,0.550000011920929,1
1,0.0604248046875,0,6.11553955078125,0,1,0,0.18000000715255737,0.550000011920929,1
1,-0.79180908203125,0,11.86175537109375,0,1,0,0.18000000715255737,0.550000011920929,1
1,0.1759033203125,0,11.88629150390625,0,1,0,0.18000000715255737,0.550000011920929,1
1,-0.82000732421875,0,12.2132568359375,0,1,0,0.29664126038551331,0.550000011920929,1
1,0.821533203125,0,6.79876708984375,0,1,0,0.18000000715255737,0.550000011920929,1
1,-0.4066162109375,0,6.81268310546875,0,1,0,0.18000000715255737,0.550000011920929,1
1,0.240966796875,0,6.81060791015625,0,1,0,0.18000000715255737,0.550000011920929,1
1,0.40521240234375,0,6.81927490234375,0,1,0,0.18000000715255737,0.550000011920929,1
1,-0.34033203125,0,6.826904296875,0,1,0,0.18000000715255737,0.550000011920929,1
1,0.48876953125,0,6.827392578125,0,1,0,0.18000000715255737,0.550000011920929,1
1,0.00738525390625,0,6.837646484375,0,1,0,0.18000000715255737,0.550000011920929,1
1,0.05670166015625,0,6.8411865234375,0,1,0,0.18000000715255737,0.550000011920929,1
1,0.1817626953125,0,12.60626220703125,0,1,0,0.253447949886322,0.550000011920929,1
1,0.08746337890625,0,0.28607177734375,0,1,0,0.18000000715255737,0.550000011920929,1
1,0.91094970703125,0,7.5191650390625,0,1,0,0.18000000715255737,0.550000011920929,1
1,-0.46685791015625,0,7.5347900390625,0,1,0,0.18000000715255737,0.550000011920929,1
1,0.25970458984375,0,7.53253173828125,0,1,0,0.18000000715255737,0.550000011920929,1
1,0.4439697265625,0,7.54217529296875,0,1,0,0.18000000715255737,0.550000011920929,1
1,-0.3924560546875,0,7.55078125,0,1,0,0.18000000715255737,0.550000011920929,1
1,0.5377197265625,0,7.55133056640625,0,1,0,0.18000000715255737,0.550000011920929,1
1,-0.00238037109375,0,7.56280517578125,0,1,0,0.18000000715255737,0.550000011920929,1
1,0.052978515625,0,7.5667724609375,0,1,0,0.18000000715255737,0.550000011920929,1
1,0.162841796875,0,1.6136474609375,0,1,0,0.18000000715255737,0.550000011920929,1
1,0.073974609375,0,1.61529541015625,0,1,0,0.18000000715255737,0.550000011920929,1
1,0.05487060546875,0,1.61553955078125,0,1,0,0.18000000715255737,0.550000011920929,1
1,0.15582275390625,0,1.615966796875,0,1,0,0.18000000715255737,0.550000011920929,1
1,0.037841796875,0,1.61737060546875,0,1,0,0.18000000715255737,0.550000011920929,1
1,0.1112060546875,0,1.61737060546875,0,1,0,0.18000000715255737,0.550000011920929,1
1,0.10491943359375,0,1.618408203125,0,1,0,0.18000000715255737,0.550000011920929,1
1,0.0718994140625,0,1.61907958984375,0,1,0,0.18000000715255737,0.550000011920929,1
1,1.00042724609375,0,8.2396240234375,0,1,0,0.18000000715255737,0.550000011920929,1
1,-0.52703857421875,0,8.2569580078125,0,1,0,0.18000000715255737,0.550000011920929,1
1,0.27838134765625,0,8.25439453125,0,1,0,0.18000000715255737,0.550000011920929,1
1,0.4813232421875,0,8.2403564453125,0,1,0,0.24297216534614563,0.550000011920929,1
1,-0.44451904296875,0,8.274658203125,0,1,0,0.18000000715255737,0.550000011920929,1
1,0.58660888671875,0,8.2752685546875,0,1,0,0.18000000715255737,0.550000011920929,1
1,-0.01214599609375,0,8.28802490234375,0,1,0,0.18000000715255737,0.550000011920929,1
1,0.0491943359375,0,8.2923583984375,0,1,0,0.18000000715255737,0.550000011920929,1
1,0.23828125,0,2.3411865234375,0,1,0,0.18000000715255737,0.550000011920929,1
1,0.060546875,0,2.3446044921875,0,1,0,0.18000000715255737,0.550000011920929,1
1,0.0223388671875,0,2.3450927734375,0,1,0,0.18000000715255737,0.550000011920929,1
1,0.22418212890625,0,2.34588623046875,0,1,0,0.18000000715255737,0.550000011920929,1
1,-0.01171875,0,2.34869384765625,0,1,0,0.18000000715255737,0.550000011920929,1
1,0.13494873046875,0,2.3486328125,0,1,0,0.18000000715255737,0.550000011920929,1
1,0.12237548828125,0,2.3507080078125,0,1,0,0.18000000715255737,0.550000011920929,1
1,0.0562744140625,0,2.35211181640625,0,1,0,0.18000000715255737,0.550000011920929,1
1,-0.55084228515625,0,8.54229736328125,0,1,0,0.31355813145637512,0.550000011920929,1
1,0.31048583984375,0,3.037841796875,0,1,0,0.18000000715255737,0.550000011920929,1
1,0.04766845703125,0,3.0428466796875,0,1,0,0.18000000715255737,0.550000011920929,1
1,-0.00885009765625,0,3.0435791015625,0,1,0,0.18000000715255737,0.550000011920929,1
1,0.28961181640625,0,3.0447998046875,0,1,0,0.18000000715255737,0.550000011920929,1
1,-0.0592041015625,0,3.0489501953125,0,1,0,0.18000000715255737,0.550000011920929,1
1,0.15765380859375,0,3.04888916015625,0,1,0,0.18000000715255737,0.550000011920929,1
1,0.13916015625,0,3.05194091796875,0,1,0,0.18000000715255737,0.550000011920929,1
1,0.0413818359375,0,3.05401611328125,0,1,0,0.18000000715255737,0.550000011920929,1
1,1.08984375,0,8.9600830078125,0,1,0,0.18000000715255737,0.550000011920929,1
1,0.297119140625,0,8.97625732421875,0,1,0,0.18000000715255737,0.550000011920929,1
1,-0.49664306640625,0,8.99847412109375,0,1,0,0.18000000715255737,0.550000011920929,1
1,0.635498046875,0,8.99920654296875,0,1,0,0.18000000715255737,0.550000011920929,1
1,-0.02099609375,0,8.94635009765625,0,1,0,0.31106126308441162,0.550000011920929,1
1,0.04547119140625,0,9.01800537109375,0,1,0,0.18000000715255737,0.550000011920929,1
1,0.39166259765625,0,3.82171630859375,0,1,0,0.18000000715255737,0.550000011920929,1
1,0.03314208984375,0,3.82855224609375,0,1,0,0.18000000715255737,0.550000011920929,1
1,-0.0439453125,0,3.82952880859375,0,1,0,0.18000000715255737,0.550000011920929,1
1,0.36328125,0,3.8311767578125,0,1,0,0.18000000715255737,0.550000011920929,1
1,-0.11260986328125,0,3.8367919921875,0,1,0,0.18000000715255737,0.550000011920929,1
1,0.1832275390625,0,3.83673095703125,0,1,0,0.18000000715255737,0.550000011920929,1
1,0.157958984375,0,3.8409423828125,0,1,0,0.18000000715255737,0.550000011920929,1
1,0.02459716796875,0,3.84375,0,1,0,0.18000000715255737,0.550000011920929,1
1,1.17926025390625,0,9.68048095703125,0,1,0,0.18000000715255737,0.550000011920929,1
1,0.3157958984375,0,9.69818115234375,0,1,0,0.18000000715255737,0.550000011920929,1
1,-0.54876708984375,0,9.72235107421875,0,1,0,0.18000000715255737,0.550000011920929,1
1,0.68438720703125,0,9.72314453125,0,1,0,0.18000000715255737,0.550000011920929,1
1,0.04168701171875,0,9.74359130859375,0,1,0,0.18000000715255737,0.550000011920929,1
1,1.19677734375,0,9.82122802734375,0,1,0,0.31914782524108887,0.550000011920929,1
1,0.4759521484375,0,4.634765625,0,1,0,0.18000000715255737,0.550000011920929,1
1,0.01806640625,0,4.64349365234375,0,1,0,0.18000000715255737,0.550000011920929,1
1,-0.080322265625,0,4.644775390625,0,1,0,0.18000000715255737,0.550000011920929,1
1,0.439697265625,0,4.6468505859375,0,1,0,0.18000000715255737,0.550000011920929,1
1,-0.16802978515625,0,4.654052734375,0,1,0,0.18000000715255737,0.550000011920929,1
1,0.20977783203125,0,4.65399169921875,0,1,0,0.18000000715255737,0.550000011920929,1
1,0.177490234375,0,4.65936279296875,0,1,0,0.18000000715255737,0.550000011920929,1
1,0.0072021484375,0,4.6629638671875,0,1,0,0.18000000715255737,0.550000011920929,1
1,0.33453369140625,0,10.4200439453125,0,1,0,0.18000000715255737,0.550000011920929,1
1,-0.60089111328125,0,10.44622802734375,0,1,0,0.18000000715255737,0.550000011920929,1
1,0.7332763671875,0,10.447021484375,0,1,0,0.18000000715255737,0.550000011920929,1
1,0.0379638671875,0,10.46917724609375,0,1,0,0.18000000715255737,0.550000011920929,1
1,-0.63037109375,0,10.8558349609375,0,1,0,0.31411534547805786,0.550000011920929,1
1,0.03497314453125,0,11.0494384765625,0,1,0,0.28452876210212708,0.550000011920929,1
1,0.55078125,0,5.35699462890625,0,1,0,0.18000000715255737,0.550000011920929,1
1,0.00469970703125,0,5.367431640625,0,1,0,0.18000000715255737,0.550000011920929,1
1,-0.1126708984375,0,5.368896484375,0,1,0,0.18000000715255737,0.550000011920929,1
1,0.50750732421875,0,5.3714599609375,0,1,0,0.18000000715255737,0.550000011920929,1
1,-0.21728515625,0,5.3800048828125,0,1,0,0.18000000715255737,0.550000011920929,1
1,0.23333740234375,0,5.3798828125,0,1,0,0.18000000715255737,0.550000011920929,1
1,0.19482421875,0,5.38629150390625,0,1,0,0.18000000715255737,0.550000011920929,1
1,-0.00830078125,0,5.390625,0,1,0,0.18000000715255737,0.550000011920929,1
1,0.35321044921875,0,11.1419677734375,0,1,0,0.18000000715255737,0.550000011920929,1
1,0.77545166015625,0,11.07110595703125,0,1,0,0.30005434155464172,0.550000011920929,1
1,0.62542724609375,0,6.07733154296875,0,1,0,0.18000000715255737,0.550000011920929,1
1,-0.00860595703125,0,6.08941650390625,0,1,0,0.18000000715255737,0.550000011920929,1
1,-0.14495849609375,0,6.09112548828125,0,1,0,0.18000000715255737,0.550000011920929,1
1,0.5751953125,0,6.09405517578125,0,1,0,0.18000000715255737,0.550000011920929,1
1,-0.266357421875,0,6.10400390625,0,1,0,0.18000000715255737,0.550000011920929,1
1,0.2568359375,0,6.1038818359375,0,1,0,0.18000000715255737,0.550000011920929,1
1,0.21209716796875,0,6.111328125,0,1,0,0.18000000715255737,0.550000011920929,1
1,-0.02374267578125,0,6.1163330078125,0,1,0,0.18000000715255737,0.550000011920929,1
1,0.37188720703125,0,11.86383056640625,0,1,0,0.18000000715255737,0.550000011920929,1
1,0.7000732421875,0,6.797607421875,0,1,0,0.18000000715255737,0.550000011920929,1
1,-0.02197265625,0,6.8114013671875,0,1,0,0.18000000715255737,0.550000011920929,1
1,-0.17718505859375,0,6.8133544921875,0,1,0,0.18000000715255737,0.550000011920929,1
1,0.64288330078125,0,6.81671142578125,0,1,0,0.18000000715255737,0.550000011920929,1
1,-0.31549072265625,0,6.82806396484375,0,1,0,0.18000000715255737,0.550000011920929,1
1,0.28033447265625,0,6.827880859375,0,1,0,0.18000000715255737,0.550000011920929,1
1,0.22943115234375,0,6.83636474609375,0,1,0,0.18000000715255737,0.550000011920929,1
1,-0.03912353515625,0,6.842041015625,0,1,0,0.18000000715255737,0.550000011920929,1
1,0.390625,0,12.585693359375,0,1,0,0.18000000715255737,0.550000011920929,1
1,0.40570068359375,0,13.16949462890625,0,1,0,0.31676763296127319,0.550000011920929,1
1,0.08746337890625,0,0.28607177734375,0,1,0,0.18000000715255737,0.550000011920929,1
1,0.77471923828125,0,7.5179443359375,0,1,0,0.18000000715255737,0.550000011920929,1
1,-0.0352783203125,0,7.53338623046875,0,1,0,0.18000000715255737,0.550000011920929,1
1,-0.03668212890625,0,7.609130859375,0,1,0,0.30741885304450989,0.550000011920929,1
1,-0.20941162109375,0,7.53558349609375,0,1,0,0.18000000715255737,0.550000011920929,1
1,0.7105712890625,0,7.539306640625,0,1,0,0.18000000715255737,0.550000011920929,1
1,-0.36456298828125,0,7.55206298828125,0,1,0,0.18000000715255737,0.550000011920929,1
1,0.3038330078125,0,7.5518798828125,0,1,0,0.18000000715255737,0.550000011920929,1
1,0.2467041015625,0,7.56134033203125,0,1,0,0.18000000715255737,0.550000011920929,1
1,-0.0545654296875,0,7.5677490234375,0,1,0,0.18000000715255737,0.550000011920929,1
1,0.03082275390625,0,1.6143798828125,0,1,0,0.18000000715255737,0.550000011920929,1
1,0.17236328125,0,1.61444091796875,0,1,0,0.18000000715255737,0.550000011920929,1
1,0.03460693359375,0,1.6160888671875,0,1,0,0.18000000715255737,0.550000011920929,1
1,0.10089111328125,0,1.615966796875,0,1,0,0.18000000715255737,0.550000011920929,1
1,0.12554931640625,0,1.616943359375,0,1,0,0.18000000715255737,0.550000011920929,1
1,0.04278564453125,0,1.61785888671875,0,1,0,0.18000000715255737,0.550000011920929,1
1,0.1256103515625,0,1.6180419921875,0,1,0,0.18000000715255737,0.550000011920929,1
1,0.08489990234375,0,1.619140625,0,1,0,0.18000000715255737,0.550000011920929,1
1,0.849365234375,0,8.23822021484375,0,1,0,0.18000000715255737,0.550000011920929,1
1,-0.24163818359375,0,8.2578125,0,1,0,0.18000000715255737,0.550000011920929,1
1,0.7781982421875,0,8.261962890625,0,1,0,0.18000000715255737,0.550000011920929,1
1,-0.4136962890625,0,8.27606201171875,0,1,0,0.18000000715255737,0.550000011920929,1
1,0.327392578125,0,8.27581787109375,0,1,0,0.18000000715255737,0.550000011920929,1
1,0.26397705078125,0,8.286376953125,0,1,0,0.18000000715255737,0.550000011920929,1
1,-0.07000732421875,0,8.29351806640625,0,1,0,0.18000000715255737,0.550000011920929,1
1,-0.0257568359375,0,2.3426513671875,0,1,0,0.18000000715255737,0.550000011920929,1
1,0.2572021484375,0,2.34283447265625,0,1,0,0.18000000715255737,0.550000011920929,1
1,-0.0181884765625,0,2.34619140625,0,1,0,0.18000000715255737,0.550000011920929,1
1,0.11431884765625,0,2.34588623046875,0,1,0,0.18000000715255737,0.550000011920929,1
1,0.1636962890625,0,2.34783935546875,0,1,0,0.18000000715255737,0.550000011920929,1
1,-0.0018310546875,0,2.3497314453125,0,1,0,0.18000000715255737,0.550000011920929,1
1,0.16375732421875,0,2.35003662109375,0,1,0,0.18000000715255737,0.550000011920929,1
1,0.08233642578125,0,2.35223388671875,0,1,0,0.18000000715255737,0.550000011920929,1
1,-0.08001708984375,0,3.0400390625,0,1,0,0.18000000715255737,0.550000011920929,1
1,0.3385009765625,0,3.040283203125,0,1,0,0.18000000715255737,0.550000011920929,1
1,-0.06878662109375,0,3.04522705078125,0,1,0,0.18000000715255737,0.550000011920929,1
1,0.127197265625,0,3.0447998046875,0,1,0,0.18000000715255737,0.550000011920929,1
1,0.20013427734375,0,3.04766845703125,0,1,0,0.18000000715255737,0.550000011920929,1
1,-0.0445556640625,0,3.05047607421875,0,1,0,0.18000000715255737,0.550000011920929,1
1,0.20025634765625,0,3.05096435546875,0,1,0,0.18000000715255737,0.550000011920929,1
1,0.07989501953125,0,3.05419921875,0,1,0,0.18000000715255737,0.550000011920929,1
1,0.92401123046875,0,8.95849609375,0,1,0,0.18000000715255737,0.550000011920929,1
1,-0.27392578125,0,8.97998046875,0,1,0,0.18000000715255737,0.550000011920929,1
1,0.84588623046875,0,8.98455810546875,0,1,0,0.18000000715255737,0.550000011920929,1
1,-0.4627685546875,0,9.00006103515625,0,1,0,0.18000000715255737,0.550000011920929,1
1,0.35089111328125,0,8.99981689453125,0,1,0,0.18000000715255737,0.550000011920929,1
1,0.2794189453125,0,8.931640625,0,1,0,0.30593976378440857,0.550000011920929,1
1,-0.08538818359375,0,9.01922607421875,0,1,0,0.18000000715255737,0.550000011920929,1
1,-0.4844970703125,0,9.3209228515625,0,1,0,0.28678849339485168,0.550000011920929,1
1,0.89007568359375,0,9.456787109375,0,1,0,0.26861509680747986,0.550000011920929,1
1,-0.1409912109375,0,3.82464599609375,0,1,0,0.18000000715255737,0.550000011920929,1
1,0.429931640625,0,3.8250732421875,0,1,0,0.18000000715255737,0.550000011920929,1
1,-0.12567138671875,0,3.83172607421875,0,1,0,0.18000000715255737,0.550000011920929,1
1,0.14166259765625,0,3.83111572265625,0,1,0,0.18000000715255737,0.550000011920929,1
1,0.2412109375,0,3.8350830078125,0,1,0,0.18000000715255737,0.550000011920929,1
1,-0.09271240234375,0,3.83892822265625,0,1,0,0.18000000715255737,0.550000011920929,1
1,0.24139404296875,0,3.839599609375,0,1,0,0.18000000715255737,0.550000011920929,1
1,0.0771484375,0,3.84393310546875,0,1,0,0.18000000715255737,0.550000011920929,1
1,0.9986572265625,0,9.6788330078125,0,1,0,0.18000000715255737,0.550000011920929,1
1,-0.30615234375,0,9.70220947265625,0,1,0,0.18000000715255737,0.550000011920929,1
1,0.3743896484375,0,9.72381591796875,0,1,0,0.18000000715255737,0.550000011920929,1
1,-0.100830078125,0,9.74493408203125,0,1,0,0.18000000715255737,0.550000011920929,1
1,-0.20428466796875,0,4.6385498046875,0,1,0,0.18000000715255737,0.550000011920929,1
1,0.5247802734375,0,4.6390380859375,0,1,0,0.18000000715255737,0.550000011920929,1
1,-0.18475341796875,0,4.6475830078125,0,1,0,0.18000000715255737,0.550000011920929,1
1,0.15667724609375,0,4.6468505859375,0,1,0,0.18000000715255737,0.550000011920929,1
1,0.2838134765625,0,4.65185546875,0,1,0,0.18000000715255737,0.550000011920929,1
1,-0.142578125,0,4.65673828125,0,1,0,0.18000000715255737,0.550000011920929,1
1,0.28399658203125,0,4.6575927734375,0,1,0,0.18000000715255737,0.550000011920929,1
1,0.07427978515625,0,4.6632080078125,0,1,0,0.18000000715255737,0.550000011920929,1
1,1.07330322265625,0,10.39910888671875,0,1,0,0.18000000715255737,0.550000011920929,1
1,-0.33837890625,0,10.4244384765625,0,1,0,0.18000000715255737,0.550000011920929,1
1,0.39788818359375,0,10.44781494140625,0,1,0,0.18000000715255737,0.550000011920929,1
1,-0.11627197265625,0,10.47064208984375,0,1,0,0.18000000715255737,0.550000011920929,1
1,-0.11981201171875,0,10.63909912109375,0,1,0,0.26115885376930237,0.550000011920929,1
1,-0.260498046875,0,5.36151123046875,0,1,0,0.18000000715255737,0.550000011920929,1
1,0.6090087890625,0,5.362060546875,0,1,0,0.18000000715255737,0.550000011920929,1
1,-0.2371826171875,0,5.372314453125,0,1,0,0.18000000715255737,0.550000011920929,1
1,0.16998291015625,0,5.37139892578125,0,1,0,0.18000000715255737,0.550000011920929,1
1,0.32159423828125,0,5.37738037109375,0,1,0,0.18000000715255737,0.550000011920929,1
1,-0.1868896484375,0,5.3831787109375,0,1,0,0.18000000715255737,0.550000011920929,1
1,0.3218994140625,0,5.38421630859375,0,1,0,0.18000000715255737,0.550000011920929,1
1,0.07171630859375,0,5.39093017578125,0,1,0,0.18000000715255737,0.550000011920929,1
1,1.14794921875,0,11.11944580078125,0,1,0,0.18000000715255737,0.550000011920929,1
1,-0.37066650390625,0,11.14666748046875,0,1,0,0.18000000715255737,0.550000011920929,1
1,0.42138671875,0,11.17181396484375,0,1,0,0.18000000715255737,0.550000011920929,1
1,-0.3165283203125,0,6.08251953125,0,1,0,0.18000000715255737,0.550000011920929,1
1,0.69305419921875,0,6.08319091796875,0,1,0,0.18000000715255737,0.550000011920929,1
1,-0.28948974609375,0,6.09503173828125,0,1,0,0.18000000715255737,0.550000011920929,1
1,0.18328857421875,0,6.093994140625,0,1,0,0.18000000715255737,0.550000011920929,1
1,0.35931396484375,0,6.10101318359375,0,1,0,0.18000000715255737,0.550000011920929,1
1,-0.2310791015625,0,6.10772705078125,0,1,0,0.18000000715255737,0.550000011920929,1
1,0.359619140625,0,6.10894775390625,0,1,0,0.18000000715255737,0.550000011920929,1
1,0.06915283203125,0,6.11663818359375,0,1,0,0.18000000715255737,0.550000011920929,1
1,1.22259521484375,0,11.8397216796875,0,1,0,0.18000000715255737,0.550000011920929,1
1,-0.40289306640625,0,11.868896484375,0,1,0,0.18000000715255737,0.550000011920929,1
1,0.44488525390625,0,11.89581298828125,0,1,0,0.18000000715255737,0.550000011920929,1
1,1.25299072265625,0,12.1326904296875,0,1,0,0.24646392464637756,0.550000011920929,1
1,0.45025634765625,0,12.06103515625,0,1,0,0.28229746222496033,0.550000011920929,1
1,-0.37261962890625,0,6.8035888671875,0,1,0,0.18000000715255737,0.550000011920929,1
1,0.777099609375,0,6.8043212890625,0,1,0,0.18000000715255737,0.550000011920929,1
1,-0.341796875,0,6.81781005859375,0,1,0,0.18000000715255737,0.550000011920929,1
1,0.19659423828125,0,6.81658935546875,0,1,0,0.18000000715255737,0.550000011920929,1
1,0.39703369140625,0,6.8245849609375,0,1,0,0.18000000715255737,0.550000011920929,1
1,-0.27532958984375,0,6.832275390625,0,1,0,0.18000000715255737,0.550000011920929,1
1,0.39739990234375,0,6.8336181640625,0,1,0,0.18000000715255737,0.550000011920929,1
1,0.066650390625,0,6.8424072265625,0,1,0,0.18000000715255737,0.550000011920929,1
1,-0.43511962890625,0,12.59112548828125,0,1,0,0.18000000715255737,0.550000011920929,1
1,-0.44488525390625,0,12.80938720703125,0,1,0,0.30832871794700623,0.550000011920929,1
1,0.08746337890625,0,0.28607177734375,0,1,0,0.18000000715255737,0.550000011920929,1
1,-0.42864990234375,0,7.52459716796875,0,1,0,0.18000000715255737,0.550000011920929,1
1,0.861083984375,0,7.52545166015625,0,1,0,0.18000000715255737,0.550000011920929,1
1,-0.39410400390625,0,7.54058837890625,0,1,0,0.18000000715255737,0.550000011920929,1
1,0.20989990234375,0,7.53924560546875,0,1,0,0.18000000715255737,0.550000011920929,1
1,0.43475341796875,0,7.54815673828125,0,1,0,0.18000000715255737,0.550000011920929,1
1,-0.31951904296875,0,7.5567626953125,0,1,0,0.18000000715255737,0.550000011920929,1
1,0.4351806640625,0,7.55828857421875,0,1,0,0.18000000715255737,0.550000011920929,1
1,0.0640869140625,0,7.56817626953125,0,1,0,0.18000000715255737,0.550000011920929,1
1,0.10540771484375,0,1.614501953125,0,1,0,0.18000000715255737,0.550000011920929,1
1,0.028564453125,0,1.6151123046875,0,1,0,0.18000000715255737,0.550000011920929,1
1,0.16583251953125,0,1.6151123046875,0,1,0,0.18000000715255737,0.550000011920929,1
1,0.0455322265625,0,1.61676025390625,0,1,0,0.18000000715255737,0.550000011920929,1
1,0.0927734375,0,1.61669921875,0,1,0,0.18000000715255737,0.550000011920929,1
1,0.12506103515625,0,1.61761474609375,0,1,0,0.18000000715255737,0.550000011920929,1
1,0.05303955078125,0,1.6185302734375,0,1,0,0.18000000715255737,0.550000011920929,1
1,0.10986328125,0,1.61883544921875,0,1,0,0.18000000715255737,0.550000011920929,1
1,-0.4847412109375,0,8.24560546875,0,1,0,0.18000000715255737,0.550000011920929,1
1,0.94512939453125,0,8.24658203125,0,1,0,0.18000000715255737,0.550000011920929,1
1,-0.4464111328125,0,8.26336669921875,0,1,0,0.18000000715255737,0.550000011920929,1
1,0.22320556640625,0,8.2618408203125,0,1,0,0.18000000715255737,0.550000011920929,1
1,0.47247314453125,0,8.27178955078125,0,1,0,0.18000000715255737,0.550000011920929,1
1,-0.36370849609375,0,8.28131103515625,0,1,0,0.18000000715255737,0.550000011920929,1
1,0.47296142578125,0,8.282958984375,0,1,0,0.18000000715255737,0.550000011920929,1
1,0.06158447265625,0,8.2939453125,0,1,0,0.18000000715255737,0.550000011920929,1
1,0.1234130859375,0,2.3428955078125,0,1,0,0.18000000715255737,0.550000011920929,1
1,-0.03033447265625,0,2.3441162109375,0,1,0,0.18000000715255737,0.550000011920929,1
1,0.2442626953125,0,2.34423828125,0,1,0,0.18000000715255737,0.550000011920929,1
1,0.00360107421875,0,2.347412109375,0,1,0,0.18000000715255737,0.550000011920929,1
1,0.09808349609375,0,2.347412109375,0,1,0,0.18000000715255737,0.550000011920929,1
1,0.1627197265625,0,2.34912109375,0,1,0,0.18000000715255737,0.550000011920929,1
1,0.0186767578125,0,2.35101318359375,0,1,0,0.18000000715255737,0.550000011920929,1
1,0.13226318359375,0,2.3516845703125,0,1,0,0.18000000715255737,0.550000011920929,1
1,-0.4674072265625,0,8.5543212890625,0,1,0,0.31827312707901,0.550000011920929,1
1,0.48541259765625,0,8.52032470703125,0,1,0,0.28562605381011963,0.550000011920929,1
1,0.14056396484375,0,3.0404052734375,0,1,0,0.18000000715255737,0.550000011920929,1
1,-0.08673095703125,0,3.04217529296875,0,1,0,0.18000000715255737,0.550000011920929,1
1,0.3193359375,0,3.04229736328125,0,1,0,0.18000000715255737,0.550000011920929,1
1,-0.03656005859375,0,3.04705810546875,0,1,0,0.18000000715255737,0.550000011920929,1
1,0.1031494140625,0,3.0469970703125,0,1,0,0.18000000715255737,0.550000011920929,1
1,0.19873046875,0,3.049560546875,0,1,0,0.18000000715255737,0.550000011920929,1
1,-0.0142822265625,0,3.0523681640625,0,1,0,0.18000000715255737,0.550000011920929,1
1,0.15374755859375,0,3.0533447265625,0,1,0,0.18000000715255737,0.550000011920929,1
1,-0.540771484375,0,8.9666748046875,0,1,0,0.18000000715255737,0.550000011920929,1
1,1.0291748046875,0,8.96771240234375,0,1,0,0.18000000715255737,0.550000011920929,1
1,0.23651123046875,0,8.98443603515625,0,1,0,0.18000000715255737,0.550000011920929,1
1,-0.40789794921875,0,9.00579833984375,0,1,0,0.18000000715255737,0.550000011920929,1
1,0.5107421875,0,9.0076904296875,0,1,0,0.18000000715255737,0.550000011920929,1
1,0.05902099609375,0,9.01971435546875,0,1,0,0.18000000715255737,0.550000011920929,1
1,0.0574951171875,0,9.4615478515625,0,1,0,0.28422370553016663,0.550000011920929,1
1,0.159912109375,0,3.8251953125,0,1,0,0.18000000715255737,0.550000011920929,1
1,-0.150146484375,0,3.82763671875,0,1,0,0.18000000715255737,0.550000011920929,1
1,0.40374755859375,0,3.82781982421875,0,1,0,0.18000000715255737,0.550000011920929,1
1,-0.08172607421875,0,3.834228515625,0,1,0,0.18000000715255737,0.550000011920929,1
1,0.10882568359375,0,3.834228515625,0,1,0,0.18000000715255737,0.550000011920929,1
1,0.2392578125,0,3.83770751953125,0,1,0,0.18000000715255737,0.550000011920929,1
1,-0.05133056640625,0,3.841552734375,0,1,0,0.18000000715255737,0.550000011920929,1
1,0.1778564453125,0,3.84283447265625,0,1,0,0.18000000715255737,0.550000011920929,1
1,-0.59686279296875,0,9.68768310546875,0,1,0,0.18000000715255737,0.550000011920929,1
1,1.1131591796875,0,9.6888427734375,0,1,0,0.18000000715255737,0.550000011920929,1
1,0.24981689453125,0,9.70709228515625,0,1,0,0.18000000715255737,0.550000011920929,1
1,-0.45208740234375,0,9.7303466796875,0,1,0,0.18000000715255737,0.550000011920929,1
1,0.5484619140625,0,9.73236083984375,0,1,0,0.18000000715255737,0.550000011920929,1
1,1.15350341796875,0,10.0347900390625,0,1,0,0.31780409812927246,0.550000011920929,1
1,0.17999267578125,0,4.63922119140625,0,1,0,0.18000000715255737,0.550000011920929,1
1,-0.21600341796875,0,4.642333984375,0,1,0,0.18000000715255737,0.550000011920929,1
1,0.49139404296875,0,4.642578125,0,1,0,0.18000000715255737,0.550000011920929,1
1,-0.12860107421875,0,4.65081787109375,0,1,0,0.18000000715255737,0.550000011920929,1
1,0.11474609375,0,4.6507568359375,0,1,0,0.18000000715255737,0.550000011920929,1
1,0.28131103515625,0,4.65521240234375,0,1,0,0.18000000715255737,0.550000011920929,1
1,-0.08978271484375,0,4.66009521484375,0,1,0,0.18000000715255737,0.550000011920929,1
1,0.202880859375,0,4.6617431640625,0,1,0,0.18000000715255737,0.550000011920929,1
1,-0.65289306640625,0,10.40869140625,0,1,0,0.18000000715255737,0.550000011920929,1
1,0.2630615234375,0,10.4296875,0,1,0,0.18000000715255737,0.550000011920929,1
1,-0.49627685546875,0,10.454833984375,0,1,0,0.18000000715255737,0.550000011920929,1
1,0.58624267578125,0,10.45703125,0,1,0,0.18000000715255737,0.550000011920929,1
1,-0.50811767578125,0,10.6480712890625,0,1,0,0.30705362558364868,0.550000011920929,1
1,0.6129150390625,0,10.96868896484375,0,1,0,0.30417615175247192,0.550000011920929,1
1,0.19781494140625,0,5.3623046875,0,1,0,0.18000000715255737,0.550000011920929,1
1,-0.2744140625,0,5.36602783203125,0,1,0,0.18000000715255737,0.550000011920929,1
1,0.5692138671875,0,5.36627197265625,0,1,0,0.18000000715255737,0.550000011920929,1
1,-0.17022705078125,0,5.3760986328125,0,1,0,0.18000000715255737,0.550000011920929,1
1,0.1199951171875,0,5.37603759765625,0,1,0,0.18000000715255737,0.550000011920929,1
1,0.31866455078125,0,5.38134765625,0,1,0,0.18000000715255737,0.550000011920929,1
1,-0.1239013671875,0,5.38720703125,0,1,0,0.18000000715255737,0.550000011920929,1
1,0.22515869140625,0,5.38916015625,0,1,0,0.18000000715255737,0.550000011920929,1
1,-0.708984375,0,11.1297607421875,0,1,0,0.18000000715255737,0.550000011920929,1
1,0.2763671875,0,11.15228271484375,0,1,0,0.18000000715255737,0.550000011920929,1
1,0.21563720703125,0,6.08343505859375,0,1,0,0.18000000715255737,0.550000011920929,1
1,-0.332763671875,0,6.0877685546875,0,1,0,0.18000000715255737,0.550000011920929,1
1,0.64678955078125,0,6.08807373046875,0,1,0,0.18000000715255737,0.550000011920929,1
1,-0.21173095703125,0,6.0994873046875,0,1,0,0.18000000715255737,0.550000011920929,1
1,0.125244140625,0,6.09942626953125,0,1,0,0.18000000715255737,0.550000011920929,1
1,0.35589599609375,0,6.1055908203125,0,1,0,0.18000000715255737,0.550000011920929,1
1,-0.157958984375,0,6.11236572265625,0,1,0,0.18000000715255737,0.550000011920929,1
1,0.247314453125,0,6.11468505859375,0,1,0,0.18000000715255737,0.550000011920929,1
1,-0.7650146484375,0,11.85076904296875,0,1,0,0.18000000715255737,0.550000011920929,1
1,0.2896728515625,0,11.87493896484375,0,1,0,0.18000000715255737,0.550000011920929,1
1,0.2333984375,0,6.8045654296875,0,1,0,0.18000000715255737,0.550000011920929,1
1,-0.39105224609375,0,6.80950927734375,0,1,0,0.18000000715255737,0.550000011920929,1
1,0.72442626953125,0,6.80987548828125,0,1,0,0.18000000715255737,0.550000011920929,1
1,-0.25323486328125,0,6.8228759765625,0,1,0,0.18000000715255737,0.550000011920929,1
1,0.1304931640625,0,6.82275390625,0,1,0,0.18000000715255737,0.550000011920929,1
1,0.39312744140625,0,6.829833984375,0,1,0,0.18000000715255737,0.550000011920929,1
1,-0.1920166015625,0,6.83758544921875,0,1,0,0.18000000715255737,0.550000011920929,1
1,0.26953125,0,6.84014892578125,0,1,0,0.18000000715255737,0.550000011920929,1
1,-0.82110595703125,0,12.57177734375,0,1,0,0.18000000715255737,0.550000011920929,1
1,-0.82806396484375,0,12.66107177734375,0,1,0,0.26091295480728149,0.550000011920929,1
1,0.302978515625,0,12.5975341796875,0,1,0,0.18000000715255737,0.550000011920929,1
1,0.3087158203125,0,12.90960693359375,0,1,0,0.24646802246570587,0.550000011920929,1
1,0.08746337890625,0,0.28607177734375,0,1,0,0.18000000715255737,0.550000011920929,1
1,0.2484130859375,0,7.41363525390625,0,1,0,0.2720760703086853,0.550000011920929,1
1,-0.4493408203125,0,7.53131103515625,0,1,0,0.18000000715255737,0.550000011920929,1
1,0.802001953125,0,7.53167724609375,0,1,0,0.18000000715255737,0.550000011920929,1
1,-0.29473876953125,0,7.5462646484375,0,1,0,0.18000000715255737,0.550000011920929,1
1,0.1357421875,0,7.546142578125,0,1,0,0.18000000715255737,0.550000011920929,1
1,0.43035888671875,0,7.5540771484375,0,1,0,0.18000000715255737,0.550000011920929,1
1,-0.22607421875,0,7.562744140625,0,1,0,0.18000000715255737,0.550000011920929,1
1,0.29168701171875,0,7.56561279296875,0,1,0,0.18000000715255737,0.550000011920929,1
1,0.00518798828125,0,1.61474609375,0,1,0,0.18000000715255737,0.550000011920929,1
1,0.15106201171875,0,1.6143798828125,0,1,0,0.18000000715255737,0.550000011920929,1
1,0.08551025390625,0,1.61590576171875,0,1,0,0.18000000715255737,0.550000011920929,1
1,0.0506591796875,0,1.6163330078125,0,1,0,0.18000000715255737,0.550000011920929,1
1,0.1502685546875,0,1.61663818359375,0,1,0,0.18000000715255737,0.550000011920929,1
1,0.04949951171875,0,1.61798095703125,0,1,0,0.18000000715255737,0.550000011920929,1
1,0.10174560546875,0,1.61810302734375,0,1,0,0.18000000715255737,0.550000011920929,1
1,0.10223388671875,0,1.6190185546875,0,1,0,0.18000000715255737,0.550000011920929,1
1,-0.50762939453125,0,8.2530517578125,0,1,0,0.18000000715255737,0.550000011920929,1
1,0.879638671875,0,8.25347900390625,0,1,0,0.18000000715255737,0.550000011920929,1
1,-0.33624267578125,0,8.2696533203125,0,1,0,0.18000000715255737,0.550000011920929,1
1,0.1409912109375,0,8.26953125,0,1,0,0.18000000715255737,0.550000011920929,1
1,0.46759033203125,0,8.27825927734375,0,1,0,0.18000000715255737,0.550000011920929,1
1,-0.2601318359375,0,8.28790283203125,0,1,0,0.18000000715255737,0.550000011920929,1
1,0.31390380859375,0,8.2911376953125,0,1,0,0.18000000715255737,0.550000011920929,1
1,-0.07708740234375,0,2.34344482421875,0,1,0,0.18000000715255737,0.550000011920929,1
1,0.21466064453125,0,2.3426513671875,0,1,0,0.18000000715255737,0.550000011920929,1
1,0.0836181640625,0,2.34576416015625,0,1,0,0.18000000715255737,0.550000011920929,1
1,0.013916015625,0,2.3465576171875,0,1,0,0.18000000715255737,0.550000011920929,1
1,0.21307373046875,0,2.34722900390625,0,1,0,0.18000000715255737,0.550000011920929,1
1,0.01153564453125,0,2.34991455078125,0,1,0,0.18000000715255737,0.550000011920929,1
1,0.1160888671875,0,2.3502197265625,0,1,0,0.18000000715255737,0.550000011920929,1
1,0.11700439453125,0,2.35198974609375,0,1,0,0.18000000715255737,0.550000011920929,1
1,-0.3504638671875,0,8.51739501953125,0,1,0,0.24607029557228088,0.550000011920929,1
1,-0.1558837890625,0,3.04119873046875,0,1,0,0.18000000715255737,0.550000011920929,1
1,0.27557373046875,0,3.03997802734375,0,1,0,0.18000000715255737,0.550000011920929,1
1,0.08172607421875,0,3.04461669921875,0,1,0,0.18000000715255737,0.550000011920929,1
1,-0.02130126953125,0,3.0457763671875,0,1,0,0.18000000715255737,0.550000011920929,1
1,0.273193359375,0,3.04681396484375,0,1,0,0.18000000715255737,0.550000011920929,1
1,-0.0247802734375,0,3.05078125,0,1,0,0.18000000715255737,0.550000011920929,1
1,0.1297607421875,0,3.0511474609375,0,1,0,0.18000000715255737,0.550000011920929,1
1,0.131103515625,0,3.0538330078125,0,1,0,0.18000000715255737,0.550000011920929,1
1,-0.56597900390625,0,8.97479248046875,0,1,0,0.18000000715255737,0.550000011920929,1
1,0.95721435546875,0,8.97528076171875,0,1,0,0.18000000715255737,0.550000011920929,1
1,0.146240234375,0,8.99285888671875,0,1,0,0.18000000715255737,0.550000011920929,1
1,0.4991455078125,0,8.8917236328125,0,1,0,0.2526794970035553,0.550000011920929,1
1,-0.294189453125,0,9.0130615234375,0,1,0,0.18000000715255737,0.550000011920929,1
1,0.3360595703125,0,9.0166015625,0,1,0,0.18000000715255737,0.550000011920929,1
1,-0.2445068359375,0,3.82623291015625,0,1,0,0.18000000715255737,0.550000011920929,1
1,0.34405517578125,0,3.82464599609375,0,1,0,0.18000000715255737,0.550000011920929,1
1,0.07965087890625,0,3.8309326171875,0,1,0,0.18000000715255737,0.550000011920929,1
1,-0.06097412109375,0,3.83251953125,0,1,0,0.18000000715255737,0.550000011920929,1
1,0.34088134765625,0,3.83392333984375,0,1,0,0.18000000715255737,0.550000011920929,1
1,-0.065673828125,0,3.83935546875,0,1,0,0.18000000715255737,0.550000011920929,1
1,0.1451416015625,0,3.83984375,0,1,0,0.18000000715255737,0.550000011920929,1
1,0.14703369140625,0,3.843505859375,0,1,0,0.18000000715255737,0.550000011920929,1
1,-0.624267578125,0,9.696533203125,0,1,0,0.18000000715255737,0.550000011920929,1
1,1.03485107421875,0,9.69708251953125,0,1,0,0.18000000715255737,0.550000011920929,1
1,0.1514892578125,0,9.71624755859375,0,1,0,0.18000000715255737,0.550000011920929,1
1,-0.3282470703125,0,9.73822021484375,0,1,0,0.18000000715255737,0.550000011920929,1
1,0.35821533203125,0,9.7420654296875,0,1,0,0.18000000715255737,0.550000011920929,1
1,-0.33642578125,0,4.64056396484375,0,1,0,0.18000000715255737,0.550000011920929,1
1,0.4151611328125,0,4.6385498046875,0,1,0,0.18000000715255737,0.550000011920929,1
1,0.0775146484375,0,4.64654541015625,0,1,0,0.18000000715255737,0.550000011920929,1
1,-0.10205078125,0,4.64862060546875,0,1,0,0.18000000715255737,0.550000011920929,1
1,0.4110107421875,0,4.650390625,0,1,0,0.18000000715255737,0.550000011920929,1
1,-0.10809326171875,0,4.65728759765625,0,1,0,0.18000000715255737,0.550000011920929,1
1,0.1611328125,0,4.657958984375,0,1,0,0.18000000715255737,0.550000011920929,1
1,0.16351318359375,0,4.66265869140625,0,1,0,0.18000000715255737,0.550000011920929,1
1,-0.68255615234375,0,10.4183349609375,0,1,0,0.18000000715255737,0.550000011920929,1
1,1.10894775390625,0,10.38665771484375,0,1,0,0.26138851046562195,0.550000011920929,1
1,0.15673828125,0,10.43963623046875,0,1,0,0.18000000715255737,0.550000011920929,1
1,-0.358642578125,0,10.38519287109375,0,1,0,0.26486712694168091,0.550000011920929,1
1,0.38043212890625,0,10.46759033203125,0,1,0,0.18000000715255737,0.550000011920929,1
1,0.3890380859375,0,10.7489013671875,0,1,0,0.29213005304336548,0.550000011920929,1
1,-0.4180908203125,0,5.3638916015625,0,1,0,0.18000000715255737,0.550000011920929,1
1,0.478271484375,0,5.3614501953125,0,1,0,0.18000000715255737,0.550000011920929,1
1,0.0755615234375,0,5.37109375,0,1,0,0.18000000715255737,0.550000011920929,1
1,-0.13861083984375,0,5.37353515625,0,1,0,0.18000000715255737,0.550000011920929,1
1,0.473388671875,0,5.3756103515625,0,1,0,0.18000000715255737,0.550000011920929,1
1,-0.14581298828125,0,5.38385009765625,0,1,0,0.18000000715255737,0.550000011920929,1
1,0.17535400390625,0,5.3846435546875,0,1,0,0.18000000715255737,0.550000011920929,1
1,0.17816162109375,0,5.3902587890625,0,1,0,0.18000000715255737,0.550000011920929,1
1,-0.74090576171875,0,11.14007568359375,0,1,0,0.18000000715255737,0.550000011920929,1
1,0.1619873046875,0,11.1629638671875,0,1,0,0.18000000715255737,0.550000011920929,1
1,-0.49957275390625,0,6.0853271484375,0,1,0,0.18000000715255737,0.550000011920929,1
1,0.541259765625,0,6.08251953125,0,1,0,0.18000000715255737,0.550000011920929,1
1,0.07366943359375,0,6.0936279296875,0,1,0,0.18000000715255737,0.550000011920929,1
1,-0.17498779296875,0,6.09649658203125,0,1,0,0.18000000715255737,0.550000011920929,1
1,0.53558349609375,0,6.098876953125,0,1,0,0.18000000715255737,0.550000011920929,1
1,-0.18341064453125,0,6.1085205078125,0,1,0,0.18000000715255737,0.550000011920929,1
1,0.18951416015625,0,6.10943603515625,0,1,0,0.18000000715255737,0.550000011920929,1
1,0.19281005859375,0,6.11590576171875,0,1,0,0.18000000715255737,0.550000011920929,1
1,-0.7991943359375,0,11.86181640625,0,1,0,0.18000000715255737,0.550000011920929,1
1,0.167236328125,0,11.8863525390625,0,1,0,0.18000000715255737,0.550000011920929,1
1,-0.825439453125,0,12.1873779296875,0,1,0,0.2420259416103363,0.550000011920929,1
1,-0.58099365234375,0,6.80670166015625,0,1,0,0.18000000715255737,0.550000011920929,1
1,0.60418701171875,0,6.80352783203125,0,1,0,0.18000000715255737,0.550000011920929,1
1,0.07171630859375,0,6.81622314453125,0,1,0,0.18000000715255737,0.550000011920929,1
1,-0.21142578125,0,6.8194580078125,0,1,0,0.18000000715255737,0.550000011920929,1
1,0.59771728515625,0,6.82220458984375,0,1,0,0.18000000715255737,0.550000011920929,1
1,-0.220947265625,0,6.8331298828125,0,1,0,0.18000000715255737,0.550000011920929,1
1,0.20367431640625,0,6.83416748046875,0,1,0,0.18000000715255737,0.550000011920929,1
1,0.2073974609375,0,6.841552734375,0,1,0,0.18000000715255737,0.550000011920929,1
1,0.1724853515625,0,12.6068115234375,0,1,0,0.2407100647687912,0.550000011920929,1
1,0.08746337890625,0,0.28607177734375,0,1,0,0.18000000715255737,0.550000011920929,1
1,-0.6624755859375,0,7.52813720703125,0,1,0,0.18000000715255737,0.550000011920929,1
1,0.66717529296875,0,7.5245361328125,0,1,0,0.18000000715255737,0.550000011920929,1
1,0.06982421875,0,7.53875732421875,0,1,0,0.18000000715255737,0.550000011920929,1
1,-0.24786376953125,0,7.54241943359375,0,1,0,0.18000000715255737,0.550000011920929,1
1,0.659912109375,0,7.54547119140625,0,1,0,0.18000000715255737,0.550000011920929,1
1,-0.258544921875,0,7.5577392578125,0,1,0,0.18000000715255737,0.550000011920929,1
1,0.21783447265625,0,7.5589599609375,0,1,0,0.18000000715255737,0.550000011920929,1
1,0.2220458984375,0,7.56719970703125,0,1,0,0.18000000715255737,0.550000011920929,1
1,0.06927490234375,0,7.74749755859375,0,1,0,0.30273863673210144,0.550000011920929,1
1,0.05706787109375,0,1.6141357421875,0,1,0,0.18000000715255737,0.550000011920929,1
1,0.16552734375,0,1.6146240234375,0,1,0,0.18000000715255737,0.550000011920929,1
1,0.0213623046875,0,1.6160888671875,0,1,0,0.18000000715255737,0.550000011920929,1
1,0.124267578125,0,1.6158447265625,0,1,0,0.18000000715255737,0.550000011920929,1
1,0.105712890625,0,1.6170654296875,0,1,0,0.18000000715255737,0.550000011920929,1
1,0.05010986328125,0,1.6177978515625,0,1,0,0.18000000715255737,0.550000011920929,1
1,0.13031005859375,0,1.61810302734375,0,1,0,0.18000000715255737,0.550000011920929,1
1,0.07763671875,0,1.619140625,0,1,0,0.18000000715255737,0.550000011920929,1
1,-0.743896484375,0,8.24957275390625,0,1,0,0.18000000715255737,0.550000011920929,1
1,0.7301025390625,0,8.24554443359375,0,1,0,0.18000000715255737,0.550000011920929,1
1,-0.28424072265625,0,8.265380859375,0,1,0,0.18000000715255737,0.550000011920929,1
1,0.72210693359375,0,8.268798828125,0,1,0,0.18000000715255737,0.550000011920929,1
1,-0.296142578125,0,8.2823486328125,0,1,0,0.18000000715255737,0.550000011920929,1
1,0.23199462890625,0,8.28369140625,0,1,0,0.18000000715255737,0.550000011920929,1
1,0.23663330078125,0,8.2928466796875,0,1,0,0.18000000715255737,0.550000011920929,1
1,0.02667236328125,0,2.34222412109375,0,1,0,0.18000000715255737,0.550000011920929,1
1,0.24359130859375,0,2.3431396484375,0,1,0,0.18000000715255737,0.550000011920929,1
1,-0.044677734375,0,2.34613037109375,0,1,0,0.18000000715255737,0.550000011920929,1
1,0.16107177734375,0,2.34564208984375,0,1,0,0.18000000715255737,0.550000011920929,1
1,0.12396240234375,0,2.34814453125,0,1,0,0.18000000715255737,0.550000011920929,1
1,0.01275634765625,0,2.3494873046875,0,1,0,0.18000000715255737,0.550000011920929,1
1,0.173095703125,0,2.35009765625,0,1,0,0.18000000715255737,0.550000011920929,1
1,0.06781005859375,0,2.352294921875,0,1,0,0.18000000715255737,0.550000011920929,1
1,-0.00244140625,0,3.03936767578125,0,1,0,0.18000000715255737,0.550000011920929,1
1,0.318359375,0,3.040771484375,0,1,0,0.18000000715255737,0.550000011920929,1
1,-0.10797119140625,0,3.045166015625,0,1,0,0.18000000715255737,0.550000011920929,1
1,0.19635009765625,0,3.04443359375,0,1,0,0.18000000715255737,0.550000011920929,1
1,0.1414794921875,0,3.048095703125,0,1,0,0.18000000715255737,0.550000011920929,1
1,-0.02301025390625,0,3.0501708984375,0,1,0,0.18000000715255737,0.550000011920929,1
1,0.214111328125,0,3.051025390625,0,1,0,0.18000000715255737,0.550000011920929,1
1,0.0584716796875,0,3.05426025390625,0,1,0,0.18000000715255737,0.550000011920929,1
1,-0.82537841796875,0,8.970947265625,0,1,0,0.18000000715255737,0.550000011920929,1
1,0.7930908203125,0,8.96661376953125,0,1,0,0.18000000715255737,0.550000011920929,1
1,-0.3206787109375,0,8.98834228515625,0,1,0,0.18000000715255737,0.550000011920929,1
1,0.78424072265625,0,8.9920654296875,0,1,0,0.18000000715255737,0.550000011920929,1
1,-0.33367919921875,0,9.00701904296875,0,1,0,0.18000000715255737,0.550000011920929,1
1,0.24615478515625,0,9.0084228515625,0,1,0,0.18000000715255737,0.550000011920929,1
1,0.25128173828125,0,9.01849365234375,0,1,0,0.18000000715255737,0.550000011920929,1
1,-0.34637451171875,0,9.25091552734375,0,1,0,0.29080691933631897,0.550000011920929,1
1,0.26116943359375,0,9.5128173828125,0,1,0,0.26082414388656616,0.550000011920929,1
1,-0.03515625,0,3.82379150390625,0,1,0,0.18000000715255737,0.550000011920929,1
1,0.40240478515625,0,3.82562255859375,0,1,0,0.18000000715255737,0.550000011920929,1
1,-0.17919921875,0,3.8316650390625,0,1,0,0.18000000715255737,0.550000011920929,1
1,0.2359619140625,0,3.8306884765625,0,1,0,0.18000000715255737,0.550000011920929,1
1,0.1611328125,0,3.835693359375,0,1,0,0.18000000715255737,0.550000011920929,1
1,-0.063232421875,0,3.8385009765625,0,1,0,0.18000000715255737,0.550000011920929,1
1,0.26025390625,0,3.83966064453125,0,1,0,0.18000000715255737,0.550000011920929,1
1,0.0478515625,0,3.84405517578125,0,1,0,0.18000000715255737,0.550000011920929,1
1,-0.90679931640625,0,9.6923828125,0,1,0,0.18000000715255737,0.550000011920929,1
1,0.8560791015625,0,9.6876220703125,0,1,0,0.18000000715255737,0.550000011920929,1
1,-0.35711669921875,0,9.7113037109375,0,1,0,0.18000000715255737,0.550000011920929,1
1,0.846435546875,0,9.71539306640625,0,1,0,0.18000000715255737,0.550000011920929,1
1,0.856689453125,0,9.83453369140625,0,1,0,0.27610528469085693,0.550000011920929,1
1,0.26031494140625,0,9.73321533203125,0,1,0,0.18000000715255737,0.550000011920929,1
1,-0.9610595703125,0,10.1728515625,0,1,0,0.27511483430862427,0.550000011920929,1
1,-0.06915283203125,0,4.63739013671875,0,1,0,0.18000000715255737,0.550000011920929,1
1,0.48968505859375,0,4.63983154296875,0,1,0,0.18000000715255737,0.550000011920929,1
1,-0.2530517578125,0,4.64752197265625,0,1,0,0.18000000715255737,0.550000011920929,1
1,0.277099609375,0,4.646240234375,0,1,0,0.18000000715255737,0.550000011920929,1
1,0.18157958984375,0,4.65264892578125,0,1,0,0.18000000715255737,0.550000011920929,1
1,-0.10498046875,0,4.65618896484375,0,1,0,0.18000000715255737,0.550000011920929,1
1,0.30810546875,0,4.65771484375,0,1,0,0.18000000715255737,0.550000011920929,1
1,0.03692626953125,0,4.663330078125,0,1,0,0.18000000715255737,0.550000011920929,1
1,0.91900634765625,0,10.40863037109375,0,1,0,0.18000000715255737,0.550000011920929,1
1,-0.39349365234375,0,10.43426513671875,0,1,0,0.18000000715255737,0.550000011920929,1
1,0.27447509765625,0,10.45794677734375,0,1,0,0.18000000715255737,0.550000011920929,1
1,-0.09930419921875,0,5.36016845703125,0,1,0,0.18000000715255737,0.550000011920929,1
1,0.567138671875,0,5.363037109375,0,1,0,0.18000000715255737,0.550000011920929,1
1,-0.318603515625,0,5.3721923828125,0,1,0,0.18000000715255737,0.550000011920929,1
1,0.31365966796875,0,5.3707275390625,0,1,0,0.18000000715255737,0.550000011920929,1
1,0.19970703125,0,5.37835693359375,0,1,0,0.18000000715255737,0.550000011920929,1
1,-0.14208984375,0,5.382568359375,0,1,0,0.18000000715255737,0.550000011920929,1
1,0.3505859375,0,5.3843994140625,0,1,0,0.18000000715255737,0.550000011920929,1
1,0.02716064453125,0,5.39105224609375,0,1,0,0.18000000715255737,0.550000011920929,1
1,0.98199462890625,0,11.129638671875,0,1,0,0.18000000715255737,0.550000011920929,1
1,-0.429931640625,0,11.1572265625,0,1,0,0.18000000715255737,0.550000011920929,1
1,0.28863525390625,0,11.1827392578125,0,1,0,0.18000000715255737,0.550000011920929,1
1,0.2989501953125,0,11.71136474609375,0,1,0,0.2435060441493988,0.550000011920929,1
1,-0.12939453125,0,6.0809326171875,0,1,0,0.18000000715255737,0.550000011920929,1
1,0.6444091796875,0,6.08428955078125,0,1,0,0.18000000715255737,0.550000011920929,1
1,-0.384033203125,0,6.094970703125,0,1,0,0.18000000715255737,0.550000011920929,1
1,0.35009765625,0,6.09320068359375,0,1,0,0.18000000715255737,0.550000011920929,1
1,0.2177734375,0,6.10205078125,0,1,0,0.18000000715255737,0.550000011920929,1
1,-0.1790771484375,0,6.10693359375,0,1,0,0.18000000715255737,0.550000011920929,1
1,0.39300537109375,0,6.10906982421875,0,1,0,0.18000000715255737,0.550000011920929,1
1,0.0174560546875,0,6.11688232421875,0,1,0,0.18000000715255737,0.550000011920929,1
1,1.044921875,0,11.85064697265625,0,1,0,0.18000000715255737,0.550000011920929,1
1,-0.46636962890625,0,11.88018798828125,0,1,0,0.18000000715255737,0.550000011920929,1
1,1.0902099609375,0,12.36883544921875,0,1,0,0.27616408467292786,0.550000011920929,1
1,-0.4893798828125,0,12.3375244140625,0,1,0,0.25469806790351868,0.550000011920929,1
1,-0.15948486328125,0,6.8017578125,0,1,0,0.18000000715255737,0.550000011920929,1
1,0.72174072265625,0,6.8055419921875,0,1,0,0.18000000715255737,0.550000011920929,1
1,-0.449462890625,0,6.81768798828125,0,1,0,0.18000000715255737,0.550000011920929,1
1,0.38653564453125,0,6.81573486328125,0,1,0,0.18000000715255737,0.550000011920929,1
1,0.23583984375,0,6.8258056640625,0,1,0,0.18000000715255737,0.550000011920929,1
1,-0.216064453125,0,6.83135986328125,0,1,0,0.18000000715255737,0.550000011920929,1
1,0.43536376953125,0,6.83380126953125,0,1,0,0.18000000715255737,0.550000011920929,1
1,0.00775146484375,0,6.8426513671875,0,1,0,0.18000000715255737,0.550000011920929,1
1,0.08746337890625,0,0.28607177734375,0,1,0,0.18000000715255737,0.550000011920929,1
1,-0.1895751953125,0,7.5225830078125,0,1,0,0.18000000715255737,0.550000011920929,1
1,0.79901123046875,0,7.52685546875,0,1,0,0.18000000715255737,0.550000011920929,1
1,-0.514892578125,0,7.54046630859375,0,1,0,0.18000000715255737,0.550000011920929,1
1,0.4229736328125,0,7.53826904296875,0,1,0,0.18000000715255737,0.550000011920929,1
1,0.25396728515625,0,7.549560546875,0,1,0,0.18000000715255737,0.550000011920929,1
1,-0.25299072265625,0,7.5557861328125,0,1,0,0.18000000715255737,0.550000011920929,1
1,0.477783203125,0,7.55853271484375,0,1,0,0.18000000715255737,0.550000011920929,1
1,-0.001953125,0,7.56842041015625,0,1,0,0.18000000715255737,0.550000011920929,1
1,0.17608642578125,0,1.61383056640625,0,1,0,0.18000000715255737,0.550000011920929,1
1,0.021484375,0,1.615478515625,0,1,0,0.18000000715255737,0.550000011920929,1
1,0.11480712890625,0,1.61517333984375,0,1,0,0.18000000715255737,0.550000011920929,1
1,0.11956787109375,0,1.6163330078125,0,1,0,0.18000000715255737,0.550000011920929,1
1,0.03717041015625,0,1.6171875,0,1,0,0.18000000715255737,0.550000011920929,1
1,0.13916015625,0,1.6173095703125,0,1,0,0.18000000715255737,0.550000011920929,1
1,0.07342529296875,0,1.61859130859375,0,1,0,0.18000000715255737,0.550000011920929,1
1,0.086181640625,0,1.61895751953125,0,1,0,0.18000000715255737,0.550000011920929,1
1,-0.21966552734375,0,8.24334716796875,0,1,0,0.18000000715255737,0.550000011920929,1
1,0.87628173828125,0,8.24810791015625,0,1,0,0.18000000715255737,0.550000011920929,1
1,-0.580322265625,0,8.26318359375,0,1,0,0.18000000715255737,0.550000011920929,1
1,0.45941162109375,0,8.2607421875,0,1,0,0.18000000715255737,0.550000011920929,1
1,0.27130126953125,0,8.24365234375,0,1,0,0.27709794044494629,0.550000011920929,1
1,-0.28997802734375,0,8.28021240234375,0,1,0,0.18000000715255737,0.550000011920929,1
1,0.5201416015625,0,8.283203125,0,1,0,0.18000000715255737,0.550000011920929,1
1,-0.01171875,0,8.29425048828125,0,1,0,0.18000000715255737,0.550000011920929,1
1,0.26470947265625,0,2.341552734375,0,1,0,0.18000000715255737,0.550000011920929,1
1,-0.04443359375,0,2.34490966796875,0,1,0,0.18000000715255737,0.550000011920929,1
1,0.14215087890625,0,2.34429931640625,0,1,0,0.18000000715255737,0.550000011920929,1
1,0.15167236328125,0,2.34661865234375,0,1,0,0.18000000715255737,0.550000011920929,1
1,-0.01312255859375,0,2.34832763671875,0,1,0,0.18000000715255737,0.550000011920929,1
1,0.1907958984375,0,2.34857177734375,0,1,0,0.18000000715255737,0.550000011920929,1
1,0.0594482421875,0,2.35107421875,0,1,0,0.18000000715255737,0.550000011920929,1
1,0.08489990234375,0,2.35186767578125,0,1,0,0.18000000715255737,0.550000011920929,1
1,0.349609375,0,3.03839111328125,0,1,0,0.18000000715255737,0.550000011920929,1
1,-0.10760498046875,0,3.0433349609375,0,1,0,0.18000000715255737,0.550000011920929,1
1,0.1683349609375,0,3.04248046875,0,1,0,0.18000000715255737,0.550000011920929,1
1,0.18243408203125,0,3.0458984375,0,1,0,0.18000000715255737,0.550000011920929,1
1,-0.061279296875,0,3.04840087890625,0,1,0,0.18000000715255737,0.550000011920929,1
1,0.24029541015625,0,3.0487060546875,0,1,0,0.18000000715255737,0.550000011920929,1
1,0.0460205078125,0,3.052490234375,0,1,0,0.18000000715255737,0.550000011920929,1
1,0.083740234375,0,3.05364990234375,0,1,0,0.18000000715255737,0.550000011920929,1
1,-0.249755859375,0,8.96417236328125,0,1,0,0.18000000715255737,0.550000011920929,1
1,0.95355224609375,0,8.9693603515625,0,1,0,0.18000000715255737,0.550000011920929,1
1,0.959228515625,0,9.02252197265625,0,1,0,0.26591548323631287,0.550000011920929,1
1,-0.645751953125,0,8.9859619140625,0,1,0,0.18000000715255737,0.550000011920929,1
1,0.495849609375,0,8.9832763671875,0,1,0,0.18000000715255737,0.550000011920929,1
1,-0.32696533203125,0,9.004638671875,0,1,0,0.18000000715255737,0.550000011920929,1
1,0.56256103515625,0,9.0079345703125,0,1,0,0.18000000715255737,0.550000011920929,1
1,-0.02142333984375,0,9.02001953125,0,1,0,0.18000000715255737,0.550000011920929,1
1,-0.6783447265625,0,9.34625244140625,0,1,0,0.24563805758953094,0.550000011920929,1
1,-0.0291748046875,0,9.6004638671875,0,1,0,0.27416619658470154,0.550000011920929,1
1,0.445068359375,0,3.82244873046875,0,1,0,0.18000000715255737,0.550000011920929,1
1,-0.17864990234375,0,3.82916259765625,0,1,0,0.18000000715255737,0.550000011920929,1
1,0.19775390625,0,3.8280029296875,0,1,0,0.18000000715255737,0.550000011920929,1
1,0.217041015625,0,3.83270263671875,0,1,0,0.18000000715255737,0.550000011920929,1
1,-0.115478515625,0,3.8360595703125,0,1,0,0.18000000715255737,0.550000011920929,1
1,0.29595947265625,0,3.8365478515625,0,1,0,0.18000000715255737,0.550000011920929,1
1,0.0308837890625,0,3.8416748046875,0,1,0,0.18000000715255737,0.550000011920929,1
1,0.08233642578125,0,3.84326171875,0,1,0,0.18000000715255737,0.550000011920929,1
1,-0.27984619140625,0,9.68499755859375,0,1,0,0.18000000715255737,0.550000011920929,1
1,0.53228759765625,0,9.70574951171875,0,1,0,0.18000000715255737,0.550000011920929,1
1,-0.36395263671875,0,9.72900390625,0,1,0,0.18000000715255737,0.550000011920929,1
1,0.60491943359375,0,9.732666015625,0,1,0,0.18000000715255737,0.550000011920929,1
1,0.54412841796875,0,4.6357421875,0,1,0,0.18000000715255737,0.550000011920929,1
1,-0.2523193359375,0,4.64434814453125,0,1,0,0.18000000715255737,0.550000011920929,1
1,0.22833251953125,0,4.642822265625,0,1,0,0.18000000715255737,0.550000011920929,1
1,0.2529296875,0,4.6488037109375,0,1,0,0.18000000715255737,0.550000011920929,1
1,-0.17169189453125,0,4.65313720703125,0,1,0,0.18000000715255737,0.550000011920929,1
1,0.353759765625,0,4.6536865234375,0,1,0,0.18000000715255737,0.550000011920929,1
1,0.0152587890625,0,4.6602783203125,0,1,0,0.18000000715255737,0.550000011920929,1
1,0.0809326171875,0,4.66229248046875,0,1,0,0.18000000715255737,0.550000011920929,1
1,-0.3099365234375,0,10.40576171875,0,1,0,0.18000000715255737,0.550000011920929,1
1,0.5687255859375,0,10.42828369140625,0,1,0,0.18000000715255737,0.550000011920929,1
1,-0.40093994140625,0,10.45343017578125,0,1,0,0.18000000715255737,0.550000011920929,1
1,0.64666748046875,0,10.44610595703125,0,1,0,0.31825101375579834,0.550000011920929,1
1,0.63214111328125,0,5.358154296875,0,1,0,0.18000000715255737,0.550000011920929,1
1,-0.31781005859375,0,5.368408203125,0,1,0,0.18000000715255737,0.550000011920929,1
1,0.2554931640625,0,5.3665771484375,0,1,0,0.18000000715255737,0.550000011920929,1
1,0.2847900390625,0,5.37371826171875,0,1,0,0.18000000715255737,0.550000011920929,1
1,-0.22161865234375,0,5.37890625,0,1,0,0.18000000715255737,0.550000011920929,1
1,0.405029296875,0,5.37957763671875,0,1,0,0.18000000715255737,0.550000011920929,1
1,0.0013427734375,0,5.38739013671875,0,1,0,0.18000000715255737,0.550000011920929,1
1,0.07965087890625,0,5.38983154296875,0,1,0,0.18000000715255737,0.550000011920929,1
1,-0.34002685546875,0,11.1265869140625,0,1,0,0.18000000715255737,0.550000011920929,1
1,0.60516357421875,0,11.1507568359375,0,1,0,0.18000000715255737,0.550000011920929,1
1,-0.43792724609375,0,11.1778564453125,0,1,0,0.18000000715255737,0.550000011920929,1
1,-0.44488525390625,0,11.31390380859375,0,1,0,0.26140257716178894,0.550000011920929,1
1,0.7198486328125,0,6.07867431640625,0,1,0,0.18000000715255737,0.550000011920929,1
1,-0.38311767578125,0,6.09051513671875,0,1,0,0.18000000715255737,0.550000011920929,1
1,0.28253173828125,0,6.08843994140625,0,1,0,0.18000000715255737,0.550000011920929,1
1,0.31658935546875,0,6.09674072265625,0,1,0,0.18000000715255737,0.550000011920929,1
1,-0.2713623046875,0,6.10272216796875,0,1,0,0.18000000715255737,0.550000011920929,1
1,0.4561767578125,0,6.103515625,0,1,0,0.18000000715255737,0.550000011920929,1
1,-0.01251220703125,0,6.11260986328125,0,1,0,0.18000000715255737,0.550000011920929,1
1,0.07843017578125,0,6.11541748046875,0,1,0,0.18000000715255737,0.550000011920929,1
1,-0.3701171875,0,11.847412109375,0,1,0,0.18000000715255737,0.550000011920929,1
1,0.6416015625,0,11.873291015625,0,1,0,0.18000000715255737,0.550000011920929,1
1,0.8076171875,0,6.79913330078125,0,1,0,0.18000000715255737,0.550000011920929,1
1,-0.4483642578125,0,6.81268310546875,0,1,0,0.18000000715255737,0.550000011920929,1
1,0.30963134765625,0,6.810302734375,0,1,0,0.18000000715255737,0.550000011920929,1
1,0.348388671875,0,6.8197021484375,0,1,0,0.18000000715255737,0.550000011920929,1
1,-0.3211669921875,0,6.82659912109375,0,1,0,0.18000000715255737,0.550000011920929,1
1,0.50738525390625,0,6.82745361328125,0,1,0,0.18000000715255737,0.550000011920929,1
1,-0.02642822265625,0,6.8377685546875,0,1,0,0.18000000715255737,0.550000011920929,1
1,0.0771484375,0,6.84100341796875,0,1,0,0.18000000715255737,0.550000011920929,1
1,-0.40020751953125,0,12.5682373046875,0,1,0,0.18000000715255737,0.550000011920929,1
1,0.67681884765625,0,12.57196044921875,0,1,0,0.29709321260452271,0.550000011920929,1
1,0.08746337890625,0,0.28607177734375,0,1,0,0.18000000715255737,0.550000011920929,1
1,0.89532470703125,0,7.51959228515625,0,1,0,0.18000000715255737,0.550000011920929,1
1,-0.513671875,0,7.5347900390625,0,1,0,0.18000000715255737,0.550000011920929,1
1,0.336669921875,0,7.5321044921875,0,1,0,0.18000000715255737,0.550000011920929,1
1,0.38018798828125,0,7.542724609375,0,1,0,0.18000000715255737,0.550000011920929,1
1,-0.3709716796875,0,7.5504150390625,0,1,0,0.18000000715255737,0.550000011920929,1
1,0.55853271484375,0,7.5513916015625,0,1,0,0.18000000715255737,0.550000011920929,1
1,-0.040283203125,0,7.56298828125,0,1,0,0.18000000715255737,0.550000011920929,1
1,0.075927734375,0,7.56658935546875,0,1,0,0.18000000715255737,0.550000011920929,1
1,-0.4302978515625,0,13.28900146484375,0,1,0,0.18000000715255737,0.550000011920929,1
1,-0.4365234375,0,13.43841552734375,0,1,0,0.26302963495254517,0.550000011920929,1
1,0.02886962890625,0,1.61480712890625,0,1,0,0.18000000715255737,0.550000011920929,1
1,0.09759521484375,0,1.61456298828125,0,1,0,0.18000000715255737,0.550000011920929,1
1,0.13787841796875,0,1.61553955078125,0,1,0,0.18000000715255737,0.550000011920929,1
1,0.025390625,0,1.61663818359375,0,1,0,0.18000000715255737,0.550000011920929,1
1,0.141357421875,0,1.61651611328125,0,1,0,0.18000000715255737,0.550000011920929,1
1,0.07952880859375,0,1.617919921875,0,1,0,0.18000000715255737,0.550000011920929,1
1,0.07330322265625,0,1.6182861328125,0,1,0,0.18000000715255737,0.550000011920929,1
1,0.113037109375,0,1.618896484375,0,1,0,0.18000000715255737,0.550000011920929,1
1,0.40594482421875,0,8.1285400390625,0,1,0,0.30033019185066223,0.550000011920929,1
1,0.98309326171875,0,8.2401123046875,0,1,0,0.18000000715255737,0.550000011920929,1
1,-0.5789794921875,0,8.2569580078125,0,1,0,0.18000000715255737,0.550000011920929,1
1,0.36376953125,0,8.25396728515625,0,1,0,0.18000000715255737,0.550000011920929,1
1,-0.4207763671875,0,8.27423095703125,0,1,0,0.18000000715255737,0.550000011920929,1
1,0.60968017578125,0,8.27532958984375,0,1,0,0.18000000715255737,0.550000011920929,1
1,-0.05413818359375,0,8.28814697265625,0,1,0,0.18000000715255737,0.550000011920929,1
1,0.07464599609375,0,8.29217529296875,0,1,0,0.18000000715255737,0.550000011920929,1
1,-0.02978515625,0,2.3436279296875,0,1,0,0.18000000715255737,0.550000011920929,1
1,0.107666015625,0,2.34307861328125,0,1,0,0.18000000715255737,0.550000011920929,1
1,0.18829345703125,0,2.34503173828125,0,1,0,0.18000000715255737,0.550000011920929,1
1,-0.03668212890625,0,2.34722900390625,0,1,0,0.18000000715255737,0.550000011920929,1
1,0.19525146484375,0,2.3470458984375,0,1,0,0.18000000715255737,0.550000011920929,1
1,0.071533203125,0,2.3497314453125,0,1,0,0.18000000715255737,0.550000011920929,1
1,0.05914306640625,0,2.3505859375,0,1,0,0.18000000715255737,0.550000011920929,1
1,0.13861083984375,0,2.351806640625,0,1,0,0.18000000715255737,0.550000011920929,1
1,-0.6280517578125,0,8.80010986328125,0,1,0,0.28566038608551025,0.550000011920929,1
1,-0.08587646484375,0,3.04144287109375,0,1,0,0.18000000715255737,0.550000011920929,1
1,0.1173095703125,0,3.0406494140625,0,1,0,0.18000000715255737,0.550000011920929,1
1,0.236572265625,0,3.04351806640625,0,1,0,0.18000000715255737,0.550000011920929,1
1,-0.09613037109375,0,3.0467529296875,0,1,0,0.18000000715255737,0.550000011920929,1
1,0.24688720703125,0,3.04644775390625,0,1,0,0.18000000715255737,0.550000011920929,1
1,0.06390380859375,0,3.05047607421875,0,1,0,0.18000000715255737,0.550000011920929,1
1,0.04559326171875,0,3.05169677734375,0,1,0,0.18000000715255737,0.550000011920929,1
1,0.1630859375,0,3.05352783203125,0,1,0,0.18000000715255737,0.550000011920929,1
1,1.07086181640625,0,8.9605712890625,0,1,0,0.18000000715255737,0.550000011920929,1
1,0.39080810546875,0,8.975830078125,0,1,0,0.18000000715255737,0.550000011920929,1
1,-0.4705810546875,0,8.998046875,0,1,0,0.18000000715255737,0.550000011920929,1
1,0.66082763671875,0,8.999267578125,0,1,0,0.18000000715255737,0.550000011920929,1
1,-0.0679931640625,0,9.01080322265625,0,1,0,0.25836250185966492,0.550000011920929,1
1,0.07342529296875,0,9.01776123046875,0,1,0,0.18000000715255737,0.550000011920929,1
1,1.13214111328125,0,9.46392822265625,0,1,0,0.28987088799476624,0.550000011920929,1
1,-0.1490478515625,0,3.82659912109375,0,1,0,0.18000000715255737,0.550000011920929,1
1,0.12823486328125,0,3.82550048828125,0,1,0,0.18000000715255737,0.550000011920929,1
1,0.29083251953125,0,3.8294677734375,0,1,0,0.18000000715255737,0.550000011920929,1
1,-0.16302490234375,0,3.83380126953125,0,1,0,0.18000000715255737,0.550000011920929,1
1,0.304931640625,0,3.83343505859375,0,1,0,0.18000000715255737,0.550000011920929,1
1,0.05535888671875,0,3.8389892578125,0,1,0,0.18000000715255737,0.550000011920929,1
1,0.03033447265625,0,3.840576171875,0,1,0,0.18000000715255737,0.550000011920929,1
1,0.190673828125,0,3.84307861328125,0,1,0,0.18000000715255737,0.550000011920929,1
1,0.41790771484375,0,9.69769287109375,0,1,0,0.18000000715255737,0.550000011920929,1
1,-0.52032470703125,0,9.721923828125,0,1,0,0.18000000715255737,0.550000011920929,1
1,0.7120361328125,0,9.72320556640625,0,1,0,0.18000000715255737,0.550000011920929,1
1,0.0721435546875,0,9.74334716796875,0,1,0,0.18000000715255737,0.550000011920929,1
1,-0.21453857421875,0,4.6409912109375,0,1,0,0.18000000715255737,0.550000011920929,1
1,0.1395263671875,0,4.6396484375,0,1,0,0.18000000715255737,0.550000011920929,1
1,0.34716796875,0,4.6446533203125,0,1,0,0.18000000715255737,0.550000011920929,1
1,-0.232421875,0,4.65020751953125,0,1,0,0.18000000715255737,0.550000011920929,1
1,0.36517333984375,0,4.6497802734375,0,1,0,0.18000000715255737,0.550000011920929,1
1,0.04644775390625,0,4.65679931640625,0,1,0,0.18000000715255737,0.550000011920929,1
1,0.0145263671875,0,4.65887451171875,0,1,0,0.18000000715255737,0.550000011920929,1
1,0.21923828125,0,4.66204833984375,0,1,0,0.18000000715255737,0.550000011920929,1
1,0.4449462890625,0,10.41949462890625,0,1,0,0.18000000715255737,0.550000011920929,1
1,-0.57012939453125,0,10.44573974609375,0,1,0,0.18000000715255737,0.550000011920929,1
1,0.76318359375,0,10.4471435546875,0,1,0,0.18000000715255737,0.550000011920929,1
1,0.0709228515625,0,10.468994140625,0,1,0,0.18000000715255737,0.550000011920929,1
1,0.7921142578125,0,10.85626220703125,0,1,0,0.25659433007240295,0.550000011920929,1
1,-0.27276611328125,0,5.36444091796875,0,1,0,0.18000000715255737,0.550000011920929,1
1,0.1495361328125,0,5.36279296875,0,1,0,0.18000000715255737,0.550000011920929,1
1,0.397216796875,0,5.3687744140625,0,1,0,0.18000000715255737,0.550000011920929,1
1,-0.29400634765625,0,5.37542724609375,0,1,0,0.18000000715255737,0.550000011920929,1
1,0.41864013671875,0,5.37493896484375,0,1,0,0.18000000715255737,0.550000011920929,1
1,0.03851318359375,0,5.38330078125,0,1,0,0.18000000715255737,0.550000011920929,1
1,0.00048828125,0,5.38580322265625,0,1,0,0.18000000715255737,0.550000011920929,1
1,0.24462890625,0,5.3895263671875,0,1,0,0.18000000715255737,0.550000011920929,1
1,0.47198486328125,0,11.141357421875,0,1,0,0.18000000715255737,0.550000011920929,1
1,-0.6162109375,0,11.1151123046875,0,1,0,0.25906583666801453,0.550000011920929,1
1,0.06982421875,0,11.0814208984375,0,1,0,0.25441363453865051,0.550000011920929,1
1,-0.330810546875,0,6.0859375,0,1,0,0.18000000715255737,0.550000011920929,1
1,0.1595458984375,0,6.08404541015625,0,1,0,0.18000000715255737,0.550000011920929,1
1,0.4471435546875,0,6.09100341796875,0,1,0,0.18000000715255737,0.550000011920929,1
1,-0.35546875,0,6.09869384765625,0,1,0,0.18000000715255737,0.550000011920929,1
1,0.4720458984375,0,6.09808349609375,0,1,0,0.18000000715255737,0.550000011920929,1
1,0.0306396484375,0,6.10784912109375,0,1,0,0.18000000715255737,0.550000011920929,1
1,-0.0135498046875,0,6.1107177734375,0,1,0,0.18000000715255737,0.550000011920929,1
1,0.26995849609375,0,6.1151123046875,0,1,0,0.18000000715255737,0.550000011920929,1
1,0.49908447265625,0,11.86322021484375,0,1,0,0.18000000715255737,0.550000011920929,1
1,-0.3887939453125,0,6.80743408203125,0,1,0,0.18000000715255737,0.550000011920929,1
1,0.1695556640625,0,6.8052978515625,0,1,0,0.18000000715255737,0.550000011920929,1
1,0.4970703125,0,6.81317138671875,0,1,0,0.18000000715255737,0.550000011920929,1
1,-0.41693115234375,0,6.82196044921875,0,1,0,0.18000000715255737,0.550000011920929,1
1,0.525390625,0,6.8212890625,0,1,0,0.18000000715255737,0.550000011920929,1
1,0.02276611328125,0,6.83233642578125,0,1,0,0.18000000715255737,0.550000011920929,1
1,-0.027587890625,0,6.83563232421875,0,1,0,0.18000000715255737,0.550000011920929,1
1,0.2952880859375,0,6.84063720703125,0,1,0,0.18000000715255737,0.550000011920929,1
1,0.526123046875,0,12.58502197265625,0,1,0,0.18000000715255737,0.550000011920929,1
1,0.54437255859375,0,13.0714111328125,0,1,0,0.299719899892807,0.550000011920929,1
1,0.08746337890625,0,0.28607177734375,0,1,0,0.18000000715255737,0.550000011920929,1
1,-0.44683837890625,0,7.5289306640625,0,1,0,0.18000000715255737,0.550000011920929,1
1,0.1795654296875,0,7.5264892578125,0,1,0,0.18000000715255737,0.550000011920929,1
1,0.54693603515625,0,7.535400390625,0,1,0,0.18000000715255737,0.550000011920929,1
1,-0.4783935546875,0,7.54522705078125,0,1,0,0.18000000715255737,0.550000011920929,1
1,0.5787353515625,0,7.54449462890625,0,1,0,0.18000000715255737,0.550000011920929,1
1,0.014892578125,0,7.556884765625,0,1,0,0.18000000715255737,0.550000011920929,1
1,-0.04156494140625,0,7.56060791015625,0,1,0,0.18000000715255737,0.550000011920929,1
1,0.32061767578125,0,7.566162109375,0,1,0,0.18000000715255737,0.550000011920929,1
1,0.0076904296875,0,1.61480712890625,0,1,0,0.18000000715255737,0.550000011920929,1
1,0.1365966796875,0,1.6143798828125,0,1,0,0.18000000715255737,0.550000011920929,1
1,0.10302734375,0,1.61578369140625,0,1,0,0.18000000715255737,0.550000011920929,1
1,0.03936767578125,0,1.61639404296875,0,1,0,0.18000000715255737,0.550000011920929,1
1,0.1510009765625,0,1.6165771484375,0,1,0,0.18000000715255737,0.550000011920929,1
1,0.0570068359375,0,1.61798095703125,0,1,0,0.18000000715255737,0.550000011920929,1
1,0.0926513671875,0,1.6181640625,0,1,0,0.18000000715255737,0.550000011920929,1
1,0.10662841796875,0,1.6190185546875,0,1,0,0.18000000715255737,0.550000011920929,1
1,-0.49810791015625,0,8.16668701171875,0,1,0,0.2707330584526062,0.550000011920929,1
1,0.18951416015625,0,8.24774169921875,0,1,0,0.18000000715255737,0.550000011920929,1
1,0.59368896484375,0,8.21148681640625,0,1,0,0.30340942740440369,0.550000011920929,1
1,-0.53985595703125,0,8.26849365234375,0,1,0,0.18000000715255737,0.550000011920929,1
1,0.632080078125,0,8.26763916015625,0,1,0,0.18000000715255737,0.550000011920929,1
1,0.00701904296875,0,8.28143310546875,0,1,0,0.18000000715255737,0.550000011920929,1
1,-0.05560302734375,0,8.2855224609375,0,1,0,0.18000000715255737,0.550000011920929,1
1,0.345947265625,0,8.291748046875,0,1,0,0.18000000715255737,0.550000011920929,1
1,-0.0721435546875,0,2.34356689453125,0,1,0,0.18000000715255737,0.550000011920929,1
1,0.185791015625,0,2.34271240234375,0,1,0,0.18000000715255737,0.550000011920929,1
1,0.11859130859375,0,2.3455810546875,0,1,0,0.18000000715255737,0.550000011920929,1
1,-0.00872802734375,0,2.3468017578125,0,1,0,0.18000000715255737,0.550000011920929,1
1,0.21453857421875,0,2.34710693359375,0,1,0,0.18000000715255737,0.550000011920929,1
1,0.02655029296875,0,2.34991455078125,0,1,0,0.18000000715255737,0.550000011920929,1
1,0.097900390625,0,2.35028076171875,0,1,0,0.18000000715255737,0.550000011920929,1
1,0.125732421875,0,2.3519287109375,0,1,0,0.18000000715255737,0.550000011920929,1
1,0.0042724609375,0,8.5340576171875,0,1,0,0.30239567160606384,0.550000011920929,1
1,-0.1485595703125,0,3.0413818359375,0,1,0,0.18000000715255737,0.550000011920929,1
1,0.23284912109375,0,3.04010009765625,0,1,0,0.18000000715255737,0.550000011920929,1
1,0.13348388671875,0,3.0443115234375,0,1,0,0.18000000715255737,0.550000011920929,1
1,-0.0548095703125,0,3.046142578125,0,1,0,0.18000000715255737,0.550000011920929,1
1,0.275390625,0,3.046630859375,0,1,0,0.18000000715255737,0.550000011920929,1
1,-0.0025634765625,0,3.05078125,0,1,0,0.18000000715255737,0.550000011920929,1
1,0.1029052734375,0,3.05133056640625,0,1,0,0.18000000715255737,0.550000011920929,1
1,0.14404296875,0,3.0537109375,0,1,0,0.18000000715255737,0.550000011920929,1
1,0.19952392578125,0,8.968994140625,0,1,0,0.18000000715255737,0.550000011920929,1
1,-0.601318359375,0,8.9918212890625,0,1,0,0.18000000715255737,0.550000011920929,1
1,0.68548583984375,0,8.9908447265625,0,1,0,0.18000000715255737,0.550000011920929,1
1,-0.06964111328125,0,9.01043701171875,0,1,0,0.18000000715255737,0.550000011920929,1
1,0.37127685546875,0,9.01727294921875,0,1,0,0.18000000715255737,0.550000011920929,1
1,-0.2344970703125,0,3.82647705078125,0,1,0,0.18000000715255737,0.550000011920929,1
1,0.2857666015625,0,3.82476806640625,0,1,0,0.18000000715255737,0.550000011920929,1
1,0.1502685546875,0,3.83050537109375,0,1,0,0.18000000715255737,0.550000011920929,1
1,-0.10662841796875,0,3.8330078125,0,1,0,0.18000000715255737,0.550000011920929,1
1,0.3438720703125,0,3.83367919921875,0,1,0,0.18000000715255737,0.550000011920929,1
1,-0.03533935546875,0,3.83929443359375,0,1,0,0.18000000715255737,0.550000011920929,1
1,0.1085205078125,0,3.840087890625,0,1,0,0.18000000715255737,0.550000011920929,1
1,0.1646728515625,0,3.8433837890625,0,1,0,0.18000000715255737,0.550000011920929,1
1,0.20953369140625,0,9.69024658203125,0,1,0,0.18000000715255737,0.550000011920929,1
1,-0.66278076171875,0,9.715087890625,0,1,0,0.18000000715255737,0.550000011920929,1
1,0.73883056640625,0,9.71405029296875,0,1,0,0.18000000715255737,0.550000011920929,1
1,-0.0836181640625,0,9.73541259765625,0,1,0,0.18000000715255737,0.550000011920929,1
1,0.39654541015625,0,9.7427978515625,0,1,0,0.18000000715255737,0.550000011920929,1
1,0.404296875,0,9.9632568359375,0,1,0,0.2949906587600708,0.550000011920929,1
1,-0.32366943359375,0,4.640869140625,0,1,0,0.18000000715255737,0.550000011920929,1
1,0.3406982421875,0,4.63873291015625,0,1,0,0.18000000715255737,0.550000011920929,1
1,0.16766357421875,0,4.64599609375,0,1,0,0.18000000715255737,0.550000011920929,1
1,-0.160400390625,0,4.649169921875,0,1,0,0.18000000715255737,0.550000011920929,1
1,0.4149169921875,0,4.65008544921875,0,1,0,0.18000000715255737,0.550000011920929,1
1,-0.06939697265625,0,4.6572265625,0,1,0,0.18000000715255737,0.550000011920929,1
1,0.11431884765625,0,4.658203125,0,1,0,0.18000000715255737,0.550000011920929,1
1,0.18609619140625,0,4.6624755859375,0,1,0,0.18000000715255737,0.550000011920929,1
1,0.21954345703125,0,10.41143798828125,0,1,0,0.18000000715255737,0.550000011920929,1
1,-0.7242431640625,0,10.4383544921875,0,1,0,0.18000000715255737,0.550000011920929,1
1,0.79217529296875,0,10.43719482421875,0,1,0,0.18000000715255737,0.550000011920929,1
1,-0.09765625,0,10.4603271484375,0,1,0,0.18000000715255737,0.550000011920929,1
1,-0.7391357421875,0,10.61346435546875,0,1,0,0.24932950735092163,0.550000011920929,1
1,-0.40289306640625,0,5.36431884765625,0,1,0,0.18000000715255737,0.550000011920929,1
1,0.38946533203125,0,5.3616943359375,0,1,0,0.18000000715255737,0.550000011920929,1
1,0.18310546875,0,5.37042236328125,0,1,0,0.18000000715255737,0.550000011920929,1
1,-0.2081298828125,0,5.37420654296875,0,1,0,0.18000000715255737,0.550000011920929,1
1,0.47796630859375,0,5.375244140625,0,1,0,0.18000000715255737,0.550000011920929,1
1,-0.099609375,0,5.3837890625,0,1,0,0.18000000715255737,0.550000011920929,1
1,0.1195068359375,0,5.38494873046875,0,1,0,0.18000000715255737,0.550000011920929,1
1,0.205078125,0,5.3900146484375,0,1,0,0.18000000715255737,0.550000011920929,1
1,0.22955322265625,0,11.1326904296875,0,1,0,0.18000000715255737,0.550000011920929,1
1,0.84552001953125,0,11.160400390625,0,1,0,0.18000000715255737,0.550000011920929,1
1,-0.1116943359375,0,11.18524169921875,0,1,0,0.18000000715255737,0.550000011920929,1
1,0.86932373046875,0,11.4830322265625,0,1,0,0.28529363870620728,0.550000011920929,1
1,-0.1192626953125,0,11.57574462890625,0,1,0,0.31020054221153259,0.550000011920929,1
1,-0.48193359375,0,6.08575439453125,0,1,0,0.18000000715255737,0.550000011920929,1
1,0.43817138671875,0,6.082763671875,0,1,0,0.18000000715255737,0.550000011920929,1
1,0.198486328125,0,6.0928955078125,0,1,0,0.18000000715255737,0.550000011920929,1
1,-0.2557373046875,0,6.09722900390625,0,1,0,0.18000000715255737,0.550000011920929,1
1,0.5408935546875,0,6.0985107421875,0,1,0,0.18000000715255737,0.550000011920929,1
1,-0.1297607421875,0,6.1083984375,0,1,0,0.18000000715255737,0.550000011920929,1
1,0.12469482421875,0,6.1097412109375,0,1,0,0.18000000715255737,0.550000011920929,1
1,0.2239990234375,0,6.1156005859375,0,1,0,0.18000000715255737,0.550000011920929,1
1,0.23956298828125,0,11.85394287109375,0,1,0,0.18000000715255737,0.550000011920929,1
1,-0.5609130859375,0,6.8072509765625,0,1,0,0.18000000715255737,0.550000011920929,1
1,0.48681640625,0,6.8038330078125,0,1,0,0.18000000715255737,0.550000011920929,1
1,0.21392822265625,0,6.81536865234375,0,1,0,0.18000000715255737,0.550000011920929,1
1,-0.30340576171875,0,6.8203125,0,1,0,0.18000000715255737,0.550000011920929,1
1,0.60382080078125,0,6.82171630859375,0,1,0,0.18000000715255737,0.550000011920929,1
1,-0.159912109375,0,6.83306884765625,0,1,0,0.18000000715255737,0.550000011920929,1
1,0.12982177734375,0,6.8345947265625,0,1,0,0.18000000715255737,0.550000011920929,1
1,0.24298095703125,0,6.84124755859375,0,1,0,0.18000000715255737,0.550000011920929,1
1,0.24957275390625,0,12.5751953125,0,1,0,0.18000000715255737,0.550000011920929,1
1,0.08746337890625,0,0.28607177734375,0,1,0,0.18000000715255737,0.550000011920929,1
1,-0.639892578125,0,7.52874755859375,0,1,0,0.18000000715255737,0.550000011920929,1
1,0.53546142578125,0,7.52490234375,0,1,0,0.18000000715255737,0.550000011920929,1
1,0.22930908203125,0,7.53778076171875,0,1,0,0.18000000715255737,0.550000011920929,1
1,-0.35101318359375,0,7.54339599609375,0,1,0,0.18000000715255737,0.550000011920929,1
1,0.666748046875,0,7.54498291015625,0,1,0,0.18000000715255737,0.550000011920929,1
1,-0.19000244140625,0,7.55767822265625,0,1,0,0.18000000715255737,0.550000011920929,1
1,0.135009765625,0,7.55938720703125,0,1,0,0.18000000715255737,0.550000011920929,1
1,0.26190185546875,0,7.56689453125,0,1,0,0.18000000715255737,0.550000011920929,1
1,0.259521484375,0,13.29638671875,0,1,0,0.18000000715255737,0.550000011920929,1
1,0.234130859375,0,7.763671875,0,1,0,0.29996144771575928,0.550000011920929,1
1,0.2623291015625,0,13.49700927734375,0,1,0,0.28199750185012817,0.550000011920929,1
1,0.176025390625,0,1.6136474609375,0,1,0,0.18000000715255737,0.550000011920929,1
1,0.04644775390625,0,1.61541748046875,0,1,0,0.18000000715255737,0.550000011920929,1
1,0.0810546875,0,1.6153564453125,0,1,0,0.18000000715255737,0.550000011920929,1
1,0.14385986328125,0,1.61614990234375,0,1,0,0.18000000715255737,0.550000011920929,1
1,0.03253173828125,0,1.6173095703125,0,1,0,0.18000000715255737,0.550000011920929,1
1,0.1268310546875,0,1.6173095703125,0,1,0,0.18000000715255737,0.550000011920929,1
1,0.090576171875,0,1.61846923828125,0,1,0,0.18000000715255737,0.550000011920929,1
1,0.07708740234375,0,1.6190185546875,0,1,0,0.18000000715255737,0.550000011920929,1
1,-0.71893310546875,0,8.25018310546875,0,1,0,0.18000000715255737,0.550000011920929,1
1,0.5841064453125,0,8.2459716796875,0,1,0,0.18000000715255737,0.550000011920929,1
1,-0.39862060546875,0,8.2664794921875,0,1,0,0.18000000715255737,0.550000011920929,1
1,0.72967529296875,0,8.2681884765625,0,1,0,0.18000000715255737,0.550000011920929,1
1,-0.22015380859375,0,8.28228759765625,0,1,0,0.18000000715255737,0.550000011920929,1
1,0.14013671875,0,8.2841796875,0,1,0,0.18000000715255737,0.550000011920929,1
1,0.2808837890625,0,8.29248046875,0,1,0,0.18000000715255737,0.550000011920929,1
1,0.2645263671875,0,2.34124755859375,0,1,0,0.18000000715255737,0.550000011920929,1
1,0.00537109375,0,2.3448486328125,0,1,0,0.18000000715255737,0.550000011920929,1
1,0.07464599609375,0,2.3447265625,0,1,0,0.18000000715255737,0.550000011920929,1
1,0.20025634765625,0,2.34619140625,0,1,0,0.18000000715255737,0.550000011920929,1
1,-0.0224609375,0,2.34857177734375,0,1,0,0.18000000715255737,0.550000011920929,1
1,0.1661376953125,0,2.34857177734375,0,1,0,0.18000000715255737,0.550000011920929,1
1,0.09375,0,2.3509521484375,0,1,0,0.18000000715255737,0.550000011920929,1
1,0.0667724609375,0,2.35205078125,0,1,0,0.18000000715255737,0.550000011920929,1
1,0.349365234375,0,3.0379638671875,0,1,0,0.18000000715255737,0.550000011920929,1
1,-0.033935546875,0,3.043212890625,0,1,0,0.18000000715255737,0.550000011920929,1
1,0.06854248046875,0,3.04302978515625,0,1,0,0.18000000715255737,0.550000011920929,1
1,0.2542724609375,0,3.0452880859375,0,1,0,0.18000000715255737,0.550000011920929,1
1,-0.0750732421875,0,3.04876708984375,0,1,0,0.18000000715255737,0.550000011920929,1
1,0.203857421875,0,3.0487060546875,0,1,0,0.18000000715255737,0.550000011920929,1
1,0.09674072265625,0,3.05224609375,0,1,0,0.18000000715255737,0.550000011920929,1
1,0.05682373046875,0,3.05389404296875,0,1,0,0.18000000715255737,0.550000011920929,1
1,-0.79791259765625,0,8.9716796875,0,1,0,0.18000000715255737,0.550000011920929,1
1,0.63275146484375,0,8.96697998046875,0,1,0,0.18000000715255737,0.550000011920929,1
1,-0.44622802734375,0,8.98956298828125,0,1,0,0.18000000715255737,0.550000011920929,1
1,0.79254150390625,0,8.991455078125,0,1,0,0.18000000715255737,0.550000011920929,1
1,-0.24755859375,0,8.94061279296875,0,1,0,0.27719736099243164,0.550000011920929,1
1,0.14532470703125,0,9.00897216796875,0,1,0,0.18000000715255737,0.550000011920929,1
1,0.2998046875,0,9.01812744140625,0,1,0,0.18000000715255737,0.550000011920929,1
1,-0.84930419921875,0,9.44073486328125,0,1,0,0.29096198081970215,0.550000011920929,1
1,0.31549072265625,0,9.6187744140625,0,1,0,0.30928722023963928,0.550000011920929,1
1,0.44476318359375,0,3.82183837890625,0,1,0,0.18000000715255737,0.550000011920929,1
1,-0.078125,0,3.82904052734375,0,1,0,0.18000000715255737,0.550000011920929,1
1,0.0616455078125,0,3.8287353515625,0,1,0,0.18000000715255737,0.550000011920929,1
1,0.3150634765625,0,3.831787109375,0,1,0,0.18000000715255737,0.550000011920929,1
1,-0.13427734375,0,3.83660888671875,0,1,0,0.18000000715255737,0.550000011920929,1
1,0.2462158203125,0,3.8365478515625,0,1,0,0.18000000715255737,0.550000011920929,1
1,0.10009765625,0,3.84130859375,0,1,0,0.18000000715255737,0.550000011920929,1
1,0.045654296875,0,3.84356689453125,0,1,0,0.18000000715255737,0.550000011920929,1
1,0.68145751953125,0,9.68804931640625,0,1,0,0.18000000715255737,0.550000011920929,1
1,-0.493896484375,0,9.71258544921875,0,1,0,0.18000000715255737,0.550000011920929,1
1,0.85546875,0,9.71466064453125,0,1,0,0.18000000715255737,0.550000011920929,1
1,0.1505126953125,0,9.7337646484375,0,1,0,0.18000000715255737,0.550000011920929,1
1,0.543701171875,0,4.63494873046875,0,1,0,0.18000000715255737,0.550000011920929,1
1,-0.1240234375,0,4.64410400390625,0,1,0,0.18000000715255737,0.550000011920929,1
1,0.05450439453125,0,4.643798828125,0,1,0,0.18000000715255737,0.550000011920929,1
1,0.37811279296875,0,4.647705078125,0,1,0,0.18000000715255737,0.550000011920929,1
1,-0.1956787109375,0,4.65380859375,0,1,0,0.18000000715255737,0.550000011920929,1
1,0.29022216796875,0,4.6536865234375,0,1,0,0.18000000715255737,0.550000011920929,1
1,0.1036376953125,0,4.6597900390625,0,1,0,0.18000000715255737,0.550000011920929,1
1,0.0340576171875,0,4.66265869140625,0,1,0,0.18000000715255737,0.550000011920929,1
1,0.7301025390625,0,10.40911865234375,0,1,0,0.18000000715255737,0.550000011920929,1
1,-0.54150390625,0,10.4356689453125,0,1,0,0.18000000715255737,0.550000011920929,1
1,0.910888671875,0,10.35150146484375,0,1,0,0.27777743339538574,0.550000011920929,1
1,0.1556396484375,0,10.4586181640625,0,1,0,0.18000000715255737,0.550000011920929,1
1,0.631591796875,0,5.35723876953125,0,1,0,0.18000000715255737,0.550000011920929,1
1,-0.16473388671875,0,5.3681640625,0,1,0,0.18000000715255737,0.550000011920929,1
1,0.04815673828125,0,5.36773681640625,0,1,0,0.18000000715255737,0.550000011920929,1
1,0.43408203125,0,5.37237548828125,0,1,0,0.18000000715255737,0.550000011920929,1
1,-0.25018310546875,0,5.37969970703125,0,1,0,0.18000000715255737,0.550000011920929,1
1,0.32928466796875,0,5.37957763671875,0,1,0,0.18000000715255737,0.550000011920929,1
1,0.10675048828125,0,5.38690185546875,0,1,0,0.18000000715255737,0.550000011920929,1
1,0.0238037109375,0,5.3902587890625,0,1,0,0.18000000715255737,0.550000011920929,1
1,0.77874755859375,0,11.13018798828125,0,1,0,0.18000000715255737,0.550000011920929,1
1,-0.589111328125,0,11.15875244140625,0,1,0,0.18000000715255737,0.550000011920929,1
1,0.16082763671875,0,11.18341064453125,0,1,0,0.18000000715255737,0.550000011920929,1
1,0.1649169921875,0,11.76556396484375,0,1,0,0.31326371431350708,0.550000011920929,1
1,0.71923828125,0,6.07757568359375,0,1,0,0.18000000715255737,0.550000011920929,1
1,-0.20538330078125,0,6.0902099609375,0,1,0,0.18000000715255737,0.550000011920929,1
1,0.04180908203125,0,6.08978271484375,0,1,0,0.18000000715255737,0.550000011920929,1
1,0.48992919921875,0,6.09515380859375,0,1,0,0.18000000715255737,0.550000011920929,1
1,-0.30462646484375,0,6.10369873046875,0,1,0,0.18000000715255737,0.550000011920929,1
1,0.36822509765625,0,6.103515625,0,1,0,0.18000000715255737,0.550000011920929,1
1,0.10986328125,0,6.11199951171875,0,1,0,0.18000000715255737,0.550000011920929,1
1,0.0135498046875,0,6.115966796875,0,1,0,0.18000000715255737,0.550000011920929,1
1,0.827392578125,0,11.85125732421875,0,1,0,0.18000000715255737,0.550000011920929,1
1,-0.6361083984375,0,11.8721923828125,0,1,0,0.31679072976112366,0.550000011920929,1
1,0.806884765625,0,6.79791259765625,0,1,0,0.18000000715255737,0.550000011920929,1
1,-0.24603271484375,0,6.81231689453125,0,1,0,0.18000000715255737,0.550000011920929,1
1,0.03546142578125,0,6.81182861328125,0,1,0,0.18000000715255737,0.550000011920929,1
1,0.5457763671875,0,6.81793212890625,0,1,0,0.18000000715255737,0.550000011920929,1
1,-0.3590087890625,0,6.82763671875,0,1,0,0.18000000715255737,0.550000011920929,1
1,0.40716552734375,0,6.82745361328125,0,1,0,0.18000000715255737,0.550000011920929,1
1,0.11297607421875,0,6.83709716796875,0,1,0,0.18000000715255737,0.550000011920929,1
1,0.0032958984375,0,6.84161376953125,0,1,0,0.18000000715255737,0.550000011920929,1
1,0.87603759765625,0,12.57232666015625,0,1,0,0.18000000715255737,0.550000011920929,1
1,0.8983154296875,0,12.9022216796875,0,1,0,0.25643670558929443,0.550000011920929,1
1,0.08746337890625,0,0.28607177734375,0,1,0,0.18000000715255737,0.550000011920929,1
1,0.89459228515625,0,7.51824951171875,0,1,0,0.18000000715255737,0.550000011920929,1
1,-0.28668212890625,0,7.534423828125,0,1,0,0.18000000715255737,0.550000011920929,1
1,0.02911376953125,0,7.5338134765625,0,1,0,0.18000000715255737,0.550000011920929,1
1,0.60162353515625,0,7.54071044921875,0,1,0,0.18000000715255737,0.550000011920929,1
1,-0.41339111328125,0,7.55157470703125,0,1,0,0.18000000715255737,0.550000011920929,1
1,0.44610595703125,0,7.5513916015625,0,1,0,0.18000000715255737,0.550000011920929,1
1,0.1160888671875,0,7.56219482421875,0,1,0,0.18000000715255737,0.550000011920929,1
1,-0.0069580078125,0,7.5672607421875,0,1,0,0.18000000715255737,0.550000011920929,1
1,0.014892578125,0,1.61456298828125,0,1,0,0.18000000715255737,0.550000011920929,1
1,0.16961669921875,0,1.6143798828125,0,1,0,0.18000000715255737,0.550000011920929,1
1,0.05194091796875,0,1.6160888671875,0,1,0,0.18000000715255737,0.550000011920929,1
1,0.08001708984375,0,1.6160888671875,0,1,0,0.18000000715255737,0.550000011920929,1
1,0.138916015625,0,1.6168212890625,0,1,0,0.18000000715255737,0.550000011920929,1
1,0.041748046875,0,1.61798095703125,0,1,0,0.18000000715255737,0.550000011920929,1
1,0.1180419921875,0,1.6180419921875,0,1,0,0.18000000715255737,0.550000011920929,1
1,0.091796875,0,1.61907958984375,0,1,0,0.18000000715255737,0.550000011920929,1
1,-0.31036376953125,0,7.95538330078125,0,1,0,0.28176623582839966,0.550000011920929,1
1,0.98223876953125,0,8.23858642578125,0,1,0,0.18000000715255737,0.550000011920929,1
1,0.02276611328125,0,8.255859375,0,1,0,0.18000000715255737,0.550000011920929,1
1,0.657470703125,0,8.26348876953125,0,1,0,0.18000000715255737,0.550000011920929,1
1,-0.46783447265625,0,8.27557373046875,0,1,0,0.18000000715255737,0.550000011920929,1
1,0.485107421875,0,8.27532958984375,0,1,0,0.18000000715255737,0.550000011920929,1
1,0.11920166015625,0,8.287353515625,0,1,0,0.18000000715255737,0.550000011920929,1
1,-0.0172119140625,0,8.29290771484375,0,1,0,0.18000000715255737,0.550000011920929,1
1,-0.05767822265625,0,2.343017578125,0,1,0,0.18000000715255737,0.550000011920929,1
1,0.2518310546875,0,2.34271240234375,0,1,0,0.18000000715255737,0.550000011920929,1
1,0.0164794921875,0,2.3460693359375,0,1,0,0.18000000715255737,0.550000011920929,1
1,0.072509765625,0,2.34613037109375,0,1,0,0.18000000715255737,0.550000011920929,1
1,0.19036865234375,0,2.34759521484375,0,1,0,0.18000000715255737,0.550000011920929,1
1,-0.00396728515625,0,2.349853515625,0,1,0,0.18000000715255737,0.550000011920929,1
1,0.14862060546875,0,2.35009765625,0,1,0,0.18000000715255737,0.550000011920929,1
1,0.09619140625,0,2.3521728515625,0,1,0,0.18000000715255737,0.550000011920929,1
1,0.69219970703125,0,8.7135009765625,0,1,0,0.31290480494499207,0.550000011920929,1
1,0.12158203125,0,8.857421875,0,1,0,0.248185396194458,0.550000011920929,1
1,-0.12713623046875,0,3.04052734375,0,1,0,0.18000000715255737,0.550000011920929,1
1,0.33050537109375,0,3.0400390625,0,1,0,0.18000000715255737,0.550000011920929,1
1,-0.01751708984375,0,3.04510498046875,0,1,0,0.18000000715255737,0.550000011920929,1
1,0.06536865234375,0,3.045166015625,0,1,0,0.18000000715255737,0.550000011920929,1
1,0.23968505859375,0,3.04730224609375,0,1,0,0.18000000715255737,0.550000011920929,1
1,-0.04766845703125,0,3.0506591796875,0,1,0,0.18000000715255737,0.550000011920929,1
1,0.17791748046875,0,3.05096435546875,0,1,0,0.18000000715255737,0.550000011920929,1
1,0.100341796875,0,3.0540771484375,0,1,0,0.18000000715255737,0.550000011920929,1
1,1.06988525390625,0,8.95892333984375,0,1,0,0.18000000715255737,0.550000011920929,1
1,0.01641845703125,0,8.9779052734375,0,1,0,0.18000000715255737,0.550000011920929,1
1,-0.522216796875,0,8.99951171875,0,1,0,0.18000000715255737,0.550000011920929,1
1,0.5240478515625,0,8.999267578125,0,1,0,0.18000000715255737,0.550000011920929,1
1,-0.0274658203125,0,9.0185546875,0,1,0,0.18000000715255737,0.550000011920929,1
1,-0.205322265625,0,3.82537841796875,0,1,0,0.18000000715255737,0.550000011920929,1
1,0.4190673828125,0,3.82470703125,0,1,0,0.18000000715255737,0.550000011920929,1
1,-0.05572509765625,0,3.83154296875,0,1,0,0.18000000715255737,0.550000011920929,1
1,0.05731201171875,0,3.8316650390625,0,1,0,0.18000000715255737,0.550000011920929,1
1,0.29510498046875,0,3.8345947265625,0,1,0,0.18000000715255737,0.550000011920929,1
1,-0.096923828125,0,3.83917236328125,0,1,0,0.18000000715255737,0.550000011920929,1
1,0.21087646484375,0,3.839599609375,0,1,0,0.18000000715255737,0.550000011920929,1
1,0.10504150390625,0,3.84381103515625,0,1,0,0.18000000715255737,0.550000011920929,1
1,1.15753173828125,0,9.67926025390625,0,1,0,0.18000000715255737,0.550000011920929,1
1,0.0101318359375,0,9.699951171875,0,1,0,0.18000000715255737,0.550000011920929,1
1,-0.57659912109375,0,9.72344970703125,0,1,0,0.18000000715255737,0.550000011920929,1
1,0.56298828125,0,9.72320556640625,0,1,0,0.18000000715255737,0.550000011920929,1
1,-0.0377197265625,0,9.7442626953125,0,1,0,0.18000000715255737,0.550000011920929,1
1,-0.604248046875,0,10.0908203125,0,1,0,0.30871370434761047,0.550000011920929,1
1,-0.28643798828125,0,4.63946533203125,0,1,0,0.18000000715255737,0.550000011920929,1
1,0.51092529296875,0,4.63861083984375,0,1,0,0.18000000715255737,0.550000011920929,1
1,-0.09539794921875,0,4.6473388671875,0,1,0,0.18000000715255737,0.550000011920929,1
1,0.0489501953125,0,4.6474609375,0,1,0,0.18000000715255737,0.550000011920929,1
1,0.35260009765625,0,4.6512451171875,0,1,0,0.18000000715255737,0.550000011920929,1
1,-0.14801025390625,0,4.6571044921875,0,1,0,0.18000000715255737,0.550000011920929,1
1,0.24505615234375,0,4.65765380859375,0,1,0,0.18000000715255737,0.550000011920929,1
1,0.10986328125,0,4.66302490234375,0,1,0,0.18000000715255737,0.550000011920929,1
1,1.24517822265625,0,10.39959716796875,0,1,0,0.18000000715255737,0.550000011920929,1
1,0.0037841796875,0,10.4219970703125,0,1,0,0.18000000715255737,0.550000011920929,1
1,0.6019287109375,0,10.4471435546875,0,1,0,0.18000000715255737,0.550000011920929,1
1,-0.0479736328125,0,10.46990966796875,0,1,0,0.18000000715255737,0.550000011920929,1
1,1.31005859375,0,10.9327392578125,0,1,0,0.29203444719314575,0.550000011920929,1
1,-0.053955078125,0,10.894287109375,0,1,0,0.30388465523719788,0.550000011920929,1
1,-0.35845947265625,0,5.36260986328125,0,1,0,0.18000000715255737,0.550000011920929,1
1,0.59246826171875,0,5.361572265625,0,1,0,0.18000000715255737,0.550000011920929,1
1,-0.13067626953125,0,5.37200927734375,0,1,0,0.18000000715255737,0.550000011920929,1
1,0.04156494140625,0,5.37213134765625,0,1,0,0.18000000715255737,0.550000011920929,1
1,0.4036865234375,0,5.37664794921875,0,1,0,0.18000000715255737,0.550000011920929,1
1,-0.193359375,0,5.38360595703125,0,1,0,0.18000000715255737,0.550000011920929,1
1,0.27545166015625,0,5.38427734375,0,1,0,0.18000000715255737,0.550000011920929,1
1,0.11419677734375,0,5.39068603515625,0,1,0,0.18000000715255737,0.550000011920929,1
1,-0.0025634765625,0,11.14398193359375,0,1,0,0.18000000715255737,0.550000011920929,1
1,0.64093017578125,0,11.17108154296875,0,1,0,0.18000000715255737,0.550000011920929,1
1,0.6656494140625,0,11.63092041015625,0,1,0,0.28428992629051208,0.550000011920929,1
1,-0.43035888671875,0,6.08380126953125,0,1,0,0.18000000715255737,0.550000011920929,1
1,0.673828125,0,6.0826416015625,0,1,0,0.18000000715255737,0.550000011920929,1
1,-0.165771484375,0,6.0947265625,0,1,0,0.18000000715255737,0.550000011920929,1
1,0.0341796875,0,6.09490966796875,0,1,0,0.18000000715255737,0.550000011920929,1
1,0.45465087890625,0,6.10009765625,0,1,0,0.18000000715255737,0.550000011920929,1
1,-0.23858642578125,0,6.10821533203125,0,1,0,0.18000000715255737,0.550000011920929,1
1,0.30572509765625,0,6.10894775390625,0,1,0,0.18000000715255737,0.550000011920929,1
1,0.11846923828125,0,6.11639404296875,0,1,0,0.18000000715255737,0.550000011920929,1
1,-0.0089111328125,0,11.86602783203125,0,1,0,0.18000000715255737,0.550000011920929,1
1,-0.502197265625,0,6.80499267578125,0,1,0,0.18000000715255737,0.550000011920929,1
1,0.75518798828125,0,6.8037109375,0,1,0,0.18000000715255737,0.550000011920929,1
1,-0.200927734375,0,6.81744384765625,0,1,0,0.18000000715255737,0.550000011920929,1
1,0.0267333984375,0,6.817626953125,0,1,0,0.18000000715255737,0.550000011920929,1
1,0.50555419921875,0,6.82354736328125,0,1,0,0.18000000715255737,0.550000011920929,1
1,-0.28387451171875,0,6.832763671875,0,1,0,0.18000000715255737,0.550000011920929,1
1,0.33599853515625,0,6.83367919921875,0,1,0,0.18000000715255737,0.550000011920929,1
1,0.122802734375,0,6.84210205078125,0,1,0,0.18000000715255737,0.550000011920929,1
1,-0.0152587890625,0,12.58807373046875,0,1,0,0.18000000715255737,0.550000011920929,1
1,0.08746337890625,0,0.28607177734375,0,1,0,0.18000000715255737,0.550000011920929,1
1,-0.57403564453125,0,7.52618408203125,0,1,0,0.18000000715255737,0.550000011920929,1
1,0.8365478515625,0,7.52471923828125,0,1,0,0.18000000715255737,0.550000011920929,1
1,-0.236083984375,0,7.5401611328125,0,1,0,0.18000000715255737,0.550000011920929,1
1,0.01934814453125,0,7.54034423828125,0,1,0,0.18000000715255737,0.550000011920929,1
1,0.5565185546875,0,7.5469970703125,0,1,0,0.18000000715255737,0.550000011920929,1
1,-0.3291015625,0,7.557373046875,0,1,0,0.18000000715255737,0.550000011920929,1
1,0.3663330078125,0,7.558349609375,0,1,0,0.18000000715255737,0.550000011920929,1
1,0.12713623046875,0,7.56787109375,0,1,0,0.18000000715255737,0.550000011920929,1
1,-0.0206298828125,0,13.20172119140625,0,1,0,0.28908264636993408,0.550000011920929,1
1,0.071044921875,0,1.61468505859375,0,1,0,0.18000000715255737,0.550000011920929,1
1,0.0531005859375,0,1.6148681640625,0,1,0,0.18000000715255737,0.550000011920929,1
1,0.16204833984375,0,1.61529541015625,0,1,0,0.18000000715255737,0.550000011920929,1
1,0.0301513671875,0,1.61676025390625,0,1,0,0.18000000715255737,0.550000011920929,1
1,0.11578369140625,0,1.6165771484375,0,1,0,0.18000000715255737,0.550000011920929,1
1,0.1077880859375,0,1.61773681640625,0,1,0,0.18000000715255737,0.550000011920929,1
1,0.05767822265625,0,1.61846923828125,0,1,0,0.18000000715255737,0.550000011920929,1
1,0.1136474609375,0,1.618896484375,0,1,0,0.18000000715255737,0.550000011920929,1
1,-0.2623291015625,0,8.0810546875,0,1,0,0.2529589831829071,0.550000011920929,1
1,-0.6458740234375,0,8.2474365234375,0,1,0,0.18000000715255737,0.550000011920929,1
1,0.91790771484375,0,8.24578857421875,0,1,0,0.18000000715255737,0.550000011920929,1
1,0.011962890625,0,8.26312255859375,0,1,0,0.18000000715255737,0.550000011920929,1
1,0.60748291015625,0,8.27044677734375,0,1,0,0.18000000715255737,0.550000011920929,1
1,-0.37432861328125,0,8.281982421875,0,1,0,0.18000000715255737,0.550000011920929,1
1,0.3966064453125,0,8.2830810546875,0,1,0,0.18000000715255737,0.550000011920929,1
1,0.13140869140625,0,8.2935791015625,0,1,0,0.18000000715255737,0.550000011920929,1
1,0.05462646484375,0,2.34332275390625,0,1,0,0.18000000715255737,0.550000011920929,1
1,0.0186767578125,0,2.34368896484375,0,1,0,0.18000000715255737,0.550000011920929,1
1,0.23663330078125,0,2.344482421875,0,1,0,0.18000000715255737,0.550000011920929,1
1,-0.027099609375,0,2.347412109375,0,1,0,0.18000000715255737,0.550000011920929,1
1,0.14410400390625,0,2.34716796875,0,1,0,0.18000000715255737,0.550000011920929,1
1,0.128173828125,0,2.34942626953125,0,1,0,0.18000000715255737,0.550000011920929,1
1,0.0279541015625,0,2.35089111328125,0,1,0,0.18000000715255737,0.550000011920929,1
1,0.13983154296875,0,2.3516845703125,0,1,0,0.18000000715255737,0.550000011920929,1
1,0.0389404296875,0,3.04095458984375,0,1,0,0.18000000715255737,0.550000011920929,1
1,-0.01422119140625,0,3.04156494140625,0,1,0,0.18000000715255737,0.550000011920929,1
1,0.30810546875,0,3.042724609375,0,1,0,0.18000000715255737,0.550000011920929,1
1,-0.08197021484375,0,3.04705810546875,0,1,0,0.18000000715255737,0.550000011920929,1
1,0.1712646484375,0,3.04669189453125,0,1,0,0.18000000715255737,0.550000011920929,1
1,0.14764404296875,0,3.04998779296875,0,1,0,0.18000000715255737,0.550000011920929,1
1,-0.00054931640625,0,3.0521240234375,0,1,0,0.18000000715255737,0.550000011920929,1
1,0.1649169921875,0,3.0533447265625,0,1,0,0.18000000715255737,0.550000011920929,1
1,-0.71771240234375,0,8.9686279296875,0,1,0,0.18000000715255737,0.550000011920929,1
1,0.999267578125,0,8.966796875,0,1,0,0.18000000715255737,0.550000011920929,1
1,0.00457763671875,0,8.98583984375,0,1,0,0.18000000715255737,0.550000011920929,1
1,0.65411376953125,0,8.93341064453125,0,1,0,0.25256681442260742,0.550000011920929,1
1,-0.41961669921875,0,9.00653076171875,0,1,0,0.18000000715255737,0.550000011920929,1
1,0.4268798828125,0,9.00775146484375,0,1,0,0.18000000715255737,0.550000011920929,1
1,0.1357421875,0,9.019287109375,0,1,0,0.18000000715255737,0.550000011920929,1
1,0.13812255859375,0,9.42315673828125,0,1,0,0.30244007706642151,0.550000011920929,1
1,0.021240234375,0,3.82598876953125,0,1,0,0.18000000715255737,0.550000011920929,1
1,-0.05126953125,0,3.82672119140625,0,1,0,0.18000000715255737,0.550000011920929,1
1,0.388427734375,0,3.828369140625,0,1,0,0.18000000715255737,0.550000011920929,1
1,-0.14373779296875,0,3.83428955078125,0,1,0,0.18000000715255737,0.550000011920929,1
1,0.2017822265625,0,3.833740234375,0,1,0,0.18000000715255737,0.550000011920929,1
1,0.1695556640625,0,3.8382568359375,0,1,0,0.18000000715255737,0.550000011920929,1
1,-0.03265380859375,0,3.8411865234375,0,1,0,0.18000000715255737,0.550000011920929,1
1,0.19317626953125,0,3.84283447265625,0,1,0,0.18000000715255737,0.550000011920929,1
1,-0.78955078125,0,9.6898193359375,0,1,0,0.18000000715255737,0.550000011920929,1
1,1.08062744140625,0,9.6878662109375,0,1,0,0.18000000715255737,0.550000011920929,1
1,-0.0028076171875,0,9.7086181640625,0,1,0,0.18000000715255737,0.550000011920929,1
1,-0.46484375,0,9.73114013671875,0,1,0,0.18000000715255737,0.550000011920929,1
1,0.4571533203125,0,9.73248291015625,0,1,0,0.18000000715255737,0.550000011920929,1
1,-0.4853515625,0,10.0596923828125,0,1,0,0.24559013545513153,0.550000011920929,1
1,0.0029296875,0,4.64019775390625,0,1,0,0.18000000715255737,0.550000011920929,1
1,-0.08966064453125,0,4.64117431640625,0,1,0,0.18000000715255737,0.550000011920929,1
1,0.4718017578125,0,4.64324951171875,0,1,0,0.18000000715255737,0.550000011920929,1
1,-0.207763671875,0,4.65081787109375,0,1,0,0.18000000715255737,0.550000011920929,1
1,0.23345947265625,0,4.650146484375,0,1,0,0.18000000715255737,0.550000011920929,1
1,0.19232177734375,0,4.65594482421875,0,1,0,0.18000000715255737,0.550000011920929,1
1,-0.06591796875,0,4.65966796875,0,1,0,0.18000000715255737,0.550000011920929,1
1,0.222412109375,0,4.66180419921875,0,1,0,0.18000000715255737,0.550000011920929,1
1,-0.86138916015625,0,10.4110107421875,0,1,0,0.18000000715255737,0.550000011920929,1
1,1.1619873046875,0,10.40887451171875,0,1,0,0.18000000715255737,0.550000011920929,1
1,-0.01025390625,0,10.43133544921875,0,1,0,0.18000000715255737,0.550000011920929,1
1,0.4874267578125,0,10.4571533203125,0,1,0,0.18000000715255737,0.550000011920929,1
1,1.2271728515625,0,10.9862060546875,0,1,0,0.29671734571456909,0.550000011920929,1
1,-0.01336669921875,0,5.36346435546875,0,1,0,0.18000000715255737,0.550000011920929,1
1,-0.123779296875,0,5.3646240234375,0,1,0,0.18000000715255737,0.550000011920929,1
1,0.54583740234375,0,5.36712646484375,0,1,0,0.18000000715255737,0.550000011920929,1
1,-0.26458740234375,0,5.37615966796875,0,1,0,0.18000000715255737,0.550000011920929,1
1,0.2615966796875,0,5.37530517578125,0,1,0,0.18000000715255737,0.550000011920929,1
1,0.2125244140625,0,5.38226318359375,0,1,0,0.18000000715255737,0.550000011920929,1
1,-0.095458984375,0,5.38671875,0,1,0,0.18000000715255737,0.550000011920929,1
1,0.2484130859375,0,5.38922119140625,0,1,0,0.18000000715255737,0.550000011920929,1
1,-0.9332275390625,0,11.1322021484375,0,1,0,0.18000000715255737,0.550000011920929,1
1,-0.01763916015625,0,11.154052734375,0,1,0,0.18000000715255737,0.550000011920929,1
1,0.51776123046875,0,11.18182373046875,0,1,0,0.18000000715255737,0.550000011920929,1
1,0.52459716796875,0,11.346923828125,0,1,0,0.3049967885017395,0.550000011920929,1
1,-0.02960205078125,0,6.0848388671875,0,1,0,0.18000000715255737,0.550000011920929,1
1,-0.1578369140625,0,6.086181640625,0,1,0,0.18000000715255737,0.550000011920929,1
1,0.61968994140625,0,6.08905029296875,0,1,0,0.18000000715255737,0.550000011920929,1
1,-0.32135009765625,0,6.09954833984375,0,1,0,0.18000000715255737,0.550000011920929,1
1,0.28961181640625,0,6.09857177734375,0,1,0,0.18000000715255737,0.550000011920929,1
1,0.232666015625,0,6.10662841796875,0,1,0,0.18000000715255737,0.550000011920929,1
1,-0.12493896484375,0,6.11181640625,0,1,0,0.18000000715255737,0.550000011920929,1
1,0.27435302734375,0,6.11474609375,0,1,0,0.18000000715255737,0.550000011920929,1
1,-0.99456787109375,0,11.748046875,0,1,0,0.29646772146224976,0.550000011920929,1
1,-0.0250244140625,0,11.8768310546875,0,1,0,0.18000000715255737,0.550000011920929,1
1,-0.04583740234375,0,6.80621337890625,0,1,0,0.18000000715255737,0.550000011920929,1
1,-0.19189453125,0,6.8077392578125,0,1,0,0.18000000715255737,0.550000011920929,1
1,0.69354248046875,0,6.81097412109375,0,1,0,0.18000000715255737,0.550000011920929,1
1,-0.3780517578125,0,6.82293701171875,0,1,0,0.18000000715255737,0.550000011920929,1
1,0.31768798828125,0,6.82183837890625,0,1,0,0.18000000715255737,0.550000011920929,1
1,0.2528076171875,0,6.83099365234375,0,1,0,0.18000000715255737,0.550000011920929,1
1,-0.1544189453125,0,6.83685302734375,0,1,0,0.18000000715255737,0.550000011920929,1
1,0.30029296875,0,6.8402099609375,0,1,0,0.18000000715255737,0.550000011920929,1
1,-0.03240966796875,0,12.59954833984375,0,1,0,0.18000000715255737,0.550000011920929,1
1,-0.03546142578125,0,12.8934326171875,0,1,0,0.26069331169128418,0.550000011920929,1
1,0.08746337890625,0,0.28607177734375,0,1,0,0.18000000715255737,0.550000011920929,1
1,-0.06048583984375,0,7.4542236328125,0,1,0,0.27660152316093445,0.550000011920929,1
1,-0.22589111328125,0,7.52923583984375,0,1,0,0.18000000715255737,0.550000011920929,1
1,0.76739501953125,0,7.53289794921875,0,1,0,0.18000000715255737,0.550000011920929,1
1,-0.43475341796875,0,7.54632568359375,0,1,0,0.18000000715255737,0.550000011920929,1
1,0.34576416015625,0,7.54510498046875,0,1,0,0.18000000715255737,0.550000011920929,1
1,0.27301025390625,0,7.55535888671875,0,1,0,0.18000000715255737,0.550000011920929,1
1,-0.18389892578125,0,7.56195068359375,0,1,0,0.18000000715255737,0.550000011920929,1
1,0.32623291015625,0,7.56573486328125,0,1,0,0.18000000715255737,0.550000011920929,1
1,0.0972900390625,0,1.61456298828125,0,1,0,0.18000000715255737,0.550000011920929,1
1,0.0335693359375,0,1.61505126953125,0,1,0,0.18000000715255737,0.550000011920929,1
1,0.166015625,0,1.61517333984375,0,1,0,0.18000000715255737,0.550000011920929,1
1,0.0411376953125,0,1.61676025390625,0,1,0,0.18000000715255737,0.550000011920929,1
1,0.09832763671875,0,1.61669921875,0,1,0,0.18000000715255737,0.550000011920929,1
1,0.12139892578125,0,1.61761474609375,0,1,0,0.18000000715255737,0.550000011920929,1
1,0.0535888671875,0,1.6185302734375,0,1,0,0.18000000715255737,0.550000011920929,1
1,0.11102294921875,0,1.61883544921875,0,1,0,0.18000000715255737,0.550000011920929,1
1,-0.25994873046875,0,8.25079345703125,0,1,0,0.18000000715255737,0.550000011920929,1
1,0.84124755859375,0,8.25482177734375,0,1,0,0.18000000715255737,0.550000011920929,1
1,-0.49151611328125,0,8.26971435546875,0,1,0,0.18000000715255737,0.550000011920929,1
1,0.373779296875,0,8.268310546875,0,1,0,0.18000000715255737,0.550000011920929,1
1,0.29315185546875,0,8.27972412109375,0,1,0,0.18000000715255737,0.550000011920929,1
1,-0.21331787109375,0,8.28704833984375,0,1,0,0.18000000715255737,0.550000011920929,1
1,0.3521728515625,0,8.29119873046875,0,1,0,0.18000000715255737,0.550000011920929,1
1,0.107177734375,0,2.343017578125,0,1,0,0.18000000715255737,0.550000011920929,1
1,-0.02032470703125,0,2.34405517578125,0,1,0,0.18000000715255737,0.550000011920929,1
1,0.24456787109375,0,2.34429931640625,0,1,0,0.18000000715255737,0.550000011920929,1
1,-0.00518798828125,0,2.347412109375,0,1,0,0.18000000715255737,0.550000011920929,1
1,0.1092529296875,0,2.34735107421875,0,1,0,0.18000000715255737,0.550000011920929,1
1,0.15533447265625,0,2.34918212890625,0,1,0,0.18000000715255737,0.550000011920929,1
1,0.019775390625,0,2.35101318359375,0,1,0,0.18000000715255737,0.550000011920929,1
1,0.1346435546875,0,2.3516845703125,0,1,0,0.18000000715255737,0.550000011920929,1
1,0.3011474609375,0,8.5673828125,0,1,0,0.25408238172531128,0.550000011920929,1
1,0.1165771484375,0,3.04052734375,0,1,0,0.18000000715255737,0.550000011920929,1
1,-0.0718994140625,0,3.04205322265625,0,1,0,0.18000000715255737,0.550000011920929,1
1,0.31982421875,0,3.04241943359375,0,1,0,0.18000000715255737,0.550000011920929,1
1,-0.049560546875,0,3.04705810546875,0,1,0,0.18000000715255737,0.550000011920929,1
1,0.11962890625,0,3.04693603515625,0,1,0,0.18000000715255737,0.550000011920929,1
1,0.18780517578125,0,3.0496826171875,0,1,0,0.18000000715255737,0.550000011920929,1
1,-0.01263427734375,0,3.0523681640625,0,1,0,0.18000000715255737,0.550000011920929,1
1,0.1572265625,0,3.0533447265625,0,1,0,0.18000000715255737,0.550000011920929,1
1,-0.29400634765625,0,8.9722900390625,0,1,0,0.18000000715255737,0.550000011920929,1
1,0.91510009765625,0,8.97674560546875,0,1,0,0.18000000715255737,0.550000011920929,1
1,-0.5482177734375,0,8.99310302734375,0,1,0,0.18000000715255737,0.550000011920929,1
1,0.40185546875,0,8.9915771484375,0,1,0,0.18000000715255737,0.550000011920929,1
1,-0.2427978515625,0,9.01214599609375,0,1,0,0.18000000715255737,0.550000011920929,1
1,0.37811279296875,0,9.01666259765625,0,1,0,0.18000000715255737,0.550000011920929,1
1,0.9508056640625,0,9.32598876953125,0,1,0,0.27867451310157776,0.550000011920929,1
1,-0.56768798828125,0,9.240966796875,0,1,0,0.30939441919326782,0.550000011920929,1
1,0.127197265625,0,3.82537841796875,0,1,0,0.18000000715255737,0.550000011920929,1
1,-0.1300048828125,0,3.827392578125,0,1,0,0.18000000715255737,0.550000011920929,1
1,0.4044189453125,0,3.827880859375,0,1,0,0.18000000715255737,0.550000011920929,1
1,-0.09942626953125,0,3.83428955078125,0,1,0,0.18000000715255737,0.550000011920929,1
1,0.13134765625,0,3.8341064453125,0,1,0,0.18000000715255737,0.550000011920929,1
1,0.224365234375,0,3.83782958984375,0,1,0,0.18000000715255737,0.550000011920929,1
1,-0.04913330078125,0,3.84149169921875,0,1,0,0.18000000715255737,0.550000011920929,1
1,0.1826171875,0,3.84283447265625,0,1,0,0.18000000715255737,0.550000011920929,1
1,-0.3280029296875,0,9.69384765625,0,1,0,0.18000000715255737,0.550000011920929,1
1,0.42987060546875,0,9.71484375,0,1,0,0.18000000715255737,0.550000011920929,1
1,-0.27227783203125,0,9.73724365234375,0,1,0,0.18000000715255737,0.550000011920929,1
1,0.40399169921875,0,9.7421875,0,1,0,0.18000000715255737,0.550000011920929,1
1,0.13824462890625,0,4.63946533203125,0,1,0,0.18000000715255737,0.550000011920929,1
1,-0.190185546875,0,4.64208984375,0,1,0,0.18000000715255737,0.550000011920929,1
1,0.49224853515625,0,4.6427001953125,0,1,0,0.18000000715255737,0.550000011920929,1
1,-0.15118408203125,0,4.65081787109375,0,1,0,0.18000000715255737,0.550000011920929,1
1,0.1435546875,0,4.65057373046875,0,1,0,0.18000000715255737,0.550000011920929,1
1,0.26226806640625,0,4.6553955078125,0,1,0,0.18000000715255737,0.550000011920929,1
1,-0.0869140625,0,4.6600341796875,0,1,0,0.18000000715255737,0.550000011920929,1
1,0.208984375,0,4.6617431640625,0,1,0,0.18000000715255737,0.550000011920929,1
1,-0.362060546875,0,10.4154052734375,0,1,0,0.18000000715255737,0.550000011920929,1
1,0.45794677734375,0,10.4381103515625,0,1,0,0.18000000715255737,0.550000011920929,1
1,-0.3017578125,0,10.4622802734375,0,1,0,0.18000000715255737,0.550000011920929,1
1,0.4288330078125,0,10.4368896484375,0,1,0,0.25983506441116333,0.550000011920929,1
1,-0.32183837890625,0,10.955810546875,0,1,0,0.28279608488082886,0.550000011920929,1
1,0.14801025390625,0,5.36260986328125,0,1,0,0.18000000715255737,0.550000011920929,1
1,-0.24371337890625,0,5.36572265625,0,1,0,0.18000000715255737,0.550000011920929,1
1,0.5701904296875,0,5.366455078125,0,1,0,0.18000000715255737,0.550000011920929,1
1,-0.19720458984375,0,5.37615966796875,0,1,0,0.18000000715255737,0.550000011920929,1
1,0.15435791015625,0,5.3758544921875,0,1,0,0.18000000715255737,0.550000011920929,1
1,0.29595947265625,0,5.381591796875,0,1,0,0.18000000715255737,0.550000011920929,1
1,-0.12054443359375,0,5.38714599609375,0,1,0,0.18000000715255737,0.550000011920929,1
1,0.232421875,0,5.38916015625,0,1,0,0.18000000715255737,0.550000011920929,1
1,-0.39605712890625,0,11.13690185546875,0,1,0,0.18000000715255737,0.550000011920929,1
1,0.48602294921875,0,11.161376953125,0,1,0,0.18000000715255737,0.550000011920929,1
1,0.15777587890625,0,6.08380126953125,0,1,0,0.18000000715255737,0.550000011920929,1
1,-0.29705810546875,0,6.08740234375,0,1,0,0.18000000715255737,0.550000011920929,1
1,0.64801025390625,0,6.0882568359375,0,1,0,0.18000000715255737,0.550000011920929,1
1,-0.2430419921875,0,6.09954833984375,0,1,0,0.18000000715255737,0.550000011920929,1
1,0.16510009765625,0,6.09918212890625,0,1,0,0.18000000715255737,0.550000011920929,1
1,0.32958984375,0,6.1058349609375,0,1,0,0.18000000715255737,0.550000011920929,1
1,-0.154052734375,0,6.11224365234375,0,1,0,0.18000000715255737,0.550000011920929,1
1,0.2557373046875,0,6.11468505859375,0,1,0,0.18000000715255737,0.550000011920929,1
1,-0.43011474609375,0,11.85845947265625,0,1,0,0.18000000715255737,0.550000011920929,1
1,0.5140380859375,0,11.88458251953125,0,1,0,0.18000000715255737,0.550000011920929,1
1,0.5335693359375,0,12.3873291015625,0,1,0,0.26821881532669067,0.550000011920929,1
1,0.16748046875,0,6.80499267578125,0,1,0,0.18000000715255737,0.550000011920929,1
1,-0.35040283203125,0,6.80914306640625,0,1,0,0.18000000715255737,0.550000011920929,1
1,0.72576904296875,0,6.81005859375,0,1,0,0.18000000715255737,0.550000011920929,1
1,-0.28887939453125,0,6.82293701171875,0,1,0,0.18000000715255737,0.550000011920929,1
1,0.1759033203125,0,6.822509765625,0,1,0,0.18000000715255737,0.550000011920929,1
1,0.3631591796875,0,6.830078125,0,1,0,0.18000000715255737,0.550000011920929,1
1,-0.18756103515625,0,6.83740234375,0,1,0,0.18000000715255737,0.550000011920929,1
1,0.27911376953125,0,6.84014892578125,0,1,0,0.18000000715255737,0.550000011920929,1
1,-0.46417236328125,0,12.5799560546875,0,1,0,0.18000000715255737,0.550000011920929,1
1,0.1754150390625,0,7.389404296875,0,1,0,0.26322484016418457,0.550000011920929,1
1,-0.4874267578125,0,13.07391357421875,0,1,0,0.31749641895294189,0.550000011920929,1
1,0.08746337890625,0,0.28607177734375,0,1,0,0.18000000715255737,0.550000011920929,1
1,-0.40374755859375,0,7.53082275390625,0,1,0,0.18000000715255737,0.550000011920929,1
1,0.80352783203125,0,7.53192138671875,0,1,0,0.18000000715255737,0.550000011920929,1
1,-0.33477783203125,0,7.54632568359375,0,1,0,0.18000000715255737,0.550000011920929,1
1,0.1866455078125,0,7.54583740234375,0,1,0,0.18000000715255737,0.550000011920929,1
1,0.39678955078125,0,7.55438232421875,0,1,0,0.18000000715255737,0.550000011920929,1
1,-0.2210693359375,0,7.56256103515625,0,1,0,0.18000000715255737,0.550000011920929,1
1,0.30242919921875,0,7.56561279296875,0,1,0,0.18000000715255737,0.550000011920929,1
1,0.0716552734375,0,1.614013671875,0,1,0,0.18000000715255737,0.550000011920929,1
1,0.1585693359375,0,1.61468505859375,0,1,0,0.18000000715255737,0.550000011920929,1
1,0.018310546875,0,1.6160888671875,0,1,0,0.18000000715255737,0.550000011920929,1
1,0.1341552734375,0,1.6158447265625,0,1,0,0.18000000715255737,0.550000011920929,1
1,0.09527587890625,0,1.6171875,0,1,0,0.18000000715255737,0.550000011920929,1
1,0.05572509765625,0,1.61773681640625,0,1,0,0.18000000715255737,0.550000011920929,1
1,0.13067626953125,0,1.61810302734375,0,1,0,0.18000000715255737,0.550000011920929,1
1,0.07476806640625,0,1.61920166015625,0,1,0,0.18000000715255737,0.550000011920929,1
1,-0.4571533203125,0,8.25250244140625,0,1,0,0.18000000715255737,0.550000011920929,1
1,0.88128662109375,0,8.25372314453125,0,1,0,0.18000000715255737,0.550000011920929,1
1,-0.380615234375,0,8.26971435546875,0,1,0,0.18000000715255737,0.550000011920929,1
1,0.19744873046875,0,8.26922607421875,0,1,0,0.18000000715255737,0.550000011920929,1
1,0.43035888671875,0,8.27862548828125,0,1,0,0.18000000715255737,0.550000011920929,1
1,-0.25457763671875,0,8.2877197265625,0,1,0,0.18000000715255737,0.550000011920929,1
1,0.3258056640625,0,8.2911376953125,0,1,0,0.18000000715255737,0.550000011920929,1
1,0.05584716796875,0,2.342041015625,0,1,0,0.18000000715255737,0.550000011920929,1
1,0.22967529296875,0,2.34332275390625,0,1,0,0.18000000715255737,0.550000011920929,1
1,-0.05084228515625,0,2.3460693359375,0,1,0,0.18000000715255737,0.550000011920929,1
1,0.180908203125,0,2.3455810546875,0,1,0,0.18000000715255737,0.550000011920929,1
1,0.1031494140625,0,2.3482666015625,0,1,0,0.18000000715255737,0.550000011920929,1
1,0.02398681640625,0,2.349365234375,0,1,0,0.18000000715255737,0.550000011920929,1
1,0.1739501953125,0,2.35015869140625,0,1,0,0.18000000715255737,0.550000011920929,1
1,0.06207275390625,0,2.352294921875,0,1,0,0.18000000715255737,0.550000011920929,1
1,-0.4056396484375,0,8.6639404296875,0,1,0,0.24927608668804169,0.550000011920929,1
1,0.45428466796875,0,8.79400634765625,0,1,0,0.27880939841270447,0.550000011920929,1
1,0.04071044921875,0,3.0390625,0,1,0,0.18000000715255737,0.550000011920929,1
1,0.29779052734375,0,3.041015625,0,1,0,0.18000000715255737,0.550000011920929,1
1,-0.11712646484375,0,3.04510498046875,0,1,0,0.18000000715255737,0.550000011920929,1
1,0.2255859375,0,3.04437255859375,0,1,0,0.18000000715255737,0.550000011920929,1
1,0.11065673828125,0,3.04833984375,0,1,0,0.18000000715255737,0.550000011920929,1
1,-0.00640869140625,0,3.04998779296875,0,1,0,0.18000000715255737,0.550000011920929,1
1,0.21533203125,0,3.05108642578125,0,1,0,0.18000000715255737,0.550000011920929,1
1,0.0499267578125,0,3.05426025390625,0,1,0,0.18000000715255737,0.550000011920929,1
1,-0.510498046875,0,8.9742431640625,0,1,0,0.18000000715255737,0.550000011920929,1
1,0.9591064453125,0,8.97552490234375,0,1,0,0.18000000715255737,0.550000011920929,1
1,0.20819091796875,0,8.9925537109375,0,1,0,0.18000000715255737,0.550000011920929,1
1,-0.2880859375,0,9.01287841796875,0,1,0,0.18000000715255737,0.550000011920929,1
1,0.34918212890625,0,9.0166015625,0,1,0,0.18000000715255737,0.550000011920929,1
1,0.023681640625,0,3.8233642578125,0,1,0,0.18000000715255737,0.550000011920929,1
1,0.37445068359375,0,3.82598876953125,0,1,0,0.18000000715255737,0.550000011920929,1
1,-0.19158935546875,0,3.83154296875,0,1,0,0.18000000715255737,0.550000011920929,1
1,0.27593994140625,0,3.83056640625,0,1,0,0.18000000715255737,0.550000011920929,1
1,0.11907958984375,0,3.83599853515625,0,1,0,0.18000000715255737,0.550000011920929,1
1,-0.04058837890625,0,3.8382568359375,0,1,0,0.18000000715255737,0.550000011920929,1
1,0.26190185546875,0,3.83978271484375,0,1,0,0.18000000715255737,0.550000011920929,1
1,0.0362548828125,0,3.8441162109375,0,1,0,0.18000000715255737,0.550000011920929,1
1,-0.5638427734375,0,9.6959228515625,0,1,0,0.18000000715255737,0.550000011920929,1
1,1.036865234375,0,9.6973876953125,0,1,0,0.18000000715255737,0.550000011920929,1
1,0.218994140625,0,9.71588134765625,0,1,0,0.18000000715255737,0.550000011920929,1
1,-0.32159423828125,0,9.738037109375,0,1,0,0.18000000715255737,0.550000011920929,1
1,0.37249755859375,0,9.7420654296875,0,1,0,0.18000000715255737,0.550000011920929,1
1,1.08282470703125,0,10.1243896484375,0,1,0,0.27748468518257141,0.550000011920929,1
1,0.0059814453125,0,4.6368408203125,0,1,0,0.18000000715255737,0.550000011920929,1
1,0.45391845703125,0,4.6402587890625,0,1,0,0.18000000715255737,0.550000011920929,1
1,-0.2689208984375,0,4.6473388671875,0,1,0,0.18000000715255737,0.550000011920929,1
1,0.328125,0,4.6461181640625,0,1,0,0.18000000715255737,0.550000011920929,1
1,0.12786865234375,0,4.65301513671875,0,1,0,0.18000000715255737,0.550000011920929,1
1,-0.0760498046875,0,4.6558837890625,0,1,0,0.18000000715255737,0.550000011920929,1
1,0.31024169921875,0,4.6578369140625,0,1,0,0.18000000715255737,0.550000011920929,1
1,0.0220947265625,0,4.66339111328125,0,1,0,0.18000000715255737,0.550000011920929,1
1,-0.6171875,0,10.41766357421875,0,1,0,0.18000000715255737,0.550000011920929,1
1,0.229736328125,0,10.439208984375,0,1,0,0.18000000715255737,0.550000011920929,1
1,-0.3551025390625,0,10.46319580078125,0,1,0,0.18000000715255737,0.550000011920929,1
1,-0.35784912109375,0,10.5233154296875,0,1,0,0.24034959077835083,0.550000011920929,1
1,0.3958740234375,0,10.467529296875,0,1,0,0.18000000715255737,0.550000011920929,1
1,0.4027099609375,0,10.68048095703125,0,1,0,0.31722012162208557,0.550000011920929,1
1,-0.00970458984375,0,5.3594970703125,0,1,0,0.18000000715255737,0.550000011920929,1
1,0.52447509765625,0,5.36358642578125,0,1,0,0.18000000715255737,0.550000011920929,1
1,-0.33758544921875,0,5.37200927734375,0,1,0,0.18000000715255737,0.550000011920929,1
1,0.37451171875,0,5.3704833984375,0,1,0,0.18000000715255737,0.550000011920929,1
1,0.1356201171875,0,5.37872314453125,0,1,0,0.18000000715255737,0.550000011920929,1
1,-0.10760498046875,0,5.3822021484375,0,1,0,0.18000000715255737,0.550000011920929,1
1,0.3531494140625,0,5.384521484375,0,1,0,0.18000000715255737,0.550000011920929,1
1,0.009521484375,0,5.39111328125,0,1,0,0.18000000715255737,0.550000011920929,1
1,-0.6705322265625,0,11.13934326171875,0,1,0,0.18000000715255737,0.550000011920929,1
1,0.24053955078125,0,11.16253662109375,0,1,0,0.18000000715255737,0.550000011920929,1
1,-0.025390625,0,6.0802001953125,0,1,0,0.18000000715255737,0.550000011920929,1
1,0.59490966796875,0,6.08489990234375,0,1,0,0.18000000715255737,0.550000011920929,1
1,-0.40606689453125,0,6.0947265625,0,1,0,0.18000000715255737,0.550000011920929,1
1,0.42071533203125,0,6.093017578125,0,1,0,0.18000000715255737,0.550000011920929,1
1,0.14337158203125,0,6.1025390625,0,1,0,0.18000000715255737,0.550000011920929,1
1,-0.13897705078125,0,6.10650634765625,0,1,0,0.18000000715255737,0.550000011920929,1
1,0.39599609375,0,6.1092529296875,0,1,0,0.18000000715255737,0.550000011920929,1
1,-0.0030517578125,0,6.11688232421875,0,1,0,0.18000000715255737,0.550000011920929,1
1,-0.723876953125,0,11.86102294921875,0,1,0,0.18000000715255737,0.550000011920929,1
1,0.25128173828125,0,11.8858642578125,0,1,0,0.18000000715255737,0.550000011920929,1
1,-0.76593017578125,0,12.42974853515625,0,1,0,0.27532702684402466,0.550000011920929,1
1,-0.041015625,0,6.8009033203125,0,1,0,0.18000000715255737,0.550000011920929,1
1,0.66534423828125,0,6.8062744140625,0,1,0,0.18000000715255737,0.550000011920929,1
1,-0.47454833984375,0,6.81744384765625,0,1,0,0.18000000715255737,0.550000011920929,1
1,0.46697998046875,0,6.81549072265625,0,1,0,0.18000000715255737,0.550000011920929,1
1,0.151123046875,0,6.82635498046875,0,1,0,0.18000000715255737,0.550000011920929,1
1,-0.17041015625,0,6.83087158203125,0,1,0,0.18000000715255737,0.550000011920929,1
1,0.43878173828125,0,6.833984375,0,1,0,0.18000000715255737,0.550000011920929,1
1,-0.015625,0,6.84271240234375,0,1,0,0.18000000715255737,0.550000011920929,1
1,0.26177978515625,0,12.59075927734375,0,1,0,0.29926979541778564,0.550000011920929,1
1,0.08746337890625,0,0.28607177734375,0,1,0,0.18000000715255737,0.550000011920929,1
1,-0.05670166015625,0,7.5216064453125,0,1,0,0.18000000715255737,0.550000011920929,1
1,0.7357177734375,0,7.52764892578125,0,1,0,0.18000000715255737,0.550000011920929,1
1,-0.54296875,0,7.5401611328125,0,1,0,0.18000000715255737,0.550000011920929,1
1,0.51324462890625,0,7.5379638671875,0,1,0,0.18000000715255737,0.550000011920929,1
1,0.15887451171875,0,7.5501708984375,0,1,0,0.18000000715255737,0.550000011920929,1
1,-0.20184326171875,0,7.55523681640625,0,1,0,0.18000000715255737,0.550000011920929,1
1,0.48162841796875,0,7.5587158203125,0,1,0,0.18000000715255737,0.550000011920929,1
1,-0.02813720703125,0,7.5684814453125,0,1,0,0.18000000715255737,0.550000011920929,1
1,0.09259033203125,0,1.61456298828125,0,1,0,0.18000000715255737,0.550000011920929,1
1,0.0367431640625,0,1.614990234375,0,1,0,0.18000000715255737,0.550000011920929,1
1,0.16583251953125,0,1.61517333984375,0,1,0,0.18000000715255737,0.550000011920929,1
1,0.038818359375,0,1.61676025390625,0,1,0,0.18000000715255737,0.550000011920929,1
1,0.1015625,0,1.61669921875,0,1,0,0.18000000715255737,0.550000011920929,1
1,0.119140625,0,1.61761474609375,0,1,0,0.18000000715255737,0.550000011920929,1
1,0.0540771484375,0,1.6185302734375,0,1,0,0.18000000715255737,0.550000011920929,1
1,0.11163330078125,0,1.61883544921875,0,1,0,0.18000000715255737,0.550000011920929,1
1,-0.07232666015625,0,8.2423095703125,0,1,0,0.18000000715255737,0.550000011920929,1
1,0.80615234375,0,8.2490234375,0,1,0,0.18000000715255737,0.550000011920929,1
1,-0.6114501953125,0,8.26287841796875,0,1,0,0.18000000715255737,0.550000011920929,1
1,0.5594482421875,0,8.26043701171875,0,1,0,0.18000000715255737,0.550000011920929,1
1,0.16583251953125,0,8.19659423828125,0,1,0,0.30530601739883423,0.550000011920929,1
1,-0.2332763671875,0,8.27960205078125,0,1,0,0.18000000715255737,0.550000011920929,1
1,0.5244140625,0,8.283447265625,0,1,0,0.18000000715255737,0.550000011920929,1
1,-0.04071044921875,0,8.2943115234375,0,1,0,0.18000000715255737,0.550000011920929,1
1,0.09765625,0,2.34307861328125,0,1,0,0.18000000715255737,0.550000011920929,1
1,-0.0140380859375,0,2.343994140625,0,1,0,0.18000000715255737,0.550000011920929,1
1,0.244140625,0,2.34429931640625,0,1,0,0.18000000715255737,0.550000011920929,1
1,-0.0098876953125,0,2.347412109375,0,1,0,0.18000000715255737,0.550000011920929,1
1,0.11566162109375,0,2.3472900390625,0,1,0,0.18000000715255737,0.550000011920929,1
1,0.15081787109375,0,2.3492431640625,0,1,0,0.18000000715255737,0.550000011920929,1
1,0.020751953125,0,2.3509521484375,0,1,0,0.18000000715255737,0.550000011920929,1
1,0.1358642578125,0,2.3516845703125,0,1,0,0.18000000715255737,0.550000011920929,1
1,0.841552734375,0,8.61175537109375,0,1,0,0.271687775850296,0.550000011920929,1
1,0.1025390625,0,3.0406494140625,0,1,0,0.18000000715255737,0.550000011920929,1
1,-0.0626220703125,0,3.04193115234375,0,1,0,0.18000000715255737,0.550000011920929,1
1,0.3192138671875,0,3.04241943359375,0,1,0,0.18000000715255737,0.550000011920929,1
1,-0.05645751953125,0,3.04705810546875,0,1,0,0.18000000715255737,0.550000011920929,1
1,0.12921142578125,0,3.046875,0,1,0,0.18000000715255737,0.550000011920929,1
1,0.18109130859375,0,3.04974365234375,0,1,0,0.18000000715255737,0.550000011920929,1
1,-0.01123046875,0,3.05230712890625,0,1,0,0.18000000715255737,0.550000011920929,1
1,0.15899658203125,0,3.0533447265625,0,1,0,0.18000000715255737,0.550000011920929,1
1,-0.0880126953125,0,8.9630126953125,0,1,0,0.18000000715255737,0.550000011920929,1
1,-0.679931640625,0,8.985595703125,0,1,0,0.18000000715255737,0.550000011920929,1
1,0.605712890625,0,8.98291015625,0,1,0,0.18000000715255737,0.550000011920929,1
1,-0.26470947265625,0,9.00396728515625,0,1,0,0.18000000715255737,0.550000011920929,1
1,0.56719970703125,0,9.0081787109375,0,1,0,0.18000000715255737,0.550000011920929,1
1,-0.05328369140625,0,9.02008056640625,0,1,0,0.18000000715255737,0.550000011920929,1
1,0.10809326171875,0,3.82550048828125,0,1,0,0.18000000715255737,0.550000011920929,1
1,-0.11724853515625,0,3.8272705078125,0,1,0,0.18000000715255737,0.550000011920929,1
1,0.40362548828125,0,3.82794189453125,0,1,0,0.18000000715255737,0.550000011920929,1
1,-0.10894775390625,0,3.83428955078125,0,1,0,0.18000000715255737,0.550000011920929,1
1,0.1444091796875,0,3.833984375,0,1,0,0.18000000715255737,0.550000011920929,1
1,0.2152099609375,0,3.837890625,0,1,0,0.18000000715255737,0.550000011920929,1
1,-0.04718017578125,0,3.8414306640625,0,1,0,0.18000000715255737,0.550000011920929,1
1,0.18505859375,0,3.84283447265625,0,1,0,0.18000000715255737,0.550000011920929,1
1,-0.1036376953125,0,9.6837158203125,0,1,0,0.18000000715255737,0.550000011920929,1
1,-0.7484130859375,0,9.70831298828125,0,1,0,0.18000000715255737,0.550000011920929,1
1,-0.75714111328125,0,9.80059814453125,0,1,0,0.2851155698299408,0.550000011920929,1
1,0.6519775390625,0,9.70538330078125,0,1,0,0.18000000715255737,0.550000011920929,1
1,-0.296142578125,0,9.72833251953125,0,1,0,0.18000000715255737,0.550000011920929,1
1,0.61004638671875,0,9.73291015625,0,1,0,0.18000000715255737,0.550000011920929,1
1,-0.0650634765625,0,9.69970703125,0,1,0,0.2737477719783783,0.550000011920929,1
1,0.63677978515625,0,10.18597412109375,0,1,0,0.2541852593421936,0.550000011920929,1
1,0.11376953125,0,4.63958740234375,0,1,0,0.18000000715255737,0.550000011920929,1
1,-0.1739501953125,0,4.64190673828125,0,1,0,0.18000000715255737,0.550000011920929,1
1,0.49114990234375,0,4.64276123046875,0,1,0,0.18000000715255737,0.550000011920929,1
1,-0.163330078125,0,4.65087890625,0,1,0,0.18000000715255737,0.550000011920929,1
1,0.16015625,0,4.6505126953125,0,1,0,0.18000000715255737,0.550000011920929,1
1,0.2506103515625,0,4.65545654296875,0,1,0,0.18000000715255737,0.550000011920929,1
1,-0.08447265625,0,4.65997314453125,0,1,0,0.18000000715255737,0.550000011920929,1
1,0.21209716796875,0,4.6617431640625,0,1,0,0.18000000715255737,0.550000011920929,1
1,-0.11932373046875,0,10.4044189453125,0,1,0,0.18000000715255737,0.550000011920929,1
1,0.69818115234375,0,10.4278564453125,0,1,0,0.18000000715255737,0.550000011920929,1
1,-0.3275146484375,0,10.45263671875,0,1,0,0.18000000715255737,0.550000011920929,1
1,0.11883544921875,0,5.36279296875,0,1,0,0.18000000715255737,0.550000011920929,1
1,-0.224365234375,0,5.36553955078125,0,1,0,0.18000000715255737,0.550000011920929,1
1,0.5689697265625,0,5.3665771484375,0,1,0,0.18000000715255737,0.550000011920929,1
1,-0.21160888671875,0,5.37615966796875,0,1,0,0.18000000715255737,0.550000011920929,1
1,0.17413330078125,0,5.375732421875,0,1,0,0.18000000715255737,0.550000011920929,1
1,0.28204345703125,0,5.3817138671875,0,1,0,0.18000000715255737,0.550000011920929,1
1,-0.11761474609375,0,5.38702392578125,0,1,0,0.18000000715255737,0.550000011920929,1
1,0.23614501953125,0,5.38916015625,0,1,0,0.18000000715255737,0.550000011920929,1
1,-0.13494873046875,0,11.1251220703125,0,1,0,0.18000000715255737,0.550000011920929,1
1,0.74444580078125,0,11.15032958984375,0,1,0,0.18000000715255737,0.550000011920929,1
1,-0.35894775390625,0,11.177001953125,0,1,0,0.18000000715255737,0.550000011920929,1
1,-0.37713623046875,0,11.59490966796875,0,1,0,0.24467028677463531,0.550000011920929,1
1,0.1239013671875,0,6.083984375,0,1,0,0.18000000715255737,0.550000011920929,1
1,-0.27459716796875,0,6.08721923828125,0,1,0,0.18000000715255737,0.550000011920929,1
1,0.646484375,0,6.08837890625,0,1,0,0.18000000715255737,0.550000011920929,1
1,-0.25982666015625,0,6.09954833984375,0,1,0,0.18000000715255737,0.550000011920929,1
1,0.1881103515625,0,6.09906005859375,0,1,0,0.18000000715255737,0.550000011920929,1
1,0.31341552734375,0,6.10595703125,0,1,0,0.18000000715255737,0.550000011920929,1
1,-0.150634765625,0,6.1121826171875,0,1,0,0.18000000715255737,0.550000011920929,1
1,0.26007080078125,0,6.11468505859375,0,1,0,0.18000000715255737,0.550000011920929,1
1,-0.150634765625,0,11.8458251953125,0,1,0,0.18000000715255737,0.550000011920929,1
1,0.79071044921875,0,11.872802734375,0,1,0,0.18000000715255737,0.550000011920929,1
1,0.817138671875,0,12.28582763671875,0,1,0,0.29256230592727661,0.550000011920929,1
1,0.12896728515625,0,6.80523681640625,0,1,0,0.18000000715255737,0.550000011920929,1
1,-0.3248291015625,0,6.80889892578125,0,1,0,0.18000000715255737,0.550000011920929,1
1,0.72406005859375,0,6.81024169921875,0,1,0,0.18000000715255737,0.550000011920929,1
1,-0.3079833984375,0,6.82293701171875,0,1,0,0.18000000715255737,0.550000011920929,1
1,0.20208740234375,0,6.8223876953125,0,1,0,0.18000000715255737,0.550000011920929,1
1,0.3447265625,0,6.83026123046875,0,1,0,0.18000000715255737,0.550000011920929,1
1,-0.18365478515625,0,6.83734130859375,0,1,0,0.18000000715255737,0.550000011920929,1
1,0.2840576171875,0,6.84014892578125,0,1,0,0.18000000715255737,0.550000011920929,1
1,-0.166259765625,0,12.5665283203125,0,1,0,0.18000000715255737,0.550000011920929,1
1,0.133056640625,0,7.3848876953125,0,1,0,0.30800521373748779,0.550000011920929,1
1,0.08746337890625,0,0.28607177734375,0,1,0,0.18000000715255737,0.550000011920929,1
1,-0.37506103515625,0,7.530517578125,0,1,0,0.18000000715255737,0.550000011920929,1
1,0.8016357421875,0,7.53204345703125,0,1,0,0.18000000715255737,0.550000011920929,1
1,-0.356201171875,0,7.54632568359375,0,1,0,0.18000000715255737,0.550000011920929,1
1,0.216064453125,0,7.54571533203125,0,1,0,0.18000000715255737,0.550000011920929,1
1,0.3760986328125,0,7.55450439453125,0,1,0,0.18000000715255737,0.550000011920929,1
1,-0.2166748046875,0,7.5625,0,1,0,0.18000000715255737,0.550000011920929,1
1,0.3079833984375,0,7.56561279296875,0,1,0,0.18000000715255737,0.550000011920929,1
1,-0.18194580078125,0,13.2872314453125,0,1,0,0.18000000715255737,0.550000011920929,1
1,0.17254638671875,0,1.6136474609375,0,1,0,0.18000000715255737,0.550000011920929,1
1,0.05584716796875,0,1.61541748046875,0,1,0,0.18000000715255737,0.550000011920929,1
1,0.07122802734375,0,1.61541748046875,0,1,0,0.18000000715255737,0.550000011920929,1
1,0.14910888671875,0,1.6160888671875,0,1,0,0.18000000715255737,0.550000011920929,1
1,0.03350830078125,0,1.61737060546875,0,1,0,0.18000000715255737,0.550000011920929,1
1,0.12164306640625,0,1.6173095703125,0,1,0,0.18000000715255737,0.550000011920929,1
1,0.09588623046875,0,1.61846923828125,0,1,0,0.18000000715255737,0.550000011920929,1
1,0.074951171875,0,1.61907958984375,0,1,0,0.18000000715255737,0.550000011920929,1
1,-0.18994140625,0,13.65521240234375,0,1,0,0.3023698627948761,0.550000011920929,1
1,-0.42529296875,0,8.252197265625,0,1,0,0.18000000715255737,0.550000011920929,1
1,0.87921142578125,0,8.25390625,0,1,0,0.18000000715255737,0.550000011920929,1
1,-0.40435791015625,0,8.26971435546875,0,1,0,0.18000000715255737,0.550000011920929,1
1,0.23004150390625,0,8.26904296875,0,1,0,0.18000000715255737,0.550000011920929,1
1,0.407470703125,0,8.27880859375,0,1,0,0.18000000715255737,0.550000011920929,1
1,-0.249755859375,0,8.28759765625,0,1,0,0.18000000715255737,0.550000011920929,1
1,0.33197021484375,0,8.2911376953125,0,1,0,0.18000000715255737,0.550000011920929,1
1,0.25762939453125,0,2.34124755859375,0,1,0,0.18000000715255737,0.550000011920929,1
1,0.02423095703125,0,2.3447265625,0,1,0,0.18000000715255737,0.550000011920929,1
1,0.05499267578125,0,2.3448486328125,0,1,0,0.18000000715255737,0.550000011920929,1
1,0.2108154296875,0,2.3460693359375,0,1,0,0.18000000715255737,0.550000011920929,1
1,-0.02044677734375,0,2.3486328125,0,1,0,0.18000000715255737,0.550000011920929,1
1,0.15582275390625,0,2.34857177734375,0,1,0,0.18000000715255737,0.550000011920929,1
1,0.104248046875,0,2.350830078125,0,1,0,0.18000000715255737,0.550000011920929,1
1,0.0623779296875,0,2.35205078125,0,1,0,0.18000000715255737,0.550000011920929,1
1,-0.436767578125,0,8.7564697265625,0,1,0,0.2996421754360199,0.550000011920929,1
1,0.42755126953125,0,8.7430419921875,0,1,0,0.27910637855529785,0.550000011920929,1
1,0.339111328125,0,3.03790283203125,0,1,0,0.18000000715255737,0.550000011920929,1
1,-0.00604248046875,0,3.0430908203125,0,1,0,0.18000000715255737,0.550000011920929,1
1,0.0394287109375,0,3.043212890625,0,1,0,0.18000000715255737,0.550000011920929,1
1,0.26983642578125,0,3.04510498046875,0,1,0,0.18000000715255737,0.550000011920929,1
1,-0.07208251953125,0,3.048828125,0,1,0,0.18000000715255737,0.550000011920929,1
1,0.18853759765625,0,3.04876708984375,0,1,0,0.18000000715255737,0.550000011920929,1
1,0.1123046875,0,3.0521240234375,0,1,0,0.18000000715255737,0.550000011920929,1
1,0.0504150390625,0,3.053955078125,0,1,0,0.18000000715255737,0.550000011920929,1
1,-0.47552490234375,0,8.973876953125,0,1,0,0.18000000715255737,0.550000011920929,1
1,0.956787109375,0,8.9757080078125,0,1,0,0.18000000715255737,0.550000011920929,1
1,0.24395751953125,0,8.99237060546875,0,1,0,0.18000000715255737,0.550000011920929,1
1,-0.28277587890625,0,9.01275634765625,0,1,0,0.18000000715255737,0.550000011920929,1
1,0.35589599609375,0,9.0166015625,0,1,0,0.18000000715255737,0.550000011920929,1
1,0.4307861328125,0,3.82177734375,0,1,0,0.18000000715255737,0.550000011920929,1
1,-0.04010009765625,0,3.828857421875,0,1,0,0.18000000715255737,0.550000011920929,1
1,0.02197265625,0,3.82904052734375,0,1,0,0.18000000715255737,0.550000011920929,1
1,0.3363037109375,0,3.83154296875,0,1,0,0.18000000715255737,0.550000011920929,1
1,-0.13018798828125,0,3.83673095703125,0,1,0,0.18000000715255737,0.550000011920929,1
1,0.225341796875,0,3.8365478515625,0,1,0,0.18000000715255737,0.550000011920929,1
1,0.12139892578125,0,3.8411865234375,0,1,0,0.18000000715255737,0.550000011920929,1
1,0.03692626953125,0,3.8436279296875,0,1,0,0.18000000715255737,0.550000011920929,1
1,-0.5257568359375,0,9.695556640625,0,1,0,0.18000000715255737,0.550000011920929,1
1,1.03436279296875,0,9.69757080078125,0,1,0,0.18000000715255737,0.550000011920929,1
1,0.2579345703125,0,9.71563720703125,0,1,0,0.18000000715255737,0.550000011920929,1
1,-0.3157958984375,0,9.7379150390625,0,1,0,0.18000000715255737,0.550000011920929,1
1,0.3798828125,0,9.7420654296875,0,1,0,0.18000000715255737,0.550000011920929,1
1,1.06414794921875,0,9.97442626953125,0,1,0,0.28846046328544617,0.550000011920929,1
1,0.52581787109375,0,4.63482666015625,0,1,0,0.18000000715255737,0.550000011920929,1
1,-0.075439453125,0,4.6439208984375,0,1,0,0.18000000715255737,0.550000011920929,1
1,0.00384521484375,0,4.64410400390625,0,1,0,0.18000000715255737,0.550000011920929,1
1,0.40521240234375,0,4.64739990234375,0,1,0,0.18000000715255737,0.550000011920929,1
1,-0.19049072265625,0,4.6539306640625,0,1,0,0.18000000715255737,0.550000011920929,1
1,0.26348876953125,0,4.65374755859375,0,1,0,0.18000000715255737,0.550000011920929,1
1,0.13079833984375,0,4.65966796875,0,1,0,0.18000000715255737,0.550000011920929,1
1,0.02288818359375,0,4.66278076171875,0,1,0,0.18000000715255737,0.550000011920929,1
1,-0.57598876953125,0,10.417236328125,0,1,0,0.18000000715255737,0.550000011920929,1
1,0.27191162109375,0,10.43896484375,0,1,0,0.18000000715255737,0.550000011920929,1
1,-0.34881591796875,0,10.4630126953125,0,1,0,0.18000000715255737,0.550000011920929,1
1,0.40380859375,0,10.46759033203125,0,1,0,0.18000000715255737,0.550000011920929,1
1,-0.355224609375,0,10.6033935546875,0,1,0,0.24270482361316681,0.550000011920929,1
1,0.40948486328125,0,10.6387939453125,0,1,0,0.31651368737220764,0.550000011920929,1
1,0.61029052734375,0,5.35711669921875,0,1,0,0.18000000715255737,0.550000011920929,1
1,-0.1068115234375,0,5.367919921875,0,1,0,0.18000000715255737,0.550000011920929,1
1,-0.01226806640625,0,5.3681640625,0,1,0,0.18000000715255737,0.550000011920929,1
1,0.4664306640625,0,5.37200927734375,0,1,0,0.18000000715255737,0.550000011920929,1
1,-0.24407958984375,0,5.3798828125,0,1,0,0.18000000715255737,0.550000011920929,1
1,0.29742431640625,0,5.379638671875,0,1,0,0.18000000715255737,0.550000011920929,1
1,0.13909912109375,0,5.38665771484375,0,1,0,0.18000000715255737,0.550000011920929,1
1,0.010498046875,0,5.390380859375,0,1,0,0.18000000715255737,0.550000011920929,1
1,-0.626220703125,0,11.138916015625,0,1,0,0.18000000715255737,0.550000011920929,1
1,0.285888671875,0,11.16229248046875,0,1,0,0.18000000715255737,0.550000011920929,1
1,0.69451904296875,0,6.077392578125,0,1,0,0.18000000715255737,0.550000011920929,1
1,-0.13812255859375,0,6.0899658203125,0,1,0,0.18000000715255737,0.550000011920929,1
1,-0.02838134765625,0,6.09027099609375,0,1,0,0.18000000715255737,0.550000011920929,1
1,0.52752685546875,0,6.0947265625,0,1,0,0.18000000715255737,0.550000011920929,1
1,-0.2974853515625,0,6.10382080078125,0,1,0,0.18000000715255737,0.550000011920929,1
1,0.33123779296875,0,6.10357666015625,0,1,0,0.18000000715255737,0.550000011920929,1
1,0.1474609375,0,6.11175537109375,0,1,0,0.18000000715255737,0.550000011920929,1
1,-0.001953125,0,6.1160888671875,0,1,0,0.18000000715255737,0.550000011920929,1
1,-0.67645263671875,0,11.860595703125,0,1,0,0.18000000715255737,0.550000011920929,1
1,0.29986572265625,0,11.8856201171875,0,1,0,0.18000000715255737,0.550000011920929,1
1,0.77874755859375,0,6.7977294921875,0,1,0,0.18000000715255737,0.550000011920929,1
1,-0.16943359375,0,6.81207275390625,0,1,0,0.18000000715255737,0.550000011920929,1
1,-0.04443359375,0,6.8123779296875,0,1,0,0.18000000715255737,0.550000011920929,1
1,0.58856201171875,0,6.81744384765625,0,1,0,0.18000000715255737,0.550000011920929,1
1,-0.35089111328125,0,6.82781982421875,0,1,0,0.18000000715255737,0.550000011920929,1
1,0.36505126953125,0,6.82757568359375,0,1,0,0.18000000715255737,0.550000011920929,1
1,0.15576171875,0,6.83685302734375,0,1,0,0.18000000715255737,0.550000011920929,1
1,-0.01434326171875,0,6.841796875,0,1,0,0.18000000715255737,0.550000011920929,1
1,-0.725341796875,0,12.56256103515625,0,1,0,0.24560175836086273,0.550000011920929,1
1,0.31304931640625,0,12.57110595703125,0,1,0,0.25505241751670837,0.550000011920929,1
1,0.86297607421875,0,7.51806640625,0,1,0,0.18000000715255737,0.550000011920929,1
1,-0.20068359375,0,7.53411865234375,0,1,0,0.18000000715255737,0.550000011920929,1
1,-0.06048583984375,0,7.534423828125,0,1,0,0.18000000715255737,0.550000011920929,1
1,0.64959716796875,0,7.54022216796875,0,1,0,0.18000000715255737,0.550000011920929,1
1,-0.404296875,0,7.55181884765625,0,1,0,0.18000000715255737,0.550000011920929,1
1,0.39886474609375,0,7.551513671875,0,1,0,0.18000000715255737,0.550000011920929,1
1,0.1640625,0,7.56195068359375,0,1,0,0.18000000715255737,0.550000011920929,1
1,-0.0267333984375,0,7.56744384765625,0,1,0,0.18000000715255737,0.550000011920929,1
1,-0.21197509765625,0,7.79388427734375,0,1,0,0.30771690607070923,0.550000011920929,1
1,0.94720458984375,0,8.23834228515625,0,1,0,0.18000000715255737,0.550000011920929,1
1,-0.0765380859375,0,8.25653076171875,0,1,0,0.18000000715255737,0.550000011920929,1
1,0.710693359375,0,8.262939453125,0,1,0,0.18000000715255737,0.550000011920929,1
1,-0.45770263671875,0,8.27581787109375,0,1,0,0.18000000715255737,0.550000011920929,1
1,0.4327392578125,0,8.27545166015625,0,1,0,0.18000000715255737,0.550000011920929,1
1,0.17242431640625,0,8.2869873046875,0,1,0,0.18000000715255737,0.550000011920929,1
1,-0.03912353515625,0,8.29315185546875,0,1,0,0.18000000715255737,0.550000011920929,1
1,0.17901611328125,0,8.863525390625,0,1,0,0.25178581476211548,0.550000011920929,1
1,1.03143310546875,0,8.95867919921875,0,1,0,0.18000000715255737,0.550000011920929,1
1,-0.0926513671875,0,8.9786376953125,0,1,0,0.18000000715255737,0.550000011920929,1
1,0.76934814453125,0,8.95770263671875,0,1,0,0.29020401835441589,0.550000011920929,1
1,-0.5111083984375,0,8.999755859375,0,1,0,0.18000000715255737,0.550000011920929,1
1,0.466552734375,0,8.9993896484375,0,1,0,0.18000000715255737,0.550000011920929,1
1,-0.051513671875,0,9.018798828125,0,1,0,0.18000000715255737,0.550000011920929,1
1,1.11566162109375,0,9.678955078125,0,1,0,0.18000000715255737,0.550000011920929,1
1,-0.10870361328125,0,9.70074462890625,0,1,0,0.18000000715255737,0.550000011920929,1
1,-0.56451416015625,0,9.7237548828125,0,1,0,0.18000000715255737,0.550000011920929,1
1,-0.57000732421875,0,9.7984619140625,0,1,0,0.28560277819633484,0.550000011920929,1
1,0.5003662109375,0,9.72332763671875,0,1,0,0.18000000715255737,0.550000011920929,1
1,-0.06396484375,0,9.7445068359375,0,1,0,0.18000000715255737,0.550000011920929,1
1,1.19989013671875,0,10.3992919921875,0,1,0,0.18000000715255737,0.550000011920929,1
1,-0.124755859375,0,10.4228515625,0,1,0,0.18000000715255737,0.550000011920929,1
1,0.5341796875,0,10.44732666015625,0,1,0,0.18000000715255737,0.550000011920929,1
1,-0.07635498046875,0,10.47015380859375,0,1,0,0.18000000715255737,0.550000011920929,1
1,-0.08221435546875,0,10.81072998046875,0,1,0,0.25140058994293213,0.550000011920929,1
1,1.28411865234375,0,11.11962890625,0,1,0,0.18000000715255737,0.550000011920929,1
1,-0.140869140625,0,11.14495849609375,0,1,0,0.18000000715255737,0.550000011920929,1
1,0.5679931640625,0,11.1712646484375,0,1,0,0.18000000715255737,0.550000011920929,1
1,1.314453125,0,11.37921142578125,0,1,0,0.30634346604347229,0.550000011920929,1
1,-0.15692138671875,0,11.86700439453125,0,1,0,0.18000000715255737,0.550000011920929,1
1,0.5980224609375,0,11.81292724609375,0,1,0,0.26776063442230225,0.550000011920929,1
1,-0.1729736328125,0,12.589111328125,0,1,0,0.18000000715255737,0.550000011920929,1
1,-0.1845703125,0,13.10919189453125,0,1,0,0.26651859283447266,0.550000011920929,1
