shot,ageSeconds,x,y,z
1,0,0.12615966796875,1.34503173828125,0.6480712890625
1,0.0083333333333333332,0.1309814453125,1.34356689453125,0.92303466796875
1,0.016666666666666666,0.1357421875,1.34210205078125,1.197998046875
1,0.025,0.14056396484375,1.3406982421875,1.47296142578125
1,0.033333333333333333,0.1453857421875,1.3392333984375,1.74786376953125
1,0.041666666666666664,0.150146484375,1.3377685546875,2.0228271484375
1,0.049999999999999996,0.15496826171875,1.3363037109375,2.29779052734375
1,0.058333333333333327,0.15972900390625,1.3348388671875,2.57275390625
1,0.066666666666666666,0.16455078125,1.3333740234375,2.84771728515625
1,0.075,0.1693115234375,1.33160400390625,3.1197509765625
1,0.083333333333333329,0.1739501953125,1.3292236328125,3.38592529296875
1,0.09166666666666666,0.178466796875,1.32611083984375,3.64630126953125
1,0.099999999999999992,0.18292236328125,1.3223876953125,3.9007568359375
1,0.10833333333333332,0.187255859375,1.31805419921875,4.1494140625
1,0.11666666666666665,0.1915283203125,1.31298828125,4.39227294921875
1,0.12499999999999999,0.1956787109375,1.30731201171875,4.62921142578125
1,0.13333333333333333,0.19970703125,1.30096435546875,4.8603515625
1,0.14166666666666666,0.20361328125,1.2939453125,5.08563232421875
1,0.15,0.20745849609375,1.28631591796875,5.30511474609375
1,0.15833333333333333,0.211181640625,1.278076171875,5.51873779296875
1,0.16666666666666666,0.21478271484375,1.2691650390625,5.72650146484375
1,0.175,0.21832275390625,1.25958251953125,5.92840576171875
1,0.18333333333333332,0.22174072265625,1.24932861328125,6.12445068359375
1,0.19166666666666665,0.22509765625,1.238525390625,6.314697265625
1,0.19999999999999998,0.228271484375,1.22698974609375,6.49908447265625
1,0.20833333333333331,0.2314453125,1.21478271484375,6.6805419921875
1,0.21666666666666665,0.234619140625,1.20196533203125,6.862060546875
1,0.22499999999999998,0.23779296875,1.1883544921875,7.04351806640625
1,0.23333333333333331,0.240966796875,1.17413330078125,7.2249755859375
1,0.24166666666666664,0.244140625,1.1591796875,7.40643310546875
1,0.24999999999999997,0.247314453125,1.1436767578125,7.587890625
2,0,0.12615966796875,1.34503173828125,0.6480712890625
1,0.2583333333333333,0.25048828125,1.12738037109375,7.7694091796875
1,0.26666666666666666,0.25360107421875,1.11041259765625,7.95086669921875
2,0.00833333333333336,0.1221923828125,1.3455810546875,0.92303466796875
2,0.016666666666666663,0.11822509765625,1.34619140625,1.197998046875
1,0.275,0.25677490234375,1.0927734375,8.13232421875
1,0.28333333333333333,0.25994873046875,1.074462890625,8.31378173828125
2,0.025000000000000022,0.1142578125,1.34674072265625,1.47296142578125
2,0.033333333333333326,0.11029052734375,1.3472900390625,1.7479248046875
1,0.29166666666666669,0.26312255859375,1.05548095703125,8.4952392578125
1,0.3,0.26629638671875,1.0357666015625,8.6767578125
2,0.041666666666666685,0.1063232421875,1.347900390625,2.02294921875
2,0.049999999999999989,0.102294921875,1.34844970703125,2.29791259765625
1,0.30833333333333335,0.26947021484375,1.01544189453125,8.85821533203125
1,0.31666666666666665,0.27264404296875,0.994384765625,9.0396728515625
2,0.058333333333333348,0.09832763671875,1.3489990234375,2.5728759765625
2,0.066666666666666652,0.0943603515625,1.349609375,2.84783935546875
1,0.325,0.27581787109375,0.97265625,9.22113037109375
1,0.33333333333333331,0.27899169921875,0.95025634765625,9.402587890625
2,0.075000000000000011,0.0904541015625,1.34979248046875,3.119873046875
2,0.083333333333333315,0.08660888671875,1.349365234375,3.3861083984375
1,0.34166666666666667,0.28216552734375,0.92724609375,9.5841064453125
1,0.35,0.2852783203125,0.9034423828125,9.76556396484375
2,0.091666666666666674,0.08282470703125,1.34820556640625,3.646484375
2,0.099999999999999978,0.07916259765625,1.3463134765625,3.9010009765625
1,0.35833333333333334,0.2884521484375,0.87896728515625,9.947021484375
1,0.36666666666666664,0.2916259765625,0.8538818359375,10.12847900390625
2,0.10833333333333334,0.0755615234375,1.34381103515625,4.149658203125
2,0.1166666666666667,0.07208251953125,1.34051513671875,4.3924560546875
1,0.375,0.2947998046875,0.828125,10.3099365234375
1,0.38333333333333336,0.2979736328125,0.8016357421875,10.491455078125
2,0.12500000000000006,0.068603515625,1.33660888671875,4.62945556640625
2,0.13333333333333336,0.0653076171875,1.33197021484375,4.860595703125
1,0.39166666666666672,0.3011474609375,0.7744140625,10.67291259765625
1,0.4,0.3043212890625,0.74664306640625,10.8543701171875
2,0.14166666666666672,0.06201171875,1.32659912109375,5.0859375
2,0.15000000000000002,0.058837890625,1.32061767578125,5.30535888671875
1,0.40833333333333338,0.3074951171875,0.71807861328125,11.03582763671875
1,0.41666666666666669,0.3106689453125,0.68890380859375,11.21728515625
2,0.15833333333333338,0.0557861328125,1.31390380859375,5.51898193359375
2,0.16666666666666669,0.05279541015625,1.3065185546875,5.726806640625
1,0.42500000000000004,0.3138427734375,0.65899658203125,11.3988037109375
1,0.43333333333333335,0.31695556640625,0.62847900390625,11.58026123046875
2,0.17500000000000004,0.04986572265625,1.2984619140625,5.9287109375
2,0.18333333333333335,0.0469970703125,1.2896728515625,6.12481689453125
1,0.44166666666666671,0.32012939453125,0.59716796875,11.76171875
1,0.45,0.32330322265625,0.56524658203125,11.94317626953125
2,0.19166666666666671,0.04425048828125,1.28021240234375,6.3150634765625
2,0.2,0.0416259765625,1.27001953125,6.49945068359375
1,0.45833333333333337,0.32647705078125,0.53265380859375,12.1246337890625
1,0.46666666666666667,0.32965087890625,0.4993896484375,12.30615234375
2,0.20833333333333337,0.03900146484375,1.25921630859375,6.680908203125
2,0.21666666666666667,0.036376953125,1.2476806640625,6.8624267578125
1,0.47500000000000003,0.33282470703125,0.46539306640625,12.48760986328125
1,0.48333333333333334,0.33599853515625,0.43072509765625,12.6690673828125
2,0.22500000000000003,0.03375244140625,1.23541259765625,7.04388427734375
2,0.23333333333333334,0.0311279296875,1.2225341796875,7.225341796875
1,0.4916666666666667,0.33917236328125,0.39544677734375,12.85052490234375
1,0.5,0.34234619140625,0.35943603515625,13.031982421875
2,0.24166666666666664,0.02850341796875,1.20892333984375,7.4068603515625
2,0.24999999999999994,0.02587890625,1.1947021484375,7.58831787109375
1,0.5083333333333333,0.34552001953125,0.32275390625,13.2135009765625
1,0.51666666666666661,0.3486328125,0.28533935546875,13.39495849609375
3,0,0.12615966796875,1.34503173828125,0.6480712890625
2,0.25833333333333325,0.02325439453125,1.17974853515625,7.76983642578125
2,0.26666666666666655,0.0206298828125,1.1641845703125,7.9512939453125
1,0.52499999999999991,0.351806640625,0.247314453125,13.576416015625
1,0.53333333333333321,0.35498046875,0.20855712890625,13.75787353515625
3,0.0083333333333333037,0.12347412109375,1.3438720703125,0.92303466796875
3,0.016666666666666607,0.120849609375,1.34271240234375,1.19805908203125
2,0.27499999999999986,0.01800537109375,1.14788818359375,8.13275146484375
2,0.28333333333333316,0.015380859375,1.130859375,8.31427001953125
1,0.54166666666666652,0.358154296875,0.16912841796875,13.9393310546875
1,0.54999999999999982,0.361328125,0.1290283203125,14.120849609375
3,0.024999999999999911,0.1181640625,1.34149169921875,1.4730224609375
3,0.033333333333333215,0.115478515625,1.34033203125,1.74798583984375
2,0.29166666666666646,0.01275634765625,1.11322021484375,8.4957275390625
2,0.29999999999999977,0.0101318359375,1.0948486328125,8.67724609375
1,0.55833333333333313,0.364501953125,0.08831787109375,14.30230712890625
1,0.56666666666666643,0.36767578125,0.046875,14.4837646484375
3,0.041666666666666519,0.11279296875,1.33917236328125,2.02301025390625
3,0.049999999999999822,0.11016845703125,1.3380126953125,2.2979736328125
2,0.30833333333333307,0.00750732421875,1.0758056640625,8.85870361328125
2,0.31666666666666637,0.0048828125,1.05609130859375,9.0401611328125
1,0.57098649289786174,0.36932373046875,0,14.57781982421875
3,0.058333333333333126,0.10748291015625,1.3367919921875,2.57293701171875
3,0.06666666666666643,0.10479736328125,1.33563232421875,2.84796142578125
2,0.32499999999999968,0.00225830078125,1.0357666015625,9.2216796875
2,0.333333333333333,-0.0003662109375,1.01470947265625,9.40313720703125
3,0.074999999999999734,0.1021728515625,1.3341064453125,3.1199951171875
3,0.083333333333333037,0.099609375,1.33203125,3.38623046875
2,0.34166666666666629,-0.00299072265625,0.99298095703125,9.5845947265625
2,0.34999999999999959,-0.005615234375,0.97052001953125,9.76611328125
3,0.091666666666666341,0.0970458984375,1.32916259765625,3.6466064453125
3,0.099999999999999645,0.0946044921875,1.32574462890625,3.901123046875
2,0.35833333333333289,-0.00823974609375,0.9473876953125,9.94757080078125
2,0.3666666666666662,-0.01080322265625,0.92364501953125,10.12908935546875
3,0.10833333333333295,0.0921630859375,1.32159423828125,4.14984130859375
3,0.11666666666666625,0.08984375,1.3167724609375,4.3927001953125
2,0.3749999999999995,-0.013427734375,0.89923095703125,10.310546875
2,0.3833333333333328,-0.01605224609375,0.87408447265625,10.49200439453125
3,0.12499999999999956,0.0875244140625,1.3114013671875,4.62969970703125
3,0.13333333333333286,0.08526611328125,1.3052978515625,4.86083984375
2,0.39166666666666611,-0.0186767578125,0.84820556640625,10.67352294921875
2,0.39999999999999941,-0.02130126953125,0.82171630859375,10.85498046875
3,0.14166666666666616,0.08306884765625,1.29852294921875,5.08612060546875
3,0.14999999999999947,0.0809326171875,1.29107666015625,5.30560302734375
2,0.40833333333333272,-0.02392578125,0.79449462890625,11.03643798828125
2,0.416666666666666,-0.02655029296875,0.76666259765625,11.21795654296875
3,0.15833333333333277,0.078857421875,1.2830810546875,5.51922607421875
3,0.16666666666666607,0.07684326171875,1.27435302734375,5.72705078125
2,0.42499999999999932,-0.0291748046875,0.73809814453125,11.3994140625
2,0.43333333333333263,-0.03179931640625,0.70892333984375,11.5809326171875
3,0.17499999999999938,0.07489013671875,1.2650146484375,5.928955078125
3,0.18333333333333268,0.072998046875,1.25494384765625,6.12506103515625
2,0.44166666666666593,-0.034423828125,0.678955078125,11.76239013671875
2,0.44999999999999923,-0.03704833984375,0.64837646484375,11.94384765625
3,0.19166666666666599,0.0711669921875,1.24432373046875,6.3153076171875
3,0.19999999999999929,0.06939697265625,1.23297119140625,6.499755859375
2,0.45833333333333254,-0.0396728515625,0.61712646484375,12.1253662109375
2,0.46666666666666584,-0.04229736328125,0.58514404296875,12.30682373046875
3,0.20833333333333259,0.067626953125,1.220947265625,6.68121337890625
3,0.2166666666666659,0.06585693359375,1.20831298828125,6.86273193359375
2,0.47499999999999915,-0.044921875,0.552490234375,12.48828125
2,0.48333333333333245,-0.04754638671875,0.51922607421875,12.6697998046875
3,0.2249999999999992,0.0640869140625,1.19488525390625,7.044189453125
3,0.2333333333333325,0.06231689453125,1.18084716796875,7.2257080078125
2,0.49166666666666575,-0.0501708984375,0.4852294921875,12.85125732421875
2,0.49999999999999906,-0.05279541015625,0.4505615234375,13.03277587890625
3,0.24166666666666581,0.060546875,1.1661376953125,7.40716552734375
3,0.24999999999999911,0.05877685546875,1.1507568359375,7.58868408203125
2,0.50833333333333242,-0.055419921875,0.41522216796875,13.2142333984375
2,0.51666666666666572,-0.05804443359375,0.379150390625,13.39569091796875
4,0,0.12615966796875,1.34503173828125,0.6480712890625
3,0.25833333333333242,0.0570068359375,1.1346435546875,7.7701416015625
3,0.26666666666666572,0.0552978515625,1.117919921875,7.95166015625
2,0.524999999999999,-0.0606689453125,0.3424072265625,13.57720947265625
2,0.53333333333333233,-0.06329345703125,0.30499267578125,13.7586669921875
4,0.0083333333333333037,0.1209716796875,1.34332275390625,0.92303466796875
4,0.016666666666666607,0.1158447265625,1.34161376953125,1.19793701171875
3,0.274999999999999,0.05352783203125,1.1004638671875,8.1331787109375
3,0.28333333333333233,0.0517578125,1.082275390625,8.31463623046875
2,0.54166666666666563,-0.06591796875,0.2669677734375,13.940185546875
2,0.54999999999999893,-0.06854248046875,0.22821044921875,14.12164306640625
4,0.024999999999999911,0.11065673828125,1.33990478515625,1.472900390625
4,0.033333333333333215,0.10546875,1.33819580078125,1.74786376953125
3,0.29166666666666563,0.04998779296875,1.0634765625,8.49615478515625
3,0.29999999999999893,0.0482177734375,1.04400634765625,8.6776123046875
2,0.55833333333333224,-0.0711669921875,0.18878173828125,14.3031005859375
2,0.56666666666666554,-0.07379150390625,0.148681640625,14.484619140625
4,0.041666666666666519,0.10028076171875,1.33648681640625,2.0228271484375
4,0.049999999999999822,0.09515380859375,1.33477783203125,2.2977294921875
3,0.30833333333333224,0.04644775390625,1.0238037109375,8.859130859375
3,0.31666666666666554,0.044677734375,1.0029296875,9.04058837890625
2,0.57499999999999885,-0.076416015625,0.10784912109375,14.66607666015625
2,0.58333333333333215,-0.07904052734375,0.06634521484375,14.8475341796875
4,0.058333333333333126,0.0899658203125,1.3330078125,2.57269287109375
4,0.06666666666666643,0.08477783203125,1.331298828125,2.84765625
3,0.32499999999999885,0.04296875,0.9814453125,9.22210693359375
3,0.33333333333333215,0.04119873046875,0.959228515625,9.403564453125
2,0.59151207794865734,-0.08154296875,0,15.02569580078125
4,0.074999999999999734,0.07965087890625,1.32928466796875,3.11968994140625
4,0.083333333333333037,0.07464599609375,1.32659912109375,3.3858642578125
3,0.34166666666666545,0.0394287109375,0.93634033203125,9.5850830078125
3,0.34999999999999876,0.03765869140625,0.91278076171875,9.76654052734375
4,0.091666666666666341,0.06976318359375,1.32330322265625,3.64617919921875
4,0.099999999999999645,0.06494140625,1.3193359375,3.90069580078125
3,0.35833333333333206,0.035888671875,0.88848876953125,9.94805908203125
3,0.36666666666666536,0.03411865234375,0.86358642578125,10.1295166015625
4,0.10833333333333295,0.060302734375,1.314697265625,4.14935302734375
4,0.11666666666666625,0.05572509765625,1.3094482421875,4.39215087890625
3,0.37499999999999867,0.0323486328125,0.8380126953125,10.31103515625
3,0.38333333333333197,0.0306396484375,0.81170654296875,10.49249267578125
4,0.12499999999999956,0.05126953125,1.30352783203125,4.62908935546875
4,0.13333333333333286,0.04693603515625,1.2969970703125,4.8602294921875
3,0.39166666666666528,0.02886962890625,0.78466796875,10.67401123046875
3,0.39999999999999858,0.027099609375,0.757080078125,10.85546875
4,0.14166666666666616,0.04266357421875,1.289794921875,5.08551025390625
4,0.14999999999999947,0.03857421875,1.28192138671875,5.30499267578125
3,0.40833333333333188,0.02532958984375,0.72869873046875,11.0369873046875
3,0.41666666666666519,0.0235595703125,0.69970703125,11.218505859375
4,0.15833333333333277,0.0345458984375,1.27349853515625,5.5185546875
4,0.16666666666666607,0.0306396484375,1.26434326171875,5.726318359375
3,0.42499999999999849,0.02178955078125,0.66998291015625,11.39996337890625
3,0.43333333333333179,0.02001953125,0.6396484375,11.58148193359375
4,0.17499999999999938,0.02685546875,1.254638671875,5.92822265625
4,0.18333333333333268,0.02313232421875,1.24420166015625,6.12432861328125
3,0.4416666666666651,0.018310546875,0.6085205078125,11.762939453125
3,0.4499999999999984,0.01654052734375,0.5767822265625,11.9444580078125
4,0.19166666666666599,0.01953125,1.233154296875,6.31451416015625
4,0.19999999999999929,0.01611328125,1.221435546875,6.4989013671875
3,0.45833333333333171,0.0147705078125,0.54443359375,12.12591552734375
3,0.466666666666665,0.01300048828125,0.51129150390625,12.30743408203125
4,0.20833333333333259,0.0126953125,1.2091064453125,6.68035888671875
4,0.2166666666666659,0.00927734375,1.196044921875,6.86187744140625
3,0.47499999999999842,0.01123046875,0.47747802734375,12.4888916015625
3,0.48333333333333173,0.00946044921875,0.44305419921875,12.67041015625
4,0.2249999999999992,0.005859375,1.18231201171875,7.0433349609375
4,0.2333333333333325,0.00244140625,1.16790771484375,7.22479248046875
3,0.49166666666666503,0.0076904296875,0.40789794921875,12.85186767578125
3,0.49999999999999833,0.0059814453125,0.3720703125,13.03338623046875
4,0.24166666666666581,-0.0009765625,1.15283203125,7.40625
4,0.24999999999999911,-0.00439453125,1.1370849609375,7.58770751953125
3,0.50833333333333164,0.00421142578125,0.33563232421875,13.21484375
3,0.51666666666666494,0.00244140625,0.29840087890625,13.3963623046875
5,0,0.12615966796875,1.34503173828125,0.6480712890625
4,0.25833333333333242,-0.0078125,1.12066650390625,7.7691650390625
4,0.26666666666666572,-0.01123046875,1.103515625,7.95062255859375
3,0.52499999999999825,0.00067138671875,0.260498046875,13.57781982421875
3,0.53333333333333155,-0.0010986328125,0.22198486328125,13.75933837890625
5,0.0083333333333333037,0.123291015625,1.34674072265625,0.92303466796875
5,0.016666666666666607,0.12042236328125,1.3485107421875,1.19805908203125
4,0.274999999999999,-0.0146484375,1.08575439453125,8.132080078125
4,0.28333333333333233,-0.01806640625,1.06719970703125,8.31353759765625
3,0.54166666666666485,-0.00286865234375,0.1827392578125,13.9407958984375
3,0.54999999999999816,-0.004638671875,0.142822265625,14.122314453125
5,0.024999999999999911,0.11749267578125,1.3502197265625,1.4730224609375
5,0.033333333333333215,0.1146240234375,1.3519287109375,1.74798583984375
4,0.29166666666666563,-0.021484375,1.048095703125,8.49505615234375
4,0.29999999999999893,-0.02490234375,1.0281982421875,8.676513671875
3,0.55833333333333146,-0.00634765625,0.102294921875,14.3038330078125
3,0.56666666666666476,-0.00811767578125,0.06103515625,14.48529052734375
5,0.041666666666666519,0.11175537109375,1.3536376953125,2.02294921875
5,0.049999999999999822,0.10888671875,1.35540771484375,2.2979736328125
4,0.30833333333333224,-0.0283203125,1.0076904296875,8.85797119140625
4,0.31666666666666554,-0.03167724609375,0.9864501953125,9.0394287109375
3,0.57381540764882577,-0.0096435546875,0,14.6409912109375
5,0.058333333333333126,0.10601806640625,1.35711669921875,2.57293701171875
5,0.06666666666666643,0.1031494140625,1.35882568359375,2.847900390625
4,0.32499999999999885,-0.03509521484375,0.96453857421875,9.22088623046875
4,0.33333333333333215,-0.03851318359375,0.9420166015625,9.40234375
5,0.074999999999999734,0.10028076171875,1.36016845703125,3.1199951171875
5,0.083333333333333037,0.09747314453125,1.36090087890625,3.38616943359375
4,0.34166666666666545,-0.04193115234375,0.91876220703125,9.58380126953125
4,0.34999999999999876,-0.04534912109375,0.89483642578125,9.7652587890625
5,0.091666666666666341,0.09478759765625,1.36077880859375,3.64654541015625
5,0.099999999999999645,0.09210205078125,1.36004638671875,3.90106201171875
4,0.35833333333333206,-0.04876708984375,0.87017822265625,9.94671630859375
4,0.36666666666666536,-0.05218505859375,0.844970703125,10.12823486328125
5,0.10833333333333295,0.0894775390625,1.3585205078125,4.1497802734375
5,0.11666666666666625,0.08697509765625,1.35626220703125,4.392578125
4,0.37499999999999867,-0.05560302734375,0.8189697265625,10.3096923828125
4,0.38333333333333197,-0.05902099609375,0.7923583984375,10.49114990234375
5,0.12499999999999956,0.08447265625,1.3533935546875,4.62957763671875
5,0.13333333333333286,0.08203125,1.34967041015625,4.86077880859375
4,0.39166666666666528,-0.06243896484375,0.76495361328125,10.672607421875
4,0.39999999999999858,-0.06585693359375,0.73699951171875,10.85406494140625
5,0.14166666666666616,0.0797119140625,1.34527587890625,5.0860595703125
5,0.14999999999999947,0.077392578125,1.3402099609375,5.3055419921875
4,0.40833333333333188,-0.06927490234375,0.708251953125,11.0355224609375
4,0.41666666666666519,-0.07269287109375,0.678955078125,11.21697998046875
5,0.15833333333333277,0.07513427734375,1.33441162109375,5.5191650390625
5,0.16666666666666607,0.072998046875,1.327880859375,5.7269287109375
4,0.42499999999999849,-0.07611083984375,0.64886474609375,11.3984375
4,0.43333333333333179,-0.0794677734375,0.6181640625,11.5799560546875
5,0.17499999999999938,0.07086181640625,1.3206787109375,5.92889404296875
5,0.18333333333333268,0.06878662109375,1.31268310546875,6.125
4,0.4416666666666651,-0.0828857421875,0.586669921875,11.76141357421875
4,0.4499999999999984,-0.0863037109375,0.55462646484375,11.94287109375
5,0.19166666666666599,0.06683349609375,1.3040771484375,6.31524658203125
5,0.19999999999999929,0.06488037109375,1.294677734375,6.4996337890625
4,0.45833333333333171,-0.0897216796875,0.5218505859375,12.12432861328125
4,0.466666666666665,-0.0931396484375,0.48834228515625,12.3057861328125
5,0.20833333333333259,0.06298828125,1.28460693359375,6.68109130859375
5,0.2166666666666659,0.06109619140625,1.2738037109375,6.86260986328125
4,0.47499999999999831,-0.0965576171875,0.4542236328125,12.48724365234375
4,0.48333333333333162,-0.0999755859375,0.41937255859375,12.668701171875
5,0.2249999999999992,0.0592041015625,1.2623291015625,7.0440673828125
5,0.2333333333333325,0.05731201171875,1.250244140625,7.2255859375
4,0.49166666666666492,-0.1033935546875,0.3839111328125,12.85015869140625
4,0.49999999999999822,-0.1068115234375,0.34771728515625,13.0316162109375
5,0.24166666666666581,0.05535888671875,1.23736572265625,7.40704345703125
5,0.24999999999999911,0.053466796875,1.22393798828125,7.58856201171875
4,0.50833333333333153,-0.1102294921875,0.3109130859375,13.213134765625
4,0.51666666666666483,-0.1136474609375,0.2733154296875,13.39459228515625
6,0,0.12615966796875,1.34503173828125,0.6480712890625
5,0.25833333333333242,0.05157470703125,1.20977783203125,7.77001953125
5,0.26666666666666572,0.0496826171875,1.19488525390625,7.9515380859375
4,0.52499999999999813,-0.1170654296875,0.235107421875,13.5760498046875
4,0.53333333333333144,-0.1204833984375,0.1961669921875,13.75750732421875
6,0.0083333333333333037,0.127685546875,1.341064453125,0.92303466796875
6,0.016666666666666607,0.1292724609375,1.337158203125,1.197998046875
5,0.274999999999999,0.04779052734375,1.17938232421875,8.13299560546875
5,0.28333333333333233,0.0458984375,1.16314697265625,8.31451416015625
4,0.54166666666666474,-0.1239013671875,0.1566162109375,13.93896484375
4,0.549999999999998,-0.1273193359375,0.1163330078125,14.12042236328125
6,0.024999999999999911,0.13079833984375,1.33319091796875,1.47296142578125
6,0.033333333333333215,0.13232421875,1.3292236328125,1.7479248046875
5,0.29166666666666563,0.04400634765625,1.146240234375,8.4959716796875
5,0.29999999999999893,0.0421142578125,1.128662109375,8.677490234375
4,0.55833333333333135,-0.13067626953125,0.075439453125,14.3018798828125
4,0.56666666666666465,-0.13409423828125,0.0338134765625,14.48333740234375
6,0.041666666666666519,0.1339111328125,1.3253173828125,2.02288818359375
6,0.049999999999999822,0.13543701171875,1.32135009765625,2.2978515625
5,0.30833333333333224,0.0401611328125,1.11041259765625,8.85894775390625
5,0.31666666666666554,0.03826904296875,1.0914306640625,9.04046630859375
4,0.5684006731428819,-0.13482666015625,0,14.5211181640625
6,0.058333333333333126,0.13702392578125,1.3173828125,2.57281494140625
6,0.06666666666666643,0.1385498046875,1.3134765625,2.84783935546875
5,0.32499999999999885,0.036376953125,1.07183837890625,9.221923828125
5,0.33333333333333215,0.03448486328125,1.05157470703125,9.4034423828125
6,0.074999999999999734,0.14007568359375,1.3092041015625,3.119873046875
6,0.083333333333333037,0.1416015625,1.30438232421875,3.38604736328125
5,0.34166666666666545,0.0325927734375,1.03057861328125,9.58489990234375
5,0.34999999999999876,0.03070068359375,1.0089111328125,9.76641845703125
6,0.091666666666666341,0.14306640625,1.2989501953125,3.64642333984375
6,0.099999999999999645,0.14447021484375,1.29290771484375,3.90093994140625
5,0.35833333333333206,0.02880859375,0.986572265625,9.9478759765625
5,0.36666666666666536,0.02685546875,0.96356201171875,10.12939453125
6,0.10833333333333295,0.1458740234375,1.2862548828125,4.14959716796875
6,0.11666666666666625,0.147216796875,1.27899169921875,4.3924560546875
5,0.37499999999999867,0.02496337890625,0.93988037109375,10.31085205078125
5,0.38333333333333197,0.0230712890625,0.91552734375,10.4923095703125
6,0.12499999999999956,0.1485595703125,1.271240234375,4.62945556640625
6,0.13333333333333286,0.14990234375,1.26275634765625,4.860595703125
5,0.39166666666666528,0.02117919921875,0.890380859375,10.673828125
5,0.39999999999999858,0.019287109375,0.86468505859375,10.85528564453125
6,0.14166666666666616,0.151123046875,1.25372314453125,5.08587646484375
6,0.14999999999999947,0.15240478515625,1.244140625,5.30535888671875
5,0.40833333333333188,0.01739501953125,0.8382568359375,11.03680419921875
5,0.41666666666666519,0.0155029296875,0.8111572265625,11.21826171875
6,0.15833333333333277,0.153564453125,1.23388671875,5.5189208984375
6,0.16666666666666607,0.15472412109375,1.22314453125,5.72674560546875
5,0.42499999999999849,0.0135498046875,0.78338623046875,11.3997802734375
5,0.43333333333333179,0.01165771484375,0.75494384765625,11.58123779296875
6,0.17499999999999938,0.1558837890625,1.21173095703125,5.92864990234375
6,0.18333333333333268,0.156982421875,1.19970703125,6.124755859375
5,0.4416666666666651,0.009765625,0.7257080078125,11.76275634765625
5,0.4499999999999984,0.00787353515625,0.6959228515625,11.9442138671875
6,0.19166666666666599,0.1580810546875,1.1871337890625,6.31500244140625
6,0.19999999999999929,0.15911865234375,1.1739501953125,6.4993896484375
5,0.45833333333333171,0.0059814453125,0.66546630859375,12.125732421875
5,0.466666666666665,0.00408935546875,0.63421630859375,12.30718994140625
6,0.20833333333333259,0.16009521484375,1.16009521484375,6.68084716796875
6,0.2166666666666659,0.1611328125,1.14556884765625,6.8623046875
5,0.47499999999999831,0.002197265625,0.60235595703125,12.48870849609375
5,0.48333333333333162,0.00030517578125,0.56982421875,12.670166015625
6,0.2249999999999992,0.16217041015625,1.13037109375,7.0438232421875
6,0.2333333333333325,0.1632080078125,1.114501953125,7.22528076171875
5,0.49166666666666492,-0.00164794921875,0.53656005859375,12.8516845703125
5,0.49999999999999822,-0.0035400390625,0.502685546875,13.03314208984375
6,0.24166666666666581,0.1641845703125,1.097900390625,7.40673828125
6,0.24999999999999911,0.16522216796875,1.08074951171875,7.5882568359375
5,0.50833333333333153,-0.00543212890625,0.4681396484375,13.21466064453125
5,0.51666666666666483,-0.00732421875,0.43280029296875,13.3961181640625
7,0,0.12615966796875,1.34503173828125,0.6480712890625
6,0.25833333333333242,0.166259765625,1.06280517578125,7.76971435546875
6,0.26666666666666572,0.16729736328125,1.044189453125,7.95123291015625
5,0.52499999999999813,-0.00921630859375,0.3968505859375,13.57763671875
5,0.53333333333333144,-0.0111083984375,0.3602294921875,13.75909423828125
7,0.0083333333333333037,0.12469482421875,1.3487548828125,0.92303466796875
7,0.016666666666666607,0.12322998046875,1.35247802734375,1.197998046875
6,0.274999999999999,0.16827392578125,1.02496337890625,8.1326904296875
6,0.28333333333333233,0.1693115234375,1.00494384765625,8.31414794921875
5,0.54166666666666474,-0.01300048828125,0.3228759765625,13.9405517578125
5,0.549999999999998,-0.01495361328125,0.284912109375,14.1220703125
7,0.024999999999999911,0.121826171875,1.356201171875,1.47296142578125
7,0.033333333333333215,0.120361328125,1.35992431640625,1.7479248046875
6,0.29166666666666563,0.17034912109375,0.98431396484375,8.49566650390625
6,0.29999999999999893,0.17138671875,0.9630126953125,8.6771240234375
5,0.55833333333333135,-0.016845703125,0.24627685546875,14.30352783203125
5,0.56666666666666465,-0.01873779296875,0.2069091796875,14.48504638671875
7,0.041666666666666519,0.118896484375,1.3636474609375,2.02294921875
7,0.049999999999999822,0.117431640625,1.36737060546875,2.29791259765625
6,0.30833333333333224,0.17236328125,0.94097900390625,8.85858154296875
6,0.31666666666666554,0.17340087890625,0.91827392578125,9.04010009765625
5,0.574999999999998,-0.0206298828125,0.1668701171875,14.66650390625
5,0.58333333333333126,-0.02252197265625,0.12615966796875,14.8480224609375
7,0.058333333333333126,0.115966796875,1.37109375,2.5728759765625
7,0.06666666666666643,0.11456298828125,1.37481689453125,2.84783935546875
6,0.32499999999999885,0.1744384765625,0.89495849609375,9.2215576171875
6,0.33333333333333215,0.17547607421875,0.87091064453125,9.40301513671875
5,0.59166666666666456,-0.0244140625,0.084716796875,15.02947998046875
5,0.59999999999999787,-0.02630615234375,0.04266357421875,15.21099853515625
7,0.074999999999999734,0.11309814453125,1.37811279296875,3.119873046875
7,0.083333333333333037,0.1116943359375,1.3807373046875,3.3861083984375
6,0.34166666666666545,0.17645263671875,0.84619140625,9.58453369140625
6,0.34999999999999876,0.177490234375,0.82080078125,9.7659912109375
5,0.60344285683379473,-0.027099609375,0,15.28594970703125
7,0.091666666666666341,0.11029052734375,1.382568359375,3.646484375
7,0.099999999999999645,0.10894775390625,1.38360595703125,3.9010009765625
6,0.35833333333333206,0.17852783203125,0.794677734375,9.94744873046875
6,0.36666666666666536,0.17950439453125,0.7679443359375,10.12896728515625
7,0.10833333333333295,0.107666015625,1.3839111328125,4.149658203125
7,0.11666666666666625,0.10638427734375,1.3834228515625,4.39251708984375
6,0.37499999999999867,0.1805419921875,0.740478515625,10.3104248046875
6,0.38333333333333197,0.18157958984375,0.71240234375,10.49188232421875
7,0.12499999999999956,0.1051025390625,1.38226318359375,4.62945556640625
7,0.13333333333333286,0.1038818359375,1.3802490234375,4.86065673828125
6,0.39166666666666528,0.1826171875,0.68353271484375,10.67340087890625
6,0.39999999999999858,0.18359375,0.654052734375,10.8548583984375
7,0.14166666666666616,0.10272216796875,1.37750244140625,5.0859375
7,0.14999999999999947,0.1015625,1.3740234375,5.305419921875
6,0.40833333333333188,0.18463134765625,0.6239013671875,11.03631591796875
6,0.41666666666666519,0.1856689453125,0.59307861328125,11.21783447265625
7,0.15833333333333277,0.10040283203125,1.3697509765625,5.51898193359375
7,0.16666666666666607,0.09930419921875,1.36474609375,5.726806640625
6,0.42499999999999849,0.18670654296875,0.5615234375,11.3992919921875
6,0.43333333333333179,0.18768310546875,0.52935791015625,11.58074951171875
7,0.17499999999999938,0.0982666015625,1.3590087890625,5.9287109375
7,0.18333333333333268,0.09722900390625,1.3524169921875,6.12481689453125
6,0.4416666666666651,0.188720703125,0.49639892578125,11.76226806640625
6,0.4499999999999984,0.18975830078125,0.46282958984375,11.9437255859375
7,0.19166666666666599,0.09619140625,1.34515380859375,6.3150634765625
7,0.19999999999999929,0.09527587890625,1.33709716796875,6.49945068359375
6,0.45833333333333171,0.1907958984375,0.42864990234375,12.12518310546875
6,0.466666666666665,0.1917724609375,0.3936767578125,12.30670166015625
7,0.20833333333333259,0.09429931640625,1.328369140625,6.680908203125
7,0.2166666666666659,0.09332275390625,1.31890869140625,6.8624267578125
6,0.47499999999999831,0.19281005859375,0.3580322265625,12.4881591796875
6,0.48333333333333162,0.19384765625,0.32177734375,12.66961669921875
7,0.2249999999999992,0.09234619140625,1.3087158203125,7.04388427734375
7,0.2333333333333325,0.0914306640625,1.29791259765625,7.22540283203125
6,0.49166666666666492,0.19488525390625,0.2847900390625,12.85113525390625
6,0.49999999999999822,0.19586181640625,0.24713134765625,13.0325927734375
7,0.24166666666666581,0.0904541015625,1.28643798828125,7.4068603515625
7,0.24999999999999911,0.0894775390625,1.2742919921875,7.58831787109375
6,0.50833333333333153,0.1968994140625,0.2088623046875,13.21405029296875
6,0.51666666666666483,0.19793701171875,0.1697998046875,13.39556884765625
8,0,0.12615966796875,1.34503173828125,0.6480712890625
7,0.25833333333333242,0.08856201171875,1.26141357421875,7.76983642578125
7,0.26666666666666572,0.08758544921875,1.24786376953125,7.9512939453125
6,0.52499999999999813,0.198974609375,0.13006591796875,13.5770263671875
6,0.53333333333333144,0.199951171875,0.08966064453125,13.75848388671875
8,0.0083333333333333037,0.1285400390625,1.34527587890625,0.92303466796875
8,0.016666666666666607,0.13092041015625,1.34552001953125,1.19805908203125
7,0.274999999999999,0.08660888671875,1.233642578125,8.13275146484375
7,0.28333333333333233,0.08563232421875,1.21875,8.31427001953125
6,0.54166666666666474,0.20098876953125,0.04864501953125,13.94000244140625
6,0.54638401613819521,0.20159912109375,0,14.042724609375
8,0.024999999999999911,0.13323974609375,1.34576416015625,1.4730224609375
8,0.033333333333333215,0.1356201171875,1.34600830078125,1.748046875
7,0.29166666666666563,0.084716796875,1.20318603515625,8.4957275390625
7,0.29999999999999893,0.083740234375,1.1868896484375,8.67724609375
8,0.041666666666666519,0.13800048828125,1.34625244140625,2.02301025390625
8,0.049999999999999822,0.140380859375,1.346435546875,2.29803466796875
7,0.30833333333333224,0.082763671875,1.169921875,8.85870361328125
7,0.31666666666666554,0.08184814453125,1.15234375,9.0401611328125
8,0.058333333333333126,0.14276123046875,1.3466796875,2.572998046875
8,0.06666666666666643,0.1451416015625,1.346923828125,2.84796142578125
7,0.32499999999999885,0.08087158203125,1.134033203125,9.2216796875
7,0.33333333333333215,0.07989501953125,1.11505126953125,9.40313720703125
8,0.074999999999999734,0.1474609375,1.3468017578125,3.12005615234375
8,0.083333333333333037,0.1497802734375,1.3460693359375,3.38629150390625
7,0.34166666666666545,0.07891845703125,1.09539794921875,9.58465576171875
7,0.34999999999999876,0.0780029296875,1.0750732421875,9.76611328125
8,0.091666666666666341,0.1519775390625,1.3446044921875,3.64666748046875
8,0.099999999999999645,0.1541748046875,1.3424072265625,3.90118408203125
7,0.35833333333333206,0.0770263671875,1.05401611328125,9.94757080078125
7,0.36666666666666536,0.0760498046875,1.0323486328125,10.12908935546875
8,0.10833333333333295,0.15631103515625,1.339599609375,4.14990234375
8,0.11666666666666625,0.158447265625,1.33599853515625,4.39276123046875
7,0.37499999999999867,0.07513427734375,1.00994873046875,10.310546875
7,0.38333333333333197,0.07415771484375,0.9869384765625,10.49200439453125
8,0.12499999999999956,0.16046142578125,1.33184814453125,4.6297607421875
8,0.13333333333333286,0.1624755859375,1.326904296875,4.86090087890625
7,0.39166666666666528,0.07318115234375,0.963134765625,10.67352294921875
7,0.39999999999999858,0.072265625,0.938720703125,10.85498046875
8,0.14166666666666639,0.1644287109375,1.3212890625,5.08624267578125
8,0.14999999999999969,0.16632080078125,1.31500244140625,5.30572509765625
7,0.4083333333333321,0.0712890625,0.91357421875,11.0364990234375
7,0.41666666666666541,0.0703125,0.8878173828125,11.21795654296875
8,0.158333333333333,0.16815185546875,1.30804443359375,5.51934814453125
8,0.1666666666666663,0.169921875,1.3004150390625,5.72711181640625
7,0.42499999999999871,0.0693359375,0.86138916015625,11.3994140625
7,0.433333333333332,0.06842041015625,0.834228515625,11.5809326171875
8,0.1749999999999996,0.17169189453125,1.2921142578125,5.9290771484375
8,0.1833333333333329,0.17333984375,1.2830810546875,6.12518310546875
7,0.44166666666666532,0.06744384765625,0.80633544921875,11.76239013671875
7,0.44999999999999862,0.06646728515625,0.77783203125,11.94384765625
8,0.19166666666666621,0.17498779296875,1.2734375,6.3154296875
8,0.19999999999999951,0.17657470703125,1.26300048828125,6.4998779296875
7,0.45833333333333193,0.0655517578125,0.74871826171875,12.1253662109375
7,0.46666666666666523,0.0645751953125,0.71881103515625,12.30682373046875
8,0.20833333333333282,0.17816162109375,1.251953125,6.68133544921875
8,0.21666666666666612,0.17974853515625,1.24017333984375,6.86285400390625
7,0.47499999999999853,0.0635986328125,0.688232421875,12.48834228515625
7,0.48333333333333184,0.0626220703125,0.656982421875,12.6697998046875
8,0.22499999999999942,0.1812744140625,1.22772216796875,7.0443115234375
8,0.23333333333333273,0.182861328125,1.21466064453125,7.225830078125
7,0.49166666666666514,0.06170654296875,0.6251220703125,12.85125732421875
7,0.49999999999999845,0.06072998046875,0.592529296875,13.03277587890625
8,0.24166666666666603,0.18438720703125,1.2008056640625,7.4073486328125
8,0.24999999999999933,0.18597412109375,1.1864013671875,7.58880615234375
7,0.50833333333333175,0.05975341796875,0.55926513671875,13.2142333984375
7,0.516666666666665,0.058837890625,0.5252685546875,13.395751953125
9,0,0.12615966796875,1.34503173828125,0.6480712890625
8,0.25833333333333264,0.18756103515625,1.17120361328125,7.77032470703125
8,0.26666666666666594,0.1890869140625,1.1553955078125,7.9517822265625
7,0.52499999999999836,0.057861328125,0.49066162109375,13.57720947265625
7,0.53333333333333166,0.056884765625,0.455322265625,13.7586669921875
9,0.0083333333333333037,0.1322021484375,1.3450927734375,0.92303466796875
9,0.016666666666666607,0.13824462890625,1.3450927734375,1.19793701171875
8,0.27499999999999925,0.190673828125,1.13885498046875,8.13330078125
8,0.28333333333333255,0.1922607421875,1.12164306640625,8.31475830078125
7,0.541666666666665,0.055908203125,0.4193115234375,13.940185546875
7,0.54999999999999827,0.05499267578125,0.38262939453125,14.12164306640625
9,0.024999999999999911,0.144287109375,1.34515380859375,1.472900390625
9,0.033333333333333215,0.15032958984375,1.34515380859375,1.747802734375
8,0.29166666666666585,0.19378662109375,1.10382080078125,8.49627685546875
8,0.29999999999999916,0.19537353515625,1.085205078125,8.67779541015625
7,0.55833333333333157,0.05401611328125,0.34527587890625,14.3031005859375
7,0.56666666666666488,0.05303955078125,0.30731201171875,14.484619140625
9,0.041666666666666519,0.1563720703125,1.34521484375,2.02276611328125
9,0.049999999999999822,0.16241455078125,1.34527587890625,2.29766845703125
8,0.30833333333333246,0.19696044921875,1.06597900390625,8.8592529296875
8,0.31666666666666576,0.198486328125,1.0460205078125,9.040771484375
7,0.57499999999999818,0.0521240234375,0.2685546875,14.66607666015625
7,0.58333333333333148,0.0511474609375,0.2291259765625,14.84759521484375
9,0.058333333333333126,0.16845703125,1.34527587890625,2.5726318359375
9,0.06666666666666643,0.17449951171875,1.3453369140625,2.8475341796875
8,0.32499999999999907,0.2000732421875,1.02545166015625,9.22222900390625
8,0.33333333333333237,0.20159912109375,1.00421142578125,9.40374755859375
7,0.59166666666666479,0.0501708984375,0.18902587890625,15.029052734375
7,0.59999999999999809,0.04925537109375,0.1483154296875,15.21051025390625
9,0.074999999999999734,0.18048095703125,1.344970703125,3.11956787109375
9,0.083333333333333037,0.18634033203125,1.34405517578125,3.3857421875
8,0.34166666666666567,0.20318603515625,0.98223876953125,9.58526611328125
8,0.349999999999999,0.20477294921875,0.9595947265625,9.7667236328125
7,0.60833333333333139,0.04827880859375,0.10687255859375,15.39202880859375
7,0.6166666666666647,0.04730224609375,0.06475830078125,15.573486328125
9,0.091666666666666341,0.1920166015625,1.34234619140625,3.64605712890625
9,0.099999999999999645,0.1976318359375,1.34002685546875,3.9005126953125
8,0.35833333333333228,0.206298828125,0.93621826171875,9.9482421875
8,0.36666666666666559,0.2078857421875,0.91229248046875,10.12969970703125
7,0.62439696168616887,0.04638671875,0,15.74188232421875
9,0.10833333333333295,0.203125,1.33697509765625,4.149169921875
9,0.11666666666666625,0.20843505859375,1.333251953125,4.3919677734375
8,0.37499999999999889,0.20947265625,0.8875732421875,10.31121826171875
8,0.38333333333333219,0.21099853515625,0.86224365234375,10.49267578125
9,0.12499999999999956,0.213623046875,1.328857421875,4.62896728515625
9,0.13333333333333286,0.21875,1.32379150390625,4.86004638671875
8,0.3916666666666655,0.21258544921875,0.836181640625,10.6741943359375
8,0.3999999999999988,0.214111328125,0.8094482421875,10.855712890625
9,0.14166666666666616,0.22369384765625,1.3179931640625,5.0853271484375
9,0.14999999999999947,0.228515625,1.31158447265625,5.30474853515625
8,0.4083333333333321,0.2156982421875,0.78204345703125,11.03717041015625
8,0.41666666666666541,0.21728515625,0.75396728515625,11.21868896484375
9,0.15833333333333277,0.23321533203125,1.304443359375,5.51837158203125
9,0.16666666666666607,0.23773193359375,1.29669189453125,5.72607421875
8,0.42499999999999871,0.21881103515625,0.7252197265625,11.400146484375
8,0.433333333333332,0.22039794921875,0.69573974609375,11.5816650390625
9,0.17499999999999938,0.2421875,1.2882080078125,5.927978515625
9,0.18333333333333268,0.24652099609375,1.279052734375,6.12408447265625
8,0.44166666666666532,0.22198486328125,0.66558837890625,11.76318359375
8,0.44999999999999862,0.2235107421875,0.63482666015625,11.94464111328125
9,0.19166666666666599,0.25067138671875,1.26922607421875,6.31427001953125
9,0.19999999999999929,0.2547607421875,1.2586669921875,6.4986572265625
8,0.45833333333333193,0.22509765625,0.60333251953125,12.12615966796875
8,0.46666666666666523,0.22662353515625,0.5711669921875,12.3076171875
9,0.20833333333333259,0.25872802734375,1.24749755859375,6.68011474609375
9,0.2166666666666659,0.2626953125,1.235595703125,6.861572265625
8,0.47499999999999853,0.22821044921875,0.53826904296875,12.4891357421875
8,0.48333333333333184,0.22979736328125,0.5047607421875,12.67059326171875
9,0.2249999999999992,0.2667236328125,1.2230224609375,7.04302978515625
9,0.2333333333333325,0.27069091796875,1.20977783203125,7.2244873046875
8,0.49166666666666514,0.2313232421875,0.4705810546875,12.85211181640625
8,0.49999999999999845,0.23291015625,0.4356689453125,13.03363037109375
9,0.24166666666666581,0.274658203125,1.19580078125,7.40594482421875
9,0.24999999999999911,0.2786865234375,1.1812744140625,7.58740234375
8,0.50833333333333175,0.2344970703125,0.400146484375,13.215087890625
8,0.516666666666665,0.23602294921875,0.36383056640625,13.3966064453125
10,0,0.12615966796875,1.34503173828125,0.6480712890625
9,0.25833333333333242,0.28265380859375,1.16595458984375,7.76885986328125
9,0.26666666666666572,0.28662109375,1.1500244140625,7.9503173828125
8,0.52499999999999836,0.23760986328125,0.326904296875,13.57806396484375
8,0.53333333333333166,0.2391357421875,0.28924560546875,13.75958251953125
10,0.0083333333333333037,0.13092041015625,1.34027099609375,0.9229736328125
10,0.016666666666666607,0.13568115234375,1.33551025390625,1.19793701171875
9,0.274999999999999,0.2906494140625,1.13336181640625,8.13177490234375
9,0.28333333333333233,0.29461669921875,1.115966796875,8.313232421875
8,0.541666666666665,0.24072265625,0.2509765625,13.94110107421875
8,0.54999999999999827,0.2423095703125,0.2120361328125,14.12255859375
10,0.024999999999999911,0.140380859375,1.33074951171875,1.47283935546875
10,0.033333333333333215,0.1451416015625,1.3260498046875,1.74774169921875
9,0.29166666666666563,0.298583984375,1.0980224609375,8.49468994140625
9,0.29999999999999893,0.3026123046875,1.07928466796875,8.6761474609375
8,0.55833333333333157,0.24383544921875,0.17236328125,14.3040771484375
8,0.56666666666666488,0.24542236328125,0.132080078125,14.48553466796875
10,0.041666666666666519,0.14990234375,1.3212890625,2.02264404296875
10,0.049999999999999822,0.1546630859375,1.3165283203125,2.297607421875
9,0.30833333333333224,0.30657958984375,1.05987548828125,8.85760498046875
9,0.31666666666666554,0.310546875,1.03985595703125,9.0390625
8,0.57499999999999818,0.24700927734375,0.09100341796875,14.66705322265625
8,0.58333333333333148,0.24853515625,0.04931640625,14.8485107421875
10,0.058333333333333126,0.15936279296875,1.311767578125,2.572509765625
10,0.06666666666666643,0.16412353515625,1.3070068359375,2.847412109375
9,0.32499999999999885,0.3145751953125,1.01910400390625,9.22052001953125
9,0.33333333333333215,0.31854248046875,0.99774169921875,9.4019775390625
8,0.58811479293852542,0.24945068359375,0,14.95263671875
10,0.074999999999999734,0.1688232421875,1.30194091796875,3.119384765625
10,0.083333333333333037,0.17340087890625,1.29638671875,3.38555908203125
9,0.34166666666666545,0.322509765625,0.97564697265625,9.58343505859375
9,0.34999999999999876,0.3265380859375,0.95281982421875,9.764892578125
10,0.091666666666666341,0.17791748046875,1.2901611328125,3.6458740234375
10,0.099999999999999645,0.18231201171875,1.28338623046875,3.90032958984375
9,0.35833333333333206,0.33050537109375,0.92938232421875,9.94635009765625
9,0.36666666666666536,0.33447265625,0.9052734375,10.1278076171875
10,0.10833333333333295,0.18658447265625,1.27606201171875,4.14898681640625
10,0.11666666666666625,0.1907958984375,1.26806640625,4.39178466796875
9,0.37499999999999867,0.3385009765625,0.8804931640625,10.30926513671875
9,0.38333333333333197,0.34246826171875,0.85498046875,10.49072265625
10,0.12499999999999956,0.19488525390625,1.25958251953125,4.62872314453125
10,0.13333333333333286,0.1988525390625,1.25048828125,4.85980224609375
9,0.39166666666666528,0.346435546875,0.8287353515625,10.67218017578125
9,0.39999999999999858,0.3504638671875,0.80194091796875,10.8536376953125
10,0.14166666666666616,0.2027587890625,1.24078369140625,5.0850830078125
10,0.14999999999999947,0.20654296875,1.23052978515625,5.30450439453125
9,0.40833333333333188,0.35443115234375,0.77435302734375,11.0350341796875
9,0.41666666666666519,0.3583984375,0.74615478515625,11.21649169921875
10,0.15833333333333277,0.210205078125,1.21966552734375,5.51806640625
10,0.16666666666666607,0.21380615234375,1.208251953125,5.725830078125
9,0.42499999999999849,0.3624267578125,0.71728515625,11.39794921875
9,0.43333333333333179,0.36639404296875,0.68768310546875,11.57940673828125
10,0.17499999999999938,0.21728515625,1.1962890625,5.92767333984375
10,0.18333333333333268,0.220703125,1.1837158203125,6.123779296875
9,0.4416666666666651,0.370361328125,0.65740966796875,11.7608642578125
9,0.4499999999999984,0.3743896484375,0.62646484375,11.94232177734375
10,0.19166666666666599,0.22393798828125,1.17059326171875,6.31396484375
10,0.19999999999999929,0.2271728515625,1.1568603515625,6.49835205078125
9,0.45833333333333171,0.37835693359375,0.5948486328125,12.123779296875
9,0.466666666666665,0.38232421875,0.56256103515625,12.30523681640625
10,0.20833333333333259,0.23028564453125,1.1424560546875,6.67974853515625
10,0.2166666666666659,0.2333984375,1.12744140625,6.8612060546875
9,0.47499999999999831,0.3863525390625,0.529541015625,12.4866943359375
9,0.48333333333333162,0.39031982421875,0.49591064453125,12.66815185546875
10,0.2249999999999992,0.23651123046875,1.1116943359375,7.04266357421875
10,0.2333333333333325,0.23968505859375,1.09527587890625,7.22412109375
9,0.49166666666666492,0.394287109375,0.4615478515625,12.849609375
9,0.49999999999999822,0.3983154296875,0.426513671875,13.03106689453125
10,0.24166666666666581,0.2427978515625,1.07818603515625,7.40557861328125
10,0.24999999999999911,0.24591064453125,1.0604248046875,7.58697509765625
9,0.50833333333333153,0.40228271484375,0.390869140625,13.2125244140625
9,0.51666666666666483,0.40625,0.35443115234375,13.39398193359375
11,0,0.12615966796875,1.34503173828125,0.6480712890625
10,0.25833333333333242,0.24908447265625,1.0419921875,7.7684326171875
10,0.26666666666666572,0.252197265625,1.02288818359375,7.94989013671875
9,0.52499999999999813,0.4102783203125,0.31732177734375,13.575439453125
9,0.53333333333333144,0.41424560546875,0.27960205078125,13.75689697265625
11,0.0083333333333333037,0.129638671875,1.3421630859375,0.92303466796875
11,0.016666666666666607,0.13311767578125,1.3392333984375,1.197998046875
10,0.274999999999999,0.25531005859375,1.0030517578125,8.13134765625
10,0.28333333333333233,0.25848388671875,0.9825439453125,8.31280517578125
9,0.54166666666666474,0.418212890625,0.24114990234375,13.9383544921875
9,0.549999999999998,0.4222412109375,0.20208740234375,14.11981201171875
11,0.024999999999999911,0.13665771484375,1.33636474609375,1.47296142578125
11,0.033333333333333215,0.14013671875,1.33349609375,1.7479248046875
10,0.29166666666666563,0.2615966796875,0.96142578125,8.49420166015625
10,0.29999999999999893,0.26470947265625,0.93951416015625,8.6756591796875
9,0.55833333333333135,0.42620849609375,0.16229248046875,14.30126953125
9,0.56666666666666465,0.43017578125,0.121826171875,14.48272705078125
11,0.041666666666666519,0.14361572265625,1.33056640625,2.02288818359375
11,0.049999999999999822,0.1470947265625,1.32769775390625,2.2978515625
10,0.30833333333333224,0.26788330078125,0.9169921875,8.85711669921875
10,0.31666666666666554,0.27099609375,0.89373779296875,9.03857421875
9,0.574999999999998,0.4342041015625,0.0806884765625,14.6641845703125
9,0.58333333333333126,0.43817138671875,0.038818359375,14.84564208984375
11,0.058333333333333126,0.150634765625,1.3248291015625,2.57281494140625
11,0.06666666666666643,0.15411376953125,1.3218994140625,2.8477783203125
10,0.32499999999999885,0.27410888671875,0.869873046875,9.22003173828125
10,0.33333333333333215,0.27728271484375,0.8453369140625,9.4014892578125
9,0.58604166660004853,0.439453125,0,14.90460205078125
11,0.074999999999999734,0.15753173828125,1.31866455078125,3.11981201171875
11,0.083333333333333037,0.16094970703125,1.31494140625,3.385986328125
10,0.34166666666666545,0.2803955078125,0.820068359375,9.5828857421875
10,0.34999999999999876,0.28350830078125,0.79412841796875,9.76434326171875
11,0.091666666666666341,0.16424560546875,1.31048583984375,3.6463623046875
11,0.099999999999999645,0.16748046875,1.305419921875,3.90087890625
10,0.35833333333333206,0.28668212890625,0.76751708984375,9.94580078125
10,0.36666666666666536,0.289794921875,0.740234375,10.12725830078125
11,0.10833333333333295,0.170654296875,1.29974365234375,4.1495361328125
11,0.11666666666666625,0.1737060546875,1.29339599609375,4.39239501953125
10,0.37499999999999867,0.29290771484375,0.7122802734375,10.3087158203125
10,0.38333333333333197,0.2960205078125,0.68359375,10.4901123046875
11,0.12499999999999956,0.1767578125,1.28656005859375,4.62933349609375
11,0.13333333333333286,0.1796875,1.27899169921875,4.8604736328125
10,0.39166666666666528,0.2991943359375,0.65423583984375,10.67156982421875
10,0.39999999999999858,0.30230712890625,0.624267578125,10.85302734375
11,0.14166666666666616,0.18255615234375,1.27081298828125,5.0858154296875
11,0.14999999999999947,0.185302734375,1.26202392578125,5.30523681640625
10,0.40833333333333188,0.305419921875,0.593505859375,11.03448486328125
10,0.41666666666666519,0.30859375,0.56219482421875,11.2159423828125
11,0.15833333333333277,0.18804931640625,1.25262451171875,5.51885986328125
11,0.16666666666666607,0.190673828125,1.24267578125,5.72662353515625
10,0.42499999999999849,0.31170654296875,0.5301513671875,11.3973388671875
10,0.43333333333333179,0.3148193359375,0.49737548828125,11.57879638671875
11,0.17499999999999938,0.1932373046875,1.2320556640625,5.92852783203125
11,0.18333333333333268,0.19573974609375,1.22076416015625,6.1246337890625
10,0.4416666666666651,0.3179931640625,0.46392822265625,11.76025390625
10,0.4499999999999984,0.32110595703125,0.4298095703125,11.94171142578125
11,0.19166666666666599,0.1981201171875,1.20892333984375,6.31488037109375
11,0.19999999999999929,0.20050048828125,1.19647216796875,6.499267578125
10,0.45833333333333171,0.32421875,0.39508056640625,12.1231689453125
10,0.466666666666665,0.327392578125,0.359619140625,12.3045654296875
11,0.20833333333333259,0.2027587890625,1.18328857421875,6.68072509765625
11,0.2166666666666659,0.205078125,1.16949462890625,6.86224365234375
10,0.47499999999999831,0.33050537109375,0.32342529296875,12.48602294921875
10,0.48333333333333162,0.3336181640625,0.28662109375,12.66748046875
11,0.2249999999999992,0.2073974609375,1.15496826171875,7.043701171875
11,0.2333333333333325,0.209716796875,1.13983154296875,7.22515869140625
10,0.49166666666666492,0.3367919921875,0.2491455078125,12.84893798828125
10,0.49999999999999822,0.33990478515625,0.2109375,13.0303955078125
11,0.24166666666666581,0.2120361328125,1.12396240234375,7.40667724609375
11,0.24999999999999911,0.21429443359375,1.107421875,7.588134765625
10,0.50833333333333153,0.343017578125,0.172119140625,13.2117919921875
10,0.51666666666666483,0.34613037109375,0.132568359375,13.39324951171875
12,0,0.12615966796875,1.34503173828125,0.6480712890625
11,0.25833333333333242,0.21661376953125,1.0902099609375,7.76959228515625
11,0.26666666666666572,0.21893310546875,1.07232666015625,7.9510498046875
10,0.52499999999999813,0.34930419921875,0.09228515625,13.57470703125
10,0.53333333333333144,0.3524169921875,0.0513916015625,13.75616455078125
12,0.0083333333333333037,0.12371826171875,1.3406982421875,0.92303466796875
12,0.016666666666666607,0.121337890625,1.33642578125,1.197998046875
11,0.274999999999999,0.22125244140625,1.05377197265625,8.132568359375
11,0.28333333333333233,0.2235107421875,1.034423828125,8.31402587890625
10,0.53861436951808817,0.3543701171875,0,13.87115478515625
12,0.024999999999999911,0.118896484375,1.33209228515625,1.47296142578125
12,0.033333333333333215,0.116455078125,1.3277587890625,1.74786376953125
11,0.29166666666666563,0.225830078125,1.0145263671875,8.4954833984375
11,0.29999999999999893,0.2281494140625,0.993896484375,8.677001953125
12,0.041666666666666519,0.114013671875,1.323486328125,2.0228271484375
12,0.049999999999999822,0.11163330078125,1.31915283203125,2.29779052734375
11,0.30833333333333224,0.23046875,0.97259521484375,8.85845947265625
11,0.31666666666666554,0.23272705078125,0.9505615234375,9.0399169921875
12,0.058333333333333126,0.10919189453125,1.3148193359375,2.57275390625
12,0.06666666666666643,0.10675048828125,1.310546875,2.84771728515625
11,0.32499999999999885,0.23504638671875,0.92791748046875,9.221435546875
11,0.33333333333333215,0.23736572265625,0.90460205078125,9.40289306640625
12,0.074999999999999734,0.1043701171875,1.305908203125,3.1197509765625
12,0.083333333333333037,0.10198974609375,1.30072021484375,3.38592529296875
11,0.34166666666666545,0.23968505859375,0.880615234375,9.5843505859375
11,0.34999999999999876,0.241943359375,0.8558349609375,9.76580810546875
12,0.091666666666666341,0.0997314453125,1.29498291015625,3.64630126953125
12,0.099999999999999645,0.09747314453125,1.28857421875,3.90081787109375
11,0.35833333333333206,0.2442626953125,0.8304443359375,9.94732666015625
11,0.36666666666666536,0.24658203125,0.804443359375,10.1287841796875
12,0.10833333333333295,0.09527587890625,1.2816162109375,4.14947509765625
12,0.11666666666666625,0.0931396484375,1.2740478515625,4.39227294921875
11,0.37499999999999867,0.2489013671875,0.7777099609375,10.31024169921875
11,0.38333333333333197,0.251220703125,0.750244140625,10.49176025390625
12,0.12499999999999956,0.091064453125,1.26593017578125,4.6292724609375
12,0.13333333333333286,0.0889892578125,1.2572021484375,4.86041259765625
11,0.39166666666666528,0.25347900390625,0.72210693359375,10.6732177734375
11,0.39999999999999858,0.25579833984375,0.693359375,10.85467529296875
12,0.14166666666666616,0.0870361328125,1.24786376953125,5.085693359375
12,0.14999999999999947,0.0850830078125,1.2379150390625,5.30511474609375
11,0.40833333333333188,0.25811767578125,0.66387939453125,11.0361328125
11,0.41666666666666519,0.26043701171875,0.63372802734375,11.2176513671875
12,0.15833333333333277,0.08319091796875,1.2274169921875,5.51873779296875
12,0.16666666666666607,0.08135986328125,1.21636962890625,5.72650146484375
11,0.42499999999999849,0.2626953125,0.6029052734375,11.39910888671875
11,0.43333333333333179,0.2650146484375,0.5714111328125,11.58056640625
12,0.17499999999999938,0.07958984375,1.2047119140625,5.92840576171875
12,0.18333333333333268,0.07781982421875,1.19244384765625,6.12451171875
11,0.4416666666666651,0.267333984375,0.5391845703125,11.7620849609375
11,0.4499999999999984,0.2696533203125,0.50628662109375,11.94354248046875
12,0.19166666666666599,0.076171875,1.17962646484375,6.31475830078125
12,0.19999999999999929,0.07452392578125,1.1661376953125,6.4991455078125
11,0.45833333333333171,0.27191162109375,0.4727783203125,12.125
11,0.466666666666665,0.27423095703125,0.43853759765625,12.3065185546875
12,0.20833333333333259,0.07293701171875,1.152099609375,6.68060302734375
12,0.2166666666666659,0.07135009765625,1.1373291015625,6.862060546875
11,0.47499999999999831,0.27655029296875,0.40362548828125,12.48797607421875
11,0.48333333333333162,0.27886962890625,0.3680419921875,12.66943359375
12,0.2249999999999992,0.06976318359375,1.12188720703125,7.04351806640625
12,0.2333333333333325,0.068115234375,1.10577392578125,7.2249755859375
11,0.49166666666666492,0.28118896484375,0.33172607421875,12.85089111328125
11,0.49999999999999822,0.283447265625,0.2947998046875,13.03240966796875
12,0.24166666666666581,0.0665283203125,1.08892822265625,7.406494140625
12,0.24999999999999911,0.06494140625,1.071533203125,7.58795166015625
11,0.50833333333333153,0.2857666015625,0.2572021484375,13.2138671875
11,0.51666666666666483,0.2880859375,0.2188720703125,13.39532470703125
13,0,0.12615966796875,1.34503173828125,0.6480712890625
12,0.25833333333333242,0.0633544921875,1.0533447265625,7.7694091796875
12,0.26666666666666572,0.06170654296875,1.03448486328125,7.95086669921875
11,0.52499999999999813,0.2904052734375,0.1798095703125,13.57684326171875
11,0.53333333333333144,0.29266357421875,0.14013671875,13.75830078125
13,0.0083333333333333037,0.12646484375,1.34246826171875,0.92303466796875
13,0.016666666666666607,0.12677001953125,1.33984375,1.19805908203125
12,0.274999999999999,0.06011962890625,1.0150146484375,8.13238525390625
12,0.28333333333333233,0.05853271484375,0.9947509765625,8.3138427734375
11,0.54166666666666474,0.29498291015625,0.09979248046875,13.93975830078125
11,0.549999999999998,0.29730224609375,0.05877685546875,14.1212158203125
13,0.024999999999999911,0.1270751953125,1.3372802734375,1.4730224609375
13,0.033333333333333215,0.12738037109375,1.33465576171875,1.748046875
12,0.29166666666666563,0.05694580078125,0.973876953125,8.49530029296875
12,0.29999999999999893,0.0552978515625,0.95233154296875,8.6767578125
11,0.55673976612514253,0.2991943359375,0,14.26800537109375
13,0.041666666666666519,0.127685546875,1.33209228515625,2.02301025390625
13,0.049999999999999822,0.12799072265625,1.3294677734375,2.2979736328125
12,0.30833333333333224,0.0537109375,0.9300537109375,8.85821533203125
12,0.31666666666666554,0.0521240234375,0.90716552734375,9.03973388671875
13,0.058333333333333126,0.12835693359375,1.326904296875,2.572998046875
13,0.06666666666666643,0.128662109375,1.3243408203125,2.84796142578125
12,0.32499999999999885,0.050537109375,0.883544921875,9.22119140625
12,0.33333333333333215,0.04888916015625,0.8592529296875,9.40264892578125
13,0.074999999999999734,0.12896728515625,1.3214111328125,3.12005615234375
13,0.083333333333333037,0.1292724609375,1.31787109375,3.38623046875
12,0.34166666666666545,0.04730224609375,0.8343505859375,9.5841064453125
12,0.34999999999999876,0.04571533203125,0.80865478515625,9.765625
13,0.091666666666666341,0.1295166015625,1.313720703125,3.64666748046875
13,0.099999999999999645,0.12982177734375,1.3089599609375,3.90118408203125
12,0.35833333333333206,0.04412841796875,0.78228759765625,9.94708251953125
12,0.36666666666666536,0.04254150390625,0.75537109375,10.1285400390625
13,0.10833333333333295,0.130126953125,1.3035888671875,4.14984130859375
13,0.11666666666666625,0.13037109375,1.2974853515625,4.3927001953125
12,0.37499999999999867,0.0408935546875,0.7276611328125,10.30999755859375
12,0.38333333333333197,0.039306640625,0.6993408203125,10.491455078125
13,0.12499999999999956,0.130615234375,1.2908935546875,4.62969970703125
13,0.13333333333333286,0.13092041015625,1.2835693359375,4.86090087890625
12,0.39166666666666528,0.0377197265625,0.67022705078125,10.6729736328125
12,0.39999999999999858,0.0361328125,0.6405029296875,10.85443115234375
13,0.14166666666666616,0.13116455078125,1.275634765625,5.086181640625
13,0.14999999999999947,0.13140869140625,1.26708984375,5.3056640625
12,0.40833333333333188,0.03448486328125,0.610107421875,11.035888671875
12,0.41666666666666519,0.03289794921875,0.57904052734375,11.21734619140625
13,0.15833333333333277,0.13165283203125,1.2579345703125,5.519287109375
13,0.16666666666666607,0.13189697265625,1.2481689453125,5.72711181640625
12,0.42499999999999849,0.03131103515625,0.5472412109375,11.3988037109375
12,0.43333333333333179,0.02972412109375,0.51483154296875,11.580322265625
13,0.17499999999999938,0.132080078125,1.23779296875,5.92901611328125
13,0.18333333333333268,0.13232421875,1.22674560546875,6.1251220703125
12,0.4416666666666651,0.028076171875,0.48162841796875,11.76177978515625
12,0.4499999999999984,0.0264892578125,0.44781494140625,11.9432373046875
13,0.19166666666666599,0.132568359375,1.215087890625,6.31536865234375
13,0.19999999999999929,0.13275146484375,1.20281982421875,6.49981689453125
12,0.45833333333333171,0.02490234375,0.41339111328125,12.12469482421875
12,0.466666666666665,0.0233154296875,0.378173828125,12.30621337890625
13,0.20833333333333259,0.1329345703125,1.18988037109375,6.6812744140625
13,0.2166666666666659,0.1331787109375,1.17626953125,6.86279296875
12,0.47499999999999831,0.021728515625,0.34234619140625,12.4876708984375
12,0.48333333333333162,0.02008056640625,0.3057861328125,12.66912841796875
13,0.2249999999999992,0.13336181640625,1.16192626953125,7.0443115234375
13,0.2333333333333325,0.133544921875,1.14697265625,7.22576904296875
12,0.49166666666666492,0.01849365234375,0.2685546875,12.8505859375
12,0.49999999999999822,0.01690673828125,0.230712890625,13.03204345703125
13,0.24166666666666581,0.1337890625,1.13128662109375,7.40728759765625
13,0.24999999999999911,0.13397216796875,1.114990234375,7.5887451171875
12,0.50833333333333153,0.01531982421875,0.192138671875,13.21356201171875
12,0.51666666666666483,0.013671875,0.15283203125,13.39501953125
14,0,0.12615966796875,1.34503173828125,0.6480712890625
13,0.25833333333333242,0.1341552734375,1.09796142578125,7.770263671875
13,0.26666666666666572,0.1343994140625,1.08026123046875,7.95172119140625
12,0.52499999999999813,0.0120849609375,0.1129150390625,13.57647705078125
12,0.53333333333333144,0.010498046875,0.072265625,13.7579345703125
14,0.0083333333333333037,0.125244140625,1.347412109375,0.92303466796875
14,0.016666666666666607,0.12432861328125,1.349853515625,1.19805908203125
13,0.274999999999999,0.13458251953125,1.0618896484375,8.13323974609375
13,0.28333333333333233,0.134765625,1.04278564453125,8.314697265625
12,0.54166666666666474,0.0089111328125,0.03094482421875,13.93939208984375
12,0.54284570573774948,0.0086669921875,0,13.965087890625
14,0.024999999999999911,0.12335205078125,1.35223388671875,1.4730224609375
14,0.033333333333333215,0.1224365234375,1.3546142578125,1.748046875
13,0.29166666666666563,0.135009765625,1.0230712890625,8.4962158203125
13,0.29999999999999893,0.13519287109375,1.00262451171875,8.677734375
14,0.041666666666666519,0.12152099609375,1.3570556640625,2.02301025390625
14,0.049999999999999822,0.12060546875,1.35943603515625,2.2979736328125
13,0.30833333333333224,0.13543701171875,0.98150634765625,8.85919189453125
13,0.31666666666666554,0.1356201171875,0.959716796875,9.04071044921875
14,0.058333333333333126,0.11968994140625,1.36181640625,2.572998046875
14,0.06666666666666643,0.11871337890625,1.3642578125,2.84796142578125
13,0.32499999999999885,0.13580322265625,0.937255859375,9.22216796875
13,0.33333333333333215,0.13604736328125,0.91412353515625,9.4036865234375
14,0.074999999999999734,0.1177978515625,1.36627197265625,3.12005615234375
14,0.083333333333333037,0.116943359375,1.36761474609375,3.38629150390625
13,0.34166666666666545,0.13623046875,0.89031982421875,9.58514404296875
13,0.34999999999999876,0.13641357421875,0.86578369140625,9.76666259765625
14,0.091666666666666341,0.11602783203125,1.3681640625,3.64666748046875
14,0.099999999999999645,0.11517333984375,1.36798095703125,3.90118408203125
13,0.35833333333333206,0.13665771484375,0.840576171875,9.94818115234375
13,0.36666666666666536,0.1368408203125,0.81475830078125,10.129638671875
14,0.10833333333333295,0.11431884765625,1.36712646484375,4.14984130859375
14,0.11666666666666625,0.113525390625,1.365478515625,4.3927001953125
13,0.37499999999999867,0.13702392578125,0.7882080078125,10.3111572265625
13,0.38333333333333197,0.13726806640625,0.760986328125,10.49261474609375
14,0.12499999999999956,0.11273193359375,1.36309814453125,4.62969970703125
14,0.13333333333333286,0.1119384765625,1.36004638671875,4.86090087890625
13,0.39166666666666528,0.137451171875,0.7330322265625,10.67413330078125
13,0.39999999999999858,0.13763427734375,0.7044677734375,10.8555908203125
14,0.14166666666666616,0.11114501953125,1.356201171875,5.086181640625
14,0.14999999999999947,0.11041259765625,1.35162353515625,5.3056640625
13,0.40833333333333188,0.13787841796875,0.6751708984375,11.037109375
13,0.41666666666666519,0.1380615234375,0.645263671875,11.21856689453125
14,0.15833333333333277,0.1097412109375,1.34637451171875,5.519287109375
14,0.16666666666666607,0.1090087890625,1.34033203125,5.72711181640625
13,0.42499999999999849,0.13824462890625,0.6146240234375,11.40008544921875
13,0.43333333333333179,0.13848876953125,0.58331298828125,11.58160400390625
14,0.17499999999999938,0.10833740234375,1.3336181640625,5.92901611328125
14,0.18333333333333268,0.107666015625,1.32611083984375,6.1251220703125
13,0.4416666666666651,0.138671875,0.55126953125,11.7630615234375
13,0.4499999999999984,0.13885498046875,0.51861572265625,11.944580078125
14,0.19166666666666599,0.10699462890625,1.3179931640625,6.3154296875
14,0.19999999999999929,0.10638427734375,1.30902099609375,6.49981689453125
13,0.45833333333333171,0.13909912109375,0.48529052734375,12.12603759765625
13,0.466666666666665,0.1392822265625,0.45123291015625,12.30755615234375
14,0.20833333333333259,0.10577392578125,1.29937744140625,6.68133544921875
14,0.2166666666666659,0.10516357421875,1.2890625,6.86279296875
13,0.47499999999999831,0.13946533203125,0.41650390625,12.489013671875
13,0.48333333333333162,0.13970947265625,0.381103515625,12.6705322265625
14,0.2249999999999992,0.10455322265625,1.27801513671875,7.0443115234375
14,0.2333333333333325,0.10394287109375,1.266357421875,7.22576904296875
13,0.49166666666666492,0.139892578125,0.34503173828125,12.85205078125
13,0.49999999999999822,0.14013671875,0.30828857421875,13.03350830078125
14,0.24166666666666581,0.10333251953125,1.25396728515625,7.40728759765625
14,0.24999999999999911,0.10272216796875,1.240966796875,7.5887451171875
13,0.50833333333333153,0.14031982421875,0.2708740234375,13.21502685546875
13,0.51666666666666483,0.1405029296875,0.23272705078125,13.396484375
15,0,0.12615966796875,1.34503173828125,0.6480712890625
14,0.25833333333333242,0.10211181640625,1.22723388671875,7.770263671875
14,0.26666666666666572,0.10150146484375,1.21282958984375,7.9517822265625
13,0.52499999999999813,0.1407470703125,0.19390869140625,13.5780029296875
13,0.53333333333333144,0.14093017578125,0.1544189453125,13.75946044921875
15,0.0083333333333333037,0.1341552734375,1.345703125,0.9229736328125
15,0.016666666666666607,0.14215087890625,1.34637451171875,1.19781494140625
14,0.274999999999999,0.10089111328125,1.19775390625,8.13323974609375
14,0.28333333333333233,0.10028076171875,1.18194580078125,8.31475830078125
13,0.54166666666666474,0.14111328125,0.1142578125,13.94097900390625
13,0.549999999999998,0.141357421875,0.07342529296875,14.1224365234375
15,0.024999999999999911,0.150146484375,1.3470458984375,1.47271728515625
15,0.033333333333333215,0.158203125,1.34771728515625,1.74761962890625
14,0.29166666666666563,0.09967041015625,1.16546630859375,8.4962158203125
14,0.29999999999999893,0.09906005859375,1.1483154296875,8.677734375
13,0.55833333333333135,0.14154052734375,0.03192138671875,14.303955078125
13,0.55969850435300261,0.14154052734375,0,14.33367919921875
15,0.041666666666666519,0.16619873046875,1.348388671875,2.0224609375
15,0.049999999999999822,0.1741943359375,1.34906005859375,2.29736328125
14,0.30833333333333224,0.09844970703125,1.1304931640625,8.85919189453125
14,0.31666666666666554,0.09783935546875,1.11199951171875,9.04071044921875
15,0.058333333333333126,0.18218994140625,1.3497314453125,2.572265625
15,0.06666666666666643,0.190185546875,1.35040283203125,2.84710693359375
14,0.32499999999999885,0.09722900390625,1.09283447265625,9.22216796875
14,0.33333333333333215,0.09661865234375,1.072998046875,9.4036865234375
15,0.074999999999999734,0.1981201171875,1.3507080078125,3.11907958984375
15,0.083333333333333037,0.20587158203125,1.350341796875,3.38519287109375
14,0.34166666666666545,0.09600830078125,1.052490234375,9.585205078125
14,0.34999999999999876,0.09539794921875,1.03125,9.76666259765625
15,0.091666666666666341,0.21343994140625,1.34930419921875,3.6455078125
15,0.099999999999999645,0.2208251953125,1.3475341796875,3.89996337890625
14,0.35833333333333206,0.0947265625,1.00933837890625,9.94818115234375
14,0.36666666666666536,0.0941162109375,0.98681640625,10.129638671875
15,0.10833333333333295,0.22808837890625,1.3450927734375,4.1485595703125
15,0.11666666666666625,0.23516845703125,1.3419189453125,4.39129638671875
14,0.37499999999999867,0.093505859375,0.96356201171875,10.3111572265625
14,0.38333333333333197,0.0928955078125,0.93963623046875,10.49261474609375
15,0.12499999999999956,0.2420654296875,1.33807373046875,4.628173828125
15,0.13333333333333286,0.248779296875,1.33349609375,4.8592529296875
14,0.39166666666666528,0.09228515625,0.91497802734375,10.67413330078125
14,0.39999999999999858,0.0916748046875,0.88970947265625,10.85565185546875
15,0.14166666666666616,0.25537109375,1.3282470703125,5.08453369140625
15,0.14999999999999947,0.26171875,1.32232666015625,5.30389404296875
14,0.40833333333333188,0.091064453125,0.86370849609375,11.037109375
14,0.41666666666666519,0.0904541015625,0.83709716796875,11.2186279296875
15,0.15833333333333277,0.2679443359375,1.31573486328125,5.5174560546875
15,0.16666666666666607,0.27398681640625,1.30841064453125,5.72515869140625
14,0.42499999999999849,0.08984375,0.80975341796875,11.40008544921875
14,0.43333333333333179,0.0892333984375,0.78173828125,11.58160400390625
15,0.17499999999999938,0.2799072265625,1.3004150390625,5.927001953125
15,0.18333333333333268,0.28558349609375,1.29168701171875,6.123046875
14,0.4416666666666651,0.088623046875,0.75299072265625,11.7630615234375
14,0.4499999999999984,0.0880126953125,0.7236328125,11.944580078125
15,0.19166666666666599,0.2911376953125,1.28228759765625,6.313232421875
15,0.19999999999999929,0.2965087890625,1.272216796875,6.49755859375
14,0.45833333333333171,0.08740234375,0.693603515625,12.1260986328125
14,0.466666666666665,0.0867919921875,0.662841796875,12.30755615234375
15,0.20833333333333259,0.3017578125,1.26141357421875,6.67901611328125
15,0.2166666666666659,0.30706787109375,1.24993896484375,6.86041259765625
14,0.47499999999999831,0.086181640625,0.63140869140625,12.48907470703125
14,0.48333333333333162,0.0855712890625,0.5992431640625,12.6705322265625
15,0.2249999999999992,0.31231689453125,1.23773193359375,7.0418701171875
15,0.2333333333333325,0.317626953125,1.2249755859375,7.2232666015625
14,0.49166666666666492,0.0849609375,0.56646728515625,12.85205078125
14,0.49999999999999822,0.0843505859375,0.53302001953125,13.03350830078125
15,0.24166666666666581,0.3228759765625,1.21142578125,7.4046630859375
15,0.24999999999999911,0.32818603515625,1.197265625,7.58612060546875
14,0.50833333333333153,0.083740234375,0.4989013671875,13.21502685546875
14,0.51666666666666483,0.0831298828125,0.46405029296875,13.396484375
16,0,0.12615966796875,1.34503173828125,0.6480712890625
15,0.25833333333333242,0.33349609375,1.182373046875,7.76751708984375
15,0.26666666666666572,0.3387451171875,1.1668701171875,7.948974609375
14,0.52499999999999813,0.08251953125,0.42852783203125,13.5780029296875
14,0.53333333333333144,0.0819091796875,0.392333984375,13.759521484375
16,0.0083333333333333037,0.12506103515625,1.342041015625,0.92303466796875
16,0.016666666666667052,0.12396240234375,1.339111328125,1.19805908203125
15,0.274999999999999,0.34405517578125,1.150634765625,8.13037109375
15,0.28333333333333277,0.34930419921875,1.1336669921875,8.31182861328125
14,0.54166666666666474,0.081298828125,0.35546875,13.94097900390625
14,0.54999999999999849,0.0806884765625,0.31793212890625,14.12249755859375
16,0.0250000000000008,0.1229248046875,1.33612060546875,1.4730224609375
16,0.033333333333333659,0.121826171875,1.3331298828125,1.74798583984375
15,0.29166666666666652,0.3546142578125,1.1160888671875,8.49322509765625
15,0.30000000000000027,0.35986328125,1.09783935546875,8.67462158203125
14,0.55833333333333224,0.08001708984375,0.27972412109375,14.303955078125
14,0.566666666666666,0.07940673828125,0.2408447265625,14.4854736328125
16,0.041666666666667407,0.1207275390625,1.33013916015625,2.02301025390625
16,0.050000000000000266,0.11962890625,1.32720947265625,2.2979736328125
15,0.308333333333334,0.36517333984375,1.078857421875,8.8560791015625
15,0.31666666666666687,0.37042236328125,1.0592041015625,9.0374755859375
14,0.57499999999999973,0.07879638671875,0.20123291015625,14.66693115234375
14,0.58333333333333348,0.07818603515625,0.16094970703125,14.84844970703125
16,0.058333333333334014,0.11859130859375,1.32421875,2.57293701171875
16,0.066666666666666874,0.11749267578125,1.32122802734375,2.847900390625
15,0.32500000000000062,0.375732421875,1.03887939453125,9.21893310546875
15,0.33333333333333348,0.38104248046875,1.0179443359375,9.40032958984375
14,0.59166666666666723,0.07757568359375,0.1199951171875,15.02996826171875
14,0.60000000000000009,0.07696533203125,0.078369140625,15.21142578125
16,0.075000000000000622,0.11639404296875,1.31793212890625,3.1199951171875
16,0.083333333333333481,0.1153564453125,1.3140869140625,3.38623046875
15,0.34166666666666723,0.38629150390625,0.99627685546875,9.581787109375
15,0.35000000000000009,0.3916015625,0.973876953125,9.76318359375
14,0.60833333333333384,0.07635498046875,0.03607177734375,15.3929443359375
14,0.61047821941849922,0.076171875,0,15.43963623046875
16,0.091666666666667229,0.11431884765625,1.3095703125,3.64654541015625
16,0.10000000000000009,0.11334228515625,1.304443359375,3.901123046875
15,0.35833333333333384,0.3968505859375,0.9508056640625,9.944580078125
15,0.3666666666666667,0.40216064453125,0.92718505859375,10.12603759765625
16,0.10833333333333384,0.11236572265625,1.29864501953125,4.1497802734375
16,0.1166666666666667,0.11138916015625,1.292236328125,4.39263916015625
15,0.37500000000000044,0.40740966796875,0.90277099609375,10.30743408203125
15,0.3833333333333333,0.4127197265625,0.877685546875,10.4888916015625
16,0.12500000000000044,0.1104736328125,1.2852783203125,4.629638671875
16,0.13333333333333419,0.10955810546875,1.27764892578125,4.86077880859375
15,0.39166666666666705,0.41796875,0.85186767578125,10.6702880859375
15,0.4000000000000008,0.42327880859375,0.82550048828125,10.85174560546875
16,0.14166666666666794,0.108642578125,1.26947021484375,5.08612060546875
16,0.1500000000000008,0.1077880859375,1.2606201171875,5.30560302734375
15,0.40833333333333455,0.4285888671875,0.79833984375,11.03314208984375
15,0.41666666666666741,0.433837890625,0.77056884765625,11.21453857421875
16,0.15833333333333455,0.10693359375,1.25115966796875,5.51922607421875
16,0.16666666666666741,0.10614013671875,1.2410888671875,5.72698974609375
15,0.42500000000000115,0.43914794921875,0.7420654296875,11.39599609375
15,0.433333333333334,0.44439697265625,0.71295166015625,11.577392578125
16,0.17500000000000115,0.1053466796875,1.23040771484375,5.928955078125
16,0.18333333333333401,0.10455322265625,1.21905517578125,6.125
15,0.44166666666666776,0.44970703125,0.68304443359375,11.75885009765625
15,0.45000000000000062,0.4549560546875,0.65252685546875,11.94024658203125
16,0.19166666666666776,0.10382080078125,1.20721435546875,6.31524658203125
16,0.20000000000000062,0.10308837890625,1.19464111328125,6.49969482421875
15,0.45833333333333437,0.46026611328125,0.621337890625,12.1217041015625
15,0.46666666666666723,0.46551513671875,0.5894775390625,12.3031005859375
16,0.20833333333333437,0.10235595703125,1.18145751953125,6.68115234375
16,0.21666666666666723,0.10162353515625,1.1676025390625,6.8626708984375
15,0.475000000000001,0.4708251953125,0.556884765625,12.4844970703125
15,0.48333333333333384,0.47613525390625,0.52362060546875,12.66595458984375
16,0.22500000000000098,0.1009521484375,1.15301513671875,7.04412841796875
16,0.23333333333333384,0.1002197265625,1.13775634765625,7.22564697265625
15,0.49166666666666758,0.48138427734375,0.48968505859375,12.84735107421875
15,0.50000000000000044,0.4866943359375,0.45513916015625,13.02880859375
16,0.24166666666666758,0.0994873046875,1.121826171875,7.4071044921875
16,0.25000000000000044,0.09881591796875,1.10528564453125,7.588623046875
15,0.50833333333333419,0.491943359375,0.41986083984375,13.210205078125
15,0.516666666666667,0.49725341796875,0.38385009765625,13.3916015625
17,0,0.12615966796875,1.34503173828125,0.6480712890625
16,0.25833333333333419,0.09808349609375,1.0880126953125,7.77008056640625
16,0.26666666666666705,0.09735107421875,1.070068359375,7.95159912109375
15,0.5250000000000008,0.50250244140625,0.34716796875,13.57305908203125
15,0.53333333333333366,0.5078125,0.30987548828125,13.75445556640625
17,0.0083333333333337478,0.1346435546875,1.34521484375,0.92291259765625
17,0.016666666666666607,0.14312744140625,1.3453369140625,1.19781494140625
16,0.2750000000000008,0.09661865234375,1.05145263671875,8.133056640625
16,0.28333333333333366,0.095947265625,1.03204345703125,8.3145751953125
15,0.54166666666666741,0.5130615234375,0.2718505859375,13.9359130859375
15,0.55000000000000027,0.51837158203125,0.233154296875,14.1173095703125
17,0.025000000000000355,0.151611328125,1.34552001953125,1.47265625
17,0.033333333333333215,0.16009521484375,1.34564208984375,1.74755859375
16,0.29166666666666741,0.09521484375,1.0120849609375,8.49603271484375
16,0.30000000000000027,0.094482421875,0.99139404296875,8.67755126953125
15,0.558333333333334,0.523681640625,0.19378662109375,14.29876708984375
15,0.56666666666666687,0.5289306640625,0.15380859375,14.48016357421875
17,0.041666666666666963,0.1685791015625,1.3458251953125,2.02239990234375
17,0.049999999999999822,0.17706298828125,1.345947265625,2.29730224609375
16,0.308333333333334,0.09375,0.97003173828125,8.8590087890625
16,0.31666666666666687,0.09307861328125,0.947998046875,9.04052734375
15,0.57500000000000062,0.53424072265625,0.113037109375,14.66156005859375
15,0.58333333333333348,0.53948974609375,0.07159423828125,14.843017578125
17,0.05833333333333357,0.18548583984375,1.34613037109375,2.5721435546875
17,0.06666666666666643,0.1939697265625,1.34625244140625,2.8470458984375
16,0.32500000000000062,0.09234619140625,0.92529296875,9.22198486328125
16,0.33333333333333348,0.09161376953125,0.90185546875,9.40350341796875
15,0.59166666666666723,0.5447998046875,0.02947998046875,15.0244140625
15,0.5925380949949659,0.54534912109375,0,15.04339599609375
17,0.075000000000000178,0.202392578125,1.3460693359375,3.11895751953125
17,0.083333333333333037,0.2105712890625,1.34521484375,3.38507080078125
16,0.34166666666666723,0.0909423828125,0.8778076171875,9.5849609375
16,0.35000000000000009,0.0902099609375,0.85302734375,9.7664794921875
17,0.091666666666666785,0.2186279296875,1.34368896484375,3.64532470703125
17,0.099999999999999645,0.2264404296875,1.3414306640625,3.8997802734375
16,0.35833333333333384,0.0894775390625,0.82757568359375,9.94793701171875
16,0.3666666666666667,0.0887451171875,0.801513671875,10.12945556640625
17,0.10833333333333339,0.234130859375,1.33856201171875,4.14837646484375
17,0.11666666666666714,0.24163818359375,1.33489990234375,4.39111328125
16,0.37500000000000044,0.08807373046875,0.77471923828125,10.3109130859375
16,0.38333333333333419,0.08734130859375,0.7471923828125,10.492431640625
17,0.12500000000000089,0.2489013671875,1.33062744140625,4.62799072265625
17,0.13333333333333375,0.25604248046875,1.32562255859375,4.85906982421875
16,0.39166666666666794,0.08660888671875,0.718994140625,10.67388916015625
16,0.4000000000000008,0.0859375,0.690185546875,10.85540771484375
17,0.1416666666666675,0.26300048828125,1.3199462890625,5.08428955078125
17,0.15000000000000036,0.269775390625,1.3135986328125,5.30364990234375
16,0.40833333333333455,0.085205078125,0.66064453125,11.036865234375
16,0.41666666666666741,0.08447265625,0.6304931640625,11.2183837890625
17,0.1583333333333341,0.2763671875,1.30657958984375,5.5172119140625
17,0.16666666666666696,0.28277587890625,1.29888916015625,5.72491455078125
16,0.42500000000000115,0.083740234375,0.599609375,11.39984130859375
16,0.433333333333334,0.08306884765625,0.5679931640625,11.58135986328125
17,0.17500000000000071,0.28900146484375,1.29052734375,5.9267578125
17,0.18333333333333357,0.2950439453125,1.28143310546875,6.122802734375
16,0.44166666666666776,0.08233642578125,0.53570556640625,11.7628173828125
16,0.45000000000000062,0.08160400390625,0.5028076171875,11.9443359375
17,0.19166666666666732,0.3009033203125,1.271728515625,6.31292724609375
17,0.20000000000000018,0.30657958984375,1.26123046875,6.497314453125
16,0.45833333333333437,0.08087158203125,0.46923828125,12.12579345703125
16,0.46666666666666723,0.0802001953125,0.4349365234375,12.30731201171875
17,0.20833333333333393,0.31219482421875,1.2501220703125,6.6787109375
17,0.21666666666666679,0.31781005859375,1.23834228515625,6.860107421875
16,0.475000000000001,0.0794677734375,0.39996337890625,12.48876953125
16,0.48333333333333384,0.0787353515625,0.36431884765625,12.6702880859375
17,0.22500000000000053,0.3233642578125,1.22576904296875,7.04150390625
17,0.23333333333333339,0.3289794921875,1.212646484375,7.22296142578125
16,0.49166666666666758,0.07806396484375,0.32794189453125,12.85174560546875
16,0.50000000000000044,0.07733154296875,0.29095458984375,13.03326416015625
17,0.24166666666666714,0.3345947265625,1.19879150390625,7.40435791015625
17,0.25,0.34014892578125,1.18426513671875,7.58575439453125
16,0.50833333333333419,0.07659912109375,0.2532958984375,13.2147216796875
16,0.516666666666667,0.07586669921875,0.21490478515625,13.396240234375
18,0,0.12615966796875,1.34503173828125,0.6480712890625
17,0.25833333333333375,0.34576416015625,1.1690673828125,7.7672119140625
17,0.26666666666666661,0.35137939453125,1.1531982421875,7.9486083984375
16,0.5250000000000008,0.0751953125,0.17584228515625,13.57769775390625
16,0.53333333333333366,0.074462890625,0.1361083984375,13.75921630859375
18,0.0083333333333337478,0.1270751953125,1.34918212890625,0.92303466796875
18,0.016666666666666607,0.12799072265625,1.3533935546875,1.197998046875
17,0.27500000000000036,0.35693359375,1.13665771484375,8.1300048828125
17,0.28333333333333321,0.362548828125,1.11932373046875,8.3114013671875
16,0.54166666666666741,0.07373046875,0.09564208984375,13.940673828125
16,0.55000000000000027,0.072998046875,0.0545654296875,14.1221923828125
18,0.025000000000000355,0.12896728515625,1.3575439453125,1.47296142578125
18,0.033333333333333215,0.1298828125,1.36175537109375,1.7479248046875
17,0.29166666666666696,0.3681640625,1.1014404296875,8.49285888671875
17,0.29999999999999982,0.37371826171875,1.08282470703125,8.67425537109375
16,0.5558991231650382,0.072509765625,0,14.25067138671875
18,0.041666666666666963,0.13079833984375,1.36590576171875,2.02288818359375
18,0.049999999999999822,0.1317138671875,1.37005615234375,2.2978515625
17,0.30833333333333357,0.37933349609375,1.0634765625,8.85565185546875
17,0.31666666666666643,0.38494873046875,1.04351806640625,9.037109375
18,0.05833333333333357,0.1326904296875,1.374267578125,2.57281494140625
18,0.06666666666666643,0.13360595703125,1.37841796875,2.8477783203125
17,0.32500000000000018,0.3905029296875,1.02288818359375,9.218505859375
17,0.33333333333333304,0.3961181640625,1.00152587890625,9.39990234375
18,0.075000000000000178,0.134521484375,1.3822021484375,3.119873046875
18,0.083333333333333037,0.13543701171875,1.38525390625,3.38604736328125
17,0.34166666666666679,0.4017333984375,0.97955322265625,9.581298828125
17,0.34999999999999964,0.40728759765625,0.95684814453125,9.76275634765625
18,0.091666666666666785,0.13629150390625,1.38751220703125,3.64642333984375
18,0.10000000000000053,0.13714599609375,1.38897705078125,3.90093994140625
17,0.35833333333333339,0.41290283203125,0.93341064453125,9.94415283203125
17,0.36666666666666714,0.41851806640625,0.909423828125,10.12554931640625
18,0.10833333333333428,0.13800048828125,1.38970947265625,4.14959716796875
18,0.11666666666666714,0.1387939453125,1.38958740234375,4.3924560546875
17,0.37500000000000089,0.42413330078125,0.88470458984375,10.30694580078125
17,0.38333333333333375,0.4296875,0.8592529296875,10.4884033203125
18,0.12500000000000089,0.1396484375,1.3887939453125,4.62939453125
18,0.13333333333333375,0.140380859375,1.38720703125,4.86053466796875
17,0.3916666666666675,0.435302734375,0.8331298828125,10.6697998046875
17,0.40000000000000036,0.44091796875,0.806396484375,10.8511962890625
18,0.1416666666666675,0.14117431640625,1.38482666015625,5.08587646484375
18,0.15000000000000036,0.14190673828125,1.3817138671875,5.3052978515625
17,0.4083333333333341,0.44647216796875,0.77886962890625,11.03265380859375
17,0.41666666666666696,0.45208740234375,0.75079345703125,11.21405029296875
18,0.1583333333333341,0.14263916015625,1.3778076171875,5.5189208984375
18,0.16666666666666696,0.143310546875,1.37310791015625,5.7266845703125
17,0.42500000000000071,0.45770263671875,0.72198486328125,11.39544677734375
17,0.43333333333333357,0.4632568359375,0.6925048828125,11.57684326171875
18,0.17500000000000071,0.14404296875,1.36773681640625,5.92864990234375
18,0.18333333333333357,0.1446533203125,1.3614501953125,6.12469482421875
17,0.44166666666666732,0.4688720703125,0.6622314453125,11.75830078125
17,0.45000000000000018,0.4744873046875,0.63140869140625,11.939697265625
18,0.19166666666666732,0.14532470703125,1.35455322265625,6.31494140625
18,0.20000000000000018,0.14593505859375,1.3468017578125,6.4993896484375
17,0.45833333333333393,0.48004150390625,0.59991455078125,12.12109375
17,0.46666666666666679,0.48565673828125,0.567626953125,12.30255126953125
18,0.20833333333333393,0.14654541015625,1.33831787109375,6.68084716796875
18,0.21666666666666679,0.14715576171875,1.32916259765625,6.8623046875
17,0.47500000000000053,0.49127197265625,0.53472900390625,12.48394775390625
17,0.48333333333333339,0.496826171875,0.50115966796875,12.66534423828125
18,0.22500000000000053,0.14776611328125,1.31927490234375,7.0438232421875
18,0.23333333333333339,0.14837646484375,1.30877685546875,7.22528076171875
17,0.49166666666666714,0.50244140625,0.46685791015625,12.84674072265625
17,0.5,0.508056640625,0.43194580078125,13.0281982421875
18,0.24166666666666714,0.1490478515625,1.29754638671875,7.40673828125
18,0.25,0.149658203125,1.28570556640625,7.5882568359375
17,0.50833333333333375,0.513671875,0.3963623046875,13.2095947265625
17,0.51666666666666661,0.51922607421875,0.3599853515625,13.3909912109375
19,0,0.12615966796875,1.34503173828125,0.6480712890625
18,0.25833333333333375,0.1502685546875,1.273193359375,7.76971435546875
18,0.26666666666666661,0.15087890625,1.25994873046875,7.951171875
17,0.52500000000000036,0.52484130859375,0.322998046875,13.57244873046875
17,0.53333333333333321,0.53045654296875,0.28533935546875,13.75384521484375
19,0.0083333333333337478,0.12445068359375,1.3516845703125,0.9229736328125
19,0.016666666666666607,0.122802734375,1.35833740234375,1.1978759765625
18,0.27500000000000036,0.1514892578125,1.24603271484375,8.1326904296875
18,0.28333333333333321,0.152099609375,1.23138427734375,8.31414794921875
17,0.541666666666667,0.5360107421875,0.2469482421875,13.93524169921875
17,0.54999999999999982,0.5416259765625,0.20794677734375,14.11663818359375
19,0.025000000000000355,0.12109375,1.364990234375,1.47283935546875
19,0.033333333333333215,0.119384765625,1.37164306640625,1.74774169921875
18,0.29166666666666696,0.1527099609375,1.21612548828125,8.49560546875
18,0.29999999999999982,0.1533203125,1.20013427734375,8.6771240234375
17,0.55833333333333357,0.5472412109375,0.16827392578125,14.298095703125
17,0.56666666666666643,0.55279541015625,0.12786865234375,14.4794921875
19,0.041666666666666963,0.11767578125,1.3782958984375,2.02264404296875
19,0.049999999999999822,0.11602783203125,1.38494873046875,2.29754638671875
18,0.30833333333333357,0.1539306640625,1.1834716796875,8.85858154296875
18,0.31666666666666643,0.154541015625,1.16619873046875,9.0400390625
17,0.57500000000000018,0.55841064453125,0.0867919921875,14.660888671875
17,0.583333333333333,0.56402587890625,0.0450439453125,14.84234619140625
19,0.05833333333333357,0.11431884765625,1.3916015625,2.57244873046875
19,0.06666666666666643,0.11260986328125,1.39825439453125,2.847412109375
18,0.32500000000000018,0.1551513671875,1.148193359375,9.2215576171875
18,0.33333333333333304,0.15576171875,1.1295166015625,9.40301513671875
17,0.58726858494274814,0.566650390625,0,14.927978515625
19,0.075000000000000178,0.1109619140625,1.40447998046875,3.119384765625
19,0.083333333333333925,0.10931396484375,1.409912109375,3.38555908203125
18,0.34166666666666679,0.1563720703125,1.11016845703125,9.58447265625
18,0.35000000000000053,0.156982421875,1.090087890625,9.7659912109375
19,0.091666666666667673,0.10772705078125,1.41448974609375,3.64581298828125
19,0.10000000000000053,0.10614013671875,1.41827392578125,3.90032958984375
18,0.35833333333333428,0.1575927734375,1.0693359375,9.94744873046875
18,0.36666666666666714,0.158203125,1.0479736328125,10.12890625
19,0.10833333333333428,0.1046142578125,1.4212646484375,4.14892578125
19,0.11666666666666714,0.1031494140625,1.42333984375,4.3917236328125
18,0.37500000000000089,0.1588134765625,1.02593994140625,10.3104248046875
18,0.38333333333333375,0.15948486328125,1.003173828125,10.49188232421875
19,0.12500000000000089,0.1016845703125,1.4246826171875,4.628662109375
19,0.13333333333333375,0.1002197265625,1.4251708984375,4.8597412109375
18,0.3916666666666675,0.16009521484375,0.97967529296875,10.67333984375
18,0.40000000000000036,0.16070556640625,0.95556640625,10.8548583984375
19,0.1416666666666675,0.098876953125,1.4248046875,5.08502197265625
19,0.15000000000000036,0.0975341796875,1.42364501953125,5.304443359375
18,0.4083333333333341,0.16131591796875,0.93072509765625,11.03631591796875
18,0.41666666666666696,0.16192626953125,0.9052734375,11.2177734375
19,0.1583333333333341,0.09619140625,1.42169189453125,5.51800537109375
19,0.16666666666666696,0.09490966796875,1.41888427734375,5.72576904296875
18,0.42500000000000071,0.16253662109375,0.87908935546875,11.3992919921875
18,0.43333333333333357,0.16314697265625,0.852294921875,11.58074951171875
19,0.17500000000000071,0.09368896484375,1.415283203125,5.9276123046875
19,0.18333333333333357,0.09246826171875,1.41082763671875,6.1236572265625
18,0.44166666666666732,0.16375732421875,0.82470703125,11.76220703125
18,0.45000000000000018,0.16436767578125,0.7965087890625,11.9437255859375
19,0.19166666666666732,0.09130859375,1.40557861328125,6.31390380859375
19,0.20000000000000018,0.09014892578125,1.39947509765625,6.49822998046875
18,0.45833333333333393,0.16497802734375,0.76763916015625,12.12518310546875
18,0.46666666666666679,0.16558837890625,0.738037109375,12.306640625
19,0.20833333333333393,0.08905029296875,1.39263916015625,6.6796875
19,0.21666666666666679,0.08795166015625,1.3851318359375,6.86114501953125
18,0.47500000000000053,0.16619873046875,0.707763671875,12.4881591796875
18,0.48333333333333339,0.16680908203125,0.67681884765625,12.66961669921875
19,0.22500000000000053,0.0867919921875,1.37689208984375,7.0426025390625
19,0.23333333333333339,0.085693359375,1.3680419921875,7.2239990234375
18,0.49166666666666714,0.16741943359375,0.645263671875,12.85107421875
18,0.5,0.16802978515625,0.61297607421875,13.0325927734375
19,0.24166666666666714,0.0845947265625,1.35845947265625,7.40545654296875
19,0.25,0.08343505859375,1.3482666015625,7.5869140625
18,0.50833333333333375,0.16864013671875,0.58001708984375,13.21405029296875
18,0.51666666666666661,0.16925048828125,0.54632568359375,13.3955078125
20,0,0.12615966796875,1.34503173828125,0.6480712890625
19,0.25833333333333375,0.08233642578125,1.33734130859375,7.76837158203125
19,0.26666666666666661,0.08123779296875,1.32574462890625,7.94976806640625
18,0.52500000000000036,0.16986083984375,0.511962890625,13.5770263671875
18,0.53333333333333321,0.1705322265625,0.4769287109375,13.75848388671875
20,0.0083333333333337478,0.1265869140625,1.3485107421875,0.92303466796875
20,0.016666666666666607,0.12701416015625,1.35198974609375,1.197998046875
19,0.27500000000000036,0.08013916015625,1.3134765625,8.1312255859375
19,0.28333333333333321,0.0789794921875,1.30047607421875,8.31268310546875
18,0.541666666666667,0.171142578125,0.44122314453125,13.93994140625
18,0.54999999999999982,0.1717529296875,0.4049072265625,14.1214599609375
20,0.025000000000000355,0.12738037109375,1.35546875,1.4730224609375
20,0.033333333333333215,0.1278076171875,1.3590087890625,1.74798583984375
19,0.29166666666666696,0.077880859375,1.28680419921875,8.494140625
19,0.29999999999999982,0.0767822265625,1.2724609375,8.67559814453125
18,0.55833333333333357,0.17236328125,0.36785888671875,14.30291748046875
18,0.56666666666666643,0.1729736328125,0.33013916015625,14.484375
20,0.041666666666666963,0.12823486328125,1.36248779296875,2.02294921875
20,0.049999999999999822,0.128662109375,1.365966796875,2.29791259765625
19,0.30833333333333357,0.07562255859375,1.2574462890625,8.85699462890625
19,0.31666666666666643,0.07452392578125,1.24176025390625,9.0384521484375
18,0.57500000000000018,0.173583984375,0.29168701171875,14.6658935546875
18,0.583333333333333,0.1741943359375,0.2525634765625,14.84735107421875
20,0.05833333333333357,0.1290283203125,1.36944580078125,2.57293701171875
20,0.066666666666667318,0.12945556640625,1.3729248046875,2.847900390625
19,0.32500000000000018,0.07342529296875,1.22540283203125,9.21990966796875
19,0.33333333333333393,0.07232666015625,1.2083740234375,9.4013671875
18,0.59166666666666679,0.1748046875,0.2127685546875,15.02880859375
18,0.60000000000000053,0.1754150390625,0.17230224609375,15.2103271484375
20,0.075000000000001066,0.1298828125,1.37603759765625,3.11993408203125
20,0.083333333333333925,0.1302490234375,1.37841796875,3.38616943359375
19,0.34166666666666767,0.0711669921875,1.190673828125,9.582763671875
19,0.35000000000000053,0.070068359375,1.1722412109375,9.76422119140625
18,0.60833333333333428,0.176025390625,0.1312255859375,15.39178466796875
18,0.61666666666666714,0.1766357421875,0.08941650390625,15.5732421875
20,0.091666666666667673,0.13067626953125,1.3800048828125,3.64654541015625
20,0.10000000000000053,0.13104248046875,1.380859375,3.90106201171875
19,0.35833333333333428,0.0689697265625,1.15313720703125,9.9456787109375
19,0.36666666666666714,0.06781005859375,1.1334228515625,10.12713623046875
18,0.62500000000000089,0.17724609375,0.046875,15.7547607421875
18,0.62922206468623032,0.17755126953125,0,15.8466796875
20,0.10833333333333428,0.13140869140625,1.3809814453125,4.14971923828125
20,0.11666666666666714,0.13177490234375,1.3802490234375,4.392578125
19,0.37500000000000089,0.06671142578125,1.11297607421875,10.30853271484375
19,0.38333333333333375,0.06561279296875,1.09185791015625,10.489990234375
20,0.12500000000000089,0.13214111328125,1.37884521484375,4.62957763671875
20,0.13333333333333375,0.13250732421875,1.37664794921875,4.8607177734375
19,0.3916666666666675,0.06451416015625,1.07000732421875,10.67144775390625
19,0.40000000000000036,0.0633544921875,1.04754638671875,10.8529052734375
20,0.1416666666666675,0.1328125,1.37371826171875,5.0860595703125
20,0.15000000000000036,0.1331787109375,1.37005615234375,5.30548095703125
19,0.4083333333333341,0.062255859375,1.0242919921875,11.03436279296875
19,0.41666666666666696,0.0611572265625,1.00048828125,11.21575927734375
20,0.1583333333333341,0.13348388671875,1.3656005859375,5.51910400390625
20,0.16666666666666696,0.1337890625,1.36041259765625,5.7269287109375
19,0.42500000000000071,0.05999755859375,0.9759521484375,11.397216796875
19,0.43333333333333357,0.05889892578125,0.95074462890625,11.57867431640625
20,0.17500000000000071,0.13409423828125,1.3544921875,5.9288330078125
20,0.18333333333333357,0.1343994140625,1.3477783203125,6.12493896484375
19,0.44166666666666732,0.05780029296875,0.9248046875,11.7601318359375
19,0.45000000000000018,0.056640625,0.89825439453125,11.9415283203125
20,0.19166666666666732,0.13470458984375,1.34033203125,6.315185546875
20,0.20000000000000018,0.13494873046875,1.3321533203125,6.49957275390625
19,0.45833333333333393,0.0555419921875,0.87103271484375,12.12298583984375
19,0.46666666666666679,0.054443359375,0.84307861328125,12.304443359375
20,0.20833333333333393,0.13525390625,1.32318115234375,6.68109130859375
20,0.21666666666666679,0.135498046875,1.3135986328125,6.862548828125
19,0.47500000000000053,0.0533447265625,0.814453125,12.48590087890625
19,0.48333333333333339,0.05218505859375,0.78515625,12.66729736328125
20,0.22500000000000053,0.13580322265625,1.30328369140625,7.0440673828125
20,0.23333333333333339,0.13604736328125,1.2923583984375,7.22552490234375
19,0.49166666666666714,0.05108642578125,0.75518798828125,12.8487548828125
19,0.5,0.04998779296875,0.72454833984375,13.03021240234375
20,0.24166666666666714,0.1363525390625,1.2806396484375,7.40704345703125
20,0.25,0.1365966796875,1.26837158203125,7.5885009765625
19,0.50833333333333375,0.048828125,0.6932373046875,13.211669921875
19,0.51666666666666661,0.0477294921875,0.66119384765625,13.39312744140625
20,0.25833333333333375,0.1368408203125,1.25537109375,7.77001953125
20,0.26666666666666661,0.13714599609375,1.24163818359375,7.95147705078125
19,0.52500000000000036,0.046630859375,0.62847900390625,13.57452392578125
19,0.53333333333333321,0.0455322265625,0.59503173828125,13.7559814453125
20,0.27500000000000036,0.13739013671875,1.227294921875,8.1329345703125
20,0.28333333333333321,0.1376953125,1.21221923828125,8.314453125
19,0.541666666666667,0.04437255859375,0.56097412109375,13.93743896484375
19,0.54999999999999982,0.04327392578125,0.5262451171875,14.118896484375
20,0.29166666666666696,0.137939453125,1.196533203125,8.49591064453125
20,0.29999999999999982,0.13824462890625,1.1800537109375,8.67742919921875
19,0.55833333333333357,0.04217529296875,0.4908447265625,14.30029296875
19,0.56666666666666643,0.041015625,0.45477294921875,14.48175048828125
20,0.30833333333333357,0.13848876953125,1.1629638671875,8.85888671875
20,0.31666666666666732,0.1387939453125,1.14520263671875,9.0404052734375
19,0.57500000000000018,0.0399169921875,0.41796875,14.6632080078125
19,0.58333333333333393,0.038818359375,0.3804931640625,14.84466552734375
20,0.32500000000000107,0.1390380859375,1.126708984375,9.22186279296875
20,0.33333333333333393,0.13934326171875,1.10760498046875,9.40338134765625
19,0.59166666666666767,0.0377197265625,0.34234619140625,15.02606201171875
19,0.60000000000000053,0.03656005859375,0.30352783203125,15.20751953125
20,0.34166666666666767,0.13958740234375,1.08782958984375,9.5848388671875
20,0.35000000000000053,0.139892578125,1.06732177734375,9.766357421875
19,0.60833333333333428,0.03546142578125,0.2640380859375,15.38897705078125
19,0.61666666666666714,0.03436279296875,0.223876953125,15.5704345703125
20,0.35833333333333428,0.14013671875,1.04608154296875,9.94781494140625
20,0.36666666666666714,0.14044189453125,1.0242919921875,10.1292724609375
19,0.62500000000000089,0.033203125,0.1829833984375,15.75189208984375
19,0.63333333333333375,0.0321044921875,0.1414794921875,15.93328857421875
20,0.37500000000000089,0.14068603515625,1.00177001953125,10.310791015625
20,0.38333333333333375,0.1409912109375,0.978515625,10.49224853515625
19,0.6416666666666675,0.031005859375,0.0992431640625,16.11474609375
19,0.65000000000000036,0.02984619140625,0.0562744140625,16.29620361328125
20,0.3916666666666675,0.1412353515625,0.95458984375,10.67376708984375
20,0.40000000000000036,0.14154052734375,0.9300537109375,10.855224609375
19,0.6559780582711674,0.029052734375,0,16.4263916015625
20,0.4083333333333341,0.14178466796875,0.90472412109375,11.0367431640625
20,0.41666666666666696,0.14202880859375,0.87884521484375,11.21820068359375
20,0.42500000000000071,0.142333984375,0.85223388671875,11.39971923828125
20,0.43333333333333357,0.142578125,0.824951171875,11.5811767578125
20,0.44166666666666732,0.14288330078125,0.796875,11.7626953125
20,0.45000000000000018,0.14312744140625,0.76824951171875,11.94415283203125
20,0.45833333333333393,0.1434326171875,0.73895263671875,12.1256103515625
20,0.46666666666666679,0.1436767578125,0.7088623046875,12.30712890625
20,0.47500000000000053,0.14398193359375,0.67816162109375,12.48858642578125
20,0.48333333333333339,0.14422607421875,0.64678955078125,12.67010498046875
20,0.49166666666666714,0.14453125,0.61474609375,12.8515625
20,0.5,0.144775390625,0.58197021484375,13.0330810546875
20,0.50833333333333375,0.14508056640625,0.548583984375,13.21453857421875
20,0.51666666666666661,0.14532470703125,0.51446533203125,13.39605712890625
20,0.52500000000000036,0.1456298828125,0.4796142578125,13.5775146484375
20,0.53333333333333321,0.1458740234375,0.44415283203125,13.759033203125
20,0.541666666666667,0.14617919921875,0.40802001953125,13.94049072265625
20,0.54999999999999982,0.14642333984375,0.37115478515625,14.1219482421875
20,0.55833333333333357,0.14666748046875,0.33367919921875,14.303466796875
20,0.56666666666666732,0.14697265625,0.2955322265625,14.48492431640625
20,0.57500000000000107,0.147216796875,0.25665283203125,14.66644287109375
20,0.58333333333333393,0.14752197265625,0.217041015625,14.847900390625
20,0.59166666666666767,0.14776611328125,0.17681884765625,15.0294189453125
20,0.60000000000000053,0.1480712890625,0.13592529296875,15.21087646484375
20,0.60833333333333428,0.1483154296875,0.09429931640625,15.39239501953125
20,0.61666666666666714,0.14862060546875,0.05206298828125,15.5738525390625
20,0.62191287888319557,0.1488037109375,0,15.6881103515625
