shot,ageSeconds,x,y,z
1,0,0.12615966796875,1.34503173828125,0.6480712890625
1,0.0069444444444444441,0.13018798828125,1.34381103515625,0.877197265625
1,0.013888888888888888,0.1341552734375,1.34259033203125,1.1063232421875
1,0.020833333333333332,0.13818359375,1.34136962890625,1.33544921875
1,0.027777777777777776,0.14215087890625,1.3402099609375,1.5645751953125
1,0.034722222222222224,0.14617919921875,1.3389892578125,1.793701171875
1,0.041666666666666664,0.150146484375,1.3377685546875,2.0228271484375
1,0.048611111111111112,0.1541748046875,1.3365478515625,2.251953125
1,0.055555555555555552,0.15814208984375,1.3353271484375,2.4810791015625
1,0.0625,0.16217041015625,1.3341064453125,2.710205078125
1,0.069444444444444448,0.1661376953125,1.33282470703125,2.93902587890625
1,0.0763888888888889,0.17010498046875,1.33123779296875,3.16448974609375
1,0.083333333333333329,0.1739501953125,1.3292236328125,3.38592529296875
1,0.090277777777777776,0.177734375,1.32666015625,3.603271484375
1,0.097222222222222224,0.18145751953125,1.32366943359375,3.81658935546875
1,0.10416666666666667,0.18511962890625,1.32025146484375,4.02581787109375
1,0.1111111111111111,0.188720703125,1.31640625,4.23101806640625
1,0.11805555555555555,0.19219970703125,1.31207275390625,4.43218994140625
1,0.125,0.1956787109375,1.30731201171875,4.62921142578125
1,0.13194444444444445,0.19903564453125,1.30206298828125,4.822265625
1,0.1388888888888889,0.20233154296875,1.29638671875,5.01123046875
1,0.14583333333333334,0.20556640625,1.290283203125,5.19610595703125
1,0.15277777777777779,0.20867919921875,1.28369140625,5.376953125
1,0.15972222222222221,0.2117919921875,1.27667236328125,5.55377197265625
1,0.16666666666666666,0.21478271484375,1.2691650390625,5.72650146484375
1,0.1736111111111111,0.2177734375,1.26123046875,5.8951416015625
1,0.18055555555555555,0.22064208984375,1.25286865234375,6.05975341796875
1,0.1875,0.22344970703125,1.2440185546875,6.2203369140625
1,0.19444444444444445,0.22613525390625,1.2347412109375,6.3768310546875
1,0.2013888888888889,0.22882080078125,1.2249755859375,6.52935791015625
1,0.20833333333333334,0.2314453125,1.21478271484375,6.6805419921875
1,0.21527777777777779,0.23406982421875,1.2041015625,6.831787109375
1,0.22222222222222221,0.23675537109375,1.19293212890625,6.9830322265625
1,0.22916666666666666,0.2393798828125,1.18133544921875,7.13421630859375
1,0.2361111111111111,0.24200439453125,1.16925048828125,7.28546142578125
1,0.24305555555555555,0.24462890625,1.15667724609375,7.43670654296875
1,0.25,0.247314453125,1.1436767578125,7.587890625
1,0.25694444444444442,0.24993896484375,1.13006591796875,7.7391357421875
1,0.2638888888888889,0.2525634765625,1.1160888671875,7.890380859375
2,0,0.12615966796875,1.34503173828125,0.6480712890625
2,0.0041666666666666519,0.1241455078125,1.3453369140625,0.78558349609375
1,0.27083333333333331,0.25518798828125,1.1016845703125,8.04156494140625
2,0.011111111111111127,0.120849609375,1.34576416015625,1.01470947265625
1,0.27777777777777779,0.25787353515625,1.08673095703125,8.19281005859375
2,0.018055555555555547,0.1175537109375,1.34625244140625,1.24383544921875
1,0.28472222222222221,0.260498046875,1.07135009765625,8.34405517578125
2,0.025000000000000022,0.1142578125,1.34674072265625,1.47296142578125
1,0.29166666666666669,0.26312255859375,1.05548095703125,8.4952392578125
2,0.031944444444444442,0.11090087890625,1.34722900390625,1.7021484375
1,0.2986111111111111,0.2657470703125,1.03912353515625,8.646484375
2,0.038888888888888917,0.10760498046875,1.34771728515625,1.9312744140625
1,0.30555555555555558,0.2684326171875,1.02227783203125,8.7977294921875
2,0.045833333333333337,0.10430908203125,1.34814453125,2.160400390625
1,0.3125,0.27105712890625,1.0050048828125,8.94891357421875
2,0.052777777777777757,0.10101318359375,1.3486328125,2.3895263671875
1,0.31944444444444442,0.273681640625,0.98724365234375,9.10015869140625
2,0.059722222222222232,0.09765625,1.34912109375,2.61871337890625
1,0.3263888888888889,0.27630615234375,0.968994140625,9.25140380859375
2,0.066666666666666652,0.0943603515625,1.349609375,2.84783935546875
1,0.33333333333333331,0.27899169921875,0.95025634765625,9.402587890625
2,0.073611111111111127,0.091064453125,1.34979248046875,3.074951171875
1,0.34027777777777779,0.2816162109375,0.93109130859375,9.5538330078125
2,0.080555555555555547,0.087890625,1.349609375,3.29803466796875
1,0.34722222222222221,0.28424072265625,0.91143798828125,9.705078125
2,0.087500000000000022,0.084716796875,1.34881591796875,3.51702880859375
1,0.35416666666666669,0.286865234375,0.89129638671875,9.85626220703125
2,0.094444444444444442,0.08160400390625,1.34765625,3.73193359375
1,0.3611111111111111,0.28955078125,0.8707275390625,10.00750732421875
2,0.10138888888888892,0.07855224609375,1.345947265625,3.94281005859375
1,0.36805555555555558,0.29217529296875,0.84967041015625,10.15875244140625
2,0.10833333333333334,0.0755615234375,1.34381103515625,4.149658203125
1,0.375,0.2947998046875,0.828125,10.3099365234375
2,0.11527777777777776,0.0726318359375,1.34112548828125,4.3524169921875
1,0.38194444444444442,0.29742431640625,0.80609130859375,10.461181640625
2,0.12222222222222223,0.06976318359375,1.33795166015625,4.5511474609375
1,0.3888888888888889,0.30010986328125,0.7835693359375,10.6124267578125
2,0.12916666666666665,0.06695556640625,1.3343505859375,4.74578857421875
1,0.39583333333333331,0.302734375,0.76055908203125,10.76361083984375
2,0.13611111111111113,0.064208984375,1.33026123046875,4.9364013671875
1,0.40277777777777779,0.30535888671875,0.7371826171875,10.91485595703125
2,0.14305555555555555,0.0615234375,1.32574462890625,5.1229248046875
1,0.40972222222222221,0.3079833984375,0.7132568359375,11.06610107421875
2,0.15000000000000002,0.058837890625,1.32061767578125,5.30535888671875
1,0.41666666666666669,0.3106689453125,0.68890380859375,11.21728515625
2,0.15694444444444444,0.0562744140625,1.31512451171875,5.48382568359375
1,0.4236111111111111,0.31329345703125,0.66400146484375,11.3685302734375
2,0.16388888888888892,0.05377197265625,1.30908203125,5.65814208984375
1,0.43055555555555558,0.31591796875,0.63873291015625,11.519775390625
2,0.17083333333333334,0.05133056640625,1.3026123046875,5.8284912109375
1,0.4375,0.31854248046875,0.6129150390625,11.67095947265625
2,0.17777777777777776,0.04888916015625,1.29559326171875,5.9947509765625
1,0.44444444444444442,0.32122802734375,0.586669921875,11.82220458984375
2,0.18472222222222223,0.04656982421875,1.28814697265625,6.15692138671875
1,0.4513888888888889,0.3238525390625,0.55987548828125,11.97344970703125
2,0.19166666666666665,0.04425048828125,1.28021240234375,6.3150634765625
1,0.45833333333333331,0.32647705078125,0.53265380859375,12.1246337890625
2,0.19861111111111113,0.04205322265625,1.271728515625,6.4691162109375
1,0.46527777777777779,0.3291015625,0.50494384765625,12.27587890625
2,0.20555555555555555,0.03985595703125,1.2628173828125,6.62042236328125
1,0.47222222222222221,0.331787109375,0.476806640625,12.4271240234375
2,0.21250000000000002,0.03765869140625,1.2535400390625,6.77166748046875
1,0.47916666666666669,0.33441162109375,0.44818115234375,12.57830810546875
2,0.21944444444444444,0.0355224609375,1.24365234375,6.92291259765625
1,0.4861111111111111,0.3370361328125,0.4190673828125,12.72955322265625
2,0.22638888888888892,0.0333251953125,1.23333740234375,7.07415771484375
1,0.49305555555555558,0.33966064453125,0.38946533203125,12.88079833984375
2,0.23333333333333334,0.0311279296875,1.2225341796875,7.225341796875
1,0.5,0.34234619140625,0.35943603515625,13.031982421875
2,0.24027777777777776,0.0289306640625,1.21124267578125,7.3765869140625
1,0.50694444444444442,0.344970703125,0.32891845703125,13.1832275390625
2,0.24722222222222218,0.0267333984375,1.19952392578125,7.52783203125
1,0.51388888888888884,0.34759521484375,0.29791259765625,13.33447265625
2,0.25416666666666671,0.02459716796875,1.18731689453125,7.6790771484375
1,0.52083333333333337,0.3502197265625,0.26641845703125,13.48565673828125
2,0.26111111111111113,0.02239990234375,1.17462158203125,7.830322265625
1,0.52777777777777779,0.3529052734375,0.23443603515625,13.63690185546875
3,0,0.12615966796875,1.34503173828125,0.6480712890625
3,0.001388888888888884,0.125732421875,1.3448486328125,0.69390869140625
2,0.26805555555555555,0.02020263671875,1.1614990234375,7.9815673828125
1,0.53472222222222221,0.35552978515625,0.2020263671875,13.78814697265625
3,0.0083333333333333037,0.12347412109375,1.3438720703125,0.92303466796875
2,0.27499999999999997,0.01800537109375,1.14788818359375,8.13275146484375
1,0.54166666666666663,0.358154296875,0.16912841796875,13.9393310546875
3,0.015277777777777835,0.12127685546875,1.3428955078125,1.1522216796875
2,0.2819444444444445,0.01580810546875,1.13372802734375,8.28399658203125
1,0.54861111111111116,0.36077880859375,0.13580322265625,14.090576171875
3,0.022222222222222254,0.1190185546875,1.3419189453125,1.38134765625
2,0.28888888888888892,0.01361083984375,1.119140625,8.43524169921875
1,0.55555555555555558,0.36346435546875,0.10198974609375,14.2418212890625
3,0.029166666666666674,0.1168212890625,1.3409423828125,1.61053466796875
2,0.29583333333333334,0.011474609375,1.1041259765625,8.58648681640625
1,0.5625,0.3660888671875,0.06768798828125,14.39300537109375
3,0.036111111111111094,0.1146240234375,1.3399658203125,1.83966064453125
2,0.30277777777777776,0.00927734375,1.08856201171875,8.73773193359375
1,0.56944444444444442,0.36871337890625,0.03289794921875,14.54425048828125
3,0.043055555555555514,0.11236572265625,1.3389892578125,2.06884765625
2,0.30972222222222218,0.007080078125,1.07257080078125,8.888916015625
1,0.57099673181844346,0.36932373046875,0,14.57806396484375
3,0.050000000000000044,0.11016845703125,1.3380126953125,2.2979736328125
2,0.31666666666666671,0.0048828125,1.05609130859375,9.0401611328125
3,0.056944444444444464,0.10791015625,1.3370361328125,2.52716064453125
2,0.32361111111111113,0.002685546875,1.03924560546875,9.19140625
3,0.063888888888888884,0.105712890625,1.3360595703125,2.75628662109375
2,0.33055555555555555,0.00054931640625,1.02178955078125,9.3426513671875
3,0.0708333333333333,0.10345458984375,1.33502197265625,2.98468017578125
2,0.33749999999999997,-0.00164794921875,1.00390625,9.493896484375
3,0.077777777777777835,0.101318359375,1.33349609375,3.20941162109375
2,0.3444444444444445,-0.00384521484375,0.98553466796875,9.6451416015625
3,0.084722222222222254,0.09918212890625,1.33160400390625,3.4300537109375
2,0.35138888888888892,-0.00604248046875,0.96673583984375,9.79632568359375
3,0.091666666666666674,0.0970458984375,1.32916259765625,3.6466064453125
2,0.35833333333333334,-0.00823974609375,0.9473876953125,9.94757080078125
3,0.0986111111111111,0.094970703125,1.32635498046875,3.859130859375
2,0.36527777777777776,-0.0103759765625,0.9276123046875,10.09881591796875
3,0.10555555555555551,0.09295654296875,1.32305908203125,4.06756591796875
2,0.37222222222222218,-0.0125732421875,0.907470703125,10.25006103515625
3,0.11250000000000004,0.09100341796875,1.31927490234375,4.27197265625
2,0.37916666666666671,-0.0147705078125,0.88671875,10.40130615234375
3,0.11944444444444446,0.08905029296875,1.3150634765625,4.47235107421875
2,0.38611111111111113,-0.0169677734375,0.86553955078125,10.552490234375
3,0.12638888888888888,0.087158203125,1.3104248046875,4.6685791015625
2,0.39305555555555555,-0.0191650390625,0.8438720703125,10.7037353515625
3,0.1333333333333333,0.08526611328125,1.3052978515625,4.86083984375
2,0.39999999999999997,-0.02130126953125,0.82171630859375,10.85498046875
3,0.14027777777777783,0.08343505859375,1.2996826171875,5.04901123046875
2,0.4069444444444445,-0.02349853515625,0.799072265625,11.0062255859375
3,0.14722222222222225,0.0816650390625,1.293701171875,5.23309326171875
2,0.41388888888888892,-0.02569580078125,0.7760009765625,11.157470703125
3,0.15416666666666667,0.07989501953125,1.28717041015625,5.41314697265625
2,0.42083333333333334,-0.02789306640625,0.75244140625,11.3087158203125
3,0.16111111111111109,0.07818603515625,1.2802734375,5.58917236328125
2,0.42777777777777776,-0.03009033203125,0.72845458984375,11.45989990234375
3,0.16805555555555551,0.0765380859375,1.27288818359375,5.7611083984375
2,0.43472222222222218,-0.0322265625,0.7039794921875,11.61114501953125
3,0.17500000000000004,0.07489013671875,1.2650146484375,5.928955078125
2,0.44166666666666671,-0.034423828125,0.678955078125,11.76239013671875
3,0.18194444444444446,0.07330322265625,1.25665283203125,6.0927734375
2,0.44861111111111113,-0.03662109375,0.65350341796875,11.91363525390625
3,0.18888888888888888,0.07177734375,1.2479248046875,6.2525634765625
2,0.45555555555555555,-0.038818359375,0.62762451171875,12.06488037109375
3,0.1958333333333333,0.07025146484375,1.23870849609375,6.40826416015625
2,0.46249999999999997,-0.041015625,0.6011962890625,12.216064453125
3,0.20277777777777783,0.06878662109375,1.22906494140625,6.56024169921875
2,0.4694444444444445,-0.04315185546875,0.5743408203125,12.3673095703125
3,0.20972222222222225,0.06732177734375,1.2188720703125,6.71148681640625
2,0.47638888888888892,-0.04534912109375,0.5469970703125,12.5185546875
3,0.21666666666666667,0.06585693359375,1.20831298828125,6.86273193359375
2,0.48333333333333334,-0.04754638671875,0.51922607421875,12.6697998046875
3,0.22361111111111109,0.06439208984375,1.19720458984375,7.01397705078125
2,0.49027777777777776,-0.04974365234375,0.490966796875,12.821044921875
3,0.23055555555555551,0.06292724609375,1.18560791015625,7.16522216796875
2,0.49722222222222218,-0.05194091796875,0.46221923828125,12.97222900390625
3,0.23750000000000004,0.06146240234375,1.173583984375,7.31646728515625
2,0.50416666666666665,-0.0540771484375,0.4329833984375,13.12347412109375
3,0.24444444444444446,0.05999755859375,1.16107177734375,7.46771240234375
2,0.51111111111111107,-0.0562744140625,0.40325927734375,13.27471923828125
3,0.25138888888888888,0.05853271484375,1.14813232421875,7.61895751953125
2,0.51805555555555549,-0.0584716796875,0.373046875,13.42596435546875
3,0.2583333333333333,0.0570068359375,1.1346435546875,7.7701416015625
2,0.52499999999999991,-0.0606689453125,0.3424072265625,13.57720947265625
3,0.26527777777777783,0.0555419921875,1.1207275390625,7.92138671875
2,0.53194444444444455,-0.0628662109375,0.311279296875,13.72845458984375
4,0,0.12615966796875,1.34503173828125,0.6480712890625
4,0.0055555555555555358,0.12274169921875,1.3438720703125,0.83135986328125
3,0.27222222222222225,0.0540771484375,1.1063232421875,8.0726318359375
2,0.538888888888889,-0.06500244140625,0.27978515625,13.879638671875
4,0.012499999999999956,0.118408203125,1.34246826171875,1.06048583984375
3,0.27916666666666667,0.0526123046875,1.0914306640625,8.223876953125
2,0.54583333333333339,-0.06719970703125,0.2476806640625,14.0308837890625
4,0.019444444444444375,0.11407470703125,1.34100341796875,1.28961181640625
3,0.28611111111111109,0.0511474609375,1.07611083984375,8.3751220703125
2,0.55277777777777781,-0.06939697265625,0.21514892578125,14.18212890625
4,0.026388888888888795,0.10980224609375,1.339599609375,1.51873779296875
3,0.29305555555555551,0.0496826171875,1.06024169921875,8.5263671875
2,0.55972222222222223,-0.07159423828125,0.18212890625,14.3333740234375
4,0.033333333333333326,0.10546875,1.33819580078125,1.74786376953125
3,0.30000000000000004,0.0482177734375,1.04400634765625,8.6776123046875
2,0.56666666666666665,-0.07379150390625,0.148681640625,14.484619140625
4,0.040277777777777746,0.10113525390625,1.33673095703125,1.97698974609375
3,0.30694444444444446,0.0467529296875,1.0272216796875,8.828857421875
2,0.57361111111111107,-0.075927734375,0.11468505859375,14.63580322265625
4,0.047222222222222165,0.09686279296875,1.3353271484375,2.20611572265625
3,0.31388888888888888,0.0452880859375,1.010009765625,8.9801025390625
2,0.58055555555555549,-0.078125,0.08026123046875,14.78704833984375
4,0.054166666666666585,0.092529296875,1.3338623046875,2.43524169921875
3,0.3208333333333333,0.0438232421875,0.9923095703125,9.13134765625
2,0.58749999999999991,-0.080322265625,0.04534912109375,14.93829345703125
4,0.061111111111111116,0.0882568359375,1.33245849609375,2.66436767578125
3,0.32777777777777783,0.0423583984375,0.97406005859375,9.2825927734375
2,0.591503267668171,-0.08160400390625,0,15.02545166015625
4,0.068055555555555536,0.08392333984375,1.3310546875,2.89337158203125
3,0.33472222222222225,0.0408935546875,0.9554443359375,9.433837890625
4,0.074999999999999956,0.07965087890625,1.32928466796875,3.11968994140625
3,0.34166666666666667,0.0394287109375,0.93634033203125,9.5850830078125
4,0.081944444444444375,0.07550048828125,1.32708740234375,3.3419189453125
3,0.34861111111111109,0.0379638671875,0.916748046875,9.736328125
4,0.0888888888888888,0.07135009765625,1.324462890625,3.56005859375
3,0.35555555555555551,0.0364990234375,0.89666748046875,9.8875732421875
4,0.095833333333333326,0.06732177734375,1.3214111328125,3.774169921875
3,0.36250000000000004,0.0350341796875,0.87615966796875,10.038818359375
4,0.10277777777777775,0.06341552734375,1.31781005859375,3.98419189453125
3,0.36944444444444446,0.0335693359375,0.8551025390625,10.1900634765625
4,0.10972222222222217,0.05950927734375,1.3138427734375,4.190185546875
3,0.37638888888888888,0.0321044921875,0.8336181640625,10.34124755859375
4,0.11666666666666659,0.05572509765625,1.3094482421875,4.39215087890625
3,0.3833333333333333,0.0306396484375,0.81170654296875,10.49249267578125
4,0.12361111111111112,0.052001953125,1.3045654296875,4.59002685546875
3,0.39027777777777783,0.0291748046875,0.78924560546875,10.64373779296875
4,0.13055555555555554,0.04833984375,1.29925537109375,4.78387451171875
3,0.39722222222222225,0.0277099609375,0.766357421875,10.79498291015625
4,0.13749999999999996,0.0447998046875,1.29345703125,4.9736328125
3,0.40416666666666667,0.02618408203125,0.742919921875,10.94622802734375
4,0.14444444444444438,0.04132080078125,1.2872314453125,5.1593017578125
3,0.41111111111111109,0.02471923828125,0.7191162109375,11.09747314453125
4,0.1513888888888888,0.03790283203125,1.2806396484375,5.34100341796875
3,0.41805555555555551,0.02325439453125,0.69476318359375,11.24871826171875
4,0.15833333333333333,0.0345458984375,1.27349853515625,5.5185546875
3,0.42500000000000004,0.02178955078125,0.66998291015625,11.39996337890625
4,0.16527777777777775,0.03125,1.26593017578125,5.69207763671875
3,0.43194444444444446,0.02032470703125,0.64471435546875,11.55120849609375
4,0.17222222222222217,0.028076171875,1.25799560546875,5.861572265625
3,0.43888888888888888,0.01885986328125,0.61895751953125,11.70245361328125
4,0.17916666666666659,0.02496337890625,1.24951171875,6.0269775390625
3,0.4458333333333333,0.01739501953125,0.5927734375,11.85369873046875
4,0.18611111111111112,0.02191162109375,1.2406005859375,6.1883544921875
3,0.45277777777777783,0.01593017578125,0.5660400390625,12.00494384765625
4,0.19305555555555554,0.01898193359375,1.23126220703125,6.345703125
3,0.45972222222222225,0.01446533203125,0.5389404296875,12.15618896484375
4,0.19999999999999996,0.01611328125,1.221435546875,6.4989013671875
3,0.46666666666666667,0.01300048828125,0.51129150390625,12.30743408203125
4,0.20694444444444438,0.01324462890625,1.211181640625,6.650146484375
3,0.47361111111111109,0.01153564453125,0.48321533203125,12.45867919921875
4,0.2138888888888888,0.0103759765625,1.20050048828125,6.8013916015625
3,0.48055555555555551,0.01007080078125,0.45458984375,12.60992431640625
4,0.22083333333333321,0.007568359375,1.18927001953125,6.95257568359375
3,0.48749999999999993,0.00860595703125,0.425537109375,12.76116943359375
4,0.22777777777777763,0.00469970703125,1.1776123046875,7.10382080078125
3,0.49444444444444435,0.00714111328125,0.39605712890625,12.912353515625
4,0.23472222222222228,0.00189208984375,1.16546630859375,7.2550048828125
3,0.501388888888889,0.00567626953125,0.36602783203125,13.0635986328125
4,0.2416666666666667,-0.0009765625,1.15283203125,7.40625
3,0.50833333333333341,0.00421142578125,0.33563232421875,13.21484375
4,0.24861111111111112,-0.00384521484375,1.13970947265625,7.5574951171875
3,0.51527777777777783,0.00274658203125,0.30462646484375,13.3660888671875
4,0.25555555555555554,-0.00665283203125,1.126220703125,7.70867919921875
3,0.52222222222222225,0.00128173828125,0.27325439453125,13.517333984375
4,0.26249999999999996,-0.009521484375,1.11212158203125,7.85992431640625
3,0.52916666666666667,-0.00018310546875,0.2413330078125,13.6685791015625
5,0,0.12615966796875,1.34503173828125,0.6480712890625
5,0.0027777777777777679,0.12518310546875,1.3455810546875,0.73974609375
4,0.26944444444444438,-0.0123291015625,1.09765625,8.0111083984375
3,0.53611111111111109,-0.00164794921875,0.208984375,13.81982421875
5,0.0097222222222221877,0.122802734375,1.3470458984375,0.9688720703125
4,0.2763888888888888,-0.01519775390625,1.08270263671875,8.162353515625
3,0.54305555555555551,-0.003173828125,0.1761474609375,13.9710693359375
5,0.016666666666666607,0.12042236328125,1.3485107421875,1.19805908203125
4,0.28333333333333321,-0.01806640625,1.06719970703125,8.31353759765625
3,0.54999999999999993,-0.004638671875,0.142822265625,14.122314453125
5,0.023611111111111027,0.11798095703125,1.34991455078125,1.42718505859375
4,0.29027777777777763,-0.0208740234375,1.05133056640625,8.46478271484375
3,0.55694444444444435,-0.006103515625,0.109130859375,14.2735595703125
5,0.030555555555555669,0.1156005859375,1.35137939453125,1.65631103515625
4,0.29722222222222228,-0.02374267578125,1.034912109375,8.61602783203125
3,0.563888888888889,-0.007568359375,0.0748291015625,14.4248046875
5,0.037500000000000089,0.11322021484375,1.352783203125,1.885498046875
4,0.3041666666666667,-0.026611328125,1.01806640625,8.7672119140625
3,0.57083333333333341,-0.009033203125,0.0401611328125,14.5760498046875
5,0.044444444444444509,0.11077880859375,1.354248046875,2.1146240234375
4,0.31111111111111112,-0.0294189453125,1.00067138671875,8.91845703125
3,0.57382052716287746,-0.0096435546875,0,14.64111328125
5,0.051388888888888928,0.1083984375,1.35565185546875,2.34375
4,0.31805555555555554,-0.03228759765625,0.98284912109375,9.06964111328125
5,0.058333333333333348,0.10601806640625,1.35711669921875,2.57293701171875
4,0.32499999999999996,-0.03509521484375,0.96453857421875,9.22088623046875
5,0.065277777777777768,0.10357666015625,1.35858154296875,2.80206298828125
4,0.33194444444444438,-0.0379638671875,0.94580078125,9.37213134765625
5,0.072222222222222188,0.1011962890625,1.35986328125,3.0299072265625
4,0.3388888888888888,-0.04083251953125,0.9266357421875,9.5233154296875
5,0.079166666666666607,0.098876953125,1.360595703125,3.2537841796875
4,0.34583333333333321,-0.04364013671875,0.9068603515625,9.674560546875
5,0.086111111111111027,0.0965576171875,1.3609619140625,3.4736328125
4,0.35277777777777763,-0.0465087890625,0.88671875,9.82574462890625
5,0.093055555555555669,0.09429931640625,1.3607177734375,3.68939208984375
4,0.35972222222222228,-0.04931640625,0.86602783203125,9.97698974609375
5,0.10000000000000009,0.09210205078125,1.36004638671875,3.90106201171875
4,0.3666666666666667,-0.05218505859375,0.844970703125,10.12823486328125
5,0.10694444444444451,0.08990478515625,1.35882568359375,4.10870361328125
4,0.37361111111111112,-0.0550537109375,0.82330322265625,10.2794189453125
5,0.11388888888888893,0.0877685546875,1.35711669921875,4.31231689453125
4,0.38055555555555554,-0.057861328125,0.80126953125,10.4306640625
5,0.12083333333333335,0.085693359375,1.3548583984375,4.5118408203125
4,0.38749999999999996,-0.06072998046875,0.7786865234375,10.58184814453125
5,0.12777777777777777,0.08367919921875,1.35223388671875,4.707275390625
4,0.39444444444444438,-0.06353759765625,0.7557373046875,10.73309326171875
5,0.13472222222222219,0.0816650390625,1.3489990234375,4.89874267578125
4,0.4013888888888888,-0.06640625,0.73223876953125,10.88433837890625
5,0.14166666666666661,0.0797119140625,1.34527587890625,5.0860595703125
4,0.40833333333333321,-0.06927490234375,0.708251953125,11.0355224609375
5,0.14861111111111103,0.0777587890625,1.34112548828125,5.26934814453125
4,0.41527777777777763,-0.07208251953125,0.683837890625,11.186767578125
5,0.15555555555555567,0.07586669921875,1.33648681640625,5.4486083984375
4,0.42222222222222228,-0.074951171875,0.658935546875,11.33795166015625
5,0.16250000000000009,0.07403564453125,1.331298828125,5.623779296875
4,0.4291666666666667,-0.07781982421875,0.633544921875,11.48919677734375
5,0.16944444444444451,0.072265625,1.3255615234375,5.794921875
4,0.43611111111111112,-0.08062744140625,0.607666015625,11.64044189453125
5,0.17638888888888893,0.07049560546875,1.31939697265625,5.96197509765625
4,0.44305555555555554,-0.08349609375,0.5814208984375,11.7916259765625
5,0.18333333333333335,0.06878662109375,1.31268310546875,6.125
4,0.44999999999999996,-0.0863037109375,0.55462646484375,11.94287109375
5,0.19027777777777777,0.067138671875,1.3055419921875,6.283935546875
4,0.45694444444444438,-0.08917236328125,0.52734375,12.09405517578125
5,0.19722222222222219,0.0655517578125,1.29791259765625,6.4388427734375
4,0.4638888888888888,-0.092041015625,0.4996337890625,12.24530029296875
5,0.20416666666666661,0.06396484375,1.2896728515625,6.59039306640625
4,0.47083333333333321,-0.0948486328125,0.47137451171875,12.396484375
5,0.21111111111111103,0.0623779296875,1.28106689453125,6.74163818359375
4,0.47777777777777763,-0.09771728515625,0.44268798828125,12.5477294921875
5,0.21805555555555567,0.060791015625,1.27191162109375,6.89288330078125
4,0.48472222222222228,-0.10052490234375,0.41351318359375,12.698974609375
5,0.22500000000000009,0.0592041015625,1.2623291015625,7.0440673828125
4,0.4916666666666667,-0.1033935546875,0.3839111328125,12.85015869140625
5,0.23194444444444451,0.0576171875,1.25225830078125,7.1953125
4,0.49861111111111112,-0.10626220703125,0.353759765625,13.00140380859375
5,0.23888888888888893,0.0560302734375,1.24176025390625,7.3465576171875
4,0.50555555555555554,-0.10906982421875,0.3232421875,13.152587890625
5,0.24583333333333335,0.054443359375,1.23077392578125,7.497802734375
4,0.5125,-0.1119384765625,0.292236328125,13.3038330078125
5,0.25277777777777777,0.0528564453125,1.21923828125,7.6490478515625
4,0.51944444444444438,-0.11474609375,0.26068115234375,13.455078125
5,0.25972222222222219,0.05126953125,1.20733642578125,7.80029296875
4,0.5263888888888888,-0.11761474609375,0.22869873046875,13.60626220703125
6,0,0.12615966796875,1.34503173828125,0.6480712890625
5,0.26666666666666661,0.0496826171875,1.19488525390625,7.9515380859375
4,0.53333333333333321,-0.1204833984375,0.1961669921875,13.75750732421875
6,0.00694444444444442,0.12744140625,1.34173583984375,0.877197265625
5,0.273611111111111,0.048095703125,1.1820068359375,8.102783203125
4,0.54027777777777763,-0.123291015625,0.16326904296875,13.90869140625
6,0.013888888888889062,0.12872314453125,1.33843994140625,1.1063232421875
5,0.28055555555555567,0.0465087890625,1.1685791015625,8.2540283203125
4,0.54722222222222228,-0.12615966796875,0.12982177734375,14.0599365234375
6,0.020833333333333481,0.1300048828125,1.33514404296875,1.33551025390625
5,0.28750000000000009,0.044921875,1.15478515625,8.4052734375
4,0.5541666666666667,-0.1290283203125,0.09600830078125,14.211181640625
6,0.0277777777777779,0.13134765625,1.33184814453125,1.56463623046875
5,0.29444444444444451,0.0433349609375,1.14044189453125,8.55645751953125
4,0.56111111111111112,-0.1318359375,0.06158447265625,14.36236572265625
6,0.034722222222222321,0.13262939453125,1.32861328125,1.79376220703125
5,0.30138888888888893,0.041748046875,1.12567138671875,8.70770263671875
4,0.56805555555555554,-0.13470458984375,0.02679443359375,14.51361083984375
6,0.041666666666666741,0.1339111328125,1.3253173828125,2.02288818359375
5,0.30833333333333335,0.0401611328125,1.11041259765625,8.85894775390625
4,0.568406381954719,-0.13482666015625,0,14.521240234375
6,0.04861111111111116,0.13519287109375,1.322021484375,2.2520751953125
5,0.31527777777777777,0.03857421875,1.09466552734375,9.01019287109375
6,0.05555555555555558,0.136474609375,1.3187255859375,2.481201171875
5,0.32222222222222219,0.0369873046875,1.0784912109375,9.16143798828125
6,0.0625,0.13775634765625,1.3154296875,2.7103271484375
5,0.32916666666666661,0.03546142578125,1.061767578125,9.31268310546875
6,0.06944444444444442,0.1390380859375,1.31207275390625,2.93914794921875
5,0.336111111111111,0.03387451171875,1.044677734375,9.46392822265625
6,0.076388888888889062,0.14031982421875,1.30841064453125,3.16461181640625
5,0.34305555555555567,0.03228759765625,1.0269775390625,9.61517333984375
6,0.083333333333333481,0.1416015625,1.30438232421875,3.38604736328125
5,0.35000000000000009,0.03070068359375,1.0089111328125,9.76641845703125
6,0.0902777777777779,0.142822265625,1.29986572265625,3.60345458984375
5,0.35694444444444451,0.02911376953125,0.99029541015625,9.9176025390625
6,0.097222222222222321,0.14398193359375,1.29498291015625,3.8167724609375
5,0.36388888888888893,0.02752685546875,0.9713134765625,10.06884765625
6,0.10416666666666674,0.14520263671875,1.2896728515625,4.0260009765625
5,0.37083333333333335,0.02593994140625,0.95184326171875,10.2200927734375
6,0.11111111111111116,0.1463623046875,1.28387451171875,4.231201171875
5,0.37777777777777777,0.02435302734375,0.93182373046875,10.371337890625
6,0.11805555555555558,0.1474609375,1.27777099609375,4.43231201171875
5,0.38472222222222219,0.02276611328125,0.911376953125,10.5225830078125
6,0.125,0.1485595703125,1.271240234375,4.62945556640625
5,0.39166666666666661,0.02117919921875,0.890380859375,10.673828125
6,0.13194444444444442,0.149658203125,1.26422119140625,4.82244873046875
5,0.398611111111111,0.01959228515625,0.8690185546875,10.8250732421875
6,0.13888888888888906,0.15069580078125,1.2568359375,5.01141357421875
5,0.40555555555555567,0.01800537109375,0.84710693359375,10.976318359375
6,0.14583333333333348,0.15179443359375,1.2490234375,5.19635009765625
5,0.41250000000000009,0.01641845703125,0.82476806640625,11.1275634765625
6,0.1527777777777779,0.15277099609375,1.2408447265625,5.377197265625
5,0.41944444444444451,0.01483154296875,0.80194091796875,11.27880859375
6,0.15972222222222232,0.15380859375,1.232177734375,5.553955078125
5,0.42638888888888893,0.01324462890625,0.7786865234375,11.42999267578125
6,0.16666666666666674,0.15472412109375,1.22314453125,5.72674560546875
5,0.43333333333333335,0.01165771484375,0.75494384765625,11.58123779296875
6,0.17361111111111116,0.15570068359375,1.21368408203125,5.8953857421875
5,0.44027777777777777,0.01007080078125,0.73065185546875,11.73248291015625
6,0.18055555555555558,0.1566162109375,1.20379638671875,6.05999755859375
5,0.44722222222222219,0.00848388671875,0.7059326171875,11.88372802734375
6,0.1875,0.15753173828125,1.1934814453125,6.2205810546875
5,0.45416666666666661,0.0069580078125,0.68072509765625,12.03497314453125
6,0.19444444444444442,0.15838623046875,1.18280029296875,6.3770751953125
5,0.461111111111111,0.00537109375,0.65509033203125,12.18621826171875
6,0.20138888888888906,0.1593017578125,1.17169189453125,6.52960205078125
5,0.46805555555555567,0.0037841796875,0.62896728515625,12.33746337890625
6,0.20833333333333348,0.16009521484375,1.16009521484375,6.68084716796875
5,0.47500000000000009,0.002197265625,0.60235595703125,12.48870849609375
6,0.2152777777777779,0.16094970703125,1.1480712890625,6.83209228515625
5,0.48194444444444451,0.0006103515625,0.57525634765625,12.63995361328125
6,0.22222222222222232,0.16180419921875,1.135498046875,6.98333740234375
5,0.48888888888888893,-0.0009765625,0.5477294921875,12.7911376953125
6,0.22916666666666674,0.16265869140625,1.12249755859375,7.134521484375
5,0.49583333333333335,-0.0025634765625,0.51971435546875,12.9423828125
6,0.23611111111111116,0.16351318359375,1.10906982421875,7.2857666015625
5,0.50277777777777777,-0.004150390625,0.4912109375,13.0936279296875
6,0.24305555555555558,0.16436767578125,1.0950927734375,7.43701171875
5,0.50972222222222219,-0.0057373046875,0.4622802734375,13.244873046875
6,0.25,0.16522216796875,1.08074951171875,7.5882568359375
5,0.51666666666666661,-0.00732421875,0.43280029296875,13.3961181640625
6,0.25694444444444442,0.16607666015625,1.0657958984375,7.739501953125
5,0.523611111111111,-0.0089111328125,0.40289306640625,13.54736328125
6,0.26388888888888906,0.16693115234375,1.05047607421875,7.89068603515625
5,0.53055555555555567,-0.010498046875,0.37249755859375,13.6986083984375
7,0,0.12615966796875,1.34503173828125,0.6480712890625
7,0.0041666666666668739,0.12542724609375,1.34686279296875,0.78558349609375
6,0.27083333333333348,0.16778564453125,1.03466796875,8.04193115234375
5,0.53750000000000009,-0.0120849609375,0.3416748046875,13.849853515625
7,0.011111111111111294,0.12420654296875,1.3499755859375,1.01470947265625
6,0.2777777777777779,0.16864013671875,1.018310546875,8.19317626953125
5,0.54444444444444451,-0.013671875,0.310302734375,14.0010986328125
7,0.018055555555555713,0.12298583984375,1.35308837890625,1.24383544921875
6,0.28472222222222232,0.16949462890625,1.0015869140625,8.34442138671875
5,0.55138888888888893,-0.0152587890625,0.27850341796875,14.15234375
7,0.025000000000000133,0.121826171875,1.356201171875,1.47296142578125
6,0.29166666666666674,0.17034912109375,0.98431396484375,8.49566650390625
5,0.55833333333333335,-0.016845703125,0.24627685546875,14.30352783203125
7,0.031944444444444553,0.12060546875,1.35931396484375,1.7021484375
6,0.29861111111111116,0.17120361328125,0.96661376953125,8.6468505859375
5,0.56527777777777777,-0.0184326171875,0.2135009765625,14.45477294921875
7,0.038888888888888973,0.119384765625,1.36236572265625,1.9312744140625
6,0.30555555555555558,0.17205810546875,0.9483642578125,8.798095703125
5,0.57222222222222219,-0.02001953125,0.1802978515625,14.60601806640625
7,0.045833333333333393,0.1181640625,1.365478515625,2.160400390625
6,0.3125,0.17291259765625,0.92974853515625,8.9493408203125
5,0.57916666666666661,-0.0216064453125,0.1466064453125,14.75726318359375
7,0.052777777777777812,0.116943359375,1.36859130859375,2.3895263671875
6,0.31944444444444442,0.17376708984375,0.91058349609375,9.1005859375
5,0.586111111111111,-0.02313232421875,0.1124267578125,14.90850830078125
7,0.059722222222222454,0.11572265625,1.3717041015625,2.61871337890625
6,0.32638888888888906,0.17462158203125,0.8909912109375,9.25177001953125
5,0.59305555555555567,-0.02471923828125,0.0777587890625,15.05975341796875
7,0.066666666666666874,0.11456298828125,1.37481689453125,2.84783935546875
6,0.33333333333333348,0.17547607421875,0.87091064453125,9.40301513671875
5,0.60000000000000009,-0.02630615234375,0.04266357421875,15.21099853515625
7,0.0736111111111113,0.11334228515625,1.37762451171875,3.074951171875
6,0.3402777777777779,0.17626953125,0.850341796875,9.55426025390625
5,0.60344482553398948,-0.027099609375,0,15.2860107421875
7,0.080555555555555713,0.1121826171875,1.3800048828125,3.29803466796875
6,0.34722222222222232,0.1771240234375,0.829345703125,9.70550537109375
7,0.087500000000000133,0.11102294921875,1.3817138671875,3.51702880859375
6,0.35416666666666674,0.177978515625,0.80780029296875,9.85675048828125
7,0.094444444444444553,0.10986328125,1.38299560546875,3.73193359375
6,0.36111111111111116,0.1788330078125,0.785888671875,10.0079345703125
7,0.10138888888888897,0.1087646484375,1.3836669921875,3.94281005859375
6,0.36805555555555558,0.1796875,0.763427734375,10.1591796875
7,0.10833333333333339,0.107666015625,1.3839111328125,4.149658203125
6,0.375,0.1805419921875,0.740478515625,10.3104248046875
7,0.11527777777777781,0.1065673828125,1.383544921875,4.3524169921875
6,0.38194444444444442,0.181396484375,0.71710205078125,10.461669921875
7,0.12222222222222245,0.10552978515625,1.3826904296875,4.5511474609375
6,0.38888888888888906,0.1822509765625,0.6932373046875,10.6129150390625
7,0.12916666666666687,0.1044921875,1.38134765625,4.74578857421875
6,0.39583333333333348,0.18310546875,0.66888427734375,10.76409912109375
7,0.13611111111111129,0.103515625,1.37945556640625,4.9364013671875
6,0.4027777777777779,0.1839599609375,0.64410400390625,10.91534423828125
7,0.14305555555555571,0.1025390625,1.37701416015625,5.1229248046875
6,0.40972222222222232,0.184814453125,0.61883544921875,11.06658935546875
7,0.15000000000000013,0.1015625,1.3740234375,5.305419921875
6,0.41666666666666674,0.1856689453125,0.59307861328125,11.21783447265625
7,0.15694444444444455,0.1005859375,1.37054443359375,5.48382568359375
6,0.42361111111111116,0.1865234375,0.5667724609375,11.3690185546875
7,0.16388888888888897,0.09967041015625,1.36651611328125,5.658203125
6,0.43055555555555558,0.1873779296875,0.5401611328125,11.520263671875
7,0.17083333333333339,0.09881591796875,1.36199951171875,5.8284912109375
6,0.4375,0.188232421875,0.512939453125,11.6715087890625
7,0.17777777777777781,0.097900390625,1.35687255859375,5.9947509765625
6,0.44444444444444442,0.1890869140625,0.4853515625,11.82275390625
7,0.18472222222222245,0.0970458984375,1.35125732421875,6.15692138671875
6,0.45138888888888906,0.18994140625,0.4571533203125,11.9739990234375
7,0.19166666666666687,0.09619140625,1.34515380859375,6.3150634765625
6,0.45833333333333348,0.1907958984375,0.42864990234375,12.12518310546875
7,0.19861111111111129,0.09539794921875,1.3385009765625,6.4691162109375
6,0.4652777777777779,0.191650390625,0.3995361328125,12.27642822265625
7,0.20555555555555571,0.0946044921875,1.331298828125,6.62042236328125
6,0.47222222222222232,0.1925048828125,0.3699951171875,12.42767333984375
7,0.21250000000000013,0.09381103515625,1.32373046875,6.77166748046875
6,0.47916666666666674,0.19329833984375,0.34002685546875,12.57891845703125
7,0.21944444444444455,0.093017578125,1.3155517578125,6.92291259765625
6,0.48611111111111116,0.19415283203125,0.30950927734375,12.73016357421875
7,0.22638888888888897,0.09222412109375,1.3070068359375,7.07415771484375
6,0.49305555555555558,0.19500732421875,0.278564453125,12.88134765625
7,0.23333333333333339,0.0914306640625,1.29791259765625,7.22540283203125
6,0.5,0.19586181640625,0.24713134765625,13.0325927734375
7,0.24027777777777781,0.09063720703125,1.28839111328125,7.3765869140625
6,0.50694444444444442,0.19671630859375,0.21527099609375,13.183837890625
7,0.24722222222222245,0.08984375,1.27838134765625,7.52783203125
6,0.51388888888888906,0.19757080078125,0.182861328125,13.3350830078125
7,0.25416666666666687,0.0889892578125,1.2679443359375,7.6790771484375
6,0.52083333333333348,0.19842529296875,0.15008544921875,13.48626708984375
7,0.26111111111111129,0.08819580078125,1.2569580078125,7.830322265625
6,0.5277777777777779,0.19927978515625,0.11669921875,13.63751220703125
8,0,0.12615966796875,1.34503173828125,0.6480712890625
8,0.001388888888889106,0.12652587890625,1.3450927734375,0.69390869140625
7,0.26805555555555571,0.08740234375,1.24554443359375,7.9815673828125
6,0.53472222222222232,0.20013427734375,0.0828857421875,13.78875732421875
8,0.0083333333333335258,0.1285400390625,1.34527587890625,0.92303466796875
7,0.27500000000000013,0.08660888671875,1.233642578125,8.13275146484375
6,0.54166666666666674,0.20098876953125,0.04864501953125,13.94000244140625
8,0.015277777777777946,0.1304931640625,1.345458984375,1.1522216796875
7,0.28194444444444455,0.0858154296875,1.22125244140625,8.28399658203125
6,0.54639230602167443,0.20159912109375,0,14.04290771484375
8,0.022222222222222365,0.13250732421875,1.34564208984375,1.38134765625
7,0.288888888888889,0.08502197265625,1.20843505859375,8.43524169921875
8,0.029166666666666785,0.13446044921875,1.34588623046875,1.61053466796875
7,0.29583333333333339,0.084228515625,1.19512939453125,8.58648681640625
8,0.036111111111111205,0.13641357421875,1.3460693359375,1.8397216796875
7,0.30277777777777781,0.08343505859375,1.18133544921875,8.73773193359375
8,0.043055555555555847,0.138427734375,1.34625244140625,2.06884765625
7,0.30972222222222245,0.0826416015625,1.16705322265625,8.88897705078125
8,0.050000000000000266,0.140380859375,1.346435546875,2.29803466796875
7,0.31666666666666687,0.08184814453125,1.15234375,9.0401611328125
8,0.056944444444444686,0.142333984375,1.3466796875,2.52716064453125
7,0.32361111111111129,0.0810546875,1.13714599609375,9.19140625
8,0.0638888888888891,0.14434814453125,1.34686279296875,2.75634765625
7,0.33055555555555571,0.0802001953125,1.1214599609375,9.3426513671875
8,0.070833333333333526,0.14630126953125,1.34698486328125,2.9847412109375
7,0.33750000000000013,0.07940673828125,1.10528564453125,9.493896484375
8,0.077777777777777946,0.14825439453125,1.34661865234375,3.20947265625
7,0.34444444444444455,0.07861328125,1.08868408203125,9.6451416015625
8,0.084722222222222365,0.150146484375,1.34588623046875,3.4300537109375
7,0.351388888888889,0.07781982421875,1.07159423828125,9.79638671875
8,0.091666666666666785,0.1519775390625,1.3446044921875,3.64666748046875
7,0.35833333333333339,0.0770263671875,1.05401611328125,9.94757080078125
8,0.0986111111111112,0.15380859375,1.34283447265625,3.85919189453125
7,0.36527777777777781,0.07623291015625,1.03594970703125,10.09881591796875
8,0.10555555555555585,0.1556396484375,1.34063720703125,4.067626953125
7,0.37222222222222245,0.075439453125,1.01751708984375,10.25006103515625
8,0.11250000000000027,0.15740966796875,1.337890625,4.27203369140625
7,0.37916666666666687,0.07464599609375,0.99847412109375,10.40130615234375
8,0.11944444444444469,0.15911865234375,1.33465576171875,4.472412109375
7,0.38611111111111129,0.0738525390625,0.97906494140625,10.55255126953125
8,0.12638888888888911,0.16082763671875,1.3310546875,4.668701171875
7,0.39305555555555571,0.07305908203125,0.9591064453125,10.7037353515625
8,0.13333333333333353,0.1624755859375,1.326904296875,4.86090087890625
7,0.40000000000000013,0.072265625,0.938720703125,10.85498046875
8,0.14027777777777817,0.1640625,1.32232666015625,5.049072265625
7,0.40694444444444478,0.0714111328125,0.9178466796875,11.0062255859375
8,0.14722222222222237,0.1656494140625,1.31719970703125,5.23321533203125
7,0.413888888888889,0.07061767578125,0.896484375,11.157470703125
8,0.154166666666667,0.167236328125,1.3116455078125,5.41326904296875
7,0.42083333333333361,0.06982421875,0.87469482421875,11.3087158203125
8,0.1611111111111112,0.16876220703125,1.30560302734375,5.5892333984375
7,0.42777777777777781,0.06903076171875,0.85235595703125,11.4599609375
8,0.16805555555555585,0.17022705078125,1.29913330078125,5.76116943359375
7,0.43472222222222245,0.0682373046875,0.82965087890625,11.61114501953125
8,0.17500000000000004,0.17169189453125,1.2921142578125,5.9290771484375
7,0.44166666666666665,0.06744384765625,0.80633544921875,11.76239013671875
8,0.18194444444444469,0.173095703125,1.28460693359375,6.0928955078125
7,0.44861111111111129,0.066650390625,0.78265380859375,11.91363525390625
8,0.18888888888888888,0.1744384765625,1.2767333984375,6.252685546875
7,0.45555555555555549,0.06585693359375,0.75848388671875,12.06488037109375
8,0.19583333333333353,0.17578125,1.268310546875,6.40838623046875
7,0.46250000000000013,0.0650634765625,0.73382568359375,12.21612548828125
8,0.20277777777777817,0.1771240234375,1.2593994140625,6.56036376953125
7,0.46944444444444478,0.06427001953125,0.70867919921875,12.3673095703125
8,0.20972222222222237,0.17840576171875,1.25,6.71160888671875
7,0.476388888888889,0.0634765625,0.68310546875,12.5185546875
8,0.216666666666667,0.17974853515625,1.24017333984375,6.86285400390625
7,0.48333333333333361,0.0626220703125,0.656982421875,12.6697998046875
8,0.2236111111111112,0.1810302734375,1.22991943359375,7.01409912109375
7,0.49027777777777781,0.06182861328125,0.6304931640625,12.821044921875
8,0.23055555555555585,0.18231201171875,1.2191162109375,7.16534423828125
7,0.49722222222222245,0.06103515625,0.60345458984375,12.9722900390625
8,0.23750000000000004,0.18365478515625,1.20782470703125,7.31658935546875
7,0.50416666666666665,0.06024169921875,0.57598876953125,13.12353515625
8,0.24444444444444469,0.1849365234375,1.19610595703125,7.46783447265625
7,0.51111111111111129,0.0594482421875,0.5479736328125,13.27471923828125
8,0.25138888888888888,0.18621826171875,1.18389892578125,7.61907958984375
7,0.51805555555555549,0.05865478515625,0.51953125,13.42596435546875
8,0.25833333333333353,0.18756103515625,1.17120361328125,7.77032470703125
7,0.52500000000000013,0.057861328125,0.49066162109375,13.57720947265625
8,0.26527777777777817,0.1888427734375,1.15802001953125,7.92156982421875
7,0.53194444444444478,0.05706787109375,0.46124267578125,13.72845458984375
9,0,0.12615966796875,1.34503173828125,0.6480712890625
9,0.0055555555555555358,0.13018798828125,1.34503173828125,0.83135986328125
8,0.27222222222222237,0.19012451171875,1.14447021484375,8.07281494140625
7,0.538888888888889,0.0562744140625,0.43145751953125,13.87969970703125
9,0.012500000000000178,0.13519287109375,1.3450927734375,1.06048583984375
8,0.279166666666667,0.19146728515625,1.13037109375,8.22406005859375
7,0.54583333333333361,0.05548095703125,0.40106201171875,14.0308837890625
9,0.019444444444444375,0.1402587890625,1.3450927734375,1.28961181640625
8,0.2861111111111112,0.1927490234375,1.11578369140625,8.37530517578125
7,0.55277777777777781,0.0546875,0.37030029296875,14.18212890625
9,0.026388888888889017,0.145263671875,1.34515380859375,1.5186767578125
8,0.29305555555555585,0.194091796875,1.1007080078125,8.52655029296875
7,0.55972222222222245,0.0538330078125,0.3389892578125,14.3333740234375
9,0.033333333333333215,0.15032958984375,1.34515380859375,1.747802734375
8,0.30000000000000004,0.19537353515625,1.085205078125,8.67779541015625
7,0.56666666666666665,0.05303955078125,0.30731201171875,14.484619140625
9,0.040277777777777857,0.15533447265625,1.34521484375,1.9769287109375
8,0.30694444444444469,0.1966552734375,1.0692138671875,8.82904052734375
7,0.57361111111111129,0.05224609375,0.2750244140625,14.6358642578125
9,0.047222222222222054,0.160400390625,1.34521484375,2.2060546875
8,0.31388888888888888,0.197998046875,1.052734375,8.98028564453125
7,0.58055555555555549,0.05145263671875,0.24237060546875,14.787109375
9,0.054166666666666696,0.1654052734375,1.34527587890625,2.43511962890625
8,0.32083333333333353,0.19927978515625,1.035888671875,9.13153076171875
7,0.58750000000000013,0.0506591796875,0.20916748046875,14.93829345703125
9,0.061111111111111338,0.17047119140625,1.34527587890625,2.66424560546875
8,0.32777777777777817,0.2005615234375,1.0184326171875,9.28277587890625
7,0.59444444444444478,0.04986572265625,0.17559814453125,15.08953857421875
9,0.068055555555555536,0.17547607421875,1.3453369140625,2.893310546875
8,0.33472222222222237,0.201904296875,1.00054931640625,9.43402099609375
7,0.601388888888889,0.049072265625,0.14141845703125,15.24078369140625
9,0.075000000000000178,0.18048095703125,1.344970703125,3.11956787109375
8,0.341666666666667,0.20318603515625,0.98223876953125,9.58526611328125
7,0.60833333333333361,0.04827880859375,0.10687255859375,15.39202880859375
9,0.081944444444444375,0.18536376953125,1.34423828125,3.341796875
8,0.3486111111111112,0.2044677734375,0.96337890625,9.7364501953125
7,0.61527777777777781,0.0474853515625,0.07177734375,15.54327392578125
9,0.088888888888889017,0.19012451171875,1.34295654296875,3.5599365234375
8,0.35555555555555585,0.205810546875,0.944091796875,9.8876953125
7,0.62222222222222245,0.04669189453125,0.03631591796875,15.6944580078125
9,0.095833333333333215,0.19488525390625,1.34130859375,3.7740478515625
8,0.36250000000000004,0.20709228515625,0.92437744140625,10.0389404296875
7,0.6243983830591805,0.04644775390625,0,15.74188232421875
9,0.10277777777777786,0.199462890625,1.33905029296875,3.98406982421875
8,0.36944444444444469,0.2083740234375,0.90411376953125,10.190185546875
9,0.10972222222222205,0.2039794921875,1.33642578125,4.1900634765625
8,0.37638888888888888,0.209716796875,0.8834228515625,10.3414306640625
9,0.1166666666666667,0.20843505859375,1.333251953125,4.3919677734375
8,0.38333333333333353,0.21099853515625,0.86224365234375,10.49267578125
9,0.12361111111111134,0.2127685546875,1.32965087890625,4.58984375
8,0.39027777777777817,0.21234130859375,0.840576171875,10.6439208984375
9,0.13055555555555554,0.217041015625,1.3255615234375,4.78369140625
8,0.39722222222222237,0.213623046875,0.81842041015625,10.795166015625
9,0.13750000000000018,0.22119140625,1.32098388671875,4.97344970703125
8,0.404166666666667,0.21490478515625,0.7957763671875,10.9464111328125
9,0.14444444444444438,0.22528076171875,1.31597900390625,5.15911865234375
8,0.4111111111111112,0.21624755859375,0.77276611328125,11.09765625
9,0.15138888888888902,0.22930908203125,1.31048583984375,5.34075927734375
8,0.41805555555555585,0.217529296875,0.74920654296875,11.2489013671875
9,0.15833333333333321,0.23321533203125,1.304443359375,5.51837158203125
8,0.42500000000000004,0.21881103515625,0.7252197265625,11.400146484375
9,0.16527777777777786,0.23699951171875,1.29803466796875,5.69189453125
8,0.43194444444444469,0.22015380859375,0.70068359375,11.5513916015625
9,0.17222222222222205,0.24072265625,1.2911376953125,5.861328125
8,0.43888888888888888,0.221435546875,0.67572021484375,11.70263671875
9,0.1791666666666667,0.244384765625,1.28369140625,6.0267333984375
8,0.44583333333333353,0.22271728515625,0.6502685546875,11.8538818359375
9,0.18611111111111134,0.2479248046875,1.27587890625,6.1881103515625
8,0.45277777777777817,0.22406005859375,0.62432861328125,12.005126953125
9,0.19305555555555554,0.2513427734375,1.26751708984375,6.34539794921875
8,0.45972222222222237,0.225341796875,0.5980224609375,12.1563720703125
9,0.20000000000000018,0.2547607421875,1.2586669921875,6.4986572265625
8,0.466666666666667,0.22662353515625,0.5711669921875,12.3076171875
9,0.20694444444444438,0.258056640625,1.2493896484375,6.64990234375
8,0.4736111111111112,0.22796630859375,0.5438232421875,12.4588623046875
9,0.21388888888888902,0.2613525390625,1.2396240234375,6.80108642578125
8,0.48055555555555585,0.229248046875,0.5159912109375,12.610107421875
9,0.22083333333333321,0.26470947265625,1.2293701171875,6.9522705078125
8,0.48750000000000004,0.2305908203125,0.48773193359375,12.7613525390625
9,0.22777777777777786,0.26800537109375,1.21868896484375,7.103515625
8,0.49444444444444469,0.23187255859375,0.458984375,12.91259765625
9,0.23472222222222205,0.2713623046875,1.20751953125,7.25469970703125
8,0.50138888888888888,0.233154296875,0.4298095703125,13.0638427734375
9,0.2416666666666667,0.274658203125,1.19580078125,7.40594482421875
8,0.50833333333333353,0.2344970703125,0.400146484375,13.215087890625
9,0.24861111111111134,0.27801513671875,1.1837158203125,7.55712890625
8,0.51527777777777817,0.23577880859375,0.36993408203125,13.3663330078125
9,0.25555555555555554,0.28131103515625,1.171142578125,7.7083740234375
8,0.52222222222222237,0.237060546875,0.33929443359375,13.517578125
9,0.26250000000000018,0.28466796875,1.15802001953125,7.85955810546875
8,0.529166666666667,0.2384033203125,0.30816650390625,13.6688232421875
10,0,0.12615966796875,1.34503173828125,0.6480712890625
10,0.0027777777777777679,0.12774658203125,1.34344482421875,0.73968505859375
9,0.26944444444444438,0.2879638671875,1.14453125,8.01080322265625
8,0.5361111111111112,0.23968505859375,0.276611328125,13.820068359375
10,0.00972222222222241,0.1317138671875,1.3394775390625,0.96881103515625
9,0.276388888888889,0.291259765625,1.1304931640625,8.1619873046875
8,0.54305555555555585,0.240966796875,0.2445068359375,13.9713134765625
10,0.016666666666666607,0.13568115234375,1.33551025390625,1.19793701171875
9,0.28333333333333321,0.29461669921875,1.115966796875,8.313232421875
8,0.55,0.2423095703125,0.2120361328125,14.12255859375
10,0.023611111111111249,0.13958740234375,1.33154296875,1.427001953125
9,0.29027777777777786,0.29791259765625,1.10107421875,8.46441650390625
8,0.55694444444444469,0.24359130859375,0.1790771484375,14.2738037109375
10,0.030555555555555447,0.1435546875,1.32763671875,1.6561279296875
9,0.29722222222222205,0.30126953125,1.08563232421875,8.61566162109375
8,0.56388888888888888,0.244873046875,0.14556884765625,14.425048828125
10,0.037500000000000089,0.14752197265625,1.32366943359375,1.88519287109375
9,0.3041666666666667,0.3045654296875,1.0697021484375,8.766845703125
8,0.57083333333333353,0.2462158203125,0.11163330078125,14.5762939453125
10,0.044444444444444731,0.1514892578125,1.3197021484375,2.11431884765625
9,0.31111111111111134,0.30792236328125,1.0533447265625,8.9180908203125
8,0.57777777777777817,0.24749755859375,0.07720947265625,14.7275390625
10,0.051388888888888928,0.1553955078125,1.31573486328125,2.3433837890625
9,0.31805555555555554,0.31121826171875,1.03643798828125,9.06927490234375
8,0.58472222222222237,0.24884033203125,0.04229736328125,14.8787841796875
10,0.05833333333333357,0.15936279296875,1.311767578125,2.572509765625
9,0.32500000000000018,0.3145751953125,1.01910400390625,9.22052001953125
8,0.58811888294853953,0.24945068359375,0,14.9527587890625
10,0.065277777777777768,0.163330078125,1.30780029296875,2.80157470703125
9,0.33194444444444438,0.31787109375,1.0013427734375,9.3717041015625
10,0.07222222222222241,0.167236328125,1.30377197265625,3.0294189453125
9,0.338888888888889,0.3211669921875,0.98309326171875,9.52294921875
10,0.079166666666666607,0.171142578125,1.2991943359375,3.25323486328125
9,0.34583333333333321,0.32452392578125,0.96429443359375,9.67413330078125
10,0.086111111111111249,0.1749267578125,1.29437255859375,3.47296142578125
9,0.35277777777777786,0.32781982421875,0.945068359375,9.82537841796875
10,0.093055555555555447,0.17864990234375,1.2890625,3.688720703125
9,0.35972222222222205,0.3311767578125,0.9254150390625,9.9765625
10,0.10000000000000009,0.18231201171875,1.28338623046875,3.90032958984375
9,0.3666666666666667,0.33447265625,0.9052734375,10.1278076171875
10,0.10694444444444473,0.18585205078125,1.27728271484375,4.10797119140625
9,0.37361111111111134,0.33782958984375,0.88458251953125,10.27899169921875
10,0.11388888888888893,0.18939208984375,1.27081298828125,4.31146240234375
9,0.38055555555555554,0.34112548828125,0.863525390625,10.43023681640625
10,0.12083333333333357,0.19281005859375,1.26385498046875,4.510986328125
9,0.38750000000000018,0.344482421875,0.8419189453125,10.5814208984375
10,0.12777777777777777,0.19622802734375,1.256591796875,4.7064208984375
9,0.39444444444444438,0.3477783203125,0.81988525390625,10.732666015625
10,0.13472222222222241,0.19952392578125,1.2489013671875,4.89776611328125
9,0.401388888888889,0.35107421875,0.79736328125,10.88385009765625
10,0.14166666666666661,0.2027587890625,1.24078369140625,5.0850830078125
9,0.40833333333333321,0.35443115234375,0.77435302734375,11.0350341796875
10,0.14861111111111125,0.2059326171875,1.2322998046875,5.268310546875
9,0.41527777777777786,0.35772705078125,0.7508544921875,11.186279296875
10,0.15555555555555545,0.208984375,1.223388671875,5.447509765625
9,0.42222222222222205,0.361083984375,0.72698974609375,11.33746337890625
10,0.16250000000000009,0.2120361328125,1.214111328125,5.6226806640625
9,0.4291666666666667,0.3643798828125,0.7025146484375,11.48870849609375
10,0.16944444444444473,0.2149658203125,1.204345703125,5.79376220703125
9,0.43611111111111134,0.36773681640625,0.6776123046875,11.639892578125
10,0.17638888888888893,0.21783447265625,1.1942138671875,5.96075439453125
9,0.44305555555555554,0.37103271484375,0.65234375,11.7911376953125
10,0.18333333333333357,0.220703125,1.1837158203125,6.123779296875
9,0.45000000000000018,0.3743896484375,0.62646484375,11.94232177734375
10,0.19027777777777777,0.22344970703125,1.17279052734375,6.28265380859375
9,0.45694444444444438,0.377685546875,0.60015869140625,12.09356689453125
10,0.19722222222222241,0.22607421875,1.1614990234375,6.4375
9,0.463888888888889,0.3809814453125,0.57342529296875,12.2447509765625
10,0.20416666666666661,0.22869873046875,1.14971923828125,6.58905029296875
9,0.47083333333333321,0.38433837890625,0.546142578125,12.39599609375
10,0.21111111111111125,0.2313232421875,1.13751220703125,6.740234375
9,0.47777777777777786,0.38763427734375,0.51837158203125,12.54718017578125
10,0.21805555555555545,0.23394775390625,1.12481689453125,6.8914794921875
9,0.48472222222222205,0.3909912109375,0.490234375,12.69842529296875
10,0.22500000000000009,0.23651123046875,1.1116943359375,7.04266357421875
9,0.4916666666666667,0.394287109375,0.4615478515625,12.849609375
10,0.23194444444444473,0.2391357421875,1.09808349609375,7.19384765625
9,0.49861111111111134,0.39764404296875,0.432373046875,13.0008544921875
10,0.23888888888888893,0.24176025390625,1.083984375,7.3450927734375
9,0.50555555555555554,0.40093994140625,0.40283203125,13.15203857421875
10,0.24583333333333357,0.244384765625,1.06939697265625,7.49627685546875
9,0.51250000000000018,0.404296875,0.37274169921875,13.30328369140625
10,0.25277777777777777,0.24700927734375,1.0543212890625,7.6474609375
9,0.51944444444444438,0.4075927734375,0.3421630859375,13.4544677734375
10,0.25972222222222241,0.24957275390625,1.038818359375,7.7987060546875
9,0.526388888888889,0.410888671875,0.3111572265625,13.605712890625
11,0,0.12615966796875,1.34503173828125,0.6480712890625
10,0.26666666666666661,0.252197265625,1.02288818359375,7.94989013671875
9,0.53333333333333321,0.41424560546875,0.27960205078125,13.75689697265625
11,0.0069444444444446418,0.12908935546875,1.3426513671875,0.877197265625
10,0.27361111111111125,0.25482177734375,1.00640869140625,8.10107421875
9,0.54027777777777786,0.41754150390625,0.24761962890625,13.90814208984375
11,0.01388888888888884,0.1319580078125,1.3402099609375,1.1063232421875
10,0.28055555555555545,0.2574462890625,0.98944091796875,8.2523193359375
9,0.547222222222222,0.4208984375,0.21514892578125,14.059326171875
11,0.020833333333333481,0.1348876953125,1.33782958984375,1.33544921875
10,0.28750000000000009,0.260009765625,0.9720458984375,8.40350341796875
9,0.5541666666666667,0.4241943359375,0.18231201171875,14.2105712890625
11,0.027777777777778123,0.1378173828125,1.33538818359375,1.56463623046875
10,0.29444444444444473,0.26263427734375,0.95416259765625,8.5546875
9,0.56111111111111134,0.42755126953125,0.14886474609375,14.36175537109375
11,0.034722222222222321,0.14068603515625,1.3330078125,1.79376220703125
10,0.30138888888888893,0.2652587890625,0.93585205078125,8.7059326171875
9,0.56805555555555554,0.43084716796875,0.114990234375,14.51300048828125
11,0.041666666666666963,0.14361572265625,1.33056640625,2.02288818359375
10,0.30833333333333357,0.26788330078125,0.9169921875,8.85711669921875
9,0.57500000000000018,0.4342041015625,0.0806884765625,14.6641845703125
11,0.04861111111111116,0.14654541015625,1.32818603515625,2.25201416015625
10,0.31527777777777777,0.27044677734375,0.897705078125,9.00830078125
9,0.58194444444444438,0.4375,0.04583740234375,14.8154296875
11,0.0555555555555558,0.1494140625,1.32574462890625,2.48114013671875
10,0.32222222222222241,0.2730712890625,0.8779296875,9.1595458984375
9,0.5860438291024973,0.439453125,0,14.9046630859375
11,0.0625,0.15234375,1.3233642578125,2.71026611328125
10,0.32916666666666661,0.27569580078125,0.857666015625,9.31072998046875
11,0.069444444444444642,0.1552734375,1.3209228515625,2.9390869140625
10,0.33611111111111125,0.2783203125,0.8370361328125,9.4619140625
11,0.07638888888888884,0.15814208984375,1.318115234375,3.16461181640625
10,0.34305555555555545,0.2808837890625,0.8157958984375,9.6131591796875
11,0.083333333333333481,0.16094970703125,1.31494140625,3.385986328125
10,0.35000000000000009,0.28350830078125,0.79412841796875,9.76434326171875
11,0.090277777777778123,0.1636962890625,1.31121826171875,3.6033935546875
10,0.35694444444444473,0.2861328125,0.77197265625,9.91552734375
11,0.097222222222222321,0.1663818359375,1.30718994140625,3.81671142578125
10,0.36388888888888893,0.28875732421875,0.7493896484375,10.0667724609375
11,0.10416666666666696,0.1690673828125,1.30267333984375,4.02593994140625
10,0.37083333333333357,0.29132080078125,0.72637939453125,10.21795654296875
11,0.11111111111111116,0.17169189453125,1.29766845703125,4.23114013671875
10,0.37777777777777777,0.2939453125,0.70281982421875,10.369140625
11,0.1180555555555558,0.17425537109375,1.2923583984375,4.4322509765625
10,0.38472222222222241,0.29656982421875,0.67877197265625,10.5203857421875
11,0.125,0.1767578125,1.28656005859375,4.62933349609375
10,0.39166666666666661,0.2991943359375,0.65423583984375,10.67156982421875
11,0.13194444444444464,0.17919921875,1.2802734375,4.8223876953125
10,0.39861111111111125,0.30181884765625,0.6292724609375,10.82281494140625
11,0.13888888888888884,0.18157958984375,1.27362060546875,5.0113525390625
10,0.40555555555555545,0.30438232421875,0.60382080078125,10.9739990234375
11,0.14583333333333348,0.1839599609375,1.26654052734375,5.19622802734375
10,0.41250000000000009,0.3070068359375,0.57794189453125,11.12518310546875
11,0.15277777777777812,0.18621826171875,1.259033203125,5.3770751953125
10,0.41944444444444473,0.30963134765625,0.55157470703125,11.27642822265625
11,0.15972222222222232,0.1884765625,1.25103759765625,5.55389404296875
10,0.42638888888888893,0.312255859375,0.52471923828125,11.4276123046875
11,0.16666666666666696,0.190673828125,1.24267578125,5.72662353515625
10,0.43333333333333357,0.3148193359375,0.49737548828125,11.57879638671875
11,0.17361111111111116,0.19281005859375,1.23388671875,5.89532470703125
10,0.44027777777777777,0.31744384765625,0.46954345703125,11.73004150390625
11,0.1805555555555558,0.19488525390625,1.224609375,6.0599365234375
10,0.44722222222222241,0.320068359375,0.4412841796875,11.8812255859375
11,0.1875,0.19696044921875,1.2149658203125,6.22052001953125
10,0.45416666666666661,0.32269287109375,0.41253662109375,12.03240966796875
11,0.19444444444444464,0.19891357421875,1.204833984375,6.37701416015625
10,0.46111111111111125,0.32525634765625,0.38330078125,12.18365478515625
11,0.20138888888888884,0.20086669921875,1.1943359375,6.529541015625
10,0.46805555555555545,0.327880859375,0.3536376953125,12.3348388671875
11,0.20833333333333348,0.2027587890625,1.18328857421875,6.68072509765625
10,0.47500000000000009,0.33050537109375,0.32342529296875,12.48602294921875
11,0.21527777777777812,0.2047119140625,1.17181396484375,6.83197021484375
10,0.48194444444444473,0.3331298828125,0.2928466796875,12.63726806640625
11,0.22222222222222232,0.20660400390625,1.15985107421875,6.98321533203125
10,0.48888888888888893,0.335693359375,0.26171875,12.7884521484375
11,0.22916666666666696,0.20855712890625,1.1474609375,7.13446044921875
10,0.49583333333333357,0.33831787109375,0.2301025390625,12.93963623046875
11,0.23611111111111116,0.21044921875,1.13458251953125,7.28564453125
10,0.50277777777777777,0.3409423828125,0.19805908203125,13.09088134765625
11,0.2430555555555558,0.21240234375,1.1212158203125,7.4368896484375
10,0.50972222222222241,0.34356689453125,0.16552734375,13.2420654296875
11,0.25,0.21429443359375,1.107421875,7.588134765625
10,0.51666666666666661,0.34613037109375,0.132568359375,13.39324951171875
11,0.25694444444444464,0.21624755859375,1.09307861328125,7.7393798828125
10,0.52361111111111125,0.3487548828125,0.09906005859375,13.54449462890625
11,0.26388888888888884,0.2181396484375,1.07830810546875,7.89056396484375
10,0.53055555555555545,0.35137939453125,0.06512451171875,13.6956787109375
12,0,0.12615966796875,1.34503173828125,0.6480712890625
12,0.0041666666666668739,0.12493896484375,1.3428955078125,0.7855224609375
11,0.27083333333333348,0.2200927734375,1.0631103515625,8.04180908203125
10,0.53750000000000009,0.35400390625,0.03070068359375,13.84686279296875
12,0.011111111111111516,0.1229248046875,1.33929443359375,1.0146484375
11,0.27777777777777812,0.22198486328125,1.04736328125,8.19305419921875
10,0.53863150718666586,0.35443115234375,0,13.87152099609375
12,0.018055555555555713,0.12091064453125,1.335693359375,1.24383544921875
11,0.28472222222222232,0.22393798828125,1.03118896484375,8.34429931640625
12,0.025000000000000355,0.118896484375,1.33209228515625,1.47296142578125
11,0.29166666666666696,0.225830078125,1.0145263671875,8.4954833984375
12,0.031944444444444553,0.11688232421875,1.3284912109375,1.70208740234375
11,0.29861111111111116,0.227783203125,0.99737548828125,8.646728515625
12,0.038888888888889195,0.1148681640625,1.32489013671875,1.93121337890625
11,0.3055555555555558,0.22967529296875,0.979736328125,8.7979736328125
12,0.045833333333333393,0.11279296875,1.3212890625,2.16033935546875
11,0.3125,0.23162841796875,0.961669921875,8.94921875
12,0.052777777777778034,0.11077880859375,1.3177490234375,2.38946533203125
11,0.31944444444444464,0.2335205078125,0.943115234375,9.10040283203125
12,0.059722222222222232,0.1087646484375,1.31414794921875,2.61859130859375
11,0.32638888888888884,0.23541259765625,0.92413330078125,9.25164794921875
12,0.066666666666666874,0.10675048828125,1.310546875,2.84771728515625
11,0.33333333333333348,0.23736572265625,0.90460205078125,9.40289306640625
12,0.073611111111111516,0.104736328125,1.30670166015625,3.0748291015625
11,0.34027777777777812,0.2392578125,0.8846435546875,9.55413818359375
12,0.080555555555555713,0.102783203125,1.30255126953125,3.2978515625
11,0.34722222222222232,0.2412109375,0.86419677734375,9.705322265625
12,0.087500000000000355,0.100830078125,1.29791259765625,3.516845703125
11,0.35416666666666696,0.24310302734375,0.84326171875,9.8565673828125
12,0.094444444444444553,0.09893798828125,1.29290771484375,3.73175048828125
11,0.36111111111111116,0.24505615234375,0.8218994140625,10.0078125
12,0.10138888888888919,0.09710693359375,1.28741455078125,3.942626953125
11,0.3680555555555558,0.2469482421875,0.800048828125,10.1590576171875
12,0.10833333333333339,0.09527587890625,1.2816162109375,4.14947509765625
11,0.375,0.2489013671875,0.7777099609375,10.31024169921875
12,0.11527777777777803,0.093505859375,1.27532958984375,4.35223388671875
11,0.38194444444444464,0.25079345703125,0.7548828125,10.46148681640625
12,0.12222222222222223,0.09173583984375,1.2686767578125,4.5509033203125
11,0.38888888888888884,0.25274658203125,0.73162841796875,10.61273193359375
12,0.12916666666666687,0.09002685546875,1.2615966796875,4.74554443359375
11,0.39583333333333348,0.254638671875,0.70782470703125,10.76397705078125
12,0.13611111111111152,0.08831787109375,1.254150390625,4.9361572265625
11,0.40277777777777812,0.256591796875,0.68365478515625,10.9151611328125
12,0.14305555555555571,0.086669921875,1.24627685546875,5.1226806640625
11,0.40972222222222232,0.25848388671875,0.65887451171875,11.06640625
12,0.15000000000000036,0.0850830078125,1.2379150390625,5.30511474609375
11,0.41666666666666696,0.26043701171875,0.63372802734375,11.2176513671875
12,0.15694444444444455,0.08349609375,1.229248046875,5.4835205078125
11,0.42361111111111116,0.2623291015625,0.6080322265625,11.36883544921875
12,0.16388888888888919,0.08197021484375,1.22015380859375,5.65789794921875
11,0.4305555555555558,0.2642822265625,0.58197021484375,11.52008056640625
12,0.17083333333333339,0.0804443359375,1.21063232421875,5.82818603515625
11,0.4375,0.26617431640625,0.55535888671875,11.67132568359375
12,0.17777777777777803,0.0789794921875,1.20068359375,5.99444580078125
11,0.44444444444444464,0.26806640625,0.5283203125,11.82257080078125
12,0.18472222222222223,0.07757568359375,1.1903076171875,6.1566162109375
11,0.45138888888888884,0.27001953125,0.500732421875,11.9737548828125
12,0.19166666666666687,0.076171875,1.17962646484375,6.31475830078125
11,0.45833333333333348,0.27191162109375,0.4727783203125,12.125
12,0.19861111111111152,0.0748291015625,1.16839599609375,6.46881103515625
11,0.46527777777777812,0.27386474609375,0.44427490234375,12.2762451171875
12,0.20555555555555571,0.073486328125,1.15679931640625,6.6201171875
11,0.47222222222222232,0.2757568359375,0.41534423828125,12.427490234375
12,0.21250000000000036,0.0721435546875,1.144775390625,6.77130126953125
11,0.47916666666666696,0.2777099609375,0.38592529296875,12.57867431640625
12,0.21944444444444455,0.07080078125,1.13226318359375,6.92254638671875
11,0.48611111111111116,0.27960205078125,0.35601806640625,12.72991943359375
12,0.22638888888888919,0.0694580078125,1.1192626953125,7.07379150390625
11,0.4930555555555558,0.28155517578125,0.32562255859375,12.88116455078125
12,0.23333333333333339,0.068115234375,1.10577392578125,7.2249755859375
11,0.5,0.283447265625,0.2947998046875,13.03240966796875
12,0.24027777777777803,0.0667724609375,1.091796875,7.376220703125
11,0.50694444444444464,0.285400390625,0.26348876953125,13.18359375
12,0.24722222222222223,0.06549072265625,1.077392578125,7.5274658203125
11,0.51388888888888884,0.28729248046875,0.231689453125,13.3348388671875
12,0.25416666666666687,0.06414794921875,1.0625,7.6787109375
11,0.52083333333333348,0.28924560546875,0.199462890625,13.486083984375
12,0.26111111111111152,0.06280517578125,1.047119140625,7.82989501953125
11,0.52777777777777812,0.2911376953125,0.16668701171875,13.6373291015625
13,0,0.12615966796875,1.34503173828125,0.6480712890625
13,0.001388888888889106,0.126220703125,1.3446044921875,0.69390869140625
12,0.26805555555555571,0.06146240234375,1.03131103515625,7.98114013671875
11,0.53472222222222232,0.2930908203125,0.13348388671875,13.78851318359375
13,0.0083333333333337478,0.12646484375,1.34246826171875,0.92303466796875
12,0.27500000000000036,0.06011962890625,1.0150146484375,8.13238525390625
11,0.541666666666667,0.29498291015625,0.09979248046875,13.93975830078125
13,0.015277777777777946,0.126708984375,1.34027099609375,1.1522216796875
12,0.28194444444444455,0.05877685546875,0.9981689453125,8.2835693359375
11,0.54861111111111116,0.29693603515625,0.065673828125,14.09100341796875
13,0.022222222222222587,0.12701416015625,1.338134765625,1.38134765625
12,0.28888888888888919,0.05743408203125,0.98089599609375,8.434814453125
11,0.5555555555555558,0.298828125,0.03106689453125,14.24224853515625
13,0.029166666666666785,0.12725830078125,1.3359375,1.61053466796875
12,0.29583333333333339,0.05615234375,0.96319580078125,8.5860595703125
11,0.55675362294784891,0.2991943359375,0,14.268310546875
13,0.036111111111111427,0.12750244140625,1.33380126953125,1.83966064453125
12,0.30277777777777803,0.0548095703125,0.9449462890625,8.73724365234375
13,0.043055555555555625,0.12774658203125,1.3316650390625,2.06884765625
12,0.30972222222222223,0.053466796875,0.92626953125,8.88848876953125
13,0.050000000000000266,0.12799072265625,1.3294677734375,2.2979736328125
12,0.31666666666666687,0.0521240234375,0.90716552734375,9.03973388671875
13,0.056944444444444908,0.1282958984375,1.32733154296875,2.52716064453125
12,0.32361111111111152,0.05078125,0.8875732421875,9.19091796875
13,0.0638888888888891,0.1285400390625,1.3251953125,2.75628662109375
12,0.33055555555555571,0.0494384765625,0.867431640625,9.3421630859375
13,0.070833333333333748,0.1287841796875,1.32293701171875,2.9847412109375
12,0.33750000000000036,0.048095703125,0.84686279296875,9.493408203125
13,0.077777777777777946,0.1290283203125,1.3203125,3.20941162109375
12,0.34444444444444455,0.04681396484375,0.8258056640625,9.64459228515625
13,0.084722222222222587,0.1292724609375,1.3172607421875,3.4300537109375
12,0.35138888888888919,0.04547119140625,0.8043212890625,9.79583740234375
13,0.091666666666666785,0.1295166015625,1.313720703125,3.64666748046875
12,0.35833333333333339,0.04412841796875,0.78228759765625,9.94708251953125
13,0.098611111111111427,0.1297607421875,1.309814453125,3.859130859375
12,0.36527777777777803,0.04278564453125,0.7598876953125,10.0982666015625
13,0.10555555555555562,0.1300048828125,1.305419921875,4.067626953125
12,0.37222222222222223,0.04144287109375,0.73699951171875,10.24951171875
13,0.11250000000000027,0.1302490234375,1.30059814453125,4.27203369140625
12,0.37916666666666687,0.04010009765625,0.71356201171875,10.4007568359375
13,0.11944444444444491,0.1304931640625,1.29534912109375,4.47235107421875
12,0.38611111111111152,0.03875732421875,0.689697265625,10.55194091796875
13,0.12638888888888911,0.13067626953125,1.28973388671875,4.66864013671875
12,0.39305555555555571,0.03741455078125,0.66534423828125,10.70318603515625
13,0.13333333333333375,0.13092041015625,1.2835693359375,4.86090087890625
12,0.40000000000000036,0.0361328125,0.6405029296875,10.85443115234375
13,0.14027777777777795,0.131103515625,1.27703857421875,5.049072265625
12,0.40694444444444455,0.0347900390625,0.61517333984375,11.005615234375
13,0.14722222222222259,0.13134765625,1.27001953125,5.233154296875
12,0.41388888888888919,0.033447265625,0.5894775390625,11.1568603515625
13,0.15416666666666679,0.13153076171875,1.26263427734375,5.4132080078125
12,0.42083333333333339,0.0321044921875,0.563232421875,11.30810546875
13,0.16111111111111143,0.1317138671875,1.25482177734375,5.5892333984375
12,0.42777777777777803,0.03076171875,0.5364990234375,11.4593505859375
13,0.16805555555555562,0.13189697265625,1.24652099609375,5.76116943359375
12,0.43472222222222223,0.0294189453125,0.50933837890625,11.61053466796875
13,0.17500000000000027,0.132080078125,1.23779296875,5.92901611328125
12,0.44166666666666687,0.028076171875,0.48162841796875,11.76177978515625
13,0.18194444444444491,0.13226318359375,1.2286376953125,6.09283447265625
12,0.44861111111111152,0.02679443359375,0.4534912109375,11.91302490234375
13,0.18888888888888911,0.1324462890625,1.21905517578125,6.25262451171875
12,0.45555555555555571,0.02545166015625,0.4249267578125,12.064208984375
13,0.19583333333333375,0.13262939453125,1.20904541015625,6.4083251953125
12,0.46250000000000036,0.02410888671875,0.39581298828125,12.2154541015625
13,0.20277777777777795,0.1328125,1.1986083984375,6.560302734375
12,0.46944444444444455,0.02276611328125,0.3663330078125,12.36669921875
13,0.20972222222222259,0.13299560546875,1.1876220703125,6.7115478515625
12,0.47638888888888919,0.02142333984375,0.3363037109375,12.51788330078125
13,0.21666666666666679,0.1331787109375,1.17626953125,6.86279296875
12,0.48333333333333339,0.02008056640625,0.3057861328125,12.66912841796875
13,0.22361111111111143,0.13330078125,1.1644287109375,7.0140380859375
12,0.49027777777777803,0.01873779296875,0.27484130859375,12.82037353515625
13,0.23055555555555562,0.13348388671875,1.15203857421875,7.165283203125
12,0.49722222222222223,0.0174560546875,0.243408203125,12.9715576171875
13,0.23750000000000027,0.1336669921875,1.13922119140625,7.3165283203125
12,0.50416666666666687,0.01611328125,0.21148681640625,13.122802734375
13,0.24444444444444491,0.13385009765625,1.1259765625,7.4677734375
12,0.51111111111111152,0.0147705078125,0.1790771484375,13.2740478515625
13,0.25138888888888911,0.134033203125,1.1121826171875,7.6190185546875
12,0.51805555555555571,0.013427734375,0.146240234375,13.42523193359375
13,0.25833333333333375,0.1341552734375,1.09796142578125,7.770263671875
12,0.52500000000000036,0.0120849609375,0.1129150390625,13.57647705078125
13,0.26527777777777795,0.13433837890625,1.083251953125,7.9215087890625
12,0.53194444444444455,0.0107421875,0.0791015625,13.72772216796875
14,0,0.12615966796875,1.34503173828125,0.6480712890625
14,0.00555555555555598,0.12554931640625,1.34661865234375,0.8314208984375
13,0.27222222222222259,0.134521484375,1.06805419921875,8.07275390625
12,0.53888888888888919,0.0093994140625,0.04486083984375,13.87890625
14,0.012500000000000178,0.124755859375,1.3486328125,1.060546875
13,0.27916666666666679,0.13470458984375,1.05242919921875,8.2239990234375
12,0.54285087722737313,0.0086669921875,0,13.9652099609375
14,0.019444444444444819,0.1240234375,1.35064697265625,1.28973388671875
13,0.28611111111111143,0.1348876953125,1.03631591796875,8.375244140625
14,0.026388888888889017,0.12322998046875,1.3526611328125,1.51885986328125
13,0.29305555555555562,0.135009765625,1.0196533203125,8.5264892578125
14,0.033333333333333659,0.1224365234375,1.3546142578125,1.748046875
13,0.30000000000000027,0.13519287109375,1.00262451171875,8.677734375
14,0.0402777777777783,0.12164306640625,1.35662841796875,1.9771728515625
13,0.30694444444444491,0.1353759765625,0.985107421875,8.8289794921875
14,0.0472222222222225,0.12091064453125,1.358642578125,2.20635986328125
13,0.31388888888888911,0.13555908203125,0.967041015625,8.980224609375
14,0.05416666666666714,0.1201171875,1.36065673828125,2.43548583984375
13,0.32083333333333375,0.1357421875,0.9486083984375,9.1314697265625
14,0.061111111111111338,0.11932373046875,1.36260986328125,2.6646728515625
13,0.32777777777777795,0.1358642578125,0.92962646484375,9.28265380859375
14,0.06805555555555598,0.11859130859375,1.3646240234375,2.89373779296875
13,0.33472222222222259,0.13604736328125,0.91015625,9.43389892578125
14,0.075000000000000178,0.1177978515625,1.36627197265625,3.12005615234375
13,0.34166666666666679,0.13623046875,0.89031982421875,9.58514404296875
14,0.081944444444444819,0.1170654296875,1.36737060546875,3.34228515625
13,0.34861111111111143,0.13641357421875,0.86993408203125,9.73638916015625
14,0.088888888888889017,0.1163330078125,1.3680419921875,3.56048583984375
13,0.35555555555555562,0.13653564453125,0.84906005859375,9.88763427734375
14,0.095833333333333659,0.1156005859375,1.3681640625,3.774658203125
13,0.36250000000000027,0.13671875,0.8277587890625,10.03887939453125
14,0.1027777777777783,0.1148681640625,1.36773681640625,3.9847412109375
13,0.36944444444444491,0.13690185546875,0.80596923828125,10.19012451171875
14,0.1097222222222225,0.11419677734375,1.36688232421875,4.19073486328125
13,0.37638888888888911,0.1370849609375,0.78369140625,10.34136962890625
14,0.11666666666666714,0.113525390625,1.365478515625,4.3927001953125
13,0.38333333333333375,0.13726806640625,0.760986328125,10.49261474609375
14,0.12361111111111134,0.11285400390625,1.36358642578125,4.59063720703125
13,0.39027777777777795,0.13739013671875,0.73779296875,10.64385986328125
14,0.13055555555555598,0.1121826171875,1.36114501953125,4.78448486328125
13,0.39722222222222259,0.1375732421875,0.71405029296875,10.79510498046875
14,0.13750000000000018,0.111572265625,1.35821533203125,4.97430419921875
13,0.40416666666666679,0.13775634765625,0.68988037109375,10.94635009765625
14,0.14444444444444482,0.11090087890625,1.354736328125,5.1600341796875
13,0.41111111111111143,0.137939453125,0.665283203125,11.09759521484375
14,0.15138888888888902,0.11029052734375,1.350830078125,5.3416748046875
13,0.41805555555555562,0.13812255859375,0.64013671875,11.24884033203125
14,0.15833333333333366,0.1097412109375,1.34637451171875,5.519287109375
13,0.42500000000000027,0.13824462890625,0.6146240234375,11.40008544921875
14,0.1652777777777783,0.109130859375,1.3414306640625,5.69287109375
13,0.43194444444444491,0.138427734375,0.58856201171875,11.55133056640625
14,0.1722222222222225,0.10858154296875,1.33599853515625,5.86236572265625
13,0.43888888888888911,0.13861083984375,0.56201171875,11.70257568359375
14,0.17916666666666714,0.10797119140625,1.3299560546875,6.02783203125
13,0.44583333333333375,0.1387939453125,0.5350341796875,11.85382080078125
14,0.18611111111111134,0.107421875,1.32354736328125,6.189208984375
13,0.45277777777777795,0.13897705078125,0.507568359375,12.00506591796875
14,0.19305555555555598,0.10693359375,1.3165283203125,6.3465576171875
13,0.45972222222222259,0.13909912109375,0.4796142578125,12.15631103515625
14,0.20000000000000018,0.10638427734375,1.30902099609375,6.49981689453125
13,0.46666666666666679,0.1392822265625,0.45123291015625,12.30755615234375
14,0.20694444444444482,0.10589599609375,1.301025390625,6.65106201171875
13,0.47361111111111143,0.13946533203125,0.42236328125,12.45880126953125
14,0.21388888888888902,0.10540771484375,1.29254150390625,6.80230712890625
13,0.48055555555555562,0.1396484375,0.3929443359375,12.61004638671875
14,0.22083333333333366,0.1048583984375,1.28363037109375,6.95355224609375
13,0.48750000000000027,0.13983154296875,0.3631591796875,12.76129150390625
14,0.2277777777777783,0.1043701171875,1.274169921875,7.10479736328125
13,0.49444444444444491,0.13995361328125,0.3328857421875,12.91253662109375
14,0.2347222222222225,0.10382080078125,1.26434326171875,7.25604248046875
13,0.50138888888888911,0.14013671875,0.30206298828125,13.06378173828125
14,0.24166666666666714,0.10333251953125,1.25396728515625,7.40728759765625
13,0.50833333333333375,0.14031982421875,0.2708740234375,13.21502685546875
14,0.24861111111111134,0.10284423828125,1.24310302734375,7.55853271484375
13,0.515277777777778,0.1405029296875,0.2391357421875,13.36627197265625
14,0.255555555555556,0.102294921875,1.23187255859375,7.70977783203125
13,0.52222222222222259,0.140625,0.2069091796875,13.51751708984375
14,0.26250000000000018,0.101806640625,1.2200927734375,7.86102294921875
13,0.52916666666666679,0.14080810546875,0.17425537109375,13.66876220703125
15,0,0.12615966796875,1.34503173828125,0.6480712890625
15,0.002777777777778212,0.12884521484375,1.34527587890625,0.73968505859375
14,0.26944444444444482,0.101318359375,1.20782470703125,8.01226806640625
13,0.53611111111111143,0.1409912109375,0.14111328125,13.82000732421875
15,0.00972222222222241,0.135498046875,1.3458251953125,0.96875
14,0.276388888888889,0.10076904296875,1.19512939453125,8.16351318359375
13,0.54305555555555562,0.14117431640625,0.10748291015625,13.97119140625
15,0.016666666666667052,0.14215087890625,1.34637451171875,1.19781494140625
14,0.28333333333333366,0.10028076171875,1.18194580078125,8.31475830078125
13,0.55000000000000027,0.141357421875,0.07342529296875,14.1224365234375
15,0.023611111111111693,0.14886474609375,1.346923828125,1.4268798828125
14,0.2902777777777783,0.0997314453125,1.16827392578125,8.46600341796875
13,0.55694444444444491,0.1414794921875,0.03887939453125,14.273681640625
15,0.030555555555555891,0.155517578125,1.34747314453125,1.65594482421875
14,0.2972222222222225,0.0992431640625,1.1541748046875,8.61724853515625
13,0.5596931858895321,0.14154052734375,0,14.33355712890625
15,0.037500000000000533,0.16217041015625,1.3480224609375,1.88507080078125
14,0.30416666666666714,0.0987548828125,1.1395263671875,8.76849365234375
15,0.044444444444444731,0.1688232421875,1.3486328125,2.1141357421875
14,0.31111111111111134,0.09820556640625,1.12445068359375,8.91973876953125
15,0.051388888888889372,0.175537109375,1.34918212890625,2.34320068359375
14,0.318055555555556,0.09771728515625,1.10888671875,9.0709228515625
15,0.05833333333333357,0.18218994140625,1.3497314453125,2.572265625
14,0.32500000000000018,0.09722900390625,1.09283447265625,9.22216796875
15,0.065277777777778212,0.1888427734375,1.35028076171875,2.80133056640625
14,0.33194444444444482,0.0966796875,1.07635498046875,9.3734130859375
15,0.07222222222222241,0.19549560546875,1.3507080078125,3.02911376953125
14,0.338888888888889,0.09619140625,1.0594482421875,9.524658203125
15,0.079166666666667052,0.2020263671875,1.3505859375,3.25286865234375
14,0.34583333333333366,0.095703125,1.04193115234375,9.6759033203125
15,0.0861111111111117,0.20843505859375,1.35009765625,3.47259521484375
14,0.3527777777777783,0.09515380859375,1.0240478515625,9.8271484375
15,0.093055555555555891,0.21466064453125,1.3489990234375,3.68829345703125
14,0.3597222222222225,0.09466552734375,1.005615234375,9.9783935546875
15,0.10000000000000053,0.2208251953125,1.3475341796875,3.89996337890625
14,0.36666666666666714,0.0941162109375,0.98681640625,10.129638671875
15,0.10694444444444473,0.22686767578125,1.34552001953125,4.10748291015625
14,0.37361111111111134,0.0936279296875,0.96746826171875,10.2808837890625
15,0.11388888888888937,0.23284912109375,1.343017578125,4.31103515625
14,0.380555555555556,0.0931396484375,0.9476318359375,10.43212890625
15,0.12083333333333357,0.2386474609375,1.34002685546875,4.510498046875
14,0.38750000000000018,0.09259033203125,0.9273681640625,10.5833740234375
15,0.12777777777777821,0.24432373046875,1.33660888671875,4.70587158203125
14,0.39444444444444482,0.09210205078125,0.90667724609375,10.734619140625
15,0.13472222222222241,0.2498779296875,1.33270263671875,4.897216796875
14,0.401388888888889,0.09161376953125,0.8853759765625,10.8858642578125
15,0.14166666666666705,0.25537109375,1.3282470703125,5.08453369140625
14,0.40833333333333366,0.091064453125,0.86370849609375,11.037109375
15,0.14861111111111169,0.26068115234375,1.32342529296875,5.26776123046875
14,0.4152777777777783,0.090576171875,0.84149169921875,11.1883544921875
15,0.15555555555555589,0.265869140625,1.31805419921875,5.4468994140625
14,0.4222222222222225,0.09002685546875,0.81890869140625,11.339599609375
15,0.16250000000000053,0.27099609375,1.31219482421875,5.62200927734375
14,0.42916666666666714,0.08953857421875,0.7957763671875,11.4908447265625
15,0.16944444444444473,0.2760009765625,1.30584716796875,5.7930908203125
14,0.43611111111111134,0.08905029296875,0.77215576171875,11.64208984375
15,0.17638888888888937,0.28082275390625,1.2989501953125,5.9600830078125
14,0.443055555555556,0.0885009765625,0.7481689453125,11.7933349609375
15,0.18333333333333357,0.28558349609375,1.29168701171875,6.123046875
14,0.45000000000000018,0.0880126953125,0.7236328125,11.944580078125
15,0.19027777777777821,0.29022216796875,1.28387451171875,6.28192138671875
14,0.45694444444444482,0.0875244140625,0.6986083984375,12.0958251953125
15,0.19722222222222241,0.29473876953125,1.275634765625,6.436767578125
14,0.463888888888889,0.08697509765625,0.67315673828125,12.2470703125
15,0.20416666666666705,0.29913330078125,1.266845703125,6.5882568359375
14,0.47083333333333366,0.08648681640625,0.647216796875,12.3983154296875
15,0.21111111111111169,0.30352783203125,1.25762939453125,6.739501953125
14,0.4777777777777783,0.08599853515625,0.6207275390625,12.549560546875
15,0.21805555555555589,0.30792236328125,1.2479248046875,6.89068603515625
14,0.4847222222222225,0.08544921875,0.5938720703125,12.7008056640625
15,0.22500000000000053,0.31231689453125,1.23773193359375,7.0418701171875
14,0.49166666666666714,0.0849609375,0.56646728515625,12.85205078125
15,0.23194444444444473,0.31671142578125,1.22711181640625,7.19305419921875
14,0.49861111111111134,0.08441162109375,0.53863525390625,13.0032958984375
15,0.23888888888888937,0.3211669921875,1.216064453125,7.34423828125
14,0.505555555555556,0.08392333984375,0.5103759765625,13.154541015625
15,0.24583333333333357,0.3255615234375,1.2044677734375,7.49542236328125
14,0.51250000000000018,0.08343505859375,0.4815673828125,13.3057861328125
15,0.25277777777777821,0.3299560546875,1.1923828125,7.6466064453125
14,0.51944444444444482,0.0828857421875,0.45233154296875,13.45703125
15,0.25972222222222241,0.3343505859375,1.17987060546875,7.79779052734375
14,0.526388888888889,0.0823974609375,0.422607421875,13.6082763671875
16,0,0.12615966796875,1.34503173828125,0.6480712890625
15,0.26666666666666705,0.3387451171875,1.1668701171875,7.948974609375
14,0.53333333333333366,0.0819091796875,0.392333984375,13.759521484375
16,0.0069444444444450859,0.125244140625,1.342529296875,0.877197265625
15,0.27361111111111169,0.3431396484375,1.15338134765625,8.10015869140625
14,0.5402777777777783,0.08135986328125,0.3616943359375,13.9107666015625
16,0.013888888888889728,0.12432861328125,1.340087890625,1.10638427734375
15,0.28055555555555634,0.3475341796875,1.139404296875,8.2513427734375
14,0.54722222222222294,0.08087158203125,0.33050537109375,14.06201171875
16,0.020833333333333481,0.12347412109375,1.33758544921875,1.33551025390625
15,0.28750000000000009,0.35198974609375,1.125,8.40252685546875
14,0.5541666666666667,0.08038330078125,0.2989501953125,14.2132568359375
16,0.027777777777778123,0.12255859375,1.33514404296875,1.564697265625
15,0.29444444444444473,0.35638427734375,1.110107421875,8.5537109375
14,0.56111111111111134,0.079833984375,0.266845703125,14.36444091796875
16,0.034722222222222765,0.12164306640625,1.3326416015625,1.7938232421875
15,0.30138888888888937,0.36077880859375,1.0947265625,8.70489501953125
14,0.568055555555556,0.079345703125,0.2342529296875,14.51568603515625
16,0.041666666666667407,0.1207275390625,1.33013916015625,2.02301025390625
15,0.308333333333334,0.36517333984375,1.078857421875,8.8560791015625
14,0.57500000000000062,0.07879638671875,0.20123291015625,14.66693115234375
16,0.04861111111111116,0.11981201171875,1.32769775390625,2.25213623046875
15,0.31527777777777777,0.36956787109375,1.06256103515625,9.00726318359375
14,0.58194444444444438,0.07830810546875,0.167724609375,14.81817626953125
16,0.0555555555555558,0.11895751953125,1.3251953125,2.48126220703125
15,0.32222222222222241,0.37396240234375,1.0457763671875,9.158447265625
14,0.588888888888889,0.07781982421875,0.13372802734375,14.96942138671875
16,0.062500000000000444,0.1180419921875,1.32275390625,2.71044921875
15,0.32916666666666705,0.37835693359375,1.02850341796875,9.30963134765625
14,0.59583333333333366,0.0772705078125,0.09930419921875,15.12066650390625
16,0.069444444444445086,0.11712646484375,1.3201904296875,2.93927001953125
15,0.33611111111111169,0.38275146484375,1.01080322265625,9.4608154296875
14,0.6027777777777783,0.0767822265625,0.06439208984375,15.27191162109375
16,0.076388888888889728,0.1162109375,1.31732177734375,3.16473388671875
15,0.34305555555555634,0.38720703125,0.9925537109375,9.61199951171875
14,0.60972222222222294,0.0762939453125,0.0289306640625,15.42315673828125
16,0.083333333333333481,0.1153564453125,1.3140869140625,3.38623046875
15,0.35000000000000009,0.3916015625,0.973876953125,9.76318359375
14,0.61048173366516723,0.07623291015625,0,15.439697265625
16,0.090277777777778123,0.114501953125,1.310302734375,3.60357666015625
15,0.35694444444444473,0.39599609375,0.9547119140625,9.91436767578125
16,0.097222222222222765,0.1136474609375,1.30615234375,3.81689453125
15,0.36388888888888937,0.400390625,0.93511962890625,10.0655517578125
16,0.10416666666666741,0.11285400390625,1.30157470703125,4.02618408203125
15,0.370833333333334,0.40478515625,0.9150390625,10.21673583984375
16,0.11111111111111116,0.11199951171875,1.29656982421875,4.23138427734375
15,0.37777777777777777,0.4091796875,0.89447021484375,10.367919921875
16,0.1180555555555558,0.1112060546875,1.2911376953125,4.43255615234375
15,0.38472222222222241,0.41357421875,0.8734130859375,10.51910400390625
16,0.12500000000000044,0.1104736328125,1.2852783203125,4.629638671875
15,0.39166666666666705,0.41796875,0.85186767578125,10.6702880859375
16,0.13194444444444509,0.10968017578125,1.27899169921875,4.82269287109375
15,0.39861111111111169,0.42242431640625,0.82989501953125,10.82147216796875
16,0.13888888888888973,0.10894775390625,1.27227783203125,5.01165771484375
15,0.40555555555555634,0.42681884765625,0.80743408203125,10.97265625
16,0.14583333333333348,0.10821533203125,1.26513671875,5.19659423828125
15,0.41250000000000009,0.43121337890625,0.7845458984375,11.12384033203125
16,0.15277777777777812,0.10748291015625,1.257568359375,5.37744140625
15,0.41944444444444473,0.43560791015625,0.76116943359375,11.2750244140625
16,0.15972222222222276,0.1068115234375,1.24957275390625,5.55426025390625
15,0.42638888888888937,0.44000244140625,0.7373046875,11.42620849609375
16,0.16666666666666741,0.10614013671875,1.2410888671875,5.72698974609375
15,0.433333333333334,0.44439697265625,0.71295166015625,11.577392578125
16,0.17361111111111116,0.10546875,1.23223876953125,5.89569091796875
15,0.44027777777777777,0.44879150390625,0.6881103515625,11.72857666015625
16,0.1805555555555558,0.10479736328125,1.22296142578125,6.060302734375
15,0.44722222222222241,0.45318603515625,0.66278076171875,11.8797607421875
16,0.18750000000000044,0.10418701171875,1.21319580078125,6.22088623046875
15,0.45416666666666705,0.4576416015625,0.63702392578125,12.03094482421875
16,0.19444444444444509,0.10357666015625,1.20306396484375,6.37738037109375
15,0.46111111111111169,0.4620361328125,0.61077880859375,12.18212890625
16,0.20138888888888973,0.10296630859375,1.1925048828125,6.5299072265625
15,0.46805555555555634,0.4664306640625,0.5841064453125,12.33331298828125
16,0.20833333333333348,0.10235595703125,1.18145751953125,6.68115234375
15,0.47500000000000009,0.4708251953125,0.556884765625,12.4844970703125
16,0.21527777777777812,0.10174560546875,1.169921875,6.8323974609375
15,0.48194444444444473,0.4752197265625,0.52923583984375,12.63568115234375
16,0.22222222222222276,0.1011962890625,1.15789794921875,6.983642578125
15,0.48888888888888937,0.4796142578125,0.5010986328125,12.786865234375
16,0.22916666666666741,0.1005859375,1.14544677734375,7.1348876953125
15,0.495833333333334,0.4840087890625,0.47247314453125,12.93804931640625
16,0.23611111111111116,0.0999755859375,1.132568359375,7.2861328125
15,0.50277777777777777,0.4884033203125,0.44342041015625,13.0892333984375
16,0.2430555555555558,0.099365234375,1.119140625,7.4373779296875
15,0.50972222222222241,0.49285888671875,0.41387939453125,13.24041748046875
16,0.25000000000000044,0.09881591796875,1.10528564453125,7.588623046875
15,0.516666666666667,0.49725341796875,0.38385009765625,13.3916015625
16,0.25694444444444509,0.09820556640625,1.09088134765625,7.7398681640625
15,0.52361111111111169,0.50164794921875,0.35333251953125,13.5428466796875
16,0.26388888888888973,0.09759521484375,1.0760498046875,7.89111328125
15,0.53055555555555634,0.50604248046875,0.3223876953125,13.69403076171875
17,0,0.12615966796875,1.34503173828125,0.6480712890625
17,0.00416666666666643,0.13037109375,1.3450927734375,0.7855224609375
16,0.27083333333333348,0.09698486328125,1.06085205078125,8.0423583984375
15,0.53750000000000009,0.51043701171875,0.29095458984375,13.84521484375
17,0.011111111111111072,0.137451171875,1.34521484375,1.01458740234375
16,0.27777777777777812,0.09637451171875,1.0450439453125,8.19354248046875
15,0.54444444444444473,0.51483154296875,0.259033203125,13.99639892578125
17,0.018055555555555713,0.14453125,1.34539794921875,1.24359130859375
16,0.28472222222222276,0.0958251953125,1.02880859375,8.34478759765625
15,0.55138888888888937,0.51922607421875,0.22662353515625,14.1475830078125
17,0.025000000000000355,0.151611328125,1.34552001953125,1.47265625
16,0.29166666666666741,0.09521484375,1.0120849609375,8.49603271484375
15,0.558333333333334,0.523681640625,0.19378662109375,14.29876708984375
17,0.031944444444444109,0.15869140625,1.34564208984375,1.70172119140625
16,0.29861111111111116,0.0946044921875,0.994873046875,8.64727783203125
15,0.56527777777777777,0.528076171875,0.16046142578125,14.449951171875
17,0.038888888888888751,0.16571044921875,1.34576416015625,1.9307861328125
16,0.3055555555555558,0.093994140625,0.97723388671875,8.79852294921875
15,0.57222222222222241,0.532470703125,0.12664794921875,14.60113525390625
17,0.045833333333333393,0.17279052734375,1.34588623046875,2.15985107421875
16,0.31250000000000044,0.09344482421875,0.9591064453125,8.94976806640625
15,0.579166666666667,0.536865234375,0.0924072265625,14.7523193359375
17,0.052777777777778034,0.17987060546875,1.34600830078125,2.388916015625
16,0.31944444444444509,0.09283447265625,0.94049072265625,9.10101318359375
15,0.58611111111111169,0.541259765625,0.05767822265625,14.90350341796875
17,0.059722222222222676,0.18695068359375,1.34613037109375,2.61798095703125
16,0.32638888888888973,0.09222412109375,0.92144775390625,9.25225830078125
15,0.59255247500295216,0.54534912109375,0,15.04376220703125
17,0.06666666666666643,0.1939697265625,1.34625244140625,2.8470458984375
16,0.33333333333333348,0.09161376953125,0.90185546875,9.40350341796875
17,0.073611111111111072,0.20098876953125,1.34619140625,3.07403564453125
16,0.34027777777777812,0.091064453125,0.88189697265625,9.55474853515625
17,0.080555555555555713,0.2078857421875,1.34564208984375,3.29705810546875
16,0.34722222222222276,0.0904541015625,0.86138916015625,9.70599365234375
17,0.087500000000000355,0.214599609375,1.34454345703125,3.51593017578125
16,0.35416666666666741,0.08984375,0.84039306640625,9.85723876953125
17,0.094444444444444109,0.22125244140625,1.343017578125,3.7308349609375
16,0.36111111111111116,0.0892333984375,0.8189697265625,10.0084228515625
17,0.10138888888888875,0.227783203125,1.34100341796875,3.94158935546875
16,0.3680555555555558,0.088623046875,0.79705810546875,10.15966796875
17,0.10833333333333339,0.234130859375,1.33856201171875,4.14837646484375
16,0.37500000000000044,0.08807373046875,0.77471923828125,10.3109130859375
17,0.11527777777777803,0.2403564453125,1.33551025390625,4.35107421875
16,0.38194444444444509,0.08746337890625,0.7518310546875,10.462158203125
17,0.12222222222222268,0.24652099609375,1.33209228515625,4.5496826171875
16,0.38888888888888973,0.08685302734375,0.728515625,10.6134033203125
17,0.12916666666666643,0.25250244140625,1.32818603515625,4.7442626953125
16,0.39583333333333348,0.08624267578125,0.70465087890625,10.7646484375
17,0.13611111111111107,0.25836181640625,1.3238525390625,4.934814453125
16,0.40277777777777812,0.085693359375,0.680419921875,10.9158935546875
17,0.14305555555555571,0.26416015625,1.31903076171875,5.12127685546875
16,0.40972222222222276,0.0850830078125,0.65570068359375,11.067138671875
17,0.15000000000000036,0.269775390625,1.3135986328125,5.30364990234375
16,0.41666666666666741,0.08447265625,0.6304931640625,11.2183837890625
17,0.15694444444444411,0.2752685546875,1.307861328125,5.48199462890625
16,0.42361111111111116,0.0838623046875,0.604736328125,11.36962890625
17,0.16388888888888875,0.2806396484375,1.30157470703125,5.65631103515625
16,0.4305555555555558,0.08331298828125,0.57861328125,11.5208740234375
17,0.17083333333333339,0.285888671875,1.2947998046875,5.8265380859375
16,0.43750000000000044,0.08270263671875,0.55194091796875,11.672119140625
17,0.17777777777777803,0.291015625,1.28759765625,5.99273681640625
16,0.44444444444444509,0.08209228515625,0.52490234375,11.82330322265625
17,0.18472222222222268,0.2960205078125,1.27984619140625,6.1549072265625
16,0.45138888888888973,0.08148193359375,0.49725341796875,11.97454833984375
17,0.19166666666666643,0.3009033203125,1.271728515625,6.31292724609375
16,0.45833333333333348,0.08087158203125,0.46923828125,12.12579345703125
17,0.19861111111111107,0.3056640625,1.26300048828125,6.46697998046875
16,0.46527777777777812,0.080322265625,0.440673828125,12.27703857421875
17,0.20555555555555571,0.310302734375,1.25384521484375,6.61822509765625
16,0.47222222222222276,0.0797119140625,0.41168212890625,12.42828369140625
17,0.21250000000000036,0.31500244140625,1.24432373046875,6.7694091796875
16,0.47916666666666741,0.0791015625,0.38226318359375,12.57952880859375
17,0.21944444444444411,0.31964111328125,1.23419189453125,6.92059326171875
16,0.48611111111111116,0.0784912109375,0.352294921875,12.73077392578125
17,0.22638888888888875,0.32427978515625,1.22369384765625,7.07177734375
16,0.4930555555555558,0.07794189453125,0.32183837890625,12.88201904296875
17,0.23333333333333339,0.3289794921875,1.212646484375,7.22296142578125
16,0.50000000000000044,0.07733154296875,0.29095458984375,13.03326416015625
17,0.24027777777777803,0.3336181640625,1.20111083984375,7.3741455078125
16,0.50694444444444509,0.07672119140625,0.25958251953125,13.18450927734375
17,0.24722222222222268,0.33831787109375,1.189208984375,7.5252685546875
16,0.51388888888888973,0.07611083984375,0.227783203125,13.33575439453125
17,0.25416666666666643,0.34295654296875,1.1767578125,7.67645263671875
16,0.52083333333333348,0.07550048828125,0.19549560546875,13.48699951171875
17,0.26111111111111107,0.34765625,1.16387939453125,7.82763671875
16,0.52777777777777812,0.074951171875,0.16265869140625,13.63818359375
18,0,0.12615966796875,1.34503173828125,0.6480712890625
18,0.001388888888889106,0.1263427734375,1.345703125,0.69390869140625
17,0.26805555555555571,0.352294921875,1.15045166015625,7.97882080078125
16,0.53472222222222276,0.0743408203125,0.12939453125,13.7894287109375
18,0.0083333333333337478,0.1270751953125,1.34918212890625,0.92303466796875
17,0.27500000000000036,0.35693359375,1.13665771484375,8.1300048828125
16,0.54166666666666741,0.07373046875,0.09564208984375,13.940673828125
18,0.015277777777777501,0.12786865234375,1.3526611328125,1.15216064453125
17,0.28194444444444411,0.36163330078125,1.12225341796875,8.28118896484375
16,0.54861111111111116,0.0731201171875,0.0615234375,14.0919189453125
18,0.022222222222222143,0.128662109375,1.35614013671875,1.38128662109375
17,0.28888888888888875,0.36627197265625,1.107421875,8.432373046875
16,0.5555555555555558,0.07257080078125,0.02685546875,14.2431640625
18,0.029166666666666785,0.12939453125,1.359619140625,1.6104736328125
17,0.29583333333333339,0.3709716796875,1.09222412109375,8.58355712890625
16,0.55591965641944852,0.072509765625,0,14.2510986328125
18,0.036111111111111427,0.13018798828125,1.36309814453125,1.839599609375
17,0.30277777777777803,0.3756103515625,1.076416015625,8.7347412109375
18,0.043055555555556069,0.1309814453125,1.3665771484375,2.0687255859375
17,0.30972222222222268,0.3802490234375,1.06024169921875,8.88592529296875
18,0.049999999999999822,0.1317138671875,1.37005615234375,2.2978515625
17,0.31666666666666643,0.38494873046875,1.04351806640625,9.037109375
18,0.056944444444444464,0.13250732421875,1.37353515625,2.52703857421875
17,0.32361111111111107,0.38958740234375,1.0263671875,9.188232421875
18,0.0638888888888891,0.13330078125,1.37701416015625,2.75616455078125
17,0.33055555555555571,0.394287109375,1.00872802734375,9.33941650390625
18,0.070833333333333748,0.134033203125,1.38043212890625,2.98455810546875
17,0.33750000000000036,0.39892578125,0.9906005859375,9.4906005859375
18,0.0777777777777775,0.13482666015625,1.38330078125,3.209228515625
17,0.34444444444444411,0.403564453125,0.9720458984375,9.64178466796875
18,0.084722222222222143,0.13555908203125,1.38568115234375,3.42987060546875
17,0.35138888888888875,0.40826416015625,0.9530029296875,9.79296875
18,0.091666666666666785,0.13629150390625,1.38751220703125,3.64642333984375
17,0.35833333333333339,0.41290283203125,0.93341064453125,9.94415283203125
18,0.098611111111111427,0.13702392578125,1.3887939453125,3.85888671875
17,0.36527777777777803,0.4176025390625,0.9134521484375,10.0953369140625
18,0.10555555555555607,0.1376953125,1.38958740234375,4.0673828125
17,0.37222222222222268,0.4222412109375,0.89300537109375,10.24652099609375
18,0.11249999999999982,0.138427734375,1.38970947265625,4.271728515625
17,0.37916666666666643,0.4268798828125,0.8720703125,10.397705078125
18,0.11944444444444446,0.13909912109375,1.389404296875,4.4720458984375
17,0.38611111111111107,0.43157958984375,0.85064697265625,10.54888916015625
18,0.12638888888888911,0.1397705078125,1.38861083984375,4.6683349609375
17,0.39305555555555571,0.43621826171875,0.8287353515625,10.70001220703125
18,0.13333333333333375,0.140380859375,1.38720703125,4.86053466796875
17,0.40000000000000036,0.44091796875,0.806396484375,10.8511962890625
18,0.1402777777777775,0.14105224609375,1.38531494140625,5.0487060546875
17,0.40694444444444411,0.445556640625,0.78350830078125,11.00238037109375
18,0.14722222222222214,0.14166259765625,1.3828125,5.2327880859375
17,0.41388888888888875,0.4501953125,0.76025390625,11.153564453125
18,0.15416666666666679,0.14227294921875,1.37982177734375,5.412841796875
17,0.42083333333333339,0.45489501953125,0.7364501953125,11.30474853515625
18,0.16111111111111143,0.14288330078125,1.3763427734375,5.5888671875
17,0.42777777777777803,0.45953369140625,0.712158203125,11.4559326171875
18,0.16805555555555607,0.1434326171875,1.372314453125,5.7607421875
17,0.43472222222222268,0.4642333984375,0.6875,11.60711669921875
18,0.17499999999999982,0.14404296875,1.36773681640625,5.92864990234375
17,0.44166666666666643,0.4688720703125,0.6622314453125,11.75830078125
18,0.18194444444444446,0.14459228515625,1.362548828125,6.09246826171875
17,0.44861111111111107,0.4735107421875,0.6365966796875,11.90948486328125
18,0.18888888888888911,0.1451416015625,1.35693359375,6.252197265625
17,0.45555555555555571,0.47821044921875,0.6104736328125,12.0606689453125
18,0.19583333333333375,0.1456298828125,1.35076904296875,6.40789794921875
17,0.46250000000000036,0.48284912109375,0.58380126953125,12.2117919921875
18,0.2027777777777775,0.14617919921875,1.34405517578125,6.55987548828125
17,0.46944444444444411,0.487548828125,0.5567626953125,12.36297607421875
18,0.20972222222222214,0.14666748046875,1.3367919921875,6.7110595703125
17,0.47638888888888875,0.4921875,0.5291748046875,12.51416015625
18,0.21666666666666679,0.14715576171875,1.32916259765625,6.8623046875
17,0.48333333333333339,0.496826171875,0.50115966796875,12.66534423828125
18,0.22361111111111143,0.147705078125,1.32098388671875,7.0135498046875
17,0.49027777777777803,0.50152587890625,0.47265625,12.8165283203125
18,0.23055555555555607,0.148193359375,1.3123779296875,7.164794921875
17,0.49722222222222268,0.50616455078125,0.44366455078125,12.96771240234375
18,0.23749999999999982,0.14874267578125,1.30328369140625,7.3160400390625
17,0.50416666666666643,0.5108642578125,0.41424560546875,13.118896484375
18,0.24444444444444446,0.14923095703125,1.293701171875,7.46722412109375
17,0.51111111111111107,0.5155029296875,0.38427734375,13.27008056640625
18,0.25138888888888911,0.14971923828125,1.28369140625,7.61846923828125
17,0.51805555555555571,0.5201416015625,0.3538818359375,13.4212646484375
18,0.25833333333333375,0.1502685546875,1.273193359375,7.76971435546875
17,0.52500000000000036,0.52484130859375,0.322998046875,13.57244873046875
18,0.2652777777777775,0.1507568359375,1.26214599609375,7.92095947265625
17,0.53194444444444411,0.52947998046875,0.2916259765625,13.72357177734375
19,0,0.12615966796875,1.34503173828125,0.6480712890625
19,0.0055555555555555358,0.12506103515625,1.3494873046875,0.83135986328125
18,0.27222222222222214,0.1512451171875,1.250732421875,8.0721435546875
17,0.53888888888888875,0.5341796875,0.2598876953125,13.874755859375
19,0.012500000000000178,0.12359619140625,1.35498046875,1.0604248046875
18,0.27916666666666679,0.15179443359375,1.23876953125,8.223388671875
17,0.54583333333333339,0.538818359375,0.2275390625,14.02593994140625
19,0.019444444444444819,0.1221923828125,1.36053466796875,1.28955078125
18,0.28611111111111143,0.15228271484375,1.22637939453125,8.3746337890625
17,0.552777777777778,0.54345703125,0.19482421875,14.1771240234375
19,0.026388888888889461,0.12078857421875,1.3660888671875,1.51861572265625
18,0.29305555555555607,0.15283203125,1.2135009765625,8.52587890625
17,0.55972222222222268,0.54815673828125,0.16156005859375,14.32830810546875
19,0.033333333333333215,0.119384765625,1.37164306640625,1.74774169921875
18,0.29999999999999982,0.1533203125,1.20013427734375,8.6771240234375
17,0.56666666666666643,0.55279541015625,0.12786865234375,14.4794921875
19,0.040277777777777857,0.11798095703125,1.377197265625,1.976806640625
18,0.30694444444444446,0.15380859375,1.18634033203125,8.82830810546875
17,0.57361111111111107,0.5574951171875,0.09368896484375,14.63067626953125
19,0.0472222222222225,0.1165771484375,1.38275146484375,2.2059326171875
18,0.31388888888888911,0.15435791015625,1.17205810546875,8.97955322265625
17,0.58055555555555571,0.5621337890625,0.05902099609375,14.7818603515625
19,0.05416666666666714,0.11517333984375,1.38824462890625,2.43499755859375
18,0.32083333333333375,0.15484619140625,1.15728759765625,9.13079833984375
17,0.58728502451689668,0.56671142578125,0,14.9283447265625
19,0.061111111111110894,0.11376953125,1.393798828125,2.66412353515625
18,0.3277777777777775,0.15533447265625,1.14202880859375,9.28204345703125
19,0.068055555555555536,0.11236572265625,1.39935302734375,2.89312744140625
18,0.33472222222222214,0.1558837890625,1.12628173828125,9.4332275390625
19,0.075000000000000178,0.1109619140625,1.40447998046875,3.119384765625
18,0.34166666666666679,0.1563720703125,1.11016845703125,9.58447265625
19,0.081944444444444819,0.10955810546875,1.4090576171875,3.341552734375
18,0.34861111111111143,0.15692138671875,1.093505859375,9.7357177734375
19,0.088888888888889461,0.10821533203125,1.41302490234375,3.5596923828125
18,0.35555555555555607,0.15740966796875,1.07635498046875,9.886962890625
19,0.095833333333333215,0.10693359375,1.41650390625,3.7738037109375
18,0.36249999999999982,0.15789794921875,1.05877685546875,10.0382080078125
19,0.10277777777777786,0.10565185546875,1.4193115234375,3.98382568359375
18,0.36944444444444446,0.158447265625,1.0406494140625,10.18939208984375
19,0.1097222222222225,0.1043701171875,1.421630859375,4.1898193359375
18,0.37638888888888911,0.158935546875,1.02215576171875,10.34063720703125
19,0.11666666666666714,0.1031494140625,1.42333984375,4.3917236328125
18,0.38333333333333375,0.15948486328125,1.003173828125,10.49188232421875
19,0.12361111111111089,0.1019287109375,1.424560546875,4.589599609375
18,0.3902777777777775,0.15997314453125,0.983642578125,10.64312744140625
19,0.13055555555555554,0.1007080078125,1.425048828125,4.78338623046875
18,0.39722222222222214,0.16046142578125,0.96368408203125,10.79437255859375
19,0.13750000000000018,0.09954833984375,1.42510986328125,4.97314453125
18,0.40416666666666679,0.1610107421875,0.9432373046875,10.945556640625
19,0.14444444444444482,0.098388671875,1.42449951171875,5.1588134765625
18,0.41111111111111143,0.1614990234375,0.92230224609375,11.0968017578125
19,0.15138888888888946,0.0972900390625,1.42340087890625,5.3404541015625
18,0.41805555555555607,0.1619873046875,0.90093994140625,11.248046875
19,0.15833333333333321,0.09619140625,1.42169189453125,5.51800537109375
18,0.42499999999999982,0.16253662109375,0.87908935546875,11.3992919921875
19,0.16527777777777786,0.09515380859375,1.41937255859375,5.6915283203125
18,0.43194444444444446,0.16302490234375,0.85675048828125,11.55047607421875
19,0.1722222222222225,0.09405517578125,1.4166259765625,5.8609619140625
18,0.43888888888888911,0.16357421875,0.833984375,11.70172119140625
19,0.17916666666666714,0.09307861328125,1.41314697265625,6.0263671875
18,0.44583333333333375,0.1640625,0.8106689453125,11.85296630859375
19,0.18611111111111089,0.09210205078125,1.4091796875,6.187744140625
18,0.4527777777777775,0.16455078125,0.78692626953125,12.00421142578125
19,0.19305555555555554,0.09112548828125,1.40460205078125,6.34503173828125
18,0.45972222222222214,0.16510009765625,0.76275634765625,12.15545654296875
19,0.20000000000000018,0.09014892578125,1.39947509765625,6.49822998046875
18,0.46666666666666679,0.16558837890625,0.738037109375,12.306640625
19,0.20694444444444482,0.0892333984375,1.393798828125,6.64947509765625
18,0.47361111111111143,0.16607666015625,0.712890625,12.4578857421875
19,0.21388888888888946,0.08831787109375,1.3876953125,6.8006591796875
18,0.48055555555555607,0.1666259765625,0.68719482421875,12.609130859375
19,0.22083333333333321,0.08740234375,1.381103515625,6.95184326171875
18,0.48749999999999982,0.1671142578125,0.6611328125,12.7603759765625
19,0.22777777777777786,0.08642578125,1.3740234375,7.10308837890625
18,0.49444444444444446,0.16766357421875,0.63458251953125,12.91156005859375
19,0.2347222222222225,0.08551025390625,1.36651611328125,7.2542724609375
18,0.50138888888888911,0.16815185546875,0.60748291015625,13.06280517578125
19,0.24166666666666714,0.0845947265625,1.35845947265625,7.40545654296875
18,0.50833333333333375,0.16864013671875,0.58001708984375,13.21405029296875
19,0.24861111111111089,0.08367919921875,1.3499755859375,7.556640625
18,0.5152777777777775,0.169189453125,0.55194091796875,13.36529541015625
19,0.25555555555555554,0.08270263671875,1.341064453125,7.7078857421875
18,0.52222222222222214,0.169677734375,0.52349853515625,13.51654052734375
19,0.26250000000000018,0.081787109375,1.33160400390625,7.85906982421875
18,0.52916666666666679,0.17022705078125,0.49456787109375,13.667724609375
20,0,0.12615966796875,1.34503173828125,0.6480712890625
20,0.002777777777778212,0.12628173828125,1.34619140625,0.73974609375
19,0.26944444444444482,0.08087158203125,1.32171630859375,8.01025390625
18,0.53611111111111143,0.17071533203125,0.46514892578125,13.8189697265625
20,0.0097222222222228538,0.12664794921875,1.34912109375,0.9688720703125
19,0.27638888888888946,0.0799560546875,1.31134033203125,8.1614990234375
18,0.54305555555555607,0.17120361328125,0.43524169921875,13.97021484375
20,0.016666666666666607,0.12701416015625,1.35198974609375,1.197998046875
19,0.28333333333333321,0.0789794921875,1.30047607421875,8.31268310546875
18,0.54999999999999982,0.1717529296875,0.4049072265625,14.1214599609375
20,0.023611111111111249,0.1273193359375,1.35491943359375,1.42718505859375
19,0.29027777777777786,0.07806396484375,1.28912353515625,8.4638671875
18,0.55694444444444446,0.1722412109375,0.37408447265625,14.27264404296875
20,0.030555555555555891,0.127685546875,1.3577880859375,1.65631103515625
19,0.2972222222222225,0.0771484375,1.27734375,8.6151123046875
18,0.56388888888888911,0.1727294921875,0.3427734375,14.42388916015625
20,0.037500000000000533,0.12799072265625,1.3607177734375,1.885498046875
19,0.30416666666666714,0.07623291015625,1.26507568359375,8.76629638671875
18,0.57083333333333375,0.17327880859375,0.31097412109375,14.57513427734375
20,0.044444444444444287,0.12835693359375,1.3636474609375,2.1146240234375
19,0.31111111111111089,0.07525634765625,1.2523193359375,8.91748046875
18,0.5777777777777775,0.17376708984375,0.27874755859375,14.72637939453125
20,0.051388888888888928,0.12872314453125,1.36651611328125,2.34375
19,0.31805555555555554,0.0743408203125,1.23907470703125,9.0687255859375
18,0.58472222222222214,0.17431640625,0.24603271484375,14.87762451171875
20,0.05833333333333357,0.1290283203125,1.36944580078125,2.57293701171875
19,0.32500000000000018,0.07342529296875,1.22540283203125,9.21990966796875
18,0.59166666666666679,0.1748046875,0.2127685546875,15.02880859375
20,0.065277777777778212,0.12939453125,1.37237548828125,2.80206298828125
19,0.33194444444444482,0.072509765625,1.21124267578125,9.37109375
18,0.59861111111111143,0.17529296875,0.17913818359375,15.1800537109375
20,0.072222222222222854,0.1297607421875,1.3751220703125,3.0299072265625
19,0.33888888888888946,0.071533203125,1.1966552734375,9.52227783203125
18,0.60555555555555607,0.17584228515625,0.14501953125,15.331298828125
20,0.079166666666666607,0.13006591796875,1.37725830078125,3.2537841796875
19,0.34583333333333321,0.07061767578125,1.1815185546875,9.67352294921875
18,0.61249999999999982,0.17633056640625,0.1103515625,15.4825439453125
20,0.086111111111111249,0.13043212890625,1.3790283203125,3.47357177734375
19,0.35277777777777786,0.0697021484375,1.16595458984375,9.82470703125
18,0.61944444444444446,0.17681884765625,0.0753173828125,15.63372802734375
20,0.093055555555555891,0.1307373046875,1.38018798828125,3.6893310546875
19,0.3597222222222225,0.06878662109375,1.14990234375,9.97589111328125
18,0.62638888888888911,0.1773681640625,0.03973388671875,15.78497314453125
20,0.10000000000000053,0.13104248046875,1.380859375,3.90106201171875
19,0.36666666666666714,0.06781005859375,1.1334228515625,10.12713623046875
18,0.62922787169967653,0.17755126953125,0,15.8468017578125
20,0.10694444444444429,0.13134765625,1.3809814453125,4.10870361328125
19,0.37361111111111089,0.06689453125,1.11639404296875,10.2783203125
20,0.11388888888888893,0.13165283203125,1.38055419921875,4.312255859375
19,0.38055555555555554,0.06597900390625,1.09893798828125,10.42950439453125
20,0.12083333333333357,0.1319580078125,1.379638671875,4.51177978515625
19,0.38750000000000018,0.0650634765625,1.08099365234375,10.58074951171875
20,0.12777777777777821,0.13226318359375,1.378173828125,4.707275390625
19,0.39444444444444482,0.0640869140625,1.0626220703125,10.73193359375
20,0.13472222222222285,0.132568359375,1.376220703125,4.898681640625
19,0.40138888888888946,0.06317138671875,1.043701171875,10.88311767578125
20,0.14166666666666661,0.1328125,1.37371826171875,5.0860595703125
19,0.40833333333333321,0.062255859375,1.0242919921875,11.03436279296875
20,0.14861111111111125,0.13311767578125,1.3707275390625,5.26934814453125
19,0.41527777777777786,0.06134033203125,1.00445556640625,11.185546875
20,0.15555555555555589,0.13336181640625,1.3671875,5.44854736328125
19,0.4222222222222225,0.06036376953125,0.98419189453125,11.33673095703125
20,0.16250000000000053,0.1336669921875,1.3631591796875,5.62371826171875
19,0.42916666666666714,0.0594482421875,0.96337890625,11.4879150390625
20,0.16944444444444429,0.1339111328125,1.3585205078125,5.79486083984375
19,0.43611111111111089,0.05853271484375,0.942138671875,11.63916015625
20,0.17638888888888893,0.1341552734375,1.3533935546875,5.9619140625
19,0.44305555555555554,0.0576171875,0.92047119140625,11.79034423828125
20,0.18333333333333357,0.1343994140625,1.3477783203125,6.12493896484375
19,0.45000000000000018,0.056640625,0.89825439453125,11.9415283203125
20,0.19027777777777821,0.1346435546875,1.34161376953125,6.28387451171875
19,0.45694444444444482,0.05572509765625,0.8756103515625,12.0927734375
20,0.19722222222222285,0.1348876953125,1.3349609375,6.43878173828125
19,0.46388888888888946,0.0548095703125,0.85247802734375,12.24395751953125
20,0.20416666666666661,0.13507080078125,1.3277587890625,6.59033203125
19,0.47083333333333321,0.05389404296875,0.828857421875,12.3951416015625
20,0.21111111111111125,0.13531494140625,1.320068359375,6.7415771484375
19,0.47777777777777786,0.052978515625,0.80474853515625,12.54638671875
20,0.21805555555555589,0.13555908203125,1.3118896484375,6.892822265625
19,0.4847222222222225,0.052001953125,0.78021240234375,12.69757080078125
20,0.22500000000000053,0.13580322265625,1.30328369140625,7.0440673828125
19,0.49166666666666714,0.05108642578125,0.75518798828125,12.8487548828125
20,0.23194444444444429,0.135986328125,1.294189453125,7.1953125
19,0.49861111111111089,0.0501708984375,0.72967529296875,13
20,0.23888888888888893,0.13623046875,1.28466796875,7.34649658203125
19,0.50555555555555554,0.04925537109375,0.7037353515625,13.15118408203125
20,0.24583333333333357,0.136474609375,1.27459716796875,7.49774169921875
19,0.51250000000000018,0.04827880859375,0.67730712890625,13.3023681640625
20,0.25277777777777821,0.13671875,1.26409912109375,7.64898681640625
19,0.51944444444444482,0.04736328125,0.650390625,13.45355224609375
20,0.25972222222222285,0.13690185546875,1.25311279296875,7.80023193359375
19,0.52638888888888946,0.04644775390625,0.6229248046875,13.60479736328125
20,0.26666666666666661,0.13714599609375,1.24163818359375,7.95147705078125
19,0.53333333333333321,0.0455322265625,0.59503173828125,13.7559814453125
20,0.27361111111111125,0.13739013671875,1.229736328125,8.10272216796875
19,0.54027777777777786,0.0445556640625,0.56671142578125,13.90716552734375
20,0.28055555555555589,0.1375732421875,1.21728515625,8.25396728515625
19,0.5472222222222225,0.04364013671875,0.53790283203125,14.05841064453125
20,0.28750000000000053,0.1378173828125,1.2044677734375,8.40521240234375
19,0.55416666666666714,0.042724609375,0.5086669921875,14.2095947265625
20,0.29444444444444429,0.1380615234375,1.19110107421875,8.556396484375
19,0.56111111111111089,0.04180908203125,0.4788818359375,14.36077880859375
20,0.30138888888888893,0.1383056640625,1.17730712890625,8.7076416015625
19,0.56805555555555554,0.04083251953125,0.44866943359375,14.51202392578125
20,0.30833333333333357,0.13848876953125,1.1629638671875,8.85888671875
19,0.57500000000000018,0.0399169921875,0.41796875,14.6632080078125
20,0.31527777777777821,0.13873291015625,1.148193359375,9.0101318359375
19,0.58194444444444482,0.03900146484375,0.38677978515625,14.81439208984375
20,0.32222222222222285,0.13897705078125,1.13299560546875,9.161376953125
19,0.58888888888888946,0.0380859375,0.35516357421875,14.96563720703125
20,0.32916666666666661,0.13916015625,1.11724853515625,9.3126220703125
19,0.59583333333333321,0.037109375,0.32305908203125,15.1168212890625
20,0.33611111111111125,0.139404296875,1.10113525390625,9.4638671875
19,0.60277777777777786,0.03619384765625,0.29046630859375,15.26800537109375
20,0.34305555555555589,0.1396484375,1.08441162109375,9.6151123046875
19,0.6097222222222225,0.0352783203125,0.25738525390625,15.419189453125
20,0.35000000000000053,0.139892578125,1.06732177734375,9.766357421875
19,0.61666666666666714,0.03436279296875,0.223876953125,15.5704345703125
20,0.35694444444444429,0.14007568359375,1.0496826171875,9.91754150390625
19,0.62361111111111089,0.03338623046875,0.18988037109375,15.72161865234375
20,0.36388888888888893,0.14031982421875,1.0316162109375,10.06878662109375
19,0.63055555555555554,0.032470703125,0.1553955078125,15.872802734375
20,0.37083333333333357,0.14056396484375,1.01312255859375,10.22003173828125
19,0.63750000000000018,0.03155517578125,0.12042236328125,16.0240478515625
20,0.37777777777777821,0.14080810546875,0.99407958984375,10.37127685546875
19,0.64444444444444482,0.0306396484375,0.08502197265625,16.17523193359375
20,0.38472222222222285,0.1409912109375,0.974609375,10.52252197265625
19,0.65138888888888946,0.0296630859375,0.049072265625,16.326416015625
20,0.39166666666666661,0.1412353515625,0.95458984375,10.67376708984375
19,0.65598200949826746,0.029052734375,0,16.42645263671875
20,0.39861111111111125,0.1414794921875,0.93414306640625,10.82501220703125
20,0.40555555555555589,0.14166259765625,0.91326904296875,10.97625732421875
20,0.41250000000000053,0.14190673828125,0.891845703125,11.12744140625
20,0.41944444444444429,0.14215087890625,0.87005615234375,11.2786865234375
20,0.42638888888888893,0.14239501953125,0.84771728515625,11.429931640625
20,0.43333333333333357,0.142578125,0.824951171875,11.5811767578125
20,0.44027777777777821,0.142822265625,0.8016357421875,11.732421875
20,0.44722222222222285,0.14306640625,0.77783203125,11.8836669921875
20,0.45416666666666661,0.143310546875,0.753662109375,12.034912109375
20,0.46111111111111125,0.14349365234375,0.72894287109375,12.1861572265625
20,0.46805555555555589,0.14373779296875,0.703857421875,12.33734130859375
20,0.47500000000000053,0.14398193359375,0.67816162109375,12.48858642578125
20,0.48194444444444429,0.1441650390625,0.652099609375,12.63983154296875
20,0.48888888888888893,0.1444091796875,0.62548828125,12.79107666015625
20,0.49583333333333357,0.1446533203125,0.598388671875,12.94232177734375
20,0.50277777777777821,0.1448974609375,0.5709228515625,13.09356689453125
20,0.50972222222222285,0.14508056640625,0.54290771484375,13.24481201171875
20,0.51666666666666661,0.14532470703125,0.51446533203125,13.39605712890625
20,0.52361111111111125,0.14556884765625,0.4854736328125,13.5472412109375
20,0.53055555555555589,0.14581298828125,0.4560546875,13.698486328125
20,0.53750000000000053,0.14599609375,0.42620849609375,13.8497314453125
20,0.54444444444444429,0.146240234375,0.39581298828125,14.0009765625
20,0.55138888888888893,0.146484375,0.364990234375,14.1522216796875
20,0.55833333333333357,0.14666748046875,0.33367919921875,14.303466796875
20,0.56527777777777821,0.14691162109375,0.30194091796875,14.4547119140625
20,0.57222222222222285,0.14715576171875,0.2696533203125,14.60595703125
20,0.57916666666666661,0.14739990234375,0.2369384765625,14.7572021484375
20,0.58611111111111125,0.1475830078125,0.2037353515625,14.90838623046875
20,0.59305555555555589,0.1478271484375,0.1700439453125,15.05963134765625
20,0.60000000000000053,0.1480712890625,0.13592529296875,15.21087646484375
20,0.60694444444444429,0.1483154296875,0.101318359375,15.36212158203125
20,0.61388888888888893,0.14849853515625,0.0662841796875,15.51336669921875
20,0.62083333333333357,0.14874267578125,0.0306396484375,15.66461181640625
20,0.6219185497467753,0.1488037109375,0,15.688232421875
