shot,ageSeconds,x,y,z
1,0,0.14764404296875,1.4122314453125,0.5272216796875
1,0.0069444444444444441,0.14984130859375,1.41229248046875,0.8466796875
1,0.013888888888888888,0.15203857421875,1.412353515625,1.16607666015625
1,0.020833333333333332,0.15423583984375,1.41241455078125,1.48553466796875
1,0.027777777777777776,0.1563720703125,1.4124755859375,1.80499267578125
1,0.034722222222222224,0.1585693359375,1.41253662109375,2.1243896484375
1,0.041666666666666664,0.1607666015625,1.41259765625,2.44384765625
1,0.048611111111111112,0.1629638671875,1.41265869140625,2.7633056640625
1,0.055555555555555552,0.1651611328125,1.4127197265625,3.08270263671875
1,0.0625,0.1673583984375,1.41278076171875,3.40216064453125
1,0.069444444444444448,0.16949462890625,1.41278076171875,3.72113037109375
1,0.0763888888888889,0.17169189453125,1.41241455078125,4.03546142578125
1,0.083333333333333329,0.17376708984375,1.41162109375,4.34417724609375
1,0.090277777777777776,0.17584228515625,1.41021728515625,4.647216796875
1,0.097222222222222224,0.17791748046875,1.408447265625,4.944580078125
1,0.10416666666666667,0.17987060546875,1.40618896484375,5.236328125
1,0.1111111111111111,0.18182373046875,1.4034423828125,5.5223388671875
1,0.11805555555555555,0.18377685546875,1.4002685546875,5.80279541015625
1,0.125,0.1856689453125,1.3966064453125,6.0775146484375
1,0.13194444444444445,0.1875,1.3924560546875,6.34661865234375
1,0.1388888888888889,0.18927001953125,1.38775634765625,6.61004638671875
1,0.14583333333333334,0.1910400390625,1.3826904296875,6.8677978515625
1,0.15277777777777779,0.19281005859375,1.37713623046875,7.11993408203125
1,0.15972222222222221,0.1944580078125,1.37109375,7.36639404296875
1,0.16666666666666666,0.19610595703125,1.364501953125,7.60723876953125
1,0.1736111111111111,0.19775390625,1.3575439453125,7.84234619140625
1,0.18055555555555555,0.19927978515625,1.35009765625,8.0718994140625
1,0.1875,0.2008056640625,1.34210205078125,8.29571533203125
1,0.19444444444444445,0.20233154296875,1.33367919921875,8.513916015625
1,0.2013888888888889,0.20379638671875,1.3248291015625,8.72650146484375
1,0.20833333333333334,0.2052001953125,1.3154296875,8.9373779296875
1,0.21527777777777779,0.2066650390625,1.30560302734375,9.148193359375
1,0.22222222222222221,0.2081298828125,1.2952880859375,9.3590087890625
1,0.22916666666666666,0.20953369140625,1.28448486328125,9.56982421875
1,0.2361111111111111,0.21099853515625,1.27325439453125,9.78070068359375
1,0.24305555555555555,0.21246337890625,1.26153564453125,9.99151611328125
1,0.25,0.2138671875,1.24932861328125,10.20233154296875
1,0.25694444444444442,0.21533203125,1.23663330078125,10.41314697265625
1,0.2638888888888889,0.216796875,1.22344970703125,10.62396240234375
1,0.27083333333333331,0.21820068359375,1.20989990234375,10.8348388671875
1,0.27777777777777779,0.21966552734375,1.19580078125,11.045654296875
1,0.28472222222222221,0.22113037109375,1.18121337890625,11.2564697265625
1,0.29166666666666669,0.2225341796875,1.16619873046875,11.46728515625
1,0.2986111111111111,0.2239990234375,1.15069580078125,11.6781005859375
1,0.30555555555555558,0.2254638671875,1.1346435546875,11.88897705078125
1,0.3125,0.22686767578125,1.11822509765625,12.09979248046875
1,0.31944444444444442,0.22833251953125,1.101318359375,12.31060791015625
1,0.3263888888888889,0.22979736328125,1.08392333984375,12.52142333984375
1,0.33333333333333331,0.231201171875,1.0660400390625,12.7322998046875
1,0.34027777777777779,0.232666015625,1.04766845703125,12.943115234375
1,0.34722222222222221,0.23406982421875,1.02886962890625,13.1539306640625
1,0.35416666666666669,0.23553466796875,1.00958251953125,13.36474609375
1,0.3611111111111111,0.23699951171875,0.98980712890625,13.5755615234375
1,0.36805555555555558,0.2384033203125,0.9696044921875,13.78643798828125
1,0.375,0.2398681640625,0.94891357421875,13.99725341796875
1,0.38194444444444442,0.2413330078125,0.92767333984375,14.20806884765625
1,0.3888888888888889,0.24273681640625,0.90606689453125,14.41888427734375
1,0.39583333333333331,0.24420166015625,0.8839111328125,14.62969970703125
1,0.40277777777777779,0.24566650390625,0.861328125,14.840576171875
1,0.40972222222222221,0.2470703125,0.8382568359375,15.0513916015625
1,0.41666666666666669,0.24853515625,0.814697265625,15.26220703125
1,0.4236111111111111,0.25,0.7906494140625,15.4730224609375
1,0.43055555555555558,0.25140380859375,0.7662353515625,15.683837890625
1,0.4375,0.25286865234375,0.7412109375,15.89471435546875
1,0.44444444444444442,0.25433349609375,0.7158203125,16.10552978515625
1,0.4513888888888889,0.2557373046875,0.68988037109375,16.31634521484375
1,0.45833333333333331,0.2572021484375,0.66351318359375,16.52716064453125
1,0.46527777777777779,0.2586669921875,0.63665771484375,16.738037109375
1,0.47222222222222221,0.26007080078125,0.609375,16.9488525390625
1,0.47916666666666669,0.26153564453125,0.58154296875,17.15966796875
1,0.4861111111111111,0.262939453125,0.55328369140625,17.3704833984375
1,0.49305555555555558,0.264404296875,0.52447509765625,17.581298828125
1,0.5,0.265869140625,0.49530029296875,17.79217529296875
1,0.50694444444444442,0.26727294921875,0.46563720703125,18.00299072265625
1,0.51388888888888884,0.26873779296875,0.4354248046875,18.21380615234375
1,0.52083333333333337,0.27020263671875,0.40484619140625,18.42462158203125
1,0.52777777777777779,0.2716064453125,0.37371826171875,18.63543701171875
1,0.53472222222222221,0.2730712890625,0.34210205078125,18.8463134765625
1,0.54166666666666663,0.2745361328125,0.31005859375,19.05712890625
1,0.54861111111111116,0.27593994140625,0.277587890625,19.2679443359375
1,0.55555555555555558,0.27740478515625,0.24456787109375,19.478759765625
1,0.5625,0.27886962890625,0.21112060546875,19.6895751953125
1,0.56944444444444442,0.2802734375,0.1771240234375,19.90045166015625
1,0.57638888888888884,0.28173828125,0.1427001953125,20.11126708984375
1,0.58333333333333337,0.283203125,0.10784912109375,20.32208251953125
1,0.59027777777777779,0.28460693359375,0.07244873046875,20.53289794921875
1,0.59722222222222221,0.28607177734375,0.03668212890625,20.7437744140625
1,0.59945378122806325,0.28656005859375,0,20.8115234375
2,0,0.14764404296875,1.4122314453125,0.5272216796875
2,0.001388888888888884,0.1478271484375,1.41229248046875,0.59112548828125
2,0.0083333333333333037,0.14862060546875,1.41265869140625,0.91058349609375
2,0.015277777777777724,0.14947509765625,1.41302490234375,1.22998046875
2,0.022222222222222143,0.1502685546875,1.4134521484375,1.5494384765625
2,0.029166666666666563,0.151123046875,1.413818359375,1.868896484375
2,0.036111111111110983,0.1519775390625,1.4141845703125,2.1883544921875
2,0.0430555555555554,0.15277099609375,1.41455078125,2.50775146484375
2,0.049999999999999822,0.15362548828125,1.4149169921875,2.82720947265625
2,0.056944444444444242,0.1544189453125,1.415283203125,3.14666748046875
2,0.063888888888888884,0.1552734375,1.4156494140625,3.46612548828125
2,0.0708333333333333,0.15606689453125,1.41595458984375,3.7845458984375
2,0.077777777777777724,0.15692138671875,1.415771484375,4.09771728515625
2,0.084722222222222143,0.15771484375,1.4151611328125,4.40533447265625
2,0.091666666666666563,0.15850830078125,1.4140625,4.70721435546875
2,0.098611111111110983,0.15924072265625,1.41241455078125,5.00347900390625
2,0.1055555555555554,0.1600341796875,1.410400390625,5.2940673828125
2,0.11249999999999982,0.1607666015625,1.40777587890625,5.5789794921875
2,0.11944444444444424,0.1614990234375,1.40478515625,5.8582763671875
2,0.12638888888888888,0.16217041015625,1.40130615234375,6.13189697265625
2,0.1333333333333333,0.16290283203125,1.39727783203125,6.39984130859375
2,0.14027777777777772,0.16357421875,1.392822265625,6.66217041015625
2,0.14722222222222214,0.16424560546875,1.38787841796875,6.9188232421875
2,0.15416666666666656,0.16485595703125,1.3824462890625,7.1697998046875
2,0.16111111111111098,0.16552734375,1.37652587890625,7.4151611328125
2,0.1680555555555554,0.1661376953125,1.37017822265625,7.65484619140625
2,0.17499999999999982,0.166748046875,1.36334228515625,7.88885498046875
2,0.18194444444444424,0.1673583984375,1.35595703125,8.11724853515625
2,0.18888888888888888,0.16790771484375,1.34814453125,8.3399658203125
2,0.1958333333333333,0.16845703125,1.33984375,8.5570068359375
2,0.20277777777777772,0.16900634765625,1.3310546875,8.76885986328125
2,0.20972222222222214,0.1695556640625,1.32177734375,8.97967529296875
2,0.21666666666666656,0.17010498046875,1.31207275390625,9.19049072265625
2,0.22361111111111098,0.170654296875,1.3018798828125,9.4013671875
2,0.2305555555555554,0.17120361328125,1.29119873046875,9.6121826171875
2,0.23749999999999982,0.1717529296875,1.280029296875,9.822998046875
2,0.24444444444444424,0.17230224609375,1.2684326171875,10.03387451171875
2,0.25138888888888888,0.1728515625,1.25634765625,10.24468994140625
2,0.2583333333333333,0.17340087890625,1.24383544921875,10.45550537109375
2,0.26527777777777772,0.1739501953125,1.23077392578125,10.66632080078125
2,0.27222222222222214,0.17449951171875,1.21728515625,10.877197265625
2,0.27916666666666656,0.175048828125,1.20330810546875,11.0880126953125
2,0.286111111111111,0.17559814453125,1.1888427734375,11.298828125
2,0.2930555555555554,0.1761474609375,1.17388916015625,11.50970458984375
2,0.29999999999999982,0.17669677734375,1.15850830078125,11.72052001953125
2,0.30694444444444424,0.17724609375,1.14263916015625,11.93133544921875
2,0.31388888888888888,0.17779541015625,1.12628173828125,12.14215087890625
2,0.3208333333333333,0.1783447265625,1.1094970703125,12.35302734375
2,0.32777777777777772,0.17889404296875,1.0921630859375,12.5638427734375
2,0.33472222222222214,0.17938232421875,1.07440185546875,12.774658203125
2,0.34166666666666656,0.179931640625,1.05621337890625,12.98553466796875
2,0.348611111111111,0.18048095703125,1.0374755859375,13.19635009765625
2,0.3555555555555554,0.1810302734375,1.018310546875,13.40716552734375
2,0.36249999999999982,0.18157958984375,0.9986572265625,13.61798095703125
2,0.36944444444444424,0.18212890625,0.978515625,13.828857421875
2,0.37638888888888888,0.18267822265625,0.95794677734375,14.0396728515625
2,0.3833333333333333,0.1832275390625,0.9368896484375,14.25048828125
2,0.39027777777777772,0.18377685546875,0.91534423828125,14.4613037109375
2,0.39722222222222214,0.184326171875,0.893310546875,14.67218017578125
2,0.40416666666666656,0.18487548828125,0.87078857421875,14.88299560546875
2,0.411111111111111,0.1854248046875,0.84783935546875,15.09381103515625
2,0.4180555555555554,0.18597412109375,0.82440185546875,15.3046875
2,0.42499999999999982,0.1865234375,0.800537109375,15.5155029296875
2,0.43194444444444424,0.18707275390625,0.776123046875,15.726318359375
2,0.43888888888888888,0.1876220703125,0.75128173828125,15.9371337890625
2,0.4458333333333333,0.18817138671875,0.7259521484375,16.14801025390625
2,0.45277777777777772,0.188720703125,0.70013427734375,16.35882568359375
2,0.45972222222222214,0.18927001953125,0.67388916015625,16.56964111328125
2,0.46666666666666656,0.1898193359375,0.64715576171875,16.780517578125
2,0.4736111111111112,0.19036865234375,0.61993408203125,16.9913330078125
2,0.4805555555555554,0.19091796875,0.59222412109375,17.2021484375
2,0.48750000000000004,0.19146728515625,0.5640869140625,17.4129638671875
2,0.49444444444444424,0.1920166015625,0.53546142578125,17.62384033203125
2,0.50138888888888888,0.19256591796875,0.50634765625,17.83465576171875
2,0.50833333333333308,0.19305419921875,0.476806640625,18.04547119140625
2,0.51527777777777772,0.193603515625,0.44671630859375,18.25634765625
2,0.52222222222222192,0.19415283203125,0.41619873046875,18.4671630859375
2,0.52916666666666656,0.1947021484375,0.38519287109375,18.677978515625
2,0.5361111111111112,0.19525146484375,0.353759765625,18.8887939453125
2,0.5430555555555554,0.19580078125,0.32177734375,19.09967041015625
2,0.55,0.19635009765625,0.2894287109375,19.31048583984375
2,0.55694444444444424,0.1968994140625,0.256591796875,19.52130126953125
2,0.56388888888888888,0.19744873046875,0.22320556640625,19.73211669921875
2,0.57083333333333308,0.197998046875,0.18939208984375,19.9429931640625
2,0.57777777777777772,0.19854736328125,0.15509033203125,20.15380859375
2,0.58472222222222192,0.1990966796875,0.12030029296875,20.3646240234375
2,0.59166666666666656,0.19964599609375,0.08502197265625,20.57550048828125
2,0.5986111111111112,0.2001953125,0.04931640625,20.78631591796875
2,0.60327431103530427,0.2005615234375,0,20.9278564453125
3,0,0.14764404296875,1.4122314453125,0.5272216796875
3,0.0027777777777777679,0.1480712890625,1.41229248046875,0.655029296875
3,0.0097222222222219656,0.14910888671875,1.412353515625,0.97442626953125
3,0.016666666666666607,0.150146484375,1.4124755859375,1.29388427734375
3,0.023611111111110805,0.151123046875,1.41259765625,1.61334228515625
3,0.030555555555555447,0.15216064453125,1.41265869140625,1.93280029296875
3,0.037499999999999645,0.1531982421875,1.41278076171875,2.252197265625
3,0.044444444444444287,0.15423583984375,1.41290283203125,2.5716552734375
3,0.051388888888888484,0.1552734375,1.4129638671875,2.89111328125
3,0.058333333333333126,0.15631103515625,1.4130859375,3.2105712890625
3,0.065277777777777768,0.1573486328125,1.4132080078125,3.52996826171875
3,0.072222222222221966,0.15838623046875,1.41314697265625,3.84759521484375
3,0.079166666666666607,0.15936279296875,1.41259765625,4.15972900390625
3,0.0861111111111108,0.16033935546875,1.41168212890625,4.46612548828125
3,0.093055555555555447,0.16131591796875,1.41015625,4.76690673828125
3,0.099999999999999645,0.16229248046875,1.40826416015625,5.06201171875
3,0.10694444444444429,0.1632080078125,1.40582275390625,5.35150146484375
3,0.11388888888888848,0.16412353515625,1.4029541015625,5.63531494140625
3,0.12083333333333313,0.1650390625,1.3995361328125,5.9134521484375
3,0.12777777777777777,0.1658935546875,1.395751953125,6.1859130859375
3,0.13472222222222197,0.166748046875,1.39141845703125,6.4527587890625
3,0.14166666666666661,0.1676025390625,1.3865966796875,6.71392822265625
3,0.14861111111111081,0.16845703125,1.38140869140625,6.969482421875
3,0.15555555555555545,0.16925048828125,1.37567138671875,7.2193603515625
3,0.16249999999999964,0.1700439453125,1.36944580078125,7.46356201171875
3,0.16944444444444429,0.1707763671875,1.36279296875,7.70208740234375
3,0.17638888888888848,0.17156982421875,1.3555908203125,7.93499755859375
3,0.18333333333333313,0.17230224609375,1.34796142578125,8.1622314453125
3,0.19027777777777777,0.1729736328125,1.33984375,8.3837890625
3,0.19722222222222197,0.1737060546875,1.331298828125,8.5997314453125
3,0.20416666666666661,0.17437744140625,1.32220458984375,8.81103515625
3,0.21111111111111081,0.175048828125,1.312744140625,9.0218505859375
3,0.21805555555555545,0.17572021484375,1.302734375,9.232666015625
3,0.22499999999999964,0.1763916015625,1.292236328125,9.4434814453125
3,0.23194444444444429,0.17706298828125,1.28131103515625,9.65435791015625
3,0.23888888888888848,0.17779541015625,1.2698974609375,9.86517333984375
3,0.24583333333333313,0.178466796875,1.25799560546875,10.07598876953125
3,0.25277777777777777,0.17913818359375,1.24560546875,10.286865234375
3,0.25972222222222197,0.1798095703125,1.2327880859375,10.4976806640625
3,0.26666666666666661,0.18048095703125,1.219482421875,10.70849609375
3,0.27361111111111081,0.18115234375,1.20574951171875,10.9193115234375
3,0.28055555555555545,0.18182373046875,1.19146728515625,11.13018798828125
3,0.28749999999999964,0.18255615234375,1.1767578125,11.34100341796875
3,0.29444444444444429,0.1832275390625,1.16156005859375,11.55181884765625
3,0.30138888888888848,0.18389892578125,1.1458740234375,11.76263427734375
3,0.30833333333333313,0.1845703125,1.12969970703125,11.9735107421875
3,0.31527777777777777,0.18524169921875,1.11309814453125,12.184326171875
3,0.32222222222222197,0.1859130859375,1.09600830078125,12.3951416015625
3,0.32916666666666661,0.18658447265625,1.07843017578125,12.60601806640625
3,0.33611111111111081,0.18731689453125,1.06048583984375,12.81683349609375
3,0.34305555555555545,0.18798828125,1.04193115234375,13.02764892578125
3,0.34999999999999964,0.18865966796875,1.02294921875,13.23846435546875
3,0.35694444444444429,0.1893310546875,1.00347900390625,13.4493408203125
3,0.36388888888888848,0.19000244140625,0.98358154296875,13.66015625
3,0.37083333333333313,0.190673828125,0.96319580078125,13.8709716796875
3,0.37777777777777777,0.19134521484375,0.94232177734375,14.081787109375
3,0.38472222222222197,0.19207763671875,0.92095947265625,14.29266357421875
3,0.39166666666666661,0.1927490234375,0.89910888671875,14.50347900390625
3,0.39861111111111081,0.19342041015625,0.8768310546875,14.71429443359375
3,0.40555555555555545,0.194091796875,0.8541259765625,14.9251708984375
3,0.41249999999999964,0.19476318359375,0.83087158203125,15.135986328125
3,0.41944444444444429,0.1954345703125,0.80718994140625,15.3468017578125
3,0.42638888888888848,0.19610595703125,0.78302001953125,15.5576171875
3,0.43333333333333313,0.19683837890625,0.75836181640625,15.76849365234375
3,0.44027777777777777,0.197509765625,0.73321533203125,15.97930908203125
3,0.44722222222222197,0.19818115234375,0.70758056640625,16.19012451171875
3,0.45416666666666661,0.1988525390625,0.6815185546875,16.4010009765625
3,0.46111111111111081,0.19952392578125,0.65496826171875,16.61181640625
3,0.46805555555555545,0.2001953125,0.6280517578125,16.8226318359375
3,0.47499999999999964,0.200927734375,0.60052490234375,17.033447265625
3,0.48194444444444429,0.20159912109375,0.57257080078125,17.24432373046875
3,0.48888888888888848,0.2022705078125,0.54412841796875,17.45513916015625
3,0.49583333333333313,0.20294189453125,0.51519775390625,17.66595458984375
3,0.50277777777777777,0.20361328125,0.48583984375,17.87677001953125
3,0.509722222222222,0.20428466796875,0.45599365234375,18.087646484375
3,0.51666666666666661,0.2049560546875,0.4256591796875,18.2984619140625
3,0.52361111111111081,0.2056884765625,0.39483642578125,18.50927734375
3,0.53055555555555545,0.20635986328125,0.3636474609375,18.72015380859375
3,0.53749999999999964,0.20703125,0.3319091796875,18.93096923828125
3,0.54444444444444429,0.20770263671875,0.2996826171875,19.14178466796875
3,0.55138888888888848,0.2083740234375,0.2669677734375,19.35260009765625
3,0.55833333333333313,0.20904541015625,0.23382568359375,19.5634765625
3,0.56527777777777777,0.209716796875,0.2001953125,19.7742919921875
3,0.572222222222222,0.21044921875,0.16607666015625,19.985107421875
3,0.57916666666666661,0.21112060546875,0.13153076171875,20.1959228515625
3,0.58611111111111081,0.2117919921875,0.096435546875,20.40679931640625
3,0.59305555555555545,0.21246337890625,0.0609130859375,20.61761474609375
3,0.599990568407566,0.213134765625,0,20.828125
4,0,0.14764404296875,1.4122314453125,0.5272216796875
4,0.00416666666666643,0.14801025390625,1.4122314453125,0.7188720703125
4,0.011111111111110183,0.148681640625,1.4122314453125,1.038330078125
4,0.018055555555554825,0.1492919921875,1.41229248046875,1.3577880859375
4,0.024999999999999467,0.14996337890625,1.41229248046875,1.67724609375
4,0.031944444444444109,0.15057373046875,1.41229248046875,1.99664306640625
4,0.038888888888888751,0.1512451171875,1.412353515625,2.31610107421875
4,0.045833333333332504,0.15191650390625,1.412353515625,2.63555908203125
4,0.052777777777777146,0.15252685546875,1.412353515625,2.95501708984375
4,0.059722222222221788,0.1531982421875,1.41241455078125,3.2744140625
4,0.06666666666666643,0.15380859375,1.41241455078125,3.5938720703125
4,0.073611111111110183,0.15447998046875,1.41217041015625,3.9105224609375
4,0.080555555555554825,0.15509033203125,1.41156005859375,4.221435546875
4,0.087499999999999467,0.15570068359375,1.41033935546875,4.5267333984375
4,0.094444444444444109,0.15631103515625,1.40869140625,4.826416015625
4,0.10138888888888875,0.1568603515625,1.40655517578125,5.120361328125
4,0.1083333333333325,0.157470703125,1.404052734375,5.40875244140625
4,0.11527777777777715,0.15802001953125,1.40093994140625,5.69140625
4,0.12222222222222179,0.1585693359375,1.39739990234375,5.96844482421875
4,0.12916666666666643,0.15911865234375,1.39337158203125,6.23974609375
4,0.13611111111111018,0.15966796875,1.38897705078125,6.5054931640625
4,0.14305555555555483,0.16021728515625,1.384033203125,6.7655029296875
4,0.14999999999999947,0.16070556640625,1.3785400390625,7.0198974609375
4,0.15694444444444411,0.16119384765625,1.3726806640625,7.2686767578125
4,0.16388888888888875,0.16168212890625,1.3663330078125,7.51171875
4,0.1708333333333325,0.16217041015625,1.3594970703125,7.7491455078125
4,0.17777777777777715,0.16265869140625,1.3521728515625,7.98089599609375
4,0.18472222222222179,0.1630859375,1.3443603515625,8.20703125
4,0.19166666666666643,0.16351318359375,1.336181640625,8.427490234375
4,0.19861111111111018,0.16400146484375,1.327392578125,8.64227294921875
4,0.20555555555555483,0.16436767578125,1.31817626953125,8.85321044921875
4,0.21249999999999947,0.164794921875,1.30853271484375,9.06402587890625
4,0.21944444444444411,0.16522216796875,1.29833984375,9.27484130859375
4,0.22638888888888875,0.1656494140625,1.28778076171875,9.4857177734375
4,0.2333333333333325,0.16607666015625,1.27667236328125,9.696533203125
4,0.24027777777777715,0.16650390625,1.26507568359375,9.9073486328125
4,0.24722222222222179,0.16693115234375,1.2530517578125,10.11822509765625
4,0.25416666666666643,0.1673583984375,1.24053955078125,10.32904052734375
4,0.26111111111111018,0.16778564453125,1.22760009765625,10.53985595703125
4,0.26805555555555483,0.168212890625,1.214111328125,10.750732421875
4,0.27499999999999947,0.16864013671875,1.2001953125,10.9615478515625
4,0.28194444444444411,0.1690673828125,1.18572998046875,11.17236328125
4,0.28888888888888875,0.16949462890625,1.17083740234375,11.3831787109375
4,0.2958333333333325,0.169921875,1.15557861328125,11.59405517578125
4,0.30277777777777715,0.17034912109375,1.13970947265625,11.80487060546875
4,0.30972222222222179,0.1707763671875,1.1234130859375,12.01568603515625
4,0.31666666666666643,0.17120361328125,1.10662841796875,12.2265625
4,0.32361111111111018,0.171630859375,1.08941650390625,12.4373779296875
4,0.33055555555555483,0.17205810546875,1.07171630859375,12.648193359375
4,0.33749999999999947,0.1724853515625,1.05352783203125,12.8590087890625
4,0.34444444444444411,0.1728515625,1.03485107421875,13.06988525390625
4,0.35138888888888875,0.17327880859375,1.0157470703125,13.28070068359375
4,0.3583333333333325,0.1737060546875,0.99609375,13.49151611328125
4,0.36527777777777715,0.17413330078125,0.97607421875,13.70233154296875
4,0.37222222222222179,0.174560546875,0.95556640625,13.9132080078125
4,0.37916666666666643,0.17498779296875,0.93450927734375,14.1240234375
4,0.38611111111111018,0.1754150390625,0.91302490234375,14.3348388671875
4,0.39305555555555483,0.17584228515625,0.89105224609375,14.54571533203125
4,0.39999999999999947,0.17626953125,0.86865234375,14.75653076171875
4,0.40694444444444411,0.17669677734375,0.845703125,14.96734619140625
4,0.41388888888888875,0.1771240234375,0.82232666015625,15.17822265625
4,0.4208333333333325,0.17755126953125,0.7984619140625,15.3890380859375
4,0.42777777777777715,0.177978515625,0.77410888671875,15.599853515625
4,0.43472222222222179,0.17840576171875,0.7493896484375,15.8106689453125
4,0.44166666666666643,0.1788330078125,0.72406005859375,16.02154541015625
4,0.44861111111111018,0.17926025390625,0.69830322265625,16.23236083984375
4,0.45555555555555483,0.1796875,0.672119140625,16.44317626953125
4,0.46249999999999947,0.18011474609375,0.6453857421875,16.654052734375
4,0.46944444444444411,0.1805419921875,0.6182861328125,16.8648681640625
4,0.47638888888888875,0.18096923828125,0.59063720703125,17.07568359375
4,0.4833333333333325,0.18133544921875,0.5625,17.2864990234375
4,0.49027777777777715,0.1817626953125,0.533935546875,17.49737548828125
4,0.49722222222222179,0.18218994140625,0.5048828125,17.70819091796875
4,0.50416666666666643,0.1826171875,0.47540283203125,17.91900634765625
4,0.51111111111111018,0.18304443359375,0.44537353515625,18.1298828125
4,0.51805555555555483,0.1834716796875,0.41485595703125,18.3406982421875
4,0.52499999999999947,0.18389892578125,0.3839111328125,18.551513671875
4,0.53194444444444411,0.184326171875,0.35247802734375,18.7623291015625
4,0.53888888888888875,0.18475341796875,0.3206787109375,18.97320556640625
4,0.5458333333333325,0.1851806640625,0.28826904296875,19.18402099609375
4,0.55277777777777715,0.18560791015625,0.25543212890625,19.39483642578125
4,0.55972222222222179,0.18603515625,0.22210693359375,19.605712890625
4,0.56666666666666643,0.18646240234375,0.1883544921875,19.8165283203125
4,0.57361111111111018,0.1868896484375,0.15411376953125,20.02734375
4,0.58055555555555483,0.18731689453125,0.119384765625,20.2381591796875
4,0.58749999999999947,0.187744140625,0.08416748046875,20.44903564453125
4,0.59444444444444411,0.18817138671875,0.04852294921875,20.65985107421875
4,0.598955405701195,0.1884765625,0,20.79681396484375
5,0,0.14764404296875,1.4122314453125,0.5272216796875
5,0.0055555555555555358,0.1484375,1.41265869140625,0.78277587890625
5,0.012499999999999289,0.1494140625,1.4132080078125,1.10223388671875
5,0.019444444444443931,0.15045166015625,1.41375732421875,1.421630859375
5,0.026388888888888573,0.15142822265625,1.414306640625,1.7410888671875
5,0.033333333333333215,0.15240478515625,1.41485595703125,2.060546875
5,0.040277777777776969,0.1534423828125,1.4154052734375,2.3800048828125
5,0.04722222222222161,0.1544189453125,1.41595458984375,2.69940185546875
5,0.054166666666666252,0.15545654296875,1.41650390625,3.01885986328125
5,0.061111111111110894,0.15643310546875,1.41705322265625,3.33831787109375
5,0.068055555555555536,0.15740966796875,1.41766357421875,3.65765380859375
5,0.074999999999999289,0.15838623046875,1.41778564453125,3.97314453125
5,0.081944444444443931,0.15936279296875,1.41754150390625,4.282958984375
5,0.088888888888888573,0.16033935546875,1.41680908203125,4.58709716796875
5,0.095833333333333215,0.1612548828125,1.41558837890625,4.8856201171875
5,0.10277777777777697,0.16217041015625,1.41387939453125,5.178466796875
5,0.10972222222222161,0.1630859375,1.41168212890625,5.4656982421875
5,0.11666666666666625,0.1639404296875,1.40899658203125,5.74725341796875
5,0.12361111111111089,0.164794921875,1.40582275390625,6.02313232421875
5,0.13055555555555554,0.1656494140625,1.40216064453125,6.2933349609375
5,0.13749999999999929,0.16650390625,1.3980712890625,6.55792236328125
5,0.14444444444444393,0.16729736328125,1.3934326171875,6.81683349609375
5,0.15138888888888857,0.1680908203125,1.38836669921875,7.070068359375
5,0.15833333333333321,0.16888427734375,1.38275146484375,7.31768798828125
5,0.16527777777777697,0.16961669921875,1.376708984375,7.55963134765625
5,0.17222222222222161,0.17034912109375,1.3702392578125,7.7958984375
5,0.17916666666666625,0.17108154296875,1.3631591796875,8.02655029296875
5,0.18611111111111089,0.1717529296875,1.35565185546875,8.25152587890625
5,0.19305555555555554,0.1724853515625,1.34771728515625,8.4708251953125
5,0.19999999999999929,0.17315673828125,1.3392333984375,8.68450927734375
5,0.20694444444444393,0.17376708984375,1.33026123046875,8.89532470703125
5,0.21388888888888857,0.1744384765625,1.32086181640625,9.10614013671875
5,0.22083333333333321,0.17510986328125,1.31097412109375,9.3170166015625
5,0.22777777777777697,0.17578125,1.30059814453125,9.52783203125
5,0.23472222222222161,0.17645263671875,1.289794921875,9.7386474609375
5,0.24166666666666625,0.17706298828125,1.27838134765625,9.94952392578125
5,0.24861111111111089,0.177734375,1.2666015625,10.16033935546875
5,0.25555555555555554,0.17840576171875,1.25439453125,10.37115478515625
5,0.26249999999999929,0.1790771484375,1.24163818359375,10.58197021484375
5,0.26944444444444393,0.1796875,1.22845458984375,10.7928466796875
5,0.27638888888888857,0.18035888671875,1.21478271484375,11.003662109375
5,0.28333333333333321,0.1810302734375,1.20062255859375,11.2144775390625
5,0.29027777777777697,0.18170166015625,1.18603515625,11.42529296875
5,0.29722222222222161,0.182373046875,1.17095947265625,11.63616943359375
5,0.30416666666666625,0.1829833984375,1.1553955078125,11.84698486328125
5,0.31111111111111089,0.18365478515625,1.13934326171875,12.05780029296875
5,0.31805555555555554,0.184326171875,1.122802734375,12.2686767578125
5,0.32499999999999929,0.18499755859375,1.1058349609375,12.4794921875
5,0.33194444444444393,0.1856689453125,1.08837890625,12.6903076171875
5,0.33888888888888857,0.186279296875,1.07049560546875,12.901123046875
5,0.34583333333333321,0.18695068359375,1.05206298828125,13.11199951171875
5,0.35277777777777697,0.1876220703125,1.033203125,13.32281494140625
5,0.35972222222222161,0.18829345703125,1.01385498046875,13.53363037109375
5,0.36666666666666625,0.18896484375,0.99407958984375,13.74444580078125
5,0.37361111111111089,0.1895751953125,0.9737548828125,13.955322265625
5,0.38055555555555554,0.19024658203125,0.9530029296875,14.1661376953125
5,0.38749999999999929,0.19091796875,0.9317626953125,14.376953125
5,0.39444444444444393,0.19158935546875,0.91009521484375,14.5877685546875
5,0.40138888888888857,0.1922607421875,0.88787841796875,14.79864501953125
5,0.40833333333333321,0.19287109375,0.865234375,15.00946044921875
5,0.41527777777777697,0.19354248046875,0.84210205078125,15.22027587890625
5,0.42222222222222161,0.1942138671875,0.8184814453125,15.43115234375
5,0.42916666666666625,0.19488525390625,0.79437255859375,15.6419677734375
5,0.43611111111111089,0.19549560546875,0.76983642578125,15.852783203125
5,0.44305555555555554,0.1961669921875,0.744873046875,16.0635986328125
5,0.44999999999999929,0.19683837890625,0.7193603515625,16.27447509765625
5,0.45694444444444393,0.197509765625,0.69342041015625,16.48529052734375
5,0.46388888888888857,0.19818115234375,0.6669921875,16.69610595703125
5,0.47083333333333321,0.19879150390625,0.64007568359375,16.90692138671875
5,0.47777777777777697,0.199462890625,0.6126708984375,17.1177978515625
5,0.48472222222222161,0.20013427734375,0.5848388671875,17.32861328125
5,0.49166666666666625,0.2008056640625,0.5565185546875,17.5394287109375
5,0.49861111111111089,0.20147705078125,0.5277099609375,17.75030517578125
5,0.50555555555555554,0.20208740234375,0.49847412109375,17.96112060546875
5,0.51249999999999929,0.2027587890625,0.46875,18.17193603515625
5,0.51944444444444393,0.20343017578125,0.43853759765625,18.38275146484375
5,0.52638888888888857,0.2041015625,0.4078369140625,18.5936279296875
5,0.53333333333333321,0.20477294921875,0.37664794921875,18.804443359375
5,0.540277777777777,0.20538330078125,0.34503173828125,19.0152587890625
5,0.54722222222222161,0.2060546875,0.31292724609375,19.22607421875
5,0.55416666666666625,0.20672607421875,0.2803955078125,19.43695068359375
5,0.56111111111111089,0.2073974609375,0.247314453125,19.64776611328125
5,0.56805555555555554,0.20806884765625,0.21380615234375,19.85858154296875
5,0.57499999999999929,0.20867919921875,0.1798095703125,20.0694580078125
5,0.58194444444444393,0.2093505859375,0.14532470703125,20.2802734375
5,0.58888888888888857,0.21002197265625,0.11041259765625,20.4910888671875
5,0.59583333333333321,0.210693359375,0.07501220703125,20.701904296875
5,0.602777777777777,0.2113037109375,0.03912353515625,20.91278076171875
5,0.60546715023636588,0.2115478515625,0,20.99444580078125
6,0,0.14764404296875,1.4122314453125,0.5272216796875
6,0.0069444444444437536,0.14935302734375,1.41192626953125,0.8466796875
6,0.013888888888888395,0.1510009765625,1.41156005859375,1.16607666015625
6,0.020833333333333037,0.1527099609375,1.4112548828125,1.48553466796875
6,0.027777777777777679,0.15435791015625,1.41094970703125,1.80499267578125
6,0.034722222222222321,0.15606689453125,1.41058349609375,2.12445068359375
6,0.041666666666666075,0.15777587890625,1.4102783203125,2.44384765625
6,0.048611111111110716,0.159423828125,1.409912109375,2.7633056640625
6,0.055555555555555358,0.1611328125,1.40960693359375,3.082763671875
6,0.0625,0.16278076171875,1.4093017578125,3.40216064453125
6,0.069444444444443754,0.16448974609375,1.40887451171875,3.72119140625
6,0.0763888888888884,0.1661376953125,1.40814208984375,4.0355224609375
6,0.083333333333333037,0.16778564453125,1.406982421875,4.34423828125
6,0.090277777777777679,0.16937255859375,1.4052734375,4.647216796875
6,0.097222222222222321,0.1708984375,1.40313720703125,4.94464111328125
6,0.10416666666666607,0.1724853515625,1.4005126953125,5.236328125
6,0.11111111111111072,0.1739501953125,1.39739990234375,5.52239990234375
6,0.11805555555555536,0.17547607421875,1.39385986328125,5.80279541015625
6,0.125,0.1768798828125,1.389892578125,6.07757568359375
6,0.13194444444444375,0.1783447265625,1.3853759765625,6.3466796875
6,0.1388888888888884,0.1796875,1.38043212890625,6.610107421875
6,0.14583333333333304,0.18109130859375,1.37506103515625,6.86785888671875
6,0.15277777777777768,0.182373046875,1.369140625,7.1199951171875
6,0.15972222222222232,0.1837158203125,1.36279296875,7.366455078125
6,0.16666666666666607,0.1849365234375,1.35595703125,7.6072998046875
6,0.17361111111111072,0.18621826171875,1.34869384765625,7.84246826171875
6,0.18055555555555536,0.18743896484375,1.3409423828125,8.07196044921875
6,0.1875,0.1885986328125,1.332763671875,8.2957763671875
6,0.19444444444444375,0.18975830078125,1.32403564453125,8.51397705078125
6,0.2013888888888884,0.19085693359375,1.31488037109375,8.72662353515625
6,0.20833333333333304,0.19195556640625,1.3052978515625,8.93743896484375
6,0.21527777777777768,0.19305419921875,1.295166015625,9.14825439453125
6,0.22222222222222232,0.1942138671875,1.28460693359375,9.35906982421875
6,0.22916666666666607,0.1953125,1.2735595703125,9.5699462890625
6,0.23611111111111072,0.1964111328125,1.2620849609375,9.78076171875
6,0.24305555555555536,0.197509765625,1.25006103515625,9.9915771484375
6,0.25,0.1986083984375,1.2376708984375,10.202392578125
6,0.25694444444444375,0.19976806640625,1.22467041015625,10.41326904296875
6,0.2638888888888884,0.20086669921875,1.2113037109375,10.62408447265625
6,0.27083333333333304,0.20196533203125,1.19744873046875,10.83489990234375
6,0.27777777777777768,0.20306396484375,1.18304443359375,11.04571533203125
6,0.28472222222222232,0.2042236328125,1.16827392578125,11.256591796875
6,0.29166666666666607,0.205322265625,1.1529541015625,11.4674072265625
6,0.29861111111111072,0.2064208984375,1.13720703125,11.67822265625
6,0.30555555555555536,0.20751953125,1.12091064453125,11.8890380859375
6,0.3125,0.2086181640625,1.104248046875,12.09991455078125
6,0.31944444444444375,0.20977783203125,1.0870361328125,12.31072998046875
6,0.3263888888888884,0.21087646484375,1.0694580078125,12.52154541015625
6,0.33333333333333304,0.21197509765625,1.05126953125,12.73236083984375
6,0.34027777777777768,0.21307373046875,1.03271484375,12.9432373046875
6,0.34722222222222232,0.21417236328125,1.01361083984375,13.154052734375
6,0.35416666666666696,0.21533203125,0.99407958984375,13.3648681640625
6,0.3611111111111116,0.2164306640625,0.97406005859375,13.57568359375
6,0.36805555555555447,0.217529296875,0.95355224609375,13.78656005859375
6,0.37499999999999911,0.2186279296875,0.9326171875,13.99737548828125
6,0.38194444444444375,0.2197265625,0.9111328125,14.20819091796875
6,0.3888888888888884,0.22088623046875,0.8892822265625,14.41900634765625
6,0.39583333333333304,0.22198486328125,0.8668212890625,14.6298828125
6,0.40277777777777768,0.22308349609375,0.84405517578125,14.8406982421875
6,0.40972222222222232,0.22418212890625,0.8206787109375,15.051513671875
6,0.41666666666666696,0.22528076171875,0.79693603515625,15.2623291015625
6,0.4236111111111116,0.2264404296875,0.7725830078125,15.47314453125
6,0.43055555555555447,0.2275390625,0.7479248046875,15.68402099609375
6,0.43749999999999911,0.2286376953125,0.72265625,15.89483642578125
6,0.44444444444444375,0.229736328125,0.697021484375,16.10565185546875
6,0.4513888888888884,0.2308349609375,0.6707763671875,16.31646728515625
6,0.45833333333333304,0.23199462890625,0.6441650390625,16.52734375
6,0.46527777777777768,0.23309326171875,0.6170654296875,16.7381591796875
6,0.47222222222222232,0.23419189453125,0.5894775390625,16.948974609375
6,0.47916666666666696,0.23529052734375,0.56146240234375,17.1597900390625
6,0.4861111111111116,0.2364501953125,0.53289794921875,17.37066650390625
6,0.49305555555555447,0.237548828125,0.50390625,17.58148193359375
6,0.49999999999999911,0.2386474609375,0.47442626953125,17.79229736328125
6,0.50694444444444375,0.23974609375,0.44451904296875,18.00311279296875
6,0.5138888888888884,0.2408447265625,0.4140625,18.2139892578125
6,0.520833333333333,0.24200439453125,0.38323974609375,18.4248046875
6,0.52777777777777768,0.24310302734375,0.351806640625,18.6356201171875
6,0.53472222222222232,0.24420166015625,0.32000732421875,18.846435546875
6,0.541666666666667,0.24530029296875,0.28765869140625,19.05731201171875
6,0.5486111111111116,0.24639892578125,0.2548828125,19.26812744140625
6,0.55555555555555447,0.24755859375,0.2216796875,19.47894287109375
6,0.56249999999999911,0.2486572265625,0.18792724609375,19.68975830078125
6,0.56944444444444375,0.249755859375,0.15374755859375,19.900634765625
6,0.5763888888888884,0.2508544921875,0.1190185546875,20.1114501953125
6,0.583333333333333,0.251953125,0.08392333984375,20.322265625
6,0.59027777777777768,0.25311279296875,0.04827880859375,20.5330810546875
6,0.59476459496125367,0.25384521484375,0,20.6693115234375
7,0,0.14764404296875,1.4122314453125,0.5272216796875
7,0.0013888888888882178,0.14788818359375,1.41241455078125,0.59112548828125
7,0.00833333333333286,0.14910888671875,1.41326904296875,0.9105224609375
7,0.015277777777777501,0.15032958984375,1.41412353515625,1.22998046875
7,0.022222222222220367,0.15155029296875,1.41497802734375,1.5494384765625
7,0.029166666666665009,0.15277099609375,1.41583251953125,1.868896484375
7,0.036111111111109651,0.15399169921875,1.41668701171875,2.18829345703125
7,0.043055555555554292,0.15521240234375,1.41754150390625,2.50775146484375
7,0.049999999999998934,0.15643310546875,1.41839599609375,2.82720947265625
7,0.056944444444443576,0.15765380859375,1.4193115234375,3.14666748046875
7,0.063888888888888218,0.15887451171875,1.420166015625,3.466064453125
7,0.07083333333333286,0.16009521484375,1.42095947265625,3.78448486328125
7,0.0777777777777775,0.1612548828125,1.4212646484375,4.09771728515625
7,0.084722222222220367,0.16241455078125,1.42108154296875,4.4052734375
7,0.091666666666665009,0.16357421875,1.42041015625,4.70721435546875
7,0.098611111111109651,0.16473388671875,1.4193115234375,5.00341796875
7,0.10555555555555429,0.16583251953125,1.41766357421875,5.29400634765625
7,0.11249999999999893,0.16693115234375,1.41552734375,5.5789794921875
7,0.11944444444444358,0.16796875,1.41290283203125,5.85821533203125
7,0.12638888888888822,0.16900634765625,1.40985107421875,6.1318359375
7,0.13333333333333286,0.1700439453125,1.40625,6.39984130859375
7,0.1402777777777775,0.17108154296875,1.4022216796875,6.662109375
7,0.14722222222222037,0.17205810546875,1.39764404296875,6.91876220703125
7,0.154166666666665,0.1729736328125,1.392578125,7.1697998046875
7,0.16111111111110965,0.1739501953125,1.3870849609375,7.41510009765625
7,0.16805555555555429,0.17486572265625,1.38104248046875,7.65478515625
7,0.17499999999999893,0.17572021484375,1.37457275390625,7.8887939453125
7,0.18194444444444358,0.1766357421875,1.3675537109375,8.1171875
7,0.18888888888888822,0.17742919921875,1.360107421875,8.33990478515625
7,0.19583333333333286,0.17828369140625,1.35211181640625,8.55694580078125
7,0.2027777777777775,0.1790771484375,1.34368896484375,8.768798828125
7,0.20972222222222037,0.17987060546875,1.334716796875,8.9796142578125
7,0.216666666666665,0.18072509765625,1.3253173828125,9.1904296875
7,0.22361111111110965,0.1815185546875,1.31549072265625,9.40130615234375
7,0.23055555555555429,0.18231201171875,1.30511474609375,9.61212158203125
7,0.23749999999999893,0.18310546875,1.29425048828125,9.82293701171875
7,0.24444444444444358,0.18389892578125,1.282958984375,10.0338134765625
7,0.25138888888888822,0.18475341796875,1.271240234375,10.24462890625
7,0.25833333333333286,0.185546875,1.25897216796875,10.4554443359375
7,0.2652777777777775,0.18634033203125,1.2462158203125,10.666259765625
7,0.27222222222222037,0.1871337890625,1.23309326171875,10.87713623046875
7,0.279166666666665,0.18792724609375,1.21942138671875,11.08795166015625
7,0.28611111111110965,0.188720703125,1.20526123046875,11.29876708984375
7,0.29305555555555429,0.1895751953125,1.190673828125,11.50958251953125
7,0.29999999999999893,0.19036865234375,1.17559814453125,11.720458984375
7,0.30694444444444358,0.191162109375,1.1600341796875,11.9312744140625
7,0.31388888888888822,0.19195556640625,1.14398193359375,12.14208984375
7,0.32083333333333286,0.1927490234375,1.1275634765625,12.3529052734375
7,0.3277777777777775,0.193603515625,1.11053466796875,12.56378173828125
7,0.33472222222222037,0.19439697265625,1.09307861328125,12.77459716796875
7,0.341666666666665,0.1951904296875,1.07525634765625,12.98541259765625
7,0.34861111111110965,0.19598388671875,1.05682373046875,13.19622802734375
7,0.35555555555555429,0.19677734375,1.0379638671875,13.4071044921875
7,0.36249999999999893,0.19757080078125,1.0186767578125,13.617919921875
7,0.36944444444444358,0.19842529296875,0.99884033203125,13.8287353515625
7,0.37638888888888822,0.19921875,0.97857666015625,14.03955078125
7,0.38333333333333286,0.20001220703125,0.9578857421875,14.25042724609375
7,0.3902777777777775,0.2008056640625,0.9366455078125,14.46124267578125
7,0.39722222222222037,0.20159912109375,0.9149169921875,14.67205810546875
7,0.404166666666665,0.20245361328125,0.8927001953125,14.88287353515625
7,0.41111111111110965,0.2032470703125,0.8701171875,15.09375
7,0.41805555555555429,0.20404052734375,0.84698486328125,15.3045654296875
7,0.42499999999999893,0.204833984375,0.82342529296875,15.515380859375
7,0.43194444444444358,0.20562744140625,0.79937744140625,15.7261962890625
7,0.43888888888888822,0.2064208984375,0.77484130859375,15.93707275390625
7,0.44583333333333286,0.207275390625,0.74981689453125,16.14788818359375
7,0.4527777777777775,0.20806884765625,0.724365234375,16.35870361328125
7,0.45972222222222037,0.2088623046875,0.69842529296875,16.56951904296875
7,0.466666666666665,0.20965576171875,0.6719970703125,16.7803955078125
7,0.47361111111110965,0.21044921875,0.64508056640625,16.9912109375
7,0.48055555555555429,0.2113037109375,0.61773681640625,17.2020263671875
7,0.48749999999999893,0.21209716796875,0.58990478515625,17.412841796875
7,0.49444444444444358,0.212890625,0.56158447265625,17.62371826171875
7,0.50138888888888822,0.21368408203125,0.5328369140625,17.83453369140625
7,0.50833333333333286,0.2144775390625,0.50360107421875,18.04534912109375
7,0.5152777777777775,0.21527099609375,0.47381591796875,18.2562255859375
7,0.52222222222222037,0.21612548828125,0.44366455078125,18.467041015625
7,0.529166666666665,0.2169189453125,0.4129638671875,18.6778564453125
7,0.53611111111110965,0.21771240234375,0.3818359375,18.888671875
7,0.54305555555555429,0.218505859375,0.35015869140625,19.0994873046875
7,0.54999999999999893,0.21929931640625,0.318115234375,19.31036376953125
7,0.55694444444444358,0.2200927734375,0.28558349609375,19.52117919921875
7,0.56388888888888822,0.220947265625,0.25250244140625,19.73199462890625
7,0.57083333333333286,0.22174072265625,0.21905517578125,19.94287109375
7,0.5777777777777775,0.2225341796875,0.18505859375,20.1536865234375
7,0.58472222222222037,0.22332763671875,0.15057373046875,20.364501953125
7,0.591666666666665,0.22412109375,0.11566162109375,20.5753173828125
7,0.59861111111110965,0.2249755859375,0.08026123046875,20.78619384765625
7,0.60555555555555429,0.22576904296875,0.04437255859375,20.99700927734375
7,0.60925770266750068,0.2261962890625,0,21.109375
8,0,0.14764404296875,1.4122314453125,0.5272216796875
8,0.0027777777777764356,0.14837646484375,1.412353515625,0.65496826171875
8,0.0097222222222210775,0.15020751953125,1.41265869140625,0.97442626953125
8,0.016666666666665719,0.1519775390625,1.41302490234375,1.29388427734375
8,0.023611111111110361,0.15380859375,1.413330078125,1.61334228515625
8,0.030555555555555003,0.1556396484375,1.41363525390625,1.9327392578125
8,0.037499999999999645,0.15740966796875,1.4139404296875,2.252197265625
8,0.044444444444444287,0.15924072265625,1.414306640625,2.5716552734375
8,0.051388888888887152,0.16107177734375,1.41461181640625,2.89105224609375
8,0.058333333333331794,0.162841796875,1.4149169921875,3.21051025390625
8,0.065277777777776436,0.1646728515625,1.41522216796875,3.52996826171875
8,0.072222222222221077,0.16644287109375,1.41546630859375,3.84759521484375
8,0.079166666666665719,0.168212890625,1.41510009765625,4.15966796875
8,0.086111111111110361,0.16998291015625,1.41436767578125,4.466064453125
8,0.093055555555555,0.17169189453125,1.4130859375,4.766845703125
8,0.099999999999999645,0.17333984375,1.411376953125,5.06195068359375
8,0.10694444444444429,0.17498779296875,1.40911865234375,5.3514404296875
8,0.11388888888888715,0.17657470703125,1.40643310546875,5.63525390625
8,0.12083333333333179,0.17816162109375,1.40325927734375,5.91339111328125
8,0.12777777777777644,0.17974853515625,1.39959716796875,6.18585205078125
8,0.13472222222222108,0.18121337890625,1.3955078125,6.45269775390625
8,0.14166666666666572,0.1827392578125,1.390869140625,6.7138671875
8,0.14861111111111036,0.18414306640625,1.38580322265625,6.96942138671875
8,0.155555555555555,0.18560791015625,1.3802490234375,7.21923828125
8,0.16249999999999964,0.18695068359375,1.37420654296875,7.46343994140625
8,0.16944444444444429,0.18829345703125,1.36767578125,7.7020263671875
8,0.17638888888888715,0.18963623046875,1.36065673828125,7.93487548828125
8,0.18333333333333179,0.19091796875,1.35321044921875,8.162109375
8,0.19027777777777644,0.19219970703125,1.34521484375,8.38372802734375
8,0.19722222222222108,0.19342041015625,1.33685302734375,8.599609375
8,0.20416666666666572,0.194580078125,1.327880859375,8.8109130859375
8,0.21111111111111036,0.19580078125,1.31854248046875,9.021728515625
8,0.218055555555555,0.197021484375,1.30865478515625,9.23260498046875
8,0.22499999999999964,0.19818115234375,1.29833984375,9.44342041015625
8,0.23194444444444429,0.19940185546875,1.28753662109375,9.65423583984375
8,0.23888888888888715,0.2005615234375,1.27630615234375,9.86505126953125
8,0.24583333333333179,0.2017822265625,1.2645263671875,10.075927734375
8,0.25277777777777644,0.20294189453125,1.2523193359375,10.2867431640625
8,0.25972222222222108,0.20416259765625,1.2396240234375,10.49755859375
8,0.26666666666666572,0.20538330078125,1.22650146484375,10.7083740234375
8,0.27361111111111036,0.20654296875,1.21282958984375,10.919189453125
8,0.280555555555555,0.207763671875,1.19873046875,11.13006591796875
8,0.28749999999999964,0.20892333984375,1.18414306640625,11.34088134765625
8,0.29444444444444429,0.21014404296875,1.16912841796875,11.55169677734375
8,0.30138888888888715,0.21136474609375,1.153564453125,11.76251220703125
8,0.30833333333333179,0.2125244140625,1.13751220703125,11.973388671875
8,0.31527777777777644,0.2137451171875,1.12109375,12.1842041015625
8,0.32222222222222108,0.21490478515625,1.1041259765625,12.39501953125
8,0.32916666666666572,0.21612548828125,1.08673095703125,12.6058349609375
8,0.33611111111111036,0.21728515625,1.06884765625,12.81671142578125
8,0.343055555555555,0.218505859375,1.05047607421875,13.02752685546875
8,0.34999999999999964,0.2197265625,1.0316162109375,13.23834228515625
8,0.35694444444444429,0.22088623046875,1.0123291015625,13.44915771484375
8,0.36388888888888715,0.22210693359375,0.9925537109375,13.6600341796875
8,0.37083333333333179,0.2232666015625,0.97235107421875,13.870849609375
8,0.37777777777777644,0.2244873046875,0.95159912109375,14.0816650390625
8,0.38472222222222108,0.2257080078125,0.930419921875,14.29248046875
8,0.39166666666666572,0.22686767578125,0.90869140625,14.5032958984375
8,0.39861111111111036,0.22808837890625,0.8865966796875,14.71417236328125
8,0.405555555555555,0.229248046875,0.86395263671875,14.92498779296875
8,0.41249999999999964,0.23046875,0.84088134765625,15.13580322265625
8,0.41944444444444429,0.23162841796875,0.81732177734375,15.34661865234375
8,0.42638888888888715,0.23284912109375,0.79327392578125,15.5574951171875
8,0.43333333333333179,0.23406982421875,0.768798828125,15.768310546875
8,0.44027777777777644,0.2352294921875,0.7437744140625,15.9791259765625
8,0.44722222222222108,0.2364501953125,0.71832275390625,16.18994140625
8,0.45416666666666572,0.23760986328125,0.6923828125,16.40081787109375
8,0.46111111111111036,0.23883056640625,0.666015625,16.61163330078125
8,0.468055555555555,0.24005126953125,0.63916015625,16.82244873046875
8,0.47499999999999964,0.2412109375,0.61181640625,17.03326416015625
8,0.48194444444444429,0.242431640625,0.583984375,17.244140625
8,0.48888888888888715,0.24359130859375,0.55572509765625,17.4549560546875
8,0.49583333333333179,0.24481201171875,0.52691650390625,17.665771484375
8,0.50277777777777644,0.2459716796875,0.49774169921875,17.8765869140625
8,0.50972222222222108,0.2471923828125,0.468017578125,18.08740234375
8,0.51666666666666572,0.2484130859375,0.4378662109375,18.29827880859375
8,0.52361111111111036,0.24957275390625,0.40716552734375,18.50909423828125
8,0.530555555555555,0.25079345703125,0.3760986328125,18.71990966796875
8,0.53749999999999964,0.251953125,0.344482421875,18.93072509765625
8,0.54444444444444429,0.253173828125,0.3123779296875,19.1416015625
8,0.55138888888888715,0.25439453125,0.27984619140625,19.3524169921875
8,0.55833333333333179,0.25555419921875,0.246826171875,19.563232421875
8,0.56527777777777644,0.25677490234375,0.21337890625,19.7740478515625
8,0.57222222222222108,0.2579345703125,0.17938232421875,19.98492431640625
8,0.57916666666666572,0.2591552734375,0.14501953125,20.19573974609375
8,0.58611111111111036,0.26031494140625,0.11004638671875,20.40655517578125
8,0.593055555555555,0.26153564453125,0.07470703125,20.61737060546875
8,0.59999999999999964,0.26275634765625,0.038818359375,20.8282470703125
8,0.602644500421906,0.26318359375,0,20.90850830078125
9,0,0.14764404296875,1.4122314453125,0.5272216796875
9,0.00416666666666643,0.1490478515625,1.41241455078125,0.7188720703125
9,0.011111111111111072,0.15142822265625,1.4127197265625,1.038330078125
9,0.018055555555553937,0.15380859375,1.4129638671875,1.35772705078125
9,0.024999999999998579,0.15618896484375,1.41326904296875,1.67718505859375
9,0.031944444444443221,0.1585693359375,1.41357421875,1.99664306640625
9,0.038888888888887863,0.16094970703125,1.41387939453125,2.3160400390625
9,0.045833333333332504,0.163330078125,1.41412353515625,2.635498046875
9,0.052777777777777146,0.16571044921875,1.4144287109375,2.9549560546875
9,0.059722222222221788,0.1680908203125,1.41473388671875,3.27435302734375
9,0.06666666666666643,0.17047119140625,1.4150390625,3.59381103515625
9,0.073611111111111072,0.1728515625,1.4150390625,3.910400390625
9,0.080555555555553937,0.1751708984375,1.4146728515625,4.22137451171875
9,0.087499999999998579,0.17742919921875,1.4136962890625,4.52667236328125
9,0.094444444444443221,0.1796875,1.412353515625,4.8262939453125
9,0.10138888888888786,0.181884765625,1.41046142578125,5.12030029296875
9,0.1083333333333325,0.18402099609375,1.40814208984375,5.4085693359375
9,0.11527777777777715,0.18609619140625,1.40533447265625,5.6912841796875
9,0.12222222222222179,0.18817138671875,1.40203857421875,5.96826171875
9,0.12916666666666643,0.190185546875,1.39825439453125,6.2396240234375
9,0.13611111111111107,0.19219970703125,1.39404296875,6.50531005859375
9,0.14305555555555394,0.194091796875,1.38934326171875,6.765380859375
9,0.14999999999999858,0.19598388671875,1.384033203125,7.019775390625
9,0.15694444444444322,0.1978759765625,1.37841796875,7.26849365234375
9,0.16388888888888786,0.19964599609375,1.37225341796875,7.51153564453125
9,0.1708333333333325,0.201416015625,1.3656005859375,7.74896240234375
9,0.17777777777777715,0.20318603515625,1.3585205078125,7.980712890625
9,0.18472222222222179,0.204833984375,1.35089111328125,8.206787109375
9,0.19166666666666643,0.20648193359375,1.34283447265625,8.42724609375
9,0.19861111111111107,0.20806884765625,1.33428955078125,8.64202880859375
9,0.20555555555555394,0.20965576171875,1.32525634765625,8.85296630859375
9,0.21249999999999858,0.21124267578125,1.3157958984375,9.0638427734375
9,0.21944444444444322,0.21282958984375,1.3057861328125,9.274658203125
9,0.22638888888888786,0.21435546875,1.29534912109375,9.4854736328125
9,0.2333333333333325,0.2159423828125,1.284423828125,9.6962890625
9,0.24027777777777715,0.217529296875,1.27301025390625,9.9071044921875
9,0.24722222222222179,0.2191162109375,1.26116943359375,10.11798095703125
9,0.25416666666666643,0.22064208984375,1.2489013671875,10.32879638671875
9,0.26111111111111107,0.22222900390625,1.236083984375,10.53961181640625
9,0.26805555555555394,0.22381591796875,1.2227783203125,10.75042724609375
9,0.27499999999999858,0.225341796875,1.20904541015625,10.96124267578125
9,0.28194444444444322,0.2269287109375,1.19476318359375,11.172119140625
9,0.28888888888888786,0.228515625,1.1800537109375,11.3829345703125
9,0.2958333333333325,0.2301025390625,1.1649169921875,11.59375
9,0.30277777777777715,0.23162841796875,1.14923095703125,11.8045654296875
9,0.30972222222222179,0.23321533203125,1.1331787109375,12.015380859375
9,0.31666666666666643,0.23480224609375,1.1165771484375,12.2261962890625
9,0.32361111111111107,0.23638916015625,1.09954833984375,12.43707275390625
9,0.33055555555555394,0.2379150390625,1.08197021484375,12.64788818359375
9,0.33749999999999858,0.239501953125,1.06396484375,12.85870361328125
9,0.34444444444444322,0.2410888671875,1.04547119140625,13.06951904296875
9,0.35138888888888786,0.24267578125,1.02655029296875,13.28033447265625
9,0.3583333333333325,0.24420166015625,1.00714111328125,13.4912109375
9,0.36527777777777715,0.24578857421875,0.98724365234375,13.7020263671875
9,0.37222222222222179,0.24737548828125,0.9669189453125,13.912841796875
9,0.37916666666666643,0.2489013671875,0.946044921875,14.1236572265625
9,0.38611111111111107,0.25048828125,0.92474365234375,14.33447265625
9,0.39305555555555394,0.2520751953125,0.9029541015625,14.54534912109375
9,0.39999999999999858,0.253662109375,0.88067626953125,14.75616455078125
9,0.40694444444444322,0.25518798828125,0.85791015625,14.96697998046875
9,0.41388888888888786,0.25677490234375,0.83477783203125,15.17779541015625
9,0.4208333333333325,0.25836181640625,0.81109619140625,15.38861083984375
9,0.42777777777777715,0.25994873046875,0.78692626953125,15.5994873046875
9,0.43472222222222179,0.261474609375,0.7623291015625,15.810302734375
9,0.44166666666666643,0.2630615234375,0.7371826171875,16.0211181640625
9,0.44861111111111107,0.2646484375,0.71160888671875,16.23193359375
9,0.45555555555555394,0.2662353515625,0.68560791015625,16.4427490234375
9,0.46249999999999858,0.26776123046875,0.6590576171875,16.65362548828125
9,0.46944444444444322,0.26934814453125,0.63214111328125,16.86444091796875
9,0.47638888888888786,0.27093505859375,0.60467529296875,17.07525634765625
9,0.4833333333333325,0.2724609375,0.57672119140625,17.28607177734375
9,0.49027777777777715,0.2740478515625,0.54833984375,17.49688720703125
9,0.49722222222222179,0.275634765625,0.51947021484375,17.707763671875
9,0.50416666666666643,0.2772216796875,0.4901123046875,17.9185791015625
9,0.51111111111111107,0.27874755859375,0.46026611328125,18.12939453125
9,0.51805555555555394,0.28033447265625,0.42999267578125,18.3402099609375
9,0.52499999999999858,0.28192138671875,0.39923095703125,18.551025390625
9,0.53194444444444322,0.28350830078125,0.36798095703125,18.76190185546875
9,0.53888888888888786,0.2850341796875,0.3363037109375,18.97271728515625
9,0.5458333333333325,0.28662109375,0.3040771484375,19.18353271484375
9,0.55277777777777715,0.2882080078125,0.27142333984375,19.39434814453125
9,0.55972222222222179,0.289794921875,0.23828125,19.60516357421875
9,0.56666666666666643,0.29132080078125,0.2047119140625,19.8160400390625
9,0.57361111111111107,0.29290771484375,0.170654296875,20.02685546875
9,0.58055555555555394,0.29449462890625,0.1361083984375,20.2376708984375
9,0.58749999999999858,0.2960205078125,0.10107421875,20.448486328125
9,0.59444444444444322,0.297607421875,0.06561279296875,20.6593017578125
9,0.60138888888888786,0.2991943359375,0.02960205078125,20.8701171875
9,0.60226363277811745,0.29937744140625,0,20.89666748046875
10,0,0.14764404296875,1.4122314453125,0.5272216796875
10,0.0055555555555546476,0.1494140625,1.411865234375,0.78277587890625
10,0.012499999999999289,0.15155029296875,1.41143798828125,1.10223388671875
10,0.019444444444443931,0.15374755859375,1.41094970703125,1.421630859375
10,0.026388888888888573,0.15594482421875,1.4105224609375,1.7410888671875
10,0.033333333333333215,0.1580810546875,1.4100341796875,2.060546875
10,0.040277777777777857,0.1602783203125,1.40960693359375,2.37994384765625
10,0.047222222222220722,0.1624755859375,1.4091796875,2.69940185546875
10,0.054166666666665364,0.16461181640625,1.40869140625,3.018798828125
10,0.061111111111110006,0.16680908203125,1.40826416015625,3.3382568359375
10,0.068055555555554648,0.16900634765625,1.40777587890625,3.6575927734375
10,0.074999999999999289,0.171142578125,1.406982421875,3.97308349609375
10,0.081944444444443931,0.17327880859375,1.40576171875,4.28289794921875
10,0.088888888888888573,0.17535400390625,1.404052734375,4.5870361328125
10,0.095833333333333215,0.1773681640625,1.40191650390625,4.88555908203125
10,0.10277777777777786,0.17938232421875,1.39923095703125,5.17840576171875
10,0.10972222222222072,0.18133544921875,1.39617919921875,5.465576171875
10,0.11666666666666536,0.1832275390625,1.392578125,5.74713134765625
10,0.12361111111111,0.18511962890625,1.38861083984375,6.02301025390625
10,0.13055555555555465,0.18695068359375,1.384033203125,6.293212890625
10,0.13749999999999929,0.18878173828125,1.37908935546875,6.55780029296875
10,0.14444444444444393,0.1905517578125,1.3736572265625,6.81671142578125
10,0.15138888888888857,0.1922607421875,1.3677978515625,7.0699462890625
10,0.15833333333333321,0.1939697265625,1.3614501953125,7.31756591796875
10,0.16527777777777786,0.19561767578125,1.3546142578125,7.55950927734375
10,0.17222222222222072,0.19720458984375,1.347412109375,7.7957763671875
10,0.17916666666666536,0.19879150390625,1.339599609375,8.02642822265625
10,0.18611111111111,0.2003173828125,1.3314208984375,8.25140380859375
10,0.19305555555555465,0.20184326171875,1.32275390625,8.470703125
10,0.19999999999999929,0.20330810546875,1.3135986328125,8.684326171875
10,0.20694444444444393,0.2047119140625,1.303955078125,8.89520263671875
10,0.21388888888888857,0.2061767578125,1.29388427734375,9.10601806640625
10,0.22083333333333321,0.20758056640625,1.2833251953125,9.31683349609375
10,0.22777777777777786,0.20904541015625,1.27227783203125,9.52764892578125
10,0.23472222222222072,0.21044921875,1.2608642578125,9.738525390625
10,0.24166666666666536,0.2119140625,1.24884033203125,9.9493408203125
10,0.24861111111111,0.21337890625,1.23638916015625,10.16015625
10,0.25555555555555465,0.21478271484375,1.2235107421875,10.3709716796875
10,0.26249999999999929,0.21624755859375,1.2100830078125,10.581787109375
10,0.26944444444444393,0.2176513671875,1.19622802734375,10.79266357421875
10,0.27638888888888857,0.2191162109375,1.181884765625,11.00347900390625
10,0.28333333333333321,0.22052001953125,1.16705322265625,11.21429443359375
10,0.29027777777777786,0.22198486328125,1.15179443359375,11.42510986328125
10,0.29722222222222072,0.223388671875,1.1361083984375,11.63592529296875
10,0.30416666666666536,0.224853515625,1.119873046875,11.8468017578125
10,0.31111111111111,0.226318359375,1.1031494140625,12.0576171875
10,0.31805555555555465,0.22772216796875,1.0859375,12.2684326171875
10,0.32499999999999929,0.22918701171875,1.06829833984375,12.479248046875
10,0.33194444444444393,0.2305908203125,1.0501708984375,12.6900634765625
10,0.33888888888888857,0.2320556640625,1.0316162109375,12.90093994140625
10,0.34583333333333321,0.23345947265625,1.01251220703125,13.11175537109375
10,0.35277777777777786,0.23492431640625,0.9930419921875,13.32257080078125
10,0.35972222222222072,0.23638916015625,0.9730224609375,13.53338623046875
10,0.36666666666666536,0.23779296875,0.95257568359375,13.7442626953125
10,0.37361111111111,0.2392578125,0.93157958984375,13.955078125
10,0.38055555555555465,0.24066162109375,0.91015625,14.1658935546875
10,0.38749999999999929,0.24212646484375,0.88824462890625,14.376708984375
10,0.39444444444444393,0.2435302734375,0.86590576171875,14.5875244140625
10,0.40138888888888857,0.2449951171875,0.843017578125,14.79840087890625
10,0.40833333333333321,0.24639892578125,0.8197021484375,15.00921630859375
10,0.41527777777777786,0.24786376953125,0.79595947265625,15.22003173828125
10,0.42222222222222072,0.24932861328125,0.771728515625,15.43084716796875
10,0.42916666666666536,0.250732421875,0.7469482421875,15.64166259765625
10,0.43611111111111,0.252197265625,0.72174072265625,15.8525390625
10,0.44305555555555465,0.25360107421875,0.69610595703125,16.0633544921875
10,0.44999999999999929,0.25506591796875,0.669921875,16.274169921875
10,0.45694444444444393,0.2564697265625,0.643310546875,16.4849853515625
10,0.46388888888888857,0.2579345703125,0.6162109375,16.69580078125
10,0.47083333333333321,0.2593994140625,0.588623046875,16.90667724609375
10,0.47777777777777786,0.26080322265625,0.56060791015625,17.11749267578125
10,0.48472222222222072,0.26226806640625,0.5321044921875,17.32830810546875
10,0.49166666666666536,0.263671875,0.50311279296875,17.53912353515625
10,0.49861111111111,0.26513671875,0.4736328125,17.75
10,0.50555555555555465,0.26654052734375,0.4437255859375,17.9608154296875
10,0.51249999999999929,0.26800537109375,0.413330078125,18.171630859375
10,0.51944444444444393,0.2694091796875,0.3824462890625,18.3824462890625
10,0.52638888888888857,0.2708740234375,0.35107421875,18.59326171875
10,0.53333333333333321,0.2723388671875,0.3192138671875,18.80413818359375
10,0.54027777777777786,0.27374267578125,0.2869873046875,19.01495361328125
10,0.54722222222222072,0.27520751953125,0.25421142578125,19.22576904296875
10,0.55416666666666536,0.276611328125,0.22100830078125,19.43658447265625
10,0.56111111111111,0.278076171875,0.187255859375,19.64739990234375
10,0.56805555555555465,0.27947998046875,0.153076171875,19.8582763671875
10,0.57499999999999929,0.28094482421875,0.118408203125,20.069091796875
10,0.58194444444444393,0.28240966796875,0.083251953125,20.2799072265625
10,0.58888888888888857,0.2838134765625,0.04766845703125,20.49072265625
10,0.59325800351586666,0.28472900390625,0,20.62335205078125
11,0,0.14764404296875,1.4122314453125,0.5272216796875
11,0.0069444444444446418,0.149658203125,1.41204833984375,0.8466796875
11,0.013888888888887507,0.151611328125,1.41192626953125,1.16607666015625
11,0.020833333333332149,0.15362548828125,1.4117431640625,1.48553466796875
11,0.027777777777776791,0.15557861328125,1.41156005859375,1.80499267578125
11,0.034722222222221433,0.1575927734375,1.41143798828125,2.1243896484375
11,0.041666666666666075,0.1595458984375,1.4112548828125,2.44384765625
11,0.048611111111110716,0.16156005859375,1.41107177734375,2.7633056640625
11,0.055555555555555358,0.16351318359375,1.41094970703125,3.08270263671875
11,0.0625,0.16552734375,1.4107666015625,3.40216064453125
11,0.069444444444444642,0.16748046875,1.4105224609375,3.72113037109375
11,0.076388888888887507,0.16943359375,1.40997314453125,4.0355224609375
11,0.083333333333332149,0.17138671875,1.408935546875,4.34417724609375
11,0.090277777777776791,0.1732177734375,1.4073486328125,4.647216796875
11,0.097222222222221433,0.17510986328125,1.4053955078125,4.944580078125
11,0.10416666666666607,0.1768798828125,1.4029541015625,5.236328125
11,0.11111111111111072,0.1787109375,1.39996337890625,5.52239990234375
11,0.11805555555555536,0.180419921875,1.3966064453125,5.80279541015625
11,0.125,0.18212890625,1.3927001953125,6.0775146484375
11,0.13194444444444464,0.18377685546875,1.38836669921875,6.34661865234375
11,0.13888888888888751,0.1854248046875,1.383544921875,6.61004638671875
11,0.14583333333333215,0.18701171875,1.3782958984375,6.86785888671875
11,0.15277777777777679,0.1885986328125,1.37255859375,7.1199951171875
11,0.15972222222222143,0.19012451171875,1.3663330078125,7.366455078125
11,0.16666666666666607,0.191650390625,1.359619140625,7.60723876953125
11,0.17361111111111072,0.193115234375,1.35247802734375,7.8424072265625
11,0.18055555555555536,0.19451904296875,1.3448486328125,8.0718994140625
11,0.1875,0.1959228515625,1.33673095703125,8.29571533203125
11,0.19444444444444464,0.197265625,1.328125,8.513916015625
11,0.20138888888888751,0.1986083984375,1.319091796875,8.7265625
11,0.20833333333333215,0.19989013671875,1.30963134765625,8.9373779296875
11,0.21527777777777679,0.20123291015625,1.29962158203125,9.148193359375
11,0.22222222222222143,0.2025146484375,1.28912353515625,9.35906982421875
11,0.22916666666666607,0.203857421875,1.2781982421875,9.56988525390625
11,0.23611111111111072,0.20513916015625,1.26678466796875,9.78070068359375
11,0.24305555555555536,0.2064208984375,1.25494384765625,9.99151611328125
11,0.25,0.207763671875,1.24261474609375,10.202392578125
11,0.25694444444444464,0.20904541015625,1.229736328125,10.4132080078125
11,0.26388888888888751,0.21038818359375,1.2164306640625,10.6240234375
11,0.27083333333333215,0.211669921875,1.2027587890625,10.8348388671875
11,0.27777777777777679,0.2130126953125,1.1884765625,11.045654296875
11,0.28472222222222143,0.21429443359375,1.17376708984375,11.25653076171875
11,0.29166666666666607,0.21563720703125,1.1585693359375,11.46734619140625
11,0.29861111111111072,0.2169189453125,1.1429443359375,11.67816162109375
11,0.30555555555555536,0.21826171875,1.12677001953125,11.88897705078125
11,0.3125,0.21954345703125,1.11016845703125,12.099853515625
11,0.31944444444444464,0.22088623046875,1.09307861328125,12.3106689453125
11,0.32638888888888751,0.22216796875,1.0755615234375,12.521484375
11,0.33333333333333215,0.22344970703125,1.05755615234375,12.7322998046875
11,0.34027777777777679,0.22479248046875,1.0390625,12.94317626953125
11,0.34722222222222143,0.22607421875,1.02008056640625,13.15399169921875
11,0.35416666666666607,0.2274169921875,1.0006103515625,13.36480712890625
11,0.36111111111111072,0.22869873046875,0.98077392578125,13.57562255859375
11,0.36805555555555536,0.23004150390625,0.96038818359375,13.78643798828125
11,0.375,0.2313232421875,0.93951416015625,13.997314453125
11,0.38194444444444464,0.232666015625,0.91815185546875,14.2081298828125
11,0.38888888888888751,0.23394775390625,0.89642333984375,14.4189453125
11,0.39583333333333215,0.23529052734375,0.87408447265625,14.6297607421875
11,0.40277777777777679,0.236572265625,0.85137939453125,14.84063720703125
11,0.40972222222222143,0.2379150390625,0.828125,15.05145263671875
11,0.41666666666666607,0.23919677734375,0.80450439453125,15.26226806640625
11,0.42361111111111072,0.240478515625,0.7802734375,15.47308349609375
11,0.43055555555555536,0.2418212890625,0.75567626953125,15.68389892578125
11,0.4375,0.24310302734375,0.73052978515625,15.894775390625
11,0.44444444444444464,0.24444580078125,0.7049560546875,16.1055908203125
11,0.45138888888888751,0.2457275390625,0.67889404296875,16.31640625
11,0.45833333333333215,0.2470703125,0.65240478515625,16.5272216796875
11,0.46527777777777679,0.24835205078125,0.6253662109375,16.73809814453125
11,0.47222222222222143,0.24969482421875,0.597900390625,16.94891357421875
11,0.47916666666666607,0.2509765625,0.57000732421875,17.15972900390625
11,0.48611111111111072,0.2523193359375,0.54156494140625,17.37054443359375
11,0.49305555555555536,0.25360107421875,0.51263427734375,17.5814208984375
11,0.5,0.25494384765625,0.4832763671875,17.792236328125
11,0.50694444444444464,0.2562255859375,0.4534912109375,18.0030517578125
11,0.51388888888888751,0.257568359375,0.42315673828125,18.2138671875
11,0.52083333333333215,0.25885009765625,0.39239501953125,18.4246826171875
11,0.52777777777777679,0.2601318359375,0.361083984375,18.63555908203125
11,0.53472222222222143,0.261474609375,0.329345703125,18.84637451171875
11,0.54166666666666607,0.26275634765625,0.29718017578125,19.05718994140625
11,0.54861111111111072,0.26409912109375,0.2645263671875,19.26800537109375
11,0.55555555555555536,0.265380859375,0.23138427734375,19.4788818359375
11,0.5625,0.2667236328125,0.19775390625,19.689697265625
11,0.56944444444444464,0.26800537109375,0.1636962890625,19.9005126953125
11,0.57638888888888751,0.26934814453125,0.12908935546875,20.111328125
11,0.58333333333333215,0.2706298828125,0.09405517578125,20.3221435546875
11,0.59027777777777679,0.27197265625,0.05853271484375,20.53302001953125
11,0.59676398431717348,0.273193359375,0,20.72991943359375
12,0,0.14764404296875,1.4122314453125,0.5272216796875
12,0.0013888888888899942,0.14788818359375,1.41217041015625,0.59112548828125
12,0.00833333333333286,0.14892578125,1.4117431640625,0.9105224609375
12,0.015277777777775725,0.1500244140625,1.411376953125,1.22998046875
12,0.022222222222222143,0.15106201171875,1.4110107421875,1.5494384765625
12,0.029166666666665009,0.15216064453125,1.41064453125,1.868896484375
12,0.036111111111111427,0.1531982421875,1.41021728515625,2.18829345703125
12,0.043055555555554292,0.154296875,1.40985107421875,2.50775146484375
12,0.050000000000000711,0.15533447265625,1.40948486328125,2.82720947265625
12,0.056944444444443576,0.15643310546875,1.4090576171875,3.14666748046875
12,0.06388888888889,0.157470703125,1.40869140625,3.466064453125
12,0.07083333333333286,0.15850830078125,1.40826416015625,3.7845458984375
12,0.077777777777775725,0.15960693359375,1.4073486328125,4.09771728515625
12,0.084722222222222143,0.16058349609375,1.406005859375,4.4052734375
12,0.091666666666665009,0.16162109375,1.4041748046875,4.70721435546875
12,0.098611111111111427,0.16259765625,1.40185546875,5.00347900390625
12,0.10555555555555429,0.16357421875,1.39910888671875,5.2940673828125
12,0.11250000000000071,0.16455078125,1.3958740234375,5.5789794921875
12,0.11944444444444358,0.16546630859375,1.39215087890625,5.8582763671875
12,0.12638888888889,0.1663818359375,1.3880615234375,6.13189697265625
12,0.13333333333333286,0.16729736328125,1.38336181640625,6.39984130859375
12,0.14027777777777573,0.16815185546875,1.3782958984375,6.66217041015625
12,0.14722222222222214,0.16900634765625,1.37274169921875,6.9188232421875
12,0.154166666666665,0.16986083984375,1.36669921875,7.1697998046875
12,0.16111111111111143,0.170654296875,1.3602294921875,7.4151611328125
12,0.16805555555555429,0.17144775390625,1.35333251953125,7.65484619140625
12,0.17500000000000071,0.1722412109375,1.34588623046875,7.88885498046875
12,0.18194444444444358,0.17303466796875,1.3380126953125,8.11724853515625
12,0.18888888888889,0.17376708984375,1.32965087890625,8.33990478515625
12,0.19583333333333286,0.17449951171875,1.32086181640625,8.5570068359375
12,0.20277777777777573,0.17523193359375,1.31158447265625,8.76885986328125
12,0.20972222222222214,0.1759033203125,1.30181884765625,8.97967529296875
12,0.216666666666665,0.1766357421875,1.29156494140625,9.19049072265625
12,0.22361111111111143,0.17730712890625,1.2808837890625,9.40130615234375
12,0.23055555555555429,0.17803955078125,1.26971435546875,9.6121826171875
12,0.23750000000000071,0.1787109375,1.258056640625,9.822998046875
12,0.24444444444444358,0.179443359375,1.2459716796875,10.0338134765625
12,0.25138888888889,0.18011474609375,1.2333984375,10.24468994140625
12,0.25833333333333286,0.18084716796875,1.2203369140625,10.45550537109375
12,0.26527777777777573,0.1815185546875,1.20672607421875,10.66632080078125
12,0.27222222222222214,0.1822509765625,1.1927490234375,10.87713623046875
12,0.279166666666665,0.1829833984375,1.17828369140625,11.0880126953125
12,0.28611111111111143,0.18365478515625,1.163330078125,11.298828125
12,0.29305555555555429,0.18438720703125,1.14788818359375,11.5096435546875
12,0.30000000000000071,0.18505859375,1.13201904296875,11.720458984375
12,0.30694444444444358,0.185791015625,1.1156005859375,11.93133544921875
12,0.31388888888889,0.18646240234375,1.0987548828125,12.14215087890625
12,0.32083333333333286,0.18719482421875,1.08148193359375,12.35296630859375
12,0.32777777777777573,0.1878662109375,1.06365966796875,12.5638427734375
12,0.33472222222222214,0.1885986328125,1.04541015625,12.774658203125
12,0.341666666666665,0.1893310546875,1.0267333984375,12.9854736328125
12,0.34861111111111143,0.19000244140625,1.00750732421875,13.1962890625
12,0.35555555555555429,0.19073486328125,0.98779296875,13.40716552734375
12,0.36250000000000071,0.19140625,0.9676513671875,13.61798095703125
12,0.36944444444444358,0.192138671875,0.947021484375,13.82879638671875
12,0.37638888888889,0.19281005859375,0.92596435546875,14.03961181640625
12,0.38333333333333286,0.19354248046875,0.9044189453125,14.25048828125
12,0.39027777777777573,0.1942138671875,0.88238525390625,14.4613037109375
12,0.39722222222222214,0.1949462890625,0.85980224609375,14.672119140625
12,0.404166666666665,0.19561767578125,0.8367919921875,14.8829345703125
12,0.41111111111111143,0.19635009765625,0.8133544921875,15.09381103515625
12,0.41805555555555429,0.19708251953125,0.7894287109375,15.30462646484375
12,0.42500000000000071,0.19775390625,0.76507568359375,15.51544189453125
12,0.43194444444444358,0.198486328125,0.74017333984375,15.726318359375
12,0.43888888888889,0.19915771484375,0.71484375,15.9371337890625
12,0.44583333333333286,0.19989013671875,0.68896484375,16.14794921875
12,0.45277777777777573,0.2005615234375,0.66265869140625,16.3587646484375
12,0.45972222222222214,0.2012939453125,0.63592529296875,16.56964111328125
12,0.466666666666665,0.20196533203125,0.60870361328125,16.78045654296875
12,0.47361111111111143,0.20269775390625,0.58099365234375,16.99127197265625
12,0.48055555555555429,0.20343017578125,0.55279541015625,17.2021484375
12,0.48750000000000071,0.2041015625,0.524169921875,17.4129638671875
12,0.49444444444444358,0.204833984375,0.4949951171875,17.623779296875
12,0.50138888888889,0.20550537109375,0.46539306640625,17.8345947265625
12,0.50833333333333286,0.20623779296875,0.43536376953125,18.04547119140625
12,0.51527777777777573,0.2069091796875,0.40478515625,18.25628662109375
12,0.52222222222222214,0.2076416015625,0.373779296875,18.46710205078125
12,0.529166666666665,0.20831298828125,0.34228515625,18.67791748046875
12,0.53611111111111143,0.20904541015625,0.310302734375,18.8887939453125
12,0.54305555555555429,0.20977783203125,0.27783203125,19.099609375
12,0.55000000000000071,0.21044921875,0.24493408203125,19.3104248046875
12,0.55694444444444358,0.211181640625,0.21160888671875,19.521240234375
12,0.56388888888889,0.21185302734375,0.177734375,19.73211669921875
12,0.57083333333333286,0.21258544921875,0.1434326171875,19.94293212890625
12,0.57777777777777573,0.2132568359375,0.108642578125,20.15374755859375
12,0.58472222222222214,0.2139892578125,0.07330322265625,20.3646240234375
12,0.591666666666665,0.21466064453125,0.03753662109375,20.575439453125
12,0.59406970180668539,0.21490478515625,0,20.64837646484375
13,0,0.14764404296875,1.4122314453125,0.5272216796875
13,0.0027777777777764356,0.14825439453125,1.41217041015625,0.65496826171875
13,0.0097222222222193011,0.14971923828125,1.41204833984375,0.97442626953125
13,0.016666666666665719,0.1512451171875,1.41192626953125,1.29388427734375
13,0.023611111111108585,0.1527099609375,1.41180419921875,1.61334228515625
13,0.030555555555555003,0.15423583984375,1.4117431640625,1.9327392578125
13,0.037499999999997868,0.15570068359375,1.41162109375,2.252197265625
13,0.044444444444440734,0.15716552734375,1.4114990234375,2.5716552734375
13,0.051388888888887152,0.15869140625,1.411376953125,2.89111328125
13,0.058333333333330017,0.16015625,1.4112548828125,3.21051025390625
13,0.065277777777776436,0.16168212890625,1.4111328125,3.52996826171875
13,0.0722222222222193,0.16314697265625,1.410888671875,3.84759521484375
13,0.079166666666665719,0.16461181640625,1.41009521484375,4.15966796875
13,0.086111111111108585,0.166015625,1.408935546875,4.46612548828125
13,0.093055555555555,0.16741943359375,1.40728759765625,4.76690673828125
13,0.099999999999997868,0.1688232421875,1.4051513671875,5.06201171875
13,0.10694444444444073,0.170166015625,1.40252685546875,5.3514404296875
13,0.11388888888888715,0.1715087890625,1.3994140625,5.63525390625
13,0.12083333333333002,0.17279052734375,1.3958740234375,5.91339111328125
13,0.12777777777777644,0.174072265625,1.391845703125,6.1859130859375
13,0.1347222222222193,0.17529296875,1.3873291015625,6.4527587890625
13,0.14166666666666572,0.176513671875,1.38238525390625,6.71392822265625
13,0.14861111111110858,0.177734375,1.376953125,6.96942138671875
13,0.155555555555555,0.17889404296875,1.37109375,7.21929931640625
13,0.16249999999999787,0.1800537109375,1.36468505859375,7.4635009765625
13,0.16944444444444073,0.18115234375,1.35784912109375,7.7020263671875
13,0.17638888888888715,0.1822509765625,1.35052490234375,7.9349365234375
13,0.18333333333333002,0.18328857421875,1.34271240234375,8.16217041015625
13,0.19027777777777644,0.184326171875,1.33447265625,8.3837890625
13,0.1972222222222193,0.18536376953125,1.3258056640625,8.59967041015625
13,0.20416666666666572,0.18634033203125,1.3165283203125,8.81097412109375
13,0.21111111111110858,0.18731689453125,1.306884765625,9.02178955078125
13,0.218055555555555,0.18829345703125,1.2967529296875,9.23260498046875
13,0.22499999999999787,0.18927001953125,1.28607177734375,9.4434814453125
13,0.23194444444444073,0.19024658203125,1.2750244140625,9.654296875
13,0.23888888888888715,0.1912841796875,1.26348876953125,9.8651123046875
13,0.24583333333333002,0.1922607421875,1.25146484375,10.075927734375
13,0.25277777777777644,0.1932373046875,1.2388916015625,10.28680419921875
13,0.2597222222222193,0.1942138671875,1.2259521484375,10.49761962890625
13,0.26666666666666572,0.1951904296875,1.2125244140625,10.70843505859375
13,0.27361111111110858,0.1961669921875,1.1986083984375,10.91925048828125
13,0.280555555555555,0.1971435546875,1.18414306640625,11.130126953125
13,0.28749999999999787,0.1981201171875,1.1693115234375,11.3409423828125
13,0.29444444444444073,0.19915771484375,1.15399169921875,11.5517578125
13,0.30138888888888715,0.20013427734375,1.13818359375,11.7625732421875
13,0.30833333333333,0.20111083984375,1.121826171875,11.97344970703125
13,0.31527777777777644,0.20208740234375,1.1051025390625,12.18426513671875
13,0.3222222222222193,0.20306396484375,1.087890625,12.39508056640625
13,0.32916666666666572,0.20404052734375,1.0701904296875,12.60589599609375
13,0.33611111111110858,0.20501708984375,1.052001953125,12.8167724609375
13,0.343055555555555,0.2060546875,1.0333251953125,13.027587890625
13,0.34999999999999787,0.20703125,1.01422119140625,13.2384033203125
13,0.35694444444444073,0.2080078125,0.99456787109375,13.44921875
13,0.36388888888888715,0.208984375,0.97454833984375,13.66009521484375
13,0.37083333333333,0.2099609375,0.95404052734375,13.87091064453125
13,0.37777777777777644,0.2109375,0.93304443359375,14.08172607421875
13,0.3847222222222193,0.2119140625,0.9114990234375,14.29254150390625
13,0.39166666666666572,0.212890625,0.8895263671875,14.50341796875
13,0.39861111111110858,0.21392822265625,0.86712646484375,14.7142333984375
13,0.405555555555555,0.21490478515625,0.84423828125,14.925048828125
13,0.41249999999999787,0.21588134765625,0.82080078125,15.1358642578125
13,0.41944444444444073,0.21685791015625,0.7969970703125,15.34674072265625
13,0.42638888888888715,0.21783447265625,0.772705078125,15.55755615234375
13,0.43333333333333,0.21881103515625,0.7479248046875,15.76837158203125
13,0.44027777777777644,0.21978759765625,0.72259521484375,15.979248046875
13,0.4472222222222193,0.22076416015625,0.69683837890625,16.1900634765625
13,0.45416666666666572,0.2218017578125,0.670654296875,16.40087890625
13,0.46111111111110858,0.2227783203125,0.6439208984375,16.6116943359375
13,0.468055555555555,0.2237548828125,0.6168212890625,16.82257080078125
13,0.47499999999999787,0.2247314453125,0.58917236328125,17.03338623046875
13,0.48194444444444073,0.2257080078125,0.56109619140625,17.24420166015625
13,0.48888888888888715,0.2266845703125,0.532470703125,17.45501708984375
13,0.49583333333333,0.2276611328125,0.50341796875,17.6658935546875
13,0.50277777777777644,0.22869873046875,0.47393798828125,17.876708984375
13,0.5097222222222193,0.22967529296875,0.4439697265625,18.0875244140625
13,0.51666666666666572,0.23065185546875,0.4134521484375,18.29833984375
13,0.52361111111110858,0.23162841796875,0.38250732421875,18.50921630859375
13,0.530555555555555,0.23260498046875,0.35113525390625,18.72003173828125
13,0.53749999999999787,0.23358154296875,0.31927490234375,18.93084716796875
13,0.54444444444444073,0.23455810546875,0.286865234375,19.14166259765625
13,0.55138888888888715,0.23553466796875,0.2540283203125,19.3525390625
13,0.55833333333333,0.236572265625,0.22076416015625,19.5633544921875
13,0.56527777777777644,0.237548828125,0.18695068359375,19.774169921875
13,0.5722222222222193,0.238525390625,0.1527099609375,19.9849853515625
13,0.57916666666666572,0.239501953125,0.1180419921875,20.19586181640625
13,0.58611111111110858,0.240478515625,0.08282470703125,20.40667724609375
13,0.593055555555555,0.241455078125,0.047119140625,20.61749267578125
13,0.59730433513578318,0.2420654296875,0,20.7464599609375
14,0,0.14764404296875,1.4122314453125,0.5272216796875
14,0.0041666666666628771,0.1484375,1.41259765625,0.7188720703125
14,0.011111111111105743,0.14971923828125,1.41326904296875,1.038330078125
14,0.018055555555552161,0.1510009765625,1.4139404296875,1.3577880859375
14,0.024999999999995026,0.15234375,1.41461181640625,1.67718505859375
14,0.031944444444441444,0.15362548828125,1.41522216796875,1.99664306640625
14,0.03888888888888431,0.1549072265625,1.4158935546875,2.31610107421875
14,0.045833333333330728,0.15625,1.41656494140625,2.63555908203125
14,0.052777777777773593,0.15753173828125,1.417236328125,2.9549560546875
14,0.059722222222220012,0.1588134765625,1.4178466796875,3.2744140625
14,0.066666666666662877,0.16009521484375,1.41851806640625,3.5938720703125
14,0.073611111111105743,0.16143798828125,1.4189453125,3.91046142578125
14,0.080555555555552161,0.16265869140625,1.41888427734375,4.221435546875
14,0.087499999999995026,0.1639404296875,1.4183349609375,4.5267333984375
14,0.094444444444441444,0.1651611328125,1.41729736328125,4.82635498046875
14,0.10138888888888431,0.16632080078125,1.41571044921875,5.120361328125
14,0.10833333333333073,0.16754150390625,1.41375732421875,5.40869140625
14,0.11527777777777359,0.16864013671875,1.4112548828125,5.69134521484375
14,0.12222222222222001,0.1697998046875,1.40826416015625,5.9683837890625
14,0.12916666666666288,0.1708984375,1.40478515625,6.23974609375
14,0.13611111111110574,0.1719970703125,1.40087890625,6.50543212890625
14,0.14305555555555216,0.17303466796875,1.396484375,6.7655029296875
14,0.14999999999999503,0.174072265625,1.3914794921875,7.01983642578125
14,0.15694444444444144,0.17510986328125,1.38616943359375,7.26861572265625
14,0.16388888888888431,0.17608642578125,1.3802490234375,7.51165771484375
14,0.17083333333333073,0.17706298828125,1.3739013671875,7.74908447265625
14,0.17777777777777359,0.177978515625,1.3670654296875,7.9808349609375
14,0.18472222222222,0.17889404296875,1.35968017578125,8.20697021484375
14,0.19166666666666288,0.1798095703125,1.3519287109375,8.42742919921875
14,0.19861111111110574,0.1806640625,1.34356689453125,8.6422119140625
14,0.20555555555555216,0.1815185546875,1.33477783203125,8.8531494140625
14,0.21249999999999503,0.182373046875,1.3255615234375,9.06396484375
14,0.21944444444444144,0.1832275390625,1.3157958984375,9.2747802734375
14,0.22638888888888431,0.18408203125,1.30560302734375,9.48565673828125
14,0.23333333333333073,0.1849365234375,1.294921875,9.69647216796875
14,0.24027777777777359,0.185791015625,1.28375244140625,9.90728759765625
14,0.24722222222222,0.18670654296875,1.272216796875,10.11810302734375
14,0.25416666666666288,0.18756103515625,1.2601318359375,10.3289794921875
14,0.26111111111110574,0.18841552734375,1.24755859375,10.539794921875
14,0.26805555555555216,0.18927001953125,1.2344970703125,10.7506103515625
14,0.274999999999995,0.19012451171875,1.22100830078125,10.96142578125
14,0.28194444444444144,0.19097900390625,1.20697021484375,11.17230224609375
14,0.28888888888888431,0.19183349609375,1.1925048828125,11.38311767578125
14,0.29583333333333073,0.19268798828125,1.1776123046875,11.59393310546875
14,0.30277777777777359,0.19354248046875,1.16217041015625,11.80474853515625
14,0.30972222222222,0.19439697265625,1.14630126953125,12.015625
14,0.31666666666666288,0.19525146484375,1.12994384765625,12.2264404296875
14,0.32361111111110574,0.19610595703125,1.11322021484375,12.437255859375
14,0.33055555555555216,0.19696044921875,1.09588623046875,12.6480712890625
14,0.337499999999995,0.19781494140625,1.078125,12.85894775390625
14,0.34444444444444144,0.19866943359375,1.05987548828125,13.06976318359375
14,0.35138888888888431,0.19952392578125,1.04119873046875,13.28057861328125
14,0.35833333333333073,0.20037841796875,1.02197265625,13.49139404296875
14,0.36527777777777359,0.2012939453125,1.0023193359375,13.7022705078125
14,0.37222222222222,0.2021484375,0.98223876953125,13.9130859375
14,0.37916666666666288,0.2030029296875,0.96160888671875,14.1239013671875
14,0.38611111111110574,0.203857421875,0.9405517578125,14.334716796875
14,0.39305555555555216,0.2047119140625,0.91900634765625,14.54559326171875
14,0.399999999999995,0.20556640625,0.89703369140625,14.75640869140625
14,0.40694444444444144,0.2064208984375,0.87451171875,14.96722412109375
14,0.41388888888888431,0.207275390625,0.8515625,15.1781005859375
14,0.42083333333333073,0.2081298828125,0.828125,15.388916015625
14,0.42777777777777359,0.208984375,0.80419921875,15.5997314453125
14,0.43472222222222,0.2098388671875,0.77984619140625,15.810546875
14,0.44166666666666288,0.210693359375,0.75494384765625,16.02142333984375
14,0.44861111111110574,0.2115478515625,0.7296142578125,16.23223876953125
14,0.45555555555555216,0.21240234375,0.703857421875,16.44305419921875
14,0.462499999999995,0.2132568359375,0.67755126953125,16.65386962890625
14,0.46944444444444144,0.214111328125,0.65081787109375,16.86474609375
14,0.47638888888888431,0.2149658203125,0.6236572265625,17.0755615234375
14,0.48333333333333073,0.21588134765625,0.595947265625,17.286376953125
14,0.49027777777777359,0.21673583984375,0.56781005859375,17.4971923828125
14,0.49722222222222,0.21759033203125,0.5391845703125,17.70806884765625
14,0.50416666666666288,0.21844482421875,0.51007080078125,17.91888427734375
14,0.51111111111110574,0.21929931640625,0.48046875,18.12969970703125
14,0.51805555555555216,0.22015380859375,0.45037841796875,18.34051513671875
14,0.524999999999995,0.22100830078125,0.41986083984375,18.5513916015625
14,0.53194444444444144,0.22186279296875,0.38885498046875,18.76220703125
14,0.53888888888888431,0.22271728515625,0.357421875,18.9730224609375
14,0.54583333333333073,0.22357177734375,0.325439453125,19.183837890625
14,0.55277777777777359,0.22442626953125,0.2930908203125,19.39471435546875
14,0.55972222222222,0.22528076171875,0.26019287109375,19.60552978515625
14,0.56666666666666288,0.22613525390625,0.22686767578125,19.81634521484375
14,0.57361111111110574,0.22698974609375,0.1929931640625,20.02716064453125
14,0.58055555555555216,0.22784423828125,0.15869140625,20.238037109375
14,0.587499999999995,0.22869873046875,0.1239013671875,20.4488525390625
14,0.59444444444444144,0.22955322265625,0.08868408203125,20.65966796875
14,0.60138888888888431,0.23046875,0.05291748046875,20.8704833984375
14,0.60674302037272665,0.23114013671875,0,21.0330810546875
15,0,0.14764404296875,1.4122314453125,0.5272216796875
15,0.0055555555555493186,0.1497802734375,1.41253662109375,0.78277587890625
15,0.012499999999995737,0.1524658203125,1.41290283203125,1.1021728515625
15,0.019444444444438602,0.1551513671875,1.413330078125,1.421630859375
15,0.02638888888888502,0.1578369140625,1.4136962890625,1.7410888671875
15,0.033333333333327886,0.1605224609375,1.41412353515625,2.06048583984375
15,0.040277777777770751,0.1632080078125,1.41448974609375,2.37994384765625
15,0.047222222222217169,0.1658935546875,1.41485595703125,2.6993408203125
15,0.054166666666660035,0.1685791015625,1.415283203125,3.018798828125
15,0.061111111111106453,0.1712646484375,1.4156494140625,3.3382568359375
15,0.068055555555549319,0.1739501953125,1.416015625,3.65753173828125
15,0.074999999999995737,0.17657470703125,1.41607666015625,3.9730224609375
15,0.0819444444444386,0.17919921875,1.4156494140625,4.2828369140625
15,0.08888888888888502,0.1817626953125,1.41473388671875,4.58697509765625
15,0.095833333333327886,0.18426513671875,1.41339111328125,4.885498046875
15,0.10277777777777075,0.18670654296875,1.4114990234375,5.1783447265625
15,0.10972222222221717,0.18914794921875,1.40911865234375,5.46551513671875
15,0.11666666666666003,0.1915283203125,1.40631103515625,5.7470703125
15,0.12361111111110645,0.19378662109375,1.40301513671875,6.02294921875
15,0.13055555555554932,0.19610595703125,1.39923095703125,6.29315185546875
15,0.13749999999999574,0.19830322265625,1.39495849609375,6.5577392578125
15,0.1444444444444386,0.20050048828125,1.39019775390625,6.816650390625
15,0.15138888888888502,0.20263671875,1.385009765625,7.06988525390625
15,0.15833333333332789,0.2047119140625,1.3792724609375,7.3175048828125
15,0.16527777777777075,0.20672607421875,1.37310791015625,7.5594482421875
15,0.17222222222221717,0.208740234375,1.36651611328125,7.79571533203125
15,0.17916666666666003,0.21063232421875,1.35931396484375,8.02630615234375
15,0.18611111111110645,0.2125244140625,1.35174560546875,8.25128173828125
15,0.19305555555554932,0.21435546875,1.3436279296875,8.4705810546875
15,0.19999999999999574,0.2161865234375,1.33502197265625,8.68426513671875
15,0.2069444444444386,0.21795654296875,1.325927734375,8.89508056640625
15,0.21388888888888502,0.2197265625,1.31646728515625,9.10589599609375
15,0.22083333333332789,0.22149658203125,1.30645751953125,9.31671142578125
15,0.22777777777777075,0.2232666015625,1.29595947265625,9.527587890625
15,0.23472222222221717,0.22503662109375,1.2850341796875,9.7384033203125
15,0.24166666666666003,0.226806640625,1.2735595703125,9.94921875
15,0.24861111111110645,0.22857666015625,1.26171875,10.1600341796875
15,0.25555555555554932,0.2303466796875,1.2493896484375,10.370849609375
15,0.26249999999999574,0.23211669921875,1.23651123046875,10.5816650390625
15,0.2694444444444386,0.23388671875,1.22320556640625,10.79254150390625
15,0.276388888888885,0.23565673828125,1.20941162109375,11.00335693359375
15,0.28333333333332789,0.2374267578125,1.1951904296875,11.21417236328125
15,0.29027777777777075,0.23919677734375,1.18048095703125,11.42498779296875
15,0.29722222222221717,0.240966796875,1.165283203125,11.63580322265625
15,0.30416666666666003,0.24273681640625,1.14959716796875,11.84661865234375
15,0.31111111111110645,0.2445068359375,1.1334228515625,12.0574951171875
15,0.31805555555554932,0.24627685546875,1.1168212890625,12.268310546875
15,0.32499999999999574,0.248046875,1.0997314453125,12.4791259765625
15,0.3319444444444386,0.24981689453125,1.0821533203125,12.68994140625
15,0.338888888888885,0.2515869140625,1.06414794921875,12.9007568359375
15,0.34583333333332789,0.25335693359375,1.04559326171875,13.111572265625
15,0.35277777777777075,0.255126953125,1.02667236328125,13.32244873046875
15,0.35972222222221717,0.25689697265625,1.0072021484375,13.53326416015625
15,0.36666666666666003,0.2586669921875,0.9873046875,13.74407958984375
15,0.37361111111110645,0.26043701171875,0.96685791015625,13.95489501953125
15,0.38055555555554932,0.26220703125,0.94598388671875,14.16571044921875
15,0.38749999999999574,0.26397705078125,0.9246826171875,14.3765869140625
15,0.3944444444444386,0.2657470703125,0.90289306640625,14.58740234375
15,0.401388888888885,0.26751708984375,0.88055419921875,14.7982177734375
15,0.40833333333332789,0.269287109375,0.8577880859375,15.009033203125
15,0.41527777777777075,0.27105712890625,0.83453369140625,15.2198486328125
15,0.42222222222221717,0.2728271484375,0.81085205078125,15.4306640625
15,0.42916666666666003,0.27459716796875,0.78668212890625,15.64154052734375
15,0.43611111111110645,0.2763671875,0.76202392578125,15.85235595703125
15,0.44305555555554932,0.2781982421875,0.7369384765625,16.06317138671875
15,0.44999999999999574,0.27996826171875,0.7113037109375,16.27398681640625
15,0.4569444444444386,0.28173828125,0.68524169921875,16.48480224609375
15,0.463888888888885,0.28350830078125,0.65875244140625,16.69561767578125
15,0.47083333333332789,0.2852783203125,0.6317138671875,16.906494140625
15,0.47777777777777075,0.28704833984375,0.60418701171875,17.1173095703125
15,0.48472222222221717,0.288818359375,0.57623291015625,17.328125
15,0.49166666666666003,0.29058837890625,0.54779052734375,17.5389404296875
15,0.49861111111110645,0.2923583984375,0.5189208984375,17.749755859375
15,0.50555555555554932,0.29412841796875,0.48956298828125,17.9605712890625
15,0.51249999999999574,0.2958984375,0.459716796875,18.17144775390625
15,0.5194444444444386,0.29766845703125,0.42938232421875,18.38226318359375
15,0.526388888888885,0.2994384765625,0.3985595703125,18.59307861328125
15,0.53333333333332789,0.30120849609375,0.3673095703125,18.80389404296875
15,0.54027777777777075,0.302978515625,0.3355712890625,19.01470947265625
15,0.54722222222221717,0.30474853515625,0.3033447265625,19.22552490234375
15,0.55416666666666,0.3065185546875,0.27069091796875,19.4364013671875
15,0.56111111111110645,0.30828857421875,0.23748779296875,19.647216796875
15,0.56805555555554932,0.31005859375,0.20391845703125,19.8580322265625
15,0.57499999999999574,0.31182861328125,0.1697998046875,20.06884765625
15,0.5819444444444386,0.3135986328125,0.13519287109375,20.2796630859375
15,0.588888888888885,0.31536865234375,0.10015869140625,20.490478515625
15,0.59583333333332789,0.317138671875,0.06463623046875,20.70135498046875
15,0.60277777777777075,0.31890869140625,0.0286865234375,20.91217041015625
15,0.60347686746681983,0.319091796875,0,20.93341064453125
16,0,0.14764404296875,1.4122314453125,0.5272216796875
16,0.00694444444443576,0.14892578125,1.41204833984375,0.8466796875
16,0.013888888888882178,0.15020751953125,1.411865234375,1.16607666015625
16,0.020833333333325044,0.1514892578125,1.41168212890625,1.48553466796875
16,0.027777777777771462,0.15277099609375,1.4114990234375,1.80499267578125
16,0.034722222222214327,0.154052734375,1.411376953125,2.12445068359375
16,0.041666666666660745,0.1552734375,1.41119384765625,2.44384765625
16,0.048611111111103611,0.15655517578125,1.4110107421875,2.7633056640625
16,0.055555555555550029,0.1578369140625,1.41082763671875,3.082763671875
16,0.062499999999992895,0.15911865234375,1.41064453125,3.4022216796875
16,0.06944444444443576,0.160400390625,1.410400390625,3.72119140625
16,0.076388888888882178,0.16168212890625,1.4097900390625,4.0355224609375
16,0.083333333333325044,0.16290283203125,1.40875244140625,4.34423828125
16,0.090277777777771462,0.16412353515625,1.4072265625,4.64727783203125
16,0.097222222222214327,0.165283203125,1.40521240234375,4.94464111328125
16,0.10416666666666075,0.16644287109375,1.4027099609375,5.23638916015625
16,0.11111111111110361,0.1676025390625,1.3997802734375,5.5224609375
16,0.11805555555555003,0.168701171875,1.3963623046875,5.8028564453125
16,0.12499999999999289,0.1697998046875,1.39251708984375,6.07757568359375
16,0.13194444444443576,0.1708984375,1.38812255859375,6.3466796875
16,0.13888888888888218,0.17193603515625,1.38330078125,6.61016845703125
16,0.14583333333332504,0.1729736328125,1.3780517578125,6.867919921875
16,0.15277777777777146,0.1739501953125,1.37225341796875,7.12005615234375
16,0.15972222222221433,0.17498779296875,1.36602783203125,7.36651611328125
16,0.16666666666666075,0.1759033203125,1.35931396484375,7.60736083984375
16,0.17361111111110361,0.1768798828125,1.3521728515625,7.84246826171875
16,0.18055555555555003,0.17779541015625,1.34454345703125,8.07196044921875
16,0.18749999999999289,0.17864990234375,1.33642578125,8.29583740234375
16,0.19444444444443576,0.1795654296875,1.32781982421875,8.5140380859375
16,0.20138888888888218,0.180419921875,1.31878662109375,8.7266845703125
16,0.20833333333332504,0.18121337890625,1.30926513671875,8.9375
16,0.21527777777777146,0.18206787109375,1.29925537109375,9.1483154296875
16,0.22222222222221433,0.18292236328125,1.28875732421875,9.359130859375
16,0.22916666666666075,0.18377685546875,1.27783203125,9.57000732421875
16,0.23611111111110361,0.18463134765625,1.26641845703125,9.78082275390625
16,0.24305555555555003,0.1854248046875,1.2545166015625,9.99163818359375
16,0.24999999999999289,0.186279296875,1.2421875,10.20245361328125
16,0.25694444444443576,0.1871337890625,1.22930908203125,10.413330078125
16,0.26388888888888218,0.18798828125,1.216064453125,10.6241455078125
16,0.27083333333332504,0.1888427734375,1.20233154296875,10.8349609375
16,0.27777777777777146,0.18963623046875,1.18804931640625,11.0457763671875
16,0.28472222222221433,0.19049072265625,1.17333984375,11.25665283203125
16,0.29166666666666075,0.19134521484375,1.15814208984375,11.46746826171875
16,0.29861111111110361,0.19219970703125,1.1424560546875,11.67828369140625
16,0.30555555555555003,0.19305419921875,1.12628173828125,11.88916015625
16,0.31249999999999289,0.19384765625,1.10968017578125,12.0999755859375
16,0.31944444444443576,0.1947021484375,1.09259033203125,12.310791015625
16,0.32638888888888218,0.195556640625,1.0750732421875,12.5216064453125
16,0.33333333333332504,0.1964111328125,1.0570068359375,12.73248291015625
16,0.34027777777777146,0.197265625,1.03857421875,12.94329833984375
16,0.34722222222221433,0.19805908203125,1.01959228515625,13.15411376953125
16,0.35416666666666075,0.19891357421875,1.0001220703125,13.36492919921875
16,0.36111111111110361,0.19976806640625,0.980224609375,13.5758056640625
16,0.36805555555555003,0.20062255859375,0.9598388671875,13.78662109375
16,0.37499999999999289,0.20147705078125,0.93896484375,13.9974365234375
16,0.38194444444443576,0.2022705078125,0.9176025390625,14.208251953125
16,0.38888888888888218,0.203125,0.89581298828125,14.41912841796875
16,0.39583333333332504,0.2039794921875,0.87347412109375,14.62994384765625
16,0.40277777777777146,0.204833984375,0.85076904296875,14.84075927734375
16,0.40972222222221433,0.2056884765625,0.8275146484375,15.05157470703125
16,0.41666666666666075,0.20648193359375,0.80389404296875,15.262451171875
16,0.42361111111110361,0.20733642578125,0.7796630859375,15.4732666015625
16,0.43055555555555003,0.20819091796875,0.75506591796875,15.68408203125
16,0.43749999999999289,0.20904541015625,0.72991943359375,15.89495849609375
16,0.44444444444443576,0.20989990234375,0.704345703125,16.10577392578125
16,0.45138888888888218,0.210693359375,0.67822265625,16.31658935546875
16,0.45833333333332504,0.2115478515625,0.6517333984375,16.52740478515625
16,0.46527777777777146,0.21240234375,0.62469482421875,16.73828125
16,0.47222222222221433,0.2132568359375,0.59722900390625,16.9490966796875
16,0.47916666666666075,0.214111328125,0.56927490234375,17.159912109375
16,0.48611111111110361,0.21490478515625,0.54083251953125,17.3707275390625
16,0.49305555555555003,0.21575927734375,0.511962890625,17.58160400390625
16,0.49999999999999289,0.21661376953125,0.48260498046875,17.79241943359375
16,0.50694444444443576,0.21746826171875,0.4527587890625,18.00323486328125
16,0.51388888888888218,0.21832275390625,0.42242431640625,18.21405029296875
16,0.520833333333325,0.2191162109375,0.39166259765625,18.4249267578125
16,0.52777777777777146,0.219970703125,0.3603515625,18.6357421875
16,0.53472222222221433,0.2208251953125,0.32861328125,18.8465576171875
16,0.54166666666666075,0.2216796875,0.29638671875,19.05743408203125
16,0.54861111111110361,0.2225341796875,0.26373291015625,19.26824951171875
16,0.55555555555555,0.22332763671875,0.2305908203125,19.47906494140625
16,0.56249999999999289,0.22418212890625,0.19696044921875,19.68988037109375
16,0.56944444444443576,0.22503662109375,0.16290283203125,19.9007568359375
16,0.57638888888888218,0.22589111328125,0.1282958984375,20.111572265625
16,0.583333333333325,0.2266845703125,0.09326171875,20.3223876953125
16,0.59027777777777146,0.2275390625,0.0577392578125,20.533203125
16,0.59659969881583708,0.22833251953125,0,20.72515869140625
17,0,0.14764404296875,1.4122314453125,0.5272216796875
17,0.001388888888879336,0.148193359375,1.41229248046875,0.59112548828125
17,0.0083333333333257542,0.15093994140625,1.41259765625,0.9105224609375
17,0.01527777777776862,0.1536865234375,1.41290283203125,1.22998046875
17,0.022222222222215038,0.156494140625,1.4132080078125,1.54937744140625
17,0.029166666666657903,0.15924072265625,1.41351318359375,1.86883544921875
17,0.036111111111100769,0.1619873046875,1.413818359375,2.18829345703125
17,0.043055555555547187,0.16473388671875,1.41412353515625,2.5076904296875
17,0.049999999999990052,0.16748046875,1.4144287109375,2.8271484375
17,0.056944444444436471,0.17022705078125,1.41473388671875,3.14654541015625
17,0.063888888888879336,0.17303466796875,1.4150390625,3.46600341796875
17,0.070833333333325754,0.17578125,1.415283203125,3.784423828125
17,0.07777777777776862,0.178466796875,1.4150390625,4.09759521484375
17,0.084722222222215038,0.18109130859375,1.41436767578125,4.4051513671875
17,0.0916666666666579,0.1837158203125,1.4132080078125,4.70709228515625
17,0.098611111111100769,0.186279296875,1.41156005859375,5.0032958984375
17,0.10555555555554719,0.18878173828125,1.409423828125,5.29388427734375
17,0.11249999999999005,0.19122314453125,1.40679931640625,5.57879638671875
17,0.11944444444443647,0.19366455078125,1.4036865234375,5.85809326171875
17,0.12638888888887934,0.196044921875,1.40020751953125,6.1317138671875
17,0.13333333333332575,0.19830322265625,1.3961181640625,6.399658203125
17,0.14027777777776862,0.20062255859375,1.3916015625,6.6619873046875
17,0.14722222222221504,0.20281982421875,1.3865966796875,6.91864013671875
17,0.1541666666666579,0.2049560546875,1.381103515625,7.16961669921875
17,0.16111111111110077,0.20709228515625,1.37518310546875,7.4149169921875
17,0.16805555555554719,0.20916748046875,1.3687744140625,7.65460205078125
17,0.17499999999999005,0.211181640625,1.36181640625,7.88861083984375
17,0.18194444444443647,0.213134765625,1.35443115234375,8.11700439453125
17,0.18888888888887934,0.215087890625,1.3465576171875,8.33966064453125
17,0.19583333333332575,0.21697998046875,1.3382568359375,8.5567626953125
17,0.20277777777776862,0.21881103515625,1.32940673828125,8.7685546875
17,0.20972222222221504,0.2205810546875,1.32012939453125,8.97943115234375
17,0.2166666666666579,0.222412109375,1.31036376953125,9.19024658203125
17,0.22361111111110077,0.2242431640625,1.30010986328125,9.40106201171875
17,0.23055555555554719,0.22607421875,1.2894287109375,9.61187744140625
17,0.23749999999999005,0.2279052734375,1.2781982421875,9.82269287109375
17,0.24444444444443647,0.22967529296875,1.26654052734375,10.03350830078125
17,0.25138888888887934,0.23150634765625,1.25445556640625,10.244384765625
17,0.25833333333332575,0.23333740234375,1.2418212890625,10.4552001953125
17,0.26527777777776862,0.23516845703125,1.22869873046875,10.666015625
17,0.27222222222221504,0.23699951171875,1.2152099609375,10.8768310546875
17,0.2791666666666579,0.23876953125,1.201171875,11.087646484375
17,0.28611111111110077,0.2406005859375,1.1866455078125,11.2984619140625
17,0.29305555555554719,0.242431640625,1.17169189453125,11.50927734375
17,0.29999999999999005,0.2442626953125,1.15625,11.72015380859375
17,0.30694444444443647,0.24609375,1.14031982421875,11.93096923828125
17,0.31388888888887934,0.2479248046875,1.12396240234375,12.14178466796875
17,0.32083333333332575,0.24969482421875,1.10711669921875,12.35260009765625
17,0.32777777777776862,0.25152587890625,1.0897216796875,12.56341552734375
17,0.33472222222221504,0.25335693359375,1.07196044921875,12.77423095703125
17,0.3416666666666579,0.25518798828125,1.0537109375,12.985107421875
17,0.34861111111110077,0.25701904296875,1.034912109375,13.1959228515625
17,0.35555555555554719,0.2587890625,1.0157470703125,13.40673828125
17,0.36249999999999005,0.2606201171875,0.99603271484375,13.6175537109375
17,0.36944444444443647,0.262451171875,0.975830078125,13.828369140625
17,0.37638888888887934,0.2642822265625,0.95526123046875,14.0391845703125
17,0.38333333333332575,0.26611328125,0.93414306640625,14.25006103515625
17,0.39027777777776862,0.2679443359375,0.91253662109375,14.46087646484375
17,0.39722222222221504,0.26971435546875,0.8905029296875,14.67169189453125
17,0.4041666666666579,0.27154541015625,0.867919921875,14.88250732421875
17,0.41111111111110077,0.27337646484375,0.84490966796875,15.09332275390625
17,0.41805555555554719,0.27520751953125,0.82147216796875,15.30413818359375
17,0.42499999999999005,0.27703857421875,0.79754638671875,15.5150146484375
17,0.43194444444443647,0.27880859375,0.7730712890625,15.725830078125
17,0.43888888888887934,0.2806396484375,0.74822998046875,15.9366455078125
17,0.44583333333332575,0.282470703125,0.72283935546875,16.1474609375
17,0.45277777777776862,0.2843017578125,0.69696044921875,16.3582763671875
17,0.45972222222221504,0.2861328125,0.67071533203125,16.569091796875
17,0.4666666666666579,0.2879638671875,0.6439208984375,16.77996826171875
17,0.47361111111110077,0.28973388671875,0.61663818359375,16.99078369140625
17,0.48055555555554719,0.29156494140625,0.58892822265625,17.20159912109375
17,0.48749999999999005,0.29339599609375,0.56072998046875,17.41241455078125
17,0.49444444444443647,0.29522705078125,0.53204345703125,17.62322998046875
17,0.50138888888887934,0.29705810546875,0.5029296875,17.83404541015625
17,0.50833333333332575,0.298828125,0.47332763671875,18.044921875
17,0.51527777777776862,0.3006591796875,0.44317626953125,18.2557373046875
17,0.522222222222215,0.302490234375,0.41265869140625,18.466552734375
17,0.5291666666666579,0.3043212890625,0.381591796875,18.6773681640625
17,0.53611111111110077,0.30615234375,0.35009765625,18.88818359375
17,0.54305555555554719,0.30792236328125,0.318115234375,19.0989990234375
17,0.54999999999999,0.30975341796875,0.28564453125,19.30987548828125
17,0.55694444444443647,0.31158447265625,0.25274658203125,19.52069091796875
17,0.56388888888887934,0.31341552734375,0.2193603515625,19.73150634765625
17,0.57083333333332575,0.31524658203125,0.18548583984375,19.94232177734375
17,0.57777777777776862,0.31707763671875,0.151123046875,20.15313720703125
17,0.584722222222215,0.31884765625,0.1163330078125,20.36395263671875
17,0.5916666666666579,0.3206787109375,0.08099365234375,20.5748291015625
17,0.59861111111110077,0.322509765625,0.04522705078125,20.78564453125
17,0.60248969415895981,0.32354736328125,0,20.90338134765625
18,0,0.14764404296875,1.4122314453125,0.5272216796875
18,0.0027777777777657775,0.14825439453125,1.41259765625,0.65496826171875
18,0.0097222222222121957,0.14984130859375,1.41351318359375,0.97442626953125
18,0.016666666666655061,0.15142822265625,1.41448974609375,1.29388427734375
18,0.023611111111101479,0.15301513671875,1.4154052734375,1.61334228515625
18,0.030555555555544345,0.15460205078125,1.41632080078125,1.9327392578125
18,0.037499999999990763,0.15618896484375,1.417236328125,2.252197265625
18,0.044444444444433628,0.1578369140625,1.418212890625,2.5716552734375
18,0.051388888888880047,0.159423828125,1.41912841796875,2.89105224609375
18,0.058333333333322912,0.1610107421875,1.4200439453125,3.21051025390625
18,0.065277777777765778,0.16259765625,1.42095947265625,3.52996826171875
18,0.0722222222222122,0.16412353515625,1.4217529296875,3.84759521484375
18,0.079166666666655061,0.16571044921875,1.4219970703125,4.15966796875
18,0.086111111111101479,0.167236328125,1.421875,4.466064453125
18,0.093055555555544345,0.168701171875,1.421142578125,4.766845703125
18,0.099999999999990763,0.170166015625,1.41998291015625,5.06195068359375
18,0.10694444444443363,0.171630859375,1.4183349609375,5.3514404296875
18,0.11388888888888005,0.17303466796875,1.41619873046875,5.63525390625
18,0.12083333333332291,0.1744384765625,1.41351318359375,5.91339111328125
18,0.12777777777776578,0.17578125,1.410400390625,6.18585205078125
18,0.1347222222222122,0.1771240234375,1.40679931640625,6.45269775390625
18,0.14166666666665506,0.17840576171875,1.40264892578125,6.7138671875
18,0.14861111111110148,0.1796875,1.3980712890625,6.96942138671875
18,0.15555555555554434,0.180908203125,1.39300537109375,7.21923828125
18,0.16249999999999076,0.18212890625,1.387451171875,7.46343994140625
18,0.16944444444443363,0.18328857421875,1.38134765625,7.7020263671875
18,0.17638888888888005,0.1844482421875,1.37481689453125,7.93487548828125
18,0.18333333333332291,0.18560791015625,1.36773681640625,8.162109375
18,0.19027777777776578,0.18670654296875,1.3602294921875,8.38372802734375
18,0.1972222222222122,0.187744140625,1.35223388671875,8.599609375
18,0.20416666666665506,0.1888427734375,1.34368896484375,8.8109130859375
18,0.21111111111110148,0.18988037109375,1.334716796875,9.021728515625
18,0.21805555555554434,0.19091796875,1.32525634765625,9.23260498046875
18,0.22499999999999076,0.19195556640625,1.31536865234375,9.44342041015625
18,0.23194444444443363,0.1929931640625,1.30499267578125,9.65423583984375
18,0.23888888888888005,0.194091796875,1.29412841796875,9.86505126953125
18,0.24583333333332291,0.19512939453125,1.28277587890625,10.075927734375
18,0.25277777777776578,0.1961669921875,1.27093505859375,10.2867431640625
18,0.2597222222222122,0.19720458984375,1.2586669921875,10.49755859375
18,0.26666666666665506,0.1982421875,1.24591064453125,10.7083740234375
18,0.27361111111110148,0.19927978515625,1.232666015625,10.919189453125
18,0.28055555555554434,0.20037841796875,1.21893310546875,11.13006591796875
18,0.28749999999999076,0.201416015625,1.20477294921875,11.34088134765625
18,0.29444444444443363,0.20245361328125,1.19012451171875,11.55169677734375
18,0.30138888888888005,0.2034912109375,1.17498779296875,11.76251220703125
18,0.30833333333332291,0.20452880859375,1.15936279296875,11.973388671875
18,0.31527777777776578,0.20556640625,1.143310546875,12.1842041015625
18,0.3222222222222122,0.2066650390625,1.12677001953125,12.39501953125
18,0.32916666666665506,0.20770263671875,1.1097412109375,12.6058349609375
18,0.33611111111110148,0.208740234375,1.09234619140625,12.81671142578125
18,0.34305555555554434,0.20977783203125,1.0743408203125,13.02752685546875
18,0.34999999999999076,0.2108154296875,1.055908203125,13.23834228515625
18,0.35694444444443363,0.21185302734375,1.0369873046875,13.44915771484375
18,0.36388888888888005,0.21295166015625,1.01763916015625,13.6600341796875
18,0.37083333333332291,0.2139892578125,0.997802734375,13.870849609375
18,0.37777777777776578,0.21502685546875,0.97747802734375,14.0816650390625
18,0.3847222222222122,0.216064453125,0.9566650390625,14.29248046875
18,0.39166666666665506,0.21710205078125,0.93536376953125,14.5032958984375
18,0.39861111111110148,0.2181396484375,0.91363525390625,14.71417236328125
18,0.40555555555554434,0.21923828125,0.89141845703125,14.92498779296875
18,0.41249999999999076,0.22027587890625,0.86871337890625,15.13580322265625
18,0.41944444444443363,0.2213134765625,0.8455810546875,15.34661865234375
18,0.42638888888888005,0.22235107421875,0.82196044921875,15.5574951171875
18,0.43333333333332291,0.223388671875,0.7978515625,15.768310546875
18,0.44027777777776578,0.22442626953125,0.77325439453125,15.9791259765625
18,0.4472222222222122,0.22552490234375,0.74822998046875,16.18994140625
18,0.45416666666665506,0.2265625,0.72271728515625,16.40081787109375
18,0.46111111111110148,0.22760009765625,0.69671630859375,16.61163330078125
18,0.46805555555554434,0.2286376953125,0.6702880859375,16.82244873046875
18,0.47499999999999076,0.22967529296875,0.643310546875,17.03326416015625
18,0.48194444444443363,0.23077392578125,0.61590576171875,17.244140625
18,0.48888888888888005,0.2318115234375,0.5880126953125,17.4549560546875
18,0.49583333333332291,0.23284912109375,0.55963134765625,17.665771484375
18,0.50277777777776578,0.23388671875,0.53082275390625,17.8765869140625
18,0.5097222222222122,0.23492431640625,0.50152587890625,18.08740234375
18,0.51666666666665506,0.2359619140625,0.47174072265625,18.29827880859375
18,0.52361111111110148,0.237060546875,0.44146728515625,18.50909423828125
18,0.53055555555554434,0.23809814453125,0.4107666015625,18.71990966796875
18,0.53749999999999076,0.2391357421875,0.37957763671875,18.93072509765625
18,0.54444444444443363,0.24017333984375,0.347900390625,19.1416015625
18,0.55138888888888,0.2412109375,0.31573486328125,19.3524169921875
18,0.55833333333332291,0.24224853515625,0.283203125,19.563232421875
18,0.56527777777776578,0.24334716796875,0.2501220703125,19.7740478515625
18,0.5722222222222122,0.244384765625,0.216552734375,19.98492431640625
18,0.57916666666665506,0.24542236328125,0.18255615234375,20.19573974609375
18,0.58611111111110148,0.2464599609375,0.14801025390625,20.40655517578125
18,0.59305555555554434,0.24749755859375,0.113037109375,20.61737060546875
18,0.59999999999999076,0.24853515625,0.07757568359375,20.8282470703125
18,0.60694444444443363,0.2496337890625,0.04168701171875,21.0390625
18,0.61012770282543316,0.2501220703125,0,21.13568115234375
19,0,0.14764404296875,1.4122314453125,0.5272216796875
19,0.0041666666666557717,0.14837646484375,1.41302490234375,0.7188720703125
19,0.011111111111098637,0.1495361328125,1.414306640625,1.038330078125
19,0.018055555555545055,0.15069580078125,1.4156494140625,1.3577880859375
19,0.024999999999987921,0.15191650390625,1.4169921875,1.67718505859375
19,0.031944444444430786,0.153076171875,1.41827392578125,1.99664306640625
19,0.038888888888877204,0.15423583984375,1.41961669921875,2.31610107421875
19,0.04583333333332007,0.15545654296875,1.4208984375,2.635498046875
19,0.052777777777766488,0.1566162109375,1.4222412109375,2.9549560546875
19,0.059722222222209354,0.1578369140625,1.42352294921875,3.2744140625
19,0.066666666666655772,0.15899658203125,1.42486572265625,3.5938720703125
19,0.073611111111098637,0.16015625,1.4259033203125,3.91046142578125
19,0.080555555555545055,0.16131591796875,1.426513671875,4.221435546875
19,0.087499999999987921,0.16241455078125,1.42657470703125,4.5267333984375
19,0.094444444444430786,0.16357421875,1.4261474609375,4.82635498046875
19,0.1013888888888772,0.16461181640625,1.42523193359375,5.12030029296875
19,0.10833333333332007,0.16571044921875,1.423828125,5.40863037109375
19,0.11527777777776649,0.166748046875,1.421875,5.69134521484375
19,0.12222222222220935,0.16778564453125,1.41949462890625,5.96832275390625
19,0.12916666666665577,0.16876220703125,1.41656494140625,6.23968505859375
19,0.13611111111109864,0.16973876953125,1.4132080078125,6.50537109375
19,0.14305555555554506,0.17071533203125,1.40936279296875,6.76544189453125
19,0.14999999999998792,0.17169189453125,1.4049072265625,7.01983642578125
19,0.15694444444443079,0.172607421875,1.4000244140625,7.2685546875
19,0.1638888888888772,0.1734619140625,1.3946533203125,7.51165771484375
19,0.17083333333332007,0.17437744140625,1.3887939453125,7.7490234375
19,0.17777777777776649,0.17523193359375,1.38238525390625,7.9808349609375
19,0.18472222222220935,0.17608642578125,1.37554931640625,8.2069091796875
19,0.19166666666665577,0.1768798828125,1.36822509765625,8.4273681640625
19,0.19861111111109864,0.17767333984375,1.36029052734375,8.64215087890625
19,0.20555555555554506,0.178466796875,1.3519287109375,8.85308837890625
19,0.21249999999998792,0.17919921875,1.34320068359375,9.06390380859375
19,0.21944444444443079,0.17999267578125,1.3338623046875,9.2747802734375
19,0.2263888888888772,0.1807861328125,1.3240966796875,9.485595703125
19,0.23333333333332007,0.18157958984375,1.3138427734375,9.6964111328125
19,0.24027777777776649,0.182373046875,1.3031005859375,9.9072265625
19,0.24722222222220935,0.18310546875,1.2919921875,10.11810302734375
19,0.25416666666665577,0.18389892578125,1.28033447265625,10.32891845703125
19,0.26111111111109864,0.1846923828125,1.2681884765625,10.53973388671875
19,0.26805555555554506,0.18548583984375,1.25555419921875,10.75054931640625
19,0.27499999999998792,0.186279296875,1.24249267578125,10.96142578125
19,0.28194444444443079,0.18701171875,1.22894287109375,11.1722412109375
19,0.2888888888888772,0.18780517578125,1.21490478515625,11.383056640625
19,0.29583333333332007,0.1885986328125,1.200439453125,11.5938720703125
19,0.30277777777776649,0.18939208984375,1.1854248046875,11.8046875
19,0.30972222222220935,0.19012451171875,1.16998291015625,12.01556396484375
19,0.31666666666665577,0.19091796875,1.15411376953125,12.22637939453125
19,0.32361111111109864,0.19171142578125,1.13775634765625,12.43719482421875
19,0.33055555555554506,0.1925048828125,1.120849609375,12.64801025390625
19,0.33749999999998792,0.19329833984375,1.103515625,12.85888671875
19,0.34444444444443079,0.19403076171875,1.08575439453125,13.0697021484375
19,0.3513888888888772,0.19482421875,1.0675048828125,13.280517578125
19,0.35833333333332007,0.19561767578125,1.0487060546875,13.4913330078125
19,0.36527777777776649,0.1964111328125,1.02947998046875,13.70220947265625
19,0.37222222222220935,0.1971435546875,1.00982666015625,13.91302490234375
19,0.37916666666665577,0.19793701171875,0.98968505859375,14.12384033203125
19,0.38611111111109864,0.19873046875,0.96905517578125,14.33465576171875
19,0.39305555555554506,0.19952392578125,0.94793701171875,14.5455322265625
19,0.39999999999998792,0.2003173828125,0.92633056640625,14.75634765625
19,0.40694444444443079,0.2010498046875,0.90423583984375,14.9671630859375
19,0.4138888888888772,0.20184326171875,0.88177490234375,15.177978515625
19,0.42083333333332007,0.20263671875,0.8587646484375,15.38885498046875
19,0.42777777777776649,0.20343017578125,0.83526611328125,15.59967041015625
19,0.43472222222220935,0.20416259765625,0.81134033203125,15.81048583984375
19,0.44166666666665577,0.2049560546875,0.78692626953125,16.02130126953125
19,0.44861111111109864,0.20574951171875,0.76202392578125,16.232177734375
19,0.45555555555554506,0.20654296875,0.7366943359375,16.4429931640625
19,0.46249999999998792,0.20733642578125,0.7108154296875,16.65380859375
19,0.46944444444443079,0.20806884765625,0.68450927734375,16.8646240234375
19,0.4763888888888772,0.2088623046875,0.65777587890625,17.075439453125
19,0.48333333333332007,0.20965576171875,0.6304931640625,17.28631591796875
19,0.49027777777776649,0.21044921875,0.602783203125,17.49713134765625
19,0.49722222222220935,0.211181640625,0.5745849609375,17.70794677734375
19,0.50416666666665577,0.21197509765625,0.5458984375,17.91876220703125
19,0.51111111111109864,0.2127685546875,0.51678466796875,18.129638671875
19,0.518055555555545,0.21356201171875,0.48712158203125,18.3404541015625
19,0.52499999999998792,0.21435546875,0.45703125,18.55126953125
19,0.53194444444443079,0.215087890625,0.42645263671875,18.7620849609375
19,0.5388888888888772,0.21588134765625,0.3955078125,18.97296142578125
19,0.54583333333332007,0.2166748046875,0.36395263671875,19.18377685546875
19,0.55277777777776649,0.21746826171875,0.33197021484375,19.39459228515625
19,0.55972222222220935,0.21826171875,0.29949951171875,19.60540771484375
19,0.56666666666665577,0.218994140625,0.2666015625,19.8162841796875
19,0.57361111111109864,0.21978759765625,0.23321533203125,20.027099609375
19,0.580555555555545,0.2205810546875,0.1993408203125,20.2379150390625
19,0.58749999999998792,0.22137451171875,0.16497802734375,20.44873046875
19,0.59444444444443079,0.22210693359375,0.13018798828125,20.65960693359375
19,0.6013888888888772,0.222900390625,0.0948486328125,20.87042236328125
19,0.60833333333332007,0.22369384765625,0.05914306640625,21.08123779296875
19,0.61487093226370415,0.22442626953125,0,21.27972412109375
20,0,0.14764404296875,1.4122314453125,0.5272216796875
20,0.0055555555555422131,0.14886474609375,1.41290283203125,0.78277587890625
20,0.012499999999985079,0.15032958984375,1.4136962890625,1.10223388671875
20,0.019444444444431497,0.15185546875,1.41455078125,1.421630859375
20,0.026388888888874362,0.15338134765625,1.41534423828125,1.7410888671875
20,0.03333333333332078,0.1549072265625,1.41619873046875,2.060546875
20,0.040277777777763646,0.1563720703125,1.4169921875,2.37994384765625
20,0.047222222222210064,0.15789794921875,1.4178466796875,2.69940185546875
20,0.05416666666665293,0.159423828125,1.41864013671875,3.01885986328125
20,0.061111111111095795,0.160888671875,1.41949462890625,3.33831787109375
20,0.068055555555542213,0.16241455078125,1.4202880859375,3.6575927734375
20,0.074999999999985079,0.1639404296875,1.4207763671875,3.97308349609375
20,0.0819444444444315,0.16534423828125,1.4207763671875,4.28289794921875
20,0.088888888888874362,0.16680908203125,1.4202880859375,4.58709716796875
20,0.09583333333332078,0.168212890625,1.4193115234375,4.8856201171875
20,0.10277777777776365,0.16961669921875,1.4178466796875,5.178466796875
20,0.10972222222221006,0.17095947265625,1.4158935546875,5.46563720703125
20,0.11666666666665293,0.17230224609375,1.4134521484375,5.7471923828125
20,0.12361111111109579,0.173583984375,1.4105224609375,6.0230712890625
20,0.13055555555554221,0.17486572265625,1.4071044921875,6.29327392578125
20,0.13749999999998508,0.17608642578125,1.4031982421875,6.557861328125
20,0.1444444444444315,0.17730712890625,1.3988037109375,6.8167724609375
20,0.15138888888887436,0.17852783203125,1.39398193359375,7.07000732421875
20,0.15833333333332078,0.1796875,1.3885498046875,7.317626953125
20,0.16527777777776365,0.18084716796875,1.3826904296875,7.5595703125
20,0.17222222222221006,0.18194580078125,1.37640380859375,7.79583740234375
20,0.17916666666665293,0.18304443359375,1.36956787109375,8.0264892578125
20,0.18611111111109579,0.18408203125,1.36224365234375,8.25146484375
20,0.19305555555554221,0.18511962890625,1.3544921875,8.47076416015625
20,0.19999999999998508,0.1861572265625,1.34619140625,8.6844482421875
20,0.2069444444444315,0.1871337890625,1.33740234375,8.895263671875
20,0.21388888888887436,0.18817138671875,1.32818603515625,9.1060791015625
20,0.22083333333332078,0.18914794921875,1.31842041015625,9.31695556640625
20,0.22777777777776365,0.19012451171875,1.3082275390625,9.52777099609375
20,0.23472222222221006,0.19110107421875,1.297607421875,9.73858642578125
20,0.24166666666665293,0.192138671875,1.28643798828125,9.94940185546875
20,0.24861111111109579,0.193115234375,1.27484130859375,10.1602783203125
20,0.25555555555554221,0.194091796875,1.2628173828125,10.37109375
20,0.26249999999998508,0.19512939453125,1.250244140625,10.5819091796875
20,0.2694444444444315,0.19610595703125,1.23724365234375,10.792724609375
20,0.27638888888887436,0.19708251953125,1.2237548828125,11.0035400390625
20,0.28333333333332078,0.1981201171875,1.20977783203125,11.21441650390625
20,0.29027777777776365,0.1990966796875,1.19537353515625,11.42523193359375
20,0.29722222222221006,0.2000732421875,1.18048095703125,11.63604736328125
20,0.30416666666665293,0.20111083984375,1.1650390625,11.84686279296875
20,0.31111111111109579,0.20208740234375,1.149169921875,12.0577392578125
20,0.31805555555554221,0.20306396484375,1.1328125,12.2685546875
20,0.32499999999998508,0.20404052734375,1.11602783203125,12.4793701171875
20,0.3319444444444315,0.205078125,1.0987548828125,12.690185546875
20,0.33888888888887436,0.2060546875,1.0810546875,12.90106201171875
20,0.34583333333332078,0.20703125,1.06280517578125,13.11187744140625
20,0.35277777777776365,0.20806884765625,1.04412841796875,13.32269287109375
20,0.35972222222221006,0.20904541015625,1.02496337890625,13.53350830078125
20,0.36666666666665293,0.21002197265625,1.00537109375,13.744384765625
20,0.37361111111109579,0.2110595703125,0.9852294921875,13.9552001953125
20,0.38055555555554221,0.2120361328125,0.964599609375,14.166015625
20,0.38749999999998508,0.2130126953125,0.94354248046875,14.3768310546875
20,0.3944444444444315,0.2139892578125,0.92205810546875,14.58770751953125
20,0.40138888888887436,0.21502685546875,0.9000244140625,14.79852294921875
20,0.40833333333332078,0.21600341796875,0.8775634765625,15.00933837890625
20,0.41527777777776365,0.21697998046875,0.8546142578125,15.22015380859375
20,0.42222222222221006,0.218017578125,0.83123779296875,15.4310302734375
20,0.42916666666665293,0.218994140625,0.80731201171875,15.641845703125
20,0.43611111111109579,0.219970703125,0.782958984375,15.8526611328125
20,0.44305555555554221,0.22100830078125,0.7581787109375,16.0634765625
20,0.44999999999998508,0.22198486328125,0.73284912109375,16.27435302734375
20,0.4569444444444315,0.22296142578125,0.70703125,16.48516845703125
20,0.46388888888887436,0.2239990234375,0.6807861328125,16.69598388671875
20,0.47083333333332078,0.2249755859375,0.654052734375,16.90679931640625
20,0.47777777777776365,0.2259521484375,0.6268310546875,17.11767578125
20,0.48472222222221006,0.2269287109375,0.59918212890625,17.3284912109375
20,0.49166666666665293,0.22796630859375,0.571044921875,17.539306640625
20,0.49861111111109579,0.22894287109375,0.54241943359375,17.7501220703125
20,0.50555555555554221,0.22991943359375,0.51336669921875,17.96099853515625
20,0.51249999999998508,0.23095703125,0.48382568359375,18.17181396484375
20,0.5194444444444315,0.23193359375,0.45379638671875,18.38262939453125
20,0.52638888888887436,0.23291015625,0.42327880859375,18.59344482421875
20,0.53333333333332078,0.23394775390625,0.3922119140625,18.8043212890625
20,0.54027777777776365,0.23492431640625,0.36077880859375,19.01513671875
20,0.54722222222221006,0.23590087890625,0.328857421875,19.2259521484375
20,0.55416666666665293,0.2369384765625,0.2965087890625,19.436767578125
20,0.56111111111109579,0.2379150390625,0.26361083984375,19.6475830078125
20,0.56805555555554221,0.2388916015625,0.23028564453125,19.85845947265625
20,0.57499999999998508,0.2398681640625,0.19647216796875,20.06927490234375
20,0.5819444444444315,0.24090576171875,0.16217041015625,20.28009033203125
20,0.58888888888887436,0.24188232421875,0.12744140625,20.49090576171875
20,0.59583333333332078,0.24285888671875,0.09222412109375,20.7017822265625
20,0.60277777777776365,0.243896484375,0.0565185546875,20.91259765625
20,0.60881266435818016,0.2447509765625,0,21.0958251953125
