shot,ageSeconds,x,y,z
1,0,0.14764404296875,1.4122314453125,0.5272216796875
1,0.0083333333333333332,0.1502685546875,1.41229248046875,0.9105224609375
1,0.016666666666666666,0.15289306640625,1.412353515625,1.29388427734375
1,0.025,0.155517578125,1.41241455078125,1.67718505859375
1,0.033333333333333333,0.15814208984375,1.41253662109375,2.060546875
1,0.041666666666666664,0.1607666015625,1.41259765625,2.44384765625
1,0.049999999999999996,0.16339111328125,1.41265869140625,2.8271484375
1,0.058333333333333327,0.166015625,1.4127197265625,3.21051025390625
1,0.066666666666666666,0.16864013671875,1.41278076171875,3.59381103515625
1,0.075,0.1712646484375,1.4124755859375,3.97308349609375
1,0.083333333333333329,0.17376708984375,1.41162109375,4.34417724609375
1,0.09166666666666666,0.17626953125,1.40997314453125,4.7071533203125
1,0.099999999999999992,0.1787109375,1.40765380859375,5.06195068359375
1,0.10833333333333332,0.18109130859375,1.4046630859375,5.40863037109375
1,0.11666666666666665,0.18341064453125,1.40093994140625,5.74713134765625
1,0.12499999999999999,0.1856689453125,1.3966064453125,6.0775146484375
1,0.13333333333333333,0.1878662109375,1.39154052734375,6.3997802734375
1,0.14166666666666666,0.19000244140625,1.38580322265625,6.7138671875
1,0.15,0.19207763671875,1.37939453125,7.019775390625
1,0.15833333333333333,0.19415283203125,1.37225341796875,7.31756591796875
1,0.16666666666666666,0.19610595703125,1.364501953125,7.60723876953125
1,0.175,0.19805908203125,1.3560791015625,7.88873291015625
1,0.18333333333333332,0.19989013671875,1.346923828125,8.162109375
1,0.19166666666666665,0.20172119140625,1.337158203125,8.42730712890625
1,0.19999999999999998,0.2034912109375,1.32666015625,8.68438720703125
1,0.20833333333333331,0.2052001953125,1.3154296875,8.9373779296875
1,0.21666666666666665,0.20697021484375,1.3035888671875,9.19036865234375
1,0.22499999999999998,0.20867919921875,1.291015625,9.443359375
1,0.23333333333333331,0.21044921875,1.27783203125,9.69635009765625
1,0.24166666666666664,0.212158203125,1.26385498046875,9.9493408203125
1,0.24999999999999997,0.2138671875,1.24932861328125,10.20233154296875
1,0.2583333333333333,0.21563720703125,1.23406982421875,10.455322265625
1,0.26666666666666666,0.21734619140625,1.2181396484375,10.70831298828125
1,0.275,0.2191162109375,1.20147705078125,10.9613037109375
1,0.28333333333333338,0.2208251953125,1.18414306640625,11.21429443359375
1,0.29166666666666674,0.2225341796875,1.16619873046875,11.46728515625
1,0.3,0.22430419921875,1.14752197265625,11.72027587890625
1,0.30833333333333335,0.22601318359375,1.128173828125,11.9732666015625
1,0.31666666666666671,0.22772216796875,1.10809326171875,12.22625732421875
1,0.32500000000000007,0.2294921875,1.08740234375,12.479248046875
1,0.33333333333333331,0.231201171875,1.0660400390625,12.7322998046875
1,0.34166666666666667,0.23297119140625,1.04400634765625,12.98529052734375
1,0.35000000000000003,0.23468017578125,1.02117919921875,13.23828125
1,0.35833333333333339,0.23638916015625,0.99774169921875,13.49127197265625
1,0.36666666666666664,0.2381591796875,0.97369384765625,13.7442626953125
1,0.375,0.2398681640625,0.94891357421875,13.99725341796875
1,0.38333333333333336,0.2415771484375,0.92340087890625,14.250244140625
1,0.39166666666666672,0.24334716796875,0.897216796875,14.50323486328125
1,0.4,0.24505615234375,0.87042236328125,14.7562255859375
1,0.40833333333333338,0.246826171875,0.8428955078125,15.00921630859375
1,0.41666666666666674,0.24853515625,0.814697265625,15.26220703125
1,0.4250000000000001,0.250244140625,0.78582763671875,15.51519775390625
1,0.43333333333333335,0.25201416015625,0.75628662109375,15.7681884765625
1,0.44166666666666671,0.25372314453125,0.72601318359375,16.02117919921875
1,0.45000000000000007,0.2554931640625,0.69512939453125,16.274169921875
1,0.45833333333333343,0.2572021484375,0.66351318359375,16.52716064453125
1,0.46666666666666667,0.2589111328125,0.6312255859375,16.7801513671875
1,0.47500000000000003,0.26068115234375,0.5982666015625,17.03314208984375
1,0.48333333333333339,0.26239013671875,0.56463623046875,17.2861328125
1,0.49166666666666675,0.26409912109375,0.5302734375,17.5391845703125
1,0.5,0.265869140625,0.49530029296875,17.79217529296875
1,0.5083333333333333,0.267578125,0.45965576171875,18.045166015625
1,0.51666666666666661,0.26934814453125,0.42327880859375,18.29815673828125
1,0.52499999999999991,0.27105712890625,0.38616943359375,18.5511474609375
1,0.53333333333333321,0.27276611328125,0.34844970703125,18.80413818359375
1,0.54166666666666652,0.2745361328125,0.31005859375,19.05712890625
1,0.54999999999999982,0.2762451171875,0.27099609375,19.31011962890625
1,0.55833333333333313,0.2779541015625,0.231201171875,19.5631103515625
1,0.56666666666666643,0.27972412109375,0.1907958984375,19.81610107421875
1,0.57499999999999973,0.28143310546875,0.149658203125,20.069091796875
1,0.583333333333333,0.283203125,0.10784912109375,20.32208251953125
1,0.59166666666666634,0.284912109375,0.0653076171875,20.5750732421875
1,0.59944837437821841,0.2864990234375,0,20.81134033203125
2,0,0.14764404296875,1.4122314453125,0.5272216796875
2,0.0083333333333333037,0.14862060546875,1.41265869140625,0.91058349609375
2,0.016666666666666607,0.149658203125,1.41314697265625,1.29388427734375
2,0.024999999999999911,0.150634765625,1.41357421875,1.67724609375
2,0.033333333333333215,0.151611328125,1.41400146484375,2.060546875
2,0.041666666666666519,0.152587890625,1.41448974609375,2.44390869140625
2,0.049999999999999822,0.15362548828125,1.4149169921875,2.82720947265625
2,0.058333333333333126,0.15460205078125,1.41534423828125,3.2105712890625
2,0.06666666666666643,0.15557861328125,1.41583251953125,3.5938720703125
2,0.074999999999999734,0.15655517578125,1.4158935546875,3.97314453125
2,0.083333333333333037,0.15753173828125,1.41534423828125,4.34423828125
2,0.091666666666666341,0.15850830078125,1.4140625,4.70721435546875
2,0.099999999999999645,0.159423828125,1.412109375,5.06201171875
2,0.10833333333333295,0.1602783203125,1.409423828125,5.40869140625
2,0.11666666666666625,0.16119384765625,1.40606689453125,5.74725341796875
2,0.12499999999999956,0.16204833984375,1.40203857421875,6.07763671875
2,0.13333333333333286,0.16290283203125,1.39727783203125,6.39984130859375
2,0.14166666666666616,0.1636962890625,1.391845703125,6.71392822265625
2,0.14999999999999947,0.16448974609375,1.3857421875,7.0198974609375
2,0.15833333333333277,0.165283203125,1.37896728515625,7.31768798828125
2,0.16666666666666607,0.166015625,1.3714599609375,7.60736083984375
2,0.17499999999999938,0.166748046875,1.36334228515625,7.88885498046875
2,0.18333333333333268,0.16741943359375,1.35443115234375,8.1622314453125
2,0.19166666666666599,0.16815185546875,1.34490966796875,8.42742919921875
2,0.19999999999999929,0.1688232421875,1.33465576171875,8.68450927734375
2,0.20833333333333259,0.16943359375,1.32373046875,8.9375
2,0.2166666666666659,0.17010498046875,1.31207275390625,9.19049072265625
2,0.2249999999999992,0.1707763671875,1.29974365234375,9.44354248046875
2,0.2333333333333325,0.17144775390625,1.28680419921875,9.696533203125
2,0.24166666666666581,0.17205810546875,1.27313232421875,9.94952392578125
2,0.24999999999999911,0.1727294921875,1.25885009765625,10.2025146484375
2,0.25833333333333242,0.17340087890625,1.24383544921875,10.45550537109375
2,0.26666666666666572,0.174072265625,1.22808837890625,10.70849609375
2,0.274999999999999,0.1746826171875,1.21173095703125,10.96148681640625
2,0.28333333333333233,0.17535400390625,1.19464111328125,11.21453857421875
2,0.29166666666666563,0.176025390625,1.17694091796875,11.467529296875
2,0.29999999999999893,0.17669677734375,1.15850830078125,11.72052001953125
2,0.30833333333333224,0.17730712890625,1.13934326171875,11.9735107421875
2,0.31666666666666554,0.177978515625,1.11956787109375,12.22650146484375
2,0.32499999999999885,0.17864990234375,1.09912109375,12.4794921875
2,0.33333333333333215,0.1793212890625,1.0780029296875,12.73248291015625
2,0.34166666666666545,0.179931640625,1.05621337890625,12.98553466796875
2,0.34999999999999876,0.18060302734375,1.03369140625,13.238525390625
2,0.35833333333333206,0.1812744140625,1.01043701171875,13.49151611328125
2,0.36666666666666536,0.18194580078125,0.98663330078125,13.7445068359375
2,0.37499999999999867,0.18255615234375,0.96209716796875,13.99749755859375
2,0.38333333333333197,0.1832275390625,0.9368896484375,14.25048828125
2,0.39166666666666528,0.18389892578125,0.91094970703125,14.50347900390625
2,0.39999999999999858,0.1845703125,0.8843994140625,14.7564697265625
2,0.40833333333333188,0.1851806640625,0.8570556640625,15.009521484375
2,0.41666666666666519,0.18585205078125,0.82916259765625,15.26251220703125
2,0.42499999999999849,0.1865234375,0.800537109375,15.5155029296875
2,0.43333333333333179,0.18719482421875,0.771240234375,15.76849365234375
2,0.4416666666666651,0.18780517578125,0.7412109375,16.021484375
2,0.4499999999999984,0.1884765625,0.7105712890625,16.27447509765625
2,0.45833333333333171,0.18914794921875,0.67919921875,16.5274658203125
2,0.466666666666665,0.1898193359375,0.64715576171875,16.780517578125
2,0.47499999999999853,0.1904296875,0.61444091796875,17.03350830078125
2,0.48333333333333184,0.19110107421875,0.5810546875,17.2864990234375
2,0.49166666666666514,0.1917724609375,0.5469970703125,17.53948974609375
2,0.49999999999999845,0.19244384765625,0.51226806640625,17.79248046875
2,0.50833333333333175,0.19305419921875,0.476806640625,18.04547119140625
2,0.516666666666665,0.1937255859375,0.440673828125,18.2984619140625
2,0.52499999999999836,0.19439697265625,0.40386962890625,18.55145263671875
2,0.53333333333333166,0.195068359375,0.36639404296875,18.80450439453125
2,0.541666666666665,0.1956787109375,0.3282470703125,19.0574951171875
2,0.54999999999999827,0.19635009765625,0.2894287109375,19.31048583984375
2,0.55833333333333157,0.197021484375,0.2498779296875,19.5634765625
2,0.56666666666666488,0.19769287109375,0.209716796875,19.81646728515625
2,0.57499999999999818,0.19830322265625,0.1688232421875,20.0694580078125
2,0.58333333333333148,0.198974609375,0.12725830078125,20.32244873046875
2,0.59166666666666479,0.19964599609375,0.08502197265625,20.57550048828125
2,0.59999999999999809,0.2003173828125,0.04205322265625,20.8284912109375
2,0.60325863652559764,0.2005615234375,0,20.92742919921875
3,0,0.14764404296875,1.4122314453125,0.5272216796875
3,0.0083333333333333037,0.14886474609375,1.412353515625,0.91058349609375
3,0.016666666666666607,0.150146484375,1.4124755859375,1.29388427734375
3,0.024999999999999911,0.1513671875,1.41259765625,1.67724609375
3,0.033333333333333215,0.152587890625,1.4127197265625,2.060546875
3,0.041666666666666519,0.15380859375,1.412841796875,2.44390869140625
3,0.049999999999999822,0.15509033203125,1.4129638671875,2.82720947265625
3,0.058333333333333126,0.15631103515625,1.4130859375,3.2105712890625
3,0.06666666666666643,0.15753173828125,1.4132080078125,3.5938720703125
3,0.074999999999999734,0.15875244140625,1.4129638671875,3.97314453125
3,0.083333333333333037,0.15997314453125,1.412109375,4.34423828125
3,0.091666666666666341,0.1611328125,1.4105224609375,4.70721435546875
3,0.099999999999999645,0.16229248046875,1.40826416015625,5.06201171875
3,0.10833333333333295,0.16339111328125,1.40533447265625,5.40869140625
3,0.11666666666666625,0.16448974609375,1.401611328125,5.74725341796875
3,0.12499999999999956,0.16552734375,1.3973388671875,6.07763671875
3,0.13333333333333286,0.16656494140625,1.392333984375,6.39984130859375
3,0.14166666666666616,0.1676025390625,1.3865966796875,6.71392822265625
3,0.14999999999999947,0.1685791015625,1.3802490234375,7.0198974609375
3,0.15833333333333277,0.1695556640625,1.37322998046875,7.31768798828125
3,0.16666666666666607,0.17047119140625,1.365478515625,7.60736083984375
3,0.17499999999999938,0.17138671875,1.35711669921875,7.88885498046875
3,0.18333333333333268,0.17230224609375,1.34796142578125,8.1622314453125
3,0.19166666666666599,0.17315673828125,1.33819580078125,8.42742919921875
3,0.19999999999999929,0.1739501953125,1.3277587890625,8.68450927734375
3,0.20833333333333259,0.1748046875,1.31658935546875,8.9375
3,0.2166666666666659,0.17559814453125,1.30474853515625,9.19049072265625
3,0.2249999999999992,0.1763916015625,1.292236328125,9.4434814453125
3,0.2333333333333325,0.17724609375,1.279052734375,9.696533203125
3,0.24166666666666581,0.17803955078125,1.26513671875,9.94952392578125
3,0.24999999999999911,0.1788330078125,1.25067138671875,10.2025146484375
3,0.25833333333333242,0.1796875,1.23541259765625,10.45550537109375
3,0.26666666666666572,0.18048095703125,1.219482421875,10.70849609375
3,0.274999999999999,0.18133544921875,1.20294189453125,10.96148681640625
3,0.28333333333333233,0.18212890625,1.18560791015625,11.2144775390625
3,0.29166666666666563,0.18292236328125,1.16766357421875,11.46746826171875
3,0.29999999999999893,0.18377685546875,1.1490478515625,11.72052001953125
3,0.30833333333333224,0.1845703125,1.12969970703125,11.9735107421875
3,0.31666666666666554,0.18536376953125,1.10968017578125,12.22650146484375
3,0.32499999999999885,0.18621826171875,1.08905029296875,12.4794921875
3,0.33333333333333215,0.18701171875,1.06768798828125,12.73248291015625
3,0.34166666666666545,0.1878662109375,1.045654296875,12.9854736328125
3,0.34999999999999876,0.18865966796875,1.02294921875,13.23846435546875
3,0.35833333333333206,0.189453125,0.99951171875,13.49151611328125
3,0.36666666666666536,0.1903076171875,0.9754638671875,13.7445068359375
3,0.37499999999999867,0.19110107421875,0.95074462890625,13.99749755859375
3,0.38333333333333197,0.19189453125,0.92529296875,14.25048828125
3,0.39166666666666528,0.1927490234375,0.89910888671875,14.50347900390625
3,0.39999999999999858,0.19354248046875,0.87237548828125,14.7564697265625
3,0.40833333333333188,0.19439697265625,0.8448486328125,15.00946044921875
3,0.41666666666666519,0.1951904296875,0.81671142578125,15.262451171875
3,0.42499999999999849,0.19598388671875,0.78790283203125,15.5155029296875
3,0.43333333333333179,0.19683837890625,0.75836181640625,15.76849365234375
3,0.4416666666666651,0.1976318359375,0.72808837890625,16.021484375
3,0.4499999999999984,0.19842529296875,0.697265625,16.27447509765625
3,0.45833333333333171,0.19927978515625,0.66571044921875,16.5274658203125
3,0.466666666666665,0.2000732421875,0.6334228515625,16.78045654296875
3,0.47499999999999831,0.200927734375,0.60052490234375,17.033447265625
3,0.48333333333333162,0.20172119140625,0.56689453125,17.28643798828125
3,0.49166666666666492,0.2025146484375,0.5325927734375,17.53948974609375
3,0.49999999999999822,0.203369140625,0.4976806640625,17.79248046875
3,0.50833333333333153,0.20416259765625,0.4620361328125,18.04547119140625
3,0.51666666666666483,0.2049560546875,0.4256591796875,18.2984619140625
3,0.52499999999999813,0.205810546875,0.388671875,18.55145263671875
3,0.53333333333333144,0.20660400390625,0.3509521484375,18.804443359375
3,0.54166666666666474,0.2073974609375,0.31256103515625,19.05743408203125
3,0.549999999999998,0.208251953125,0.2735595703125,19.31048583984375
3,0.55833333333333135,0.20904541015625,0.23382568359375,19.5634765625
3,0.56666666666666465,0.20989990234375,0.19342041015625,19.81646728515625
3,0.574999999999998,0.210693359375,0.15234375,20.0694580078125
3,0.58333333333333126,0.21148681640625,0.11053466796875,20.32244873046875
3,0.59166666666666456,0.21234130859375,0.06805419921875,20.575439453125
3,0.59999055790190081,0.213134765625,0,20.828125
4,0,0.14764404296875,1.4122314453125,0.5272216796875
4,0.0083333333333337478,0.1484375,1.4122314453125,0.91058349609375
4,0.016666666666667496,0.149169921875,1.41229248046875,1.29388427734375
4,0.025000000000001243,0.14996337890625,1.41229248046875,1.67724609375
4,0.033333333333333215,0.1507568359375,1.41229248046875,2.060546875
4,0.041666666666666963,0.1514892578125,1.412353515625,2.44390869140625
4,0.050000000000000711,0.15228271484375,1.412353515625,2.82720947265625
4,0.058333333333334458,0.15301513671875,1.41241455078125,3.2105712890625
4,0.06666666666666643,0.15380859375,1.41241455078125,3.5938720703125
4,0.075000000000000178,0.15460205078125,1.41204833984375,3.97314453125
4,0.083333333333333925,0.15533447265625,1.4111328125,4.34423828125
4,0.091666666666667673,0.15606689453125,1.409423828125,4.70721435546875
4,0.099999999999999645,0.15673828125,1.40704345703125,5.06207275390625
4,0.10833333333333339,0.157470703125,1.404052734375,5.40875244140625
4,0.11666666666666714,0.15814208984375,1.4002685546875,5.74725341796875
4,0.12500000000000089,0.1588134765625,1.3958740234375,6.07763671875
4,0.13333333333333286,0.15948486328125,1.39080810546875,6.39990234375
4,0.14166666666666661,0.16009521484375,1.385009765625,6.7139892578125
4,0.15000000000000036,0.16070556640625,1.3785400390625,7.0198974609375
4,0.1583333333333341,0.16131591796875,1.37139892578125,7.3177490234375
4,0.16666666666666607,0.161865234375,1.3636474609375,7.60736083984375
4,0.17499999999999982,0.1624755859375,1.35516357421875,7.88885498046875
4,0.18333333333333357,0.16302490234375,1.345947265625,8.1622314453125
4,0.19166666666666732,0.16351318359375,1.336181640625,8.427490234375
4,0.19999999999999929,0.1640625,1.32562255859375,8.68450927734375
4,0.20833333333333304,0.16455078125,1.31439208984375,8.93756103515625
4,0.21666666666666679,0.16510009765625,1.302490234375,9.1905517578125
4,0.22500000000000053,0.16558837890625,1.28985595703125,9.44354248046875
4,0.2333333333333325,0.16607666015625,1.27667236328125,9.696533203125
4,0.24166666666666625,0.1666259765625,1.2626953125,9.94952392578125
4,0.25,0.1671142578125,1.24810791015625,10.2025146484375
4,0.25833333333333375,0.1676025390625,1.2327880859375,10.45550537109375
4,0.26666666666666572,0.16815185546875,1.21685791015625,10.70855712890625
4,0.27499999999999947,0.16864013671875,1.2001953125,10.9615478515625
4,0.28333333333333321,0.16912841796875,1.18280029296875,11.21453857421875
4,0.29166666666666696,0.169677734375,1.164794921875,11.467529296875
4,0.29999999999999982,0.170166015625,1.1461181640625,11.72052001953125
4,0.30833333333333357,0.170654296875,1.126708984375,11.9735107421875
4,0.31666666666666732,0.17120361328125,1.10662841796875,12.2265625
4,0.32500000000000107,0.17169189453125,1.08587646484375,12.47955322265625
4,0.33333333333333304,0.17218017578125,1.06451416015625,12.7325439453125
4,0.34166666666666679,0.1727294921875,1.04241943359375,12.98553466796875
4,0.35000000000000053,0.1732177734375,1.01959228515625,13.238525390625
4,0.35833333333333428,0.1737060546875,0.99609375,13.49151611328125
4,0.36666666666666625,0.17425537109375,0.9720458984375,13.7445068359375
4,0.375,0.17474365234375,0.94720458984375,13.99755859375
4,0.38333333333333375,0.17523193359375,0.92169189453125,14.25054931640625
4,0.3916666666666675,0.17578125,0.89544677734375,14.5035400390625
4,0.39999999999999947,0.17626953125,0.86865234375,14.75653076171875
4,0.40833333333333321,0.1767578125,0.841064453125,15.009521484375
4,0.41666666666666696,0.17730712890625,0.8128662109375,15.26251220703125
4,0.42500000000000071,0.17779541015625,0.783935546875,15.5155029296875
4,0.43333333333333268,0.17828369140625,0.75439453125,15.7685546875
4,0.44166666666666643,0.1788330078125,0.72406005859375,16.02154541015625
4,0.45000000000000018,0.1793212890625,0.693115234375,16.2745361328125
4,0.45833333333333393,0.1798095703125,0.6614990234375,16.52752685546875
4,0.4666666666666659,0.18035888671875,0.629150390625,16.780517578125
4,0.47499999999999964,0.18084716796875,0.59619140625,17.03350830078125
4,0.48333333333333339,0.18133544921875,0.5625,17.2864990234375
4,0.49166666666666714,0.181884765625,0.52813720703125,17.53955078125
4,0.49999999999999911,0.182373046875,0.49310302734375,17.79254150390625
4,0.50833333333333286,0.182861328125,0.45745849609375,18.0455322265625
4,0.51666666666666661,0.18341064453125,0.4210205078125,18.29852294921875
4,0.52500000000000036,0.18389892578125,0.3839111328125,18.551513671875
4,0.53333333333333321,0.1844482421875,0.34613037109375,18.80450439453125
4,0.541666666666667,0.1849365234375,0.3077392578125,19.0574951171875
4,0.55000000000000071,0.1854248046875,0.26861572265625,19.310546875
4,0.55833333333333446,0.18597412109375,0.22882080078125,19.56353759765625
4,0.56666666666666643,0.18646240234375,0.1883544921875,19.8165283203125
4,0.57500000000000018,0.18695068359375,0.147216796875,20.06951904296875
4,0.58333333333333393,0.1875,0.1053466796875,20.322509765625
4,0.59166666666666767,0.18798828125,0.06280517578125,20.57550048828125
4,0.598954803342344,0.18841552734375,0,20.7967529296875
5,0,0.14764404296875,1.4122314453125,0.5272216796875
5,0.0083333333333337478,0.14886474609375,1.41290283203125,0.9105224609375
5,0.016666666666667496,0.1500244140625,1.41357421875,1.29388427734375
5,0.025000000000001243,0.1512451171875,1.41424560546875,1.67718505859375
5,0.033333333333333215,0.15240478515625,1.41485595703125,2.060546875
5,0.041666666666666963,0.15362548828125,1.41552734375,2.44384765625
5,0.050000000000000711,0.15484619140625,1.41619873046875,2.82720947265625
5,0.058333333333334458,0.156005859375,1.4168701171875,3.21051025390625
5,0.06666666666666643,0.1572265625,1.41754150390625,3.5938720703125
5,0.075000000000000178,0.15838623046875,1.41778564453125,3.97314453125
5,0.083333333333333925,0.1595458984375,1.41748046875,4.34423828125
5,0.091666666666667673,0.16070556640625,1.4163818359375,4.70721435546875
5,0.099999999999999645,0.16180419921875,1.41461181640625,5.06201171875
5,0.10833333333333339,0.16290283203125,1.41217041015625,5.40869140625
5,0.11666666666666714,0.1639404296875,1.40899658203125,5.74725341796875
5,0.12500000000000089,0.16497802734375,1.4051513671875,6.07763671875
5,0.13333333333333286,0.166015625,1.40057373046875,6.39984130859375
5,0.14166666666666661,0.1669921875,1.39532470703125,6.71392822265625
5,0.15000000000000036,0.16790771484375,1.389404296875,7.0198974609375
5,0.1583333333333341,0.16888427734375,1.38275146484375,7.31768798828125
5,0.16666666666666607,0.16973876953125,1.37542724609375,7.60736083984375
5,0.17499999999999982,0.170654296875,1.367431640625,7.88885498046875
5,0.18333333333333357,0.1715087890625,1.35870361328125,8.1622314453125
5,0.19166666666666732,0.17230224609375,1.34930419921875,8.42742919921875
5,0.19999999999999929,0.17315673828125,1.3392333984375,8.68450927734375
5,0.20833333333333304,0.1739501953125,1.32843017578125,8.9375
5,0.21666666666666679,0.1746826171875,1.31695556640625,9.19049072265625
5,0.22500000000000053,0.17547607421875,1.30474853515625,9.4434814453125
5,0.2333333333333325,0.17626953125,1.29193115234375,9.69647216796875
5,0.24166666666666625,0.17706298828125,1.27838134765625,9.94952392578125
5,0.25,0.1778564453125,1.2642822265625,10.2025146484375
5,0.25833333333333375,0.17864990234375,1.2493896484375,10.45550537109375
5,0.26666666666666661,0.179443359375,1.23382568359375,10.70849609375
5,0.27500000000000036,0.18023681640625,1.21759033203125,10.96148681640625
5,0.2833333333333341,0.1810302734375,1.20062255859375,11.2144775390625
5,0.29166666666666785,0.18182373046875,1.18304443359375,11.46746826171875
5,0.29999999999999982,0.1826171875,1.164794921875,11.720458984375
5,0.30833333333333357,0.18341064453125,1.14581298828125,11.9735107421875
5,0.31666666666666732,0.1842041015625,1.12615966796875,12.22650146484375
5,0.32500000000000107,0.18499755859375,1.1058349609375,12.4794921875
5,0.33333333333333304,0.185791015625,1.0848388671875,12.73248291015625
5,0.34166666666666679,0.18658447265625,1.06317138671875,12.9854736328125
5,0.35000000000000053,0.1873779296875,1.040771484375,13.23846435546875
5,0.35833333333333428,0.18817138671875,1.01776123046875,13.491455078125
5,0.36666666666666625,0.18896484375,0.99407958984375,13.74444580078125
5,0.375,0.18975830078125,0.96966552734375,13.99749755859375
5,0.38333333333333375,0.19049072265625,0.944580078125,14.25048828125
5,0.3916666666666675,0.1912841796875,0.91876220703125,14.50347900390625
5,0.39999999999999947,0.19207763671875,0.892333984375,14.7564697265625
5,0.40833333333333321,0.19287109375,0.865234375,15.00946044921875
5,0.41666666666666696,0.19366455078125,0.83746337890625,15.262451171875
5,0.42500000000000071,0.1944580078125,0.8089599609375,15.51544189453125
5,0.43333333333333268,0.19525146484375,0.77978515625,15.7684326171875
5,0.44166666666666643,0.196044921875,0.7498779296875,16.021484375
5,0.45000000000000018,0.19683837890625,0.7193603515625,16.27447509765625
5,0.45833333333333393,0.1976318359375,0.68817138671875,16.5274658203125
5,0.4666666666666659,0.19842529296875,0.65631103515625,16.78045654296875
5,0.47499999999999964,0.19921875,0.62371826171875,17.033447265625
5,0.48333333333333339,0.20001220703125,0.5904541015625,17.28643798828125
5,0.49166666666666714,0.2008056640625,0.5565185546875,17.5394287109375
5,0.5,0.20159912109375,0.52191162109375,17.79241943359375
5,0.50833333333333375,0.202392578125,0.48663330078125,18.04547119140625
5,0.5166666666666675,0.20318603515625,0.45068359375,18.2984619140625
5,0.52500000000000124,0.2039794921875,0.41400146484375,18.55145263671875
5,0.53333333333333321,0.20477294921875,0.37664794921875,18.804443359375
5,0.541666666666667,0.20556640625,0.338623046875,19.05743408203125
5,0.55000000000000071,0.206298828125,0.2999267578125,19.3104248046875
5,0.55833333333333446,0.20709228515625,0.26055908203125,19.56341552734375
5,0.56666666666666643,0.2078857421875,0.2205810546875,19.81640625
5,0.57500000000000018,0.20867919921875,0.1798095703125,20.0694580078125
5,0.58333333333333393,0.20947265625,0.13836669921875,20.32244873046875
5,0.59166666666666767,0.21026611328125,0.09625244140625,20.575439453125
5,0.59999999999999964,0.2110595703125,0.053466796875,20.82843017578125
5,0.60545646075595927,0.21160888671875,0,20.99407958984375
6,0,0.14764404296875,1.4122314453125,0.5272216796875
6,0.0083333333333337478,0.149658203125,1.411865234375,0.9105224609375
6,0.016666666666667496,0.15167236328125,1.41143798828125,1.29388427734375
6,0.025000000000001243,0.1536865234375,1.41107177734375,1.67718505859375
6,0.033333333333333215,0.15570068359375,1.41064453125,2.060546875
6,0.041666666666666963,0.15777587890625,1.4102783203125,2.44384765625
6,0.050000000000000711,0.1597900390625,1.40985107421875,2.82720947265625
6,0.058333333333334458,0.16180419921875,1.40948486328125,3.21051025390625
6,0.06666666666666643,0.163818359375,1.40911865234375,3.5938720703125
6,0.075000000000000178,0.16583251953125,1.4083251953125,3.97308349609375
6,0.083333333333333925,0.16778564453125,1.406982421875,4.34423828125
6,0.091666666666667673,0.169677734375,1.4049072265625,4.7071533203125
6,0.099999999999999645,0.17156982421875,1.40216064453125,5.06201171875
6,0.10833333333333339,0.17340087890625,1.39874267578125,5.40869140625
6,0.11666666666666714,0.1751708984375,1.39459228515625,5.7471923828125
6,0.12500000000000089,0.1768798828125,1.389892578125,6.07757568359375
6,0.13333333333333286,0.1785888671875,1.3843994140625,6.3997802734375
6,0.14166666666666661,0.18023681640625,1.3782958984375,6.7138671875
6,0.15000000000000036,0.181884765625,1.37152099609375,7.01983642578125
6,0.1583333333333341,0.18341064453125,1.36407470703125,7.317626953125
6,0.16666666666666607,0.1849365234375,1.35595703125,7.6072998046875
6,0.17499999999999982,0.18646240234375,1.34716796875,7.8887939453125
6,0.18333333333333357,0.1878662109375,1.33770751953125,8.16217041015625
6,0.19166666666666732,0.18927001953125,1.32757568359375,8.4273681640625
6,0.19999999999999929,0.19061279296875,1.3167724609375,8.6844482421875
6,0.20833333333333304,0.19195556640625,1.3052978515625,8.93743896484375
6,0.21666666666666679,0.19329833984375,1.29315185546875,9.1904296875
6,0.22500000000000053,0.19464111328125,1.28021240234375,9.44342041015625
6,0.23333333333333339,0.19598388671875,1.2667236328125,9.6964111328125
6,0.24166666666666714,0.19732666015625,1.25250244140625,9.94940185546875
6,0.25000000000000089,0.1986083984375,1.2376708984375,10.202392578125
6,0.25833333333333464,0.199951171875,1.2220458984375,10.45538330078125
6,0.26666666666666661,0.2012939453125,1.205810546875,10.70843505859375
6,0.27500000000000036,0.20263671875,1.18890380859375,10.96142578125
6,0.2833333333333341,0.2039794921875,1.1712646484375,11.21441650390625
6,0.29166666666666785,0.205322265625,1.1529541015625,11.4674072265625
6,0.29999999999999982,0.2066650390625,1.13397216796875,11.72039794921875
6,0.30833333333333357,0.20794677734375,1.11431884765625,11.973388671875
6,0.31666666666666732,0.20928955078125,1.093994140625,12.22637939453125
6,0.32500000000000107,0.21063232421875,1.07293701171875,12.4793701171875
6,0.33333333333333304,0.21197509765625,1.05126953125,12.73236083984375
6,0.3416666666666659,0.21331787109375,1.0289306640625,12.9853515625
6,0.34999999999999876,0.21466064453125,1.005859375,13.23834228515625
6,0.35833333333333162,0.21600341796875,0.9820556640625,13.49139404296875
6,0.36666666666666448,0.21728515625,0.95770263671875,13.744384765625
6,0.37499999999999734,0.2186279296875,0.9326171875,13.99737548828125
6,0.3833333333333302,0.219970703125,0.9068603515625,14.2503662109375
6,0.39166666666666305,0.2213134765625,0.88031005859375,14.50335693359375
6,0.39999999999999591,0.22265625,0.85321044921875,14.75634765625
6,0.40833333333332877,0.2239990234375,0.82537841796875,15.00933837890625
6,0.41666666666666163,0.22528076171875,0.79693603515625,15.2623291015625
6,0.42499999999999449,0.22662353515625,0.7677001953125,15.51531982421875
6,0.43333333333332735,0.22796630859375,0.73785400390625,15.768310546875
6,0.44166666666666021,0.22930908203125,0.707275390625,16.02130126953125
6,0.44999999999999307,0.23065185546875,0.67608642578125,16.27435302734375
6,0.45833333333332593,0.23199462890625,0.6441650390625,16.52734375
6,0.46666666666665879,0.23333740234375,0.611572265625,16.78033447265625
6,0.47499999999999165,0.234619140625,0.57830810546875,17.0333251953125
6,0.48333333333332451,0.2359619140625,0.54437255859375,17.28631591796875
6,0.49166666666665737,0.2373046875,0.50970458984375,17.539306640625
6,0.49999999999999023,0.2386474609375,0.47442626953125,17.79229736328125
6,0.50833333333332309,0.239990234375,0.4384765625,18.0452880859375
6,0.516666666666656,0.2413330078125,0.40179443359375,18.29827880859375
6,0.52499999999998881,0.24261474609375,0.3643798828125,18.55126953125
6,0.53333333333332167,0.24395751953125,0.32635498046875,18.8043212890625
6,0.54166666666665453,0.24530029296875,0.28765869140625,19.05731201171875
6,0.54999999999998739,0.24664306640625,0.248291015625,19.310302734375
6,0.55833333333332025,0.24798583984375,0.20819091796875,19.56329345703125
6,0.56666666666665311,0.24932861328125,0.16748046875,19.8162841796875
6,0.574999999999986,0.25067138671875,0.12603759765625,20.06927490234375
6,0.58333333333331883,0.251953125,0.08392333984375,20.322265625
6,0.59166666666665169,0.2532958984375,0.04107666015625,20.57525634765625
6,0.59474719057096115,0.2537841796875,0,20.66876220703125
7,0,0.14764404296875,1.4122314453125,0.5272216796875
7,0.00833333333333286,0.14910888671875,1.41326904296875,0.9105224609375
7,0.016666666666665719,0.15057373046875,1.414306640625,1.29388427734375
7,0.024999999999998579,0.15203857421875,1.41534423828125,1.67718505859375
7,0.033333333333331439,0.15350341796875,1.4163818359375,2.060546875
7,0.0416666666666643,0.15496826171875,1.41741943359375,2.44384765625
7,0.049999999999997158,0.15643310546875,1.41839599609375,2.82720947265625
7,0.058333333333330017,0.15789794921875,1.41943359375,3.21051025390625
7,0.066666666666662877,0.15936279296875,1.42047119140625,3.5938720703125
7,0.074999999999995737,0.1607666015625,1.421142578125,3.97308349609375
7,0.0833333333333286,0.1622314453125,1.421142578125,4.34423828125
7,0.091666666666661456,0.16357421875,1.42041015625,4.70721435546875
7,0.099999999999994316,0.16497802734375,1.41900634765625,5.06201171875
7,0.10833333333332718,0.166259765625,1.4168701171875,5.40869140625
7,0.11666666666666003,0.16754150390625,1.41400146484375,5.7471923828125
7,0.12499999999999289,0.1688232421875,1.4105224609375,6.07757568359375
7,0.13333333333332575,0.1700439453125,1.40625,6.39984130859375
7,0.14166666666665861,0.1712646484375,1.40130615234375,6.71392822265625
7,0.14999999999999147,0.17242431640625,1.3956298828125,7.01983642578125
7,0.15833333333332433,0.173583984375,1.38934326171875,7.31768798828125
7,0.16666666666665719,0.1746826171875,1.38226318359375,7.6072998046875
7,0.17499999999999005,0.17572021484375,1.37457275390625,7.8887939453125
7,0.18333333333332291,0.1767578125,1.3660888671875,8.16217041015625
7,0.19166666666665577,0.17779541015625,1.35699462890625,8.4273681640625
7,0.19999999999998863,0.17877197265625,1.34710693359375,8.6844482421875
7,0.20833333333332149,0.17974853515625,1.3365478515625,8.93743896484375
7,0.21666666666665435,0.18072509765625,1.3253173828125,9.1904296875
7,0.22499999999998721,0.181640625,1.3133544921875,9.4434814453125
7,0.23333333333332007,0.1826171875,1.30084228515625,9.69647216796875
7,0.24166666666665293,0.18359375,1.28753662109375,9.949462890625
7,0.24999999999998579,0.1845703125,1.27362060546875,10.20245361328125
7,0.25833333333331865,0.185546875,1.25897216796875,10.4554443359375
7,0.26666666666665151,0.1865234375,1.24365234375,10.70843505859375
7,0.27499999999998437,0.18743896484375,1.2276611328125,10.96142578125
7,0.28333333333331723,0.18841552734375,1.21099853515625,11.21441650390625
7,0.29166666666665009,0.18939208984375,1.19366455078125,11.4674072265625
7,0.29999999999998295,0.19036865234375,1.17559814453125,11.720458984375
7,0.30833333333331581,0.19134521484375,1.1568603515625,11.97344970703125
7,0.31666666666664867,0.1922607421875,1.137451171875,12.2264404296875
7,0.32499999999998153,0.1932373046875,1.11737060546875,12.47943115234375
7,0.33333333333331439,0.1942138671875,1.0966796875,12.732421875
7,0.34166666666664725,0.1951904296875,1.07525634765625,12.98541259765625
7,0.3499999999999801,0.1961669921875,1.0531005859375,13.2384033203125
7,0.35833333333331296,0.1971435546875,1.0302734375,13.49139404296875
7,0.36666666666664582,0.19805908203125,1.0068359375,13.744384765625
7,0.37499999999997868,0.19903564453125,0.982666015625,13.9974365234375
7,0.38333333333331154,0.20001220703125,0.9578857421875,14.25042724609375
7,0.3916666666666444,0.20098876953125,0.93231201171875,14.50341796875
7,0.39999999999997726,0.20196533203125,0.9061279296875,14.75640869140625
7,0.40833333333331012,0.202880859375,0.87921142578125,15.0093994140625
7,0.416666666666643,0.203857421875,0.8516845703125,15.26239013671875
7,0.42499999999997584,0.204833984375,0.82342529296875,15.515380859375
7,0.4333333333333087,0.205810546875,0.79449462890625,15.76837158203125
7,0.44166666666664156,0.206787109375,0.764892578125,16.0213623046875
7,0.44999999999997442,0.207763671875,0.734619140625,16.27435302734375
7,0.45833333333330728,0.20867919921875,0.70367431640625,16.52740478515625
7,0.46666666666664014,0.20965576171875,0.6719970703125,16.7803955078125
7,0.474999999999973,0.21063232421875,0.6396484375,17.03338623046875
7,0.48333333333330586,0.21160888671875,0.60662841796875,17.286376953125
7,0.49166666666663872,0.21258544921875,0.572998046875,17.53936767578125
7,0.49999999999997158,0.2135009765625,0.53863525390625,17.7923583984375
7,0.50833333333330444,0.2144775390625,0.50360107421875,18.04534912109375
7,0.5166666666666373,0.2154541015625,0.46783447265625,18.29833984375
7,0.52499999999997016,0.2164306640625,0.431396484375,18.55133056640625
7,0.533333333333303,0.2174072265625,0.394287109375,18.80438232421875
7,0.54166666666663588,0.21832275390625,0.3565673828125,19.057373046875
7,0.54999999999996874,0.21929931640625,0.318115234375,19.31036376953125
7,0.5583333333333016,0.22027587890625,0.27899169921875,19.5633544921875
7,0.56666666666663446,0.22125244140625,0.23919677734375,19.81634521484375
7,0.57499999999996732,0.22222900390625,0.19866943359375,20.0693359375
7,0.58333333333330017,0.22320556640625,0.157470703125,20.32232666015625
7,0.591666666666633,0.22412109375,0.11566162109375,20.5753173828125
7,0.59999999999996589,0.22509765625,0.0731201171875,20.82830810546875
7,0.60833333333329875,0.22607421875,0.0299072265625,21.08135986328125
7,0.60926286483455738,0.2261962890625,0,21.10955810546875
8,0,0.14764404296875,1.4122314453125,0.5272216796875
8,0.00833333333333286,0.14984130859375,1.41259765625,0.9105224609375
8,0.016666666666665719,0.1519775390625,1.41302490234375,1.29388427734375
8,0.024999999999998579,0.1541748046875,1.41339111328125,1.67718505859375
8,0.033333333333331439,0.15631103515625,1.41375732421875,2.060546875
8,0.0416666666666643,0.15850830078125,1.4141845703125,2.44384765625
8,0.049999999999997158,0.16070556640625,1.41455078125,2.82720947265625
8,0.058333333333330017,0.162841796875,1.4149169921875,3.21051025390625
8,0.066666666666662877,0.1650390625,1.415283203125,3.59381103515625
8,0.074999999999995737,0.16717529296875,1.41534423828125,3.97308349609375
8,0.0833333333333286,0.1693115234375,1.41473388671875,4.34417724609375
8,0.091666666666661456,0.17132568359375,1.41339111328125,4.7071533203125
8,0.099999999999994316,0.17333984375,1.411376953125,5.06195068359375
8,0.10833333333332718,0.17529296875,1.40863037109375,5.40863037109375
8,0.11666666666666003,0.17724609375,1.40521240234375,5.7471923828125
8,0.12499999999999289,0.17913818359375,1.401123046875,6.07757568359375
8,0.13333333333332575,0.180908203125,1.3963623046875,6.3997802734375
8,0.14166666666665861,0.1827392578125,1.390869140625,6.7138671875
8,0.14999999999999147,0.1844482421875,1.38470458984375,7.01983642578125
8,0.15833333333332433,0.1861572265625,1.37786865234375,7.317626953125
8,0.16666666666665719,0.18780517578125,1.370361328125,7.6072998046875
8,0.17499999999999005,0.18939208984375,1.36212158203125,7.8887939453125
8,0.18333333333332291,0.19091796875,1.35321044921875,8.162109375
8,0.19166666666665577,0.19244384765625,1.3436279296875,8.4273681640625
8,0.19999999999998863,0.19390869140625,1.33331298828125,8.6844482421875
8,0.20833333333332149,0.1953125,1.32232666015625,8.93743896484375
8,0.21666666666665435,0.19677734375,1.31072998046875,9.1904296875
8,0.22499999999998721,0.19818115234375,1.29833984375,9.44342041015625
8,0.23333333333332007,0.19964599609375,1.28533935546875,9.6964111328125
8,0.24166666666665293,0.2010498046875,1.2716064453125,9.94940185546875
8,0.24999999999998579,0.2025146484375,1.25726318359375,10.202392578125
8,0.25833333333331865,0.20391845703125,1.2421875,10.45538330078125
8,0.26666666666665151,0.20538330078125,1.22650146484375,10.7083740234375
8,0.27499999999998437,0.206787109375,1.2100830078125,10.96136474609375
8,0.28333333333331723,0.208251953125,1.19293212890625,11.21435546875
8,0.29166666666665009,0.20965576171875,1.1751708984375,11.46734619140625
8,0.29999999999998295,0.21112060546875,1.15667724609375,11.72039794921875
8,0.30833333333331581,0.2125244140625,1.13751220703125,11.973388671875
8,0.31666666666664867,0.2139892578125,1.11773681640625,12.22637939453125
8,0.32499999999998153,0.21539306640625,1.09722900390625,12.4793701171875
8,0.33333333333331439,0.21685791015625,1.0760498046875,12.73236083984375
8,0.34166666666664725,0.21826171875,1.05419921875,12.9853515625
8,0.3499999999999801,0.2197265625,1.0316162109375,13.23834228515625
8,0.35833333333331296,0.22113037109375,1.00836181640625,13.4913330078125
8,0.36666666666664582,0.22259521484375,0.98455810546875,13.74432373046875
8,0.37499999999997868,0.2239990234375,0.9599609375,13.997314453125
8,0.38333333333331154,0.2254638671875,0.9346923828125,14.25030517578125
8,0.3916666666666444,0.22686767578125,0.90869140625,14.5032958984375
8,0.39999999999997726,0.22833251953125,0.882080078125,14.75634765625
8,0.40833333333331012,0.229736328125,0.854736328125,15.00933837890625
8,0.416666666666643,0.231201171875,0.82684326171875,15.2623291015625
8,0.42499999999997584,0.23260498046875,0.79815673828125,15.51531982421875
8,0.4333333333333087,0.23406982421875,0.768798828125,15.768310546875
8,0.44166666666664156,0.2354736328125,0.73870849609375,16.02130126953125
8,0.44999999999997442,0.2369384765625,0.7080078125,16.2742919921875
8,0.45833333333330728,0.23834228515625,0.6766357421875,16.52728271484375
8,0.46666666666664014,0.23980712890625,0.64459228515625,16.7802734375
8,0.474999999999973,0.2412109375,0.61181640625,17.03326416015625
8,0.48333333333330586,0.24267578125,0.578369140625,17.2862548828125
8,0.49166666666663872,0.24407958984375,0.54425048828125,17.53924560546875
8,0.49999999999997158,0.24554443359375,0.50946044921875,17.79229736328125
8,0.50833333333330444,0.2469482421875,0.4739990234375,18.0452880859375
8,0.5166666666666373,0.2484130859375,0.4378662109375,18.29827880859375
8,0.52499999999997016,0.24981689453125,0.4010009765625,18.55126953125
8,0.533333333333303,0.25128173828125,0.36346435546875,18.80426025390625
8,0.54166666666663588,0.252685546875,0.32525634765625,19.0572509765625
8,0.54999999999996874,0.254150390625,0.286376953125,19.31024169921875
8,0.5583333333333016,0.25555419921875,0.246826171875,19.563232421875
8,0.56666666666663446,0.25701904296875,0.2066650390625,19.81622314453125
8,0.57499999999996732,0.2584228515625,0.16571044921875,20.0692138671875
8,0.58333333333330017,0.2598876953125,0.12408447265625,20.32220458984375
8,0.591666666666633,0.26129150390625,0.081787109375,20.5751953125
8,0.59999999999996589,0.26275634765625,0.038818359375,20.8282470703125
8,0.60263636338657312,0.26318359375,0,20.90826416015625
9,0,0.14764404296875,1.4122314453125,0.5272216796875
9,0.00833333333333286,0.1505126953125,1.41259765625,0.9105224609375
9,0.016666666666665719,0.15338134765625,1.41290283203125,1.29388427734375
9,0.024999999999998579,0.15618896484375,1.41326904296875,1.67718505859375
9,0.033333333333331439,0.1590576171875,1.41363525390625,2.06048583984375
9,0.0416666666666643,0.16192626953125,1.4139404296875,2.44384765625
9,0.049999999999997158,0.164794921875,1.414306640625,2.8271484375
9,0.058333333333330017,0.1676025390625,1.4146728515625,3.21044921875
9,0.066666666666662877,0.17047119140625,1.4150390625,3.59381103515625
9,0.074999999999995737,0.17333984375,1.41497802734375,3.9730224609375
9,0.0833333333333286,0.17608642578125,1.41436767578125,4.34417724609375
9,0.091666666666661456,0.17877197265625,1.4129638671875,4.70709228515625
9,0.099999999999994316,0.181396484375,1.410888671875,5.06195068359375
9,0.10833333333332718,0.18402099609375,1.40814208984375,5.4085693359375
9,0.11666666666666003,0.1865234375,1.40472412109375,5.74713134765625
9,0.12499999999999289,0.18896484375,1.40057373046875,6.0775146484375
9,0.13333333333332575,0.19140625,1.395751953125,6.39971923828125
9,0.14166666666665861,0.1937255859375,1.3902587890625,6.71380615234375
9,0.14999999999999147,0.19598388671875,1.384033203125,7.019775390625
9,0.15833333333332433,0.1982421875,1.377197265625,7.31756591796875
9,0.16666666666665719,0.20037841796875,1.36962890625,7.607177734375
9,0.17499999999999005,0.20245361328125,1.36138916015625,7.888671875
9,0.18333333333332291,0.20452880859375,1.3524169921875,8.16204833984375
9,0.19166666666665577,0.20648193359375,1.34283447265625,8.42724609375
9,0.19999999999998863,0.20843505859375,1.33251953125,8.684326171875
9,0.20833333333332149,0.21026611328125,1.321533203125,8.93731689453125
9,0.21666666666665435,0.212158203125,1.30987548828125,9.1903076171875
9,0.22499999999998721,0.21405029296875,1.29742431640625,9.44329833984375
9,0.23333333333332007,0.2159423828125,1.284423828125,9.6962890625
9,0.24166666666665293,0.21783447265625,1.27069091796875,9.94927978515625
9,0.24999999999998579,0.2197265625,1.25634765625,10.2022705078125
9,0.25833333333331865,0.22161865234375,1.2412109375,10.45526123046875
9,0.26666666666665151,0.2235107421875,1.2254638671875,10.708251953125
9,0.27499999999998437,0.225341796875,1.20904541015625,10.96124267578125
9,0.28333333333331723,0.22723388671875,1.19189453125,11.2142333984375
9,0.29166666666665009,0.2291259765625,1.174072265625,11.46722412109375
9,0.29999999999998295,0.23101806640625,1.15557861328125,11.72021484375
9,0.30833333333331581,0.23291015625,1.13641357421875,11.97320556640625
9,0.31666666666664867,0.23480224609375,1.1165771484375,12.2261962890625
9,0.32499999999998153,0.2366943359375,1.0960693359375,12.479248046875
9,0.33333333333331439,0.23858642578125,1.0748291015625,12.73223876953125
9,0.34166666666664725,0.240478515625,1.052978515625,12.9852294921875
9,0.3499999999999801,0.2423095703125,1.0303955078125,13.23822021484375
9,0.35833333333331296,0.24420166015625,1.00714111328125,13.4912109375
9,0.36666666666664582,0.24609375,0.98321533203125,13.74420166015625
9,0.37499999999997868,0.24798583984375,0.9586181640625,13.9971923828125
9,0.38333333333331154,0.2498779296875,0.933349609375,14.25018310546875
9,0.3916666666666444,0.25177001953125,0.9073486328125,14.503173828125
9,0.39999999999997726,0.253662109375,0.88067626953125,14.75616455078125
9,0.40833333333331012,0.25555419921875,0.85333251953125,15.0091552734375
9,0.416666666666643,0.25738525390625,0.82537841796875,15.26214599609375
9,0.42499999999997584,0.25927734375,0.79669189453125,15.51513671875
9,0.4333333333333087,0.26116943359375,0.76727294921875,15.76812744140625
9,0.44166666666664156,0.2630615234375,0.7371826171875,16.0211181640625
9,0.44999999999997442,0.26495361328125,0.70648193359375,16.27410888671875
9,0.45833333333330728,0.266845703125,0.67510986328125,16.527099609375
9,0.46666666666664014,0.26873779296875,0.6429443359375,16.78009033203125
9,0.474999999999973,0.2706298828125,0.61016845703125,17.0330810546875
9,0.48333333333330586,0.2724609375,0.57672119140625,17.28607177734375
9,0.49166666666663872,0.27435302734375,0.5426025390625,17.5390625
9,0.49999999999997158,0.2762451171875,0.50775146484375,17.79205322265625
9,0.50833333333330444,0.27813720703125,0.4722900390625,18.0450439453125
9,0.5166666666666373,0.280029296875,0.43609619140625,18.29803466796875
9,0.52499999999997016,0.28192138671875,0.39923095703125,18.551025390625
9,0.533333333333303,0.2838134765625,0.36163330078125,18.80401611328125
9,0.54166666666663588,0.28570556640625,0.32342529296875,19.0570068359375
9,0.54999999999996874,0.28753662109375,0.2845458984375,19.30999755859375
9,0.5583333333333016,0.2894287109375,0.2449951171875,19.56298828125
9,0.56666666666663446,0.29132080078125,0.2047119140625,19.8160400390625
9,0.57499999999996732,0.293212890625,0.16375732421875,20.06903076171875
9,0.58333333333330017,0.29510498046875,0.12213134765625,20.322021484375
9,0.591666666666633,0.2969970703125,0.079833984375,20.57501220703125
9,0.59999999999996589,0.29888916015625,0.03680419921875,20.8280029296875
9,0.60225174797970493,0.29937744140625,0,20.8963623046875
10,0,0.14764404296875,1.4122314453125,0.5272216796875
10,0.00833333333333286,0.1502685546875,1.41168212890625,0.9105224609375
10,0.016666666666665719,0.15289306640625,1.4111328125,1.29388427734375
10,0.024999999999998579,0.155517578125,1.41058349609375,1.67718505859375
10,0.033333333333331439,0.1580810546875,1.4100341796875,2.060546875
10,0.0416666666666643,0.16070556640625,1.4095458984375,2.44384765625
10,0.049999999999997158,0.163330078125,1.40899658203125,2.8271484375
10,0.058333333333330017,0.16595458984375,1.408447265625,3.21051025390625
10,0.066666666666662877,0.1685791015625,1.40789794921875,3.59381103515625
10,0.074999999999995737,0.171142578125,1.406982421875,3.97308349609375
10,0.0833333333333286,0.1737060546875,1.405517578125,4.34417724609375
10,0.091666666666661456,0.1761474609375,1.40325927734375,4.7071533203125
10,0.099999999999994316,0.1785888671875,1.400390625,5.06195068359375
10,0.10833333333332718,0.18096923828125,1.3968505859375,5.40863037109375
10,0.11666666666666003,0.1832275390625,1.392578125,5.74713134765625
10,0.12499999999999289,0.18548583984375,1.3876953125,6.0775146484375
10,0.13333333333332575,0.18768310546875,1.38214111328125,6.39971923828125
10,0.14166666666665861,0.1898193359375,1.37591552734375,6.71380615234375
10,0.14999999999999147,0.19195556640625,1.3690185546875,7.019775390625
10,0.15833333333332433,0.1939697265625,1.3614501953125,7.31756591796875
10,0.16666666666665719,0.1959228515625,1.35321044921875,7.60723876953125
10,0.17499999999999005,0.1978759765625,1.34429931640625,7.88873291015625
10,0.18333333333332291,0.19970703125,1.334716796875,8.16204833984375
10,0.19166666666665577,0.2015380859375,1.32452392578125,8.42730712890625
10,0.19999999999998863,0.20330810546875,1.3135986328125,8.684326171875
10,0.20833333333332149,0.20501708984375,1.302001953125,8.9373779296875
10,0.21666666666665435,0.20672607421875,1.28973388671875,9.19036865234375
10,0.22499999999998721,0.20843505859375,1.2767333984375,9.443359375
10,0.23333333333332007,0.210205078125,1.26318359375,9.69635009765625
10,0.24166666666665293,0.2119140625,1.24884033203125,9.9493408203125
10,0.24999999999998579,0.213623046875,1.23388671875,10.20233154296875
10,0.25833333333331865,0.21539306640625,1.21820068359375,10.455322265625
10,0.26666666666665151,0.21710205078125,1.20184326171875,10.70831298828125
10,0.27499999999998437,0.21881103515625,1.184814453125,10.9613037109375
10,0.28333333333331723,0.22052001953125,1.16705322265625,11.21429443359375
10,0.29166666666665009,0.2222900390625,1.148681640625,11.46728515625
10,0.29999999999998295,0.2239990234375,1.129638671875,11.72027587890625
10,0.30833333333331581,0.2257080078125,1.10986328125,11.9732666015625
10,0.31666666666664867,0.2274169921875,1.08941650390625,12.22625732421875
10,0.32499999999998153,0.22918701171875,1.06829833984375,12.479248046875
10,0.33333333333331439,0.23089599609375,1.0465087890625,12.73223876953125
10,0.34166666666664725,0.23260498046875,1.0240478515625,12.9852294921875
10,0.3499999999999801,0.234375,1.0008544921875,13.23822021484375
10,0.35833333333331296,0.236083984375,0.97705078125,13.4912109375
10,0.36666666666664582,0.23779296875,0.95257568359375,13.7442626953125
10,0.37499999999997868,0.239501953125,0.9273681640625,13.99725341796875
10,0.38333333333331154,0.24127197265625,0.9014892578125,14.250244140625
10,0.3916666666666444,0.24298095703125,0.8748779296875,14.50323486328125
10,0.39999999999997726,0.24468994140625,0.84765625,14.7562255859375
10,0.40833333333331012,0.24639892578125,0.8197021484375,15.00921630859375
10,0.416666666666643,0.2481689453125,0.79119873046875,15.26220703125
10,0.42499999999997584,0.2498779296875,0.76190185546875,15.51519775390625
10,0.4333333333333087,0.2515869140625,0.73193359375,15.7681884765625
10,0.44166666666664156,0.25335693359375,0.70123291015625,16.02117919921875
10,0.44999999999997442,0.25506591796875,0.669921875,16.274169921875
10,0.45833333333330728,0.25677490234375,0.637939453125,16.52716064453125
10,0.46666666666664014,0.25848388671875,0.605224609375,16.7801513671875
10,0.474999999999973,0.26025390625,0.5718994140625,17.03314208984375
10,0.48333333333330586,0.261962890625,0.537841796875,17.2861328125
10,0.49166666666663872,0.263671875,0.50311279296875,17.53912353515625
10,0.49999999999997158,0.265380859375,0.46771240234375,17.7921142578125
10,0.50833333333330444,0.26715087890625,0.431640625,18.04510498046875
10,0.5166666666666373,0.26885986328125,0.39483642578125,18.298095703125
10,0.52499999999997016,0.27056884765625,0.35736083984375,18.5511474609375
10,0.533333333333303,0.2723388671875,0.3192138671875,18.80413818359375
10,0.54166666666663588,0.2740478515625,0.28045654296875,19.05712890625
10,0.54999999999996874,0.2757568359375,0.240966796875,19.31011962890625
10,0.5583333333333016,0.2774658203125,0.2008056640625,19.5631103515625
10,0.56666666666663446,0.27923583984375,0.15997314453125,19.81610107421875
10,0.57499999999996732,0.28094482421875,0.118408203125,20.069091796875
10,0.58333333333330017,0.28265380859375,0.076171875,20.32208251953125
10,0.591666666666633,0.284423828125,0.03326416015625,20.5750732421875
10,0.59324684422035234,0.28472900390625,0,20.623046875
11,0,0.14764404296875,1.4122314453125,0.5272216796875
11,0.00833333333333286,0.1500244140625,1.41204833984375,0.9105224609375
11,0.016666666666665719,0.15240478515625,1.411865234375,1.29388427734375
11,0.024999999999998579,0.15478515625,1.41162109375,1.67718505859375
11,0.033333333333331439,0.15716552734375,1.41143798828125,2.060546875
11,0.0416666666666643,0.1595458984375,1.4112548828125,2.44384765625
11,0.049999999999997158,0.16192626953125,1.41107177734375,2.8271484375
11,0.058333333333330017,0.164306640625,1.410888671875,3.21051025390625
11,0.066666666666662877,0.16668701171875,1.41064453125,3.59381103515625
11,0.074999999999995737,0.1690673828125,1.41009521484375,3.97308349609375
11,0.0833333333333286,0.17138671875,1.408935546875,4.34417724609375
11,0.091666666666661456,0.17364501953125,1.40704345703125,4.7071533203125
11,0.099999999999994316,0.17584228515625,1.40447998046875,5.06195068359375
11,0.10833333333332718,0.177978515625,1.4012451171875,5.40863037109375
11,0.11666666666666003,0.1800537109375,1.39727783203125,5.7471923828125
11,0.12499999999999289,0.18212890625,1.3927001953125,6.0775146484375
11,0.13333333333332575,0.18414306640625,1.387451171875,6.3997802734375
11,0.14166666666665861,0.18609619140625,1.3814697265625,6.7138671875
11,0.14999999999999147,0.18798828125,1.3748779296875,7.019775390625
11,0.15833333333332433,0.1898193359375,1.3675537109375,7.317626953125
11,0.16666666666665719,0.191650390625,1.359619140625,7.60723876953125
11,0.17499999999999005,0.193359375,1.3509521484375,7.88873291015625
11,0.18333333333332291,0.195068359375,1.34161376953125,8.162109375
11,0.19166666666665577,0.19671630859375,1.3316650390625,8.42730712890625
11,0.19999999999998863,0.19830322265625,1.32098388671875,8.68438720703125
11,0.20833333333332149,0.19989013671875,1.30963134765625,8.9373779296875
11,0.21666666666665435,0.20147705078125,1.29754638671875,9.19036865234375
11,0.22499999999998721,0.20306396484375,1.2847900390625,9.443359375
11,0.23333333333332007,0.20458984375,1.27142333984375,9.69635009765625
11,0.24166666666665293,0.2061767578125,1.25732421875,9.94940185546875
11,0.24999999999998579,0.207763671875,1.24261474609375,10.202392578125
11,0.25833333333331865,0.2093505859375,1.2271728515625,10.45538330078125
11,0.26666666666665151,0.21087646484375,1.2110595703125,10.7083740234375
11,0.27499999999998437,0.21246337890625,1.19427490234375,10.96136474609375
11,0.28333333333331723,0.21405029296875,1.17669677734375,11.21435546875
11,0.29166666666665009,0.21563720703125,1.1585693359375,11.46734619140625
11,0.29999999999998295,0.2171630859375,1.13970947265625,11.7203369140625
11,0.30833333333331581,0.21875,1.12017822265625,11.97332763671875
11,0.31666666666664867,0.2203369140625,1.0999755859375,12.226318359375
11,0.32499999999998153,0.221923828125,1.0791015625,12.47930908203125
11,0.33333333333331439,0.22344970703125,1.05755615234375,12.7322998046875
11,0.34166666666664725,0.22503662109375,1.03533935546875,12.98529052734375
11,0.3499999999999801,0.22662353515625,1.0123291015625,13.23828125
11,0.35833333333331296,0.22821044921875,0.98870849609375,13.4913330078125
11,0.36666666666664582,0.229736328125,0.9644775390625,13.74432373046875
11,0.37499999999997868,0.2313232421875,0.93951416015625,13.997314453125
11,0.38333333333331154,0.23291015625,0.91387939453125,14.25030517578125
11,0.3916666666666444,0.2344970703125,0.88751220703125,14.5032958984375
11,0.39999999999997726,0.236083984375,0.86053466796875,14.75628662109375
11,0.40833333333331012,0.23760986328125,0.83282470703125,15.00927734375
11,0.416666666666643,0.23919677734375,0.80450439453125,15.26226806640625
11,0.42499999999997584,0.24078369140625,0.775390625,15.5152587890625
11,0.4333333333333087,0.24237060546875,0.74566650390625,15.76824951171875
11,0.44166666666664156,0.243896484375,0.7152099609375,16.021240234375
11,0.44999999999997442,0.2454833984375,0.68414306640625,16.27423095703125
11,0.45833333333330728,0.2470703125,0.65240478515625,16.5272216796875
11,0.46666666666664014,0.2486572265625,0.61993408203125,16.78021240234375
11,0.474999999999973,0.25018310546875,0.5867919921875,17.03326416015625
11,0.48333333333330586,0.25177001953125,0.552978515625,17.2862548828125
11,0.49166666666663872,0.25335693359375,0.5184326171875,17.53924560546875
11,0.49999999999997158,0.25494384765625,0.4832763671875,17.792236328125
11,0.50833333333330444,0.2564697265625,0.44744873046875,18.04522705078125
11,0.5166666666666373,0.258056640625,0.410888671875,18.2982177734375
11,0.52499999999997016,0.2596435546875,0.3736572265625,18.55120849609375
11,0.533333333333303,0.26123046875,0.33575439453125,18.80419921875
11,0.54166666666663588,0.26275634765625,0.29718017578125,19.05718994140625
11,0.54999999999996874,0.26434326171875,0.2579345703125,19.3101806640625
11,0.5583333333333016,0.26593017578125,0.21795654296875,19.56317138671875
11,0.56666666666663446,0.26751708984375,0.1773681640625,19.816162109375
11,0.57499999999996732,0.26904296875,0.13604736328125,20.06915283203125
11,0.58333333333330017,0.2706298828125,0.09405517578125,20.3221435546875
11,0.591666666666633,0.272216796875,0.0513916015625,20.5751953125
11,0.59673943719231448,0.273193359375,0,20.72918701171875
12,0,0.14764404296875,1.4122314453125,0.5272216796875
12,0.00833333333333286,0.14892578125,1.4117431640625,0.9105224609375
12,0.016666666666665719,0.15020751953125,1.41131591796875,1.29388427734375
12,0.024999999999998579,0.1514892578125,1.41082763671875,1.67718505859375
12,0.033333333333331439,0.15277099609375,1.410400390625,2.060546875
12,0.0416666666666643,0.154052734375,1.409912109375,2.44384765625
12,0.049999999999997158,0.15533447265625,1.40948486328125,2.82720947265625
12,0.058333333333330017,0.1566162109375,1.40899658203125,3.21051025390625
12,0.066666666666662877,0.15789794921875,1.4085693359375,3.5938720703125
12,0.074999999999995737,0.1591796875,1.40771484375,3.97314453125
12,0.0833333333333286,0.160400390625,1.40631103515625,4.34423828125
12,0.091666666666661456,0.16162109375,1.4041748046875,4.70721435546875
12,0.099999999999994316,0.16278076171875,1.4013671875,5.06201171875
12,0.10833333333332718,0.1639404296875,1.39788818359375,5.40869140625
12,0.11666666666666003,0.16510009765625,1.3936767578125,5.74725341796875
12,0.12499999999999289,0.16619873046875,1.388916015625,6.07763671875
12,0.13333333333332575,0.16729736328125,1.38336181640625,6.39984130859375
12,0.14166666666665861,0.1683349609375,1.377197265625,6.71392822265625
12,0.14999999999999147,0.16937255859375,1.370361328125,7.0198974609375
12,0.15833333333332433,0.17034912109375,1.36285400390625,7.31768798828125
12,0.16666666666665719,0.17132568359375,1.354736328125,7.60736083984375
12,0.17499999999999005,0.1722412109375,1.34588623046875,7.88885498046875
12,0.18333333333332291,0.17315673828125,1.33636474609375,8.1622314453125
12,0.19166666666665577,0.174072265625,1.326171875,8.42742919921875
12,0.19999999999998863,0.1749267578125,1.3153076171875,8.68450927734375
12,0.20833333333332149,0.17578125,1.30377197265625,8.9375
12,0.21666666666665435,0.1766357421875,1.29156494140625,9.19049072265625
12,0.22499999999998721,0.17742919921875,1.27862548828125,9.4434814453125
12,0.23333333333332007,0.17828369140625,1.26507568359375,9.69647216796875
12,0.24166666666665293,0.17913818359375,1.25079345703125,9.94952392578125
12,0.24999999999998579,0.17999267578125,1.23590087890625,10.2025146484375
12,0.25833333333331865,0.18084716796875,1.2203369140625,10.45550537109375
12,0.26666666666665151,0.18170166015625,1.20404052734375,10.70849609375
12,0.27499999999998437,0.18255615234375,1.18707275390625,10.96148681640625
12,0.28333333333331723,0.18341064453125,1.16937255859375,11.2144775390625
12,0.29166666666665009,0.1842041015625,1.15106201171875,11.46746826171875
12,0.29999999999998295,0.18505859375,1.13201904296875,11.720458984375
12,0.30833333333331581,0.1859130859375,1.1123046875,11.9735107421875
12,0.31666666666664867,0.186767578125,1.0919189453125,12.22650146484375
12,0.32499999999998153,0.1876220703125,1.07086181640625,12.4794921875
12,0.33333333333331439,0.1884765625,1.04913330078125,12.73248291015625
12,0.34166666666664725,0.1893310546875,1.0267333984375,12.9854736328125
12,0.3499999999999801,0.19012451171875,1.00360107421875,13.23846435546875
12,0.35833333333331296,0.19097900390625,0.97979736328125,13.491455078125
12,0.36666666666664582,0.19183349609375,0.95538330078125,13.74444580078125
12,0.37499999999997868,0.19268798828125,0.93023681640625,13.99749755859375
12,0.38333333333331154,0.19354248046875,0.9044189453125,14.25048828125
12,0.3916666666666444,0.19439697265625,0.87786865234375,14.50347900390625
12,0.39999999999997726,0.19525146484375,0.8507080078125,14.7564697265625
12,0.40833333333331012,0.196044921875,0.82281494140625,15.00946044921875
12,0.416666666666643,0.1968994140625,0.7943115234375,15.262451171875
12,0.42499999999997584,0.19775390625,0.76507568359375,15.51544189453125
12,0.4333333333333087,0.1986083984375,0.73516845703125,15.7684326171875
12,0.44166666666664156,0.199462890625,0.70452880859375,16.021484375
12,0.44999999999997442,0.2003173828125,0.67327880859375,16.27447509765625
12,0.45833333333330728,0.201171875,0.641357421875,16.5274658203125
12,0.46666666666664014,0.20196533203125,0.60870361328125,16.78045654296875
12,0.474999999999973,0.20281982421875,0.57537841796875,17.033447265625
12,0.48333333333330586,0.20367431640625,0.5413818359375,17.28643798828125
12,0.49166666666663872,0.20452880859375,0.5067138671875,17.5394287109375
12,0.49999999999997158,0.20538330078125,0.47137451171875,17.79241943359375
12,0.50833333333330444,0.20623779296875,0.43536376953125,18.04547119140625
12,0.5166666666666373,0.20709228515625,0.39862060546875,18.2984619140625
12,0.52499999999997016,0.2078857421875,0.3612060546875,18.55145263671875
12,0.533333333333303,0.208740234375,0.3231201171875,18.804443359375
12,0.54166666666663588,0.2095947265625,0.28436279296875,19.05743408203125
12,0.54999999999996874,0.21044921875,0.24493408203125,19.3104248046875
12,0.5583333333333016,0.2113037109375,0.204833984375,19.56341552734375
12,0.56666666666663446,0.212158203125,0.1640625,19.81640625
12,0.57499999999996732,0.2130126953125,0.12255859375,20.0694580078125
12,0.58333333333330017,0.2138671875,0.08038330078125,20.32244873046875
12,0.591666666666633,0.21466064453125,0.03753662109375,20.575439453125
12,0.594064983379509,0.21490478515625,0,20.64825439453125
13,0,0.14764404296875,1.4122314453125,0.5272216796875
13,0.00833333333333286,0.1494140625,1.412109375,0.9105224609375
13,0.016666666666665719,0.1512451171875,1.41192626953125,1.29388427734375
13,0.024999999999998579,0.15301513671875,1.41180419921875,1.67718505859375
13,0.033333333333331439,0.15478515625,1.41168212890625,2.060546875
13,0.0416666666666643,0.1566162109375,1.4114990234375,2.44384765625
13,0.049999999999997158,0.15838623046875,1.411376953125,2.82720947265625
13,0.058333333333330017,0.16015625,1.4112548828125,3.21051025390625
13,0.066666666666662877,0.1619873046875,1.4111328125,3.5938720703125
13,0.074999999999995737,0.16375732421875,1.41058349609375,3.97308349609375
13,0.0833333333333286,0.16546630859375,1.40948486328125,4.34423828125
13,0.091666666666661456,0.16717529296875,1.40765380859375,4.70721435546875
13,0.099999999999994316,0.1688232421875,1.4051513671875,5.06201171875
13,0.10833333333332718,0.17047119140625,1.4019775390625,5.40869140625
13,0.11666666666666003,0.1719970703125,1.3980712890625,5.7471923828125
13,0.12499999999999289,0.173583984375,1.3935546875,6.07757568359375
13,0.13333333333332575,0.175048828125,1.3883056640625,6.39984130859375
13,0.14166666666665861,0.176513671875,1.38238525390625,6.71392822265625
13,0.14999999999999147,0.177978515625,1.37579345703125,7.01983642578125
13,0.15833333333332433,0.17938232421875,1.3685302734375,7.31768798828125
13,0.16666666666665719,0.18072509765625,1.36065673828125,7.6072998046875
13,0.17499999999999005,0.1820068359375,1.35205078125,7.8887939453125
13,0.18333333333332291,0.18328857421875,1.34271240234375,8.16217041015625
13,0.19166666666665577,0.1845703125,1.33282470703125,8.4273681640625
13,0.19999999999998863,0.18572998046875,1.3221435546875,8.6844482421875
13,0.20833333333332149,0.18695068359375,1.31085205078125,8.93743896484375
13,0.21666666666665435,0.1881103515625,1.298828125,9.1904296875
13,0.22499999999998721,0.18927001953125,1.28607177734375,9.4434814453125
13,0.23333333333332007,0.19049072265625,1.27276611328125,9.69647216796875
13,0.24166666666665293,0.191650390625,1.2586669921875,9.949462890625
13,0.24999999999998579,0.19281005859375,1.2440185546875,10.20245361328125
13,0.25833333333331865,0.19403076171875,1.22857666015625,10.4554443359375
13,0.26666666666665151,0.1951904296875,1.2125244140625,10.70843505859375
13,0.27499999999998437,0.19635009765625,1.19573974609375,10.96142578125
13,0.28333333333331723,0.19757080078125,1.17828369140625,11.21441650390625
13,0.29166666666665009,0.19873046875,1.16015625,11.4674072265625
13,0.29999999999998295,0.19989013671875,1.141357421875,11.720458984375
13,0.30833333333331581,0.20111083984375,1.121826171875,11.97344970703125
13,0.31666666666664867,0.2022705078125,1.1016845703125,12.2264404296875
13,0.32499999999998153,0.2034912109375,1.080810546875,12.47943115234375
13,0.33333333333331439,0.20465087890625,1.059326171875,12.732421875
13,0.34166666666664725,0.205810546875,1.037109375,12.98541259765625
13,0.3499999999999801,0.20703125,1.01422119140625,13.2384033203125
13,0.35833333333331296,0.20819091796875,0.9906005859375,13.49139404296875
13,0.36666666666664582,0.2093505859375,0.9664306640625,13.744384765625
13,0.37499999999997868,0.2105712890625,0.94146728515625,13.9974365234375
13,0.38333333333331154,0.21173095703125,0.9158935546875,14.25042724609375
13,0.3916666666666444,0.212890625,0.8895263671875,14.50341796875
13,0.39999999999997726,0.214111328125,0.86260986328125,14.75640869140625
13,0.40833333333331012,0.21527099609375,0.83489990234375,15.0093994140625
13,0.416666666666643,0.21649169921875,0.806640625,15.26239013671875
13,0.42499999999997584,0.2176513671875,0.777587890625,15.515380859375
13,0.4333333333333087,0.21881103515625,0.7479248046875,15.76837158203125
13,0.44166666666664156,0.22003173828125,0.71746826171875,16.0213623046875
13,0.44999999999997442,0.22119140625,0.6864013671875,16.27435302734375
13,0.45833333333330728,0.22235107421875,0.65472412109375,16.52740478515625
13,0.46666666666664014,0.22357177734375,0.62225341796875,16.7803955078125
13,0.474999999999973,0.2247314453125,0.58917236328125,17.03338623046875
13,0.48333333333330586,0.22589111328125,0.55535888671875,17.286376953125
13,0.49166666666663872,0.22711181640625,0.52093505859375,17.53936767578125
13,0.49999999999997158,0.228271484375,0.48577880859375,17.7923583984375
13,0.50833333333330444,0.22943115234375,0.45001220703125,18.04534912109375
13,0.5166666666666373,0.23065185546875,0.4134521484375,18.29833984375
13,0.52499999999997016,0.2318115234375,0.37628173828125,18.55133056640625
13,0.533333333333303,0.2330322265625,0.33837890625,18.80438232421875
13,0.54166666666663588,0.23419189453125,0.29986572265625,19.057373046875
13,0.54999999999996874,0.2353515625,0.2606201171875,19.31036376953125
13,0.5583333333333016,0.236572265625,0.22076416015625,19.5633544921875
13,0.56666666666663446,0.23773193359375,0.18017578125,19.81634521484375
13,0.57499999999996732,0.2388916015625,0.138916015625,20.0693359375
13,0.58333333333330017,0.2401123046875,0.096923828125,20.32232666015625
13,0.591666666666633,0.24127197265625,0.0543212890625,20.5753173828125
13,0.59730281686512487,0.2420654296875,0,20.74639892578125
14,0,0.14764404296875,1.4122314453125,0.5272216796875
14,0.00833333333333286,0.14923095703125,1.41302490234375,0.9105224609375
14,0.016666666666665719,0.1507568359375,1.413818359375,1.29388427734375
14,0.024999999999998579,0.15234375,1.41461181640625,1.67718505859375
14,0.033333333333327886,0.15386962890625,1.4154052734375,2.060546875
14,0.041666666666660745,0.15545654296875,1.4161376953125,2.44384765625
14,0.049999999999993605,0.156982421875,1.41693115234375,2.82720947265625
14,0.058333333333326465,0.1585693359375,1.417724609375,3.21051025390625
14,0.066666666666659324,0.16009521484375,1.41851806640625,3.5938720703125
14,0.074999999999992184,0.16168212890625,1.4189453125,3.97308349609375
14,0.083333333333325044,0.1632080078125,1.418701171875,4.34423828125
14,0.0916666666666579,0.1646728515625,1.41778564453125,4.70721435546875
14,0.099999999999990763,0.16607666015625,1.4161376953125,5.06201171875
14,0.10833333333332362,0.16754150390625,1.41375732421875,5.40869140625
14,0.11666666666665648,0.16888427734375,1.41070556640625,5.7471923828125
14,0.12499999999998934,0.17022705078125,1.406982421875,6.07757568359375
14,0.1333333333333222,0.17156982421875,1.40252685546875,6.39984130859375
14,0.14166666666665506,0.1728515625,1.3973388671875,6.71392822265625
14,0.14999999999998792,0.174072265625,1.3914794921875,7.01983642578125
14,0.15833333333332078,0.17529296875,1.38494873046875,7.31768798828125
14,0.16666666666665364,0.17645263671875,1.37774658203125,7.6072998046875
14,0.1749999999999865,0.1776123046875,1.369873046875,7.8887939453125
14,0.18333333333331936,0.1787109375,1.3612060546875,8.16217041015625
14,0.19166666666665222,0.1798095703125,1.3519287109375,8.42742919921875
14,0.19999999999998508,0.18084716796875,1.34185791015625,8.6844482421875
14,0.20833333333331794,0.181884765625,1.3311767578125,8.93743896484375
14,0.2166666666666508,0.18292236328125,1.31976318359375,9.19049072265625
14,0.22499999999998366,0.1839599609375,1.30767822265625,9.4434814453125
14,0.23333333333331652,0.1849365234375,1.294921875,9.69647216796875
14,0.24166666666664938,0.18597412109375,1.281494140625,9.949462890625
14,0.24999999999998224,0.18701171875,1.26739501953125,10.20245361328125
14,0.2583333333333151,0.18804931640625,1.25262451171875,10.4554443359375
14,0.26666666666664796,0.1890869140625,1.23712158203125,10.70843505859375
14,0.27499999999998082,0.19012451171875,1.22100830078125,10.96142578125
14,0.28333333333331367,0.191162109375,1.2041015625,11.21441650390625
14,0.29166666666664653,0.19219970703125,1.1866455078125,11.46746826171875
14,0.29999999999997939,0.19317626953125,1.16839599609375,11.720458984375
14,0.30833333333331225,0.1942138671875,1.1495361328125,11.97344970703125
14,0.31666666666664511,0.19525146484375,1.12994384765625,12.2264404296875
14,0.324999999999978,0.1962890625,1.1097412109375,12.47943115234375
14,0.33333333333331083,0.19732666015625,1.0888671875,12.732421875
14,0.34166666666664369,0.1983642578125,1.0672607421875,12.98541259765625
14,0.34999999999997655,0.19940185546875,1.04498291015625,13.2384033203125
14,0.35833333333330941,0.20037841796875,1.02197265625,13.49139404296875
14,0.36666666666664227,0.201416015625,0.9984130859375,13.74444580078125
14,0.37499999999997513,0.20245361328125,0.97406005859375,13.9974365234375
14,0.383333333333308,0.2034912109375,0.9490966796875,14.25042724609375
14,0.39166666666664085,0.20452880859375,0.92333984375,14.50341796875
14,0.39999999999997371,0.20556640625,0.89703369140625,14.75640869140625
14,0.40833333333330657,0.20660400390625,0.86993408203125,15.0093994140625
14,0.41666666666663943,0.2076416015625,0.84228515625,15.26239013671875
14,0.42499999999997229,0.2086181640625,0.8138427734375,15.515380859375
14,0.43333333333330515,0.20965576171875,0.7847900390625,15.76837158203125
14,0.441666666666638,0.210693359375,0.75494384765625,16.02142333984375
14,0.44999999999997087,0.21173095703125,0.72454833984375,16.2744140625
14,0.45833333333330373,0.2127685546875,0.69342041015625,16.52740478515625
14,0.46666666666663659,0.21380615234375,0.66162109375,16.7803955078125
14,0.47499999999996945,0.21484375,0.62908935546875,17.03338623046875
14,0.48333333333330231,0.21588134765625,0.595947265625,17.286376953125
14,0.49166666666663517,0.21685791015625,0.56207275390625,17.53936767578125
14,0.499999999999968,0.2178955078125,0.527587890625,17.7923583984375
14,0.50833333333330089,0.21893310546875,0.49237060546875,18.04534912109375
14,0.51666666666663374,0.219970703125,0.45648193359375,18.29833984375
14,0.5249999999999666,0.22100830078125,0.41986083984375,18.5513916015625
14,0.53333333333329946,0.2220458984375,0.38262939453125,18.80438232421875
14,0.54166666666663232,0.22308349609375,0.34466552734375,19.057373046875
14,0.54999999999996518,0.22412109375,0.30609130859375,19.31036376953125
14,0.558333333333298,0.22509765625,0.26678466796875,19.5633544921875
14,0.5666666666666309,0.22613525390625,0.22686767578125,19.81634521484375
14,0.57499999999996376,0.2271728515625,0.1861572265625,20.0693359375
14,0.58333333333329662,0.22821044921875,0.14483642578125,20.32232666015625
14,0.59166666666662948,0.229248046875,0.102783203125,20.5753173828125
14,0.59999999999996234,0.23028564453125,0.06011962890625,20.828369140625
14,0.60674167885845487,0.23114013671875,0,21.03302001953125
15,0,0.14764404296875,1.4122314453125,0.5272216796875
15,0.00833333333333286,0.15087890625,1.4127197265625,0.9105224609375
15,0.016666666666665719,0.15411376953125,1.41314697265625,1.29388427734375
15,0.024999999999998579,0.15728759765625,1.41363525390625,1.67718505859375
15,0.033333333333327886,0.1605224609375,1.41412353515625,2.06048583984375
15,0.041666666666660745,0.16375732421875,1.41455078125,2.44384765625
15,0.049999999999993605,0.1669921875,1.4150390625,2.8271484375
15,0.058333333333326465,0.170166015625,1.41546630859375,3.21044921875
15,0.066666666666659324,0.17340087890625,1.41595458984375,3.59375
15,0.074999999999992184,0.17657470703125,1.41607666015625,3.9730224609375
15,0.083333333333325044,0.1796875,1.41552734375,4.3441162109375
15,0.0916666666666579,0.1827392578125,1.41424560546875,4.70709228515625
15,0.099999999999990763,0.18572998046875,1.41229248046875,5.0618896484375
15,0.10833333333332362,0.18865966796875,1.40966796875,5.4085693359375
15,0.11666666666665648,0.1915283203125,1.40631103515625,5.7470703125
15,0.12499999999998934,0.19427490234375,1.40228271484375,6.07745361328125
15,0.1333333333333222,0.19696044921875,1.3975830078125,6.399658203125
15,0.14166666666665506,0.19964599609375,1.39215087890625,6.7137451171875
15,0.14999999999998792,0.20220947265625,1.38604736328125,7.01971435546875
15,0.15833333333332078,0.2047119140625,1.3792724609375,7.3175048828125
15,0.16666666666665364,0.2071533203125,1.371826171875,7.60711669921875
15,0.1749999999999865,0.20947265625,1.3636474609375,7.88861083984375
15,0.18333333333331936,0.2117919921875,1.35479736328125,8.1619873046875
15,0.19166666666665222,0.2139892578125,1.34527587890625,8.42718505859375
15,0.19999999999998508,0.2161865234375,1.33502197265625,8.68426513671875
15,0.20833333333331794,0.21832275390625,1.3240966796875,8.937255859375
15,0.2166666666666508,0.22039794921875,1.3125,9.19024658203125
15,0.22499999999998366,0.2225341796875,1.3001708984375,9.4432373046875
15,0.23333333333331652,0.22467041015625,1.2872314453125,9.69622802734375
15,0.24166666666664938,0.226806640625,1.2735595703125,9.94921875
15,0.24999999999998224,0.22894287109375,1.25927734375,10.20220947265625
15,0.2583333333333151,0.2310791015625,1.2442626953125,10.4552001953125
15,0.26666666666664796,0.233154296875,1.2286376953125,10.70819091796875
15,0.27499999999998082,0.23529052734375,1.2122802734375,10.961181640625
15,0.28333333333331367,0.2374267578125,1.1951904296875,11.21417236328125
15,0.29166666666664653,0.23956298828125,1.177490234375,11.4671630859375
15,0.29999999999997939,0.24169921875,1.1590576171875,11.72015380859375
15,0.30833333333331225,0.24383544921875,1.13995361328125,11.97314453125
15,0.31666666666664511,0.24591064453125,1.12017822265625,12.22613525390625
15,0.324999999999978,0.248046875,1.0997314453125,12.4791259765625
15,0.33333333333331083,0.25018310546875,1.07861328125,12.73211669921875
15,0.34166666666664369,0.2523193359375,1.05682373046875,12.985107421875
15,0.34999999999997655,0.25445556640625,1.0343017578125,13.23809814453125
15,0.35833333333330941,0.25653076171875,1.0111083984375,13.4910888671875
15,0.36666666666664227,0.2586669921875,0.9873046875,13.74407958984375
15,0.37499999999997513,0.26080322265625,0.9627685546875,13.9970703125
15,0.383333333333308,0.262939453125,0.93756103515625,14.25006103515625
15,0.39166666666664085,0.26507568359375,0.91162109375,14.5030517578125
15,0.39999999999997371,0.2672119140625,0.88507080078125,14.75604248046875
15,0.40833333333330657,0.269287109375,0.8577880859375,15.009033203125
15,0.41666666666663943,0.27142333984375,0.82989501953125,15.26202392578125
15,0.42499999999997229,0.2735595703125,0.80126953125,15.5150146484375
15,0.43333333333330515,0.27569580078125,0.77197265625,15.76800537109375
15,0.441666666666638,0.27783203125,0.741943359375,16.02099609375
15,0.44999999999997087,0.27996826171875,0.7113037109375,16.27398681640625
15,0.45833333333330373,0.28204345703125,0.67999267578125,16.5269775390625
15,0.46666666666663659,0.2841796875,0.64794921875,16.77996826171875
15,0.47499999999996945,0.28631591796875,0.615234375,17.032958984375
15,0.48333333333330231,0.2884521484375,0.58184814453125,17.28594970703125
15,0.49166666666663517,0.29058837890625,0.54779052734375,17.5389404296875
15,0.499999999999968,0.29266357421875,0.5130615234375,17.79193115234375
15,0.50833333333330089,0.2947998046875,0.4776611328125,18.044921875
15,0.51666666666663374,0.29693603515625,0.44158935546875,18.29791259765625
15,0.5249999999999666,0.299072265625,0.40478515625,18.5509033203125
15,0.53333333333329946,0.30120849609375,0.3673095703125,18.80389404296875
15,0.54166666666663232,0.3033447265625,0.32916259765625,19.056884765625
15,0.54999999999996518,0.305419921875,0.29034423828125,19.30987548828125
15,0.558333333333298,0.30755615234375,0.2508544921875,19.5628662109375
15,0.5666666666666309,0.3096923828125,0.210693359375,19.81585693359375
15,0.57499999999996376,0.31182861328125,0.1697998046875,20.06884765625
15,0.58333333333329662,0.31396484375,0.12823486328125,20.32183837890625
15,0.59166666666662948,0.31610107421875,0.08599853515625,20.5748291015625
15,0.59999999999996234,0.31817626953125,0.0430908203125,20.82781982421875
15,0.60345704917683285,0.319091796875,0,20.93280029296875
16,0,0.14764404296875,1.4122314453125,0.5272216796875
16,0.00833333333333286,0.149169921875,1.41204833984375,0.9105224609375
16,0.016666666666665719,0.15069580078125,1.41180419921875,1.29388427734375
16,0.024999999999998579,0.1522216796875,1.41162109375,1.67718505859375
16,0.033333333333327886,0.15374755859375,1.411376953125,2.060546875
16,0.041666666666660745,0.1552734375,1.41119384765625,2.44384765625
16,0.049999999999993605,0.1568603515625,1.41094970703125,2.82720947265625
16,0.058333333333326465,0.15838623046875,1.4107666015625,3.21051025390625
16,0.066666666666659324,0.159912109375,1.4105224609375,3.5938720703125
16,0.074999999999992184,0.16143798828125,1.40997314453125,3.97314453125
16,0.083333333333325044,0.16290283203125,1.40875244140625,4.34423828125
16,0.0916666666666579,0.16436767578125,1.4068603515625,4.70721435546875
16,0.099999999999990763,0.165771484375,1.404296875,5.06201171875
16,0.10833333333332362,0.1671142578125,1.40106201171875,5.40869140625
16,0.11666666666665648,0.16851806640625,1.3970947265625,5.7471923828125
16,0.12499999999998934,0.1697998046875,1.39251708984375,6.07757568359375
16,0.1333333333333222,0.17108154296875,1.38720703125,6.39984130859375
16,0.14166666666665506,0.17236328125,1.3812255859375,6.71392822265625
16,0.14999999999998792,0.173583984375,1.37457275390625,7.0198974609375
16,0.15833333333332078,0.17474365234375,1.3673095703125,7.31768798828125
16,0.16666666666665364,0.1759033203125,1.35931396484375,7.60736083984375
16,0.1749999999999865,0.17706298828125,1.35064697265625,7.88885498046875
16,0.18333333333331936,0.17816162109375,1.34130859375,8.1622314453125
16,0.19166666666665222,0.17919921875,1.331298828125,8.42742919921875
16,0.19999999999998508,0.18023681640625,1.32061767578125,8.68450927734375
16,0.20833333333331794,0.18121337890625,1.30926513671875,8.9375
16,0.2166666666666508,0.1822509765625,1.2972412109375,9.19049072265625
16,0.22499999999998366,0.18328857421875,1.284423828125,9.4434814453125
16,0.23333333333331652,0.18426513671875,1.27105712890625,9.69647216796875
16,0.24166666666664938,0.185302734375,1.2569580078125,9.949462890625
16,0.24999999999998224,0.186279296875,1.2421875,10.20245361328125
16,0.2583333333333151,0.18731689453125,1.22674560546875,10.4554443359375
16,0.26666666666664796,0.18829345703125,1.21063232421875,10.70849609375
16,0.27499999999998082,0.1893310546875,1.19384765625,10.96148681640625
16,0.28333333333331367,0.1903076171875,1.17626953125,11.2144775390625
16,0.29166666666664653,0.19134521484375,1.15814208984375,11.46746826171875
16,0.29999999999997939,0.1923828125,1.1392822265625,11.720458984375
16,0.30833333333331225,0.193359375,1.11968994140625,11.97344970703125
16,0.31666666666664511,0.19439697265625,1.0994873046875,12.2264404296875
16,0.324999999999978,0.19537353515625,1.07861328125,12.47943115234375
16,0.33333333333331083,0.1964111328125,1.0570068359375,12.73248291015625
16,0.34166666666664369,0.1973876953125,1.0347900390625,12.9854736328125
16,0.34999999999997655,0.19842529296875,1.0118408203125,13.23846435546875
16,0.35833333333330941,0.19940185546875,0.98822021484375,13.491455078125
16,0.36666666666664227,0.200439453125,0.96392822265625,13.74444580078125
16,0.37499999999997513,0.20147705078125,0.93896484375,13.9974365234375
16,0.383333333333308,0.20245361328125,0.913330078125,14.25042724609375
16,0.39166666666664085,0.2034912109375,0.88690185546875,14.50341796875
16,0.39999999999997371,0.2044677734375,0.85992431640625,14.7564697265625
16,0.40833333333330657,0.20550537109375,0.83221435546875,15.00946044921875
16,0.41666666666663943,0.20648193359375,0.80389404296875,15.262451171875
16,0.42499999999997229,0.20751953125,0.7747802734375,15.51544189453125
16,0.43333333333330515,0.20849609375,0.74505615234375,15.7684326171875
16,0.441666666666638,0.20953369140625,0.714599609375,16.02142333984375
16,0.44999999999997087,0.2105712890625,0.6834716796875,16.2744140625
16,0.45833333333330373,0.2115478515625,0.6517333984375,16.52740478515625
16,0.46666666666663659,0.21258544921875,0.6192626953125,16.7803955078125
16,0.47499999999996945,0.21356201171875,0.58612060546875,17.033447265625
16,0.48333333333330231,0.214599609375,0.55224609375,17.28643798828125
16,0.49166666666663517,0.215576171875,0.51776123046875,17.5394287109375
16,0.499999999999968,0.21661376953125,0.48260498046875,17.79241943359375
16,0.50833333333330089,0.21759033203125,0.44671630859375,18.04541015625
16,0.51666666666663374,0.2186279296875,0.41015625,18.29840087890625
16,0.5249999999999666,0.21966552734375,0.3729248046875,18.5513916015625
16,0.53333333333329946,0.22064208984375,0.3349609375,18.80438232421875
16,0.54166666666663232,0.2216796875,0.29638671875,19.05743408203125
16,0.54999999999996518,0.22265625,0.25714111328125,19.3104248046875
16,0.558333333333298,0.22369384765625,0.21722412109375,19.56341552734375
16,0.5666666666666309,0.22467041015625,0.17657470703125,19.81640625
16,0.57499999999996376,0.2257080078125,0.13525390625,20.06939697265625
16,0.58333333333329662,0.2266845703125,0.09326171875,20.3223876953125
16,0.59166666666662948,0.22772216796875,0.050537109375,20.57537841796875
16,0.59657511689661025,0.22833251953125,0,20.724365234375
17,0,0.14764404296875,1.4122314453125,0.5272216796875
17,0.00833333333333286,0.15093994140625,1.41259765625,0.9105224609375
17,0.016666666666665719,0.15423583984375,1.4129638671875,1.29388427734375
17,0.024999999999998579,0.1575927734375,1.413330078125,1.67718505859375
17,0.033333333333324333,0.160888671875,1.4136962890625,2.06048583984375
17,0.041666666666657193,0.1641845703125,1.4140625,2.44378662109375
17,0.049999999999990052,0.16748046875,1.4144287109375,2.8271484375
17,0.058333333333322912,0.1707763671875,1.414794921875,3.21044921875
17,0.066666666666655772,0.17413330078125,1.4151611328125,3.59375
17,0.074999999999988631,0.1773681640625,1.4151611328125,3.9730224609375
17,0.083333333333321491,0.18060302734375,1.41455078125,4.3441162109375
17,0.091666666666654351,0.1837158203125,1.4132080078125,4.70709228515625
17,0.09999999999998721,0.186767578125,1.41119384765625,5.0618896484375
17,0.10833333333332007,0.18975830078125,1.408447265625,5.4085693359375
17,0.11666666666665293,0.19268798828125,1.405029296875,5.7470703125
17,0.12499999999998579,0.195556640625,1.40093994140625,6.07745361328125
17,0.13333333333331865,0.19830322265625,1.3961181640625,6.399658203125
17,0.14166666666665151,0.2010498046875,1.390625,6.7137451171875
17,0.14999999999998437,0.20367431640625,1.38446044921875,7.01971435546875
17,0.15833333333331723,0.20623779296875,1.3775634765625,7.3175048828125
17,0.16666666666665009,0.208740234375,1.37005615234375,7.60711669921875
17,0.17499999999998295,0.211181640625,1.36181640625,7.88861083984375
17,0.18333333333331581,0.21356201171875,1.3529052734375,8.1619873046875
17,0.19166666666664867,0.2158203125,1.34332275390625,8.42718505859375
17,0.19999999999998153,0.21807861328125,1.3330078125,8.68426513671875
17,0.20833333333331439,0.22021484375,1.322021484375,8.937255859375
17,0.21666666666664725,0.222412109375,1.31036376953125,9.19024658203125
17,0.2249999999999801,0.224609375,1.2979736328125,9.4432373046875
17,0.23333333333331296,0.226806640625,1.28497314453125,9.69622802734375
17,0.24166666666664582,0.22894287109375,1.271240234375,9.94921875
17,0.24999999999997868,0.23114013671875,1.25689697265625,10.20220947265625
17,0.25833333333331154,0.23333740234375,1.2418212890625,10.4552001953125
17,0.2666666666666444,0.23553466796875,1.22607421875,10.70819091796875
17,0.27499999999997726,0.23773193359375,1.20965576171875,10.961181640625
17,0.28333333333331012,0.2398681640625,1.1925048828125,11.21417236328125
17,0.291666666666643,0.2420654296875,1.17474365234375,11.4671630859375
17,0.29999999999997584,0.2442626953125,1.15625,11.72015380859375
17,0.3083333333333087,0.2464599609375,1.1370849609375,11.97314453125
17,0.31666666666664156,0.24859619140625,1.11724853515625,12.22613525390625
17,0.32499999999997442,0.25079345703125,1.09674072265625,12.4791259765625
17,0.33333333333330728,0.25299072265625,1.0755615234375,12.73211669921875
17,0.34166666666664014,0.25518798828125,1.0537109375,12.985107421875
17,0.349999999999973,0.25738525390625,1.0311279296875,13.23809814453125
17,0.35833333333330586,0.259521484375,1.00787353515625,13.4910888671875
17,0.36666666666663872,0.26171875,0.9840087890625,13.74407958984375
17,0.37499999999997158,0.263916015625,0.95941162109375,13.9970703125
17,0.38333333333330444,0.26611328125,0.93414306640625,14.25006103515625
17,0.3916666666666373,0.26824951171875,0.90814208984375,14.5030517578125
17,0.39999999999997016,0.27044677734375,0.88153076171875,14.75604248046875
17,0.408333333333303,0.27264404296875,0.85418701171875,15.009033203125
17,0.41666666666663588,0.27484130859375,0.82623291015625,15.26202392578125
17,0.42499999999996874,0.27703857421875,0.79754638671875,15.5150146484375
17,0.4333333333333016,0.2791748046875,0.7681884765625,15.76800537109375
17,0.44166666666663446,0.2813720703125,0.73809814453125,16.02099609375
17,0.44999999999996732,0.2835693359375,0.7073974609375,16.27398681640625
17,0.45833333333330017,0.2857666015625,0.676025390625,16.5269775390625
17,0.46666666666663303,0.2879638671875,0.6439208984375,16.77996826171875
17,0.47499999999996589,0.29010009765625,0.61114501953125,17.032958984375
17,0.48333333333329875,0.29229736328125,0.57769775390625,17.28594970703125
17,0.49166666666663161,0.29449462890625,0.5435791015625,17.5389404296875
17,0.49999999999996447,0.29669189453125,0.5087890625,17.79193115234375
17,0.50833333333329733,0.298828125,0.47332763671875,18.044921875
17,0.51666666666663019,0.301025390625,0.4371337890625,18.29791259765625
17,0.524999999999963,0.30322265625,0.4002685546875,18.5509033203125
17,0.53333333333329591,0.305419921875,0.36273193359375,18.80389404296875
17,0.54166666666662877,0.3076171875,0.32452392578125,19.056884765625
17,0.54999999999996163,0.30975341796875,0.28564453125,19.30987548828125
17,0.55833333333329449,0.31195068359375,0.24609375,19.5628662109375
17,0.56666666666662735,0.31414794921875,0.20587158203125,19.81585693359375
17,0.57499999999996021,0.31634521484375,0.1649169921875,20.06884765625
17,0.58333333333329307,0.3184814453125,0.123291015625,20.32177734375
17,0.59166666666662593,0.3206787109375,0.08099365234375,20.5748291015625
17,0.59999999999995879,0.3228759765625,0.03802490234375,20.8277587890625
17,0.60248484825269877,0.32354736328125,0,20.9031982421875
18,0,0.14764404296875,1.4122314453125,0.5272216796875
18,0.00833333333333286,0.1495361328125,1.413330078125,0.9105224609375
18,0.016666666666665719,0.15142822265625,1.41448974609375,1.29388427734375
18,0.024999999999998579,0.15338134765625,1.41558837890625,1.67718505859375
18,0.033333333333324333,0.1552734375,1.41668701171875,2.060546875
18,0.041666666666657193,0.15716552734375,1.41778564453125,2.44384765625
18,0.049999999999990052,0.1590576171875,1.4189453125,2.82720947265625
18,0.058333333333322912,0.1610107421875,1.4200439453125,3.21051025390625
18,0.066666666666655772,0.16290283203125,1.421142578125,3.59381103515625
18,0.074999999999988631,0.164794921875,1.421875,3.97308349609375
18,0.083333333333321491,0.1666259765625,1.4219970703125,4.34417724609375
18,0.091666666666654351,0.16839599609375,1.42132568359375,4.7071533203125
18,0.09999999999998721,0.170166015625,1.41998291015625,5.06195068359375
18,0.10833333333332007,0.17193603515625,1.41796875,5.40863037109375
18,0.11666666666665293,0.173583984375,1.4151611328125,5.7471923828125
18,0.12499999999998579,0.17523193359375,1.4117431640625,6.07757568359375
18,0.13333333333331865,0.17681884765625,1.40753173828125,6.3997802734375
18,0.14166666666665151,0.17840576171875,1.40264892578125,6.7138671875
18,0.14999999999998437,0.179931640625,1.3970947265625,7.01983642578125
18,0.15833333333331723,0.181396484375,1.39080810546875,7.317626953125
18,0.16666666666665009,0.182861328125,1.38385009765625,7.6072998046875
18,0.17499999999998295,0.18426513671875,1.37615966796875,7.8887939453125
18,0.18333333333331581,0.18560791015625,1.36773681640625,8.162109375
18,0.19166666666664867,0.1868896484375,1.35870361328125,8.4273681640625
18,0.19999999999998153,0.18817138671875,1.348876953125,8.6844482421875
18,0.20833333333331439,0.189453125,1.33837890625,8.93743896484375
18,0.21666666666664725,0.19073486328125,1.32720947265625,9.1904296875
18,0.2249999999999801,0.19195556640625,1.31536865234375,9.44342041015625
18,0.23333333333331296,0.1932373046875,1.3028564453125,9.6964111328125
18,0.24166666666664582,0.1944580078125,1.28961181640625,9.94940185546875
18,0.24999999999997868,0.19573974609375,1.2757568359375,10.202392578125
18,0.25833333333331154,0.197021484375,1.26116943359375,10.45538330078125
18,0.2666666666666444,0.1982421875,1.24591064453125,10.7083740234375
18,0.27499999999997726,0.19952392578125,1.22998046875,10.96136474609375
18,0.28333333333331012,0.20074462890625,1.21331787109375,11.21435546875
18,0.291666666666643,0.2020263671875,1.196044921875,11.46734619140625
18,0.29999999999997584,0.20330810546875,1.17803955078125,11.72039794921875
18,0.3083333333333087,0.20452880859375,1.15936279296875,11.973388671875
18,0.31666666666664156,0.205810546875,1.1400146484375,12.22637939453125
18,0.32499999999997442,0.20703125,1.1199951171875,12.4793701171875
18,0.33333333333330728,0.20831298828125,1.099365234375,12.73236083984375
18,0.34166666666664014,0.2095947265625,1.0780029296875,12.9853515625
18,0.349999999999973,0.2108154296875,1.055908203125,13.23834228515625
18,0.35833333333330586,0.21209716796875,1.03314208984375,13.4913330078125
18,0.36666666666663872,0.21331787109375,1.009765625,13.74432373046875
18,0.37499999999997158,0.214599609375,0.98565673828125,13.997314453125
18,0.38333333333330444,0.21588134765625,0.96087646484375,14.25030517578125
18,0.3916666666666373,0.21710205078125,0.93536376953125,14.5032958984375
18,0.39999999999997016,0.2183837890625,0.90924072265625,14.75634765625
18,0.408333333333303,0.21966552734375,0.88238525390625,15.00933837890625
18,0.41666666666663588,0.22088623046875,0.85491943359375,15.2623291015625
18,0.42499999999996874,0.22216796875,0.82672119140625,15.51531982421875
18,0.4333333333333016,0.223388671875,0.7978515625,15.768310546875
18,0.44166666666663446,0.22467041015625,0.76824951171875,16.02130126953125
18,0.44999999999996732,0.2259521484375,0.73809814453125,16.2742919921875
18,0.45833333333330017,0.2271728515625,0.70721435546875,16.52728271484375
18,0.46666666666663303,0.22845458984375,0.67559814453125,16.7802734375
18,0.47499999999996589,0.22967529296875,0.643310546875,17.03326416015625
18,0.48333333333329875,0.23095703125,0.6103515625,17.2862548828125
18,0.49166666666663161,0.23223876953125,0.57672119140625,17.53924560546875
18,0.49999999999996447,0.23345947265625,0.54241943359375,17.79229736328125
18,0.50833333333329733,0.2347412109375,0.5074462890625,18.0452880859375
18,0.51666666666663019,0.2359619140625,0.47174072265625,18.29827880859375
18,0.524999999999963,0.23724365234375,0.43536376953125,18.55126953125
18,0.53333333333329591,0.238525390625,0.3983154296875,18.80426025390625
18,0.54166666666662877,0.23974609375,0.360595703125,19.0572509765625
18,0.54999999999996163,0.24102783203125,0.32220458984375,19.31024169921875
18,0.55833333333329449,0.24224853515625,0.283203125,19.563232421875
18,0.56666666666662735,0.2435302734375,0.24346923828125,19.81622314453125
18,0.57499999999996021,0.24481201171875,0.2030029296875,20.0692138671875
18,0.58333333333329307,0.24603271484375,0.161865234375,20.32220458984375
18,0.59166666666662593,0.247314453125,0.12005615234375,20.5751953125
18,0.59999999999995879,0.24853515625,0.07757568359375,20.8282470703125
18,0.60833333333329165,0.24981689453125,0.034423828125,21.08123779296875
18,0.61012302675039964,0.2501220703125,0,21.13555908203125
19,0,0.14764404296875,1.4122314453125,0.5272216796875
19,0.00833333333333286,0.1490478515625,1.413818359375,0.9105224609375
19,0.016666666666665719,0.15045166015625,1.4154052734375,1.29388427734375
19,0.024999999999998579,0.15191650390625,1.4169921875,1.67718505859375
19,0.03333333333332078,0.1533203125,1.41851806640625,2.060546875
19,0.04166666666665364,0.15472412109375,1.42010498046875,2.44384765625
19,0.0499999999999865,0.1561279296875,1.42169189453125,2.82720947265625
19,0.058333333333319359,0.1575927734375,1.42327880859375,3.21051025390625
19,0.066666666666652219,0.15899658203125,1.42486572265625,3.5938720703125
19,0.074999999999985079,0.160400390625,1.426025390625,3.97308349609375
19,0.083333333333317938,0.1617431640625,1.42657470703125,4.34417724609375
19,0.0916666666666508,0.1630859375,1.4263916015625,4.7071533203125
19,0.099999999999983658,0.1644287109375,1.42547607421875,5.06201171875
19,0.10833333333331652,0.16571044921875,1.423828125,5.40863037109375
19,0.11666666666664938,0.16693115234375,1.42144775390625,5.7471923828125
19,0.12499999999998224,0.16815185546875,1.41839599609375,6.07757568359375
19,0.1333333333333151,0.16937255859375,1.41461181640625,6.3997802734375
19,0.14166666666664796,0.1705322265625,1.41009521484375,6.7138671875
19,0.14999999999998082,0.17169189453125,1.4049072265625,7.01983642578125
19,0.15833333333331367,0.17279052734375,1.39898681640625,7.317626953125
19,0.16666666666664653,0.173828125,1.392333984375,7.6072998046875
19,0.17499999999997939,0.17486572265625,1.385009765625,7.8887939453125
19,0.18333333333331225,0.1759033203125,1.376953125,8.16217041015625
19,0.19166666666664511,0.1768798828125,1.36822509765625,8.4273681640625
19,0.19999999999997797,0.17779541015625,1.35870361328125,8.6844482421875
19,0.20833333333331083,0.17877197265625,1.3485107421875,8.93743896484375
19,0.21666666666664369,0.1796875,1.337646484375,9.1904296875
19,0.22499999999997655,0.18060302734375,1.3260498046875,9.44342041015625
19,0.23333333333330941,0.18157958984375,1.3138427734375,9.6964111328125
19,0.24166666666664227,0.1824951171875,1.3009033203125,9.94940185546875
19,0.24999999999997513,0.1834716796875,1.287353515625,10.202392578125
19,0.258333333333308,0.18438720703125,1.2730712890625,10.45538330078125
19,0.26666666666664085,0.185302734375,1.25811767578125,10.7083740234375
19,0.27499999999997371,0.186279296875,1.24249267578125,10.96142578125
19,0.28333333333330657,0.18719482421875,1.22613525390625,11.21441650390625
19,0.29166666666663943,0.1881103515625,1.209228515625,11.4674072265625
19,0.29999999999997229,0.1890869140625,1.1915283203125,11.72039794921875
19,0.30833333333330515,0.19000244140625,1.17315673828125,11.973388671875
19,0.316666666666638,0.19091796875,1.15411376953125,12.22637939453125
19,0.32499999999997087,0.19189453125,1.1343994140625,12.4793701171875
19,0.33333333333330373,0.19281005859375,1.114013671875,12.73236083984375
19,0.34166666666663659,0.1937255859375,1.09295654296875,12.9853515625
19,0.34999999999996945,0.1947021484375,1.0711669921875,13.23834228515625
19,0.35833333333330231,0.19561767578125,1.0487060546875,13.4913330078125
19,0.36666666666663517,0.196533203125,1.025634765625,13.74432373046875
19,0.374999999999968,0.197509765625,1.0018310546875,13.99737548828125
19,0.38333333333330089,0.19842529296875,0.97735595703125,14.2503662109375
19,0.39166666666663374,0.1993408203125,0.9521484375,14.50335693359375
19,0.3999999999999666,0.2003173828125,0.92633056640625,14.75634765625
19,0.40833333333329946,0.20123291015625,0.8997802734375,15.00933837890625
19,0.41666666666663232,0.2021484375,0.87261962890625,15.2623291015625
19,0.42499999999996518,0.203125,0.8447265625,15.51531982421875
19,0.43333333333329804,0.20404052734375,0.816162109375,15.768310546875
19,0.4416666666666309,0.2049560546875,0.78692626953125,16.02130126953125
19,0.44999999999996376,0.2059326171875,0.75701904296875,16.2742919921875
19,0.45833333333329662,0.20684814453125,0.7264404296875,16.52728271484375
19,0.46666666666662948,0.207763671875,0.69512939453125,16.78033447265625
19,0.47499999999996234,0.208740234375,0.66314697265625,17.0333251953125
19,0.4833333333332952,0.20965576171875,0.6304931640625,17.28631591796875
19,0.49166666666662806,0.2105712890625,0.59716796875,17.539306640625
19,0.49999999999996092,0.2115478515625,0.56317138671875,17.79229736328125
19,0.50833333333329378,0.21246337890625,0.52850341796875,18.0452880859375
19,0.51666666666662664,0.21337890625,0.49310302734375,18.29827880859375
19,0.5249999999999595,0.21435546875,0.45703125,18.55126953125
19,0.53333333333329236,0.21527099609375,0.4202880859375,18.80426025390625
19,0.54166666666662522,0.2161865234375,0.38287353515625,19.0572509765625
19,0.54999999999995808,0.2171630859375,0.34478759765625,19.31024169921875
19,0.55833333333329094,0.21807861328125,0.3060302734375,19.563232421875
19,0.5666666666666238,0.218994140625,0.2666015625,19.8162841796875
19,0.57499999999995666,0.219970703125,0.2264404296875,20.06927490234375
19,0.58333333333328952,0.22088623046875,0.18560791015625,20.322265625
19,0.59166666666662238,0.2218017578125,0.1441650390625,20.57525634765625
19,0.59999999999995524,0.2227783203125,0.10198974609375,20.8282470703125
19,0.6083333333332881,0.22369384765625,0.05914306640625,21.08123779296875
19,0.61486909818773428,0.22442626953125,0,21.2796630859375
20,0,0.14764404296875,1.4122314453125,0.5272216796875
20,0.00833333333333286,0.14947509765625,1.4132080078125,0.9105224609375
20,0.016666666666665719,0.1512451171875,1.4141845703125,1.29388427734375
20,0.024999999999998579,0.153076171875,1.41522216796875,1.67718505859375
20,0.03333333333332078,0.1549072265625,1.41619873046875,2.060546875
20,0.04166666666665364,0.15667724609375,1.41717529296875,2.44384765625
20,0.0499999999999865,0.15850830078125,1.41815185546875,2.82720947265625
20,0.058333333333319359,0.16033935546875,1.41912841796875,3.21051025390625
20,0.066666666666652219,0.162109375,1.420166015625,3.5938720703125
20,0.074999999999985079,0.1639404296875,1.4207763671875,3.97308349609375
20,0.083333333333317938,0.1656494140625,1.42071533203125,4.34423828125
20,0.0916666666666508,0.1673583984375,1.41998291015625,4.7071533203125
20,0.099999999999983658,0.1690673828125,1.41851806640625,5.06201171875
20,0.10833333333331652,0.17071533203125,1.41632080078125,5.40869140625
20,0.11666666666664938,0.17230224609375,1.4134521484375,5.7471923828125
20,0.12499999999998224,0.173828125,1.409912109375,6.07757568359375
20,0.1333333333333151,0.17535400390625,1.40557861328125,6.3997802734375
20,0.14166666666664796,0.17681884765625,1.40057373046875,6.7138671875
20,0.14999999999998082,0.17828369140625,1.3948974609375,7.01983642578125
20,0.15833333333331367,0.1796875,1.3885498046875,7.317626953125
20,0.16666666666664653,0.18109130859375,1.3814697265625,7.6072998046875
20,0.17499999999997939,0.182373046875,1.37371826171875,7.8887939453125
20,0.18333333333331225,0.1837158203125,1.365234375,8.16217041015625
20,0.19166666666664511,0.1849365234375,1.3560791015625,8.4273681640625
20,0.19999999999997797,0.1861572265625,1.34619140625,8.6844482421875
20,0.20833333333331083,0.18731689453125,1.3355712890625,8.93743896484375
20,0.21666666666664369,0.18853759765625,1.3243408203125,9.1904296875
20,0.22499999999997655,0.18975830078125,1.3123779296875,9.44342041015625
20,0.23333333333330941,0.19091796875,1.2998046875,9.6964111328125
20,0.24166666666664227,0.192138671875,1.28643798828125,9.94940185546875
20,0.24999999999997513,0.19329833984375,1.27252197265625,10.202392578125
20,0.258333333333308,0.19451904296875,1.25787353515625,10.45538330078125
20,0.26666666666664085,0.1956787109375,1.24249267578125,10.70843505859375
20,0.27499999999997371,0.1968994140625,1.22650146484375,10.96142578125
20,0.28333333333330657,0.1981201171875,1.20977783203125,11.21441650390625
20,0.29166666666663943,0.19927978515625,1.1923828125,11.4674072265625
20,0.29999999999997229,0.20050048828125,1.17431640625,11.72039794921875
20,0.30833333333330515,0.20166015625,1.15557861328125,11.973388671875
20,0.316666666666638,0.202880859375,1.1361083984375,12.22637939453125
20,0.32499999999997087,0.20404052734375,1.11602783203125,12.4793701171875
20,0.33333333333330373,0.20526123046875,1.09527587890625,12.73236083984375
20,0.34166666666663659,0.20648193359375,1.0738525390625,12.9853515625
20,0.34999999999996945,0.2076416015625,1.0516357421875,13.23834228515625
20,0.35833333333330231,0.2088623046875,1.02880859375,13.49139404296875
20,0.36666666666663517,0.21002197265625,1.00537109375,13.744384765625
20,0.374999999999968,0.21124267578125,0.98114013671875,13.99737548828125
20,0.38333333333330089,0.21240234375,0.956298828125,14.2503662109375
20,0.39166666666663374,0.213623046875,0.93072509765625,14.50335693359375
20,0.3999999999999666,0.21484375,0.90447998046875,14.75634765625
20,0.40833333333329946,0.21600341796875,0.8775634765625,15.00933837890625
20,0.41666666666663232,0.21722412109375,0.85003662109375,15.2623291015625
20,0.42499999999996518,0.2183837890625,0.82171630859375,15.51531982421875
20,0.43333333333329804,0.2196044921875,0.79278564453125,15.768310546875
20,0.4416666666666309,0.22076416015625,0.76312255859375,16.02130126953125
20,0.44999999999996376,0.22198486328125,0.73284912109375,16.27435302734375
20,0.45833333333329662,0.22320556640625,0.70184326171875,16.52734375
20,0.46666666666662948,0.224365234375,0.670166015625,16.78033447265625
20,0.47499999999996234,0.2255859375,0.6378173828125,17.0333251953125
20,0.4833333333332952,0.22674560546875,0.604736328125,17.28631591796875
20,0.49166666666662806,0.22796630859375,0.571044921875,17.539306640625
20,0.49999999999996092,0.2291259765625,0.53668212890625,17.79229736328125
20,0.50833333333329378,0.2303466796875,0.5015869140625,18.0452880859375
20,0.51666666666662664,0.23150634765625,0.4658203125,18.29827880859375
20,0.5249999999999595,0.23272705078125,0.42938232421875,18.55126953125
20,0.53333333333329236,0.23394775390625,0.3922119140625,18.8043212890625
20,0.54166666666662522,0.235107421875,0.35443115234375,19.05731201171875
20,0.54999999999995808,0.236328125,0.31597900390625,19.310302734375
20,0.55833333333329094,0.23748779296875,0.27685546875,19.56329345703125
20,0.5666666666666238,0.23870849609375,0.23699951171875,19.8162841796875
20,0.57499999999995666,0.2398681640625,0.19647216796875,20.06927490234375
20,0.58333333333328952,0.2410888671875,0.1552734375,20.322265625
20,0.59166666666662238,0.2423095703125,0.11334228515625,20.57525634765625
20,0.59999999999995524,0.24346923828125,0.07080078125,20.8282470703125
20,0.6083333333332881,0.24468994140625,0.027587890625,21.08123779296875
20,0.60882175907007763,0.2447509765625,0,21.0960693359375
