[Licensing::Module] Trying to connect to existing licensing client channel...
Built from '6000.3/staging' branch; Version is '6000.3.9f1 (7a9955a4f2fa) revision 8034645'; Using compiler version '194234433'; Build Type 'Release'
[Licensing::IpcConnector] Successfully connected to: "LicenseClient-wepie" at "2026-09-11T05:45:58.4255893Z"
OS: 'Windows 11  (10.0.26100) EnterpriseS' Language: 'zh' Physical Memory: 32493 MB
BatchMode: 1, IsHumanControllingUs: 0, StartBugReporterOnCrash: 0, Is64bit: 1
System  architecture: x64
Process architecture: x64
Date: 2026-09-11T05:45:58Z

COMMAND LINE ARGUMENTS:
C:\Program Files\Unity\Hub\Editor\6000.3.9f1\Editor\Unity.exe
-batchmode
-nographics
-quit
-projectPath
D:\XPHUNITY\ProjectSplatoon
-logFile
D:\XPHUNITY\ProjectSplatoon\unity-static-check.log
Successfully changed project path to: D:\XPHUNITY\ProjectSplatoon
D:/XPHUNITY/ProjectSplatoon
[UnityMemory] Configuration Parameters - Can be set up in boot.config
    "memorysetup-temp-allocator-size-nav-mesh-worker=65536"
    "memorysetup-temp-allocator-size-audio-worker=65536"
    "memorysetup-temp-allocator-size-gfx=262144"
    "memorysetup-allocator-temp-initial-block-size-main=262144"
    "memorysetup-allocator-temp-initial-block-size-worker=262144"
    "memorysetup-temp-allocator-size-background-worker=32768"
    "memorysetup-temp-allocator-size-job-worker=262144"
    "memorysetup-temp-allocator-size-preload-manager=33554432"
    "memorysetup-temp-allocator-size-gi-baking-worker=262144"
    "memorysetup-temp-allocator-size-gi-baking-worker=262144"
    "memorysetup-temp-allocator-size-gi-baking-worker=262144"
    "memorysetup-temp-allocator-size-gi-baking-worker=262144"
    "memorysetup-temp-allocator-size-gi-baking-worker=262144"
    "memorysetup-bucket-allocator-granularity=16"
    "memorysetup-bucket-allocator-bucket-count=8"
    "memorysetup-bucket-allocator-block-size=33554432"
    "memorysetup-bucket-allocator-block-count=8"
    "memorysetup-main-allocator-block-size=16777216"
    "memorysetup-thread-allocator-block-size=16777216"
    "memorysetup-gfx-main-allocator-block-size=16777216"
    "memorysetup-gfx-thread-allocator-block-size=16777216"
    "memorysetup-cache-allocator-block-size=4194304"
    "memorysetup-typetree-allocator-block-size=2097152"
    "memorysetup-profiler-bucket-allocator-granularity=16"
    "memorysetup-profiler-bucket-allocator-bucket-count=8"
    "memorysetup-profiler-bucket-allocator-block-size=33554432"
    "memorysetup-profiler-bucket-allocator-block-count=8"
    "memorysetup-profiler-allocator-block-size=16777216"
    "memorysetup-profiler-editor-allocator-block-size=1048576"
    "memorysetup-temp-allocator-size-main=16777216"
    "memorysetup-job-temp-allocator-block-size=2097152"
    "memorysetup-job-temp-allocator-block-size-background=1048576"
    "memorysetup-job-temp-allocator-reduction-small-platforms=262144"
    "memorysetup-temp-allocator-size-cloud-worker=32768"
Player connection [42912]  Target information:

Player connection [42912]  * "[IP] 10.20.16.139 [Port] 55505 [Flags] 2 [Guid] 342822996 [EditorId] 342822996 [Version] 1048832 [Id] WindowsEditor(7,WINDOWS-6I36FOP) [Debug] 1 [PackageName] WindowsEditor [ProjectName] Editor" 

Player connection [42912]  * "[IP] 172.29.192.1 [Port] 55505 [Flags] 2 [Guid] 342822996 [EditorId] 342822996 [Version] 1048832 [Id] WindowsEditor(7,WINDOWS-6I36FOP) [Debug] 1 [PackageName] WindowsEditor [ProjectName] Editor" 

Player connection [42912] Host joined multi-casting on [225.0.0.222:54997]...
Player connection [42912] Host joined alternative multi-casting on [225.0.0.222:34997]...
Input System module state changed to: Initialized.
[Physics::Module] Initialized fallback backend.
[Physics::Module] Id: 0xdecafbad
[Package Manager] Connected to IPC stream "Upm-33832" after 0.7 seconds.
[Licensing::Module] Licensing is not yet initialized.
[Licensing::Client] Handshaking with LicensingClient:
  Version:                 1.17.4+4293ba1
  Session Id:              a5ef599a61534b6a9e0342db98e0cb8a
  Correlation Id:          a5939acea79b36dec178738af348d256
  External correlation Id: 8769232975670873755
  Machine Id:              3udmSKDil/akvqp3MRTQQPjwRHs=
[Licensing::Module] Successfully connected to LicensingClient on channel: "LicenseClient-wepie" (connect: 0.00s, validation: 0.00s, handshake: 4.18s)
[Licensing::IpcConnector] Successfully connected to: "LicenseClient-wepie-notifications" at "2026-09-11T05:46:02.6049562Z"
[Licensing::Module] Error: Access token is unavailable; failed to update
[Licensing::Client] Successfully resolved entitlement details
[Licensing::Module] License group:
  Id: ewogICJzdWJzR3JvdXAiIDogInVuaXR5IGVkaXRvciIsCiAgIm5hbWVzcGFjZSIgOiAidW5pdHlfZWRpdG9yIiwKICAidHlwZSIgOiAiRURJVE9SIiwKICAidGFnIiA6ICJVbml0eVBlcnNvbmFsXXXX
  Product: Unity Personal Version
  Type: Assigned
  Expiration: Unlimited
[Licensing::Client] Successfully updated license, isAsync: True, time: 0.00
[Licensing::Client] Successfully resolved entitlement details
[Licensing::Module] Licensing Background thread has ended after 4.19s
[Licensing::Module] Licensing is initialized (took 3.05s).
[Licensing::Client] Successfully resolved entitlement details
Library Redirect Path: Library/
[Physics::Module] Selected backend.
[Physics::Module] Name: PhysX
[Physics::Module] Id: 0xf2b8ea05
[Physics::Module] SDK Version: 4.1.2
[Physics::Module] Integration Version: 1.0.0
[Physics::Module] Threading Mode: Multi-Threaded
Artifact Garbage Collection - Removed 2 unused hashed content files
Refreshing native plugins compatible for Editor in 0.15 ms, found 0 plugins.
Preloading 0 native plugins for Editor in 0.00 ms.
Initialize engine version: 6000.3.9f1 (7a9955a4f2fa)
[Subsystems] Discovering subsystems at path C:/Program Files/Unity/Hub/Editor/6000.3.9f1/Editor/Data/Resources/UnitySubsystems
[Subsystems] Discovering subsystems at path D:/XPHUNITY/ProjectSplatoon/Assets
Forcing GfxDevice: Null
GfxDevice: creating device client; kGfxThreadingModeNonThreaded
NullGfxDevice:
    Version:  NULL 1.0 [1.0]
    Renderer: Null Device
    Vendor:   Unity Technologies
Initialize mono
Mono path[0] = 'C:/Program Files/Unity/Hub/Editor/6000.3.9f1/Editor/Data/Managed'
Mono path[1] = 'C:/Program Files/Unity/Hub/Editor/6000.3.9f1/Editor/Data/MonoBleedingEdge/lib/mono/unityjit-win32'
Mono config path = 'C:/Program Files/Unity/Hub/Editor/6000.3.9f1/Editor/Data/MonoBleedingEdge/etc'
Using monoOptions --debugger-agent=transport=dt_socket,embedding=1,server=y,suspend=n,address=127.0.0.1:56832
Using cacheserver namespaces - metadata:defaultmetadata, artifacts:defaultartifacts
Using cacheserver namespaces - metadata:defaultmetadata, artifacts:defaultartifacts
ImportWorker Server TCP listen port: 0
AcceleratorClientConnectionCallback - disconnected - :0
Begin MonoManager ReloadAssembly
Registering precompiled unity dll's ...
Register platform support module: C:/Program Files/Unity/Hub/Editor/6000.3.9f1/Editor/Data/PlaybackEngines/WindowsStandaloneSupport/UnityEditor.WindowsStandalone.Extensions.dll
[Licensing::Client] Successfully resolved entitlement details
Register platform support module: C:/Program Files/Unity/Hub/Editor/6000.3.9f1/Editor/Data/PlaybackEngines/AndroidPlayer/UnityEditor.Android.Extensions.dll
[Licensing::Client] Successfully resolved entitlement details
Register platform support module: C:/Program Files/Unity/Hub/Editor/6000.3.9f1/Editor/Data/PlaybackEngines/iOSSupport/UnityEditor.iOS.Extensions.dll
Registered in 0.031545 seconds.
- Loaded All Assemblies, in  0.509 seconds
Native extension for iOS target not found
Native extension for Android target not found
Android Extension - Scanning For ADB Devices 473 ms
Native extension for WindowsStandalone target not found
ScheduleIndexationOnStartup MainProcess:False IndexOnStartup:True
Mono: successfully reloaded assembly
- Finished resetting the current domain, in  1.099 seconds
Domain Reload Profiling: 1604ms
	BeginReloadAssembly (158ms)
		ExecutionOrderSort (0ms)
		DisableScriptedObjects (0ms)
		BackupInstance (0ms)
		ReleaseScriptingObjects (0ms)
		CreateAndSetChildDomain (15ms)
	RebuildCommonClasses (54ms)
	RebuildNativeTypeToScriptingClass (15ms)
	initialDomainReloadingComplete (85ms)
	LoadAllAssembliesAndSetupDomain (193ms)
		LoadAssemblies (138ms)
		RebuildTransferFunctionScriptingTraits (0ms)
		AnalyzeDomain (189ms)
			TypeCache.Refresh (187ms)
				TypeCache.ScanAssembly (172ms)
			BuildScriptInfoCaches (0ms)
			ResolveRequiredComponents (1ms)
	FinalizeReload (1100ms)
		ReleaseScriptCaches (0ms)
		RebuildScriptCaches (0ms)
		SetupLoadedEditorAssemblies (1055ms)
			LogAssemblyErrors (0ms)
			InitializePlatformSupportModulesInManaged (583ms)
			SetLoadedEditorAssemblies (6ms)
			BeforeProcessingInitializeOnLoad (121ms)
			ProcessInitializeOnLoadAttributes (222ms)
			ProcessInitializeOnLoadMethodAttributes (123ms)
			AfterProcessingInitializeOnLoad (0ms)
			EditorAssembliesLoaded (0ms)
		ExecutionOrderSort2 (0ms)
		AwakeInstancesAfterBackupRestoration (0ms)
[Licensing::Client] Successfully resolved entitlement details
Application.AssetDatabase Initial Refresh Start
Package Manager log level set to [2]
[Package Manager] Restoring resolved packages state from cache
[Licensing::Client] Successfully resolved entitlement details
[Package Manager] Registered 62 packages:
  Packages from [https://packages.unity.com]:
    com.unity.ai.navigation@2.0.10 (location: D:\XPHUNITY\ProjectSplatoon\Library\PackageCache\com.unity.ai.navigation@c33a115e9883)
    com.unity.collab-proxy@2.11.3 (location: D:\XPHUNITY\ProjectSplatoon\Library\PackageCache\com.unity.collab-proxy@e566cd3e7623)
    com.unity.ide.rider@3.0.39 (location: D:\XPHUNITY\ProjectSplatoon\Library\PackageCache\com.unity.ide.rider@4504839d03f7)
    com.unity.ide.visualstudio@2.0.26 (location: D:\XPHUNITY\ProjectSplatoon\Library\PackageCache\com.unity.ide.visualstudio@a99d56dec63f)
    com.unity.inputsystem@1.18.0 (location: D:\XPHUNITY\ProjectSplatoon\Library\PackageCache\com.unity.inputsystem@57d0e36f6123)
    com.unity.addressables@2.8.1 (location: D:\XPHUNITY\ProjectSplatoon\Library\PackageCache\com.unity.addressables@2dc42e61a5f5)
    com.unity.netcode.gameobjects@2.7.0 (location: D:\XPHUNITY\ProjectSplatoon\Library\PackageCache\com.unity.netcode.gameobjects@bd2a018756ed)
    com.unity.transport@2.6.0 (location: D:\XPHUNITY\ProjectSplatoon\Library\PackageCache\com.unity.transport@6e74a0e6481d)
    com.unity.timeline@1.8.10 (location: D:\XPHUNITY\ProjectSplatoon\Library\PackageCache\com.unity.timeline@7f8b2fb101b6)
    com.unity.visualscripting@1.9.9 (location: D:\XPHUNITY\ProjectSplatoon\Library\PackageCache\com.unity.visualscripting@191c0d7e3b69)
    com.unity.burst@1.8.28 (location: D:\XPHUNITY\ProjectSplatoon\Library\PackageCache\com.unity.burst@07790c2d06d9)
    com.unity.collections@2.6.2 (location: D:\XPHUNITY\ProjectSplatoon\Library\PackageCache\com.unity.collections@aea9d3bd5e19)
    com.unity.mathematics@1.3.3 (location: D:\XPHUNITY\ProjectSplatoon\Library\PackageCache\com.unity.mathematics@19a9377c4ffa)
    com.unity.nuget.mono-cecil@1.11.6 (location: D:\XPHUNITY\ProjectSplatoon\Library\PackageCache\com.unity.nuget.mono-cecil@ecb9724e46ff)
    com.unity.profiling.core@1.0.3 (location: D:\XPHUNITY\ProjectSplatoon\Library\PackageCache\com.unity.profiling.core@8a49f7027d06)
    com.unity.scriptablebuildpipeline@2.5.2 (location: D:\XPHUNITY\ProjectSplatoon\Library\PackageCache\com.unity.scriptablebuildpipeline@418957ab75a6)
    com.unity.searcher@4.9.4 (location: D:\XPHUNITY\ProjectSplatoon\Library\PackageCache\com.unity.searcher@d45a78918735)
    com.unity.test-framework.performance@3.2.0 (location: D:\XPHUNITY\ProjectSplatoon\Library\PackageCache\com.unity.test-framework.performance@0840f58e4562)
  Built-in packages:
    com.unity.multiplayer.center@1.0.1 (location: D:\XPHUNITY\ProjectSplatoon\Library\PackageCache\com.unity.multiplayer.center@f01f4ba8d00a)
    com.unity.render-pipelines.universal@17.3.0 (location: D:\XPHUNITY\ProjectSplatoon\Library\PackageCache\com.unity.render-pipelines.universal@7327e77c1cc2)
    com.unity.test-framework@1.6.0 (location: D:\XPHUNITY\ProjectSplatoon\Library\PackageCache\com.unity.test-framework@0b7a23ab2e1d)
    com.unity.ugui@2.0.0 (location: D:\XPHUNITY\ProjectSplatoon\Library\PackageCache\com.unity.ugui@bb329a87fcdc)
    com.unity.modules.accessibility@1.0.0 (location: D:\XPHUNITY\ProjectSplatoon\Library\PackageCache\com.unity.modules.accessibility)
    com.unity.modules.adaptiveperformance@1.0.0 (location: D:\XPHUNITY\ProjectSplatoon\Library\PackageCache\com.unity.modules.adaptiveperformance)
    com.unity.modules.ai@1.0.0 (location: D:\XPHUNITY\ProjectSplatoon\Library\PackageCache\com.unity.modules.ai)
    com.unity.modules.androidjni@1.0.0 (location: D:\XPHUNITY\ProjectSplatoon\Library\PackageCache\com.unity.modules.androidjni)
    com.unity.modules.animation@1.0.0 (location: D:\XPHUNITY\ProjectSplatoon\Library\PackageCache\com.unity.modules.animation)
    com.unity.modules.assetbundle@1.0.0 (location: D:\XPHUNITY\ProjectSplatoon\Library\PackageCache\com.unity.modules.assetbundle)
    com.unity.modules.audio@1.0.0 (location: D:\XPHUNITY\ProjectSplatoon\Library\PackageCache\com.unity.modules.audio)
    com.unity.modules.cloth@1.0.0 (location: D:\XPHUNITY\ProjectSplatoon\Library\PackageCache\com.unity.modules.cloth)
    com.unity.modules.director@1.0.0 (location: D:\XPHUNITY\ProjectSplatoon\Library\PackageCache\com.unity.modules.director)
    com.unity.modules.imageconversion@1.0.0 (location: D:\XPHUNITY\ProjectSplatoon\Library\PackageCache\com.unity.modules.imageconversion)
    com.unity.modules.imgui@1.0.0 (location: D:\XPHUNITY\ProjectSplatoon\Library\PackageCache\com.unity.modules.imgui)
    com.unity.modules.jsonserialize@1.0.0 (location: D:\XPHUNITY\ProjectSplatoon\Library\PackageCache\com.unity.modules.jsonserialize)
    com.unity.modules.particlesystem@1.0.0 (location: D:\XPHUNITY\ProjectSplatoon\Library\PackageCache\com.unity.modules.particlesystem)
    com.unity.modules.physics@1.0.0 (location: D:\XPHUNITY\ProjectSplatoon\Library\PackageCache\com.unity.modules.physics)
    com.unity.modules.physics2d@1.0.0 (location: D:\XPHUNITY\ProjectSplatoon\Library\PackageCache\com.unity.modules.physics2d)
    com.unity.modules.screencapture@1.0.0 (location: D:\XPHUNITY\ProjectSplatoon\Library\PackageCache\com.unity.modules.screencapture)
    com.unity.modules.terrain@1.0.0 (location: D:\XPHUNITY\ProjectSplatoon\Library\PackageCache\com.unity.modules.terrain)
    com.unity.modules.terrainphysics@1.0.0 (location: D:\XPHUNITY\ProjectSplatoon\Library\PackageCache\com.unity.modules.terrainphysics)
    com.unity.modules.tilemap@1.0.0 (location: D:\XPHUNITY\ProjectSplatoon\Library\PackageCache\com.unity.modules.tilemap)
    com.unity.modules.ui@1.0.0 (location: D:\XPHUNITY\ProjectSplatoon\Library\PackageCache\com.unity.modules.ui)
    com.unity.modules.uielements@1.0.0 (location: D:\XPHUNITY\ProjectSplatoon\Library\PackageCache\com.unity.modules.uielements)
    com.unity.modules.umbra@1.0.0 (location: D:\XPHUNITY\ProjectSplatoon\Library\PackageCache\com.unity.modules.umbra)
    com.unity.modules.unityanalytics@1.0.0 (location: D:\XPHUNITY\ProjectSplatoon\Library\PackageCache\com.unity.modules.unityanalytics)
    com.unity.modules.unitywebrequest@1.0.0 (location: D:\XPHUNITY\ProjectSplatoon\Library\PackageCache\com.unity.modules.unitywebrequest)
    com.unity.modules.unitywebrequestassetbundle@1.0.0 (location: D:\XPHUNITY\ProjectSplatoon\Library\PackageCache\com.unity.modules.unitywebrequestassetbundle)
    com.unity.modules.unitywebrequestaudio@1.0.0 (location: D:\XPHUNITY\ProjectSplatoon\Library\PackageCache\com.unity.modules.unitywebrequestaudio)
    com.unity.modules.unitywebrequesttexture@1.0.0 (location: D:\XPHUNITY\ProjectSplatoon\Library\PackageCache\com.unity.modules.unitywebrequesttexture)
    com.unity.modules.unitywebrequestwww@1.0.0 (location: D:\XPHUNITY\ProjectSplatoon\Library\PackageCache\com.unity.modules.unitywebrequestwww)
    com.unity.modules.vectorgraphics@1.0.0 (location: D:\XPHUNITY\ProjectSplatoon\Library\PackageCache\com.unity.modules.vectorgraphics)
    com.unity.modules.vehicles@1.0.0 (location: D:\XPHUNITY\ProjectSplatoon\Library\PackageCache\com.unity.modules.vehicles)
    com.unity.modules.video@1.0.0 (location: D:\XPHUNITY\ProjectSplatoon\Library\PackageCache\com.unity.modules.video)
    com.unity.modules.vr@1.0.0 (location: D:\XPHUNITY\ProjectSplatoon\Library\PackageCache\com.unity.modules.vr)
    com.unity.modules.wind@1.0.0 (location: D:\XPHUNITY\ProjectSplatoon\Library\PackageCache\com.unity.modules.wind)
    com.unity.modules.xr@1.0.0 (location: D:\XPHUNITY\ProjectSplatoon\Library\PackageCache\com.unity.modules.xr)
    com.unity.modules.subsystems@1.0.0 (location: D:\XPHUNITY\ProjectSplatoon\Library\PackageCache\com.unity.modules.subsystems)
    com.unity.modules.hierarchycore@1.0.0 (location: D:\XPHUNITY\ProjectSplatoon\Library\PackageCache\com.unity.modules.hierarchycore)
    com.unity.ext.nunit@2.0.5 (location: D:\XPHUNITY\ProjectSplatoon\Library\PackageCache\com.unity.ext.nunit@d8c07649098d)
    com.unity.render-pipelines.core@17.3.0 (location: D:\XPHUNITY\ProjectSplatoon\Library\PackageCache\com.unity.render-pipelines.core@04ab0eefa0c3)
    com.unity.shadergraph@17.3.0 (location: D:\XPHUNITY\ProjectSplatoon\Library\PackageCache\com.unity.shadergraph@f80b792d4861)
    com.unity.render-pipelines.universal-config@17.0.3 (location: D:\XPHUNITY\ProjectSplatoon\Library\PackageCache\com.unity.render-pipelines.universal-config@8dc1aab4af1d)
[Subsystems] No new subsystems found in resolved package list.
[Package Manager] Done registering packages in 0.03 seconds
[ScriptCompilation] Requested script compilation because: Assetdatabase observed changes in script compilation related files
Starting: C:\Program Files\Unity\Hub\Editor\6000.3.9f1\Editor\Data\Tools\BuildPipeline\bee_backend.exe --ipc --defer-dag-verification --dagfile="Library/Bee/1900b0aEDbg.dag" --continue-on-failure --profile="Library/Bee/backend1.traceevents" ScriptAssemblies
WorkingDir: D:/XPHUNITY/ProjectSplatoon
DisplayProgressbar: Compiling Scripts
ExitCode: 0 Duration: 3s998ms
[ 887/1154  0s] ILPP-Configuration Library/ilpp-configuration.nevergeneratedoutput
[1134/1154  0s] Csc Library/Bee/artifacts/1900b0aEDbg.dag/Splatoon.dll (+2 others)
[1135/1154  0s] Csc Library/Bee/artifacts/1900b0aEDbg.dag/Splatoon.Tests.dll (+2 others)
[1136/1154  0s] Csc Library/Bee/artifacts/1900b0aEDbg.dag/Splatoon.Editor.dll (+2 others)
[1137/1154  0s] ILPostProcess Library/Bee/artifacts/1900b0aEDbg.dag/post-processed/Splatoon.Editor.dll (+pdb)
Processing assembly Library/Bee/artifacts/1900b0aEDbg.dag/Splatoon.Editor.dll, with 135 defines and 301 references

processors: Unity.Jobs.CodeGen.JobsILPostProcessor, Unity.Netcode.Editor.CodeGen.INetworkMessageILPP, Unity.Netcode.Editor.CodeGen.INetworkSerializableILPP, Unity.Netcode.Editor.CodeGen.NetworkBehaviourILPP, Unity.Netcode.Editor.CodeGen.RuntimeAccessModifiersILPP, zzzUnity.Burst.CodeGen.BurstILPostProcessor

running Unity.Jobs.CodeGen.JobsILPostProcessor

running Unity.Netcode.Editor.CodeGen.INetworkMessageILPP

running Unity.Netcode.Editor.CodeGen.INetworkSerializableILPP

running Unity.Netcode.Editor.CodeGen.NetworkBehaviourILPP

running Unity.Netcode.Editor.CodeGen.RuntimeAccessModifiersILPP

running zzzUnity.Burst.CodeGen.BurstILPostProcessor
[1138/1154  0s] ILPostProcess Library/Bee/artifacts/1900b0aEDbg.dag/post-processed/Splatoon.Tests.dll (+pdb)
Processing assembly Library/Bee/artifacts/1900b0aEDbg.dag/Splatoon.Tests.dll, with 135 defines and 279 references

processors: Unity.Jobs.CodeGen.JobsILPostProcessor, Unity.Netcode.Editor.CodeGen.INetworkMessageILPP, Unity.Netcode.Editor.CodeGen.INetworkSerializableILPP, Unity.Netcode.Editor.CodeGen.NetworkBehaviourILPP, Unity.Netcode.Editor.CodeGen.RuntimeAccessModifiersILPP, zzzUnity.Burst.CodeGen.BurstILPostProcessor

running Unity.Jobs.CodeGen.JobsILPostProcessor

running Unity.Netcode.Editor.CodeGen.INetworkMessageILPP

running Unity.Netcode.Editor.CodeGen.INetworkSerializableILPP

running Unity.Netcode.Editor.CodeGen.NetworkBehaviourILPP

running Unity.Netcode.Editor.CodeGen.RuntimeAccessModifiersILPP

running zzzUnity.Burst.CodeGen.BurstILPostProcessor
[1139/1154  0s] CopyFiles Library/ScriptAssemblies/Splatoon.Editor.pdb
[1140/1154  0s] CopyFiles Library/ScriptAssemblies/Splatoon.Editor.dll
[1141/1154  0s] CopyFiles Library/ScriptAssemblies/Splatoon.Tests.dll
[1142/1154  0s] CopyFiles Library/ScriptAssemblies/Splatoon.Tests.pdb
[1143/1154  0s] Csc Library/Bee/artifacts/1900b0aEDbg.dag/Assembly-CSharp.dll (+2 others)
[1144/1154  0s] Csc Library/Bee/artifacts/1900b0aEDbg.dag/Assembly-CSharp-Editor.dll (+2 others)
[1145/1154  0s] ILPostProcess Library/Bee/artifacts/1900b0aEDbg.dag/post-processed/Assembly-CSharp.dll (+pdb)
Processing assembly Library/Bee/artifacts/1900b0aEDbg.dag/Assembly-CSharp.dll, with 137 defines and 350 references

processors: Unity.Jobs.CodeGen.JobsILPostProcessor, Unity.Netcode.Editor.CodeGen.INetworkMessageILPP, Unity.Netcode.Editor.CodeGen.INetworkSerializableILPP, Unity.Netcode.Editor.CodeGen.NetworkBehaviourILPP, Unity.Netcode.Editor.CodeGen.RuntimeAccessModifiersILPP, zzzUnity.Burst.CodeGen.BurstILPostProcessor

running Unity.Jobs.CodeGen.JobsILPostProcessor

running Unity.Netcode.Editor.CodeGen.INetworkMessageILPP

running Unity.Netcode.Editor.CodeGen.INetworkSerializableILPP

running Unity.Netcode.Editor.CodeGen.NetworkBehaviourILPP

running Unity.Netcode.Editor.CodeGen.RuntimeAccessModifiersILPP

running zzzUnity.Burst.CodeGen.BurstILPostProcessor
[1146/1154  0s] CopyFiles Library/ScriptAssemblies/Assembly-CSharp.pdb
[1147/1154  0s] CopyFiles Library/ScriptAssemblies/Assembly-CSharp.dll
[1148/1154  0s] ILPostProcess Library/Bee/artifacts/1900b0aEDbg.dag/post-processed/Assembly-CSharp-Editor.dll (+pdb)
Processing assembly Library/Bee/artifacts/1900b0aEDbg.dag/Assembly-CSharp-Editor.dll, with 135 defines and 371 references

processors: Unity.Jobs.CodeGen.JobsILPostProcessor, Unity.Netcode.Editor.CodeGen.INetworkMessageILPP, Unity.Netcode.Editor.CodeGen.INetworkSerializableILPP, Unity.Netcode.Editor.CodeGen.NetworkBehaviourILPP, Unity.Netcode.Editor.CodeGen.RuntimeAccessModifiersILPP, zzzUnity.Burst.CodeGen.BurstILPostProcessor

running Unity.Jobs.CodeGen.JobsILPostProcessor

running Unity.Netcode.Editor.CodeGen.INetworkMessageILPP

running Unity.Netcode.Editor.CodeGen.INetworkSerializableILPP

running Unity.Netcode.Editor.CodeGen.NetworkBehaviourILPP

running Unity.Netcode.Editor.CodeGen.RuntimeAccessModifiersILPP

running zzzUnity.Burst.CodeGen.BurstILPostProcessor
[1149/1154  0s] CopyFiles Library/ScriptAssemblies/Assembly-CSharp-Editor.pdb
[1150/1154  0s] CopyFiles Library/ScriptAssemblies/Assembly-CSharp-Editor.dll
[1151/1154  3s] ILPostProcess Library/Bee/artifacts/1900b0aEDbg.dag/post-processed/Splatoon.dll (+pdb)
Processing assembly Library/Bee/artifacts/1900b0aEDbg.dag/Splatoon.dll, with 137 defines and 295 references

processors: Unity.Jobs.CodeGen.JobsILPostProcessor, Unity.Netcode.Editor.CodeGen.INetworkMessageILPP, Unity.Netcode.Editor.CodeGen.INetworkSerializableILPP, Unity.Netcode.Editor.CodeGen.NetworkBehaviourILPP, Unity.Netcode.Editor.CodeGen.RuntimeAccessModifiersILPP, zzzUnity.Burst.CodeGen.BurstILPostProcessor

running Unity.Jobs.CodeGen.JobsILPostProcessor

running Unity.Netcode.Editor.CodeGen.INetworkMessageILPP

running Unity.Netcode.Editor.CodeGen.INetworkSerializableILPP

running Unity.Netcode.Editor.CodeGen.NetworkBehaviourILPP

running Unity.Netcode.Editor.CodeGen.RuntimeAccessModifiersILPP

running zzzUnity.Burst.CodeGen.BurstILPostProcessor
[1152/1154  0s] CopyFiles Library/ScriptAssemblies/Splatoon.dll
[1153/1154  0s] CopyFiles Library/ScriptAssemblies/Splatoon.pdb
*** Tundra build success (3.95 seconds), 21 items updated, 1154 evaluated
AssetDatabase: script compilation time: 4.662137s
Begin MonoManager ReloadAssembly
- Loaded All Assemblies, in  3.265 seconds
Refreshing native plugins compatible for Editor in 1.53 ms, found 3 plugins.
Native extension for iOS target not found
Native extension for Android target not found
Native extension for WindowsStandalone target not found
[ScriptCompilation] Requested script compilation because: Define symbols changed
ScheduleIndexationOnStartup MainProcess:True IndexOnStartup:True
Mono: successfully reloaded assembly
- Finished resetting the current domain, in  9.355 seconds
Domain Reload Profiling: 12615ms
	BeginReloadAssembly (418ms)
		ExecutionOrderSort (0ms)
		DisableScriptedObjects (26ms)
		BackupInstance (0ms)
		ReleaseScriptingObjects (0ms)
		CreateAndSetChildDomain (186ms)
	RebuildCommonClasses (57ms)
	RebuildNativeTypeToScriptingClass (16ms)
	initialDomainReloadingComplete (49ms)
	LoadAllAssembliesAndSetupDomain (2718ms)
		LoadAssemblies (2148ms)
		RebuildTransferFunctionScriptingTraits (0ms)
		AnalyzeDomain (709ms)
			TypeCache.Refresh (494ms)
				TypeCache.ScanAssembly (465ms)
			BuildScriptInfoCaches (191ms)
			ResolveRequiredComponents (16ms)
	FinalizeReload (9356ms)
		ReleaseScriptCaches (0ms)
		RebuildScriptCaches (0ms)
		SetupLoadedEditorAssemblies (8927ms)
			LogAssemblyErrors (0ms)
			InitializePlatformSupportModulesInManaged (58ms)
			SetLoadedEditorAssemblies (6ms)
			BeforeProcessingInitializeOnLoad (310ms)
			ProcessInitializeOnLoadAttributes (7107ms)
			ProcessInitializeOnLoadMethodAttributes (1431ms)
			AfterProcessingInitializeOnLoad (14ms)
			EditorAssembliesLoaded (0ms)
		ExecutionOrderSort2 (0ms)
		AwakeInstancesAfterBackupRestoration (38ms)
Starting: C:\Program Files\Unity\Hub\Editor\6000.3.9f1\Editor\Data\Tools\BuildPipeline\bee_backend.exe --ipc --defer-dag-verification --dagfile="Library/Bee/1900b0aEDbg.dag" --continue-on-failure --profile="Library/Bee/backend1.traceevents" ScriptAssemblies
WorkingDir: D:/XPHUNITY/ProjectSplatoon
Starting: C:\Program Files\Unity\Hub\Editor\6000.3.9f1\Editor\Data\netcorerun\netcorerun.exe "C:\Program Files\Unity\Hub\Editor\6000.3.9f1\Editor\Data\Tools\BuildPipeline\ScriptCompilationBuildProgram.exe" "Library/Bee/1900b0aEDbg.dag.json" "Library/Bee/1900b0aEDbg-inputdata.json" "Library\Bee\buildprogram0.traceevents"
WorkingDir: D:/XPHUNITY/ProjectSplatoon
ExitCode: 4 Duration: 0s671ms
[ 892/1154  0s] ILPP-Configuration Library/ilpp-configuration.nevergeneratedoutput
Rebuilding DAG because FileSignature timestamp changed: Library/Bee/1900b0aEDbg-inputdata.json
*** Tundra requires additional run (0.62 seconds), 1 items updated, 1154 evaluated
ExitCode: 0 Duration: 1s378ms
Starting: C:\Program Files\Unity\Hub\Editor\6000.3.9f1\Editor\Data\Tools\BuildPipeline\bee_backend.exe --ipc --defer-dag-verification --dagfile="Library/Bee/1900b0aEDbg.dag" --continue-on-failure --dagfilejson="Library\Bee\1900b0aEDbg.dag.json" --profile="Library/Bee/backend2.traceevents" ScriptAssemblies
WorkingDir: D:/XPHUNITY/ProjectSplatoon
ExitCode: 0 Duration: 29s
Finished compiling graph: 1158 nodes, 23538 flattened edges (19240 ToBuild, 188 ToUse), maximum node priority 1413
[ 210/1154  0s] WriteText Library/Bee/artifacts/1900b0aEDbg.dag/UnityEditor.UI.rsp
[ 222/1154  0s] WriteText Library/Bee/artifacts/1900b0aEDbg.dag/Unity.Burst.rsp
[ 223/1154  0s] WriteText Library/Bee/artifacts/1900b0aEDbg.dag/Unity.Burst.CodeGen.rsp
[ 225/1154  0s] WriteText Library/Bee/artifacts/1900b0aEDbg.dag/Unity.Netcode.Editor.CodeGen.rsp
[ 226/1154  0s] WriteText Library/Bee/artifacts/1900b0aEDbg.dag/UnityEngine.TestRunner.rsp
[ 227/1154  0s] WriteText Library/Bee/artifacts/1900b0aEDbg.dag/Unity.Collections.rsp
[ 231/1154  0s] WriteText Library/Bee/artifacts/1900b0aEDbg.dag/Unity.Collections.CodeGen.rsp
[ 235/1154  0s] WriteText Library/Bee/artifacts/1900b0aEDbg.dag/UnityEditor.TestRunner.rsp
[ 246/1154  0s] WriteText Library/Bee/artifacts/1900b0aEDbg.dag/Unity.RenderPipelines.Core.Runtime.rsp
[ 247/1154  0s] WriteText Library/Bee/artifacts/1900b0aEDbg.dag/Unity.Mathematics.rsp
[ 250/1154  0s] WriteText Library/Bee/artifacts/1900b0aEDbg.dag/Unity.Profiling.Core.rsp
[ 258/1154  0s] WriteText Library/Bee/artifacts/1900b0aEDbg.dag/Unity.InputSystem.rsp
[ 262/1154  0s] WriteText Library/Bee/artifacts/1900b0aEDbg.dag/Unity.Netcode.Runtime.rsp
[ 264/1154  0s] WriteText Library/Bee/artifacts/1900b0aEDbg.dag/Unity.Networking.Transport.rsp
[ 275/1154  0s] WriteText Library/Bee/artifacts/1900b0aEDbg.dag/Unity.VisualScripting.Core.rsp
[ 276/1154  0s] WriteText Library/Bee/artifacts/1900b0aEDbg.dag/Unity.VisualScripting.Flow.rsp
[ 286/1154  0s] WriteText Library/Bee/artifacts/1900b0aEDbg.dag/UnityEngine.UI.rsp
[ 287/1154  0s] WriteText Library/Bee/artifacts/1900b0aEDbg.dag/Unity.RenderPipelines.Core.Runtime.Shared.rsp
[ 288/1154  0s] WriteText Library/Bee/artifacts/1900b0aEDbg.dag/Unity.RenderPipelines.GPUDriven.Runtime.rsp
[ 299/1154  0s] WriteText Library/Bee/artifacts/1900b0aEDbg.dag/Unity.UnifiedRayTracing.Runtime.rsp
[ 303/1154  0s] WriteText Library/Bee/artifacts/1900b0aEDbg.dag/Unity.RenderPipeline.Universal.ShaderLibrary.rsp
[ 307/1154  0s] WriteText Library/Bee/artifacts/1900b0aEDbg.dag/Unity.ScriptableBuildPipeline.rsp
[ 308/1154  0s] WriteText Library/Bee/artifacts/1900b0aEDbg.dag/Unity.Searcher.Editor.rsp
[ 309/1154  0s] WriteText Library/Bee/artifacts/1900b0aEDbg.dag/Unity.Addressables.rsp
[ 320/1154  0s] WriteText Library/Bee/artifacts/1900b0aEDbg.dag/Unity.RenderPipelines.Core.Editor.rsp
[ 321/1154  0s] WriteText Library/Bee/artifacts/1900b0aEDbg.dag/Unity.RenderPipelines.Universal.Config.Runtime.rsp
[ 322/1154  0s] WriteText Library/Bee/artifacts/1900b0aEDbg.dag/Unity.ResourceManager.rsp
[ 323/1154  0s] WriteText Library/Bee/artifacts/1900b0aEDbg.dag/Unity.ShaderGraph.Utilities.rsp
[ 324/1154  0s] WriteText Library/Bee/artifacts/1900b0aEDbg.dag/Unity.VisualScripting.Core.Editor.rsp
[ 325/1154  0s] WriteText Library/Bee/artifacts/1900b0aEDbg.dag/Unity.VisualScripting.State.rsp
[ 331/1154  0s] WriteText Library/Bee/artifacts/1900b0aEDbg.dag/Unity.RenderPipelines.Universal.Runtime.rsp
[ 333/1154  0s] WriteText Library/Bee/artifacts/1900b0aEDbg.dag/UniTask.rsp
[ 352/1154  0s] WriteText Library/Bee/artifacts/1900b0aEDbg.dag/Unity.AI.Navigation.Editor.ConversionSystem.rsp
[ 353/1154  0s] WriteText Library/Bee/artifacts/1900b0aEDbg.dag/Unity.InternalAPIEngineBridge.004.rsp
[ 354/1154  0s] WriteText Library/Bee/artifacts/1900b0aEDbg.dag/Unity.VisualScripting.Flow.Editor.rsp
[ 357/1154  0s] WriteText Library/Bee/artifacts/1900b0aEDbg.dag/Unity.AI.Navigation.rsp
[ 358/1154  0s] WriteText Library/Bee/artifacts/1900b0aEDbg.dag/Unity.ShaderGraph.Editor.rsp
[ 360/1154  0s] WriteText Library/Bee/artifacts/1900b0aEDbg.dag/Unity.Burst.Editor.rsp
[ 361/1154  0s] WriteText Library/Bee/artifacts/1900b0aEDbg.dag/Unity.ScriptableBuildPipeline.Editor.rsp
[ 365/1154  0s] WriteText Library/Bee/artifacts/1900b0aEDbg.dag/Unity.RenderPipelines.Universal.2D.Runtime.rsp
[ 373/1154  0s] WriteText Library/Bee/artifacts/1900b0aEDbg.dag/Unity.RenderPipelines.Universal.Editor.rsp
[ 387/1154  0s] WriteText Library/Bee/artifacts/1900b0aEDbg.dag/Unity.AI.Navigation.Editor.rsp
[ 427/1154  0s] WriteText Library/Bee/artifacts/1900b0aEDbg.dag/Unity.RenderPipelines.Core.Editor.Shared.rsp
[ 428/1154  0s] WriteText Library/Bee/artifacts/1900b0aEDbg.dag/Unity.VisualScripting.State.Editor.rsp
[ 429/1154  0s] WriteText Library/Bee/artifacts/1900b0aEDbg.dag/Splatoon.Skills.Support.rsp
[ 430/1154  0s] WriteText Library/Bee/artifacts/1900b0aEDbg.dag/Unity.Multiplayer.Center.Common.rsp
[ 431/1154  0s] WriteText Library/Bee/artifacts/1900b0aEDbg.dag/Unity.Mathematics.Editor.rsp
[ 432/1154  0s] WriteText Library/Bee/artifacts/1900b0aEDbg.dag/Unity.TextMeshPro.rsp
[ 433/1154  0s] WriteText Library/Bee/artifacts/1900b0aEDbg.dag/Luban.rsp
[ 434/1154  0s] WriteText Library/Bee/artifacts/1900b0aEDbg.dag/Unity.PlasticSCM.Editor.rsp
[ 435/1154  0s] WriteText Library/Bee/artifacts/1900b0aEDbg.dag/Unity.Addressables.Editor.rsp
[ 436/1154  0s] WriteText Library/Bee/artifacts/1900b0aEDbg.dag/Splatoon.Skills.Data.rsp
[ 437/1154  0s] WriteText Library/Bee/artifacts/1900b0aEDbg.dag/Unity.Timeline.rsp
[ 438/1154  0s] WriteText Library/Bee/artifacts/1900b0aEDbg.dag/Unity.Networking.Editor.rsp
[ 439/1154  0s] WriteText Library/Bee/artifacts/1900b0aEDbg.dag/Unity.Multiplayer.Center.Editor.rsp
[ 440/1154  0s] WriteText Library/Bee/artifacts/1900b0aEDbg.dag/Splatoon.rsp
[ 441/1154  0s] WriteText Library/Bee/artifacts/1900b0aEDbg.dag/Unity.AI.Navigation.Updater.rsp
[ 442/1154  0s] WriteText Library/Bee/artifacts/1900b0aEDbg.dag/Unity.InputSystem.ForUI.rsp
[ 443/1154  0s] WriteText Library/Bee/artifacts/1900b0aEDbg.dag/Unity.TextMeshPro.Editor.rsp
[ 444/1154  0s] WriteText Library/Bee/artifacts/1900b0aEDbg.dag/UnityEditor.UI.Analytics.rsp
[ 445/1154  0s] WriteText Library/Bee/artifacts/1900b0aEDbg.dag/Unity.Collections.Editor.rsp
[ 446/1154  0s] WriteText Library/Bee/artifacts/1900b0aEDbg.dag/Unity.Netcode.Editor.rsp
[ 458/1154  0s] WriteText Library/Bee/artifacts/1900b0aEDbg.dag/Splatoon.Config.rsp
[ 475/1154  0s] WriteText Library/Bee/artifacts/1900b0aEDbg.dag/Unity.RenderPipelines.Core.ShaderLibrary.rsp
[ 476/1154  0s] WriteText Library/Bee/artifacts/1900b0aEDbg.dag/Unity.RenderPipelines.Universal.Shaders.rsp
[ 477/1154  0s] WriteText Library/Bee/artifacts/1900b0aEDbg.dag/Unity.RenderPipelines.Universal.2D.Editor.Overrides.rsp
[ 478/1154  0s] WriteText Library/Bee/artifacts/1900b0aEDbg.dag/Unity.Rider.Editor.rsp
[ 479/1154  0s] WriteText Library/Bee/artifacts/1900b0aEDbg.dag/Unity.Timeline.Editor.rsp
[ 480/1154  0s] WriteText Library/Bee/artifacts/1900b0aEDbg.dag/Unity.PerformanceTesting.rsp
[ 481/1154  0s] WriteText Library/Bee/artifacts/1900b0aEDbg.dag/Unity.VisualStudio.Editor.rsp
[ 482/1154  0s] WriteText Library/Bee/artifacts/1900b0aEDbg.dag/Unity.VisualScripting.SettingsProvider.Editor.rsp
[ 489/1154  0s] WriteText Library/Bee/artifacts/1900b0aEDbg.dag/UniTask.TextMeshPro.rsp
[ 490/1154  0s] WriteText Library/Bee/artifacts/1900b0aEDbg.dag/Unity.Rendering.LightTransport.Editor.rsp
[ 491/1154  0s] WriteText Library/Bee/artifacts/1900b0aEDbg.dag/Unity.RenderPipelines.ShaderGraph.ShaderGraphLibrary.rsp
[ 496/1154  0s] WriteText Library/Bee/artifacts/1900b0aEDbg.dag/Unity.Netcode.PackageChecker.Editor.rsp
[ 520/1154  0s] WriteText Library/Bee/artifacts/1900b0aEDbg.dag/Unity.VisualScripting.Shared.Editor.rsp
[ 521/1154  0s] WriteText Library/Bee/artifacts/1900b0aEDbg.dag/Splatoon.Editor.rsp
[ 522/1154  0s] WriteText Library/Bee/artifacts/1900b0aEDbg.dag/Sirenix.OdinInspector.Modules.Unity.Addressables.rsp
[ 523/1154  0s] WriteText Library/Bee/artifacts/1900b0aEDbg.dag/UniTask.DOTween.rsp
[ 524/1154  0s] WriteText Library/Bee/artifacts/1900b0aEDbg.dag/Unity.InputSystem.DocCodeSamples.rsp
[ 525/1154  0s] WriteText Library/Bee/artifacts/1900b0aEDbg.dag/Sirenix.OdinInspector.Modules.UnityMathematics.rsp
[ 526/1154  0s] WriteText Library/Bee/artifacts/1900b0aEDbg.dag/UniTask.Linq.rsp
[ 527/1154  0s] WriteText Library/Bee/artifacts/1900b0aEDbg.dag/Unity.VisualScripting.DocCodeExamples.rsp
[ 528/1154  0s] WriteText Library/Bee/artifacts/1900b0aEDbg.dag/Unity.PlasticSCM.Editor.Entities.rsp
[ 529/1154  0s] WriteText Library/Bee/artifacts/1900b0aEDbg.dag/UniTask.Addressables.rsp
[ 530/1154  0s] WriteText Library/Bee/artifacts/1900b0aEDbg.dag/Unity.InputSystem.TestFramework.rsp
[ 531/1154  0s] WriteText Library/Bee/artifacts/1900b0aEDbg.dag/UniTask.Editor.rsp
[ 532/1154  0s] WriteText Library/Bee/artifacts/1900b0aEDbg.dag/Assembly-CSharp.rsp
[ 533/1154  0s] WriteText Library/Bee/artifacts/1900b0aEDbg.dag/Assembly-CSharp-Editor.rsp
[ 534/1154  0s] WriteText Library/Bee/artifacts/1900b0aEDbg.dag/PPv2URPConverters.rsp
[ 535/1154  0s] WriteText Library/Bee/artifacts/1900b0aEDbg.dag/Unity.PerformanceTesting.Editor.rsp
[ 536/1154  0s] WriteResponseFile Library/Bee/artifacts/rsp/13279423640760612673.rsp
[ 537/1154  0s] WriteResponseFile Library/Bee/artifacts/rsp/13712716381723312217.rsp
[ 538/1154  0s] WriteText Library/Bee/artifacts/1900b0aEDbg.dag/Splatoon.Tests.rsp
[ 539/1154  0s] WriteText Library/Bee/artifacts/1900b0aEDbg.dag/Unity.CollabProxy.Editor.rsp
[ 540/1154  0s] WriteResponseFile Library/Bee/artifacts/rsp/9761865380786859028.rsp
[ 541/1154  0s] WriteText Library/Bee/artifacts/1900b0aEDbg.dag/Unity.Addressables.DocExampleCode.Editor.Tests.rsp
[ 542/1154  0s] WriteResponseFile Library/Bee/artifacts/rsp/10061567675400582526.rsp
[ 543/1154  0s] WriteResponseFile Library/Bee/artifacts/rsp/17206416036114848451.rsp
[ 544/1154  0s] WriteResponseFile Library/Bee/artifacts/rsp/4172707023850728460.rsp
[ 545/1154  0s] WriteResponseFile Library/Bee/artifacts/rsp/5803419113806062661.rsp
[ 546/1154  0s] WriteResponseFile Library/Bee/artifacts/rsp/9936133794713227179.rsp
[ 547/1154  0s] WriteResponseFile Library/Bee/artifacts/rsp/8294100515912051134.rsp
[ 548/1154  0s] WriteResponseFile Library/Bee/artifacts/rsp/10737166954586391488.rsp
[ 549/1154  0s] WriteResponseFile Library/Bee/artifacts/rsp/14944518940209746966.rsp
[ 550/1154  0s] WriteResponseFile Library/Bee/artifacts/rsp/7069794055905200616.rsp
[ 551/1154  0s] WriteResponseFile Library/Bee/artifacts/rsp/10024200538832084055.rsp
[ 552/1154  0s] WriteResponseFile Library/Bee/artifacts/rsp/2902750958774203530.rsp
[ 553/1154  0s] WriteResponseFile Library/Bee/artifacts/rsp/3524915965688733585.rsp
[ 554/1154  0s] WriteResponseFile Library/Bee/artifacts/rsp/9263707530294325947.rsp
[ 555/1154  0s] WriteResponseFile Library/Bee/artifacts/rsp/4807859418463668504.rsp
[ 556/1154  0s] WriteResponseFile Library/Bee/artifacts/rsp/16987140209065066884.rsp
[ 557/1154  0s] WriteResponseFile Library/Bee/artifacts/rsp/7949286624904200041.rsp
[ 558/1154  0s] WriteResponseFile Library/Bee/artifacts/rsp/6672869079644411933.rsp
[ 559/1154  0s] WriteResponseFile Library/Bee/artifacts/rsp/1679197209529901891.rsp
[ 560/1154  0s] WriteResponseFile Library/Bee/artifacts/rsp/15345395123426929137.rsp
[ 561/1154  0s] WriteResponseFile Library/Bee/artifacts/rsp/1790374775883721841.rsp
[ 562/1154  0s] WriteResponseFile Library/Bee/artifacts/rsp/8209900647369793526.rsp
[ 563/1154  0s] WriteResponseFile Library/Bee/artifacts/rsp/8480374303727254931.rsp
[ 564/1154  0s] WriteResponseFile Library/Bee/artifacts/rsp/5437769195855483410.rsp
[ 565/1154  0s] WriteResponseFile Library/Bee/artifacts/rsp/12642482374746149726.rsp
[ 566/1154  0s] WriteResponseFile Library/Bee/artifacts/rsp/18154283279592302977.rsp
[ 567/1154  0s] WriteResponseFile Library/Bee/artifacts/rsp/997739259942172784.rsp
[ 568/1154  0s] WriteResponseFile Library/Bee/artifacts/rsp/1372621703420081473.rsp
[ 569/1154  0s] WriteResponseFile Library/Bee/artifacts/rsp/14811776502145285846.rsp
[ 570/1154  0s] WriteResponseFile Library/Bee/artifacts/rsp/16868173504329741775.rsp
[ 571/1154  0s] WriteResponseFile Library/Bee/artifacts/rsp/220548900623836696.rsp
[ 572/1154  0s] WriteResponseFile Library/Bee/artifacts/rsp/5510544847207433897.rsp
[ 573/1154  0s] WriteResponseFile Library/Bee/artifacts/rsp/7045526637208854022.rsp
[ 574/1154  0s] WriteResponseFile Library/Bee/artifacts/rsp/16259108325220449070.rsp
[ 575/1154  0s] WriteResponseFile Library/Bee/artifacts/rsp/5773781333471399581.rsp
[ 576/1154  0s] WriteResponseFile Library/Bee/artifacts/rsp/3050411730461426618.rsp
[ 577/1154  0s] WriteResponseFile Library/Bee/artifacts/rsp/5885981975422744963.rsp
[ 578/1154  0s] WriteResponseFile Library/Bee/artifacts/rsp/3541450068851925112.rsp
[ 579/1154  0s] WriteResponseFile Library/Bee/artifacts/rsp/5068094731376506261.rsp
[ 580/1154  0s] WriteResponseFile Library/Bee/artifacts/rsp/11439015315328887429.rsp
[ 581/1154  0s] WriteResponseFile Library/Bee/artifacts/rsp/8522669007300510129.rsp
[ 582/1154  0s] WriteResponseFile Library/Bee/artifacts/rsp/4082344215324493762.rsp
[ 583/1154  0s] WriteResponseFile Library/Bee/artifacts/rsp/16765266549976182072.rsp
[ 584/1154  0s] WriteResponseFile Library/Bee/artifacts/rsp/7602888114531086682.rsp
[ 585/1154  0s] WriteResponseFile Library/Bee/artifacts/rsp/4231056368997063253.rsp
[ 586/1154  0s] WriteResponseFile Library/Bee/artifacts/rsp/7307018743345469276.rsp
[ 587/1154  0s] WriteResponseFile Library/Bee/artifacts/rsp/14332357240218380283.rsp
[ 588/1154  0s] WriteResponseFile Library/Bee/artifacts/rsp/7480027478895629309.rsp
[ 589/1154  0s] WriteResponseFile Library/Bee/artifacts/rsp/7609101006467691378.rsp
[ 590/1154  0s] WriteResponseFile Library/Bee/artifacts/rsp/11793066456053230617.rsp
[ 591/1154  0s] WriteResponseFile Library/Bee/artifacts/rsp/6468990220793547653.rsp
[ 592/1154  0s] WriteResponseFile Library/Bee/artifacts/rsp/17278736735188021267.rsp
[ 593/1154  0s] WriteResponseFile Library/Bee/artifacts/rsp/1798597669603550407.rsp
[ 594/1154  0s] WriteResponseFile Library/Bee/artifacts/rsp/7045246832102146154.rsp
[ 595/1154  0s] WriteResponseFile Library/Bee/artifacts/rsp/15277051855920033489.rsp
[ 596/1154  0s] WriteResponseFile Library/Bee/artifacts/rsp/6945528652442523951.rsp
[ 597/1154  0s] WriteResponseFile Library/Bee/artifacts/rsp/7913233347246397287.rsp
[ 598/1154  0s] WriteResponseFile Library/Bee/artifacts/rsp/13283745091630919918.rsp
[ 599/1154  0s] WriteResponseFile Library/Bee/artifacts/rsp/13937618220218904785.rsp
[ 600/1154  0s] WriteResponseFile Library/Bee/artifacts/rsp/17626248429526979731.rsp
[ 601/1154  0s] WriteResponseFile Library/Bee/artifacts/rsp/6524497925344654690.rsp
[ 602/1154  0s] WriteResponseFile Library/Bee/artifacts/rsp/5712859670010231491.rsp
[ 603/1154  0s] WriteResponseFile Library/Bee/artifacts/rsp/8160633778266953362.rsp
[ 604/1154  0s] WriteResponseFile Library/Bee/artifacts/rsp/4710206240420399392.rsp
[ 605/1154  0s] WriteResponseFile Library/Bee/artifacts/rsp/10280151241497969650.rsp
[ 606/1154  0s] WriteResponseFile Library/Bee/artifacts/rsp/5465071027294452425.rsp
[ 607/1154  0s] WriteResponseFile Library/Bee/artifacts/rsp/5147072719652273855.rsp
[ 608/1154  0s] WriteResponseFile Library/Bee/artifacts/rsp/11063944008802906088.rsp
[ 609/1154  0s] WriteResponseFile Library/Bee/artifacts/rsp/18365255511867171480.rsp
[ 610/1154  0s] WriteResponseFile Library/Bee/artifacts/rsp/7917304513136103991.rsp
[ 611/1154  0s] WriteResponseFile Library/Bee/artifacts/rsp/1191125675877671024.rsp
[ 612/1154  0s] WriteResponseFile Library/Bee/artifacts/rsp/909378124025233974.rsp
[ 613/1154  0s] WriteResponseFile Library/Bee/artifacts/rsp/547104317079743680.rsp
[ 614/1154  0s] WriteResponseFile Library/Bee/artifacts/rsp/16142651297996988846.rsp
[ 615/1154  0s] WriteResponseFile Library/Bee/artifacts/rsp/10756517099639384098.rsp
[ 616/1154  0s] WriteResponseFile Library/Bee/artifacts/rsp/15607649557060790178.rsp
[ 617/1154  0s] WriteResponseFile Library/Bee/artifacts/rsp/3700639767894506374.rsp
[ 618/1154  0s] WriteResponseFile Library/Bee/artifacts/rsp/12244479590358847285.rsp
[ 619/1154  0s] WriteResponseFile Library/Bee/artifacts/rsp/10350836612437539011.rsp
[ 620/1154  0s] WriteResponseFile Library/Bee/artifacts/rsp/2978179910344971805.rsp
[ 621/1154  0s] WriteResponseFile Library/Bee/artifacts/rsp/17487438117723563502.rsp
[ 622/1154  0s] WriteResponseFile Library/Bee/artifacts/rsp/4495572836693869671.rsp
[ 623/1154  0s] WriteResponseFile Library/Bee/artifacts/rsp/16186684979044175686.rsp
[ 624/1154  0s] WriteResponseFile Library/Bee/artifacts/rsp/15985480389207366606.rsp
[ 625/1154  0s] WriteResponseFile Library/Bee/artifacts/rsp/14936751927433061298.rsp
[ 626/1154  0s] Csc Library/Bee/artifacts/1900b0aEDbg.dag/UnityEngine.UI.dll (+2 others)
[           0s] Csc Library/Bee/artifacts/1900b0aEDbg.dag/UnityEngine.UI.dll (+2 others) [CacheWrite 00000000000000000000000000000005]
[ 628/1154  1s] Csc Library/Bee/artifacts/1900b0aEDbg.dag/UnityEngine.TestRunner.dll (+2 others)
[           0s] Csc Library/Bee/artifacts/1900b0aEDbg.dag/UnityEngine.TestRunner.dll (+2 others) [CacheWrite 00000000000000000000000000000005]
[ 631/1154  0s] CopyFiles Library/ScriptAssemblies/UnityEngine.TestRunner.pdb
[ 632/1154  0s] CopyFiles Library/ScriptAssemblies/UnityEngine.TestRunner.dll
[ 633/1154  2s] Csc Library/Bee/artifacts/1900b0aEDbg.dag/UnityEditor.TestRunner.dll (+2 others)
[           0s] Csc Library/Bee/artifacts/1900b0aEDbg.dag/UnityEditor.TestRunner.dll (+2 others) [CacheWrite 00000000000000000000000000000005]
[ 636/1154  0s] CopyFiles Library/ScriptAssemblies/UnityEditor.TestRunner.pdb
[ 637/1154  0s] CopyFiles Library/ScriptAssemblies/UnityEditor.TestRunner.dll
[ 638/1154  0s] Csc Library/Bee/artifacts/1900b0aEDbg.dag/UnityEditor.UI.dll (+2 others)
[           0s] Csc Library/Bee/artifacts/1900b0aEDbg.dag/UnityEditor.UI.dll (+2 others) [CacheWrite 00000000000000000000000000000005]
[ 657/1154  0s] Csc Library/Bee/artifacts/1900b0aEDbg.dag/Splatoon.Skills.Support.dll (+2 others)
[ 658/1154  0s] Csc Library/Bee/artifacts/1900b0aEDbg.dag/Luban.dll (+2 others)
[ 659/1154  0s] Csc Library/Bee/artifacts/1900b0aEDbg.dag/Unity.InternalAPIEngineBridge.004.dll (+2 others)
[           0s] Csc Library/Bee/artifacts/1900b0aEDbg.dag/Unity.InternalAPIEngineBridge.004.dll (+2 others) [CacheWrite 00000000000000000000000000000005]
[ 670/1154  1s] Csc Library/Bee/artifacts/1900b0aEDbg.dag/Unity.Multiplayer.Center.Common.dll (+2 others)
[           0s] Csc Library/Bee/artifacts/1900b0aEDbg.dag/Unity.Multiplayer.Center.Common.dll (+2 others) [CacheWrite 00000000000000000000000000000005]
[ 673/1154  1s] Csc Library/Bee/artifacts/1900b0aEDbg.dag/Unity.Searcher.Editor.dll (+2 others)
[ 674/1154  3s] Csc Library/Bee/artifacts/1900b0aEDbg.dag/Unity.AI.Navigation.dll (+2 others)
[ 675/1154  3s] Csc Library/Bee/artifacts/1900b0aEDbg.dag/Unity.Profiling.Core.dll (+2 others)
[ 676/1154  3s] Csc Library/Bee/artifacts/1900b0aEDbg.dag/Unity.ShaderGraph.Utilities.dll (+2 others)
[ 677/1154  3s] Csc Library/Bee/artifacts/1900b0aEDbg.dag/Unity.AI.Navigation.Editor.ConversionSystem.dll (+2 others)
[ 678/1154  3s] Csc Library/Bee/artifacts/1900b0aEDbg.dag/Splatoon.Skills.Data.dll (+2 others)
[ 679/1154  3s] Csc Library/Bee/artifacts/1900b0aEDbg.dag/Unity.ScriptableBuildPipeline.dll (+2 others)
[ 680/1154  4s] Csc Library/Bee/artifacts/1900b0aEDbg.dag/Unity.Timeline.dll (+2 others)
[           2s] Csc Library/Bee/artifacts/1900b0aEDbg.dag/Unity.Searcher.Editor.dll (+2 others) [CacheWrite 00000000000000000000000000000005]
[           0s] Csc Library/Bee/artifacts/1900b0aEDbg.dag/Unity.ShaderGraph.Utilities.dll (+2 others) [CacheWrite 00000000000000000000000000000005]
[           0s] Csc Library/Bee/artifacts/1900b0aEDbg.dag/Unity.Profiling.Core.dll (+2 others) [CacheWrite 00000000000000000000000000000005]
[           0s] Csc Library/Bee/artifacts/1900b0aEDbg.dag/Unity.AI.Navigation.dll (+2 others) [CacheWrite 00000000000000000000000000000005]
[           0s] Csc Library/Bee/artifacts/1900b0aEDbg.dag/Unity.AI.Navigation.Editor.ConversionSystem.dll (+2 others) [CacheWrite 00000000000000000000000000000005]
[           0s] Csc Library/Bee/artifacts/1900b0aEDbg.dag/Unity.ScriptableBuildPipeline.dll (+2 others) [CacheWrite 00000000000000000000000000000005]
[           0s] Csc Library/Bee/artifacts/1900b0aEDbg.dag/Unity.Timeline.dll (+2 others) [CacheWrite 00000000000000000000000000000005]
[ 692/1154  5s] Csc Library/Bee/artifacts/1900b0aEDbg.dag/UniTask.dll (+2 others)
[ 693/1154  1s] Csc Library/Bee/artifacts/1900b0aEDbg.dag/Unity.RenderPipelines.ShaderGraph.ShaderGraphLibrary.dll (+2 others)
[ 694/1154  1s] Csc Library/Bee/artifacts/1900b0aEDbg.dag/Unity.Netcode.PackageChecker.Editor.dll (+2 others)
[ 695/1154  1s] Csc Library/Bee/artifacts/1900b0aEDbg.dag/Unity.Networking.Editor.dll (+2 others)
[ 696/1154  5s] Csc Library/Bee/artifacts/1900b0aEDbg.dag/Unity.Rider.Editor.dll (+2 others)
[ 697/1154  5s] Csc Library/Bee/artifacts/1900b0aEDbg.dag/Unity.VisualStudio.Editor.dll (+2 others)
[           0s] Csc Library/Bee/artifacts/1900b0aEDbg.dag/Unity.Netcode.PackageChecker.Editor.dll (+2 others) [CacheWrite 00000000000000000000000000000005]
[           0s] Csc Library/Bee/artifacts/1900b0aEDbg.dag/Unity.RenderPipelines.ShaderGraph.ShaderGraphLibrary.dll (+2 others) [CacheWrite 00000000000000000000000000000005]
[ 698/1154  2s] Csc Library/Bee/artifacts/1900b0aEDbg.dag/Unity.Multiplayer.Center.Editor.dll (+2 others)
[           0s] Csc Library/Bee/artifacts/1900b0aEDbg.dag/Unity.Networking.Editor.dll (+2 others) [CacheWrite 00000000000000000000000000000005]
[           0s] Csc Library/Bee/artifacts/1900b0aEDbg.dag/Unity.VisualStudio.Editor.dll (+2 others) [CacheWrite 00000000000000000000000000000005]
[           0s] Csc Library/Bee/artifacts/1900b0aEDbg.dag/Unity.Rider.Editor.dll (+2 others) [CacheWrite 00000000000000000000000000000005]
[ 702/1154  6s] Csc Library/Bee/artifacts/1900b0aEDbg.dag/Unity.Mathematics.dll (+2 others)
[ 705/1154  5s] Csc Library/Bee/artifacts/1900b0aEDbg.dag/Unity.TextMeshPro.dll (+2 others)
[           0s] Csc Library/Bee/artifacts/1900b0aEDbg.dag/Unity.Multiplayer.Center.Editor.dll (+2 others) [CacheWrite 00000000000000000000000000000005]
[           0s] Csc Library/Bee/artifacts/1900b0aEDbg.dag/Unity.Mathematics.dll (+2 others) [CacheWrite 00000000000000000000000000000005]
[           0s] Csc Library/Bee/artifacts/1900b0aEDbg.dag/Unity.TextMeshPro.dll (+2 others) [CacheWrite 00000000000000000000000000000005]
[ 716/1154  6s] Csc Library/Bee/artifacts/1900b0aEDbg.dag/Unity.Burst.dll (+2 others)
[ 717/1154  0s] Csc Library/Bee/artifacts/1900b0aEDbg.dag/Unity.RenderPipelines.Core.ShaderLibrary.dll (+2 others)
[           0s] Csc Library/Bee/artifacts/1900b0aEDbg.dag/Unity.Burst.dll (+2 others) [CacheWrite 00000000000000000000000000000005]
[ 718/1154  0s] Csc Library/Bee/artifacts/1900b0aEDbg.dag/UniTask.DOTween.dll (+2 others)
[ 722/1154  7s] Csc Library/Bee/artifacts/1900b0aEDbg.dag/Unity.InputSystem.dll (+2 others)
[           0s] Csc Library/Bee/artifacts/1900b0aEDbg.dag/Unity.RenderPipelines.Core.ShaderLibrary.dll (+2 others) [CacheWrite 00000000000000000000000000000005]
[ 724/1154  7s] Csc Library/Bee/artifacts/1900b0aEDbg.dag/Unity.PlasticSCM.Editor.dll (+2 others)
[ 725/1154  0s] Csc Library/Bee/artifacts/1900b0aEDbg.dag/Unity.RenderPipelines.Universal.Shaders.dll (+2 others)
[ 726/1154  1s] Csc Library/Bee/artifacts/1900b0aEDbg.dag/Unity.Rendering.LightTransport.Editor.dll (+2 others)
[           0s] Csc Library/Bee/artifacts/1900b0aEDbg.dag/Unity.InputSystem.dll (+2 others) [CacheWrite 00000000000000000000000000000005]
[ 727/1154  1s] Csc Library/Bee/artifacts/1900b0aEDbg.dag/Unity.PerformanceTesting.dll (+2 others)
[ 728/1154  1s] Csc Library/Bee/artifacts/1900b0aEDbg.dag/UniTask.Editor.dll (+2 others)
[ 732/1154  1s] Csc Library/Bee/artifacts/1900b0aEDbg.dag/Unity.Mathematics.Editor.dll (+2 others)
[           0s] Csc Library/Bee/artifacts/1900b0aEDbg.dag/Unity.RenderPipelines.Universal.Shaders.dll (+2 others) [CacheWrite 00000000000000000000000000000005]
[           0s] Csc Library/Bee/artifacts/1900b0aEDbg.dag/Unity.PlasticSCM.Editor.dll (+2 others) [CacheWrite 00000000000000000000000000000005]
[           0s] Csc Library/Bee/artifacts/1900b0aEDbg.dag/Unity.Rendering.LightTransport.Editor.dll (+2 others) [CacheWrite 00000000000000000000000000000005]
[           0s] Csc Library/Bee/artifacts/1900b0aEDbg.dag/Unity.PerformanceTesting.dll (+2 others) [CacheWrite 00000000000000000000000000000005]
[ 745/1154  1s] Csc Library/Bee/artifacts/1900b0aEDbg.dag/UnityEditor.UI.Analytics.dll (+2 others)
[ 746/1154  4s] Csc Library/Bee/artifacts/1900b0aEDbg.dag/Unity.AI.Navigation.Editor.dll (+2 others)
[           0s] Csc Library/Bee/artifacts/1900b0aEDbg.dag/Unity.Mathematics.Editor.dll (+2 others) [CacheWrite 00000000000000000000000000000005]
[ 748/1154  4s] Csc Library/Bee/artifacts/1900b0aEDbg.dag/Unity.ResourceManager.dll (+2 others)
[ 749/1154  2s] Csc Library/Bee/artifacts/1900b0aEDbg.dag/UniTask.Linq.dll (+2 others)
[           0s] Csc Library/Bee/artifacts/1900b0aEDbg.dag/UnityEditor.UI.Analytics.dll (+2 others) [CacheWrite 00000000000000000000000000000005]
[ 751/1154  4s] Csc Library/Bee/artifacts/1900b0aEDbg.dag/Unity.ScriptableBuildPipeline.Editor.dll (+2 others)
[           0s] Csc Library/Bee/artifacts/1900b0aEDbg.dag/Unity.AI.Navigation.Editor.dll (+2 others) [CacheWrite 00000000000000000000000000000005]
[           0s] Csc Library/Bee/artifacts/1900b0aEDbg.dag/Unity.ResourceManager.dll (+2 others) [CacheWrite 00000000000000000000000000000005]
[ 756/1154  1s] Csc Library/Bee/artifacts/1900b0aEDbg.dag/Unity.Burst.CodeGen.dll (+2 others)
[           0s] Csc Library/Bee/artifacts/1900b0aEDbg.dag/Unity.ScriptableBuildPipeline.Editor.dll (+2 others) [CacheWrite 00000000000000000000000000000005]
[ 758/1154  0s] CopyFiles Library/ScriptAssemblies/Unity.Rider.Editor.dll
[ 759/1154  0s] CopyFiles Library/ScriptAssemblies/Unity.Rider.Editor.pdb
[ 760/1154  0s] CopyFiles Library/ScriptAssemblies/Unity.VisualStudio.Editor.pdb
[ 761/1154  0s] CopyFiles Library/ScriptAssemblies/Unity.VisualStudio.Editor.dll
[ 762/1154  1s] Csc Library/Bee/artifacts/1900b0aEDbg.dag/UniTask.TextMeshPro.dll (+2 others)
[ 763/1154  1s] Csc Library/Bee/artifacts/1900b0aEDbg.dag/Unity.InputSystem.ForUI.dll (+2 others)
[           0s] Csc Library/Bee/artifacts/1900b0aEDbg.dag/Unity.Burst.CodeGen.dll (+2 others) [CacheWrite 00000000000000000000000000000005]
[ 764/1154  1s] Csc Library/Bee/artifacts/1900b0aEDbg.dag/Sirenix.OdinInspector.Modules.UnityMathematics.dll (+2 others)
[ 765/1154  0s] CopyFiles Library/ScriptAssemblies/Unity.Burst.CodeGen.pdb
[ 766/1154  0s] CopyFiles Library/ScriptAssemblies/Unity.Burst.CodeGen.dll
[ 767/1154  0s] Csc Library/Bee/artifacts/1900b0aEDbg.dag/Unity.PerformanceTesting.Editor.dll (+2 others)
[ 768/1154  1s] Csc Library/Bee/artifacts/1900b0aEDbg.dag/Unity.InputSystem.TestFramework.dll (+2 others)
[ 769/1154  0s] Csc Library/Bee/artifacts/1900b0aEDbg.dag/Unity.InputSystem.DocCodeSamples.dll (+2 others)
[           0s] Csc Library/Bee/artifacts/1900b0aEDbg.dag/Unity.InputSystem.ForUI.dll (+2 others) [CacheWrite 00000000000000000000000000000005]
[ 771/1154  5s] Csc Library/Bee/artifacts/1900b0aEDbg.dag/Unity.Timeline.Editor.dll (+2 others)
[           0s] Csc Library/Bee/artifacts/1900b0aEDbg.dag/Unity.PerformanceTesting.Editor.dll (+2 others) [CacheWrite 00000000000000000000000000000005]
[           0s] Csc Library/Bee/artifacts/1900b0aEDbg.dag/Unity.InputSystem.DocCodeSamples.dll (+2 others) [CacheWrite 00000000000000000000000000000005]
[           0s] Csc Library/Bee/artifacts/1900b0aEDbg.dag/Unity.InputSystem.TestFramework.dll (+2 others) [CacheWrite 00000000000000000000000000000005]
[           0s] Csc Library/Bee/artifacts/1900b0aEDbg.dag/Unity.Timeline.Editor.dll (+2 others) [CacheWrite 00000000000000000000000000000005]
[ 772/1154  1s] Csc Library/Bee/artifacts/1900b0aEDbg.dag/Unity.PlasticSCM.Editor.Entities.dll (+2 others)
[ 774/1154  1s] Csc Library/Bee/artifacts/1900b0aEDbg.dag/Unity.CollabProxy.Editor.dll (+2 others)
[           0s] Csc Library/Bee/artifacts/1900b0aEDbg.dag/Unity.PlasticSCM.Editor.Entities.dll (+2 others) [CacheWrite 00000000000000000000000000000005]
[ 775/1154  1s] Csc Library/Bee/artifacts/1900b0aEDbg.dag/Unity.AI.Navigation.Updater.dll (+2 others)
[           0s] Csc Library/Bee/artifacts/1900b0aEDbg.dag/Unity.CollabProxy.Editor.dll (+2 others) [CacheWrite 00000000000000000000000000000005]
[ 776/1154  2s] Csc Library/Bee/artifacts/1900b0aEDbg.dag/Unity.VisualScripting.Core.dll (+2 others)
[           0s] Csc Library/Bee/artifacts/1900b0aEDbg.dag/Unity.AI.Navigation.Updater.dll (+2 others) [CacheWrite 00000000000000000000000000000005]
[ 777/1154  1s] Csc Library/Bee/artifacts/1900b0aEDbg.dag/Unity.Addressables.dll (+2 others)
[           0s] Csc Library/Bee/artifacts/1900b0aEDbg.dag/Unity.VisualScripting.Core.dll (+2 others) [CacheWrite 00000000000000000000000000000005]
[ 779/1154  3s] Csc Library/Bee/artifacts/1900b0aEDbg.dag/Unity.Collections.dll (+2 others)
[           0s] Csc Library/Bee/artifacts/1900b0aEDbg.dag/Unity.Addressables.dll (+2 others) [CacheWrite 00000000000000000000000000000005]
[           0s] Csc Library/Bee/artifacts/1900b0aEDbg.dag/Unity.Collections.dll (+2 others) [CacheWrite 00000000000000000000000000000005]
[ 793/1154  0s] Csc Library/Bee/artifacts/1900b0aEDbg.dag/UniTask.Addressables.dll (+2 others)
[ 794/1154  0s] Csc Library/Bee/artifacts/1900b0aEDbg.dag/Splatoon.Config.dll (+2 others)
[ 795/1154  0s] Csc Library/Bee/artifacts/1900b0aEDbg.dag/Unity.Collections.CodeGen.dll (+2 others)
[ 796/1154  0s] Csc Library/Bee/artifacts/1900b0aEDbg.dag/Unity.Collections.Editor.dll (+2 others)
[ 797/1154  1s] Csc Library/Bee/artifacts/1900b0aEDbg.dag/Unity.UnifiedRayTracing.Runtime.dll (+2 others)
[           0s] Csc Library/Bee/artifacts/1900b0aEDbg.dag/Unity.Collections.CodeGen.dll (+2 others) [CacheWrite 00000000000000000000000000000005]
[           0s] Csc Library/Bee/artifacts/1900b0aEDbg.dag/Unity.Collections.Editor.dll (+2 others) [CacheWrite 00000000000000000000000000000005]
[           0s] Csc Library/Bee/artifacts/1900b0aEDbg.dag/Unity.UnifiedRayTracing.Runtime.dll (+2 others) [CacheWrite 00000000000000000000000000000005]
[ 798/1154  0s] CopyFiles Library/ScriptAssemblies/Unity.Collections.CodeGen.dll
[ 799/1154  0s] CopyFiles Library/ScriptAssemblies/Unity.Collections.CodeGen.pdb
[ 800/1154  1s] Csc Library/Bee/artifacts/1900b0aEDbg.dag/Unity.VisualScripting.Flow.dll (+2 others)
[ 803/1154  1s] Csc Library/Bee/artifacts/1900b0aEDbg.dag/Unity.Networking.Transport.dll (+2 others)
[           0s] Csc Library/Bee/artifacts/1900b0aEDbg.dag/Unity.VisualScripting.Flow.dll (+2 others) [CacheWrite 00000000000000000000000000000005]
[           0s] Csc Library/Bee/artifacts/1900b0aEDbg.dag/Unity.Networking.Transport.dll (+2 others) [CacheWrite 00000000000000000000000000000005]
[ 809/1154  1s] Csc Library/Bee/artifacts/1900b0aEDbg.dag/Unity.Addressables.Editor.dll (+2 others)
[           0s] Csc Library/Bee/artifacts/1900b0aEDbg.dag/Unity.Addressables.Editor.dll (+2 others) [CacheWrite 00000000000000000000000000000005]
[ 810/1154  1s] Csc Library/Bee/artifacts/1900b0aEDbg.dag/Unity.VisualScripting.Core.Editor.dll (+2 others)
[           0s] Csc Library/Bee/artifacts/1900b0aEDbg.dag/Unity.VisualScripting.Core.Editor.dll (+2 others) [CacheWrite 00000000000000000000000000000005]
[ 817/1154  0s] Csc Library/Bee/artifacts/1900b0aEDbg.dag/Unity.VisualScripting.DocCodeExamples.dll (+2 others)
[ 818/1154  0s] Csc Library/Bee/artifacts/1900b0aEDbg.dag/Unity.VisualScripting.State.dll (+2 others)
[           0s] Csc Library/Bee/artifacts/1900b0aEDbg.dag/Unity.VisualScripting.DocCodeExamples.dll (+2 others) [CacheWrite 00000000000000000000000000000005]
[           0s] Csc Library/Bee/artifacts/1900b0aEDbg.dag/Unity.VisualScripting.State.dll (+2 others) [CacheWrite 00000000000000000000000000000005]
[ 820/1154  5s] Csc Library/Bee/artifacts/1900b0aEDbg.dag/Unity.Burst.Editor.dll (+2 others)
[ 821/1154  0s] Csc Library/Bee/artifacts/1900b0aEDbg.dag/Sirenix.OdinInspector.Modules.Unity.Addressables.dll (+2 others)
[ 822/1154  2s] Csc Library/Bee/artifacts/1900b0aEDbg.dag/Unity.RenderPipelines.Core.Runtime.dll (+2 others)
[           0s] Csc Library/Bee/artifacts/1900b0aEDbg.dag/Unity.Burst.Editor.dll (+2 others) [CacheWrite 00000000000000000000000000000005]
[ 824/1154  0s] Csc Library/Bee/artifacts/1900b0aEDbg.dag/Unity.Addressables.DocExampleCode.Editor.Tests.dll (+2 others)
[           0s] Csc Library/Bee/artifacts/1900b0aEDbg.dag/Unity.RenderPipelines.Core.Runtime.dll (+2 others) [CacheWrite 00000000000000000000000000000005]
[           0s] Csc Library/Bee/artifacts/1900b0aEDbg.dag/Unity.Addressables.DocExampleCode.Editor.Tests.dll (+2 others) [CacheWrite 00000000000000000000000000000005]
[ 831/1154  0s] Csc Library/Bee/artifacts/1900b0aEDbg.dag/Unity.VisualScripting.Flow.Editor.dll (+2 others)
[ 832/1154  1s] Csc Library/Bee/artifacts/1900b0aEDbg.dag/Unity.Netcode.Runtime.dll (+2 others)
[ 833/1154  0s] Csc Library/Bee/artifacts/1900b0aEDbg.dag/Unity.RenderPipelines.Universal.Config.Runtime.dll (+2 others)
[ 834/1154  0s] Csc Library/Bee/artifacts/1900b0aEDbg.dag/Unity.RenderPipeline.Universal.ShaderLibrary.dll (+2 others)
[           0s] Csc Library/Bee/artifacts/1900b0aEDbg.dag/Unity.VisualScripting.Flow.Editor.dll (+2 others) [CacheWrite 00000000000000000000000000000005]
[           0s] Csc Library/Bee/artifacts/1900b0aEDbg.dag/Unity.Netcode.Runtime.dll (+2 others) [CacheWrite 00000000000000000000000000000005]
[ 835/1154  0s] Csc Library/Bee/artifacts/1900b0aEDbg.dag/Unity.RenderPipelines.Core.Runtime.Shared.dll (+2 others)
[           0s] Csc Library/Bee/artifacts/1900b0aEDbg.dag/Unity.RenderPipelines.Universal.Config.Runtime.dll (+2 others) [CacheWrite 00000000000000000000000000000005]
[           0s] Csc Library/Bee/artifacts/1900b0aEDbg.dag/Unity.RenderPipelines.Core.Runtime.Shared.dll (+2 others) [CacheWrite 00000000000000000000000000000005]
[           0s] Csc Library/Bee/artifacts/1900b0aEDbg.dag/Unity.RenderPipeline.Universal.ShaderLibrary.dll (+2 others) [CacheWrite 00000000000000000000000000000005]
[ 846/1154  0s] Csc Library/Bee/artifacts/1900b0aEDbg.dag/Unity.RenderPipelines.GPUDriven.Runtime.dll (+2 others)
[ 847/1154  0s] Csc Library/Bee/artifacts/1900b0aEDbg.dag/Unity.TextMeshPro.Editor.dll (+2 others)
[           0s] Csc Library/Bee/artifacts/1900b0aEDbg.dag/Unity.RenderPipelines.GPUDriven.Runtime.dll (+2 others) [CacheWrite 00000000000000000000000000000005]
[ 848/1154  0s] Csc Library/Bee/artifacts/1900b0aEDbg.dag/Splatoon.dll (+2 others)
[           0s] Csc Library/Bee/artifacts/1900b0aEDbg.dag/Unity.TextMeshPro.Editor.dll (+2 others) [CacheWrite 00000000000000000000000000000005]
[ 853/1154  0s] Csc Library/Bee/artifacts/1900b0aEDbg.dag/Unity.VisualScripting.SettingsProvider.Editor.dll (+2 others)
[ 854/1154  0s] Csc Library/Bee/artifacts/1900b0aEDbg.dag/Unity.Netcode.Editor.dll (+2 others)
[           0s] Csc Library/Bee/artifacts/1900b0aEDbg.dag/Unity.VisualScripting.SettingsProvider.Editor.dll (+2 others) [CacheWrite 00000000000000000000000000000005]
[ 856/1154  0s] Csc Library/Bee/artifacts/1900b0aEDbg.dag/Unity.VisualScripting.State.Editor.dll (+2 others)
[           0s] Csc Library/Bee/artifacts/1900b0aEDbg.dag/Unity.Netcode.Editor.dll (+2 others) [CacheWrite 00000000000000000000000000000005]
[           0s] Csc Library/Bee/artifacts/1900b0aEDbg.dag/Unity.VisualScripting.State.Editor.dll (+2 others) [CacheWrite 00000000000000000000000000000005]
[ 860/1154  0s] Csc Library/Bee/artifacts/1900b0aEDbg.dag/Splatoon.Editor.dll (+2 others)
[ 861/1154  0s] Csc Library/Bee/artifacts/1900b0aEDbg.dag/Unity.Netcode.Editor.CodeGen.dll (+2 others)
[ 862/1154  0s] Csc Library/Bee/artifacts/1900b0aEDbg.dag/Splatoon.Tests.dll (+2 others)
[           0s] Csc Library/Bee/artifacts/1900b0aEDbg.dag/Unity.Netcode.Editor.CodeGen.dll (+2 others) [CacheWrite 00000000000000000000000000000005]
[ 863/1154  0s] CopyFiles Library/ScriptAssemblies/Unity.Netcode.Editor.CodeGen.pdb
[ 864/1154  0s] CopyFiles Library/ScriptAssemblies/Unity.Netcode.Editor.CodeGen.dll
[ 865/1154  0s] ILPP-Configuration Library/ilpp-configuration.nevergeneratedoutput
[ 866/1154  0s] Csc Library/Bee/artifacts/1900b0aEDbg.dag/Unity.VisualScripting.Shared.Editor.dll (+2 others)
[           0s] Csc Library/Bee/artifacts/1900b0aEDbg.dag/Unity.VisualScripting.Shared.Editor.dll (+2 others) [CacheWrite 00000000000000000000000000000005]
[ 868/1154  1s] Csc Library/Bee/artifacts/1900b0aEDbg.dag/Unity.RenderPipelines.Universal.Runtime.dll (+2 others)
[ 869/1154  0s] ILPostProcess Library/Bee/artifacts/1900b0aEDbg.dag/post-processed/Unity.RenderPipelines.Universal.Shaders.dll (+pdb)
Processing assembly Library/Bee/artifacts/1900b0aEDbg.dag/Unity.RenderPipelines.Universal.Shaders.dll, with 142 defines and 287 references

processors: Unity.Jobs.CodeGen.JobsILPostProcessor, Unity.Netcode.Editor.CodeGen.INetworkMessageILPP, Unity.Netcode.Editor.CodeGen.INetworkSerializableILPP, Unity.Netcode.Editor.CodeGen.NetworkBehaviourILPP, Unity.Netcode.Editor.CodeGen.RuntimeAccessModifiersILPP, zzzUnity.Burst.CodeGen.BurstILPostProcessor

running Unity.Jobs.CodeGen.JobsILPostProcessor

running Unity.Netcode.Editor.CodeGen.INetworkMessageILPP

running Unity.Netcode.Editor.CodeGen.INetworkSerializableILPP

running Unity.Netcode.Editor.CodeGen.NetworkBehaviourILPP

running Unity.Netcode.Editor.CodeGen.RuntimeAccessModifiersILPP

running zzzUnity.Burst.CodeGen.BurstILPostProcessor
[ 870/1154  0s] ILPostProcess Library/Bee/artifacts/1900b0aEDbg.dag/post-processed/Unity.RenderPipelines.Universal.Config.Runtime.dll (+pdb)
Processing assembly Library/Bee/artifacts/1900b0aEDbg.dag/Unity.RenderPipelines.Universal.Config.Runtime.dll, with 142 defines and 288 references

processors: Unity.Jobs.CodeGen.JobsILPostProcessor, Unity.Netcode.Editor.CodeGen.INetworkMessageILPP, Unity.Netcode.Editor.CodeGen.INetworkSerializableILPP, Unity.Netcode.Editor.CodeGen.NetworkBehaviourILPP, Unity.Netcode.Editor.CodeGen.RuntimeAccessModifiersILPP, zzzUnity.Burst.CodeGen.BurstILPostProcessor

running Unity.Jobs.CodeGen.JobsILPostProcessor

running Unity.Netcode.Editor.CodeGen.INetworkMessageILPP

running Unity.Netcode.Editor.CodeGen.INetworkSerializableILPP

running Unity.Netcode.Editor.CodeGen.NetworkBehaviourILPP

running Unity.Netcode.Editor.CodeGen.RuntimeAccessModifiersILPP

running zzzUnity.Burst.CodeGen.BurstILPostProcessor
[ 871/1154  0s] ILPostProcess Library/Bee/artifacts/1900b0aEDbg.dag/post-processed/Unity.RenderPipelines.Core.Runtime.Shared.dll (+pdb)
Processing assembly Library/Bee/artifacts/1900b0aEDbg.dag/Unity.RenderPipelines.Core.Runtime.Shared.dll, with 142 defines and 288 references

processors: Unity.Jobs.CodeGen.JobsILPostProcessor, Unity.Netcode.Editor.CodeGen.INetworkMessageILPP, Unity.Netcode.Editor.CodeGen.INetworkSerializableILPP, Unity.Netcode.Editor.CodeGen.NetworkBehaviourILPP, Unity.Netcode.Editor.CodeGen.RuntimeAccessModifiersILPP, zzzUnity.Burst.CodeGen.BurstILPostProcessor

running Unity.Jobs.CodeGen.JobsILPostProcessor

running Unity.Netcode.Editor.CodeGen.INetworkMessageILPP

running Unity.Netcode.Editor.CodeGen.INetworkSerializableILPP

running Unity.Netcode.Editor.CodeGen.NetworkBehaviourILPP

running Unity.Netcode.Editor.CodeGen.RuntimeAccessModifiersILPP

running zzzUnity.Burst.CodeGen.BurstILPostProcessor
[           0s] Csc Library/Bee/artifacts/1900b0aEDbg.dag/Unity.RenderPipelines.Universal.Runtime.dll (+2 others) [CacheWrite 00000000000000000000000000000005]
[ 872/1154  0s] ILPostProcess Library/Bee/artifacts/1900b0aEDbg.dag/post-processed/Unity.Profiling.Core.dll (+pdb)
Processing assembly Library/Bee/artifacts/1900b0aEDbg.dag/Unity.Profiling.Core.dll, with 142 defines and 287 references

processors: Unity.Jobs.CodeGen.JobsILPostProcessor, Unity.Netcode.Editor.CodeGen.INetworkMessageILPP, Unity.Netcode.Editor.CodeGen.INetworkSerializableILPP, Unity.Netcode.Editor.CodeGen.NetworkBehaviourILPP, Unity.Netcode.Editor.CodeGen.RuntimeAccessModifiersILPP, zzzUnity.Burst.CodeGen.BurstILPostProcessor

running Unity.Jobs.CodeGen.JobsILPostProcessor

running Unity.Netcode.Editor.CodeGen.INetworkMessageILPP

running Unity.Netcode.Editor.CodeGen.INetworkSerializableILPP

running Unity.Netcode.Editor.CodeGen.NetworkBehaviourILPP

running Unity.Netcode.Editor.CodeGen.RuntimeAccessModifiersILPP

running zzzUnity.Burst.CodeGen.BurstILPostProcessor
[ 873/1154  0s] ILPostProcess Library/Bee/artifacts/1900b0aEDbg.dag/post-processed/Unity.RenderPipeline.Universal.ShaderLibrary.dll (+pdb)
Processing assembly Library/Bee/artifacts/1900b0aEDbg.dag/Unity.RenderPipeline.Universal.ShaderLibrary.dll, with 142 defines and 288 references

processors: Unity.Jobs.CodeGen.JobsILPostProcessor, Unity.Netcode.Editor.CodeGen.INetworkMessageILPP, Unity.Netcode.Editor.CodeGen.INetworkSerializableILPP, Unity.Netcode.Editor.CodeGen.NetworkBehaviourILPP, Unity.Netcode.Editor.CodeGen.RuntimeAccessModifiersILPP, zzzUnity.Burst.CodeGen.BurstILPostProcessor

running Unity.Jobs.CodeGen.JobsILPostProcessor

running Unity.Netcode.Editor.CodeGen.INetworkMessageILPP

running Unity.Netcode.Editor.CodeGen.INetworkSerializableILPP

running Unity.Netcode.Editor.CodeGen.NetworkBehaviourILPP

running Unity.Netcode.Editor.CodeGen.RuntimeAccessModifiersILPP

running zzzUnity.Burst.CodeGen.BurstILPostProcessor
[ 876/1154  0s] ILPostProcess Library/Bee/artifacts/1900b0aEDbg.dag/post-processed/Unity.Addressables.dll (+pdb)
Processing assembly Library/Bee/artifacts/1900b0aEDbg.dag/Unity.Addressables.dll, with 142 defines and 288 references

processors: Unity.Jobs.CodeGen.JobsILPostProcessor, Unity.Netcode.Editor.CodeGen.INetworkMessageILPP, Unity.Netcode.Editor.CodeGen.INetworkSerializableILPP, Unity.Netcode.Editor.CodeGen.NetworkBehaviourILPP, Unity.Netcode.Editor.CodeGen.RuntimeAccessModifiersILPP, zzzUnity.Burst.CodeGen.BurstILPostProcessor

running Unity.Jobs.CodeGen.JobsILPostProcessor

running Unity.Netcode.Editor.CodeGen.INetworkMessageILPP

running Unity.Netcode.Editor.CodeGen.INetworkSerializableILPP

running Unity.Netcode.Editor.CodeGen.NetworkBehaviourILPP

running Unity.Netcode.Editor.CodeGen.RuntimeAccessModifiersILPP

running zzzUnity.Burst.CodeGen.BurstILPostProcessor
[ 877/1154  0s] ILPostProcess Library/Bee/artifacts/1900b0aEDbg.dag/post-processed/Unity.VisualScripting.Flow.dll (+pdb)
Processing assembly Library/Bee/artifacts/1900b0aEDbg.dag/Unity.VisualScripting.Flow.dll, with 150 defines and 289 references

processors: Unity.Jobs.CodeGen.JobsILPostProcessor, Unity.Netcode.Editor.CodeGen.INetworkMessageILPP, Unity.Netcode.Editor.CodeGen.INetworkSerializableILPP, Unity.Netcode.Editor.CodeGen.NetworkBehaviourILPP, Unity.Netcode.Editor.CodeGen.RuntimeAccessModifiersILPP, zzzUnity.Burst.CodeGen.BurstILPostProcessor

running Unity.Jobs.CodeGen.JobsILPostProcessor

running Unity.Netcode.Editor.CodeGen.INetworkMessageILPP

running Unity.Netcode.Editor.CodeGen.INetworkSerializableILPP

running Unity.Netcode.Editor.CodeGen.NetworkBehaviourILPP

running Unity.Netcode.Editor.CodeGen.RuntimeAccessModifiersILPP

running zzzUnity.Burst.CodeGen.BurstILPostProcessor
[ 878/1154  0s] ILPostProcess Library/Bee/artifacts/1900b0aEDbg.dag/post-processed/UniTask.TextMeshPro.dll (+pdb)
Processing assembly Library/Bee/artifacts/1900b0aEDbg.dag/UniTask.TextMeshPro.dll, with 143 defines and 289 references

processors: Unity.Jobs.CodeGen.JobsILPostProcessor, Unity.Netcode.Editor.CodeGen.INetworkMessageILPP, Unity.Netcode.Editor.CodeGen.INetworkSerializableILPP, Unity.Netcode.Editor.CodeGen.NetworkBehaviourILPP, Unity.Netcode.Editor.CodeGen.RuntimeAccessModifiersILPP, zzzUnity.Burst.CodeGen.BurstILPostProcessor

running Unity.Jobs.CodeGen.JobsILPostProcessor

running Unity.Netcode.Editor.CodeGen.INetworkMessageILPP

running Unity.Netcode.Editor.CodeGen.INetworkSerializableILPP

running Unity.Netcode.Editor.CodeGen.NetworkBehaviourILPP

running Unity.Netcode.Editor.CodeGen.RuntimeAccessModifiersILPP

running zzzUnity.Burst.CodeGen.BurstILPostProcessor
[ 879/1154  1s] Csc Library/Bee/artifacts/1900b0aEDbg.dag/Unity.RenderPipelines.Core.Editor.dll (+2 others)
[ 880/1154  0s] ILPostProcess Library/Bee/artifacts/1900b0aEDbg.dag/post-processed/Unity.VisualScripting.State.dll (+pdb)
Processing assembly Library/Bee/artifacts/1900b0aEDbg.dag/Unity.VisualScripting.State.dll, with 142 defines and 289 references

processors: Unity.Jobs.CodeGen.JobsILPostProcessor, Unity.Netcode.Editor.CodeGen.INetworkMessageILPP, Unity.Netcode.Editor.CodeGen.INetworkSerializableILPP, Unity.Netcode.Editor.CodeGen.NetworkBehaviourILPP, Unity.Netcode.Editor.CodeGen.RuntimeAccessModifiersILPP, zzzUnity.Burst.CodeGen.BurstILPostProcessor

running Unity.Jobs.CodeGen.JobsILPostProcessor

running Unity.Netcode.Editor.CodeGen.INetworkMessageILPP

running Unity.Netcode.Editor.CodeGen.INetworkSerializableILPP

running Unity.Netcode.Editor.CodeGen.NetworkBehaviourILPP

running Unity.Netcode.Editor.CodeGen.RuntimeAccessModifiersILPP

running zzzUnity.Burst.CodeGen.BurstILPostProcessor
[ 881/1154  0s] ILPostProcess Library/Bee/artifacts/1900b0aEDbg.dag/post-processed/Luban.dll (+pdb)
Processing assembly Library/Bee/artifacts/1900b0aEDbg.dag/Luban.dll, with 142 defines and 287 references

processors: Unity.Jobs.CodeGen.JobsILPostProcessor, Unity.Netcode.Editor.CodeGen.INetworkMessageILPP, Unity.Netcode.Editor.CodeGen.INetworkSerializableILPP, Unity.Netcode.Editor.CodeGen.NetworkBehaviourILPP, Unity.Netcode.Editor.CodeGen.RuntimeAccessModifiersILPP, zzzUnity.Burst.CodeGen.BurstILPostProcessor

running Unity.Jobs.CodeGen.JobsILPostProcessor

running Unity.Netcode.Editor.CodeGen.INetworkMessageILPP

running Unity.Netcode.Editor.CodeGen.INetworkSerializableILPP

running Unity.Netcode.Editor.CodeGen.NetworkBehaviourILPP

running Unity.Netcode.Editor.CodeGen.RuntimeAccessModifiersILPP

running zzzUnity.Burst.CodeGen.BurstILPostProcessor
[           0s] Csc Library/Bee/artifacts/1900b0aEDbg.dag/Unity.RenderPipelines.Core.Editor.dll (+2 others) [CacheWrite 00000000000000000000000000000005]
[ 885/1154  0s] ILPostProcess Library/Bee/artifacts/1900b0aEDbg.dag/post-processed/Unity.InternalAPIEngineBridge.004.dll (+pdb)
Processing assembly Library/Bee/artifacts/1900b0aEDbg.dag/Unity.InternalAPIEngineBridge.004.dll, with 142 defines and 287 references

processors: Unity.Jobs.CodeGen.JobsILPostProcessor, Unity.Netcode.Editor.CodeGen.INetworkMessageILPP, Unity.Netcode.Editor.CodeGen.INetworkSerializableILPP, Unity.Netcode.Editor.CodeGen.NetworkBehaviourILPP, Unity.Netcode.Editor.CodeGen.RuntimeAccessModifiersILPP, zzzUnity.Burst.CodeGen.BurstILPostProcessor

running Unity.Jobs.CodeGen.JobsILPostProcessor

running Unity.Netcode.Editor.CodeGen.INetworkMessageILPP

running Unity.Netcode.Editor.CodeGen.INetworkSerializableILPP

running Unity.Netcode.Editor.CodeGen.NetworkBehaviourILPP

running Unity.Netcode.Editor.CodeGen.RuntimeAccessModifiersILPP

running zzzUnity.Burst.CodeGen.BurstILPostProcessor
[ 886/1154  0s] ILPostProcess Library/Bee/artifacts/1900b0aEDbg.dag/post-processed/Unity.RenderPipelines.Core.ShaderLibrary.dll (+pdb)
Processing assembly Library/Bee/artifacts/1900b0aEDbg.dag/Unity.RenderPipelines.Core.ShaderLibrary.dll, with 142 defines and 287 references

processors: Unity.Jobs.CodeGen.JobsILPostProcessor, Unity.Netcode.Editor.CodeGen.INetworkMessageILPP, Unity.Netcode.Editor.CodeGen.INetworkSerializableILPP, Unity.Netcode.Editor.CodeGen.NetworkBehaviourILPP, Unity.Netcode.Editor.CodeGen.RuntimeAccessModifiersILPP, zzzUnity.Burst.CodeGen.BurstILPostProcessor

running Unity.Jobs.CodeGen.JobsILPostProcessor

running Unity.Netcode.Editor.CodeGen.INetworkMessageILPP

running Unity.Netcode.Editor.CodeGen.INetworkSerializableILPP

running Unity.Netcode.Editor.CodeGen.NetworkBehaviourILPP

running Unity.Netcode.Editor.CodeGen.RuntimeAccessModifiersILPP

running zzzUnity.Burst.CodeGen.BurstILPostProcessor
[ 887/1154  0s] ILPostProcess Library/Bee/artifacts/1900b0aEDbg.dag/post-processed/Unity.AI.Navigation.dll (+pdb)
Processing assembly Library/Bee/artifacts/1900b0aEDbg.dag/Unity.AI.Navigation.dll, with 143 defines and 287 references

processors: Unity.Jobs.CodeGen.JobsILPostProcessor, Unity.Netcode.Editor.CodeGen.INetworkMessageILPP, Unity.Netcode.Editor.CodeGen.INetworkSerializableILPP, Unity.Netcode.Editor.CodeGen.NetworkBehaviourILPP, Unity.Netcode.Editor.CodeGen.RuntimeAccessModifiersILPP, zzzUnity.Burst.CodeGen.BurstILPostProcessor

running Unity.Jobs.CodeGen.JobsILPostProcessor

running Unity.Netcode.Editor.CodeGen.INetworkMessageILPP

running Unity.Netcode.Editor.CodeGen.INetworkSerializableILPP

running Unity.Netcode.Editor.CodeGen.NetworkBehaviourILPP

running Unity.Netcode.Editor.CodeGen.RuntimeAccessModifiersILPP

running zzzUnity.Burst.CodeGen.BurstILPostProcessor
[ 888/1154  0s] ILPostProcess Library/Bee/artifacts/1900b0aEDbg.dag/post-processed/UniTask.Addressables.dll (+pdb)
Processing assembly Library/Bee/artifacts/1900b0aEDbg.dag/UniTask.Addressables.dll, with 143 defines and 290 references

processors: Unity.Jobs.CodeGen.JobsILPostProcessor, Unity.Netcode.Editor.CodeGen.INetworkMessageILPP, Unity.Netcode.Editor.CodeGen.INetworkSerializableILPP, Unity.Netcode.Editor.CodeGen.NetworkBehaviourILPP, Unity.Netcode.Editor.CodeGen.RuntimeAccessModifiersILPP, zzzUnity.Burst.CodeGen.BurstILPostProcessor

running Unity.Jobs.CodeGen.JobsILPostProcessor

running Unity.Netcode.Editor.CodeGen.INetworkMessageILPP

running Unity.Netcode.Editor.CodeGen.INetworkSerializableILPP

running Unity.Netcode.Editor.CodeGen.NetworkBehaviourILPP

running Unity.Netcode.Editor.CodeGen.RuntimeAccessModifiersILPP

running zzzUnity.Burst.CodeGen.BurstILPostProcessor
[ 889/1154  0s] ILPostProcess Library/Bee/artifacts/1900b0aEDbg.dag/post-processed/Unity.InputSystem.ForUI.dll (+pdb)
Processing assembly Library/Bee/artifacts/1900b0aEDbg.dag/Unity.InputSystem.ForUI.dll, with 142 defines and 288 references

processors: Unity.Jobs.CodeGen.JobsILPostProcessor, Unity.Netcode.Editor.CodeGen.INetworkMessageILPP, Unity.Netcode.Editor.CodeGen.INetworkSerializableILPP, Unity.Netcode.Editor.CodeGen.NetworkBehaviourILPP, Unity.Netcode.Editor.CodeGen.RuntimeAccessModifiersILPP, zzzUnity.Burst.CodeGen.BurstILPostProcessor

running Unity.Jobs.CodeGen.JobsILPostProcessor

running Unity.Netcode.Editor.CodeGen.INetworkMessageILPP

running Unity.Netcode.Editor.CodeGen.INetworkSerializableILPP

running Unity.Netcode.Editor.CodeGen.NetworkBehaviourILPP

running Unity.Netcode.Editor.CodeGen.RuntimeAccessModifiersILPP

running zzzUnity.Burst.CodeGen.BurstILPostProcessor
[ 890/1154  0s] ILPostProcess Library/Bee/artifacts/1900b0aEDbg.dag/post-processed/Unity.InputSystem.TestFramework.dll (+pdb)
Processing assembly Library/Bee/artifacts/1900b0aEDbg.dag/Unity.InputSystem.TestFramework.dll, with 143 defines and 267 references

processors: Unity.Jobs.CodeGen.JobsILPostProcessor, Unity.Netcode.Editor.CodeGen.INetworkMessageILPP, Unity.Netcode.Editor.CodeGen.INetworkSerializableILPP, Unity.Netcode.Editor.CodeGen.NetworkBehaviourILPP, Unity.Netcode.Editor.CodeGen.RuntimeAccessModifiersILPP, zzzUnity.Burst.CodeGen.BurstILPostProcessor

running Unity.Jobs.CodeGen.JobsILPostProcessor

running Unity.Netcode.Editor.CodeGen.INetworkMessageILPP

running Unity.Netcode.Editor.CodeGen.INetworkSerializableILPP

running Unity.Netcode.Editor.CodeGen.NetworkBehaviourILPP

running Unity.Netcode.Editor.CodeGen.RuntimeAccessModifiersILPP

running zzzUnity.Burst.CodeGen.BurstILPostProcessor
[ 891/1154  0s] ILPostProcess Library/Bee/artifacts/1900b0aEDbg.dag/post-processed/Unity.ResourceManager.dll (+pdb)
Processing assembly Library/Bee/artifacts/1900b0aEDbg.dag/Unity.ResourceManager.dll, with 143 defines and 288 references

processors: Unity.Jobs.CodeGen.JobsILPostProcessor, Unity.Netcode.Editor.CodeGen.INetworkMessageILPP, Unity.Netcode.Editor.CodeGen.INetworkSerializableILPP, Unity.Netcode.Editor.CodeGen.NetworkBehaviourILPP, Unity.Netcode.Editor.CodeGen.RuntimeAccessModifiersILPP, zzzUnity.Burst.CodeGen.BurstILPostProcessor

running Unity.Jobs.CodeGen.JobsILPostProcessor

running Unity.Netcode.Editor.CodeGen.INetworkMessageILPP

running Unity.Netcode.Editor.CodeGen.INetworkSerializableILPP

running Unity.Netcode.Editor.CodeGen.NetworkBehaviourILPP

running Unity.Netcode.Editor.CodeGen.RuntimeAccessModifiersILPP

running zzzUnity.Burst.CodeGen.BurstILPostProcessor
[ 892/1154  0s] Csc Library/Bee/artifacts/1900b0aEDbg.dag/Unity.RenderPipelines.Core.Editor.Shared.dll (+2 others)
[ 893/1154  0s] Csc Library/Bee/artifacts/1900b0aEDbg.dag/Unity.RenderPipelines.Universal.2D.Runtime.dll (+2 others)
[           0s] Csc Library/Bee/artifacts/1900b0aEDbg.dag/Unity.RenderPipelines.Core.Editor.Shared.dll (+2 others) [CacheWrite 00000000000000000000000000000005]
[           0s] Csc Library/Bee/artifacts/1900b0aEDbg.dag/Unity.RenderPipelines.Universal.2D.Runtime.dll (+2 others) [CacheWrite 00000000000000000000000000000005]
[ 896/1154  0s] ILPostProcess Library/Bee/artifacts/1900b0aEDbg.dag/post-processed/UniTask.DOTween.dll (+pdb)
Processing assembly Library/Bee/artifacts/1900b0aEDbg.dag/UniTask.DOTween.dll, with 142 defines and 288 references

processors: Unity.Jobs.CodeGen.JobsILPostProcessor, Unity.Netcode.Editor.CodeGen.INetworkMessageILPP, Unity.Netcode.Editor.CodeGen.INetworkSerializableILPP, Unity.Netcode.Editor.CodeGen.NetworkBehaviourILPP, Unity.Netcode.Editor.CodeGen.RuntimeAccessModifiersILPP, zzzUnity.Burst.CodeGen.BurstILPostProcessor

running Unity.Jobs.CodeGen.JobsILPostProcessor

running Unity.Netcode.Editor.CodeGen.INetworkMessageILPP

running Unity.Netcode.Editor.CodeGen.INetworkSerializableILPP

running Unity.Netcode.Editor.CodeGen.NetworkBehaviourILPP

running Unity.Netcode.Editor.CodeGen.RuntimeAccessModifiersILPP

running zzzUnity.Burst.CodeGen.BurstILPostProcessor
[ 897/1154  0s] ILPostProcess Library/Bee/artifacts/1900b0aEDbg.dag/post-processed/UniTask.Linq.dll (+pdb)
Processing assembly Library/Bee/artifacts/1900b0aEDbg.dag/UniTask.Linq.dll, with 142 defines and 288 references

processors: Unity.Jobs.CodeGen.JobsILPostProcessor, Unity.Netcode.Editor.CodeGen.INetworkMessageILPP, Unity.Netcode.Editor.CodeGen.INetworkSerializableILPP, Unity.Netcode.Editor.CodeGen.NetworkBehaviourILPP, Unity.Netcode.Editor.CodeGen.RuntimeAccessModifiersILPP, zzzUnity.Burst.CodeGen.BurstILPostProcessor

running Unity.Jobs.CodeGen.JobsILPostProcessor

running Unity.Netcode.Editor.CodeGen.INetworkMessageILPP

running Unity.Netcode.Editor.CodeGen.INetworkSerializableILPP

running Unity.Netcode.Editor.CodeGen.NetworkBehaviourILPP

running Unity.Netcode.Editor.CodeGen.RuntimeAccessModifiersILPP

running zzzUnity.Burst.CodeGen.BurstILPostProcessor
[ 898/1154  0s] ILPostProcess Library/Bee/artifacts/1900b0aEDbg.dag/post-processed/Unity.InputSystem.dll (+pdb)
Processing assembly Library/Bee/artifacts/1900b0aEDbg.dag/Unity.InputSystem.dll, with 153 defines and 287 references

processors: Unity.Jobs.CodeGen.JobsILPostProcessor, Unity.Netcode.Editor.CodeGen.INetworkMessageILPP, Unity.Netcode.Editor.CodeGen.INetworkSerializableILPP, Unity.Netcode.Editor.CodeGen.NetworkBehaviourILPP, Unity.Netcode.Editor.CodeGen.RuntimeAccessModifiersILPP, zzzUnity.Burst.CodeGen.BurstILPostProcessor

running Unity.Jobs.CodeGen.JobsILPostProcessor

running Unity.Netcode.Editor.CodeGen.INetworkMessageILPP

running Unity.Netcode.Editor.CodeGen.INetworkSerializableILPP

running Unity.Netcode.Editor.CodeGen.NetworkBehaviourILPP

running Unity.Netcode.Editor.CodeGen.RuntimeAccessModifiersILPP

running zzzUnity.Burst.CodeGen.BurstILPostProcessor
[ 899/1154  0s] ILPostProcess Library/Bee/artifacts/1900b0aEDbg.dag/post-processed/Unity.PerformanceTesting.dll (+pdb)
Processing assembly Library/Bee/artifacts/1900b0aEDbg.dag/Unity.PerformanceTesting.dll, with 143 defines and 265 references

processors: Unity.Jobs.CodeGen.JobsILPostProcessor, Unity.Netcode.Editor.CodeGen.INetworkMessageILPP, Unity.Netcode.Editor.CodeGen.INetworkSerializableILPP, Unity.Netcode.Editor.CodeGen.NetworkBehaviourILPP, Unity.Netcode.Editor.CodeGen.RuntimeAccessModifiersILPP, zzzUnity.Burst.CodeGen.BurstILPostProcessor

running Unity.Jobs.CodeGen.JobsILPostProcessor

running Unity.Netcode.Editor.CodeGen.INetworkMessageILPP

running Unity.Netcode.Editor.CodeGen.INetworkSerializableILPP

running Unity.Netcode.Editor.CodeGen.NetworkBehaviourILPP

running Unity.Netcode.Editor.CodeGen.RuntimeAccessModifiersILPP

running zzzUnity.Burst.CodeGen.BurstILPostProcessor
[ 900/1154  0s] ILPostProcess Library/Bee/artifacts/1900b0aEDbg.dag/post-processed/Unity.RenderPipelines.ShaderGraph.ShaderGraphLibrary.dll (+pdb)
Processing assembly Library/Bee/artifacts/1900b0aEDbg.dag/Unity.RenderPipelines.ShaderGraph.ShaderGraphLibrary.dll, with 142 defines and 287 references

processors: Unity.Jobs.CodeGen.JobsILPostProcessor, Unity.Netcode.Editor.CodeGen.INetworkMessageILPP, Unity.Netcode.Editor.CodeGen.INetworkSerializableILPP, Unity.Netcode.Editor.CodeGen.NetworkBehaviourILPP, Unity.Netcode.Editor.CodeGen.RuntimeAccessModifiersILPP, zzzUnity.Burst.CodeGen.BurstILPostProcessor

running Unity.Jobs.CodeGen.JobsILPostProcessor

running Unity.Netcode.Editor.CodeGen.INetworkMessageILPP

running Unity.Netcode.Editor.CodeGen.INetworkSerializableILPP

running Unity.Netcode.Editor.CodeGen.NetworkBehaviourILPP

running Unity.Netcode.Editor.CodeGen.RuntimeAccessModifiersILPP

running zzzUnity.Burst.CodeGen.BurstILPostProcessor
[ 901/1154  0s] ILPostProcess Library/Bee/artifacts/1900b0aEDbg.dag/post-processed/Unity.VisualScripting.DocCodeExamples.dll (+pdb)
Processing assembly Library/Bee/artifacts/1900b0aEDbg.dag/Unity.VisualScripting.DocCodeExamples.dll, with 142 defines and 269 references

processors: Unity.Jobs.CodeGen.JobsILPostProcessor, Unity.Netcode.Editor.CodeGen.INetworkMessageILPP, Unity.Netcode.Editor.CodeGen.INetworkSerializableILPP, Unity.Netcode.Editor.CodeGen.NetworkBehaviourILPP, Unity.Netcode.Editor.CodeGen.RuntimeAccessModifiersILPP, zzzUnity.Burst.CodeGen.BurstILPostProcessor

running Unity.Jobs.CodeGen.JobsILPostProcessor

running Unity.Netcode.Editor.CodeGen.INetworkMessageILPP

running Unity.Netcode.Editor.CodeGen.INetworkSerializableILPP

running Unity.Netcode.Editor.CodeGen.NetworkBehaviourILPP

running Unity.Netcode.Editor.CodeGen.RuntimeAccessModifiersILPP

running zzzUnity.Burst.CodeGen.BurstILPostProcessor
[ 902/1154  0s] ILPostProcess Library/Bee/artifacts/1900b0aEDbg.dag/post-processed/Splatoon.Skills.Data.dll (+pdb)
Processing assembly Library/Bee/artifacts/1900b0aEDbg.dag/Splatoon.Skills.Data.dll, with 142 defines and 288 references

processors: Unity.Jobs.CodeGen.JobsILPostProcessor, Unity.Netcode.Editor.CodeGen.INetworkMessageILPP, Unity.Netcode.Editor.CodeGen.INetworkSerializableILPP, Unity.Netcode.Editor.CodeGen.NetworkBehaviourILPP, Unity.Netcode.Editor.CodeGen.RuntimeAccessModifiersILPP, zzzUnity.Burst.CodeGen.BurstILPostProcessor

running Unity.Jobs.CodeGen.JobsILPostProcessor

running Unity.Netcode.Editor.CodeGen.INetworkMessageILPP

running Unity.Netcode.Editor.CodeGen.INetworkSerializableILPP

running Unity.Netcode.Editor.CodeGen.NetworkBehaviourILPP

running Unity.Netcode.Editor.CodeGen.RuntimeAccessModifiersILPP

running zzzUnity.Burst.CodeGen.BurstILPostProcessor
[ 903/1154  0s] ILPostProcess Library/Bee/artifacts/1900b0aEDbg.dag/post-processed/Unity.Mathematics.dll (+pdb)
Processing assembly Library/Bee/artifacts/1900b0aEDbg.dag/Unity.Mathematics.dll, with 142 defines and 287 references

processors: Unity.Jobs.CodeGen.JobsILPostProcessor, Unity.Netcode.Editor.CodeGen.INetworkMessageILPP, Unity.Netcode.Editor.CodeGen.INetworkSerializableILPP, Unity.Netcode.Editor.CodeGen.NetworkBehaviourILPP, Unity.Netcode.Editor.CodeGen.RuntimeAccessModifiersILPP, zzzUnity.Burst.CodeGen.BurstILPostProcessor

running Unity.Jobs.CodeGen.JobsILPostProcessor

running Unity.Netcode.Editor.CodeGen.INetworkMessageILPP

running Unity.Netcode.Editor.CodeGen.INetworkSerializableILPP

running Unity.Netcode.Editor.CodeGen.NetworkBehaviourILPP

running Unity.Netcode.Editor.CodeGen.RuntimeAccessModifiersILPP

running zzzUnity.Burst.CodeGen.BurstILPostProcessor
[ 904/1154  0s] ILPostProcess Library/Bee/artifacts/1900b0aEDbg.dag/post-processed/Unity.Multiplayer.Center.Common.dll (+pdb)
Processing assembly Library/Bee/artifacts/1900b0aEDbg.dag/Unity.Multiplayer.Center.Common.dll, with 142 defines and 287 references

processors: Unity.Jobs.CodeGen.JobsILPostProcessor, Unity.Netcode.Editor.CodeGen.INetworkMessageILPP, Unity.Netcode.Editor.CodeGen.INetworkSerializableILPP, Unity.Netcode.Editor.CodeGen.NetworkBehaviourILPP, Unity.Netcode.Editor.CodeGen.RuntimeAccessModifiersILPP, zzzUnity.Burst.CodeGen.BurstILPostProcessor

running Unity.Jobs.CodeGen.JobsILPostProcessor

running Unity.Netcode.Editor.CodeGen.INetworkMessageILPP

running Unity.Netcode.Editor.CodeGen.INetworkSerializableILPP

running Unity.Netcode.Editor.CodeGen.NetworkBehaviourILPP

running Unity.Netcode.Editor.CodeGen.RuntimeAccessModifiersILPP

running zzzUnity.Burst.CodeGen.BurstILPostProcessor
[ 905/1154  0s] ILPostProcess Library/Bee/artifacts/1900b0aEDbg.dag/post-processed/Unity.ScriptableBuildPipeline.dll (+pdb)
Processing assembly Library/Bee/artifacts/1900b0aEDbg.dag/Unity.ScriptableBuildPipeline.dll, with 142 defines and 287 references

processors: Unity.Jobs.CodeGen.JobsILPostProcessor, Unity.Netcode.Editor.CodeGen.INetworkMessageILPP, Unity.Netcode.Editor.CodeGen.INetworkSerializableILPP, Unity.Netcode.Editor.CodeGen.NetworkBehaviourILPP, Unity.Netcode.Editor.CodeGen.RuntimeAccessModifiersILPP, zzzUnity.Burst.CodeGen.BurstILPostProcessor

running Unity.Jobs.CodeGen.JobsILPostProcessor

running Unity.Netcode.Editor.CodeGen.INetworkMessageILPP

running Unity.Netcode.Editor.CodeGen.INetworkSerializableILPP

running Unity.Netcode.Editor.CodeGen.NetworkBehaviourILPP

running Unity.Netcode.Editor.CodeGen.RuntimeAccessModifiersILPP

running zzzUnity.Burst.CodeGen.BurstILPostProcessor
[ 906/1154  0s] ILPostProcess Library/Bee/artifacts/1900b0aEDbg.dag/post-processed/Unity.VisualScripting.Core.dll (+pdb)
Processing assembly Library/Bee/artifacts/1900b0aEDbg.dag/Unity.VisualScripting.Core.dll, with 147 defines and 288 references

processors: Unity.Jobs.CodeGen.JobsILPostProcessor, Unity.Netcode.Editor.CodeGen.INetworkMessageILPP, Unity.Netcode.Editor.CodeGen.INetworkSerializableILPP, Unity.Netcode.Editor.CodeGen.NetworkBehaviourILPP, Unity.Netcode.Editor.CodeGen.RuntimeAccessModifiersILPP, zzzUnity.Burst.CodeGen.BurstILPostProcessor

running Unity.Jobs.CodeGen.JobsILPostProcessor

running Unity.Netcode.Editor.CodeGen.INetworkMessageILPP

running Unity.Netcode.Editor.CodeGen.INetworkSerializableILPP

running Unity.Netcode.Editor.CodeGen.NetworkBehaviourILPP

running Unity.Netcode.Editor.CodeGen.RuntimeAccessModifiersILPP

running zzzUnity.Burst.CodeGen.BurstILPostProcessor
[ 907/1154  1s] ILPostProcess Library/Bee/artifacts/1900b0aEDbg.dag/post-processed/Unity.RenderPipelines.Universal.Runtime.dll (+pdb)
Processing assembly Library/Bee/artifacts/1900b0aEDbg.dag/Unity.RenderPipelines.Universal.Runtime.dll, with 149 defines and 295 references

processors: Unity.Jobs.CodeGen.JobsILPostProcessor, Unity.Netcode.Editor.CodeGen.INetworkMessageILPP, Unity.Netcode.Editor.CodeGen.INetworkSerializableILPP, Unity.Netcode.Editor.CodeGen.NetworkBehaviourILPP, Unity.Netcode.Editor.CodeGen.RuntimeAccessModifiersILPP, zzzUnity.Burst.CodeGen.BurstILPostProcessor

running Unity.Jobs.CodeGen.JobsILPostProcessor

running Unity.Netcode.Editor.CodeGen.INetworkMessageILPP

running Unity.Netcode.Editor.CodeGen.INetworkSerializableILPP

running Unity.Netcode.Editor.CodeGen.NetworkBehaviourILPP

running Unity.Netcode.Editor.CodeGen.RuntimeAccessModifiersILPP

running zzzUnity.Burst.CodeGen.BurstILPostProcessor
[ 908/1154  0s] ILPostProcess Library/Bee/artifacts/1900b0aEDbg.dag/post-processed/Sirenix.OdinInspector.Modules.Unity.Addressables.dll (+pdb)
Processing assembly Library/Bee/artifacts/1900b0aEDbg.dag/Sirenix.OdinInspector.Modules.Unity.Addressables.dll, with 142 defines and 289 references

processors: Unity.Jobs.CodeGen.JobsILPostProcessor, Unity.Netcode.Editor.CodeGen.INetworkMessageILPP, Unity.Netcode.Editor.CodeGen.INetworkSerializableILPP, Unity.Netcode.Editor.CodeGen.NetworkBehaviourILPP, Unity.Netcode.Editor.CodeGen.RuntimeAccessModifiersILPP, zzzUnity.Burst.CodeGen.BurstILPostProcessor

running Unity.Jobs.CodeGen.JobsILPostProcessor

running Unity.Netcode.Editor.CodeGen.INetworkMessageILPP

running Unity.Netcode.Editor.CodeGen.INetworkSerializableILPP

running Unity.Netcode.Editor.CodeGen.NetworkBehaviourILPP

running Unity.Netcode.Editor.CodeGen.RuntimeAccessModifiersILPP

running zzzUnity.Burst.CodeGen.BurstILPostProcessor
[ 909/1154  0s] ILPostProcess Library/Bee/artifacts/1900b0aEDbg.dag/post-processed/Unity.Timeline.dll (+pdb)
Processing assembly Library/Bee/artifacts/1900b0aEDbg.dag/Unity.Timeline.dll, with 143 defines and 287 references

processors: Unity.Jobs.CodeGen.JobsILPostProcessor, Unity.Netcode.Editor.CodeGen.INetworkMessageILPP, Unity.Netcode.Editor.CodeGen.INetworkSerializableILPP, Unity.Netcode.Editor.CodeGen.NetworkBehaviourILPP, Unity.Netcode.Editor.CodeGen.RuntimeAccessModifiersILPP, zzzUnity.Burst.CodeGen.BurstILPostProcessor

running Unity.Jobs.CodeGen.JobsILPostProcessor

running Unity.Netcode.Editor.CodeGen.INetworkMessageILPP

running Unity.Netcode.Editor.CodeGen.INetworkSerializableILPP

running Unity.Netcode.Editor.CodeGen.NetworkBehaviourILPP

running Unity.Netcode.Editor.CodeGen.RuntimeAccessModifiersILPP

running zzzUnity.Burst.CodeGen.BurstILPostProcessor
[ 910/1154  0s] ILPostProcess Library/Bee/artifacts/1900b0aEDbg.dag/post-processed/Unity.TextMeshPro.dll (+pdb)
Processing assembly Library/Bee/artifacts/1900b0aEDbg.dag/Unity.TextMeshPro.dll, with 143 defines and 288 references

processors: Unity.Jobs.CodeGen.JobsILPostProcessor, Unity.Netcode.Editor.CodeGen.INetworkMessageILPP, Unity.Netcode.Editor.CodeGen.INetworkSerializableILPP, Unity.Netcode.Editor.CodeGen.NetworkBehaviourILPP, Unity.Netcode.Editor.CodeGen.RuntimeAccessModifiersILPP, zzzUnity.Burst.CodeGen.BurstILPostProcessor

running Unity.Jobs.CodeGen.JobsILPostProcessor

running Unity.Netcode.Editor.CodeGen.INetworkMessageILPP

running Unity.Netcode.Editor.CodeGen.INetworkSerializableILPP

running Unity.Netcode.Editor.CodeGen.NetworkBehaviourILPP

running Unity.Netcode.Editor.CodeGen.RuntimeAccessModifiersILPP

running zzzUnity.Burst.CodeGen.BurstILPostProcessor
[ 911/1154  0s] ILPostProcess Library/Bee/artifacts/1900b0aEDbg.dag/post-processed/UnityEngine.UI.dll (+pdb)
Processing assembly Library/Bee/artifacts/1900b0aEDbg.dag/UnityEngine.UI.dll, with 148 defines and 285 references

processors: Unity.Jobs.CodeGen.JobsILPostProcessor, Unity.Netcode.Editor.CodeGen.INetworkMessageILPP, Unity.Netcode.Editor.CodeGen.INetworkSerializableILPP, Unity.Netcode.Editor.CodeGen.NetworkBehaviourILPP, Unity.Netcode.Editor.CodeGen.RuntimeAccessModifiersILPP, zzzUnity.Burst.CodeGen.BurstILPostProcessor

running Unity.Jobs.CodeGen.JobsILPostProcessor

running Unity.Netcode.Editor.CodeGen.INetworkMessageILPP

running Unity.Netcode.Editor.CodeGen.INetworkSerializableILPP

running Unity.Netcode.Editor.CodeGen.NetworkBehaviourILPP

running Unity.Netcode.Editor.CodeGen.RuntimeAccessModifiersILPP

running zzzUnity.Burst.CodeGen.BurstILPostProcessor
[ 912/1154  0s] ILPostProcess Library/Bee/artifacts/1900b0aEDbg.dag/post-processed/Splatoon.Config.dll (+pdb)
Processing assembly Library/Bee/artifacts/1900b0aEDbg.dag/Splatoon.Config.dll, with 142 defines and 291 references

processors: Unity.Jobs.CodeGen.JobsILPostProcessor, Unity.Netcode.Editor.CodeGen.INetworkMessageILPP, Unity.Netcode.Editor.CodeGen.INetworkSerializableILPP, Unity.Netcode.Editor.CodeGen.NetworkBehaviourILPP, Unity.Netcode.Editor.CodeGen.RuntimeAccessModifiersILPP, zzzUnity.Burst.CodeGen.BurstILPostProcessor

running Unity.Jobs.CodeGen.JobsILPostProcessor

running Unity.Netcode.Editor.CodeGen.INetworkMessageILPP

running Unity.Netcode.Editor.CodeGen.INetworkSerializableILPP

running Unity.Netcode.Editor.CodeGen.NetworkBehaviourILPP

running Unity.Netcode.Editor.CodeGen.RuntimeAccessModifiersILPP

running zzzUnity.Burst.CodeGen.BurstILPostProcessor
[ 913/1154  0s] ILPostProcess Library/Bee/artifacts/1900b0aEDbg.dag/post-processed/UniTask.dll (+pdb)
Processing assembly Library/Bee/artifacts/1900b0aEDbg.dag/UniTask.dll, with 148 defines and 287 references

processors: Unity.Jobs.CodeGen.JobsILPostProcessor, Unity.Netcode.Editor.CodeGen.INetworkMessageILPP, Unity.Netcode.Editor.CodeGen.INetworkSerializableILPP, Unity.Netcode.Editor.CodeGen.NetworkBehaviourILPP, Unity.Netcode.Editor.CodeGen.RuntimeAccessModifiersILPP, zzzUnity.Burst.CodeGen.BurstILPostProcessor

running Unity.Jobs.CodeGen.JobsILPostProcessor

running Unity.Netcode.Editor.CodeGen.INetworkMessageILPP

running Unity.Netcode.Editor.CodeGen.INetworkSerializableILPP

running Unity.Netcode.Editor.CodeGen.NetworkBehaviourILPP

running Unity.Netcode.Editor.CodeGen.RuntimeAccessModifiersILPP

running zzzUnity.Burst.CodeGen.BurstILPostProcessor
[ 914/1154  2s] Csc Library/Bee/artifacts/1900b0aEDbg.dag/Unity.ShaderGraph.Editor.dll (+2 others)
[ 915/1154  0s] ILPostProcess Library/Bee/artifacts/1900b0aEDbg.dag/post-processed/Splatoon.Skills.Support.dll (+pdb)
Processing assembly Library/Bee/artifacts/1900b0aEDbg.dag/Splatoon.Skills.Support.dll, with 142 defines and 287 references

processors: Unity.Jobs.CodeGen.JobsILPostProcessor, Unity.Netcode.Editor.CodeGen.INetworkMessageILPP, Unity.Netcode.Editor.CodeGen.INetworkSerializableILPP, Unity.Netcode.Editor.CodeGen.NetworkBehaviourILPP, Unity.Netcode.Editor.CodeGen.RuntimeAccessModifiersILPP, zzzUnity.Burst.CodeGen.BurstILPostProcessor

running Unity.Jobs.CodeGen.JobsILPostProcessor

running Unity.Netcode.Editor.CodeGen.INetworkMessageILPP

running Unity.Netcode.Editor.CodeGen.INetworkSerializableILPP

running Unity.Netcode.Editor.CodeGen.NetworkBehaviourILPP

running Unity.Netcode.Editor.CodeGen.RuntimeAccessModifiersILPP

running zzzUnity.Burst.CodeGen.BurstILPostProcessor
[ 916/1154  0s] ILPostProcess Library/Bee/artifacts/1900b0aEDbg.dag/post-processed/Unity.Searcher.Editor.dll (+pdb)
Processing assembly Library/Bee/artifacts/1900b0aEDbg.dag/Unity.Searcher.Editor.dll, with 140 defines and 296 references

processors: Unity.Jobs.CodeGen.JobsILPostProcessor, Unity.Netcode.Editor.CodeGen.INetworkMessageILPP, Unity.Netcode.Editor.CodeGen.INetworkSerializableILPP, Unity.Netcode.Editor.CodeGen.NetworkBehaviourILPP, Unity.Netcode.Editor.CodeGen.RuntimeAccessModifiersILPP, zzzUnity.Burst.CodeGen.BurstILPostProcessor

running Unity.Jobs.CodeGen.JobsILPostProcessor

running Unity.Netcode.Editor.CodeGen.INetworkMessageILPP

running Unity.Netcode.Editor.CodeGen.INetworkSerializableILPP

running Unity.Netcode.Editor.CodeGen.NetworkBehaviourILPP

running Unity.Netcode.Editor.CodeGen.RuntimeAccessModifiersILPP

running zzzUnity.Burst.CodeGen.BurstILPostProcessor
[           0s] Csc Library/Bee/artifacts/1900b0aEDbg.dag/Unity.ShaderGraph.Editor.dll (+2 others) [CacheWrite 00000000000000000000000000000005]
[ 917/1154  0s] ILPostProcess Library/Bee/artifacts/1900b0aEDbg.dag/post-processed/UnityEditor.UI.Analytics.dll (+pdb)
Processing assembly Library/Bee/artifacts/1900b0aEDbg.dag/UnityEditor.UI.Analytics.dll, with 140 defines and 297 references

processors: Unity.Jobs.CodeGen.JobsILPostProcessor, Unity.Netcode.Editor.CodeGen.INetworkMessageILPP, Unity.Netcode.Editor.CodeGen.INetworkSerializableILPP, Unity.Netcode.Editor.CodeGen.NetworkBehaviourILPP, Unity.Netcode.Editor.CodeGen.RuntimeAccessModifiersILPP, zzzUnity.Burst.CodeGen.BurstILPostProcessor

running Unity.Jobs.CodeGen.JobsILPostProcessor

running Unity.Netcode.Editor.CodeGen.INetworkMessageILPP

running Unity.Netcode.Editor.CodeGen.INetworkSerializableILPP

running Unity.Netcode.Editor.CodeGen.NetworkBehaviourILPP

running Unity.Netcode.Editor.CodeGen.RuntimeAccessModifiersILPP

running zzzUnity.Burst.CodeGen.BurstILPostProcessor
[ 918/1154  2s] ILPostProcess Library/Bee/artifacts/1900b0aEDbg.dag/post-processed/Unity.RenderPipelines.Core.Runtime.dll (+pdb)
Processing assembly Library/Bee/artifacts/1900b0aEDbg.dag/Unity.RenderPipelines.Core.Runtime.dll, with 145 defines and 291 references

processors: Unity.Jobs.CodeGen.JobsILPostProcessor, Unity.Netcode.Editor.CodeGen.INetworkMessageILPP, Unity.Netcode.Editor.CodeGen.INetworkSerializableILPP, Unity.Netcode.Editor.CodeGen.NetworkBehaviourILPP, Unity.Netcode.Editor.CodeGen.RuntimeAccessModifiersILPP, zzzUnity.Burst.CodeGen.BurstILPostProcessor

running Unity.Jobs.CodeGen.JobsILPostProcessor

running Unity.Netcode.Editor.CodeGen.INetworkMessageILPP

running Unity.Netcode.Editor.CodeGen.INetworkSerializableILPP

running Unity.Netcode.Editor.CodeGen.NetworkBehaviourILPP

running Unity.Netcode.Editor.CodeGen.RuntimeAccessModifiersILPP

running zzzUnity.Burst.CodeGen.BurstILPostProcessor
[ 919/1154  0s] ILPostProcess Library/Bee/artifacts/1900b0aEDbg.dag/post-processed/Unity.PerformanceTesting.Editor.dll (+pdb)
Processing assembly Library/Bee/artifacts/1900b0aEDbg.dag/Unity.PerformanceTesting.Editor.dll, with 141 defines and 277 references

processors: Unity.Jobs.CodeGen.JobsILPostProcessor, Unity.Netcode.Editor.CodeGen.INetworkMessageILPP, Unity.Netcode.Editor.CodeGen.INetworkSerializableILPP, Unity.Netcode.Editor.CodeGen.NetworkBehaviourILPP, Unity.Netcode.Editor.CodeGen.RuntimeAccessModifiersILPP, zzzUnity.Burst.CodeGen.BurstILPostProcessor

running Unity.Jobs.CodeGen.JobsILPostProcessor

running Unity.Netcode.Editor.CodeGen.INetworkMessageILPP

running Unity.Netcode.Editor.CodeGen.INetworkSerializableILPP

running Unity.Netcode.Editor.CodeGen.NetworkBehaviourILPP

running Unity.Netcode.Editor.CodeGen.RuntimeAccessModifiersILPP

running zzzUnity.Burst.CodeGen.BurstILPostProcessor
[ 923/1154  0s] ILPostProcess Library/Bee/artifacts/1900b0aEDbg.dag/post-processed/Sirenix.OdinInspector.Modules.UnityMathematics.dll (+pdb)
Processing assembly Library/Bee/artifacts/1900b0aEDbg.dag/Sirenix.OdinInspector.Modules.UnityMathematics.dll, with 140 defines and 297 references

processors: Unity.Jobs.CodeGen.JobsILPostProcessor, Unity.Netcode.Editor.CodeGen.INetworkMessageILPP, Unity.Netcode.Editor.CodeGen.INetworkSerializableILPP, Unity.Netcode.Editor.CodeGen.NetworkBehaviourILPP, Unity.Netcode.Editor.CodeGen.RuntimeAccessModifiersILPP, zzzUnity.Burst.CodeGen.BurstILPostProcessor

running Unity.Jobs.CodeGen.JobsILPostProcessor

running Unity.Netcode.Editor.CodeGen.INetworkMessageILPP

running Unity.Netcode.Editor.CodeGen.INetworkSerializableILPP

running Unity.Netcode.Editor.CodeGen.NetworkBehaviourILPP

running Unity.Netcode.Editor.CodeGen.RuntimeAccessModifiersILPP

running zzzUnity.Burst.CodeGen.BurstILPostProcessor
[ 924/1154  3s] ILPostProcess Library/Bee/artifacts/1900b0aEDbg.dag/post-processed/Unity.UnifiedRayTracing.Runtime.dll (+pdb)
Processing assembly Library/Bee/artifacts/1900b0aEDbg.dag/Unity.UnifiedRayTracing.Runtime.dll, with 143 defines and 290 references

processors: Unity.Jobs.CodeGen.JobsILPostProcessor, Unity.Netcode.Editor.CodeGen.INetworkMessageILPP, Unity.Netcode.Editor.CodeGen.INetworkSerializableILPP, Unity.Netcode.Editor.CodeGen.NetworkBehaviourILPP, Unity.Netcode.Editor.CodeGen.RuntimeAccessModifiersILPP, zzzUnity.Burst.CodeGen.BurstILPostProcessor

running Unity.Jobs.CodeGen.JobsILPostProcessor

running Unity.Netcode.Editor.CodeGen.INetworkMessageILPP

running Unity.Netcode.Editor.CodeGen.INetworkSerializableILPP

running Unity.Netcode.Editor.CodeGen.NetworkBehaviourILPP

running Unity.Netcode.Editor.CodeGen.RuntimeAccessModifiersILPP

running zzzUnity.Burst.CodeGen.BurstILPostProcessor
[ 925/1154  0s] ILPostProcess Library/Bee/artifacts/1900b0aEDbg.dag/post-processed/Unity.Addressables.DocExampleCode.Editor.Tests.dll (+pdb)
Processing assembly Library/Bee/artifacts/1900b0aEDbg.dag/Unity.Addressables.DocExampleCode.Editor.Tests.dll, with 142 defines and 280 references

processors: Unity.Jobs.CodeGen.JobsILPostProcessor, Unity.Netcode.Editor.CodeGen.INetworkMessageILPP, Unity.Netcode.Editor.CodeGen.INetworkSerializableILPP, Unity.Netcode.Editor.CodeGen.NetworkBehaviourILPP, Unity.Netcode.Editor.CodeGen.RuntimeAccessModifiersILPP, zzzUnity.Burst.CodeGen.BurstILPostProcessor

running Unity.Jobs.CodeGen.JobsILPostProcessor

running Unity.Netcode.Editor.CodeGen.INetworkMessageILPP

running Unity.Netcode.Editor.CodeGen.INetworkSerializableILPP

running Unity.Netcode.Editor.CodeGen.NetworkBehaviourILPP

running Unity.Netcode.Editor.CodeGen.RuntimeAccessModifiersILPP

running zzzUnity.Burst.CodeGen.BurstILPostProcessor
[ 926/1154  0s] ILPostProcess Library/Bee/artifacts/1900b0aEDbg.dag/post-processed/Unity.ScriptableBuildPipeline.Editor.dll (+pdb)
Processing assembly Library/Bee/artifacts/1900b0aEDbg.dag/Unity.ScriptableBuildPipeline.Editor.dll, with 143 defines and 297 references

processors: Unity.Jobs.CodeGen.JobsILPostProcessor, Unity.Netcode.Editor.CodeGen.INetworkMessageILPP, Unity.Netcode.Editor.CodeGen.INetworkSerializableILPP, Unity.Netcode.Editor.CodeGen.NetworkBehaviourILPP, Unity.Netcode.Editor.CodeGen.RuntimeAccessModifiersILPP, zzzUnity.Burst.CodeGen.BurstILPostProcessor

running Unity.Jobs.CodeGen.JobsILPostProcessor

running Unity.Netcode.Editor.CodeGen.INetworkMessageILPP

running Unity.Netcode.Editor.CodeGen.INetworkSerializableILPP

running Unity.Netcode.Editor.CodeGen.NetworkBehaviourILPP

running Unity.Netcode.Editor.CodeGen.RuntimeAccessModifiersILPP

running zzzUnity.Burst.CodeGen.BurstILPostProcessor
[ 927/1154  0s] ILPostProcess Library/Bee/artifacts/1900b0aEDbg.dag/post-processed/Unity.Timeline.Editor.dll (+pdb)
Processing assembly Library/Bee/artifacts/1900b0aEDbg.dag/Unity.Timeline.Editor.dll, with 141 defines and 297 references

processors: Unity.Jobs.CodeGen.JobsILPostProcessor, Unity.Netcode.Editor.CodeGen.INetworkMessageILPP, Unity.Netcode.Editor.CodeGen.INetworkSerializableILPP, Unity.Netcode.Editor.CodeGen.NetworkBehaviourILPP, Unity.Netcode.Editor.CodeGen.RuntimeAccessModifiersILPP, zzzUnity.Burst.CodeGen.BurstILPostProcessor

running Unity.Jobs.CodeGen.JobsILPostProcessor

running Unity.Netcode.Editor.CodeGen.INetworkMessageILPP

running Unity.Netcode.Editor.CodeGen.INetworkSerializableILPP

running Unity.Netcode.Editor.CodeGen.NetworkBehaviourILPP

running Unity.Netcode.Editor.CodeGen.RuntimeAccessModifiersILPP

running zzzUnity.Burst.CodeGen.BurstILPostProcessor
[ 928/1154  0s] ILPostProcess Library/Bee/artifacts/1900b0aEDbg.dag/post-processed/Unity.PlasticSCM.Editor.dll (+pdb)
Processing assembly Library/Bee/artifacts/1900b0aEDbg.dag/Unity.PlasticSCM.Editor.dll, with 140 defines and 278 references

processors: Unity.Jobs.CodeGen.JobsILPostProcessor, Unity.Netcode.Editor.CodeGen.INetworkMessageILPP, Unity.Netcode.Editor.CodeGen.INetworkSerializableILPP, Unity.Netcode.Editor.CodeGen.NetworkBehaviourILPP, Unity.Netcode.Editor.CodeGen.RuntimeAccessModifiersILPP, zzzUnity.Burst.CodeGen.BurstILPostProcessor

running Unity.Jobs.CodeGen.JobsILPostProcessor

running Unity.Netcode.Editor.CodeGen.INetworkMessageILPP

running Unity.Netcode.Editor.CodeGen.INetworkSerializableILPP

running Unity.Netcode.Editor.CodeGen.NetworkBehaviourILPP

running Unity.Netcode.Editor.CodeGen.RuntimeAccessModifiersILPP

running zzzUnity.Burst.CodeGen.BurstILPostProcessor
[ 929/1154  0s] Csc Library/Bee/artifacts/1900b0aEDbg.dag/Unity.RenderPipelines.Universal.2D.Editor.Overrides.dll (+2 others)
[ 930/1154  0s] ILPostProcess Library/Bee/artifacts/1900b0aEDbg.dag/post-processed/Unity.Mathematics.Editor.dll (+pdb)
Processing assembly Library/Bee/artifacts/1900b0aEDbg.dag/Unity.Mathematics.Editor.dll, with 140 defines and 297 references

processors: Unity.Jobs.CodeGen.JobsILPostProcessor, Unity.Netcode.Editor.CodeGen.INetworkMessageILPP, Unity.Netcode.Editor.CodeGen.INetworkSerializableILPP, Unity.Netcode.Editor.CodeGen.NetworkBehaviourILPP, Unity.Netcode.Editor.CodeGen.RuntimeAccessModifiersILPP, zzzUnity.Burst.CodeGen.BurstILPostProcessor

running Unity.Jobs.CodeGen.JobsILPostProcessor

running Unity.Netcode.Editor.CodeGen.INetworkMessageILPP

running Unity.Netcode.Editor.CodeGen.INetworkSerializableILPP

running Unity.Netcode.Editor.CodeGen.NetworkBehaviourILPP

running Unity.Netcode.Editor.CodeGen.RuntimeAccessModifiersILPP

running zzzUnity.Burst.CodeGen.BurstILPostProcessor
[           0s] Csc Library/Bee/artifacts/1900b0aEDbg.dag/Unity.RenderPipelines.Universal.2D.Editor.Overrides.dll (+2 others) [CacheWrite 00000000000000000000000000000005]
[ 932/1154  0s] ILPostProcess Library/Bee/artifacts/1900b0aEDbg.dag/post-processed/Unity.Rendering.LightTransport.Editor.dll (+pdb)
Processing assembly Library/Bee/artifacts/1900b0aEDbg.dag/Unity.Rendering.LightTransport.Editor.dll, with 140 defines and 296 references

processors: Unity.Jobs.CodeGen.JobsILPostProcessor, Unity.Netcode.Editor.CodeGen.INetworkMessageILPP, Unity.Netcode.Editor.CodeGen.INetworkSerializableILPP, Unity.Netcode.Editor.CodeGen.NetworkBehaviourILPP, Unity.Netcode.Editor.CodeGen.RuntimeAccessModifiersILPP, zzzUnity.Burst.CodeGen.BurstILPostProcessor

running Unity.Jobs.CodeGen.JobsILPostProcessor

running Unity.Netcode.Editor.CodeGen.INetworkMessageILPP

running Unity.Netcode.Editor.CodeGen.INetworkSerializableILPP

running Unity.Netcode.Editor.CodeGen.NetworkBehaviourILPP

running Unity.Netcode.Editor.CodeGen.RuntimeAccessModifiersILPP

running zzzUnity.Burst.CodeGen.BurstILPostProcessor
[ 933/1154  0s] ILPostProcess Library/Bee/artifacts/1900b0aEDbg.dag/post-processed/Unity.ShaderGraph.Utilities.dll (+pdb)
Processing assembly Library/Bee/artifacts/1900b0aEDbg.dag/Unity.ShaderGraph.Utilities.dll, with 140 defines and 296 references

processors: Unity.Jobs.CodeGen.JobsILPostProcessor, Unity.Netcode.Editor.CodeGen.INetworkMessageILPP, Unity.Netcode.Editor.CodeGen.INetworkSerializableILPP, Unity.Netcode.Editor.CodeGen.NetworkBehaviourILPP, Unity.Netcode.Editor.CodeGen.RuntimeAccessModifiersILPP, zzzUnity.Burst.CodeGen.BurstILPostProcessor

running Unity.Jobs.CodeGen.JobsILPostProcessor

running Unity.Netcode.Editor.CodeGen.INetworkMessageILPP

running Unity.Netcode.Editor.CodeGen.INetworkSerializableILPP

running Unity.Netcode.Editor.CodeGen.NetworkBehaviourILPP

running Unity.Netcode.Editor.CodeGen.RuntimeAccessModifiersILPP

running zzzUnity.Burst.CodeGen.BurstILPostProcessor
[ 934/1154  0s] ILPostProcess Library/Bee/artifacts/1900b0aEDbg.dag/post-processed/Unity.AI.Navigation.Editor.dll (+pdb)
Processing assembly Library/Bee/artifacts/1900b0aEDbg.dag/Unity.AI.Navigation.Editor.dll, with 141 defines and 298 references

processors: Unity.Jobs.CodeGen.JobsILPostProcessor, Unity.Netcode.Editor.CodeGen.INetworkMessageILPP, Unity.Netcode.Editor.CodeGen.INetworkSerializableILPP, Unity.Netcode.Editor.CodeGen.NetworkBehaviourILPP, Unity.Netcode.Editor.CodeGen.RuntimeAccessModifiersILPP, zzzUnity.Burst.CodeGen.BurstILPostProcessor

running Unity.Jobs.CodeGen.JobsILPostProcessor

running Unity.Netcode.Editor.CodeGen.INetworkMessageILPP

running Unity.Netcode.Editor.CodeGen.INetworkSerializableILPP

running Unity.Netcode.Editor.CodeGen.NetworkBehaviourILPP

running Unity.Netcode.Editor.CodeGen.RuntimeAccessModifiersILPP

running zzzUnity.Burst.CodeGen.BurstILPostProcessor
[ 935/1154  0s] ILPostProcess Library/Bee/artifacts/1900b0aEDbg.dag/post-processed/Unity.Collections.Editor.dll (+pdb)
Processing assembly Library/Bee/artifacts/1900b0aEDbg.dag/Unity.Collections.Editor.dll, with 141 defines and 297 references

processors: Unity.Jobs.CodeGen.JobsILPostProcessor, Unity.Netcode.Editor.CodeGen.INetworkMessageILPP, Unity.Netcode.Editor.CodeGen.INetworkSerializableILPP, Unity.Netcode.Editor.CodeGen.NetworkBehaviourILPP, Unity.Netcode.Editor.CodeGen.RuntimeAccessModifiersILPP, zzzUnity.Burst.CodeGen.BurstILPostProcessor

running Unity.Jobs.CodeGen.JobsILPostProcessor

running Unity.Netcode.Editor.CodeGen.INetworkMessageILPP

running Unity.Netcode.Editor.CodeGen.INetworkSerializableILPP

running Unity.Netcode.Editor.CodeGen.NetworkBehaviourILPP

running Unity.Netcode.Editor.CodeGen.RuntimeAccessModifiersILPP

running zzzUnity.Burst.CodeGen.BurstILPostProcessor
[ 936/1154  0s] ILPostProcess Library/Bee/artifacts/1900b0aEDbg.dag/post-processed/Unity.PlasticSCM.Editor.Entities.dll (+pdb)
Processing assembly Library/Bee/artifacts/1900b0aEDbg.dag/Unity.PlasticSCM.Editor.Entities.dll, with 140 defines and 297 references

processors: Unity.Jobs.CodeGen.JobsILPostProcessor, Unity.Netcode.Editor.CodeGen.INetworkMessageILPP, Unity.Netcode.Editor.CodeGen.INetworkSerializableILPP, Unity.Netcode.Editor.CodeGen.NetworkBehaviourILPP, Unity.Netcode.Editor.CodeGen.RuntimeAccessModifiersILPP, zzzUnity.Burst.CodeGen.BurstILPostProcessor

running Unity.Jobs.CodeGen.JobsILPostProcessor

running Unity.Netcode.Editor.CodeGen.INetworkMessageILPP

running Unity.Netcode.Editor.CodeGen.INetworkSerializableILPP

running Unity.Netcode.Editor.CodeGen.NetworkBehaviourILPP

running Unity.Netcode.Editor.CodeGen.RuntimeAccessModifiersILPP

running zzzUnity.Burst.CodeGen.BurstILPostProcessor
[ 937/1154  1s] Csc Library/Bee/artifacts/1900b0aEDbg.dag/Unity.RenderPipelines.Universal.Editor.dll (+2 others)
[ 938/1154  0s] ILPostProcess Library/Bee/artifacts/1900b0aEDbg.dag/post-processed/Unity.ShaderGraph.Editor.dll (+pdb)
Processing assembly Library/Bee/artifacts/1900b0aEDbg.dag/Unity.ShaderGraph.Editor.dll, with 140 defines and 300 references

processors: Unity.Jobs.CodeGen.JobsILPostProcessor, Unity.Netcode.Editor.CodeGen.INetworkMessageILPP, Unity.Netcode.Editor.CodeGen.INetworkSerializableILPP, Unity.Netcode.Editor.CodeGen.NetworkBehaviourILPP, Unity.Netcode.Editor.CodeGen.RuntimeAccessModifiersILPP, zzzUnity.Burst.CodeGen.BurstILPostProcessor

running Unity.Jobs.CodeGen.JobsILPostProcessor

running Unity.Netcode.Editor.CodeGen.INetworkMessageILPP

running Unity.Netcode.Editor.CodeGen.INetworkSerializableILPP

running Unity.Netcode.Editor.CodeGen.NetworkBehaviourILPP

running Unity.Netcode.Editor.CodeGen.RuntimeAccessModifiersILPP

running zzzUnity.Burst.CodeGen.BurstILPostProcessor
[ 939/1154  0s] ILPostProcess Library/Bee/artifacts/1900b0aEDbg.dag/post-processed/Unity.CollabProxy.Editor.dll (+pdb)
Processing assembly Library/Bee/artifacts/1900b0aEDbg.dag/Unity.CollabProxy.Editor.dll, with 140 defines and 297 references

processors: Unity.Jobs.CodeGen.JobsILPostProcessor, Unity.Netcode.Editor.CodeGen.INetworkMessageILPP, Unity.Netcode.Editor.CodeGen.INetworkSerializableILPP, Unity.Netcode.Editor.CodeGen.NetworkBehaviourILPP, Unity.Netcode.Editor.CodeGen.RuntimeAccessModifiersILPP, zzzUnity.Burst.CodeGen.BurstILPostProcessor

running Unity.Jobs.CodeGen.JobsILPostProcessor

running Unity.Netcode.Editor.CodeGen.INetworkMessageILPP

running Unity.Netcode.Editor.CodeGen.INetworkSerializableILPP

running Unity.Netcode.Editor.CodeGen.NetworkBehaviourILPP

running Unity.Netcode.Editor.CodeGen.RuntimeAccessModifiersILPP

running zzzUnity.Burst.CodeGen.BurstILPostProcessor
[ 940/1154  4s] ILPostProcess Library/Bee/artifacts/1900b0aEDbg.dag/post-processed/Unity.Networking.Transport.dll (+pdb)
Processing assembly Library/Bee/artifacts/1900b0aEDbg.dag/Unity.Networking.Transport.dll, with 144 defines and 290 references

processors: Unity.Jobs.CodeGen.JobsILPostProcessor, Unity.Netcode.Editor.CodeGen.INetworkMessageILPP, Unity.Netcode.Editor.CodeGen.INetworkSerializableILPP, Unity.Netcode.Editor.CodeGen.NetworkBehaviourILPP, Unity.Netcode.Editor.CodeGen.RuntimeAccessModifiersILPP, zzzUnity.Burst.CodeGen.BurstILPostProcessor

running Unity.Jobs.CodeGen.JobsILPostProcessor

running Unity.Netcode.Editor.CodeGen.INetworkMessageILPP

running Unity.Netcode.Editor.CodeGen.INetworkSerializableILPP

running Unity.Netcode.Editor.CodeGen.NetworkBehaviourILPP

running Unity.Netcode.Editor.CodeGen.RuntimeAccessModifiersILPP

running zzzUnity.Burst.CodeGen.BurstILPostProcessor
[ 941/1154  4s] ILPostProcess Library/Bee/artifacts/1900b0aEDbg.dag/post-processed/Unity.Burst.dll (+pdb)
Processing assembly Library/Bee/artifacts/1900b0aEDbg.dag/Unity.Burst.dll, with 142 defines and 268 references

processors: Unity.Jobs.CodeGen.JobsILPostProcessor, Unity.Netcode.Editor.CodeGen.INetworkMessageILPP, Unity.Netcode.Editor.CodeGen.INetworkSerializableILPP, Unity.Netcode.Editor.CodeGen.NetworkBehaviourILPP, Unity.Netcode.Editor.CodeGen.RuntimeAccessModifiersILPP, zzzUnity.Burst.CodeGen.BurstILPostProcessor

running Unity.Jobs.CodeGen.JobsILPostProcessor

running Unity.Netcode.Editor.CodeGen.INetworkMessageILPP

running Unity.Netcode.Editor.CodeGen.INetworkSerializableILPP

running Unity.Netcode.Editor.CodeGen.NetworkBehaviourILPP

running Unity.Netcode.Editor.CodeGen.RuntimeAccessModifiersILPP

running zzzUnity.Burst.CodeGen.BurstILPostProcessor
[ 942/1154  3s] ILPostProcess Library/Bee/artifacts/1900b0aEDbg.dag/post-processed/Unity.Collections.dll (+pdb)
Processing assembly Library/Bee/artifacts/1900b0aEDbg.dag/Unity.Collections.dll, with 144 defines and 289 references

processors: Unity.Jobs.CodeGen.JobsILPostProcessor, Unity.Netcode.Editor.CodeGen.INetworkMessageILPP, Unity.Netcode.Editor.CodeGen.INetworkSerializableILPP, Unity.Netcode.Editor.CodeGen.NetworkBehaviourILPP, Unity.Netcode.Editor.CodeGen.RuntimeAccessModifiersILPP, zzzUnity.Burst.CodeGen.BurstILPostProcessor

running Unity.Jobs.CodeGen.JobsILPostProcessor

running Unity.Netcode.Editor.CodeGen.INetworkMessageILPP

running Unity.Netcode.Editor.CodeGen.INetworkSerializableILPP

running Unity.Netcode.Editor.CodeGen.NetworkBehaviourILPP

running Unity.Netcode.Editor.CodeGen.RuntimeAccessModifiersILPP

running zzzUnity.Burst.CodeGen.BurstILPostProcessor
[ 943/1154  0s] ILPostProcess Library/Bee/artifacts/1900b0aEDbg.dag/post-processed/Unity.RenderPipelines.Universal.2D.Editor.Overrides.dll (+pdb)
Processing assembly Library/Bee/artifacts/1900b0aEDbg.dag/Unity.RenderPipelines.Universal.2D.Editor.Overrides.dll, with 141 defines and 306 references

processors: Unity.Jobs.CodeGen.JobsILPostProcessor, Unity.Netcode.Editor.CodeGen.INetworkMessageILPP, Unity.Netcode.Editor.CodeGen.INetworkSerializableILPP, Unity.Netcode.Editor.CodeGen.NetworkBehaviourILPP, Unity.Netcode.Editor.CodeGen.RuntimeAccessModifiersILPP, zzzUnity.Burst.CodeGen.BurstILPostProcessor

running Unity.Jobs.CodeGen.JobsILPostProcessor

running Unity.Netcode.Editor.CodeGen.INetworkMessageILPP

running Unity.Netcode.Editor.CodeGen.INetworkSerializableILPP

running Unity.Netcode.Editor.CodeGen.NetworkBehaviourILPP

running Unity.Netcode.Editor.CodeGen.RuntimeAccessModifiersILPP

running zzzUnity.Burst.CodeGen.BurstILPostProcessor
[ 944/1154  3s] ILPostProcess Library/Bee/artifacts/1900b0aEDbg.dag/post-processed/Unity.RenderPipelines.Universal.2D.Runtime.dll (+pdb)
Processing assembly Library/Bee/artifacts/1900b0aEDbg.dag/Unity.RenderPipelines.Universal.2D.Runtime.dll, with 145 defines and 292 references

processors: Unity.Jobs.CodeGen.JobsILPostProcessor, Unity.Netcode.Editor.CodeGen.INetworkMessageILPP, Unity.Netcode.Editor.CodeGen.INetworkSerializableILPP, Unity.Netcode.Editor.CodeGen.NetworkBehaviourILPP, Unity.Netcode.Editor.CodeGen.RuntimeAccessModifiersILPP, zzzUnity.Burst.CodeGen.BurstILPostProcessor

running Unity.Jobs.CodeGen.JobsILPostProcessor

running Unity.Netcode.Editor.CodeGen.INetworkMessageILPP

running Unity.Netcode.Editor.CodeGen.INetworkSerializableILPP

running Unity.Netcode.Editor.CodeGen.NetworkBehaviourILPP

running Unity.Netcode.Editor.CodeGen.RuntimeAccessModifiersILPP

running zzzUnity.Burst.CodeGen.BurstILPostProcessor
[ 945/1154  3s] ILPostProcess Library/Bee/artifacts/1900b0aEDbg.dag/post-processed/Unity.RenderPipelines.GPUDriven.Runtime.dll (+pdb)
Processing assembly Library/Bee/artifacts/1900b0aEDbg.dag/Unity.RenderPipelines.GPUDriven.Runtime.dll, with 142 defines and 291 references

processors: Unity.Jobs.CodeGen.JobsILPostProcessor, Unity.Netcode.Editor.CodeGen.INetworkMessageILPP, Unity.Netcode.Editor.CodeGen.INetworkSerializableILPP, Unity.Netcode.Editor.CodeGen.NetworkBehaviourILPP, Unity.Netcode.Editor.CodeGen.RuntimeAccessModifiersILPP, zzzUnity.Burst.CodeGen.BurstILPostProcessor

running Unity.Jobs.CodeGen.JobsILPostProcessor

running Unity.Netcode.Editor.CodeGen.INetworkMessageILPP

running Unity.Netcode.Editor.CodeGen.INetworkSerializableILPP

running Unity.Netcode.Editor.CodeGen.NetworkBehaviourILPP

running Unity.Netcode.Editor.CodeGen.RuntimeAccessModifiersILPP

running zzzUnity.Burst.CodeGen.BurstILPostProcessor
[ 946/1154  0s] ILPostProcess Library/Bee/artifacts/1900b0aEDbg.dag/post-processed/Unity.Networking.Editor.dll (+pdb)
Processing assembly Library/Bee/artifacts/1900b0aEDbg.dag/Unity.Networking.Editor.dll, with 140 defines and 296 references

processors: Unity.Jobs.CodeGen.JobsILPostProcessor, Unity.Netcode.Editor.CodeGen.INetworkMessageILPP, Unity.Netcode.Editor.CodeGen.INetworkSerializableILPP, Unity.Netcode.Editor.CodeGen.NetworkBehaviourILPP, Unity.Netcode.Editor.CodeGen.RuntimeAccessModifiersILPP, zzzUnity.Burst.CodeGen.BurstILPostProcessor

running Unity.Jobs.CodeGen.JobsILPostProcessor

running Unity.Netcode.Editor.CodeGen.INetworkMessageILPP

running Unity.Netcode.Editor.CodeGen.INetworkSerializableILPP

running Unity.Netcode.Editor.CodeGen.NetworkBehaviourILPP

running Unity.Netcode.Editor.CodeGen.RuntimeAccessModifiersILPP

running zzzUnity.Burst.CodeGen.BurstILPostProcessor
[           0s] Csc Library/Bee/artifacts/1900b0aEDbg.dag/Unity.RenderPipelines.Universal.Editor.dll (+2 others) [CacheWrite 00000000000000000000000000000005]
[ 949/1154  0s] ILPostProcess Library/Bee/artifacts/1900b0aEDbg.dag/post-processed/Unity.InputSystem.DocCodeSamples.dll (+pdb)
Processing assembly Library/Bee/artifacts/1900b0aEDbg.dag/Unity.InputSystem.DocCodeSamples.dll, with 140 defines and 277 references

processors: Unity.Jobs.CodeGen.JobsILPostProcessor, Unity.Netcode.Editor.CodeGen.INetworkMessageILPP, Unity.Netcode.Editor.CodeGen.INetworkSerializableILPP, Unity.Netcode.Editor.CodeGen.NetworkBehaviourILPP, Unity.Netcode.Editor.CodeGen.RuntimeAccessModifiersILPP, zzzUnity.Burst.CodeGen.BurstILPostProcessor

running Unity.Jobs.CodeGen.JobsILPostProcessor

running Unity.Netcode.Editor.CodeGen.INetworkMessageILPP

running Unity.Netcode.Editor.CodeGen.INetworkSerializableILPP

running Unity.Netcode.Editor.CodeGen.NetworkBehaviourILPP

running Unity.Netcode.Editor.CodeGen.RuntimeAccessModifiersILPP

running zzzUnity.Burst.CodeGen.BurstILPostProcessor
[ 950/1154  0s] ILPostProcess Library/Bee/artifacts/1900b0aEDbg.dag/post-processed/Unity.Multiplayer.Center.Editor.dll (+pdb)
Processing assembly Library/Bee/artifacts/1900b0aEDbg.dag/Unity.Multiplayer.Center.Editor.dll, with 140 defines and 297 references

processors: Unity.Jobs.CodeGen.JobsILPostProcessor, Unity.Netcode.Editor.CodeGen.INetworkMessageILPP, Unity.Netcode.Editor.CodeGen.INetworkSerializableILPP, Unity.Netcode.Editor.CodeGen.NetworkBehaviourILPP, Unity.Netcode.Editor.CodeGen.RuntimeAccessModifiersILPP, zzzUnity.Burst.CodeGen.BurstILPostProcessor

running Unity.Jobs.CodeGen.JobsILPostProcessor

running Unity.Netcode.Editor.CodeGen.INetworkMessageILPP

running Unity.Netcode.Editor.CodeGen.INetworkSerializableILPP

running Unity.Netcode.Editor.CodeGen.NetworkBehaviourILPP

running Unity.Netcode.Editor.CodeGen.RuntimeAccessModifiersILPP

running zzzUnity.Burst.CodeGen.BurstILPostProcessor
[ 951/1154  0s] ILPostProcess Library/Bee/artifacts/1900b0aEDbg.dag/post-processed/Unity.AI.Navigation.Updater.dll (+pdb)
Processing assembly Library/Bee/artifacts/1900b0aEDbg.dag/Unity.AI.Navigation.Updater.dll, with 140 defines and 299 references

processors: Unity.Jobs.CodeGen.JobsILPostProcessor, Unity.Netcode.Editor.CodeGen.INetworkMessageILPP, Unity.Netcode.Editor.CodeGen.INetworkSerializableILPP, Unity.Netcode.Editor.CodeGen.NetworkBehaviourILPP, Unity.Netcode.Editor.CodeGen.RuntimeAccessModifiersILPP, zzzUnity.Burst.CodeGen.BurstILPostProcessor

running Unity.Jobs.CodeGen.JobsILPostProcessor

running Unity.Netcode.Editor.CodeGen.INetworkMessageILPP

running Unity.Netcode.Editor.CodeGen.INetworkSerializableILPP

running Unity.Netcode.Editor.CodeGen.NetworkBehaviourILPP

running Unity.Netcode.Editor.CodeGen.RuntimeAccessModifiersILPP

running zzzUnity.Burst.CodeGen.BurstILPostProcessor
[ 952/1154  0s] ILPostProcess Library/Bee/artifacts/1900b0aEDbg.dag/post-processed/Unity.AI.Navigation.Editor.ConversionSystem.dll (+pdb)
Processing assembly Library/Bee/artifacts/1900b0aEDbg.dag/Unity.AI.Navigation.Editor.ConversionSystem.dll, with 140 defines and 296 references

processors: Unity.Jobs.CodeGen.JobsILPostProcessor, Unity.Netcode.Editor.CodeGen.INetworkMessageILPP, Unity.Netcode.Editor.CodeGen.INetworkSerializableILPP, Unity.Netcode.Editor.CodeGen.NetworkBehaviourILPP, Unity.Netcode.Editor.CodeGen.RuntimeAccessModifiersILPP, zzzUnity.Burst.CodeGen.BurstILPostProcessor

running Unity.Jobs.CodeGen.JobsILPostProcessor

running Unity.Netcode.Editor.CodeGen.INetworkMessageILPP

running Unity.Netcode.Editor.CodeGen.INetworkSerializableILPP

running Unity.Netcode.Editor.CodeGen.NetworkBehaviourILPP

running Unity.Netcode.Editor.CodeGen.RuntimeAccessModifiersILPP

running zzzUnity.Burst.CodeGen.BurstILPostProcessor
[ 955/1154  0s] ILPostProcess Library/Bee/artifacts/1900b0aEDbg.dag/post-processed/Unity.VisualScripting.Shared.Editor.dll (+pdb)
Processing assembly Library/Bee/artifacts/1900b0aEDbg.dag/Unity.VisualScripting.Shared.Editor.dll, with 140 defines and 302 references

processors: Unity.Jobs.CodeGen.JobsILPostProcessor, Unity.Netcode.Editor.CodeGen.INetworkMessageILPP, Unity.Netcode.Editor.CodeGen.INetworkSerializableILPP, Unity.Netcode.Editor.CodeGen.NetworkBehaviourILPP, Unity.Netcode.Editor.CodeGen.RuntimeAccessModifiersILPP, zzzUnity.Burst.CodeGen.BurstILPostProcessor

running Unity.Jobs.CodeGen.JobsILPostProcessor

running Unity.Netcode.Editor.CodeGen.INetworkMessageILPP

running Unity.Netcode.Editor.CodeGen.INetworkSerializableILPP

running Unity.Netcode.Editor.CodeGen.NetworkBehaviourILPP

running Unity.Netcode.Editor.CodeGen.RuntimeAccessModifiersILPP

running zzzUnity.Burst.CodeGen.BurstILPostProcessor
[ 956/1154  0s] ILPostProcess Library/Bee/artifacts/1900b0aEDbg.dag/post-processed/Unity.VisualScripting.Flow.Editor.dll (+pdb)
Processing assembly Library/Bee/artifacts/1900b0aEDbg.dag/Unity.VisualScripting.Flow.Editor.dll, with 142 defines and 300 references

processors: Unity.Jobs.CodeGen.JobsILPostProcessor, Unity.Netcode.Editor.CodeGen.INetworkMessageILPP, Unity.Netcode.Editor.CodeGen.INetworkSerializableILPP, Unity.Netcode.Editor.CodeGen.NetworkBehaviourILPP, Unity.Netcode.Editor.CodeGen.RuntimeAccessModifiersILPP, zzzUnity.Burst.CodeGen.BurstILPostProcessor

running Unity.Jobs.CodeGen.JobsILPostProcessor

running Unity.Netcode.Editor.CodeGen.INetworkMessageILPP

running Unity.Netcode.Editor.CodeGen.INetworkSerializableILPP

running Unity.Netcode.Editor.CodeGen.NetworkBehaviourILPP

running Unity.Netcode.Editor.CodeGen.RuntimeAccessModifiersILPP

running zzzUnity.Burst.CodeGen.BurstILPostProcessor
[ 957/1154  0s] ILPostProcess Library/Bee/artifacts/1900b0aEDbg.dag/post-processed/Unity.Addressables.Editor.dll (+pdb)
Processing assembly Library/Bee/artifacts/1900b0aEDbg.dag/Unity.Addressables.Editor.dll, with 141 defines and 300 references

processors: Unity.Jobs.CodeGen.JobsILPostProcessor, Unity.Netcode.Editor.CodeGen.INetworkMessageILPP, Unity.Netcode.Editor.CodeGen.INetworkSerializableILPP, Unity.Netcode.Editor.CodeGen.NetworkBehaviourILPP, Unity.Netcode.Editor.CodeGen.RuntimeAccessModifiersILPP, zzzUnity.Burst.CodeGen.BurstILPostProcessor

running Unity.Jobs.CodeGen.JobsILPostProcessor

running Unity.Netcode.Editor.CodeGen.INetworkMessageILPP

running Unity.Netcode.Editor.CodeGen.INetworkSerializableILPP

running Unity.Netcode.Editor.CodeGen.NetworkBehaviourILPP

running Unity.Netcode.Editor.CodeGen.RuntimeAccessModifiersILPP

running zzzUnity.Burst.CodeGen.BurstILPostProcessor
[ 958/1154  0s] ILPostProcess Library/Bee/artifacts/1900b0aEDbg.dag/post-processed/Unity.VisualScripting.Core.Editor.dll (+pdb)
Processing assembly Library/Bee/artifacts/1900b0aEDbg.dag/Unity.VisualScripting.Core.Editor.dll, with 140 defines and 297 references

processors: Unity.Jobs.CodeGen.JobsILPostProcessor, Unity.Netcode.Editor.CodeGen.INetworkMessageILPP, Unity.Netcode.Editor.CodeGen.INetworkSerializableILPP, Unity.Netcode.Editor.CodeGen.NetworkBehaviourILPP, Unity.Netcode.Editor.CodeGen.RuntimeAccessModifiersILPP, zzzUnity.Burst.CodeGen.BurstILPostProcessor

running Unity.Jobs.CodeGen.JobsILPostProcessor

running Unity.Netcode.Editor.CodeGen.INetworkMessageILPP

running Unity.Netcode.Editor.CodeGen.INetworkSerializableILPP

running Unity.Netcode.Editor.CodeGen.NetworkBehaviourILPP

running Unity.Netcode.Editor.CodeGen.RuntimeAccessModifiersILPP

running zzzUnity.Burst.CodeGen.BurstILPostProcessor
[ 959/1154  0s] ILPostProcess Library/Bee/artifacts/1900b0aEDbg.dag/post-processed/UniTask.Editor.dll (+pdb)
Processing assembly Library/Bee/artifacts/1900b0aEDbg.dag/UniTask.Editor.dll, with 140 defines and 297 references

processors: Unity.Jobs.CodeGen.JobsILPostProcessor, Unity.Netcode.Editor.CodeGen.INetworkMessageILPP, Unity.Netcode.Editor.CodeGen.INetworkSerializableILPP, Unity.Netcode.Editor.CodeGen.NetworkBehaviourILPP, Unity.Netcode.Editor.CodeGen.RuntimeAccessModifiersILPP, zzzUnity.Burst.CodeGen.BurstILPostProcessor

running Unity.Jobs.CodeGen.JobsILPostProcessor

running Unity.Netcode.Editor.CodeGen.INetworkMessageILPP

running Unity.Netcode.Editor.CodeGen.INetworkSerializableILPP

running Unity.Netcode.Editor.CodeGen.NetworkBehaviourILPP

running Unity.Netcode.Editor.CodeGen.RuntimeAccessModifiersILPP

running zzzUnity.Burst.CodeGen.BurstILPostProcessor
[ 960/1154  0s] ILPostProcess Library/Bee/artifacts/1900b0aEDbg.dag/post-processed/Splatoon.Tests.dll (+pdb)
Processing assembly Library/Bee/artifacts/1900b0aEDbg.dag/Splatoon.Tests.dll, with 140 defines and 279 references

processors: Unity.Jobs.CodeGen.JobsILPostProcessor, Unity.Netcode.Editor.CodeGen.INetworkMessageILPP, Unity.Netcode.Editor.CodeGen.INetworkSerializableILPP, Unity.Netcode.Editor.CodeGen.NetworkBehaviourILPP, Unity.Netcode.Editor.CodeGen.RuntimeAccessModifiersILPP, zzzUnity.Burst.CodeGen.BurstILPostProcessor

running Unity.Jobs.CodeGen.JobsILPostProcessor

running Unity.Netcode.Editor.CodeGen.INetworkMessageILPP

running Unity.Netcode.Editor.CodeGen.INetworkSerializableILPP

running Unity.Netcode.Editor.CodeGen.NetworkBehaviourILPP

running Unity.Netcode.Editor.CodeGen.RuntimeAccessModifiersILPP

running zzzUnity.Burst.CodeGen.BurstILPostProcessor
[ 961/1154  0s] ILPostProcess Library/Bee/artifacts/1900b0aEDbg.dag/post-processed/Unity.VisualScripting.State.Editor.dll (+pdb)
Processing assembly Library/Bee/artifacts/1900b0aEDbg.dag/Unity.VisualScripting.State.Editor.dll, with 140 defines and 301 references

processors: Unity.Jobs.CodeGen.JobsILPostProcessor, Unity.Netcode.Editor.CodeGen.INetworkMessageILPP, Unity.Netcode.Editor.CodeGen.INetworkSerializableILPP, Unity.Netcode.Editor.CodeGen.NetworkBehaviourILPP, Unity.Netcode.Editor.CodeGen.RuntimeAccessModifiersILPP, zzzUnity.Burst.CodeGen.BurstILPostProcessor

running Unity.Jobs.CodeGen.JobsILPostProcessor

running Unity.Netcode.Editor.CodeGen.INetworkMessageILPP

running Unity.Netcode.Editor.CodeGen.INetworkSerializableILPP

running Unity.Netcode.Editor.CodeGen.NetworkBehaviourILPP

running Unity.Netcode.Editor.CodeGen.RuntimeAccessModifiersILPP

running zzzUnity.Burst.CodeGen.BurstILPostProcessor
[ 962/1154  0s] ILPostProcess Library/Bee/artifacts/1900b0aEDbg.dag/post-processed/Unity.Netcode.PackageChecker.Editor.dll (+pdb)
Processing assembly Library/Bee/artifacts/1900b0aEDbg.dag/Unity.Netcode.PackageChecker.Editor.dll, with 140 defines and 296 references

processors: Unity.Jobs.CodeGen.JobsILPostProcessor, Unity.Netcode.Editor.CodeGen.INetworkMessageILPP, Unity.Netcode.Editor.CodeGen.INetworkSerializableILPP, Unity.Netcode.Editor.CodeGen.NetworkBehaviourILPP, Unity.Netcode.Editor.CodeGen.RuntimeAccessModifiersILPP, zzzUnity.Burst.CodeGen.BurstILPostProcessor

running Unity.Jobs.CodeGen.JobsILPostProcessor

running Unity.Netcode.Editor.CodeGen.INetworkMessageILPP

running Unity.Netcode.Editor.CodeGen.INetworkSerializableILPP

running Unity.Netcode.Editor.CodeGen.NetworkBehaviourILPP

running Unity.Netcode.Editor.CodeGen.RuntimeAccessModifiersILPP

running zzzUnity.Burst.CodeGen.BurstILPostProcessor
[ 963/1154  0s] ILPostProcess Library/Bee/artifacts/1900b0aEDbg.dag/post-processed/Splatoon.Editor.dll (+pdb)
Processing assembly Library/Bee/artifacts/1900b0aEDbg.dag/Splatoon.Editor.dll, with 140 defines and 301 references

processors: Unity.Jobs.CodeGen.JobsILPostProcessor, Unity.Netcode.Editor.CodeGen.INetworkMessageILPP, Unity.Netcode.Editor.CodeGen.INetworkSerializableILPP, Unity.Netcode.Editor.CodeGen.NetworkBehaviourILPP, Unity.Netcode.Editor.CodeGen.RuntimeAccessModifiersILPP, zzzUnity.Burst.CodeGen.BurstILPostProcessor

running Unity.Jobs.CodeGen.JobsILPostProcessor

running Unity.Netcode.Editor.CodeGen.INetworkMessageILPP

running Unity.Netcode.Editor.CodeGen.INetworkSerializableILPP

running Unity.Netcode.Editor.CodeGen.NetworkBehaviourILPP

running Unity.Netcode.Editor.CodeGen.RuntimeAccessModifiersILPP

running zzzUnity.Burst.CodeGen.BurstILPostProcessor
[ 964/1154  0s] Csc Library/Bee/artifacts/1900b0aEDbg.dag/PPv2URPConverters.dll (+2 others)
[ 965/1154  0s] ILPostProcess Library/Bee/artifacts/1900b0aEDbg.dag/post-processed/Unity.Burst.Editor.dll (+pdb)
Processing assembly Library/Bee/artifacts/1900b0aEDbg.dag/Unity.Burst.Editor.dll, with 140 defines and 297 references

processors: Unity.Jobs.CodeGen.JobsILPostProcessor, Unity.Netcode.Editor.CodeGen.INetworkMessageILPP, Unity.Netcode.Editor.CodeGen.INetworkSerializableILPP, Unity.Netcode.Editor.CodeGen.NetworkBehaviourILPP, Unity.Netcode.Editor.CodeGen.RuntimeAccessModifiersILPP, zzzUnity.Burst.CodeGen.BurstILPostProcessor

running Unity.Jobs.CodeGen.JobsILPostProcessor

running Unity.Netcode.Editor.CodeGen.INetworkMessageILPP

running Unity.Netcode.Editor.CodeGen.INetworkSerializableILPP

running Unity.Netcode.Editor.CodeGen.NetworkBehaviourILPP

running Unity.Netcode.Editor.CodeGen.RuntimeAccessModifiersILPP

running zzzUnity.Burst.CodeGen.BurstILPostProcessor
[ 966/1154  0s] CopyFiles Library/ScriptAssemblies/Unity.RenderPipelines.ShaderGraph.ShaderGraphLibrary.dll
[ 967/1154  0s] CopyFiles Library/ScriptAssemblies/UniTask.Linq.dll
[ 968/1154  0s] CopyFiles Library/ScriptAssemblies/Luban.dll
[ 969/1154  0s] CopyFiles Library/ScriptAssemblies/Unity.VisualScripting.DocCodeExamples.dll
[ 970/1154  0s] CopyFiles Library/ScriptAssemblies/UniTask.DOTween.dll
[ 971/1154  0s] CopyFiles Library/ScriptAssemblies/Unity.UnifiedRayTracing.Runtime.dll
[ 972/1154  0s] CopyFiles Library/ScriptAssemblies/Splatoon.Skills.Data.dll
[ 973/1154  0s] CopyFiles Library/ScriptAssemblies/UnityEngine.UI.dll
[ 974/1154  0s] CopyFiles Library/ScriptAssemblies/Unity.RenderPipelines.Core.Runtime.dll
[ 975/1154  0s] CopyFiles Library/ScriptAssemblies/Unity.RenderPipelines.Universal.2D.Runtime.dll
[ 976/1154  0s] CopyFiles Library/ScriptAssemblies/Unity.TextMeshPro.dll
[ 977/1154  0s] CopyFiles Library/ScriptAssemblies/Unity.PerformanceTesting.dll
[ 978/1154  0s] CopyFiles Library/ScriptAssemblies/Unity.Mathematics.dll
[ 979/1154  0s] CopyFiles Library/ScriptAssemblies/Unity.ResourceManager.dll
[ 980/1154  0s] CopyFiles Library/ScriptAssemblies/Unity.Multiplayer.Center.Common.dll
[ 981/1154  0s] CopyFiles Library/ScriptAssemblies/Unity.RenderPipelines.Universal.Runtime.dll
[ 982/1154  0s] CopyFiles Library/ScriptAssemblies/Unity.InputSystem.ForUI.dll
[ 983/1154  0s] CopyFiles Library/ScriptAssemblies/Unity.RenderPipelines.GPUDriven.Runtime.dll
[ 984/1154  0s] CopyFiles Library/ScriptAssemblies/Unity.VisualScripting.State.dll
[ 985/1154  0s] CopyFiles Library/ScriptAssemblies/Unity.RenderPipeline.Universal.ShaderLibrary.dll
[ 986/1154  0s] CopyFiles Library/ScriptAssemblies/Unity.InputSystem.TestFramework.dll
[ 987/1154  0s] CopyFiles Library/ScriptAssemblies/Unity.RenderPipelines.Universal.Config.Runtime.dll
[ 988/1154  0s] CopyFiles Library/ScriptAssemblies/Unity.InternalAPIEngineBridge.004.dll
[ 989/1154  0s] CopyFiles Library/ScriptAssemblies/Unity.Burst.dll
[ 990/1154  0s] CopyFiles Library/ScriptAssemblies/Splatoon.Config.dll
[ 991/1154  0s] CopyFiles Library/ScriptAssemblies/Unity.Networking.Transport.dll
[ 992/1154  0s] CopyFiles Library/ScriptAssemblies/Unity.ScriptableBuildPipeline.dll
[ 993/1154  0s] CopyFiles Library/ScriptAssemblies/UniTask.TextMeshPro.dll
[ 994/1154  0s] CopyFiles Library/ScriptAssemblies/Unity.AI.Navigation.dll
[ 995/1154  0s] CopyFiles Library/ScriptAssemblies/Unity.Addressables.dll
[ 996/1154  0s] CopyFiles Library/ScriptAssemblies/Unity.Profiling.Core.dll
[ 997/1154  0s] CopyFiles Library/ScriptAssemblies/Unity.RenderPipelines.Core.Runtime.Shared.dll
[ 998/1154  0s] CopyFiles Library/ScriptAssemblies/UniTask.dll
[ 999/1154  0s] CopyFiles Library/ScriptAssemblies/Unity.VisualScripting.Core.dll
[1000/1154  0s] CopyFiles Library/ScriptAssemblies/Unity.VisualScripting.Flow.dll
[1001/1154  0s] CopyFiles Library/ScriptAssemblies/Splatoon.Skills.Support.dll
[1002/1154  0s] CopyFiles Library/ScriptAssemblies/UniTask.Addressables.dll
[1003/1154  0s] CopyFiles Library/ScriptAssemblies/Unity.Collections.dll
[1004/1154  0s] CopyFiles Library/ScriptAssemblies/Unity.RenderPipelines.Universal.Shaders.dll
[1005/1154  0s] CopyFiles Library/ScriptAssemblies/Unity.RenderPipelines.Core.ShaderLibrary.dll
[1006/1154  0s] CopyFiles Library/ScriptAssemblies/Unity.Timeline.dll
[1007/1154  0s] CopyFiles Library/ScriptAssemblies/Sirenix.OdinInspector.Modules.Unity.Addressables.dll
[1008/1154  0s] CopyFiles Library/ScriptAssemblies/Splatoon.Tests.dll
[1009/1154  0s] CopyFiles Library/ScriptAssemblies/Splatoon.Editor.pdb
[1010/1154  0s] CopyFiles Library/ScriptAssemblies/Splatoon.Tests.pdb
[1011/1154  0s] CopyFiles Library/ScriptAssemblies/Splatoon.Editor.dll
[1012/1154  0s] CopyFiles Library/ScriptAssemblies/Unity.Netcode.PackageChecker.Editor.pdb
[1013/1154  0s] CopyFiles Library/ScriptAssemblies/Unity.Netcode.PackageChecker.Editor.dll
[1014/1154  0s] CopyFiles Library/ScriptAssemblies/Unity.VisualScripting.State.Editor.dll
[1015/1154  0s] CopyFiles Library/ScriptAssemblies/Unity.InputSystem.dll
[1016/1154  0s] CopyFiles Library/ScriptAssemblies/Unity.VisualScripting.State.Editor.pdb
[1017/1154  0s] CopyFiles Library/ScriptAssemblies/UniTask.Editor.pdb
[1018/1154  0s] CopyFiles Library/ScriptAssemblies/UniTask.Editor.dll
[1019/1154  0s] CopyFiles Library/ScriptAssemblies/Unity.VisualScripting.Core.Editor.pdb
[1020/1154  0s] CopyFiles Library/ScriptAssemblies/Unity.VisualScripting.Flow.Editor.pdb
[1021/1154  0s] CopyFiles Library/ScriptAssemblies/Unity.VisualScripting.Core.Editor.dll
[1022/1154  0s] CopyFiles Library/ScriptAssemblies/Unity.Addressables.Editor.pdb
[1023/1154  0s] CopyFiles Library/ScriptAssemblies/Unity.Addressables.Editor.dll
[1024/1154  0s] CopyFiles Library/ScriptAssemblies/Unity.VisualScripting.Shared.Editor.pdb
[1025/1154  0s] CopyFiles Library/ScriptAssemblies/Unity.VisualScripting.Flow.Editor.dll
[1026/1154  0s] CopyFiles Library/ScriptAssemblies/Unity.VisualScripting.Shared.Editor.dll
[1027/1154  0s] CopyFiles Library/ScriptAssemblies/Unity.AI.Navigation.Updater.dll
[1028/1154  0s] CopyFiles Library/ScriptAssemblies/Unity.AI.Navigation.Updater.pdb
[1029/1154  0s] CopyFiles Library/ScriptAssemblies/Unity.AI.Navigation.Editor.ConversionSystem.pdb
[1030/1154  0s] CopyFiles Library/ScriptAssemblies/Unity.AI.Navigation.Editor.ConversionSystem.dll
[1031/1154  0s] CopyFiles Library/ScriptAssemblies/Unity.Multiplayer.Center.Editor.pdb
[1032/1154  0s] CopyFiles Library/ScriptAssemblies/Unity.Multiplayer.Center.Editor.dll
[1033/1154  0s] CopyFiles Library/ScriptAssemblies/Unity.InputSystem.DocCodeSamples.dll
[1034/1154  0s] CopyFiles Library/ScriptAssemblies/Unity.InputSystem.DocCodeSamples.pdb
[1035/1154  0s] CopyFiles Library/ScriptAssemblies/Unity.RenderPipelines.Universal.2D.Runtime.pdb
[1036/1154  0s] CopyFiles Library/ScriptAssemblies/Unity.RenderPipelines.GPUDriven.Runtime.pdb
[1037/1154  0s] CopyFiles Library/ScriptAssemblies/Unity.Networking.Editor.pdb
[1038/1154  0s] CopyFiles Library/ScriptAssemblies/Unity.CollabProxy.Editor.pdb
[1039/1154  0s] CopyFiles Library/ScriptAssemblies/Unity.Networking.Editor.dll
[1040/1154  0s] CopyFiles Library/ScriptAssemblies/Unity.CollabProxy.Editor.dll
[1041/1154  0s] CopyFiles Library/ScriptAssemblies/Unity.RenderPipelines.Universal.2D.Editor.Overrides.pdb
[1042/1154  0s] CopyFiles Library/ScriptAssemblies/Unity.RenderPipelines.Universal.2D.Editor.Overrides.dll
[1043/1154  0s] CopyFiles Library/ScriptAssemblies/Unity.Collections.pdb
[1044/1154  0s] CopyFiles Library/ScriptAssemblies/Unity.Collections.Editor.pdb
[1045/1154  0s] CopyFiles Library/ScriptAssemblies/Unity.Burst.pdb
[1046/1154  0s] CopyFiles Library/ScriptAssemblies/Unity.Networking.Transport.pdb
[1047/1154  0s] CopyFiles Library/ScriptAssemblies/Unity.ShaderGraph.Editor.pdb
[1048/1154  0s] CopyFiles Library/ScriptAssemblies/Unity.Collections.Editor.dll
[1049/1154  0s] CopyFiles Library/ScriptAssemblies/Unity.ShaderGraph.Editor.dll
[1050/1154  0s] CopyFiles Library/ScriptAssemblies/Unity.PlasticSCM.Editor.Entities.dll
[1051/1154  0s] CopyFiles Library/ScriptAssemblies/Unity.PlasticSCM.Editor.Entities.pdb
[1052/1154  0s] CopyFiles Library/ScriptAssemblies/Unity.AI.Navigation.Editor.dll
[1053/1154  0s] CopyFiles Library/ScriptAssemblies/Unity.AI.Navigation.Editor.pdb
[1054/1154  0s] CopyFiles Library/ScriptAssemblies/Unity.Rendering.LightTransport.Editor.pdb
[1055/1154  0s] CopyFiles Library/ScriptAssemblies/Unity.Rendering.LightTransport.Editor.dll
[1056/1154  0s] CopyFiles Library/ScriptAssemblies/Unity.ShaderGraph.Utilities.dll
[1057/1154  0s] CopyFiles Library/ScriptAssemblies/Unity.ShaderGraph.Utilities.pdb
[1058/1154  0s] CopyFiles Library/ScriptAssemblies/Unity.Mathematics.Editor.dll
[1059/1154  0s] CopyFiles Library/ScriptAssemblies/Unity.Mathematics.Editor.pdb
[1060/1154  0s] CopyFiles Library/ScriptAssemblies/Unity.PlasticSCM.Editor.pdb
[1061/1154  0s] CopyFiles Library/ScriptAssemblies/Unity.Timeline.Editor.pdb
[1062/1154  0s] CopyFiles Library/ScriptAssemblies/Unity.PlasticSCM.Editor.dll
[1063/1154  0s] CopyFiles Library/ScriptAssemblies/Unity.ScriptableBuildPipeline.Editor.dll
[1064/1154  0s] CopyFiles Library/ScriptAssemblies/Unity.Addressables.DocExampleCode.Editor.Tests.pdb
[1065/1154  0s] CopyFiles Library/ScriptAssemblies/Unity.ScriptableBuildPipeline.Editor.pdb
[1066/1154  0s] CopyFiles Library/ScriptAssemblies/Unity.Timeline.Editor.dll
[1067/1154  0s] CopyFiles Library/ScriptAssemblies/Unity.Addressables.DocExampleCode.Editor.Tests.dll
[1068/1154  0s] CopyFiles Library/ScriptAssemblies/Sirenix.OdinInspector.Modules.UnityMathematics.dll
[1069/1154  0s] CopyFiles Library/ScriptAssemblies/Sirenix.OdinInspector.Modules.UnityMathematics.pdb
[1070/1154  0s] CopyFiles Library/ScriptAssemblies/Unity.PerformanceTesting.Editor.pdb
[1071/1154  0s] CopyFiles Library/ScriptAssemblies/Unity.UnifiedRayTracing.Runtime.pdb
[1072/1154  0s] CopyFiles Library/ScriptAssemblies/Unity.PerformanceTesting.Editor.dll
[1073/1154  0s] CopyFiles Library/ScriptAssemblies/Unity.RenderPipelines.Core.Runtime.pdb
[1074/1154  0s] CopyFiles Library/ScriptAssemblies/UnityEditor.UI.Analytics.dll
[1075/1154  0s] CopyFiles Library/ScriptAssemblies/UnityEditor.UI.Analytics.pdb
[1076/1154  0s] CopyFiles Library/ScriptAssemblies/Unity.Searcher.Editor.dll
[1077/1154  0s] CopyFiles Library/ScriptAssemblies/Unity.Searcher.Editor.pdb
[1078/1154  0s] CopyFiles Library/ScriptAssemblies/Splatoon.Skills.Support.pdb
[1079/1154  0s] CopyFiles Library/ScriptAssemblies/Splatoon.Config.pdb
[1080/1154  0s] CopyFiles Library/ScriptAssemblies/UniTask.pdb
[1081/1154  0s] CopyFiles Library/ScriptAssemblies/UnityEngine.UI.pdb
[1082/1154  0s] CopyFiles Library/ScriptAssemblies/Unity.Timeline.pdb
[1083/1154  0s] CopyFiles Library/ScriptAssemblies/Sirenix.OdinInspector.Modules.Unity.Addressables.pdb
[1084/1154  0s] CopyFiles Library/ScriptAssemblies/Unity.TextMeshPro.pdb
[1085/1154  0s] CopyFiles Library/ScriptAssemblies/Unity.RenderPipelines.Universal.Runtime.pdb
[1086/1154  0s] CopyFiles Library/ScriptAssemblies/Unity.VisualScripting.Core.pdb
[1087/1154  0s] CopyFiles Library/ScriptAssemblies/Unity.ScriptableBuildPipeline.pdb
[1088/1154  0s] CopyFiles Library/ScriptAssemblies/Splatoon.Skills.Data.pdb
[1089/1154  0s] CopyFiles Library/ScriptAssemblies/Unity.Multiplayer.Center.Common.pdb
[1090/1154  0s] CopyFiles Library/ScriptAssemblies/Unity.Mathematics.pdb
[1091/1154  0s] CopyFiles Library/ScriptAssemblies/Unity.RenderPipelines.ShaderGraph.ShaderGraphLibrary.pdb
[1092/1154  0s] CopyFiles Library/ScriptAssemblies/Unity.VisualScripting.DocCodeExamples.pdb
[1093/1154  0s] CopyFiles Library/ScriptAssemblies/Unity.PerformanceTesting.pdb
[1094/1154  0s] CopyFiles Library/ScriptAssemblies/UniTask.DOTween.pdb
[1095/1154  0s] CopyFiles Library/ScriptAssemblies/Unity.InputSystem.pdb
[1096/1154  0s] CopyFiles Library/ScriptAssemblies/Unity.InputSystem.TestFramework.pdb
[1097/1154  0s] CopyFiles Library/ScriptAssemblies/UniTask.Linq.pdb
[1098/1154  0s] CopyFiles Library/ScriptAssemblies/Unity.ResourceManager.pdb
[1099/1154  0s] CopyFiles Library/ScriptAssemblies/Unity.InputSystem.ForUI.pdb
[1100/1154  0s] CopyFiles Library/ScriptAssemblies/Unity.AI.Navigation.pdb
[1101/1154  0s] CopyFiles Library/ScriptAssemblies/UniTask.Addressables.pdb
[1102/1154  0s] CopyFiles Library/ScriptAssemblies/Unity.RenderPipelines.Core.ShaderLibrary.pdb
[1103/1154  0s] CopyFiles Library/ScriptAssemblies/Unity.InternalAPIEngineBridge.004.pdb
[1104/1154  0s] CopyFiles Library/ScriptAssemblies/UniTask.TextMeshPro.pdb
[1105/1154  0s] CopyFiles Library/ScriptAssemblies/Luban.pdb
[1106/1154  0s] CopyFiles Library/ScriptAssemblies/Unity.VisualScripting.State.pdb
[1107/1154  0s] CopyFiles Library/ScriptAssemblies/Unity.Addressables.pdb
[1108/1154  0s] CopyFiles Library/ScriptAssemblies/Unity.VisualScripting.Flow.pdb
[1109/1154  0s] CopyFiles Library/ScriptAssemblies/Unity.RenderPipeline.Universal.ShaderLibrary.pdb
[1110/1154  0s] CopyFiles Library/ScriptAssemblies/Unity.RenderPipelines.Core.Runtime.Shared.pdb
[1111/1154  0s] CopyFiles Library/ScriptAssemblies/Unity.RenderPipelines.Universal.Config.Runtime.pdb
[1112/1154  0s] CopyFiles Library/ScriptAssemblies/Unity.Profiling.Core.pdb
[1113/1154  0s] CopyFiles Library/ScriptAssemblies/Unity.RenderPipelines.Universal.Shaders.pdb
[1114/1154  0s] CopyFiles Library/ScriptAssemblies/Unity.Burst.Editor.pdb
[1115/1154  0s] CopyFiles Library/ScriptAssemblies/Unity.Burst.Editor.dll
[1116/1154  0s] ILPostProcess Library/Bee/artifacts/1900b0aEDbg.dag/post-processed/UnityEditor.UI.dll (+pdb)
Processing assembly Library/Bee/artifacts/1900b0aEDbg.dag/UnityEditor.UI.dll, with 143 defines and 295 references

processors: Unity.Jobs.CodeGen.JobsILPostProcessor, Unity.Netcode.Editor.CodeGen.INetworkMessageILPP, Unity.Netcode.Editor.CodeGen.INetworkSerializableILPP, Unity.Netcode.Editor.CodeGen.NetworkBehaviourILPP, Unity.Netcode.Editor.CodeGen.RuntimeAccessModifiersILPP, zzzUnity.Burst.CodeGen.BurstILPostProcessor

running Unity.Jobs.CodeGen.JobsILPostProcessor

running Unity.Netcode.Editor.CodeGen.INetworkMessageILPP

running Unity.Netcode.Editor.CodeGen.INetworkSerializableILPP

running Unity.Netcode.Editor.CodeGen.NetworkBehaviourILPP

running Unity.Netcode.Editor.CodeGen.RuntimeAccessModifiersILPP

running zzzUnity.Burst.CodeGen.BurstILPostProcessor
[1117/1154  0s] ILPostProcess Library/Bee/artifacts/1900b0aEDbg.dag/post-processed/Unity.TextMeshPro.Editor.dll (+pdb)
Processing assembly Library/Bee/artifacts/1900b0aEDbg.dag/Unity.TextMeshPro.Editor.dll, with 140 defines and 298 references

processors: Unity.Jobs.CodeGen.JobsILPostProcessor, Unity.Netcode.Editor.CodeGen.INetworkMessageILPP, Unity.Netcode.Editor.CodeGen.INetworkSerializableILPP, Unity.Netcode.Editor.CodeGen.NetworkBehaviourILPP, Unity.Netcode.Editor.CodeGen.RuntimeAccessModifiersILPP, zzzUnity.Burst.CodeGen.BurstILPostProcessor

running Unity.Jobs.CodeGen.JobsILPostProcessor

running Unity.Netcode.Editor.CodeGen.INetworkMessageILPP

running Unity.Netcode.Editor.CodeGen.INetworkSerializableILPP

running Unity.Netcode.Editor.CodeGen.NetworkBehaviourILPP

running Unity.Netcode.Editor.CodeGen.RuntimeAccessModifiersILPP

running zzzUnity.Burst.CodeGen.BurstILPostProcessor
[           0s] Csc Library/Bee/artifacts/1900b0aEDbg.dag/PPv2URPConverters.dll (+2 others) [CacheWrite 00000000000000000000000000000005]
[1118/1154  0s] ILPostProcess Library/Bee/artifacts/1900b0aEDbg.dag/post-processed/Unity.RenderPipelines.Core.Editor.Shared.dll (+pdb)
Processing assembly Library/Bee/artifacts/1900b0aEDbg.dag/Unity.RenderPipelines.Core.Editor.Shared.dll, with 140 defines and 297 references

processors: Unity.Jobs.CodeGen.JobsILPostProcessor, Unity.Netcode.Editor.CodeGen.INetworkMessageILPP, Unity.Netcode.Editor.CodeGen.INetworkSerializableILPP, Unity.Netcode.Editor.CodeGen.NetworkBehaviourILPP, Unity.Netcode.Editor.CodeGen.RuntimeAccessModifiersILPP, zzzUnity.Burst.CodeGen.BurstILPostProcessor

running Unity.Jobs.CodeGen.JobsILPostProcessor

running Unity.Netcode.Editor.CodeGen.INetworkMessageILPP

running Unity.Netcode.Editor.CodeGen.INetworkSerializableILPP

running Unity.Netcode.Editor.CodeGen.NetworkBehaviourILPP

running Unity.Netcode.Editor.CodeGen.RuntimeAccessModifiersILPP

running zzzUnity.Burst.CodeGen.BurstILPostProcessor
[1119/1154  0s] ILPostProcess Library/Bee/artifacts/1900b0aEDbg.dag/post-processed/Unity.RenderPipelines.Universal.Editor.dll (+pdb)
Processing assembly Library/Bee/artifacts/1900b0aEDbg.dag/Unity.RenderPipelines.Universal.Editor.dll, with 142 defines and 306 references

processors: Unity.Jobs.CodeGen.JobsILPostProcessor, Unity.Netcode.Editor.CodeGen.INetworkMessageILPP, Unity.Netcode.Editor.CodeGen.INetworkSerializableILPP, Unity.Netcode.Editor.CodeGen.NetworkBehaviourILPP, Unity.Netcode.Editor.CodeGen.RuntimeAccessModifiersILPP, zzzUnity.Burst.CodeGen.BurstILPostProcessor

running Unity.Jobs.CodeGen.JobsILPostProcessor

running Unity.Netcode.Editor.CodeGen.INetworkMessageILPP

running Unity.Netcode.Editor.CodeGen.INetworkSerializableILPP

running Unity.Netcode.Editor.CodeGen.NetworkBehaviourILPP

running Unity.Netcode.Editor.CodeGen.RuntimeAccessModifiersILPP

running zzzUnity.Burst.CodeGen.BurstILPostProcessor
[1120/1154  0s] CopyFiles Library/ScriptAssemblies/UnityEditor.UI.pdb
[1121/1154  0s] CopyFiles Library/ScriptAssemblies/UnityEditor.UI.dll
[1122/1154  0s] CopyFiles Library/ScriptAssemblies/Unity.TextMeshPro.Editor.pdb
[1123/1154  0s] CopyFiles Library/ScriptAssemblies/Unity.TextMeshPro.Editor.dll
[1124/1154  0s] CopyFiles Library/ScriptAssemblies/Unity.RenderPipelines.Core.Editor.Shared.pdb
[1125/1154  0s] CopyFiles Library/ScriptAssemblies/Unity.RenderPipelines.Core.Editor.Shared.dll
[1126/1154  0s] CopyFiles Library/ScriptAssemblies/Unity.RenderPipelines.Universal.Editor.pdb
[1127/1154  0s] CopyFiles Library/ScriptAssemblies/Unity.RenderPipelines.Universal.Editor.dll
[1128/1154  0s] ILPostProcess Library/Bee/artifacts/1900b0aEDbg.dag/post-processed/Unity.VisualScripting.SettingsProvider.Editor.dll (+pdb)
Processing assembly Library/Bee/artifacts/1900b0aEDbg.dag/Unity.VisualScripting.SettingsProvider.Editor.dll, with 140 defines and 301 references

processors: Unity.Jobs.CodeGen.JobsILPostProcessor, Unity.Netcode.Editor.CodeGen.INetworkMessageILPP, Unity.Netcode.Editor.CodeGen.INetworkSerializableILPP, Unity.Netcode.Editor.CodeGen.NetworkBehaviourILPP, Unity.Netcode.Editor.CodeGen.RuntimeAccessModifiersILPP, zzzUnity.Burst.CodeGen.BurstILPostProcessor

running Unity.Jobs.CodeGen.JobsILPostProcessor

running Unity.Netcode.Editor.CodeGen.INetworkMessageILPP

running Unity.Netcode.Editor.CodeGen.INetworkSerializableILPP

running Unity.Netcode.Editor.CodeGen.NetworkBehaviourILPP

running Unity.Netcode.Editor.CodeGen.RuntimeAccessModifiersILPP

running zzzUnity.Burst.CodeGen.BurstILPostProcessor
[1129/1154  0s] CopyFiles Library/ScriptAssemblies/Unity.VisualScripting.SettingsProvider.Editor.dll
[1130/1154  0s] CopyFiles Library/ScriptAssemblies/Unity.VisualScripting.SettingsProvider.Editor.pdb
[1131/1154  1s] ILPostProcess Library/Bee/artifacts/1900b0aEDbg.dag/post-processed/Unity.RenderPipelines.Core.Editor.dll (+pdb)
Processing assembly Library/Bee/artifacts/1900b0aEDbg.dag/Unity.RenderPipelines.Core.Editor.dll, with 141 defines and 302 references

processors: Unity.Jobs.CodeGen.JobsILPostProcessor, Unity.Netcode.Editor.CodeGen.INetworkMessageILPP, Unity.Netcode.Editor.CodeGen.INetworkSerializableILPP, Unity.Netcode.Editor.CodeGen.NetworkBehaviourILPP, Unity.Netcode.Editor.CodeGen.RuntimeAccessModifiersILPP, zzzUnity.Burst.CodeGen.BurstILPostProcessor

running Unity.Jobs.CodeGen.JobsILPostProcessor

running Unity.Netcode.Editor.CodeGen.INetworkMessageILPP

running Unity.Netcode.Editor.CodeGen.INetworkSerializableILPP

running Unity.Netcode.Editor.CodeGen.NetworkBehaviourILPP

running Unity.Netcode.Editor.CodeGen.RuntimeAccessModifiersILPP

running zzzUnity.Burst.CodeGen.BurstILPostProcessor
[1132/1154  0s] CopyFiles Library/ScriptAssemblies/Unity.RenderPipelines.Core.Editor.pdb
[1133/1154  0s] CopyFiles Library/ScriptAssemblies/Unity.RenderPipelines.Core.Editor.dll
[1134/1154  1s] ILPostProcess Library/Bee/artifacts/1900b0aEDbg.dag/post-processed/PPv2URPConverters.dll (+pdb)
Processing assembly Library/Bee/artifacts/1900b0aEDbg.dag/PPv2URPConverters.dll, with 140 defines and 300 references

processors: Unity.Jobs.CodeGen.JobsILPostProcessor, Unity.Netcode.Editor.CodeGen.INetworkMessageILPP, Unity.Netcode.Editor.CodeGen.INetworkSerializableILPP, Unity.Netcode.Editor.CodeGen.NetworkBehaviourILPP, Unity.Netcode.Editor.CodeGen.RuntimeAccessModifiersILPP, zzzUnity.Burst.CodeGen.BurstILPostProcessor

running Unity.Jobs.CodeGen.JobsILPostProcessor

running Unity.Netcode.Editor.CodeGen.INetworkMessageILPP

running Unity.Netcode.Editor.CodeGen.INetworkSerializableILPP

running Unity.Netcode.Editor.CodeGen.NetworkBehaviourILPP

running Unity.Netcode.Editor.CodeGen.RuntimeAccessModifiersILPP

running zzzUnity.Burst.CodeGen.BurstILPostProcessor
[1135/1154  1s] Csc Library/Bee/artifacts/1900b0aEDbg.dag/Assembly-CSharp.dll (+2 others)
[1136/1154  0s] CopyFiles Library/ScriptAssemblies/PPv2URPConverters.dll
[1137/1154  0s] CopyFiles Library/ScriptAssemblies/PPv2URPConverters.pdb
[1138/1154  0s] ILPostProcess Library/Bee/artifacts/1900b0aEDbg.dag/post-processed/Assembly-CSharp.dll (+pdb)
Processing assembly Library/Bee/artifacts/1900b0aEDbg.dag/Assembly-CSharp.dll, with 142 defines and 350 references

processors: Unity.Jobs.CodeGen.JobsILPostProcessor, Unity.Netcode.Editor.CodeGen.INetworkMessageILPP, Unity.Netcode.Editor.CodeGen.INetworkSerializableILPP, Unity.Netcode.Editor.CodeGen.NetworkBehaviourILPP, Unity.Netcode.Editor.CodeGen.RuntimeAccessModifiersILPP, zzzUnity.Burst.CodeGen.BurstILPostProcessor

running Unity.Jobs.CodeGen.JobsILPostProcessor

running Unity.Netcode.Editor.CodeGen.INetworkMessageILPP

running Unity.Netcode.Editor.CodeGen.INetworkSerializableILPP

running Unity.Netcode.Editor.CodeGen.NetworkBehaviourILPP

running Unity.Netcode.Editor.CodeGen.RuntimeAccessModifiersILPP

running zzzUnity.Burst.CodeGen.BurstILPostProcessor
[1139/1154  0s] Csc Library/Bee/artifacts/1900b0aEDbg.dag/Assembly-CSharp-Editor.dll (+2 others)
[1140/1154  0s] CopyFiles Library/ScriptAssemblies/Assembly-CSharp.dll
[1141/1154  0s] CopyFiles Library/ScriptAssemblies/Assembly-CSharp.pdb
[1142/1154  6s] ILPostProcess Library/Bee/artifacts/1900b0aEDbg.dag/post-processed/Splatoon.dll (+pdb)
Processing assembly Library/Bee/artifacts/1900b0aEDbg.dag/Splatoon.dll, with 142 defines and 295 references

processors: Unity.Jobs.CodeGen.JobsILPostProcessor, Unity.Netcode.Editor.CodeGen.INetworkMessageILPP, Unity.Netcode.Editor.CodeGen.INetworkSerializableILPP, Unity.Netcode.Editor.CodeGen.NetworkBehaviourILPP, Unity.Netcode.Editor.CodeGen.RuntimeAccessModifiersILPP, zzzUnity.Burst.CodeGen.BurstILPostProcessor

running Unity.Jobs.CodeGen.JobsILPostProcessor

running Unity.Netcode.Editor.CodeGen.INetworkMessageILPP

running Unity.Netcode.Editor.CodeGen.INetworkSerializableILPP

running Unity.Netcode.Editor.CodeGen.NetworkBehaviourILPP

running Unity.Netcode.Editor.CodeGen.RuntimeAccessModifiersILPP

running zzzUnity.Burst.CodeGen.BurstILPostProcessor
[1143/1154  0s] CopyFiles Library/ScriptAssemblies/Splatoon.dll
[1144/1154  0s] CopyFiles Library/ScriptAssemblies/Splatoon.pdb
[1145/1154  0s] ILPostProcess Library/Bee/artifacts/1900b0aEDbg.dag/post-processed/Assembly-CSharp-Editor.dll (+pdb)
Processing assembly Library/Bee/artifacts/1900b0aEDbg.dag/Assembly-CSharp-Editor.dll, with 140 defines and 371 references

processors: Unity.Jobs.CodeGen.JobsILPostProcessor, Unity.Netcode.Editor.CodeGen.INetworkMessageILPP, Unity.Netcode.Editor.CodeGen.INetworkSerializableILPP, Unity.Netcode.Editor.CodeGen.NetworkBehaviourILPP, Unity.Netcode.Editor.CodeGen.RuntimeAccessModifiersILPP, zzzUnity.Burst.CodeGen.BurstILPostProcessor

running Unity.Jobs.CodeGen.JobsILPostProcessor

running Unity.Netcode.Editor.CodeGen.INetworkMessageILPP

running Unity.Netcode.Editor.CodeGen.INetworkSerializableILPP

running Unity.Netcode.Editor.CodeGen.NetworkBehaviourILPP

running Unity.Netcode.Editor.CodeGen.RuntimeAccessModifiersILPP

running zzzUnity.Burst.CodeGen.BurstILPostProcessor
[1146/1154  0s] CopyFiles Library/ScriptAssemblies/Assembly-CSharp-Editor.dll
[1147/1154  0s] CopyFiles Library/ScriptAssemblies/Assembly-CSharp-Editor.pdb
[1148/1154  4s] ILPostProcess Library/Bee/artifacts/1900b0aEDbg.dag/post-processed/Unity.Netcode.Editor.dll (+pdb)
Processing assembly Library/Bee/artifacts/1900b0aEDbg.dag/Unity.Netcode.Editor.dll, with 143 defines and 298 references

processors: Unity.Jobs.CodeGen.JobsILPostProcessor, Unity.Netcode.Editor.CodeGen.INetworkMessageILPP, Unity.Netcode.Editor.CodeGen.INetworkSerializableILPP, Unity.Netcode.Editor.CodeGen.NetworkBehaviourILPP, Unity.Netcode.Editor.CodeGen.RuntimeAccessModifiersILPP, zzzUnity.Burst.CodeGen.BurstILPostProcessor

running Unity.Jobs.CodeGen.JobsILPostProcessor

running Unity.Netcode.Editor.CodeGen.INetworkMessageILPP

running Unity.Netcode.Editor.CodeGen.INetworkSerializableILPP

running Unity.Netcode.Editor.CodeGen.NetworkBehaviourILPP

running Unity.Netcode.Editor.CodeGen.RuntimeAccessModifiersILPP

running zzzUnity.Burst.CodeGen.BurstILPostProcessor
[1149/1154  0s] CopyFiles Library/ScriptAssemblies/Unity.Netcode.Editor.dll
[1150/1154  0s] CopyFiles Library/ScriptAssemblies/Unity.Netcode.Editor.pdb
[1151/1154  8s] ILPostProcess Library/Bee/artifacts/1900b0aEDbg.dag/post-processed/Unity.Netcode.Runtime.dll (+pdb)
Processing assembly Library/Bee/artifacts/1900b0aEDbg.dag/Unity.Netcode.Runtime.dll, with 150 defines and 291 references

processors: Unity.Jobs.CodeGen.JobsILPostProcessor, Unity.Netcode.Editor.CodeGen.INetworkMessageILPP, Unity.Netcode.Editor.CodeGen.INetworkSerializableILPP, Unity.Netcode.Editor.CodeGen.NetworkBehaviourILPP, Unity.Netcode.Editor.CodeGen.RuntimeAccessModifiersILPP, zzzUnity.Burst.CodeGen.BurstILPostProcessor

running Unity.Jobs.CodeGen.JobsILPostProcessor

running Unity.Netcode.Editor.CodeGen.INetworkMessageILPP

running Unity.Netcode.Editor.CodeGen.INetworkSerializableILPP

running Unity.Netcode.Editor.CodeGen.NetworkBehaviourILPP

running Unity.Netcode.Editor.CodeGen.RuntimeAccessModifiersILPP

running zzzUnity.Burst.CodeGen.BurstILPostProcessor
[1152/1154  0s] CopyFiles Library/ScriptAssemblies/Unity.Netcode.Runtime.pdb
[1153/1154  0s] CopyFiles Library/ScriptAssemblies/Unity.Netcode.Runtime.dll
*** Tundra build success (29.14 seconds), 551 items updated, 1154 evaluated
Total cache size 307956700
Reloading assemblies after forced synchronous recompile.
Begin MonoManager ReloadAssembly
Total cache size after purge 268214276, took 00:00:02.0711713
- Loaded All Assemblies, in  1.792 seconds
Refreshing native plugins compatible for Editor in 1.66 ms, found 3 plugins.
Native extension for iOS target not found
Native extension for Android target not found
Native extension for WindowsStandalone target not found
ScheduleIndexationOnStartup MainProcess:True IndexOnStartup:True
Mono: successfully reloaded assembly
- Finished resetting the current domain, in  2.898 seconds
Domain Reload Profiling: 4687ms
	BeginReloadAssembly (852ms)
		ExecutionOrderSort (0ms)
		DisableScriptedObjects (14ms)
		BackupInstance (0ms)
		ReleaseScriptingObjects (1ms)
		CreateAndSetChildDomain (552ms)
	RebuildCommonClasses (79ms)
	RebuildNativeTypeToScriptingClass (28ms)
	initialDomainReloadingComplete (68ms)
	LoadAllAssembliesAndSetupDomain (759ms)
		LoadAssemblies (312ms)
		RebuildTransferFunctionScriptingTraits (0ms)
		AnalyzeDomain (634ms)
			TypeCache.Refresh (312ms)
				TypeCache.ScanAssembly (289ms)
			BuildScriptInfoCaches (282ms)
			ResolveRequiredComponents (30ms)
	FinalizeReload (2899ms)
		ReleaseScriptCaches (0ms)
		RebuildScriptCaches (0ms)
		SetupLoadedEditorAssemblies (2440ms)
			LogAssemblyErrors (0ms)
			InitializePlatformSupportModulesInManaged (72ms)
			SetLoadedEditorAssemblies (14ms)
			BeforeProcessingInitializeOnLoad (384ms)
			ProcessInitializeOnLoadAttributes (1695ms)
			ProcessInitializeOnLoadMethodAttributes (260ms)
			AfterProcessingInitializeOnLoad (15ms)
			EditorAssembliesLoaded (1ms)
		ExecutionOrderSort2 (0ms)
		AwakeInstancesAfterBackupRestoration (47ms)
Start importing Packages/com.unity.render-pipelines.core/Tests/Editor/UnifiedRayTracing/TraceRays.urtshader using Guid(1142bbad8b9e8c44c83a9775ff120d37) (ScriptedImporter)Launched and connected shader compiler UnityShaderCompiler.exe after 0.02 seconds

Compiling Ray Tracing Shader "TraceRays.urtshader", keywords = <no keywords>
    finished in 0.01 seconds. Local cache hits 1, remote cache hits 0, compiled 0 platform variants
 -> (artifact id: 'a8ea6742f6b880d9739bf23df9eb18bb') in 0.1540506 seconds
Start importing Packages/com.unity.render-pipelines.universal/Runtime/RendererFeatures/SurfaceCacheGI/SurfaceCacheCore/RisEstimation.urtshader using Guid(713f6141bd66a134383b787f2eaa7c11) (ScriptedImporter)
Compiling Ray Tracing Shader "RisEstimation.urtshader", keywords = <no keywords>
    finished in 0.00 seconds. Local cache hits 1, remote cache hits 0, compiled 0 platform variants
 -> (artifact id: '85483653542df2a9584e21311af209c0') in 0.1037954 seconds
Start importing Packages/com.unity.render-pipelines.core/Editor/Lighting/ProbeVolume/RenderingLayerMask/TraceRenderingLayerMask.urtshader using Guid(94a070d33e408384bafc1dea4a565df9) (ScriptedImporter)
Compiling Ray Tracing Shader "TraceRenderingLayerMask.urtshader", keywords = <no keywords>
    finished in 0.01 seconds. Local cache hits 1, remote cache hits 0, compiled 0 platform variants
 -> (artifact id: 'f6bb3bec601b57d177013f54cb992ef1') in 0.0825692 seconds
Start importing Packages/com.unity.render-pipelines.universal/Runtime/RendererFeatures/SurfaceCacheGI/SurfaceCacheCore/UniformEstimation.urtshader using Guid(94a39d12848d8d64ca962a72b74e7c50) (ScriptedImporter)
Compiling Ray Tracing Shader "UniformEstimation.urtshader", keywords = <no keywords>
    finished in 0.00 seconds. Local cache hits 1, remote cache hits 0, compiled 0 platform variants
 -> (artifact id: '1f0c4babd42b95190a91ecdc2fab132e') in 0.0255591 seconds
Start importing Packages/com.unity.render-pipelines.core/Tests/Editor/UnifiedRayTracing/TraceTransparentRays.urtshader using Guid(6513c3b892e933c4f8d00c19d5c47532) (ScriptedImporter)
Compiling Ray Tracing Shader "TraceTransparentRays.urtshader", keywords = <no keywords>
    finished in 0.01 seconds. Local cache hits 1, remote cache hits 0, compiled 0 platform variants
 -> (artifact id: 'd432cdd77f7a99d2ab5546ea5c7fd3a4') in 0.0302653 seconds
Start importing Packages/com.unity.render-pipelines.core/Editor/Lighting/ProbeVolume/DynamicGI/DynamicGISkyOcclusion.urtshader using Guid(5a2a534753fbdb44e96c3c78b5a6999d) (ScriptedImporter)
Compiling Ray Tracing Shader "DynamicGISkyOcclusion.urtshader", keywords = <no keywords>
    finished in 0.01 seconds. Local cache hits 1, remote cache hits 0, compiled 0 platform variants
 -> (artifact id: 'fb586125401295b3b365bc0e7e9a3f46') in 0.0300194 seconds
Start importing Packages/com.unity.render-pipelines.core/Tests/Editor/UnifiedRayTracing/TraceRaysAndFetchAttributes.urtshader using Guid(fbc59f55df2416344b008dc23753cae2) (ScriptedImporter)
Compiling Ray Tracing Shader "TraceRaysAndFetchAttributes.urtshader", keywords = <no keywords>
    finished in 0.01 seconds. Local cache hits 1, remote cache hits 0, compiled 0 platform variants
 -> (artifact id: '5e518210d64afcf414624668b000722c') in 0.0437454 seconds
Start importing Packages/com.unity.render-pipelines.universal/Runtime/RendererFeatures/SurfaceCacheGI/SurfaceCacheCore/RestirCandidateTemporal.urtshader using Guid(ad3a9f9982f8c4f4a839a78955e78458) (ScriptedImporter)
Compiling Ray Tracing Shader "RestirCandidateTemporal.urtshader", keywords = <no keywords>
    finished in 0.01 seconds. Local cache hits 1, remote cache hits 0, compiled 0 platform variants
 -> (artifact id: 'bb4b7d12fb6ed0039744ade1ce8b423b') in 0.0430321 seconds
Start importing Packages/com.unity.render-pipelines.core/Editor/Lighting/ProbeVolume/VirtualOffset/TraceVirtualOffset.urtshader using Guid(ff2cbab5da58bf04d82c5f34037ed123) (ScriptedImporter)
Compiling Ray Tracing Shader "TraceVirtualOffset.urtshader", keywords = <no keywords>
    finished in 0.01 seconds. Local cache hits 1, remote cache hits 0, compiled 0 platform variants
 -> (artifact id: '6c6b9fa987ce9ca680d4a29ff6a084fa') in 0.0616892 seconds
Start importing Packages/com.unity.addressables/Editor/Diagnostics/Profiler/UXML/HelpDisplay.uxml using Guid(30d4862aba3fd4d4da9bec946a2af813) (ScriptedImporter) -> (artifact id: 'e8ccde87d4a4743bd9efe65450813166') in 0.0438804 seconds
Start importing Packages/com.unity.addressables/Editor/BuildReportVisualizer/UIToolKitAssets/UXML/DetailsPanel.uxml using Guid(01432b351984ba94aa0624cdc2783398) (ScriptedImporter) -> (artifact id: '76b5b7c7f753a37380fea167b16722a1') in 0.1662898 seconds
Start importing Packages/com.unity.addressables/Editor/Diagnostics/Profiler/UXML/MissingReport.uxml using Guid(62587f30b7ab6b44e97cab2ebbbc1a5b) (ScriptedImporter) -> (artifact id: '802e4816cb0e9012182a25f584ae9b40') in 0.0135706 seconds
Start importing Packages/com.unity.addressables/Editor/Diagnostics/Profiler/UXML/InspectorPane.uxml using Guid(85f61fd61986b405dbd5bc38da39f73d) (ScriptedImporter) -> (artifact id: 'ee88628f874417ad5046c564c1cb60fc') in 0.0289517 seconds
Start importing Packages/com.unity.addressables/Editor/Diagnostics/Profiler/UXML/TreeViewPane.uxml using Guid(d79503fa30e4e47f7a80231b74f76eab) (ScriptedImporter) -> (artifact id: 'fed86f44dcde73959616902546e3b402') in 0.0186472 seconds
Start importing Packages/com.unity.addressables/Editor/BuildReportVisualizer/UIToolKitAssets/UXML/MainPanel.uxml using Guid(082ff03cd7a4f9943bafa0d18316d83f) (ScriptedImporter) -> (artifact id: 'd15d57e57ee8be61347a0a6a2e3bf149') in 0.0190288 seconds
Start importing Packages/com.unity.addressables/Editor/BuildReportVisualizer/UIToolKitAssets/UXML/BuildReportWindow.uxml using Guid(9aa68e6fb55252f4b8434690fab30a8a) (ScriptedImporter) -> (artifact id: '362a2b1815c68cf36b3de8151208a3b6') in 0.0132789 seconds
Start importing Assets/DefaultNetworkPrefabs.asset using Guid(4593ef4af57481d4db3fc67b0444e627) (NativeFormatImporter) -> (artifact id: 'ea32a4868622943df6f50eff2f51531a') in 0.0030951 seconds
Start importing Assets/DefaultNetworkPrefabs.asset using Guid(4593ef4af57481d4db3fc67b0444e627) (NativeFormatImporter) -> (artifact id: 'ea32a4868622943df6f50eff2f51531a') in 0.0030152 seconds
Refreshing native plugins compatible for Editor in 1.76 ms, found 3 plugins.
Preloading 0 native plugins for Editor in 0.00 ms.
Asset Pipeline Refresh (id=648ec9691595724499bb5f97f6476aab): Total: 59.181 seconds - Initiated by InitialRefreshV2(ForceSynchronousImport)
	Summary:
		Imports: total=18 (actual=18, local cache=0, cache server=0)
		Asset DB Process Time: managed=5 ms, native=14027 ms
		Asset DB Callback time: managed=1482 ms, native=89 ms
		Scripting: domain reloads=2, domain reload time=5102 ms, compile time=38327 ms, other=146 ms
		Project Asset Count: scripts=1493, non-scripts=2483
		Asset File Changes: new=1, changed=2, moved=0, deleted=0
		Scan Filter Count: 2
	InvokeCustomDependenciesCallbacks: 0.003ms
	InvokePackagesCallback: 30.552ms
	ApplyChangesToAssetFolders: 1.207ms
	Scan: 153.111ms
	OnSourceAssetsModified: 1.760ms
	CategorizeAssetsWithTransientArtifact: 60.234ms
	ProcessAssetsWithTransientArtifactChanges: 127.198ms
	CategorizeAssets: 96.081ms
	ImportOutOfDateAssets: 13279.374ms (-26056.560ms without children)
		ImportManagerImport: 991.589ms (97.504ms without children)
			ImportInProcess: 893.227ms
			UpdateCategorizedAssets: 0.858ms
		CompileScripts: 38326.597ms
		CollectScriptTypesHashes: 5.305ms
		ReloadNativeAssets: 1.754ms
		UnloadImportedAssets: 4.874ms
		ReloadImportedAssets: 1.525ms
		EnsureUptoDateAssetsAreRegisteredWithGuidPM: 2.711ms
		InitializingProgressBar: 0.029ms
		PostProcessAllAssetNotificationsAddChangedAssets: 0.003ms
		OnDemandSchedulerStart: 1.548ms
	PostProcessAllAssets: 1603.318ms
	Hotreload: 7.833ms
	GatherAllCurrentPrimaryArtifactRevisions: 0.765ms
	UnloadStreamsBegin: 4.212ms
	PersistCurrentRevisions: 0.842ms
	UnloadStreamsEnd: 0.004ms
	GenerateScriptTypeHashes: 6.579ms
	Untracked: 43814.172ms

Application.AssetDatabase Initial Refresh End
Scanning for USB devices : 4.826ms
Initializing Unity extensions:
[MODES] ModeService[none].Initialize
[MODES] ModeService[none].LoadModes
[MODES] Loading mode Default (0) for mode-current-id-ProjectSplatoon
[Licensing::Client] Successfully resolved entitlement details
[Licensing::Client] Successfully resolved entitlement details
Unloading 33 Unused Serialized files (Serialized files now loaded: 0)
Unloading 9717 unused Assets / (5.2 MB). Loaded Objects now: 8457.
Memory consumption went from 220.1 MB to 215.0 MB.
Total: 35.401700 ms (FindLiveObjects: 1.133800 ms CreateObjectMapping: 1.309900 ms MarkObjects: 29.086300 ms  DeleteObjects: 3.870000 ms)

Batchmode quit successfully invoked - shutting down!
Curl error 42: Callback aborted
Killing ADB server in 0.0749692 seconds.
Start importing ProjectSettings/ProjectSettings.asset using Guid(00000000000000004000000000000000) (LibraryAssetImporter) -> (artifact id: '51e80ffd6da5bf986f94f27d02bdb628') in 0.0038455 seconds
Refreshing native plugins compatible for Editor in 1.13 ms, found 3 plugins.
Preloading 0 native plugins for Editor in 0.00 ms.
Asset Pipeline Refresh (id=8430854a7c74d064b8f0c5d10e6d3f59): Total: 0.069 seconds - Initiated by StopAssetImportingV2(NoUpdateAssetOptions)
[Physics::Module] Cleanup current backend.
[Physics::Module] Id: 0xf2b8ea05
Input System module state changed to: ShutdownInProgress.
Input System polling thread exited.
Input System module state changed to: Shutdown.
[Licensing::IpcConnector] LicenseClient-wepie-notifications channel disconnected successfully.
[Licensing::IpcConnector] LicenseClient-wepie channel disconnected successfully.
AcceleratorClientConnectionCallback - disconnected - :0
Cleanup mono
Exiting batchmode successfully now!
Exiting without the bug reporter. Application will terminate with return code 0