hero,weapon,field,before,after,originalValue,evidenceLevel,sourceField,reference
1,RifleGirl,airSwimBraking,30,30,,retained-project-value,,
1,RifleGirl,airSwimFallSpeed,1.5,1.5,,retained-project-value,,
1,RifleGirl,airSwimGravity,4,4,,retained-project-value,,
1,RifleGirl,airSwimSpeed,6,6,,retained-project-value,,
1,RifleGirl,baseJumpSpreadDegrees,0,0,,retained-project-value,,
1,RifleGirl,baseSpreadDegrees,0,0,,retained-project-value,,
1,RifleGirl,brakeSeconds,0.13333333333333333,0.06666666666666667,4,reference-simulator-default,,https://raw.githubusercontent.com/Leanny/splat3/7280ff9cde8bb1c5dcef46c700c326471584d2e6/data/parameter/1130/weapon/WeaponShooterNormal.game__GameParameterTable.json
1,RifleGirl,brakeSpeedMultiplier,0.66,0.66,,retained-project-value,,
1,RifleGirl,burstCount,1,1,,retained-project-value,,
1,RifleGirl,burstRecoverySeconds,0.0,0.0,,retained-project-value,,
1,RifleGirl,characterGravity,22,22,,retained-project-value,,
1,RifleGirl,characterPrefabAddress,Character/RifleGirl,Character/RifleGirl,,retained-project-value,,
1,RifleGirl,chargeMinDamage,0,0,,retained-project-value,,
1,RifleGirl,chargeMinInk,0,0,,retained-project-value,,
1,RifleGirl,chargeMinJumpSpread,0,0,,retained-project-value,,
1,RifleGirl,chargeMinRange,0,0,,retained-project-value,,
1,RifleGirl,chargeMinSpeed,0,0,,retained-project-value,,
1,RifleGirl,chargeMinSpread,0,0,,retained-project-value,,
1,RifleGirl,chargePartialMaxDamage,0,0,,retained-project-value,,
1,RifleGirl,chargeSeconds,0.0,0.0,,retained-project-value,,
1,RifleGirl,collisionRadius,0.025,0.14976910596164247,0.2,source-explicit,CollisionParam.EndRadiusForField,https://raw.githubusercontent.com/Leanny/splat3/7280ff9cde8bb1c5dcef46c700c326471584d2e6/data/parameter/1130/weapon/WeaponShooterNormal.game__GameParameterTable.json
1,RifleGirl,damage,36,36,,retained-project-value,,
1,RifleGirl,damageMin,18,18,,retained-project-value,,
1,RifleGirl,damageReduceEndSeconds,0.6666666666666666,0.6666666666666666,,retained-project-value,,
1,RifleGirl,damageReduceStartSeconds,0.13333333333333333,0.13333333333333333,,retained-project-value,,
1,RifleGirl,displayName,紫苑,紫苑,,retained-project-value,,
1,RifleGirl,effectiveRange,10.4,10.4,,retained-project-value,,
1,RifleGirl,emergeStartSeconds,0.16666666666666666,0.16666666666666666,,retained-project-value,,
1,RifleGirl,enemyInkDamageRate,20,20,,retained-project-value,,
1,RifleGirl,enemyInkHealthFloor,60,60,,retained-project-value,,
1,RifleGirl,enemyInkMultiplier,0.55,0.55,,retained-project-value,,
1,RifleGirl,fireMode,0,0,,retained-project-value,,
1,RifleGirl,fireRate,15,10,,project-adaptation,,https://raw.githubusercontent.com/Leanny/splat3/7280ff9cde8bb1c5dcef46c700c326471584d2e6/data/parameter/1130/weapon/WeaponShooterNormal.game__GameParameterTable.json
1,RifleGirl,healthRecoverDelay,1,1,,retained-project-value,,
1,RifleGirl,healthRecoverRate,30,30,,retained-project-value,,
1,RifleGirl,id,1,1,,retained-project-value,,
1,RifleGirl,inkRecoverLockSeconds,0.3333333333333333,0.3333333333333333,,retained-project-value,,
1,RifleGirl,jumpSpeed,7,7,,retained-project-value,,
1,RifleGirl,jumpSpreadDegrees,12,11.66,11.66,source-explicit,WeaponParam.Jump_DegSwerve,https://raw.githubusercontent.com/Leanny/splat3/7280ff9cde8bb1c5dcef46c700c326471584d2e6/data/parameter/1130/weapon/WeaponShooterNormal.game__GameParameterTable.json
1,RifleGirl,landingSpreadRecoverSeconds,0.2,0.2,,retained-project-value,,
1,RifleGirl,lifetime,10,10,,retained-project-value,,
1,RifleGirl,mantleSeconds,0.25,0.25,,retained-project-value,,
1,RifleGirl,maxHealth,100,100,,retained-project-value,,
1,RifleGirl,maxInk,100,100,,retained-project-value,,
1,RifleGirl,motionMode,,4,,project-adaptation,,https://raw.githubusercontent.com/Leanny/splat3/7280ff9cde8bb1c5dcef46c700c326471584d2e6/data/parameter/1130/weapon/WeaponShooterNormal.game__GameParameterTable.json
1,RifleGirl,moveAcceleration,40,40,,retained-project-value,,
1,RifleGirl,moveSpeed,5,4.31335,0.096,source-explicit,Common.1130,Tools/ValidationData/WeaponAudit/Common.1130.json
1,RifleGirl,muzzleMode,0,0,,retained-project-value,,
1,RifleGirl,name,RifleGirlRifle,RifleGirlRifle,,retained-project-value,,
1,RifleGirl,neutralSwimSpeed,3,3,,retained-project-value,,
1,RifleGirl,paintDepthBreakMax,,2.24,2.24,source-explicit,PaintParam.DepthScaleMaxBreakFree,https://raw.githubusercontent.com/Leanny/splat3/7280ff9cde8bb1c5dcef46c700c326471584d2e6/data/parameter/1130/weapon/WeaponShooterNormal.game__GameParameterTable.json
1,RifleGirl,paintDepthBreakMin,,1.12,1.12,source-explicit,PaintParam.DepthScaleMinBreakFree,https://raw.githubusercontent.com/Leanny/splat3/7280ff9cde8bb1c5dcef46c700c326471584d2e6/data/parameter/1130/weapon/WeaponShooterNormal.game__GameParameterTable.json
1,RifleGirl,paintDepthMax,,2.24,2.24,source-explicit,PaintParam.DepthScaleMax,https://raw.githubusercontent.com/Leanny/splat3/7280ff9cde8bb1c5dcef46c700c326471584d2e6/data/parameter/1130/weapon/WeaponShooterNormal.game__GameParameterTable.json
1,RifleGirl,paintDepthMin,,1.31,1.31,source-explicit,PaintParam.DepthScaleMin,https://raw.githubusercontent.com/Leanny/splat3/7280ff9cde8bb1c5dcef46c700c326471584d2e6/data/parameter/1130/weapon/WeaponShooterNormal.game__GameParameterTable.json
1,RifleGirl,paintDistanceFar,,10.4,,project-adaptation,,https://raw.githubusercontent.com/Leanny/splat3/7280ff9cde8bb1c5dcef46c700c326471584d2e6/data/parameter/1130/weapon/WeaponShooterNormal.game__GameParameterTable.json
1,RifleGirl,paintDistanceMiddle,,0.8237300827890337,1.1,source-explicit,PaintParam.DistanceMiddle,https://raw.githubusercontent.com/Leanny/splat3/7280ff9cde8bb1c5dcef46c700c326471584d2e6/data/parameter/1130/weapon/WeaponShooterNormal.game__GameParameterTable.json
1,RifleGirl,paintDropGravity,,43.13350251695304,,project-adaptation,,https://raw.githubusercontent.com/Leanny/splat3/7280ff9cde8bb1c5dcef46c700c326471584d2e6/data/parameter/1130/weapon/WeaponShooterNormal.game__GameParameterTable.json
1,RifleGirl,paintDropLifetime,,5,,project-adaptation,,https://raw.githubusercontent.com/Leanny/splat3/7280ff9cde8bb1c5dcef46c700c326471584d2e6/data/parameter/1130/weapon/WeaponShooterNormal.game__GameParameterTable.json
1,RifleGirl,paintHardness,0.55,0.55,,retained-project-value,,
1,RifleGirl,paintRadiusMax,1.5,1.44527187252985,1.93,source-explicit,PaintParam.WidthHalfNear,https://raw.githubusercontent.com/Leanny/splat3/7280ff9cde8bb1c5dcef46c700c326471584d2e6/data/parameter/1130/weapon/WeaponShooterNormal.game__GameParameterTable.json
1,RifleGirl,paintRadiusMin,1,1.2805258559720432,1.71,source-explicit,PaintParam.WidthHalfFar,https://raw.githubusercontent.com/Leanny/splat3/7280ff9cde8bb1c5dcef46c700c326471584d2e6/data/parameter/1130/weapon/WeaponShooterNormal.game__GameParameterTable.json
1,RifleGirl,paintStrength,1,1,,retained-project-value,,
1,RifleGirl,pelletCount,1,1,,retained-project-value,,
1,RifleGirl,portraitAddress,Portrait/RifleGirl,Portrait/RifleGirl,,retained-project-value,,
1,RifleGirl,projectileGravity,18,43.13350251695304,0.016,source-explicit,MoveParam.FreeGravity,https://raw.githubusercontent.com/Leanny/splat3/7280ff9cde8bb1c5dcef46c700c326471584d2e6/data/parameter/1130/weapon/WeaponShooterNormal.game__GameParameterTable.json
1,RifleGirl,recoverInk,10,10,,retained-project-value,,
1,RifleGirl,referenceBiasMax,,0.25,,project-adaptation,,https://raw.githubusercontent.com/Leanny/splat3/7280ff9cde8bb1c5dcef46c700c326471584d2e6/data/parameter/1130/weapon/WeaponShooterNormal.game__GameParameterTable.json
1,RifleGirl,referenceBiasMin,,0.01,0.01,source-explicit,WeaponParam.Stand_DegBiasMin,https://raw.githubusercontent.com/Leanny/splat3/7280ff9cde8bb1c5dcef46c700c326471584d2e6/data/parameter/1130/weapon/WeaponShooterNormal.game__GameParameterTable.json
1,RifleGirl,referenceBiasPerShot,,0.01,0.01,source-explicit,WeaponParam.Stand_DegBiasKf,https://raw.githubusercontent.com/Leanny/splat3/7280ff9cde8bb1c5dcef46c700c326471584d2e6/data/parameter/1130/weapon/WeaponShooterNormal.game__GameParameterTable.json
1,RifleGirl,referenceBiasRecovery,,0.8999999999999999,0.015,source-explicit,WeaponParam.Stand_DegBiasDecrease,https://raw.githubusercontent.com/Leanny/splat3/7280ff9cde8bb1c5dcef46c700c326471584d2e6/data/parameter/1130/weapon/WeaponShooterNormal.game__GameParameterTable.json
1,RifleGirl,referenceBrakeDrag,,0.36,0.36,reference-simulator-default,,https://raw.githubusercontent.com/Leanny/splat3/7280ff9cde8bb1c5dcef46c700c326471584d2e6/data/parameter/1130/weapon/WeaponShooterNormal.game__GameParameterTable.json
1,RifleGirl,referenceBrakeEndSpeed,,67.08158256021967,1.493,source-explicit,MoveParam.GoStraightStateEndMaxSpeed,https://raw.githubusercontent.com/Leanny/splat3/7280ff9cde8bb1c5dcef46c700c326471584d2e6/data/parameter/1130/weapon/WeaponShooterNormal.game__GameParameterTable.json
1,RifleGirl,referenceBrakeGravity,,188.70907351166954,0.07,reference-simulator-default,,https://raw.githubusercontent.com/Leanny/splat3/7280ff9cde8bb1c5dcef46c700c326471584d2e6/data/parameter/1130/weapon/WeaponShooterNormal.game__GameParameterTable.json
1,RifleGirl,referenceFootEvery,,1,,project-adaptation,,https://raw.githubusercontent.com/Leanny/splat3/7280ff9cde8bb1c5dcef46c700c326471584d2e6/data/parameter/1130/weapon/WeaponShooterNormal.game__GameParameterTable.json
1,RifleGirl,referenceFootRadius,,1.543220867828764,2.0608,source-explicit,SplashPaintParam.WidthHalfNearest,https://raw.githubusercontent.com/Leanny/splat3/7280ff9cde8bb1c5dcef46c700c326471584d2e6/data/parameter/1130/weapon/WeaponShooterNormal.game__GameParameterTable.json
1,RifleGirl,referenceFreeDrag,,0,0,reference-simulator-default,,https://raw.githubusercontent.com/Leanny/splat3/7280ff9cde8bb1c5dcef46c700c326471584d2e6/data/parameter/1130/weapon/WeaponShooterNormal.game__GameParameterTable.json
1,RifleGirl,referenceJumpBias,,0.4,0.4,source-explicit,WeaponParam.Jump_DegBiasMax,https://raw.githubusercontent.com/Leanny/splat3/7280ff9cde8bb1c5dcef46c700c326471584d2e6/data/parameter/1130/weapon/WeaponShooterNormal.game__GameParameterTable.json
1,RifleGirl,referenceJumpEnd,,1.1666666666666667,70,source-explicit,WeaponParam.Jump_DegBiasEndFrame,https://raw.githubusercontent.com/Leanny/splat3/7280ff9cde8bb1c5dcef46c700c326471584d2e6/data/parameter/1130/weapon/WeaponShooterNormal.game__GameParameterTable.json
1,RifleGirl,referenceJumpStart,,0.4166666666666667,25,source-explicit,WeaponParam.Jump_DegBiasDecreaseStartFrame,https://raw.githubusercontent.com/Leanny/splat3/7280ff9cde8bb1c5dcef46c700c326471584d2e6/data/parameter/1130/weapon/WeaponShooterNormal.game__GameParameterTable.json
1,RifleGirl,referencePlayerRadius,,0.21342097599534052,0.285,source-explicit,CollisionParam.EndRadiusForPlayer,https://raw.githubusercontent.com/Leanny/splat3/7280ff9cde8bb1c5dcef46c700c326471584d2e6/data/parameter/1130/weapon/WeaponShooterNormal.game__GameParameterTable.json
1,RifleGirl,referenceRules,,1,,project-adaptation,,https://raw.githubusercontent.com/Leanny/splat3/7280ff9cde8bb1c5dcef46c700c326471584d2e6/data/parameter/1130/weapon/WeaponShooterNormal.game__GameParameterTable.json
1,RifleGirl,referenceSpreadEnabled,,1,,project-adaptation,,https://raw.githubusercontent.com/Leanny/splat3/7280ff9cde8bb1c5dcef46c700c326471584d2e6/data/parameter/1130/weapon/WeaponShooterNormal.game__GameParameterTable.json
1,RifleGirl,referenceTrailBudget,,1.5,1.5,source-explicit,SplashSpawnParam.SpawnNum,https://raw.githubusercontent.com/Leanny/splat3/7280ff9cde8bb1c5dcef46c700c326471584d2e6/data/parameter/1130/weapon/WeaponShooterNormal.game__GameParameterTable.json
1,RifleGirl,referenceTrailRandomPhase,,1,,project-adaptation,,https://raw.githubusercontent.com/Leanny/splat3/7280ff9cde8bb1c5dcef46c700c326471584d2e6/data/parameter/1130/weapon/WeaponShooterNormal.game__GameParameterTable.json
1,RifleGirl,referenceTrailStart,,0.8986146357698549,1.2,source-explicit,SplashSpawnParam.SpawnNearestLength,https://raw.githubusercontent.com/Leanny/splat3/7280ff9cde8bb1c5dcef46c700c326471584d2e6/data/parameter/1130/weapon/WeaponShooterNormal.game__GameParameterTable.json
1,RifleGirl,semiBufferSeconds,0.0,0.0,,retained-project-value,,
1,RifleGirl,shootMoveSpeed,3.6,3.235012688771477,0.072,source-explicit,WeaponParam.MoveSpeed,https://raw.githubusercontent.com/Leanny/splat3/7280ff9cde8bb1c5dcef46c700c326471584d2e6/data/parameter/1130/weapon/WeaponShooterNormal.game__GameParameterTable.json
1,RifleGirl,shotInk,0.85,0.9199999999999999,0.0092,source-explicit,WeaponParam.InkConsume,https://raw.githubusercontent.com/Leanny/splat3/7280ff9cde8bb1c5dcef46c700c326471584d2e6/data/parameter/1130/weapon/WeaponShooterNormal.game__GameParameterTable.json
1,RifleGirl,speedMax,32,101.81303823272457,2.266,source-explicit,MoveParam.SpawnSpeed,https://raw.githubusercontent.com/Leanny/splat3/7280ff9cde8bb1c5dcef46c700c326471584d2e6/data/parameter/1130/weapon/WeaponShooterNormal.game__GameParameterTable.json
1,RifleGirl,speedMin,32,101.81303823272457,2.266,source-explicit,MoveParam.SpawnSpeed,https://raw.githubusercontent.com/Leanny/splat3/7280ff9cde8bb1c5dcef46c700c326471584d2e6/data/parameter/1130/weapon/WeaponShooterNormal.game__GameParameterTable.json
1,RifleGirl,splatlingChargeJumpSpeed,0,0,,retained-project-value,,
1,RifleGirl,splatlingChargeMoveSpeed,0,0,,retained-project-value,,
1,RifleGirl,splatlingFirstChargeSeconds,0.0,0.0,,retained-project-value,,
1,RifleGirl,splatlingFirstShootSeconds,0.0,0.0,,retained-project-value,,
1,RifleGirl,splatlingFootEvery,0,0,,retained-project-value,,
1,RifleGirl,splatlingFootRadius,0,0,,retained-project-value,,
1,RifleGirl,splatlingFullShootSeconds,0.0,0.0,,retained-project-value,,
1,RifleGirl,splatlingMinChargeSeconds,0.0,0.0,,retained-project-value,,
1,RifleGirl,splatlingPitchSpread,0,0,,retained-project-value,,
1,RifleGirl,splatlingPlayerRadius,0,0,,retained-project-value,,
1,RifleGirl,splatlingPostSeconds,0.0,0.0,,retained-project-value,,
1,RifleGirl,splatlingSlowChargeMultiplier,0,0,,retained-project-value,,
1,RifleGirl,splatlingSpeedBias,0,0,,retained-project-value,,
1,RifleGirl,splatlingSpreadBias,0,0,,retained-project-value,,
1,RifleGirl,splatlingTrailCount,0,0,,retained-project-value,,
1,RifleGirl,spreadDegrees,6,4.86,4.86,source-explicit,WeaponParam.Stand_DegSwerve,https://raw.githubusercontent.com/Leanny/splat3/7280ff9cde8bb1c5dcef46c700c326471584d2e6/data/parameter/1130/weapon/WeaponShooterNormal.game__GameParameterTable.json
1,RifleGirl,spreadExpandSeconds,1,1,,retained-project-value,,
1,RifleGirl,spreadRecoverSeconds,0.5,0.5,,retained-project-value,,
1,RifleGirl,startSeconds,0.03333333333333333,0.03333333333333333,,retained-project-value,,
1,RifleGirl,straightSeconds,0.16666666666666666,0.06666666666666667,4,source-explicit,MoveParam.GoStraightToBrakeStateFrame,https://raw.githubusercontent.com/Leanny/splat3/7280ff9cde8bb1c5dcef46c700c326471584d2e6/data/parameter/1130/weapon/WeaponShooterNormal.game__GameParameterTable.json
1,RifleGirl,swimAcceleration,50,50,,retained-project-value,,
1,RifleGirl,swimHealthRecoverRate,60,60,,retained-project-value,,
1,RifleGirl,swimRecoverInk,33.333332,33.333332,,retained-project-value,,
1,RifleGirl,swimSpeed,8,8.6267,0.192,source-explicit,Common.1130,Tools/ValidationData/WeaponAudit/Common.1130.json
1,RifleGirl,trailDepthScale,,1,,project-adaptation,,https://raw.githubusercontent.com/Leanny/splat3/7280ff9cde8bb1c5dcef46c700c326471584d2e6/data/parameter/1130/weapon/WeaponShooterNormal.game__GameParameterTable.json
1,RifleGirl,trailMaxDrop,2.4,2.4,,retained-project-value,,
1,RifleGirl,trailRadiusMax,0.9,1.1023006198776886,1.472,source-explicit,SplashPaintParam.WidthHalf,https://raw.githubusercontent.com/Leanny/splat3/7280ff9cde8bb1c5dcef46c700c326471584d2e6/data/parameter/1130/weapon/WeaponShooterNormal.game__GameParameterTable.json
1,RifleGirl,trailRadiusMin,0.75,1.1023006198776886,1.472,source-explicit,SplashPaintParam.WidthHalf,https://raw.githubusercontent.com/Leanny/splat3/7280ff9cde8bb1c5dcef46c700c326471584d2e6/data/parameter/1130/weapon/WeaponShooterNormal.game__GameParameterTable.json
1,RifleGirl,trailSpacing,0.2,6.889378874235554,9.2,source-explicit,SplashSpawnParam.SpawnBetweenLength,https://raw.githubusercontent.com/Leanny/splat3/7280ff9cde8bb1c5dcef46c700c326471584d2e6/data/parameter/1130/weapon/WeaponShooterNormal.game__GameParameterTable.json
1,RifleGirl,wallDropGroundRadius,,0.44930731788492745,0.6,source-explicit,WallDropCollisionPaintParam.PaintRadiusGround,https://raw.githubusercontent.com/Leanny/splat3/7280ff9cde8bb1c5dcef46c700c326471584d2e6/data/parameter/1130/weapon/WeaponShooterNormal.game__GameParameterTable.json
1,RifleGirl,wallDropRadius,,0.48674959437533805,0.65,source-explicit,WallDropCollisionPaintParam.PaintRadiusFall,https://raw.githubusercontent.com/Leanny/splat3/7280ff9cde8bb1c5dcef46c700c326471584d2e6/data/parameter/1130/weapon/WeaponShooterNormal.game__GameParameterTable.json
1,RifleGirl,wallDropSeconds,,1.0833333333333333,,project-adaptation,,https://raw.githubusercontent.com/Leanny/splat3/7280ff9cde8bb1c5dcef46c700c326471584d2e6/data/parameter/1130/weapon/WeaponShooterNormal.game__GameParameterTable.json
1,RifleGirl,wallDropSpeed,,2.6958439073095644,0.06,source-explicit,WallDropMoveParam.FallPeriodFirstTargetSpeed,https://raw.githubusercontent.com/Leanny/splat3/7280ff9cde8bb1c5dcef46c700c326471584d2e6/data/parameter/1130/weapon/WeaponShooterNormal.game__GameParameterTable.json
1,RifleGirl,wallGraceSeconds,0.1,0.1,,retained-project-value,,
1,RifleGirl,wallJumpSpeed,4,4,,retained-project-value,,
1,RifleGirl,wallProbeDistance,0.6,0.6,,retained-project-value,,
1,RifleGirl,wallSwimSpeed,4,4,,retained-project-value,,
1,RifleGirl,weaponConfigPath,Assets/GameResource/Weapons/RifleGirl/RifleGirlWeaponConfig.asset,Assets/GameResource/Weapons/RifleGirl/RifleGirlWeaponConfig.asset,,retained-project-value,,
1,RifleGirl,weaponPrefabAddress,Weapon/RifleGirlRifle,Weapon/RifleGirlRifle,,retained-project-value,,
1,RifleGirl,weaponTypeName,自动步枪,斯普拉射击枪,,retained-project-value,,
2,DualPistolGirl,airSwimBraking,30,30,,retained-project-value,,
2,DualPistolGirl,airSwimFallSpeed,1.5,1.5,,retained-project-value,,
2,DualPistolGirl,airSwimGravity,4,4,,retained-project-value,,
2,DualPistolGirl,airSwimSpeed,6,6,,retained-project-value,,
2,DualPistolGirl,baseJumpSpreadDegrees,0,0,,retained-project-value,,
2,DualPistolGirl,baseSpreadDegrees,0,0,,retained-project-value,,
2,DualPistolGirl,brakeSeconds,0.06666666666666667,0.06666666666666667,4,reference-simulator-default,,https://raw.githubusercontent.com/Leanny/splat3/7280ff9cde8bb1c5dcef46c700c326471584d2e6/data/parameter/1130/weapon/WeaponManeuverGallon.game__GameParameterTable.json
2,DualPistolGirl,brakeSpeedMultiplier,0.66,0.66,,retained-project-value,,
2,DualPistolGirl,burstCount,1,1,,retained-project-value,,
2,DualPistolGirl,burstRecoverySeconds,0,0,,retained-project-value,,
2,DualPistolGirl,characterGravity,22,22,,retained-project-value,,
2,DualPistolGirl,characterPrefabAddress,Character/DualPistolGirl,Character/DualPistolGirl,,retained-project-value,,
2,DualPistolGirl,chargeMinDamage,0,0,,retained-project-value,,
2,DualPistolGirl,chargeMinInk,0,0,,retained-project-value,,
2,DualPistolGirl,chargeMinJumpSpread,0,0,,retained-project-value,,
2,DualPistolGirl,chargeMinRange,0,0,,retained-project-value,,
2,DualPistolGirl,chargeMinSpeed,0,0,,retained-project-value,,
2,DualPistolGirl,chargeMinSpread,0,0,,retained-project-value,,
2,DualPistolGirl,chargePartialMaxDamage,0,0,,retained-project-value,,
2,DualPistolGirl,chargeSeconds,0,0,,retained-project-value,,
2,DualPistolGirl,collisionRadius,0.14976910596164247,0.14976910596164247,0.2,source-explicit,CollisionParam.EndRadiusForField,https://raw.githubusercontent.com/Leanny/splat3/7280ff9cde8bb1c5dcef46c700c326471584d2e6/data/parameter/1130/weapon/WeaponManeuverGallon.game__GameParameterTable.json
2,DualPistolGirl,damage,36,36,,retained-project-value,,
2,DualPistolGirl,damageMin,18,18,,retained-project-value,,
2,DualPistolGirl,damageReduceEndSeconds,0.6666666666666666,0.6666666666666666,,retained-project-value,,
2,DualPistolGirl,damageReduceStartSeconds,0.11666666666666667,0.11666666666666667,,retained-project-value,,
2,DualPistolGirl,displayName,夜雀,夜雀,,retained-project-value,,
2,DualPistolGirl,dualiesBrakeDrag,0.36,0.36,,retained-project-value,,
2,DualPistolGirl,dualiesBrakeEndSpeed,126.32275242334734,126.32275242334734,,retained-project-value,,
2,DualPistolGirl,dualiesBrakeGravity,188.70907351166954,188.70907351166954,,retained-project-value,,
2,DualPistolGirl,dualiesFootEvery,5,5,,retained-project-value,,
2,DualPistolGirl,dualiesFootRadius,1.591446519948413,1.591446519948413,,retained-project-value,,
2,DualPistolGirl,dualiesJumpBias,0.4,0.4,,retained-project-value,,
2,DualPistolGirl,dualiesJumpRecoverEndSeconds,1.1666666666666667,1.1666666666666667,,retained-project-value,,
2,DualPistolGirl,dualiesJumpRecoverStartSeconds,0.4166666666666667,0.4166666666666667,,retained-project-value,,
2,DualPistolGirl,dualiesPlayerRadius,0.21342097599534052,0.21342097599534052,,retained-project-value,,
2,DualPistolGirl,dualiesSpreadMaxBias,0.25,0.25,,retained-project-value,,
2,DualPistolGirl,dualiesSpreadMinBias,0.03,0.03,,retained-project-value,,
2,DualPistolGirl,dualiesSpreadPerShot,0.03,0.03,,retained-project-value,,
2,DualPistolGirl,dualiesSpreadRecoverPerSecond,0.3,0.3,,retained-project-value,,
2,DualPistolGirl,dualiesTrailCount,2,2,,retained-project-value,,
2,DualPistolGirl,dualiesTrailStartDistance,0.7488455298082124,0.7488455298082124,,retained-project-value,,
2,DualPistolGirl,effectiveRange,11.232682947123186,11.232682947123186,,retained-project-value,,
2,DualPistolGirl,emergeStartSeconds,0.06666666666666667,0.06666666666666667,,retained-project-value,,
2,DualPistolGirl,enemyInkDamageRate,20,20,,retained-project-value,,
2,DualPistolGirl,enemyInkHealthFloor,60,60,,retained-project-value,,
2,DualPistolGirl,enemyInkMultiplier,0.55,0.55,,retained-project-value,,
2,DualPistolGirl,fireMode,0,0,,retained-project-value,,
2,DualPistolGirl,fireRate,6.666666666666667,6.666666666666667,,retained-project-value,,
2,DualPistolGirl,healthRecoverDelay,1,1,,retained-project-value,,
2,DualPistolGirl,healthRecoverRate,30,30,,retained-project-value,,
2,DualPistolGirl,id,2,2,,retained-project-value,,
2,DualPistolGirl,inkRecoverLockSeconds,0.3333333333333333,0.3333333333333333,,retained-project-value,,
2,DualPistolGirl,jumpSpeed,7,7,,retained-project-value,,
2,DualPistolGirl,jumpSpreadDegrees,8,8,,retained-project-value,,
2,DualPistolGirl,landingSpreadRecoverSeconds,0.2,0.2,,retained-project-value,,
2,DualPistolGirl,lifetime,10,10,,retained-project-value,,
2,DualPistolGirl,mantleSeconds,0.25,0.25,,retained-project-value,,
2,DualPistolGirl,maxHealth,100,100,,retained-project-value,,
2,DualPistolGirl,maxInk,100,100,,retained-project-value,,
2,DualPistolGirl,motionMode,3,3,,retained-project-value,,
2,DualPistolGirl,moveAcceleration,40,40,,retained-project-value,,
2,DualPistolGirl,moveSpeed,5,4.31335,0.096,source-explicit,Common.1130,Tools/ValidationData/WeaponAudit/Common.1130.json
2,DualPistolGirl,muzzleMode,1,1,,retained-project-value,,
2,DualPistolGirl,name,DualPistolGirl,DualPistolGirl,,retained-project-value,,
2,DualPistolGirl,neutralSwimSpeed,3,3,,retained-project-value,,
2,DualPistolGirl,paintDepthBreakMax,,2.24,2.24,source-explicit,PaintParam.DepthScaleMaxBreakFree,https://raw.githubusercontent.com/Leanny/splat3/7280ff9cde8bb1c5dcef46c700c326471584d2e6/data/parameter/1130/weapon/WeaponManeuverGallon.game__GameParameterTable.json
2,DualPistolGirl,paintDepthBreakMin,,1.12,1.12,source-explicit,PaintParam.DepthScaleMinBreakFree,https://raw.githubusercontent.com/Leanny/splat3/7280ff9cde8bb1c5dcef46c700c326471584d2e6/data/parameter/1130/weapon/WeaponManeuverGallon.game__GameParameterTable.json
2,DualPistolGirl,paintDepthMax,,2.24,2.24,source-explicit,PaintParam.DepthScaleMax,https://raw.githubusercontent.com/Leanny/splat3/7280ff9cde8bb1c5dcef46c700c326471584d2e6/data/parameter/1130/weapon/WeaponManeuverGallon.game__GameParameterTable.json
2,DualPistolGirl,paintDepthMin,,1.31,1.31,source-explicit,PaintParam.DepthScaleMin,https://raw.githubusercontent.com/Leanny/splat3/7280ff9cde8bb1c5dcef46c700c326471584d2e6/data/parameter/1130/weapon/WeaponManeuverGallon.game__GameParameterTable.json
2,DualPistolGirl,paintDistanceFar,,11.232682947123186,,project-adaptation,,https://raw.githubusercontent.com/Leanny/splat3/7280ff9cde8bb1c5dcef46c700c326471584d2e6/data/parameter/1130/weapon/WeaponManeuverGallon.game__GameParameterTable.json
2,DualPistolGirl,paintDistanceMiddle,,0.8237300827890337,1.1,source-explicit,PaintParam.DistanceMiddle,https://raw.githubusercontent.com/Leanny/splat3/7280ff9cde8bb1c5dcef46c700c326471584d2e6/data/parameter/1130/weapon/WeaponManeuverGallon.game__GameParameterTable.json
2,DualPistolGirl,paintDropGravity,,43.13350251695304,,project-adaptation,,https://raw.githubusercontent.com/Leanny/splat3/7280ff9cde8bb1c5dcef46c700c326471584d2e6/data/parameter/1130/weapon/WeaponManeuverGallon.game__GameParameterTable.json
2,DualPistolGirl,paintDropLifetime,,5,,project-adaptation,,https://raw.githubusercontent.com/Leanny/splat3/7280ff9cde8bb1c5dcef46c700c326471584d2e6/data/parameter/1130/weapon/WeaponManeuverGallon.game__GameParameterTable.json
2,DualPistolGirl,paintHardness,0.55,0.55,,retained-project-value,,
2,DualPistolGirl,paintRadiusMax,1.4976910596164248,1.4976910596164248,2.0,source-explicit,PaintParam.WidthHalfNear,https://raw.githubusercontent.com/Leanny/splat3/7280ff9cde8bb1c5dcef46c700c326471584d2e6/data/parameter/1130/weapon/WeaponManeuverGallon.game__GameParameterTable.json
2,DualPistolGirl,paintRadiusMin,1.4078295960394391,1.4078295960394391,1.88,source-explicit,PaintParam.WidthHalfFar,https://raw.githubusercontent.com/Leanny/splat3/7280ff9cde8bb1c5dcef46c700c326471584d2e6/data/parameter/1130/weapon/WeaponManeuverGallon.game__GameParameterTable.json
2,DualPistolGirl,paintStrength,1,1,,retained-project-value,,
2,DualPistolGirl,pelletCount,1,1,,retained-project-value,,
2,DualPistolGirl,portraitAddress,Portrait/DualPistolGirl,Portrait/DualPistolGirl,,retained-project-value,,
2,DualPistolGirl,projectileGravity,43.13350251695304,43.13350251695304,0.016,source-explicit,MoveParam.FreeGravity,https://raw.githubusercontent.com/Leanny/splat3/7280ff9cde8bb1c5dcef46c700c326471584d2e6/data/parameter/1130/weapon/WeaponManeuverGallon.game__GameParameterTable.json
2,DualPistolGirl,recoverInk,10,10,,retained-project-value,,
2,DualPistolGirl,referenceBrakeDrag,,0.36,0.36,reference-simulator-default,,https://raw.githubusercontent.com/Leanny/splat3/7280ff9cde8bb1c5dcef46c700c326471584d2e6/data/parameter/1130/weapon/WeaponManeuverGallon.game__GameParameterTable.json
2,DualPistolGirl,referenceBrakeEndSpeed,,126.32275242334735,2.8115,source-explicit,MoveParam.GoStraightStateEndMaxSpeed,https://raw.githubusercontent.com/Leanny/splat3/7280ff9cde8bb1c5dcef46c700c326471584d2e6/data/parameter/1130/weapon/WeaponManeuverGallon.game__GameParameterTable.json
2,DualPistolGirl,referenceBrakeGravity,,188.70907351166954,0.07,reference-simulator-default,,https://raw.githubusercontent.com/Leanny/splat3/7280ff9cde8bb1c5dcef46c700c326471584d2e6/data/parameter/1130/weapon/WeaponManeuverGallon.game__GameParameterTable.json
2,DualPistolGirl,referenceFootEvery,,5,,project-adaptation,,https://raw.githubusercontent.com/Leanny/splat3/7280ff9cde8bb1c5dcef46c700c326471584d2e6/data/parameter/1130/weapon/WeaponManeuverGallon.game__GameParameterTable.json
2,DualPistolGirl,referenceFootRadius,,1.591446519948413,2.1252,source-explicit,SplashPaintParam.WidthHalfNearest,https://raw.githubusercontent.com/Leanny/splat3/7280ff9cde8bb1c5dcef46c700c326471584d2e6/data/parameter/1130/weapon/WeaponManeuverGallon.game__GameParameterTable.json
2,DualPistolGirl,referenceFreeDrag,,0,0,reference-simulator-default,,https://raw.githubusercontent.com/Leanny/splat3/7280ff9cde8bb1c5dcef46c700c326471584d2e6/data/parameter/1130/weapon/WeaponManeuverGallon.game__GameParameterTable.json
2,DualPistolGirl,referencePlayerRadius,,0.21342097599534052,0.285,source-explicit,CollisionParam.EndRadiusForPlayer,https://raw.githubusercontent.com/Leanny/splat3/7280ff9cde8bb1c5dcef46c700c326471584d2e6/data/parameter/1130/weapon/WeaponManeuverGallon.game__GameParameterTable.json
2,DualPistolGirl,referenceRules,,1,,project-adaptation,,https://raw.githubusercontent.com/Leanny/splat3/7280ff9cde8bb1c5dcef46c700c326471584d2e6/data/parameter/1130/weapon/WeaponManeuverGallon.game__GameParameterTable.json
2,DualPistolGirl,referenceTrailBudget,,2.0,2.0,source-explicit,SplashSpawnParam.SpawnNum,https://raw.githubusercontent.com/Leanny/splat3/7280ff9cde8bb1c5dcef46c700c326471584d2e6/data/parameter/1130/weapon/WeaponManeuverGallon.game__GameParameterTable.json
2,DualPistolGirl,referenceTrailRandomPhase,,0,,project-adaptation,,https://raw.githubusercontent.com/Leanny/splat3/7280ff9cde8bb1c5dcef46c700c326471584d2e6/data/parameter/1130/weapon/WeaponManeuverGallon.game__GameParameterTable.json
2,DualPistolGirl,referenceTrailStart,,0.7488455298082124,1.0,source-explicit,SplashSpawnParam.SpawnNearestLength,https://raw.githubusercontent.com/Leanny/splat3/7280ff9cde8bb1c5dcef46c700c326471584d2e6/data/parameter/1130/weapon/WeaponManeuverGallon.game__GameParameterTable.json
2,DualPistolGirl,semiBufferSeconds,0,0,,retained-project-value,,
2,DualPistolGirl,shootMoveSpeed,3.125,2.6958439073095644,0.06,source-explicit,WeaponParam.MoveSpeed,https://raw.githubusercontent.com/Leanny/splat3/7280ff9cde8bb1c5dcef46c700c326471584d2e6/data/parameter/1130/weapon/WeaponManeuverGallon.game__GameParameterTable.json
2,DualPistolGirl,shotInk,1.4,1.4,,retained-project-value,,
2,DualPistolGirl,speedMax,128.0525855972043,128.0525855972043,,retained-project-value,,
2,DualPistolGirl,speedMin,128.0525855972043,128.0525855972043,,retained-project-value,,
2,DualPistolGirl,splatlingChargeJumpSpeed,0,0,,retained-project-value,,
2,DualPistolGirl,splatlingChargeMoveSpeed,0,0,,retained-project-value,,
2,DualPistolGirl,splatlingFirstChargeSeconds,0,0,,retained-project-value,,
2,DualPistolGirl,splatlingFirstShootSeconds,0,0,,retained-project-value,,
2,DualPistolGirl,splatlingFootEvery,0,0,,retained-project-value,,
2,DualPistolGirl,splatlingFootRadius,0,0,,retained-project-value,,
2,DualPistolGirl,splatlingFullShootSeconds,0,0,,retained-project-value,,
2,DualPistolGirl,splatlingMinChargeSeconds,0,0,,retained-project-value,,
2,DualPistolGirl,splatlingPitchSpread,0,0,,retained-project-value,,
2,DualPistolGirl,splatlingPlayerRadius,0,0,,retained-project-value,,
2,DualPistolGirl,splatlingPostSeconds,0,0,,retained-project-value,,
2,DualPistolGirl,splatlingSlowChargeMultiplier,0,0,,retained-project-value,,
2,DualPistolGirl,splatlingSpeedBias,0,0,,retained-project-value,,
2,DualPistolGirl,splatlingSpreadBias,0,0,,retained-project-value,,
2,DualPistolGirl,splatlingTrailCount,0,0,,retained-project-value,,
2,DualPistolGirl,spreadDegrees,3.2,3.2,,retained-project-value,,
2,DualPistolGirl,spreadExpandSeconds,1,1,,retained-project-value,,
2,DualPistolGirl,spreadRecoverSeconds,0.5,0.5,,retained-project-value,,
2,DualPistolGirl,startSeconds,0,0,,retained-project-value,,
2,DualPistolGirl,straightSeconds,0.05,0.05,3,source-explicit,MoveParam.GoStraightToBrakeStateFrame,https://raw.githubusercontent.com/Leanny/splat3/7280ff9cde8bb1c5dcef46c700c326471584d2e6/data/parameter/1130/weapon/WeaponManeuverGallon.game__GameParameterTable.json
2,DualPistolGirl,swimAcceleration,50,50,,retained-project-value,,
2,DualPistolGirl,swimHealthRecoverRate,60,60,,retained-project-value,,
2,DualPistolGirl,swimRecoverInk,33.333332,33.333332,,retained-project-value,,
2,DualPistolGirl,swimSpeed,8,8.6267,0.192,source-explicit,Common.1130,Tools/ValidationData/WeaponAudit/Common.1130.json
2,DualPistolGirl,trailDepthScale,,1,,project-adaptation,,https://raw.githubusercontent.com/Leanny/splat3/7280ff9cde8bb1c5dcef46c700c326471584d2e6/data/parameter/1130/weapon/WeaponManeuverGallon.game__GameParameterTable.json
2,DualPistolGirl,trailMaxDrop,2.4,2.4,,retained-project-value,,
2,DualPistolGirl,trailRadiusMax,1.1367475142488663,1.1367475142488663,1.518,source-explicit,SplashPaintParam.WidthHalf,https://raw.githubusercontent.com/Leanny/splat3/7280ff9cde8bb1c5dcef46c700c326471584d2e6/data/parameter/1130/weapon/WeaponManeuverGallon.game__GameParameterTable.json
2,DualPistolGirl,trailRadiusMin,1.1367475142488663,1.1367475142488663,1.518,source-explicit,SplashPaintParam.WidthHalf,https://raw.githubusercontent.com/Leanny/splat3/7280ff9cde8bb1c5dcef46c700c326471584d2e6/data/parameter/1130/weapon/WeaponManeuverGallon.game__GameParameterTable.json
2,DualPistolGirl,trailSpacing,5.2419187086574865,5.2419187086574865,7.0,source-explicit,SplashSpawnParam.SpawnBetweenLength,https://raw.githubusercontent.com/Leanny/splat3/7280ff9cde8bb1c5dcef46c700c326471584d2e6/data/parameter/1130/weapon/WeaponManeuverGallon.game__GameParameterTable.json
2,DualPistolGirl,wallDropGroundRadius,,0.44930731788492745,0.6,source-explicit,WallDropCollisionPaintParam.PaintRadiusGround,https://raw.githubusercontent.com/Leanny/splat3/7280ff9cde8bb1c5dcef46c700c326471584d2e6/data/parameter/1130/weapon/WeaponManeuverGallon.game__GameParameterTable.json
2,DualPistolGirl,wallDropRadius,,0.48674959437533805,0.65,source-explicit,WallDropCollisionPaintParam.PaintRadiusFall,https://raw.githubusercontent.com/Leanny/splat3/7280ff9cde8bb1c5dcef46c700c326471584d2e6/data/parameter/1130/weapon/WeaponManeuverGallon.game__GameParameterTable.json
2,DualPistolGirl,wallDropSeconds,,1.0833333333333333,,project-adaptation,,https://raw.githubusercontent.com/Leanny/splat3/7280ff9cde8bb1c5dcef46c700c326471584d2e6/data/parameter/1130/weapon/WeaponManeuverGallon.game__GameParameterTable.json
2,DualPistolGirl,wallDropSpeed,,2.6958439073095644,0.06,source-explicit,WallDropMoveParam.FallPeriodFirstTargetSpeed,https://raw.githubusercontent.com/Leanny/splat3/7280ff9cde8bb1c5dcef46c700c326471584d2e6/data/parameter/1130/weapon/WeaponManeuverGallon.game__GameParameterTable.json
2,DualPistolGirl,wallGraceSeconds,0.1,0.1,,retained-project-value,,
2,DualPistolGirl,wallJumpSpeed,4,4,,retained-project-value,,
2,DualPistolGirl,wallProbeDistance,0.6,0.6,,retained-project-value,,
2,DualPistolGirl,wallSwimSpeed,4,4,,retained-project-value,,
2,DualPistolGirl,weaponConfigPath,Assets/GameResource/Weapons/DualPistolGirl/DualPistolGirlWeaponConfig.asset,Assets/GameResource/Weapons/DualPistolGirl/DualPistolGirlWeaponConfig.asset,,retained-project-value,,
2,DualPistolGirl,weaponPrefabAddress,Weapon/DualPistols,Weapon/DualPistols,,retained-project-value,,
2,DualPistolGirl,weaponTypeName,开尔文525,开尔文525,,retained-project-value,,
3,ShotgunGirl,airSwimBraking,30,30,,retained-project-value,,
3,ShotgunGirl,airSwimFallSpeed,1.5,1.5,,retained-project-value,,
3,ShotgunGirl,airSwimGravity,4,4,,retained-project-value,,
3,ShotgunGirl,airSwimSpeed,6,6,,retained-project-value,,
3,ShotgunGirl,baseJumpSpreadDegrees,5,5,,retained-project-value,,
3,ShotgunGirl,baseSpreadDegrees,5,5,,retained-project-value,,
3,ShotgunGirl,brakeSeconds,0.13333333333333333,0.13333333333333333,,retained-project-value,,
3,ShotgunGirl,brakeSpeedMultiplier,0.66,0.66,,retained-project-value,,
3,ShotgunGirl,burstCount,1,1,,retained-project-value,,
3,ShotgunGirl,burstRecoverySeconds,0,0,,retained-project-value,,
3,ShotgunGirl,characterGravity,22,22,,retained-project-value,,
3,ShotgunGirl,characterPrefabAddress,Character/ShotgunGirl,Character/ShotgunGirl,,retained-project-value,,
3,ShotgunGirl,chargeMinDamage,0,0,,retained-project-value,,
3,ShotgunGirl,chargeMinInk,0,0,,retained-project-value,,
3,ShotgunGirl,chargeMinJumpSpread,0,0,,retained-project-value,,
3,ShotgunGirl,chargeMinRange,0,0,,retained-project-value,,
3,ShotgunGirl,chargeMinSpeed,0,0,,retained-project-value,,
3,ShotgunGirl,chargeMinSpread,0,0,,retained-project-value,,
3,ShotgunGirl,chargePartialMaxDamage,0,0,,retained-project-value,,
3,ShotgunGirl,chargeSeconds,0,0,,retained-project-value,,
3,ShotgunGirl,collisionRadius,0.025,0.025,,retained-project-value,,
3,ShotgunGirl,damage,16,16,,retained-project-value,,
3,ShotgunGirl,damageMin,8,8,,retained-project-value,,
3,ShotgunGirl,damageReduceEndSeconds,0.3,0.3,,retained-project-value,,
3,ShotgunGirl,damageReduceStartSeconds,0.06666666666666667,0.06666666666666667,,retained-project-value,,
3,ShotgunGirl,displayName,白凛,白凛,,retained-project-value,,
3,ShotgunGirl,effectiveRange,6.5,6.5,,retained-project-value,,
3,ShotgunGirl,emergeStartSeconds,0.16666666666666666,0.16666666666666666,,retained-project-value,,
3,ShotgunGirl,enemyInkDamageRate,20,20,,retained-project-value,,
3,ShotgunGirl,enemyInkHealthFloor,60,60,,retained-project-value,,
3,ShotgunGirl,enemyInkMultiplier,0.55,0.55,,retained-project-value,,
3,ShotgunGirl,fireMode,3,3,,retained-project-value,,
3,ShotgunGirl,fireRate,2.5,2.5,,retained-project-value,,
3,ShotgunGirl,healthRecoverDelay,1,1,,retained-project-value,,
3,ShotgunGirl,healthRecoverRate,30,30,,retained-project-value,,
3,ShotgunGirl,id,3,3,,retained-project-value,,
3,ShotgunGirl,inkRecoverLockSeconds,0.5,0.5,,retained-project-value,,
3,ShotgunGirl,jumpSpeed,7,7,,retained-project-value,,
3,ShotgunGirl,jumpSpreadDegrees,5,5,,retained-project-value,,
3,ShotgunGirl,landingSpreadRecoverSeconds,0.2,0.2,,retained-project-value,,
3,ShotgunGirl,lifetime,10,10,,retained-project-value,,
3,ShotgunGirl,mantleSeconds,0.25,0.25,,retained-project-value,,
3,ShotgunGirl,maxHealth,100,100,,retained-project-value,,
3,ShotgunGirl,maxInk,100,100,,retained-project-value,,
3,ShotgunGirl,moveAcceleration,40,40,,retained-project-value,,
3,ShotgunGirl,moveSpeed,5,4.31335,0.096,source-explicit,Common.1130,Tools/ValidationData/WeaponAudit/Common.1130.json
3,ShotgunGirl,muzzleMode,0,0,,retained-project-value,,
3,ShotgunGirl,name,ShotgunGirl,ShotgunGirl,,retained-project-value,,
3,ShotgunGirl,neutralSwimSpeed,3,3,,retained-project-value,,
3,ShotgunGirl,paintHardness,0.55,0.55,,retained-project-value,,
3,ShotgunGirl,paintRadiusMax,1.3,1.3,,retained-project-value,,
3,ShotgunGirl,paintRadiusMin,0.95,0.95,,retained-project-value,,
3,ShotgunGirl,paintStrength,1,1,,retained-project-value,,
3,ShotgunGirl,pelletCount,8,8,,retained-project-value,,
3,ShotgunGirl,portraitAddress,Portrait/ShotgunGirl,Portrait/ShotgunGirl,,retained-project-value,,
3,ShotgunGirl,projectileGravity,14,14,,retained-project-value,,
3,ShotgunGirl,recoverInk,10,10,,retained-project-value,,
3,ShotgunGirl,semiBufferSeconds,0.1,0.1,,retained-project-value,,
3,ShotgunGirl,shootMoveSpeed,3.2,3.2,,retained-project-value,,
3,ShotgunGirl,shotInk,4,4,,retained-project-value,,
3,ShotgunGirl,speedMax,30,30,,retained-project-value,,
3,ShotgunGirl,speedMin,30,30,,retained-project-value,,
3,ShotgunGirl,splatlingChargeJumpSpeed,0,0,,retained-project-value,,
3,ShotgunGirl,splatlingChargeMoveSpeed,0,0,,retained-project-value,,
3,ShotgunGirl,splatlingFirstChargeSeconds,0,0,,retained-project-value,,
3,ShotgunGirl,splatlingFirstShootSeconds,0,0,,retained-project-value,,
3,ShotgunGirl,splatlingFootEvery,0,0,,retained-project-value,,
3,ShotgunGirl,splatlingFootRadius,0,0,,retained-project-value,,
3,ShotgunGirl,splatlingFullShootSeconds,0,0,,retained-project-value,,
3,ShotgunGirl,splatlingMinChargeSeconds,0,0,,retained-project-value,,
3,ShotgunGirl,splatlingPitchSpread,0,0,,retained-project-value,,
3,ShotgunGirl,splatlingPlayerRadius,0,0,,retained-project-value,,
3,ShotgunGirl,splatlingPostSeconds,0,0,,retained-project-value,,
3,ShotgunGirl,splatlingSlowChargeMultiplier,0,0,,retained-project-value,,
3,ShotgunGirl,splatlingSpeedBias,0,0,,retained-project-value,,
3,ShotgunGirl,splatlingSpreadBias,0,0,,retained-project-value,,
3,ShotgunGirl,splatlingTrailCount,0,0,,retained-project-value,,
3,ShotgunGirl,spreadDegrees,5,5,,retained-project-value,,
3,ShotgunGirl,spreadExpandSeconds,0,0,,retained-project-value,,
3,ShotgunGirl,spreadRecoverSeconds,0,0,,retained-project-value,,
3,ShotgunGirl,startSeconds,0.03333333333333333,0.03333333333333333,,retained-project-value,,
3,ShotgunGirl,straightSeconds,0,0,,retained-project-value,,
3,ShotgunGirl,swimAcceleration,50,50,,retained-project-value,,
3,ShotgunGirl,swimHealthRecoverRate,60,60,,retained-project-value,,
3,ShotgunGirl,swimRecoverInk,33.333332,33.333332,,retained-project-value,,
3,ShotgunGirl,swimSpeed,8,8.6267,0.192,source-explicit,Common.1130,Tools/ValidationData/WeaponAudit/Common.1130.json
3,ShotgunGirl,trailMaxDrop,2.4,2.4,,retained-project-value,,
3,ShotgunGirl,trailRadiusMax,0.55,0.55,,retained-project-value,,
3,ShotgunGirl,trailRadiusMin,0.45,0.45,,retained-project-value,,
3,ShotgunGirl,trailSpacing,0.2,0.2,,retained-project-value,,
3,ShotgunGirl,wallGraceSeconds,0.1,0.1,,retained-project-value,,
3,ShotgunGirl,wallJumpSpeed,4,4,,retained-project-value,,
3,ShotgunGirl,wallProbeDistance,0.6,0.6,,retained-project-value,,
3,ShotgunGirl,wallSwimSpeed,4,4,,retained-project-value,,
3,ShotgunGirl,weaponConfigPath,Assets/GameResource/Weapons/ShotgunGirl/ShotgunGirlWeaponConfig.asset,Assets/GameResource/Weapons/ShotgunGirl/ShotgunGirlWeaponConfig.asset,,retained-project-value,,
3,ShotgunGirl,weaponPrefabAddress,Weapon/Shotgun,Weapon/Shotgun,,retained-project-value,,
3,ShotgunGirl,weaponTypeName,霰弹枪,霰弹枪,,retained-project-value,,
4,PistolGirl,airSwimBraking,30,30,,retained-project-value,,
4,PistolGirl,airSwimFallSpeed,1.5,1.5,,retained-project-value,,
4,PistolGirl,airSwimGravity,4,4,,retained-project-value,,
4,PistolGirl,airSwimSpeed,6,6,,retained-project-value,,
4,PistolGirl,baseJumpSpreadDegrees,0,0,,retained-project-value,,
4,PistolGirl,baseSpreadDegrees,0,0,,retained-project-value,,
4,PistolGirl,brakeSeconds,0.13333333333333333,0.06666666666666667,4,reference-simulator-default,,https://raw.githubusercontent.com/Leanny/splat3/7280ff9cde8bb1c5dcef46c700c326471584d2e6/data/parameter/1130/weapon/WeaponShooterPrecision.game__GameParameterTable.json
4,PistolGirl,brakeSpeedMultiplier,0.66,0.66,,retained-project-value,,
4,PistolGirl,burstCount,1,1,,retained-project-value,,
4,PistolGirl,burstRecoverySeconds,0,0,,retained-project-value,,
4,PistolGirl,characterGravity,22,22,,retained-project-value,,
4,PistolGirl,characterPrefabAddress,Character/PistolGirl,Character/PistolGirl,,retained-project-value,,
4,PistolGirl,chargeMinDamage,0,0,,retained-project-value,,
4,PistolGirl,chargeMinInk,0,0,,retained-project-value,,
4,PistolGirl,chargeMinJumpSpread,0,0,,retained-project-value,,
4,PistolGirl,chargeMinRange,0,0,,retained-project-value,,
4,PistolGirl,chargeMinSpeed,0,0,,retained-project-value,,
4,PistolGirl,chargeMinSpread,0,0,,retained-project-value,,
4,PistolGirl,chargePartialMaxDamage,0,0,,retained-project-value,,
4,PistolGirl,chargeSeconds,0,0,,retained-project-value,,
4,PistolGirl,collisionRadius,0.025,0.14976910596164247,0.2,source-explicit,CollisionParam.EndRadiusForField,https://raw.githubusercontent.com/Leanny/splat3/7280ff9cde8bb1c5dcef46c700c326471584d2e6/data/parameter/1130/weapon/WeaponShooterPrecision.game__GameParameterTable.json
4,PistolGirl,damage,28,28,,retained-project-value,,
4,PistolGirl,damageMin,14,14,,retained-project-value,,
4,PistolGirl,damageReduceEndSeconds,0.3333333333333333,0.3333333333333333,,retained-project-value,,
4,PistolGirl,damageReduceStartSeconds,0.16666666666666666,0.06666666666666667,4,source-explicit,DamageParam.ReduceStartFrame,https://raw.githubusercontent.com/Leanny/splat3/7280ff9cde8bb1c5dcef46c700c326471584d2e6/data/parameter/1130/weapon/WeaponShooterPrecision.game__GameParameterTable.json
4,PistolGirl,displayName,隼音,隼音,,retained-project-value,,
4,PistolGirl,effectiveRange,9,9,,retained-project-value,,
4,PistolGirl,emergeStartSeconds,0.16666666666666666,0.16666666666666666,,retained-project-value,,
4,PistolGirl,enemyInkDamageRate,20,20,,retained-project-value,,
4,PistolGirl,enemyInkHealthFloor,60,60,,retained-project-value,,
4,PistolGirl,enemyInkMultiplier,0.55,0.55,,retained-project-value,,
4,PistolGirl,fireMode,0,0,,retained-project-value,,
4,PistolGirl,fireRate,12,12,,retained-project-value,,
4,PistolGirl,healthRecoverDelay,1,1,,retained-project-value,,
4,PistolGirl,healthRecoverRate,30,30,,retained-project-value,,
4,PistolGirl,id,4,4,,retained-project-value,,
4,PistolGirl,inkRecoverLockSeconds,0.3333333333333333,0.3333333333333333,,retained-project-value,,
4,PistolGirl,jumpSpeed,7,7,,retained-project-value,,
4,PistolGirl,jumpSpreadDegrees,0,0,,retained-project-value,,
4,PistolGirl,landingSpreadRecoverSeconds,0.2,0.2,,retained-project-value,,
4,PistolGirl,lifetime,10,10,,retained-project-value,,
4,PistolGirl,mantleSeconds,0.25,0.25,,retained-project-value,,
4,PistolGirl,maxHealth,100,100,,retained-project-value,,
4,PistolGirl,maxInk,100,100,,retained-project-value,,
4,PistolGirl,motionMode,,4,,project-adaptation,,https://raw.githubusercontent.com/Leanny/splat3/7280ff9cde8bb1c5dcef46c700c326471584d2e6/data/parameter/1130/weapon/WeaponShooterPrecision.game__GameParameterTable.json
4,PistolGirl,moveAcceleration,40,40,,retained-project-value,,
4,PistolGirl,moveSpeed,5,4.6727962,0.104,source-explicit,Common.1130,Tools/ValidationData/WeaponAudit/Common.1130.json
4,PistolGirl,muzzleMode,0,0,,retained-project-value,,
4,PistolGirl,name,PistolGirl,PistolGirl,,retained-project-value,,
4,PistolGirl,neutralSwimSpeed,3,3,,retained-project-value,,
4,PistolGirl,paintDepthBreakMax,,2.02,2.02,source-explicit,PaintParam.DepthScaleMaxBreakFree,https://raw.githubusercontent.com/Leanny/splat3/7280ff9cde8bb1c5dcef46c700c326471584d2e6/data/parameter/1130/weapon/WeaponShooterPrecision.game__GameParameterTable.json
4,PistolGirl,paintDepthBreakMin,,1.01,1.01,source-explicit,PaintParam.DepthScaleMinBreakFree,https://raw.githubusercontent.com/Leanny/splat3/7280ff9cde8bb1c5dcef46c700c326471584d2e6/data/parameter/1130/weapon/WeaponShooterPrecision.game__GameParameterTable.json
4,PistolGirl,paintDepthMax,,2.02,2.02,source-explicit,PaintParam.DepthScaleMax,https://raw.githubusercontent.com/Leanny/splat3/7280ff9cde8bb1c5dcef46c700c326471584d2e6/data/parameter/1130/weapon/WeaponShooterPrecision.game__GameParameterTable.json
4,PistolGirl,paintDepthMin,,1.18,1.18,source-explicit,PaintParam.DepthScaleMin,https://raw.githubusercontent.com/Leanny/splat3/7280ff9cde8bb1c5dcef46c700c326471584d2e6/data/parameter/1130/weapon/WeaponShooterPrecision.game__GameParameterTable.json
4,PistolGirl,paintDistanceFar,,9.0,,project-adaptation,,https://raw.githubusercontent.com/Leanny/splat3/7280ff9cde8bb1c5dcef46c700c326471584d2e6/data/parameter/1130/weapon/WeaponShooterPrecision.game__GameParameterTable.json
4,PistolGirl,paintDistanceMiddle,,0.8237300827890337,1.1,source-explicit,PaintParam.DistanceMiddle,https://raw.githubusercontent.com/Leanny/splat3/7280ff9cde8bb1c5dcef46c700c326471584d2e6/data/parameter/1130/weapon/WeaponShooterPrecision.game__GameParameterTable.json
4,PistolGirl,paintDropGravity,,43.13350251695304,,project-adaptation,,https://raw.githubusercontent.com/Leanny/splat3/7280ff9cde8bb1c5dcef46c700c326471584d2e6/data/parameter/1130/weapon/WeaponShooterPrecision.game__GameParameterTable.json
4,PistolGirl,paintDropLifetime,,5,,project-adaptation,,https://raw.githubusercontent.com/Leanny/splat3/7280ff9cde8bb1c5dcef46c700c326471584d2e6/data/parameter/1130/weapon/WeaponShooterPrecision.game__GameParameterTable.json
4,PistolGirl,paintHardness,0.55,0.55,,retained-project-value,,
4,PistolGirl,paintRadiusMax,1,1.6399717102799851,2.19,source-explicit,PaintParam.WidthHalfNear,https://raw.githubusercontent.com/Leanny/splat3/7280ff9cde8bb1c5dcef46c700c326471584d2e6/data/parameter/1130/weapon/WeaponShooterPrecision.game__GameParameterTable.json
4,PistolGirl,paintRadiusMin,0.65,1.325456587760536,1.77,source-explicit,PaintParam.WidthHalfFar,https://raw.githubusercontent.com/Leanny/splat3/7280ff9cde8bb1c5dcef46c700c326471584d2e6/data/parameter/1130/weapon/WeaponShooterPrecision.game__GameParameterTable.json
4,PistolGirl,paintStrength,1,1,,retained-project-value,,
4,PistolGirl,pelletCount,1,1,,retained-project-value,,
4,PistolGirl,portraitAddress,Portrait/PistolGirl,Portrait/PistolGirl,,retained-project-value,,
4,PistolGirl,projectileGravity,18,43.13350251695304,0.016,source-explicit,MoveParam.FreeGravity,https://raw.githubusercontent.com/Leanny/splat3/7280ff9cde8bb1c5dcef46c700c326471584d2e6/data/parameter/1130/weapon/WeaponShooterPrecision.game__GameParameterTable.json
4,PistolGirl,recoverInk,10,10,,retained-project-value,,
4,PistolGirl,referenceBrakeDrag,,0.36,0.36,reference-simulator-default,,https://raw.githubusercontent.com/Leanny/splat3/7280ff9cde8bb1c5dcef46c700c326471584d2e6/data/parameter/1130/weapon/WeaponShooterPrecision.game__GameParameterTable.json
4,PistolGirl,referenceBrakeEndSpeed,,73.18766901027583,1.6289,source-explicit,MoveParam.GoStraightStateEndMaxSpeed,https://raw.githubusercontent.com/Leanny/splat3/7280ff9cde8bb1c5dcef46c700c326471584d2e6/data/parameter/1130/weapon/WeaponShooterPrecision.game__GameParameterTable.json
4,PistolGirl,referenceBrakeGravity,,188.70907351166954,0.07,reference-simulator-default,,https://raw.githubusercontent.com/Leanny/splat3/7280ff9cde8bb1c5dcef46c700c326471584d2e6/data/parameter/1130/weapon/WeaponShooterPrecision.game__GameParameterTable.json
4,PistolGirl,referenceFootEvery,,1,,project-adaptation,,https://raw.githubusercontent.com/Leanny/splat3/7280ff9cde8bb1c5dcef46c700c326471584d2e6/data/parameter/1130/weapon/WeaponShooterPrecision.game__GameParameterTable.json
4,PistolGirl,referenceFootRadius,,1.543220867828764,2.0608,source-explicit,SplashPaintParam.WidthHalfNearest,https://raw.githubusercontent.com/Leanny/splat3/7280ff9cde8bb1c5dcef46c700c326471584d2e6/data/parameter/1130/weapon/WeaponShooterPrecision.game__GameParameterTable.json
4,PistolGirl,referenceFreeDrag,,0,0,reference-simulator-default,,https://raw.githubusercontent.com/Leanny/splat3/7280ff9cde8bb1c5dcef46c700c326471584d2e6/data/parameter/1130/weapon/WeaponShooterPrecision.game__GameParameterTable.json
4,PistolGirl,referencePlayerRadius,,0.21342097599534052,0.285,source-explicit,CollisionParam.EndRadiusForPlayer,https://raw.githubusercontent.com/Leanny/splat3/7280ff9cde8bb1c5dcef46c700c326471584d2e6/data/parameter/1130/weapon/WeaponShooterPrecision.game__GameParameterTable.json
4,PistolGirl,referenceRules,,1,,project-adaptation,,https://raw.githubusercontent.com/Leanny/splat3/7280ff9cde8bb1c5dcef46c700c326471584d2e6/data/parameter/1130/weapon/WeaponShooterPrecision.game__GameParameterTable.json
4,PistolGirl,referenceTrailBudget,,1.5,1.5,source-explicit,SplashSpawnParam.SpawnNum,https://raw.githubusercontent.com/Leanny/splat3/7280ff9cde8bb1c5dcef46c700c326471584d2e6/data/parameter/1130/weapon/WeaponShooterPrecision.game__GameParameterTable.json
4,PistolGirl,referenceTrailRandomPhase,,1,,project-adaptation,,https://raw.githubusercontent.com/Leanny/splat3/7280ff9cde8bb1c5dcef46c700c326471584d2e6/data/parameter/1130/weapon/WeaponShooterPrecision.game__GameParameterTable.json
4,PistolGirl,referenceTrailStart,,0.8611723592794442,1.15,source-explicit,SplashSpawnParam.SpawnNearestLength,https://raw.githubusercontent.com/Leanny/splat3/7280ff9cde8bb1c5dcef46c700c326471584d2e6/data/parameter/1130/weapon/WeaponShooterPrecision.game__GameParameterTable.json
4,PistolGirl,semiBufferSeconds,0,0,,retained-project-value,,
4,PistolGirl,shootMoveSpeed,3.6,3.235012688771477,0.072,source-explicit,WeaponParam.MoveSpeed,https://raw.githubusercontent.com/Leanny/splat3/7280ff9cde8bb1c5dcef46c700c326471584d2e6/data/parameter/1130/weapon/WeaponShooterPrecision.game__GameParameterTable.json
4,PistolGirl,shotInk,0.8,0.8,,retained-project-value,,
4,PistolGirl,speedMax,35,181.41232266921833,4.0376,source-explicit,MoveParam.SpawnSpeed,https://raw.githubusercontent.com/Leanny/splat3/7280ff9cde8bb1c5dcef46c700c326471584d2e6/data/parameter/1130/weapon/WeaponShooterPrecision.game__GameParameterTable.json
4,PistolGirl,speedMin,35,181.41232266921833,4.0376,source-explicit,MoveParam.SpawnSpeed,https://raw.githubusercontent.com/Leanny/splat3/7280ff9cde8bb1c5dcef46c700c326471584d2e6/data/parameter/1130/weapon/WeaponShooterPrecision.game__GameParameterTable.json
4,PistolGirl,splatlingChargeJumpSpeed,0,0,,retained-project-value,,
4,PistolGirl,splatlingChargeMoveSpeed,0,0,,retained-project-value,,
4,PistolGirl,splatlingFirstChargeSeconds,0,0,,retained-project-value,,
4,PistolGirl,splatlingFirstShootSeconds,0,0,,retained-project-value,,
4,PistolGirl,splatlingFootEvery,0,0,,retained-project-value,,
4,PistolGirl,splatlingFootRadius,0,0,,retained-project-value,,
4,PistolGirl,splatlingFullShootSeconds,0,0,,retained-project-value,,
4,PistolGirl,splatlingMinChargeSeconds,0,0,,retained-project-value,,
4,PistolGirl,splatlingPitchSpread,0,0,,retained-project-value,,
4,PistolGirl,splatlingPlayerRadius,0,0,,retained-project-value,,
4,PistolGirl,splatlingPostSeconds,0,0,,retained-project-value,,
4,PistolGirl,splatlingSlowChargeMultiplier,0,0,,retained-project-value,,
4,PistolGirl,splatlingSpeedBias,0,0,,retained-project-value,,
4,PistolGirl,splatlingSpreadBias,0,0,,retained-project-value,,
4,PistolGirl,splatlingTrailCount,0,0,,retained-project-value,,
4,PistolGirl,spreadDegrees,0,0,,retained-project-value,,
4,PistolGirl,spreadExpandSeconds,1,1,,retained-project-value,,
4,PistolGirl,spreadRecoverSeconds,0.5,0.5,,retained-project-value,,
4,PistolGirl,startSeconds,0.03333333333333333,0.03333333333333333,,retained-project-value,,
4,PistolGirl,straightSeconds,0.075,0.03333333333333333,2,source-explicit,MoveParam.GoStraightToBrakeStateFrame,https://raw.githubusercontent.com/Leanny/splat3/7280ff9cde8bb1c5dcef46c700c326471584d2e6/data/parameter/1130/weapon/WeaponShooterPrecision.game__GameParameterTable.json
4,PistolGirl,swimAcceleration,50,50,,retained-project-value,,
4,PistolGirl,swimHealthRecoverRate,60,60,,retained-project-value,,
4,PistolGirl,swimRecoverInk,33.333332,33.333332,,retained-project-value,,
4,PistolGirl,swimSpeed,8,9.058036,0.2016,source-explicit,Common.1130,Tools/ValidationData/WeaponAudit/Common.1130.json
4,PistolGirl,trailDepthScale,,1,,project-adaptation,,https://raw.githubusercontent.com/Leanny/splat3/7280ff9cde8bb1c5dcef46c700c326471584d2e6/data/parameter/1130/weapon/WeaponShooterPrecision.game__GameParameterTable.json
4,PistolGirl,trailMaxDrop,2.4,2.4,,retained-project-value,,
4,PistolGirl,trailRadiusMax,0.55,1.0693514165661273,1.428,source-explicit,SplashPaintParam.WidthHalf,https://raw.githubusercontent.com/Leanny/splat3/7280ff9cde8bb1c5dcef46c700c326471584d2e6/data/parameter/1130/weapon/WeaponShooterPrecision.game__GameParameterTable.json
4,PistolGirl,trailRadiusMin,0.35,1.0693514165661273,1.428,source-explicit,SplashPaintParam.WidthHalf,https://raw.githubusercontent.com/Leanny/splat3/7280ff9cde8bb1c5dcef46c700c326471584d2e6/data/parameter/1130/weapon/WeaponShooterPrecision.game__GameParameterTable.json
4,PistolGirl,trailSpacing,0.2,7.114032533178018,9.5,source-explicit,SplashSpawnParam.SpawnBetweenLength,https://raw.githubusercontent.com/Leanny/splat3/7280ff9cde8bb1c5dcef46c700c326471584d2e6/data/parameter/1130/weapon/WeaponShooterPrecision.game__GameParameterTable.json
4,PistolGirl,wallDropGroundRadius,,0.44930731788492745,0.6,source-explicit,WallDropCollisionPaintParam.PaintRadiusGround,https://raw.githubusercontent.com/Leanny/splat3/7280ff9cde8bb1c5dcef46c700c326471584d2e6/data/parameter/1130/weapon/WeaponShooterPrecision.game__GameParameterTable.json
4,PistolGirl,wallDropRadius,,0.48674959437533805,0.65,source-explicit,WallDropCollisionPaintParam.PaintRadiusFall,https://raw.githubusercontent.com/Leanny/splat3/7280ff9cde8bb1c5dcef46c700c326471584d2e6/data/parameter/1130/weapon/WeaponShooterPrecision.game__GameParameterTable.json
4,PistolGirl,wallDropSeconds,,1.0833333333333333,,project-adaptation,,https://raw.githubusercontent.com/Leanny/splat3/7280ff9cde8bb1c5dcef46c700c326471584d2e6/data/parameter/1130/weapon/WeaponShooterPrecision.game__GameParameterTable.json
4,PistolGirl,wallDropSpeed,,2.6958439073095644,0.06,source-explicit,WallDropMoveParam.FallPeriodFirstTargetSpeed,https://raw.githubusercontent.com/Leanny/splat3/7280ff9cde8bb1c5dcef46c700c326471584d2e6/data/parameter/1130/weapon/WeaponShooterPrecision.game__GameParameterTable.json
4,PistolGirl,wallGraceSeconds,0.1,0.1,,retained-project-value,,
4,PistolGirl,wallJumpSpeed,4,4,,retained-project-value,,
4,PistolGirl,wallProbeDistance,0.6,0.6,,retained-project-value,,
4,PistolGirl,wallSwimSpeed,4,4,,retained-project-value,,
4,PistolGirl,weaponConfigPath,Assets/GameResource/Weapons/PistolGirl/PistolGirlWeaponConfig.asset,Assets/GameResource/Weapons/PistolGirl/PistolGirlWeaponConfig.asset,,retained-project-value,,
4,PistolGirl,weaponPrefabAddress,Weapon/Pistol,Weapon/Pistol,,retained-project-value,,
4,PistolGirl,weaponTypeName,窄域标记枪,窄域标记枪,,retained-project-value,,
5,RocketLauncherGirl,airSwimBraking,30,30,,retained-project-value,,
5,RocketLauncherGirl,airSwimFallSpeed,1.5,1.5,,retained-project-value,,
5,RocketLauncherGirl,airSwimGravity,4,4,,retained-project-value,,
5,RocketLauncherGirl,airSwimSpeed,6,6,,retained-project-value,,
5,RocketLauncherGirl,baseJumpSpreadDegrees,0,0,,retained-project-value,,
5,RocketLauncherGirl,baseSpreadDegrees,0,0,,retained-project-value,,
5,RocketLauncherGirl,blasterBrakeDrag,0.36,0.36,,retained-project-value,,
5,RocketLauncherGirl,blasterBrakeEndSpeed,50.90876565295169,50.90876565295169,,retained-project-value,,
5,RocketLauncherGirl,blasterBrakeGravity,188.70907351166954,188.70907351166954,,retained-project-value,,
5,RocketLauncherGirl,blasterPlayerRadius,0.1759786995049299,0.1759786995049299,,retained-project-value,,
5,RocketLauncherGirl,blasterPostSeconds,0.3333333333333333,0.3333333333333333,,retained-project-value,,
5,RocketLauncherGirl,blasterRepeatSeconds,0.5833333333333334,0.5833333333333334,,retained-project-value,,
5,RocketLauncherGirl,blasterTrailCount,11,11,,retained-project-value,,
5,RocketLauncherGirl,brakeSeconds,0.06666666666666667,0.06666666666666667,4,reference-simulator-default,,https://raw.githubusercontent.com/Leanny/splat3/7280ff9cde8bb1c5dcef46c700c326471584d2e6/data/parameter/1130/weapon/WeaponBlasterLight.game__GameParameterTable.json
5,RocketLauncherGirl,brakeSpeedMultiplier,0.64,0.64,,retained-project-value,,
5,RocketLauncherGirl,burstCount,1,1,,retained-project-value,,
5,RocketLauncherGirl,burstRecoverySeconds,0.0,0.0,,retained-project-value,,
5,RocketLauncherGirl,characterGravity,22,22,,retained-project-value,,
5,RocketLauncherGirl,characterPrefabAddress,Character/RocketLauncherGirl,Character/RocketLauncherGirl,,retained-project-value,,
5,RocketLauncherGirl,chargeMinDamage,0,0,,retained-project-value,,
5,RocketLauncherGirl,chargeMinInk,0,0,,retained-project-value,,
5,RocketLauncherGirl,chargeMinJumpSpread,0,0,,retained-project-value,,
5,RocketLauncherGirl,chargeMinRange,0,0,,retained-project-value,,
5,RocketLauncherGirl,chargeMinSpeed,0,0,,retained-project-value,,
5,RocketLauncherGirl,chargeMinSpread,0,0,,retained-project-value,,
5,RocketLauncherGirl,chargePartialMaxDamage,0,0,,retained-project-value,,
5,RocketLauncherGirl,chargeSeconds,0,0,,retained-project-value,,
5,RocketLauncherGirl,collisionExplosionPaintRadius,,1.7223447185588885,2.3,source-explicit,BlasterBurstParam.SplashDropPaintShotColHitRadius,https://raw.githubusercontent.com/Leanny/splat3/7280ff9cde8bb1c5dcef46c700c326471584d2e6/data/parameter/1130/weapon/WeaponBlasterLight.game__GameParameterTable.json
5,RocketLauncherGirl,collisionRadius,0.14976910596164247,0.14976910596164247,0.2,source-explicit,CollisionParam.EndRadiusForField,https://raw.githubusercontent.com/Leanny/splat3/7280ff9cde8bb1c5dcef46c700c326471584d2e6/data/parameter/1130/weapon/WeaponBlasterLight.game__GameParameterTable.json
5,RocketLauncherGirl,damage,85,85,,retained-project-value,,
5,RocketLauncherGirl,damageMin,85,85,,retained-project-value,,
5,RocketLauncherGirl,damageReduceEndSeconds,1.65,1.65,,retained-project-value,,
5,RocketLauncherGirl,damageReduceStartSeconds,0,0,,retained-project-value,,
5,RocketLauncherGirl,displayName,月兔,月兔,,retained-project-value,,
5,RocketLauncherGirl,effectiveRange,11.140100017955,11.140100017955,,retained-project-value,,
5,RocketLauncherGirl,emergeStartSeconds,0.2,0.2,,retained-project-value,,
5,RocketLauncherGirl,enemyInkDamageRate,20,20,,retained-project-value,,
5,RocketLauncherGirl,enemyInkHealthFloor,60,60,,retained-project-value,,
5,RocketLauncherGirl,enemyInkMultiplier,0.55,0.55,,retained-project-value,,
5,RocketLauncherGirl,fireMode,6,6,,retained-project-value,,
5,RocketLauncherGirl,fireRate,1.7142857142857142,1.7142857142857142,,retained-project-value,,
5,RocketLauncherGirl,healthRecoverDelay,1,1,,retained-project-value,,
5,RocketLauncherGirl,healthRecoverRate,30,30,,retained-project-value,,
5,RocketLauncherGirl,id,5,5,,retained-project-value,,
5,RocketLauncherGirl,inkRecoverLockSeconds,0.7833333333333333,0.7833333333333333,,retained-project-value,,
5,RocketLauncherGirl,jumpSpeed,7,7,,retained-project-value,,
5,RocketLauncherGirl,jumpSpreadDegrees,8,8.0,8.0,source-explicit,WeaponParam.Jump_DegSwerve,https://raw.githubusercontent.com/Leanny/splat3/7280ff9cde8bb1c5dcef46c700c326471584d2e6/data/parameter/1130/weapon/WeaponBlasterLight.game__GameParameterTable.json
5,RocketLauncherGirl,landingSpreadRecoverSeconds,0.2,0.2,,retained-project-value,,
5,RocketLauncherGirl,lifetime,0.25,0.25,,retained-project-value,,
5,RocketLauncherGirl,mantleSeconds,0.25,0.25,,retained-project-value,,
5,RocketLauncherGirl,maxHealth,100,100,,retained-project-value,,
5,RocketLauncherGirl,maxInk,100,100,,retained-project-value,,
5,RocketLauncherGirl,motionMode,2,2,,retained-project-value,,
5,RocketLauncherGirl,moveAcceleration,40,40,,retained-project-value,,
5,RocketLauncherGirl,moveSpeed,5,4.31335,0.096,source-explicit,Common.1130,Tools/ValidationData/WeaponAudit/Common.1130.json
5,RocketLauncherGirl,muzzleMode,0,0,,retained-project-value,,
5,RocketLauncherGirl,name,RocketLauncherGirl,RocketLauncherGirl,,retained-project-value,,
5,RocketLauncherGirl,neutralSwimSpeed,3,3,,retained-project-value,,
5,RocketLauncherGirl,paintDistanceFar,,11.140100017955,,project-adaptation,,https://raw.githubusercontent.com/Leanny/splat3/7280ff9cde8bb1c5dcef46c700c326471584d2e6/data/parameter/1130/weapon/WeaponBlasterLight.game__GameParameterTable.json
5,RocketLauncherGirl,paintDistanceMiddle,,0.0,0.0,source-explicit,PaintParam.DistanceMiddle,https://raw.githubusercontent.com/Leanny/splat3/7280ff9cde8bb1c5dcef46c700c326471584d2e6/data/parameter/1130/weapon/WeaponBlasterLight.game__GameParameterTable.json
5,RocketLauncherGirl,paintDropGravity,,43.13350251695304,,project-adaptation,,https://raw.githubusercontent.com/Leanny/splat3/7280ff9cde8bb1c5dcef46c700c326471584d2e6/data/parameter/1130/weapon/WeaponBlasterLight.game__GameParameterTable.json
5,RocketLauncherGirl,paintDropLifetime,,5,,project-adaptation,,https://raw.githubusercontent.com/Leanny/splat3/7280ff9cde8bb1c5dcef46c700c326471584d2e6/data/parameter/1130/weapon/WeaponBlasterLight.game__GameParameterTable.json
5,RocketLauncherGirl,paintHardness,0.55,0.55,,retained-project-value,,
5,RocketLauncherGirl,paintRadiusMax,1.4228065066356035,1.4228065066356035,,retained-project-value,,
5,RocketLauncherGirl,paintRadiusMin,1.4228065066356035,1.4228065066356035,,retained-project-value,,
5,RocketLauncherGirl,paintStrength,1,1,,retained-project-value,,
5,RocketLauncherGirl,pelletCount,1,1,,retained-project-value,,
5,RocketLauncherGirl,portraitAddress,Portrait/RocketLauncherGirl,Portrait/RocketLauncherGirl,,retained-project-value,,
5,RocketLauncherGirl,projectileGravity,43.13350251695304,43.13350251695304,0.016,source-explicit,MoveParam.FreeGravity,https://raw.githubusercontent.com/Leanny/splat3/7280ff9cde8bb1c5dcef46c700c326471584d2e6/data/parameter/1130/weapon/WeaponBlasterLight.game__GameParameterTable.json
5,RocketLauncherGirl,recoverInk,10,10,,retained-project-value,,
5,RocketLauncherGirl,referenceBiasMax,,1e-05,,project-adaptation,,https://raw.githubusercontent.com/Leanny/splat3/7280ff9cde8bb1c5dcef46c700c326471584d2e6/data/parameter/1130/weapon/WeaponBlasterLight.game__GameParameterTable.json
5,RocketLauncherGirl,referenceBiasMin,,1e-05,,project-adaptation,,https://raw.githubusercontent.com/Leanny/splat3/7280ff9cde8bb1c5dcef46c700c326471584d2e6/data/parameter/1130/weapon/WeaponBlasterLight.game__GameParameterTable.json
5,RocketLauncherGirl,referenceBiasPerShot,,1e-05,,project-adaptation,,https://raw.githubusercontent.com/Leanny/splat3/7280ff9cde8bb1c5dcef46c700c326471584d2e6/data/parameter/1130/weapon/WeaponBlasterLight.game__GameParameterTable.json
5,RocketLauncherGirl,referenceBiasRecovery,,0.0,0.0,source-explicit,WeaponParam.Stand_DegBiasDecrease,https://raw.githubusercontent.com/Leanny/splat3/7280ff9cde8bb1c5dcef46c700c326471584d2e6/data/parameter/1130/weapon/WeaponBlasterLight.game__GameParameterTable.json
5,RocketLauncherGirl,referenceBrakeDrag,,0.36,0.36,reference-simulator-default,,https://raw.githubusercontent.com/Leanny/splat3/7280ff9cde8bb1c5dcef46c700c326471584d2e6/data/parameter/1130/weapon/WeaponBlasterLight.game__GameParameterTable.json
5,RocketLauncherGirl,referenceBrakeEndSpeed,,50.90876565295169,1.13305,source-explicit,MoveParam.GoStraightStateEndMaxSpeed,https://raw.githubusercontent.com/Leanny/splat3/7280ff9cde8bb1c5dcef46c700c326471584d2e6/data/parameter/1130/weapon/WeaponBlasterLight.game__GameParameterTable.json
5,RocketLauncherGirl,referenceBrakeGravity,,188.70907351166954,0.07,reference-simulator-default,,https://raw.githubusercontent.com/Leanny/splat3/7280ff9cde8bb1c5dcef46c700c326471584d2e6/data/parameter/1130/weapon/WeaponBlasterLight.game__GameParameterTable.json
5,RocketLauncherGirl,referenceFootEvery,,1,,project-adaptation,,https://raw.githubusercontent.com/Leanny/splat3/7280ff9cde8bb1c5dcef46c700c326471584d2e6/data/parameter/1130/weapon/WeaponBlasterLight.game__GameParameterTable.json
5,RocketLauncherGirl,referenceFootRadius,,0,1.848,source-explicit,SplashPaintParam.WidthHalfNearest,https://raw.githubusercontent.com/Leanny/splat3/7280ff9cde8bb1c5dcef46c700c326471584d2e6/data/parameter/1130/weapon/WeaponBlasterLight.game__GameParameterTable.json
5,RocketLauncherGirl,referenceFreeDrag,,0,0,reference-simulator-default,,https://raw.githubusercontent.com/Leanny/splat3/7280ff9cde8bb1c5dcef46c700c326471584d2e6/data/parameter/1130/weapon/WeaponBlasterLight.game__GameParameterTable.json
5,RocketLauncherGirl,referenceJumpBias,,0.5,0.5,source-explicit,WeaponParam.Jump_DegBiasMax,https://raw.githubusercontent.com/Leanny/splat3/7280ff9cde8bb1c5dcef46c700c326471584d2e6/data/parameter/1130/weapon/WeaponBlasterLight.game__GameParameterTable.json
5,RocketLauncherGirl,referenceJumpEnd,,1.1666666666666667,70,source-explicit,WeaponParam.Jump_DegBiasEndFrame,https://raw.githubusercontent.com/Leanny/splat3/7280ff9cde8bb1c5dcef46c700c326471584d2e6/data/parameter/1130/weapon/WeaponBlasterLight.game__GameParameterTable.json
5,RocketLauncherGirl,referenceJumpStart,,0.6666666666666666,40,source-explicit,WeaponParam.Jump_DegBiasDecreaseStartFrame,https://raw.githubusercontent.com/Leanny/splat3/7280ff9cde8bb1c5dcef46c700c326471584d2e6/data/parameter/1130/weapon/WeaponBlasterLight.game__GameParameterTable.json
5,RocketLauncherGirl,referencePlayerRadius,,0.1759786995049299,0.235,source-explicit,CollisionParam.EndRadiusForPlayer,https://raw.githubusercontent.com/Leanny/splat3/7280ff9cde8bb1c5dcef46c700c326471584d2e6/data/parameter/1130/weapon/WeaponBlasterLight.game__GameParameterTable.json
5,RocketLauncherGirl,referenceRules,,1,,project-adaptation,,https://raw.githubusercontent.com/Leanny/splat3/7280ff9cde8bb1c5dcef46c700c326471584d2e6/data/parameter/1130/weapon/WeaponBlasterLight.game__GameParameterTable.json
5,RocketLauncherGirl,referenceSpreadEnabled,,1,,project-adaptation,,https://raw.githubusercontent.com/Leanny/splat3/7280ff9cde8bb1c5dcef46c700c326471584d2e6/data/parameter/1130/weapon/WeaponBlasterLight.game__GameParameterTable.json
5,RocketLauncherGirl,referenceTrailBudget,,11.0,11.0,source-explicit,SplashSpawnParam.SpawnNum,https://raw.githubusercontent.com/Leanny/splat3/7280ff9cde8bb1c5dcef46c700c326471584d2e6/data/parameter/1130/weapon/WeaponBlasterLight.game__GameParameterTable.json
5,RocketLauncherGirl,referenceTrailRandomPhase,,0,,project-adaptation,,https://raw.githubusercontent.com/Leanny/splat3/7280ff9cde8bb1c5dcef46c700c326471584d2e6/data/parameter/1130/weapon/WeaponBlasterLight.game__GameParameterTable.json
5,RocketLauncherGirl,referenceTrailStart,,0.6739609768273912,0.9,source-explicit,SplashSpawnParam.SpawnNearestLength,https://raw.githubusercontent.com/Leanny/splat3/7280ff9cde8bb1c5dcef46c700c326471584d2e6/data/parameter/1130/weapon/WeaponBlasterLight.game__GameParameterTable.json
5,RocketLauncherGirl,semiBufferSeconds,0.0,0.0,,retained-project-value,,
5,RocketLauncherGirl,shootMoveSpeed,2.8645833333333335,2.4711902483671007,0.055,source-explicit,WeaponParam.MoveSpeed,https://raw.githubusercontent.com/Leanny/splat3/7280ff9cde8bb1c5dcef46c700c326471584d2e6/data/parameter/1130/weapon/WeaponBlasterLight.game__GameParameterTable.json
5,RocketLauncherGirl,shotInk,7,7,,retained-project-value,,
5,RocketLauncherGirl,speedMax,53.916878146191294,53.916878146191294,,retained-project-value,,
5,RocketLauncherGirl,speedMin,53.916878146191294,53.916878146191294,,retained-project-value,,
5,RocketLauncherGirl,splatlingChargeJumpSpeed,0,0,,retained-project-value,,
5,RocketLauncherGirl,splatlingChargeMoveSpeed,0,0,,retained-project-value,,
5,RocketLauncherGirl,splatlingFirstChargeSeconds,0.0,0.0,,retained-project-value,,
5,RocketLauncherGirl,splatlingFirstShootSeconds,0.0,0.0,,retained-project-value,,
5,RocketLauncherGirl,splatlingFootEvery,0,0,,retained-project-value,,
5,RocketLauncherGirl,splatlingFootRadius,0,0,,retained-project-value,,
5,RocketLauncherGirl,splatlingFullShootSeconds,0.0,0.0,,retained-project-value,,
5,RocketLauncherGirl,splatlingMinChargeSeconds,0.0,0.0,,retained-project-value,,
5,RocketLauncherGirl,splatlingPitchSpread,0,0,,retained-project-value,,
5,RocketLauncherGirl,splatlingPlayerRadius,0,0,,retained-project-value,,
5,RocketLauncherGirl,splatlingPostSeconds,0.0,0.0,,retained-project-value,,
5,RocketLauncherGirl,splatlingSlowChargeMultiplier,0,0,,retained-project-value,,
5,RocketLauncherGirl,splatlingSpeedBias,0,0,,retained-project-value,,
5,RocketLauncherGirl,splatlingSpreadBias,0,0,,retained-project-value,,
5,RocketLauncherGirl,splatlingTrailCount,0,0,,retained-project-value,,
5,RocketLauncherGirl,spreadDegrees,0,0.0,0.0,source-explicit,WeaponParam.Stand_DegSwerve,https://raw.githubusercontent.com/Leanny/splat3/7280ff9cde8bb1c5dcef46c700c326471584d2e6/data/parameter/1130/weapon/WeaponBlasterLight.game__GameParameterTable.json
5,RocketLauncherGirl,spreadExpandSeconds,0,0,,retained-project-value,,
5,RocketLauncherGirl,spreadRecoverSeconds,0,0,,retained-project-value,,
5,RocketLauncherGirl,startSeconds,0.13333333333333333,0.13333333333333333,,retained-project-value,,
5,RocketLauncherGirl,straightSeconds,0.18333333333333332,0.18333333333333332,11,source-explicit,MoveParam.GoStraightToBrakeStateFrame,https://raw.githubusercontent.com/Leanny/splat3/7280ff9cde8bb1c5dcef46c700c326471584d2e6/data/parameter/1130/weapon/WeaponBlasterLight.game__GameParameterTable.json
5,RocketLauncherGirl,swimAcceleration,50,50,,retained-project-value,,
5,RocketLauncherGirl,swimHealthRecoverRate,60,60,,retained-project-value,,
5,RocketLauncherGirl,swimRecoverInk,33.333332,33.333332,,retained-project-value,,
5,RocketLauncherGirl,swimSpeed,8,8.6267,0.192,source-explicit,Common.1130,Tools/ValidationData/WeaponAudit/Common.1130.json
5,RocketLauncherGirl,trailDepthScale,,1,,project-adaptation,,https://raw.githubusercontent.com/Leanny/splat3/7280ff9cde8bb1c5dcef46c700c326471584d2e6/data/parameter/1130/weapon/WeaponBlasterLight.game__GameParameterTable.json
5,RocketLauncherGirl,trailMaxDrop,2.4,2.4,,retained-project-value,,
5,RocketLauncherGirl,trailRadiusMax,1.0873237092815244,1.0873237092815244,1.452,source-explicit,SplashPaintParam.WidthHalf,https://raw.githubusercontent.com/Leanny/splat3/7280ff9cde8bb1c5dcef46c700c326471584d2e6/data/parameter/1130/weapon/WeaponBlasterLight.game__GameParameterTable.json
5,RocketLauncherGirl,trailRadiusMin,1.0873237092815244,1.0873237092815244,1.452,source-explicit,SplashPaintParam.WidthHalf,https://raw.githubusercontent.com/Leanny/splat3/7280ff9cde8bb1c5dcef46c700c326471584d2e6/data/parameter/1130/weapon/WeaponBlasterLight.game__GameParameterTable.json
5,RocketLauncherGirl,trailSpacing,1.2131297582893041,1.2131297582893041,1.62,source-explicit,SplashSpawnParam.SpawnBetweenLength,https://raw.githubusercontent.com/Leanny/splat3/7280ff9cde8bb1c5dcef46c700c326471584d2e6/data/parameter/1130/weapon/WeaponBlasterLight.game__GameParameterTable.json
5,RocketLauncherGirl,wallGraceSeconds,0.1,0.1,,retained-project-value,,
5,RocketLauncherGirl,wallJumpSpeed,4,4,,retained-project-value,,
5,RocketLauncherGirl,wallProbeDistance,0.6,0.6,,retained-project-value,,
5,RocketLauncherGirl,wallSwimSpeed,4,4,,retained-project-value,,
5,RocketLauncherGirl,weaponConfigPath,Assets/GameResource/Weapons/RocketLauncherGirl/RocketLauncherGirlWeaponConfig.asset,Assets/GameResource/Weapons/RocketLauncherGirl/RocketLauncherGirlWeaponConfig.asset,,retained-project-value,,
5,RocketLauncherGirl,weaponPrefabAddress,Weapon/RocketLauncher,Weapon/RocketLauncher,,retained-project-value,,
5,RocketLauncherGirl,weaponTypeName,快速爆破枪,快速爆破枪,,retained-project-value,,
6,MachineGunGirl,airSwimBraking,30,30,,retained-project-value,,
6,MachineGunGirl,airSwimFallSpeed,1.5,1.5,,retained-project-value,,
6,MachineGunGirl,airSwimGravity,4,4,,retained-project-value,,
6,MachineGunGirl,airSwimSpeed,6,6,,retained-project-value,,
6,MachineGunGirl,baseJumpSpreadDegrees,0,0,,retained-project-value,,
6,MachineGunGirl,baseSpreadDegrees,0,0,,retained-project-value,,
6,MachineGunGirl,brakeSeconds,0.13333333333333333,0.06666666666666667,4,reference-simulator-default,,https://raw.githubusercontent.com/Leanny/splat3/7280ff9cde8bb1c5dcef46c700c326471584d2e6/data/parameter/1130/weapon/WeaponSpinnerHyper.game__GameParameterTable.json
6,MachineGunGirl,brakeSpeedMultiplier,0.1,0.1,,retained-project-value,,
6,MachineGunGirl,burstCount,1,1,,retained-project-value,,
6,MachineGunGirl,burstRecoverySeconds,0,0,,retained-project-value,,
6,MachineGunGirl,characterGravity,22,22,,retained-project-value,,
6,MachineGunGirl,characterPrefabAddress,Character/MachineGunGirl,Character/MachineGunGirl,,retained-project-value,,
6,MachineGunGirl,chargeMinDamage,32,32,,retained-project-value,,
6,MachineGunGirl,chargeMinInk,0.530303,0.530303,,retained-project-value,,
6,MachineGunGirl,chargeMinJumpSpread,6,6,,retained-project-value,,
6,MachineGunGirl,chargeMinRange,8.237301,8.237301,,retained-project-value,,
6,MachineGunGirl,chargeMinSpeed,47.17727,47.17727,,retained-project-value,,
6,MachineGunGirl,chargeMinSpread,3,3,,retained-project-value,,
6,MachineGunGirl,chargePartialMaxDamage,32,32,,retained-project-value,,
6,MachineGunGirl,chargeSeconds,2.5,2.5,,retained-project-value,,
6,MachineGunGirl,collisionRadius,0.14976911,0.14976910596164247,0.2,source-explicit,CollisionParam.EndRadiusForField,https://raw.githubusercontent.com/Leanny/splat3/7280ff9cde8bb1c5dcef46c700c326471584d2e6/data/parameter/1130/weapon/WeaponSpinnerHyper.game__GameParameterTable.json
6,MachineGunGirl,damage,40,40,,retained-project-value,,
6,MachineGunGirl,damageMin,16,16,,retained-project-value,,
6,MachineGunGirl,damageReduceEndSeconds,0.31666666666666665,0.31666666666666665,,retained-project-value,,
6,MachineGunGirl,damageReduceStartSeconds,0.18333333333333332,0.18333333333333332,,retained-project-value,,
6,MachineGunGirl,displayName,焰橙,焰橙,,retained-project-value,,
6,MachineGunGirl,effectiveRange,20.21883,20.21883,,retained-project-value,,
6,MachineGunGirl,emergeStartSeconds,0.06666666666666667,0.06666666666666667,,retained-project-value,,
6,MachineGunGirl,enemyInkDamageRate,20,20,,retained-project-value,,
6,MachineGunGirl,enemyInkHealthFloor,60,60,,retained-project-value,,
6,MachineGunGirl,enemyInkMultiplier,0.55,0.55,,retained-project-value,,
6,MachineGunGirl,fireMode,4,4,,retained-project-value,,
6,MachineGunGirl,fireRate,15,15,,retained-project-value,,
6,MachineGunGirl,healthRecoverDelay,1,1,,retained-project-value,,
6,MachineGunGirl,healthRecoverRate,30,30,,retained-project-value,,
6,MachineGunGirl,id,6,6,,retained-project-value,,
6,MachineGunGirl,inkRecoverLockSeconds,0.6666666666666666,0.6666666666666666,,retained-project-value,,
6,MachineGunGirl,jumpSpeed,7,7,,retained-project-value,,
6,MachineGunGirl,jumpSpreadDegrees,3,6.0,6.0,source-explicit,WeaponParam.Jump_DegSwerve,https://raw.githubusercontent.com/Leanny/splat3/7280ff9cde8bb1c5dcef46c700c326471584d2e6/data/parameter/1130/weapon/WeaponSpinnerHyper.game__GameParameterTable.json
6,MachineGunGirl,landingSpreadRecoverSeconds,0.75,0.75,,retained-project-value,,
6,MachineGunGirl,lifetime,3,3,,retained-project-value,,
6,MachineGunGirl,mantleSeconds,0.25,0.25,,retained-project-value,,
6,MachineGunGirl,maxHealth,100,100,,retained-project-value,,
6,MachineGunGirl,maxInk,100,100,,retained-project-value,,
6,MachineGunGirl,motionMode,,4,,project-adaptation,,https://raw.githubusercontent.com/Leanny/splat3/7280ff9cde8bb1c5dcef46c700c326471584d2e6/data/parameter/1130/weapon/WeaponSpinnerHyper.game__GameParameterTable.json
6,MachineGunGirl,moveAcceleration,40,40,,retained-project-value,,
6,MachineGunGirl,moveSpeed,4.5833335,3.9539044,0.088,source-explicit,Common.1130,Tools/ValidationData/WeaponAudit/Common.1130.json
6,MachineGunGirl,muzzleMode,0,0,,retained-project-value,,
6,MachineGunGirl,name,MachineGunGirl,MachineGunGirl,,retained-project-value,,
6,MachineGunGirl,neutralSwimSpeed,3,3,,retained-project-value,,
6,MachineGunGirl,paintDepthBreakMax,,1.67,1.67,source-explicit,PaintParam.DepthScaleMaxBreakFree,https://raw.githubusercontent.com/Leanny/splat3/7280ff9cde8bb1c5dcef46c700c326471584d2e6/data/parameter/1130/weapon/WeaponSpinnerHyper.game__GameParameterTable.json
6,MachineGunGirl,paintDepthBreakMin,,1.17,1.17,source-explicit,PaintParam.DepthScaleMinBreakFree,https://raw.githubusercontent.com/Leanny/splat3/7280ff9cde8bb1c5dcef46c700c326471584d2e6/data/parameter/1130/weapon/WeaponSpinnerHyper.game__GameParameterTable.json
6,MachineGunGirl,paintDepthMax,,1.83,1.83,source-explicit,PaintParam.DepthScaleMax,https://raw.githubusercontent.com/Leanny/splat3/7280ff9cde8bb1c5dcef46c700c326471584d2e6/data/parameter/1130/weapon/WeaponSpinnerHyper.game__GameParameterTable.json
6,MachineGunGirl,paintDepthMin,,1.17,1.17,source-explicit,PaintParam.DepthScaleMin,https://raw.githubusercontent.com/Leanny/splat3/7280ff9cde8bb1c5dcef46c700c326471584d2e6/data/parameter/1130/weapon/WeaponSpinnerHyper.game__GameParameterTable.json
6,MachineGunGirl,paintDistanceFar,,18.72113824520531,25.0,source-explicit,PaintParam.DistanceFar,https://raw.githubusercontent.com/Leanny/splat3/7280ff9cde8bb1c5dcef46c700c326471584d2e6/data/parameter/1130/weapon/WeaponSpinnerHyper.game__GameParameterTable.json
6,MachineGunGirl,paintDistanceMiddle,,0.8237300827890337,1.1,source-explicit,PaintParam.DistanceMiddle,https://raw.githubusercontent.com/Leanny/splat3/7280ff9cde8bb1c5dcef46c700c326471584d2e6/data/parameter/1130/weapon/WeaponSpinnerHyper.game__GameParameterTable.json
6,MachineGunGirl,paintDropGravity,,43.13350251695304,,project-adaptation,,https://raw.githubusercontent.com/Leanny/splat3/7280ff9cde8bb1c5dcef46c700c326471584d2e6/data/parameter/1130/weapon/WeaponSpinnerHyper.game__GameParameterTable.json
6,MachineGunGirl,paintDropLifetime,,5,,project-adaptation,,https://raw.githubusercontent.com/Leanny/splat3/7280ff9cde8bb1c5dcef46c700c326471584d2e6/data/parameter/1130/weapon/WeaponSpinnerHyper.game__GameParameterTable.json
6,MachineGunGirl,paintHardness,0.55,0.55,,retained-project-value,,
6,MachineGunGirl,paintRadiusMax,1.5725756,1.572575612597246,2.1,source-explicit,PaintParam.WidthHalfNear,https://raw.githubusercontent.com/Leanny/splat3/7280ff9cde8bb1c5dcef46c700c326471584d2e6/data/parameter/1130/weapon/WeaponSpinnerHyper.game__GameParameterTable.json
6,MachineGunGirl,paintRadiusMin,1.4377834,1.4377834172317678,1.92,source-explicit,PaintParam.WidthHalfFar,https://raw.githubusercontent.com/Leanny/splat3/7280ff9cde8bb1c5dcef46c700c326471584d2e6/data/parameter/1130/weapon/WeaponSpinnerHyper.game__GameParameterTable.json
6,MachineGunGirl,paintStrength,1,1,,retained-project-value,,
6,MachineGunGirl,pelletCount,1,1,,retained-project-value,,
6,MachineGunGirl,portraitAddress,Portrait/MachineGunGirl,Portrait/MachineGunGirl,,retained-project-value,,
6,MachineGunGirl,projectileGravity,3.5,43.13350251695304,0.016,reference-simulator-default,MoveParam.FreeGravity,https://raw.githubusercontent.com/Leanny/splat3/7280ff9cde8bb1c5dcef46c700c326471584d2e6/data/parameter/1130/weapon/WeaponSpinnerHyper.game__GameParameterTable.json
6,MachineGunGirl,recoverInk,10,10,,retained-project-value,,
6,MachineGunGirl,referenceBiasMax,,0.3,0.3,source-explicit,WeaponParam.Stand_DegBiasMax,https://raw.githubusercontent.com/Leanny/splat3/7280ff9cde8bb1c5dcef46c700c326471584d2e6/data/parameter/1130/weapon/WeaponSpinnerHyper.game__GameParameterTable.json
6,MachineGunGirl,referenceBiasMin,,0.1,0.1,source-explicit,WeaponParam.Stand_DegBiasMin,https://raw.githubusercontent.com/Leanny/splat3/7280ff9cde8bb1c5dcef46c700c326471584d2e6/data/parameter/1130/weapon/WeaponSpinnerHyper.game__GameParameterTable.json
6,MachineGunGirl,referenceBiasPerShot,,0.02,,project-adaptation,,https://raw.githubusercontent.com/Leanny/splat3/7280ff9cde8bb1c5dcef46c700c326471584d2e6/data/parameter/1130/weapon/WeaponSpinnerHyper.game__GameParameterTable.json
6,MachineGunGirl,referenceBiasRecovery,,0.3,,project-adaptation,,https://raw.githubusercontent.com/Leanny/splat3/7280ff9cde8bb1c5dcef46c700c326471584d2e6/data/parameter/1130/weapon/WeaponSpinnerHyper.game__GameParameterTable.json
6,MachineGunGirl,referenceBrakeDrag,,0.36,0.36,reference-simulator-default,,https://raw.githubusercontent.com/Leanny/splat3/7280ff9cde8bb1c5dcef46c700c326471584d2e6/data/parameter/1130/weapon/WeaponSpinnerHyper.game__GameParameterTable.json
6,MachineGunGirl,referenceBrakeEndSpeed,,87.16561966967592,1.94,source-explicit,MoveParam.GoStraightStateEndMaxSpeed,https://raw.githubusercontent.com/Leanny/splat3/7280ff9cde8bb1c5dcef46c700c326471584d2e6/data/parameter/1130/weapon/WeaponSpinnerHyper.game__GameParameterTable.json
6,MachineGunGirl,referenceBrakeGravity,,188.70907351166954,0.07,reference-simulator-default,,https://raw.githubusercontent.com/Leanny/splat3/7280ff9cde8bb1c5dcef46c700c326471584d2e6/data/parameter/1130/weapon/WeaponSpinnerHyper.game__GameParameterTable.json
6,MachineGunGirl,referenceFootEvery,,1,,project-adaptation,,https://raw.githubusercontent.com/Leanny/splat3/7280ff9cde8bb1c5dcef46c700c326471584d2e6/data/parameter/1130/weapon/WeaponSpinnerHyper.game__GameParameterTable.json
6,MachineGunGirl,referenceFootRadius,,1.1574156508715732,1.5456,source-explicit,SplashPaintParam.WidthHalfNearest,https://raw.githubusercontent.com/Leanny/splat3/7280ff9cde8bb1c5dcef46c700c326471584d2e6/data/parameter/1130/weapon/WeaponSpinnerHyper.game__GameParameterTable.json
6,MachineGunGirl,referenceFreeDrag,,0,0,reference-simulator-default,,https://raw.githubusercontent.com/Leanny/splat3/7280ff9cde8bb1c5dcef46c700c326471584d2e6/data/parameter/1130/weapon/WeaponSpinnerHyper.game__GameParameterTable.json
6,MachineGunGirl,referenceJumpBias,,0.3,0.3,source-explicit,WeaponParam.Jump_DegBiasMax,https://raw.githubusercontent.com/Leanny/splat3/7280ff9cde8bb1c5dcef46c700c326471584d2e6/data/parameter/1130/weapon/WeaponSpinnerHyper.game__GameParameterTable.json
6,MachineGunGirl,referenceJumpEnd,,1.1666666666666667,70,source-explicit,WeaponParam.Jump_DegBiasEndFrame,https://raw.githubusercontent.com/Leanny/splat3/7280ff9cde8bb1c5dcef46c700c326471584d2e6/data/parameter/1130/weapon/WeaponSpinnerHyper.game__GameParameterTable.json
6,MachineGunGirl,referenceJumpStart,,0.4166666666666667,25,source-explicit,WeaponParam.Jump_DegBiasDecreaseStartFrame,https://raw.githubusercontent.com/Leanny/splat3/7280ff9cde8bb1c5dcef46c700c326471584d2e6/data/parameter/1130/weapon/WeaponSpinnerHyper.game__GameParameterTable.json
6,MachineGunGirl,referencePitchBias,,0.4,0.4,source-explicit,WeaponParam.PitchDegBias,https://raw.githubusercontent.com/Leanny/splat3/7280ff9cde8bb1c5dcef46c700c326471584d2e6/data/parameter/1130/weapon/WeaponSpinnerHyper.game__GameParameterTable.json
6,MachineGunGirl,referencePlayerRadius,,0.1684902442068478,0.225,source-explicit,CollisionParam.EndRadiusForPlayer,https://raw.githubusercontent.com/Leanny/splat3/7280ff9cde8bb1c5dcef46c700c326471584d2e6/data/parameter/1130/weapon/WeaponSpinnerHyper.game__GameParameterTable.json
6,MachineGunGirl,referenceRules,,1,,project-adaptation,,https://raw.githubusercontent.com/Leanny/splat3/7280ff9cde8bb1c5dcef46c700c326471584d2e6/data/parameter/1130/weapon/WeaponSpinnerHyper.game__GameParameterTable.json
6,MachineGunGirl,referenceSpreadEnabled,,1,,project-adaptation,,https://raw.githubusercontent.com/Leanny/splat3/7280ff9cde8bb1c5dcef46c700c326471584d2e6/data/parameter/1130/weapon/WeaponSpinnerHyper.game__GameParameterTable.json
6,MachineGunGirl,referenceTrailBudget,,1.0,1.0,source-explicit,SplashSpawnParam.SpawnNum,https://raw.githubusercontent.com/Leanny/splat3/7280ff9cde8bb1c5dcef46c700c326471584d2e6/data/parameter/1130/weapon/WeaponSpinnerHyper.game__GameParameterTable.json
6,MachineGunGirl,referenceTrailRandomPhase,,1,,project-adaptation,,https://raw.githubusercontent.com/Leanny/splat3/7280ff9cde8bb1c5dcef46c700c326471584d2e6/data/parameter/1130/weapon/WeaponSpinnerHyper.game__GameParameterTable.json
6,MachineGunGirl,referenceTrailStart,,0.0,0.0,source-explicit,SplashSpawnParam.SpawnNearestLength,https://raw.githubusercontent.com/Leanny/splat3/7280ff9cde8bb1c5dcef46c700c326471584d2e6/data/parameter/1130/weapon/WeaponSpinnerHyper.game__GameParameterTable.json
6,MachineGunGirl,semiBufferSeconds,0,0,,retained-project-value,,
6,MachineGunGirl,shootMoveSpeed,3.125,2.6958439073095644,0.06,source-explicit,WeaponParam.MoveSpeed,https://raw.githubusercontent.com/Leanny/splat3/7280ff9cde8bb1c5dcef46c700c326471584d2e6/data/parameter/1130/weapon/WeaponSpinnerHyper.game__GameParameterTable.json
6,MachineGunGirl,shotInk,0.530303,0.530303,,retained-project-value,,
6,MachineGunGirl,speedMax,114.12406,114.12406,,retained-project-value,,
6,MachineGunGirl,speedMin,101.54346,101.54346,,retained-project-value,,
6,MachineGunGirl,splatlingChargeJumpSpeed,2.695844,2.695844,,retained-project-value,,
6,MachineGunGirl,splatlingChargeMoveSpeed,2.2916667,1.9769521986936804,0.044,source-explicit,WeaponParam.MoveSpeed_Charge,https://raw.githubusercontent.com/Leanny/splat3/7280ff9cde8bb1c5dcef46c700c326471584d2e6/data/parameter/1130/weapon/WeaponSpinnerHyper.game__GameParameterTable.json
6,MachineGunGirl,splatlingFirstChargeSeconds,1.5,2,120,source-explicit,WeaponParam.ChargeFrame_First,https://raw.githubusercontent.com/Leanny/splat3/7280ff9cde8bb1c5dcef46c700c326471584d2e6/data/parameter/1130/weapon/WeaponSpinnerHyper.game__GameParameterTable.json
6,MachineGunGirl,splatlingFirstShootSeconds,2.1666666666666665,2.1666666666666665,,retained-project-value,,
6,MachineGunGirl,splatlingFootEvery,1,1,,retained-project-value,,
6,MachineGunGirl,splatlingFootRadius,1.1574156,1.1574156,,retained-project-value,,
6,MachineGunGirl,splatlingFullShootSeconds,4.333333333333333,4.333333333333333,,retained-project-value,,
6,MachineGunGirl,splatlingMinChargeSeconds,0.13333333333333333,0.13333333333333333,,retained-project-value,,
6,MachineGunGirl,splatlingPitchSpread,3,2.0,2.0,source-explicit,WeaponParam.PitchDegSwerve,https://raw.githubusercontent.com/Leanny/splat3/7280ff9cde8bb1c5dcef46c700c326471584d2e6/data/parameter/1130/weapon/WeaponSpinnerHyper.game__GameParameterTable.json
6,MachineGunGirl,splatlingPlayerRadius,0.16849025,0.16849025,,retained-project-value,,
6,MachineGunGirl,splatlingPostSeconds,0.06666666666666667,0.06666666666666667,,retained-project-value,,
6,MachineGunGirl,splatlingSlowChargeMultiplier,3,3,,retained-project-value,,
6,MachineGunGirl,splatlingSpeedBias,0.2,0.2,,retained-project-value,,
6,MachineGunGirl,splatlingSpreadBias,0.3,0.3,,retained-project-value,,
6,MachineGunGirl,splatlingTrailCount,1,1,,retained-project-value,,
6,MachineGunGirl,spreadDegrees,3,3.0,3.0,source-explicit,WeaponParam.Stand_DegSwerve,https://raw.githubusercontent.com/Leanny/splat3/7280ff9cde8bb1c5dcef46c700c326471584d2e6/data/parameter/1130/weapon/WeaponSpinnerHyper.game__GameParameterTable.json
6,MachineGunGirl,spreadExpandSeconds,1,1,,retained-project-value,,
6,MachineGunGirl,spreadRecoverSeconds,0.5,0.5,,retained-project-value,,
6,MachineGunGirl,startSeconds,0,0,,retained-project-value,,
6,MachineGunGirl,straightSeconds,0,0.13333333333333333,8,source-explicit,MoveParam.GoStraightToBrakeStateFrame,https://raw.githubusercontent.com/Leanny/splat3/7280ff9cde8bb1c5dcef46c700c326471584d2e6/data/parameter/1130/weapon/WeaponSpinnerHyper.game__GameParameterTable.json
6,MachineGunGirl,swimAcceleration,50,50,,retained-project-value,,
6,MachineGunGirl,swimHealthRecoverRate,60,60,,retained-project-value,,
6,MachineGunGirl,swimRecoverInk,33.333332,33.333332,,retained-project-value,,
6,MachineGunGirl,swimSpeed,7.2,7.7640305,0.1728,source-explicit,Common.1130,Tools/ValidationData/WeaponAudit/Common.1130.json
6,MachineGunGirl,trailDepthScale,,1.5,1.5,source-explicit,SplashPaintParam.DepthScaleMax,https://raw.githubusercontent.com/Leanny/splat3/7280ff9cde8bb1c5dcef46c700c326471584d2e6/data/parameter/1130/weapon/WeaponSpinnerHyper.game__GameParameterTable.json
6,MachineGunGirl,trailMaxDrop,2.4,2.4,,retained-project-value,,
6,MachineGunGirl,trailRadiusMax,0.96451306,0.9645130423929776,1.288,source-explicit,SplashPaintParam.WidthHalf,https://raw.githubusercontent.com/Leanny/splat3/7280ff9cde8bb1c5dcef46c700c326471584d2e6/data/parameter/1130/weapon/WeaponSpinnerHyper.game__GameParameterTable.json
6,MachineGunGirl,trailRadiusMin,0.96451306,0.9645130423929776,1.288,source-explicit,SplashPaintParam.WidthHalf,https://raw.githubusercontent.com/Leanny/splat3/7280ff9cde8bb1c5dcef46c700c326471584d2e6/data/parameter/1130/weapon/WeaponSpinnerHyper.game__GameParameterTable.json
6,MachineGunGirl,trailSpacing,0.35,17.597869950492992,23.5,source-explicit,SplashSpawnParam.SpawnBetweenLength,https://raw.githubusercontent.com/Leanny/splat3/7280ff9cde8bb1c5dcef46c700c326471584d2e6/data/parameter/1130/weapon/WeaponSpinnerHyper.game__GameParameterTable.json
6,MachineGunGirl,wallDropGroundRadius,,0.44930731788492745,0.6,source-explicit,WallDropCollisionPaintParam.PaintRadiusGround,https://raw.githubusercontent.com/Leanny/splat3/7280ff9cde8bb1c5dcef46c700c326471584d2e6/data/parameter/1130/weapon/WeaponSpinnerHyper.game__GameParameterTable.json
6,MachineGunGirl,wallDropRadius,,0.48674959437533805,0.65,source-explicit,WallDropCollisionPaintParam.PaintRadiusFall,https://raw.githubusercontent.com/Leanny/splat3/7280ff9cde8bb1c5dcef46c700c326471584d2e6/data/parameter/1130/weapon/WeaponSpinnerHyper.game__GameParameterTable.json
6,MachineGunGirl,wallDropSeconds,,1.0,,project-adaptation,,https://raw.githubusercontent.com/Leanny/splat3/7280ff9cde8bb1c5dcef46c700c326471584d2e6/data/parameter/1130/weapon/WeaponSpinnerHyper.game__GameParameterTable.json
6,MachineGunGirl,wallDropSpeed,,2.6958439073095644,0.06,source-explicit,WallDropMoveParam.FallPeriodFirstTargetSpeed,https://raw.githubusercontent.com/Leanny/splat3/7280ff9cde8bb1c5dcef46c700c326471584d2e6/data/parameter/1130/weapon/WeaponSpinnerHyper.game__GameParameterTable.json
6,MachineGunGirl,wallGraceSeconds,0.1,0.1,,retained-project-value,,
6,MachineGunGirl,wallJumpSpeed,4,4,,retained-project-value,,
6,MachineGunGirl,wallProbeDistance,0.6,0.6,,retained-project-value,,
6,MachineGunGirl,wallSwimSpeed,4,4,,retained-project-value,,
6,MachineGunGirl,weaponConfigPath,Assets/GameResource/Weapons/MachineGunGirl/MachineGunGirlWeaponConfig.asset,Assets/GameResource/Weapons/MachineGunGirl/MachineGunGirlWeaponConfig.asset,,retained-project-value,,
6,MachineGunGirl,weaponPrefabAddress,Weapon/MachineGun,Weapon/MachineGun,,retained-project-value,,
6,MachineGunGirl,weaponTypeName,蓄力旋转机枪,蓄力旋转机枪,,retained-project-value,,
7,BubbleGirl,airSwimBraking,30,30,,retained-project-value,,
7,BubbleGirl,airSwimFallSpeed,1.5,1.5,,retained-project-value,,
7,BubbleGirl,airSwimGravity,4,4,,retained-project-value,,
7,BubbleGirl,airSwimSpeed,6,6,,retained-project-value,,
7,BubbleGirl,baseJumpSpreadDegrees,0,0,,retained-project-value,,
7,BubbleGirl,baseSpreadDegrees,0,0,,retained-project-value,,
7,BubbleGirl,brakeSeconds,0.13333333333333333,0.016666666666666666,1,source-explicit,Unit.MoveParam.BrakeToFreeStateFrame,https://raw.githubusercontent.com/Leanny/splat3/7280ff9cde8bb1c5dcef46c700c326471584d2e6/data/parameter/1130/weapon/WeaponSlosherBathtub.game__GameParameterTable.json
7,BubbleGirl,brakeSpeedMultiplier,1,1,,retained-project-value,,
7,BubbleGirl,bubbleAirSpeed,,22.9146732121313,0.51,source-explicit,Unit.SpawnSpeedAir,https://raw.githubusercontent.com/Leanny/splat3/7280ff9cde8bb1c5dcef46c700c326471584d2e6/data/parameter/1130/weapon/WeaponSlosherBathtub.game__GameParameterTable.json
7,BubbleGirl,bubbleBouncePaintDecrement,,0.03744227649041062,-0.05,source-explicit,BounceGroupParam.BounceParam.1.AfterOffsetPaintRadiusFirstBnce,https://raw.githubusercontent.com/Leanny/splat3/7280ff9cde8bb1c5dcef46c700c326471584d2e6/data/parameter/1130/weapon/WeaponSlosherBathtub.game__GameParameterTable.json
7,BubbleGirl,bubbleFieldGrowSeconds,,0.06666666666666667,4,source-explicit,Unit.CollisionParam.ChangeFrameForField,https://raw.githubusercontent.com/Leanny/splat3/7280ff9cde8bb1c5dcef46c700c326471584d2e6/data/parameter/1130/weapon/WeaponSlosherBathtub.game__GameParameterTable.json
7,BubbleGirl,bubbleFirstBouncePaintRadius,,1.2355951241835503,1.65,source-explicit,BounceGroupParam.BounceParam.0.PaintRadiusFirstBounce,https://raw.githubusercontent.com/Leanny/splat3/7280ff9cde8bb1c5dcef46c700c326471584d2e6/data/parameter/1130/weapon/WeaponSlosherBathtub.game__GameParameterTable.json
7,BubbleGirl,bubbleGroundBounces,3,3,,retained-project-value,,
7,BubbleGirl,bubbleInitialRadiusRate,,0.09999999999999999,0.075,source-explicit,Unit.CollisionParam.InitRadiusForField,https://raw.githubusercontent.com/Leanny/splat3/7280ff9cde8bb1c5dcef46c700c326471584d2e6/data/parameter/1130/weapon/WeaponSlosherBathtub.game__GameParameterTable.json
7,BubbleGirl,bubbleIntervalSeconds,0.05,0.08333333333333333,,project-adaptation,,https://raw.githubusercontent.com/Leanny/splat3/7280ff9cde8bb1c5dcef46c700c326471584d2e6/data/parameter/1130/weapon/WeaponSlosherBathtub.game__GameParameterTable.json
7,BubbleGirl,bubbleLaterAirSpeed,,22.46536589424637,0.5,source-explicit,Unit.SpawnSpeedAir,https://raw.githubusercontent.com/Leanny/splat3/7280ff9cde8bb1c5dcef46c700c326471584d2e6/data/parameter/1130/weapon/WeaponSlosherBathtub.game__GameParameterTable.json
7,BubbleGirl,bubbleLaterBouncePaintRadius,,0.9884760993468404,1.32,source-explicit,BounceGroupParam.BounceParam.1.PaintRadiusFirstBounce,https://raw.githubusercontent.com/Leanny/splat3/7280ff9cde8bb1c5dcef46c700c326471584d2e6/data/parameter/1130/weapon/WeaponSlosherBathtub.game__GameParameterTable.json
7,BubbleGirl,bubbleLaterFieldRadius,,0.3744227649041062,0.5,source-explicit,Unit.CollisionParam.EndRadiusForField,https://raw.githubusercontent.com/Leanny/splat3/7280ff9cde8bb1c5dcef46c700c326471584d2e6/data/parameter/1130/weapon/WeaponSlosherBathtub.game__GameParameterTable.json
7,BubbleGirl,bubbleLaterImpactRadius,,0.8911261804717727,1.19,source-explicit,Unit.PaintParam.WidthHalfNear,https://raw.githubusercontent.com/Leanny/splat3/7280ff9cde8bb1c5dcef46c700c326471584d2e6/data/parameter/1130/weapon/WeaponSlosherBathtub.game__GameParameterTable.json
7,BubbleGirl,bubbleLaterPlayerRadius,,0.42684195199068103,0.57,source-explicit,Unit.CollisionParam.EndRadiusForPlayer,https://raw.githubusercontent.com/Leanny/splat3/7280ff9cde8bb1c5dcef46c700c326471584d2e6/data/parameter/1130/weapon/WeaponSlosherBathtub.game__GameParameterTable.json
7,BubbleGirl,bubbleLaterSpeed,,23.813287847901154,0.53,source-explicit,Unit.SpawnSpeedGround,https://raw.githubusercontent.com/Leanny/splat3/7280ff9cde8bb1c5dcef46c700c326471584d2e6/data/parameter/1130/weapon/WeaponSlosherBathtub.game__GameParameterTable.json
7,BubbleGirl,bubbleMaxBounces,6,6,,retained-project-value,,
7,BubbleGirl,bubbleNormalRetention,0.72,0.72,,retained-project-value,,
7,BubbleGirl,bubblePlayerGrowSeconds,,0.08333333333333333,5,source-explicit,Unit.CollisionParam.ChangeFrameForPlayer,https://raw.githubusercontent.com/Leanny/splat3/7280ff9cde8bb1c5dcef46c700c326471584d2e6/data/parameter/1130/weapon/WeaponSlosherBathtub.game__GameParameterTable.json
7,BubbleGirl,bubbleRadiusDecrement,,0.022465365894246372,-0.03,source-explicit,Unit.CollisionParam.AfterOffsetEndRadiusForField,https://raw.githubusercontent.com/Leanny/splat3/7280ff9cde8bb1c5dcef46c700c326471584d2e6/data/parameter/1130/weapon/WeaponSlosherBathtub.game__GameParameterTable.json
7,BubbleGirl,bubbleSpeedDecrement,,0.44930731788492745,0.0,source-explicit,Unit.AfterOffsetSpawnSpeed,https://raw.githubusercontent.com/Leanny/splat3/7280ff9cde8bb1c5dcef46c700c326471584d2e6/data/parameter/1130/weapon/WeaponSlosherBathtub.game__GameParameterTable.json
7,BubbleGirl,bubbleTangentRetention,0.9,0.9,,retained-project-value,,
7,BubbleGirl,bubbleUpwardRate,,0.2,0.2,source-explicit,Unit.AddSpawnSpeedYRateByXZ,https://raw.githubusercontent.com/Leanny/splat3/7280ff9cde8bb1c5dcef46c700c326471584d2e6/data/parameter/1130/weapon/WeaponSlosherBathtub.game__GameParameterTable.json
7,BubbleGirl,bubbleVolleySeconds,0.55,0.5333333333333333,32,source-explicit,WeaponParam.RepeatFrame,https://raw.githubusercontent.com/Leanny/splat3/7280ff9cde8bb1c5dcef46c700c326471584d2e6/data/parameter/1130/weapon/WeaponSlosherBathtub.game__GameParameterTable.json
7,BubbleGirl,bubbleWallRetention,0.9,0.9,,retained-project-value,,
7,BubbleGirl,burstCount,4,4,,retained-project-value,,
7,BubbleGirl,burstRecoverySeconds,0,0,,retained-project-value,,
7,BubbleGirl,characterGravity,22,22,,retained-project-value,,
7,BubbleGirl,characterPrefabAddress,Character/BubbleGirl,Character/BubbleGirl,,retained-project-value,,
7,BubbleGirl,chargeMinDamage,0,0,,retained-project-value,,
7,BubbleGirl,chargeMinInk,0,0,,retained-project-value,,
7,BubbleGirl,chargeMinJumpSpread,0,0,,retained-project-value,,
7,BubbleGirl,chargeMinRange,0,0,,retained-project-value,,
7,BubbleGirl,chargeMinSpeed,0,0,,retained-project-value,,
7,BubbleGirl,chargeMinSpread,0,0,,retained-project-value,,
7,BubbleGirl,chargePartialMaxDamage,0,0,,retained-project-value,,
7,BubbleGirl,chargeSeconds,0,0,,retained-project-value,,
7,BubbleGirl,collisionRadius,0.18,0.5616341473561592,0.75,source-explicit,Unit.CollisionParam.EndRadiusForField,https://raw.githubusercontent.com/Leanny/splat3/7280ff9cde8bb1c5dcef46c700c326471584d2e6/data/parameter/1130/weapon/WeaponSlosherBathtub.game__GameParameterTable.json
7,BubbleGirl,damage,30,32,320,source-explicit,Unit.DamageParam.ValueMax,https://raw.githubusercontent.com/Leanny/splat3/7280ff9cde8bb1c5dcef46c700c326471584d2e6/data/parameter/1130/weapon/WeaponSlosherBathtub.game__GameParameterTable.json
7,BubbleGirl,damageMin,30,32,320,source-explicit,Unit.DamageParam.ValueMin,https://raw.githubusercontent.com/Leanny/splat3/7280ff9cde8bb1c5dcef46c700c326471584d2e6/data/parameter/1130/weapon/WeaponSlosherBathtub.game__GameParameterTable.json
7,BubbleGirl,damageReduceEndSeconds,0.3,0.3,,retained-project-value,,
7,BubbleGirl,damageReduceStartSeconds,0.06666666666666667,0.06666666666666667,,retained-project-value,,
7,BubbleGirl,displayName,沫澜,沫澜,,retained-project-value,,
7,BubbleGirl,effectiveRange,24,24,,retained-project-value,,
7,BubbleGirl,emergeStartSeconds,0.2,0.2,,retained-project-value,,
7,BubbleGirl,enemyInkDamageRate,20,20,,retained-project-value,,
7,BubbleGirl,enemyInkHealthFloor,60,60,,retained-project-value,,
7,BubbleGirl,enemyInkMultiplier,0.55,0.55,,retained-project-value,,
7,BubbleGirl,fireMode,5,5,,retained-project-value,,
7,BubbleGirl,fireRate,1.8181818,1.875,,project-adaptation,,https://raw.githubusercontent.com/Leanny/splat3/7280ff9cde8bb1c5dcef46c700c326471584d2e6/data/parameter/1130/weapon/WeaponSlosherBathtub.game__GameParameterTable.json
7,BubbleGirl,healthRecoverDelay,1,1,,retained-project-value,,
7,BubbleGirl,healthRecoverRate,30,30,,retained-project-value,,
7,BubbleGirl,id,7,7,,retained-project-value,,
7,BubbleGirl,inkRecoverLockSeconds,0.65,0.6666666666666666,40,source-explicit,WeaponParam.InkRecoverStop,https://raw.githubusercontent.com/Leanny/splat3/7280ff9cde8bb1c5dcef46c700c326471584d2e6/data/parameter/1130/weapon/WeaponSlosherBathtub.game__GameParameterTable.json
7,BubbleGirl,jumpSpeed,7,7,,retained-project-value,,
7,BubbleGirl,jumpSpreadDegrees,0,0,,retained-project-value,,
7,BubbleGirl,landingSpreadRecoverSeconds,0.2,0.2,,retained-project-value,,
7,BubbleGirl,lifetime,2.4,2.4,,retained-project-value,,
7,BubbleGirl,mantleSeconds,0.25,0.25,,retained-project-value,,
7,BubbleGirl,maxHealth,100,100,,retained-project-value,,
7,BubbleGirl,maxInk,100,100,,retained-project-value,,
7,BubbleGirl,motionMode,1,1,,retained-project-value,,
7,BubbleGirl,moveAcceleration,40,40,,retained-project-value,,
7,BubbleGirl,moveSpeed,5,4.31335,0.096,source-explicit,Common.1130,Tools/ValidationData/WeaponAudit/Common.1130.json
7,BubbleGirl,muzzleMode,0,0,,retained-project-value,,
7,BubbleGirl,name,BubbleGirl,BubbleGirl,,retained-project-value,,
7,BubbleGirl,neutralSwimSpeed,3,3,,retained-project-value,,
7,BubbleGirl,paintDepthBreakMax,,1.1,1.1,source-explicit,Unit.PaintParam.DepthScaleNear,https://raw.githubusercontent.com/Leanny/splat3/7280ff9cde8bb1c5dcef46c700c326471584d2e6/data/parameter/1130/weapon/WeaponSlosherBathtub.game__GameParameterTable.json
7,BubbleGirl,paintDepthBreakMin,,1.1,1.1,source-explicit,Unit.PaintParam.DepthScaleFar,https://raw.githubusercontent.com/Leanny/splat3/7280ff9cde8bb1c5dcef46c700c326471584d2e6/data/parameter/1130/weapon/WeaponSlosherBathtub.game__GameParameterTable.json
7,BubbleGirl,paintDepthMax,,1.1,1.1,source-explicit,Unit.PaintParam.DepthScaleNear,https://raw.githubusercontent.com/Leanny/splat3/7280ff9cde8bb1c5dcef46c700c326471584d2e6/data/parameter/1130/weapon/WeaponSlosherBathtub.game__GameParameterTable.json
7,BubbleGirl,paintDepthMin,,1.1,1.1,source-explicit,Unit.PaintParam.DepthScaleFar,https://raw.githubusercontent.com/Leanny/splat3/7280ff9cde8bb1c5dcef46c700c326471584d2e6/data/parameter/1130/weapon/WeaponSlosherBathtub.game__GameParameterTable.json
7,BubbleGirl,paintDistanceFar,,14.976910596164249,20.0,source-explicit,Unit.PaintParam.DistanceXZFar,https://raw.githubusercontent.com/Leanny/splat3/7280ff9cde8bb1c5dcef46c700c326471584d2e6/data/parameter/1130/weapon/WeaponSlosherBathtub.game__GameParameterTable.json
7,BubbleGirl,paintDistanceMiddle,,3.744227649041062,5.0,source-explicit,Unit.PaintParam.DistanceXZNear,https://raw.githubusercontent.com/Leanny/splat3/7280ff9cde8bb1c5dcef46c700c326471584d2e6/data/parameter/1130/weapon/WeaponSlosherBathtub.game__GameParameterTable.json
7,BubbleGirl,paintDropGravity,,43.13350251695304,,project-adaptation,,https://raw.githubusercontent.com/Leanny/splat3/7280ff9cde8bb1c5dcef46c700c326471584d2e6/data/parameter/1130/weapon/WeaponSlosherBathtub.game__GameParameterTable.json
7,BubbleGirl,paintDropLifetime,,5,,project-adaptation,,https://raw.githubusercontent.com/Leanny/splat3/7280ff9cde8bb1c5dcef46c700c326471584d2e6/data/parameter/1130/weapon/WeaponSlosherBathtub.game__GameParameterTable.json
7,BubbleGirl,paintHardness,0.55,0.55,,retained-project-value,,
7,BubbleGirl,paintRadiusMax,0.85,1.2355951241835503,1.65,source-explicit,Unit.PaintParam.WidthHalfNear,https://raw.githubusercontent.com/Leanny/splat3/7280ff9cde8bb1c5dcef46c700c326471584d2e6/data/parameter/1130/weapon/WeaponSlosherBathtub.game__GameParameterTable.json
7,BubbleGirl,paintRadiusMin,0.65,1.2355951241835503,1.65,source-explicit,Unit.PaintParam.WidthHalfFar,https://raw.githubusercontent.com/Leanny/splat3/7280ff9cde8bb1c5dcef46c700c326471584d2e6/data/parameter/1130/weapon/WeaponSlosherBathtub.game__GameParameterTable.json
7,BubbleGirl,paintStrength,1,1,,retained-project-value,,
7,BubbleGirl,pelletCount,1,1,,retained-project-value,,
7,BubbleGirl,portraitAddress,Portrait/BubbleGirl,Portrait/BubbleGirl,,retained-project-value,,
7,BubbleGirl,projectileGravity,18,40.43765860964347,0.015,source-explicit,Unit.MoveParam.FreeGravity,https://raw.githubusercontent.com/Leanny/splat3/7280ff9cde8bb1c5dcef46c700c326471584d2e6/data/parameter/1130/weapon/WeaponSlosherBathtub.game__GameParameterTable.json
7,BubbleGirl,recoverInk,10,10,,retained-project-value,,
7,BubbleGirl,referenceBrakeDrag,,0.01,0.01,source-explicit,Unit.MoveParam.BrakeAirResist,https://raw.githubusercontent.com/Leanny/splat3/7280ff9cde8bb1c5dcef46c700c326471584d2e6/data/parameter/1130/weapon/WeaponSlosherBathtub.game__GameParameterTable.json
7,BubbleGirl,referenceBrakeEndSpeed,,449.30731788492744,10.0,source-explicit,Unit.MoveParam.GoStraightStateEndMaxSpeed,https://raw.githubusercontent.com/Leanny/splat3/7280ff9cde8bb1c5dcef46c700c326471584d2e6/data/parameter/1130/weapon/WeaponSlosherBathtub.game__GameParameterTable.json
7,BubbleGirl,referenceBrakeGravity,,26.958439073095647,0.01,source-explicit,Unit.MoveParam.BrakeGravity,https://raw.githubusercontent.com/Leanny/splat3/7280ff9cde8bb1c5dcef46c700c326471584d2e6/data/parameter/1130/weapon/WeaponSlosherBathtub.game__GameParameterTable.json
7,BubbleGirl,referenceFootEvery,,1,,project-adaptation,,https://raw.githubusercontent.com/Leanny/splat3/7280ff9cde8bb1c5dcef46c700c326471584d2e6/data/parameter/1130/weapon/WeaponSlosherBathtub.game__GameParameterTable.json
7,BubbleGirl,referenceFootRadius,,1.6474601655780674,2.2,source-explicit,NearestParam.DrawSizeCollisionPaintParam.PaintWidthHalf,https://raw.githubusercontent.com/Leanny/splat3/7280ff9cde8bb1c5dcef46c700c326471584d2e6/data/parameter/1130/weapon/WeaponSlosherBathtub.game__GameParameterTable.json
7,BubbleGirl,referenceFreeDrag,,0.01,0.01,source-explicit,Unit.MoveParam.FreeAirResist,https://raw.githubusercontent.com/Leanny/splat3/7280ff9cde8bb1c5dcef46c700c326471584d2e6/data/parameter/1130/weapon/WeaponSlosherBathtub.game__GameParameterTable.json
7,BubbleGirl,referencePlayerRadius,,0.6365187003369805,0.85,source-explicit,Unit.CollisionParam.EndRadiusForPlayer,https://raw.githubusercontent.com/Leanny/splat3/7280ff9cde8bb1c5dcef46c700c326471584d2e6/data/parameter/1130/weapon/WeaponSlosherBathtub.game__GameParameterTable.json
7,BubbleGirl,referenceRules,,1,,project-adaptation,,https://raw.githubusercontent.com/Leanny/splat3/7280ff9cde8bb1c5dcef46c700c326471584d2e6/data/parameter/1130/weapon/WeaponSlosherBathtub.game__GameParameterTable.json
7,BubbleGirl,referenceTrailBudget,,5,5,source-explicit,Unit.SplashAndSplashWallHitSpawnPrm.Combination.0.TotalNum,https://raw.githubusercontent.com/Leanny/splat3/7280ff9cde8bb1c5dcef46c700c326471584d2e6/data/parameter/1130/weapon/WeaponSlosherBathtub.game__GameParameterTable.json
7,BubbleGirl,referenceTrailStart,,2.246536589424637,,project-adaptation,Unit.SplashParam.0.SpawnParam.SpawnBetweenLength,https://raw.githubusercontent.com/Leanny/splat3/7280ff9cde8bb1c5dcef46c700c326471584d2e6/data/parameter/1130/weapon/WeaponSlosherBathtub.game__GameParameterTable.json
7,BubbleGirl,semiBufferSeconds,0,0,,retained-project-value,,
7,BubbleGirl,shootMoveSpeed,2.8,2.246536589424637,0.05,source-explicit,WeaponParam.MoveSpeed,https://raw.githubusercontent.com/Leanny/splat3/7280ff9cde8bb1c5dcef46c700c326471584d2e6/data/parameter/1130/weapon/WeaponSlosherBathtub.game__GameParameterTable.json
7,BubbleGirl,shotInk,8,8,,retained-project-value,,
7,BubbleGirl,speedMax,14,24.25450763406415,0.53982,source-explicit,Unit.SpawnSpeedGround,https://raw.githubusercontent.com/Leanny/splat3/7280ff9cde8bb1c5dcef46c700c326471584d2e6/data/parameter/1130/weapon/WeaponSlosherBathtub.game__GameParameterTable.json
7,BubbleGirl,speedMin,14,24.25450763406415,0.53982,source-explicit,Unit.SpawnSpeedGround,https://raw.githubusercontent.com/Leanny/splat3/7280ff9cde8bb1c5dcef46c700c326471584d2e6/data/parameter/1130/weapon/WeaponSlosherBathtub.game__GameParameterTable.json
7,BubbleGirl,splatlingChargeJumpSpeed,0,0,,retained-project-value,,
7,BubbleGirl,splatlingChargeMoveSpeed,0,0,,retained-project-value,,
7,BubbleGirl,splatlingFirstChargeSeconds,0,0,,retained-project-value,,
7,BubbleGirl,splatlingFirstShootSeconds,0,0,,retained-project-value,,
7,BubbleGirl,splatlingFootEvery,0,0,,retained-project-value,,
7,BubbleGirl,splatlingFootRadius,0,0,,retained-project-value,,
7,BubbleGirl,splatlingFullShootSeconds,0,0,,retained-project-value,,
7,BubbleGirl,splatlingMinChargeSeconds,0,0,,retained-project-value,,
7,BubbleGirl,splatlingPitchSpread,0,0,,retained-project-value,,
7,BubbleGirl,splatlingPlayerRadius,0,0,,retained-project-value,,
7,BubbleGirl,splatlingPostSeconds,0,0,,retained-project-value,,
7,BubbleGirl,splatlingSlowChargeMultiplier,0,0,,retained-project-value,,
7,BubbleGirl,splatlingSpeedBias,0,0,,retained-project-value,,
7,BubbleGirl,splatlingSpreadBias,0,0,,retained-project-value,,
7,BubbleGirl,splatlingTrailCount,0,0,,retained-project-value,,
7,BubbleGirl,spreadDegrees,0,0,,retained-project-value,,
7,BubbleGirl,spreadExpandSeconds,0,0,,retained-project-value,,
7,BubbleGirl,spreadRecoverSeconds,0,0,,retained-project-value,,
7,BubbleGirl,startSeconds,0.1,0.1,,retained-project-value,,
7,BubbleGirl,straightSeconds,0,0.05,3,source-explicit,Unit.MoveParam.GoStraightToBrakeStateFrame,https://raw.githubusercontent.com/Leanny/splat3/7280ff9cde8bb1c5dcef46c700c326471584d2e6/data/parameter/1130/weapon/WeaponSlosherBathtub.game__GameParameterTable.json
7,BubbleGirl,swimAcceleration,50,50,,retained-project-value,,
7,BubbleGirl,swimHealthRecoverRate,60,60,,retained-project-value,,
7,BubbleGirl,swimRecoverInk,33.333332,33.333332,,retained-project-value,,
7,BubbleGirl,swimSpeed,8,8.6267,0.192,source-explicit,Common.1130,Tools/ValidationData/WeaponAudit/Common.1130.json
7,BubbleGirl,trailDepthScale,,1.84,,project-adaptation,Unit.SplashParam.0.DrawSizeCollisionPaintParam.PaintDepthScale,https://raw.githubusercontent.com/Leanny/splat3/7280ff9cde8bb1c5dcef46c700c326471584d2e6/data/parameter/1130/weapon/WeaponSlosherBathtub.game__GameParameterTable.json
7,BubbleGirl,trailMaxDrop,1,1,,retained-project-value,,
7,BubbleGirl,trailRadiusMax,0.3,1.2318508965345094,,project-adaptation,Unit.SplashParam.0.DrawSizeCollisionPaintParam.PaintWidthHalf,https://raw.githubusercontent.com/Leanny/splat3/7280ff9cde8bb1c5dcef46c700c326471584d2e6/data/parameter/1130/weapon/WeaponSlosherBathtub.game__GameParameterTable.json
7,BubbleGirl,trailRadiusMin,0.2,1.2318508965345094,,project-adaptation,Unit.SplashParam.0.DrawSizeCollisionPaintParam.PaintWidthHalf,https://raw.githubusercontent.com/Leanny/splat3/7280ff9cde8bb1c5dcef46c700c326471584d2e6/data/parameter/1130/weapon/WeaponSlosherBathtub.game__GameParameterTable.json
7,BubbleGirl,trailSpacing,0.6,2.246536589424637,,project-adaptation,Unit.SplashParam.0.SpawnParam.SpawnBetweenLength,https://raw.githubusercontent.com/Leanny/splat3/7280ff9cde8bb1c5dcef46c700c326471584d2e6/data/parameter/1130/weapon/WeaponSlosherBathtub.game__GameParameterTable.json
7,BubbleGirl,wallGraceSeconds,0.1,0.1,,retained-project-value,,
7,BubbleGirl,wallJumpSpeed,4,4,,retained-project-value,,
7,BubbleGirl,wallProbeDistance,0.6,0.6,,retained-project-value,,
7,BubbleGirl,wallSwimSpeed,4,4,,retained-project-value,,
7,BubbleGirl,weaponConfigPath,Assets/GameResource/Weapons/BubbleGirl/BubbleGirlWeaponConfig.asset,Assets/GameResource/Weapons/BubbleGirl/BubbleGirlWeaponConfig.asset,,retained-project-value,,
7,BubbleGirl,weaponPrefabAddress,Weapon/BubbleGun,Weapon/BubbleGun,,retained-project-value,,
7,BubbleGirl,weaponTypeName,满溢泡泡枪,满溢泡泡枪,,retained-project-value,,
